⚠ [3150/3194] Replayed ASGinzburg.RightModuleAbelian
warning: ASGinzburg/RightModuleAbelian.lean:38:4: Try this: 
  letI̵

The goal is a proposition, so `let` is preferred over `letI`.
The difference between `let` and `letI` is that `letI` inlines the value.
But this is not relevant for proofs because of proof irrelevance.

Note: This linter can be disabled with `set_option linter.style.haveILetI false`
warning: ASGinzburg/RightModuleAbelian.lean:47:4: Try this: 
  letI̵

The goal is a proposition, so `let` is preferred over `letI`.
The difference between `let` and `letI` is that `letI` inlines the value.
But this is not relevant for proofs because of proof irrelevance.

Note: This linter can be disabled with `set_option linter.style.haveILetI false`
warning: ASGinzburg/RightModuleAbelian.lean:67:4: Try this: 
  letI̵

The goal is a proposition, so `let` is preferred over `letI`.
The difference between `let` and `letI` is that `letI` inlines the value.
But this is not relevant for proofs because of proof irrelevance.

Note: This linter can be disabled with `set_option linter.style.haveILetI false`
warning: ASGinzburg/RightModuleAbelian.lean:77:4: Try this: 
  letI̵

The goal is a proposition, so `let` is preferred over `letI`.
The difference between `let` and `letI` is that `letI` inlines the value.
But this is not relevant for proofs because of proof irrelevance.

Note: This linter can be disabled with `set_option linter.style.haveILetI false`
warning: ASGinzburg/RightModuleAbelian.lean:89:4: Try this: 
  letI̵

The goal is a proposition, so `let` is preferred over `letI`.
The difference between `let` and `letI` is that `letI` inlines the value.
But this is not relevant for proofs because of proof irrelevance.

Note: This linter can be disabled with `set_option linter.style.haveILetI false`
warning: ASGinzburg/RightModuleAbelian.lean:97:4: Try this: 
  letI̵

The goal is a proposition, so `let` is preferred over `letI`.
The difference between `let` and `letI` is that `letI` inlines the value.
But this is not relevant for proofs because of proof irrelevance.

Note: This linter can be disabled with `set_option linter.style.haveILetI false`
warning: ASGinzburg/RightModuleAbelian.lean:123:2: Try this: 
  haveI̵

The goal is a proposition, so `have` is preferred over `haveI`.
The difference between `have` and `haveI` is that `haveI` inlines the value.
But this is not relevant for proofs because of proof irrelevance.

Note: This linter can be disabled with `set_option linter.style.haveILetI false`
⚠ [3204/3436] Replayed ASGinzburg.RightModuleHomology
warning: ASGinzburg/RightModuleHomology.lean:90:4: Try this: 
  letI̵

The goal is a proposition, so `let` is preferred over `letI`.
The difference between `let` and `letI` is that `letI` inlines the value.
But this is not relevant for proofs because of proof irrelevance.

Note: This linter can be disabled with `set_option linter.style.haveILetI false`
warning: ASGinzburg/RightModuleHomology.lean:94:4: Try this: 
  haveI̵

The goal is a proposition, so `have` is preferred over `haveI`.
The difference between `have` and `haveI` is that `haveI` inlines the value.
But this is not relevant for proofs because of proof irrelevance.

Note: This linter can be disabled with `set_option linter.style.haveILetI false`
warning: ASGinzburg/RightModuleHomology.lean:103:4: Try this: 
  letI̵

The goal is a proposition, so `let` is preferred over `letI`.
The difference between `let` and `letI` is that `letI` inlines the value.
But this is not relevant for proofs because of proof irrelevance.

Note: This linter can be disabled with `set_option linter.style.haveILetI false`
warning: ASGinzburg/RightModuleHomology.lean:107:4: Try this: 
  haveI̵

The goal is a proposition, so `have` is preferred over `haveI`.
The difference between `have` and `haveI` is that `haveI` inlines the value.
But this is not relevant for proofs because of proof irrelevance.

Note: This linter can be disabled with `set_option linter.style.haveILetI false`
⚠ [3207/3436] Replayed ASGinzburg.RightModuleEnoughProjectives
warning: ASGinzburg/RightModuleEnoughProjectives.lean:42:12: `CategoryTheory.Limits.Sigma.ι_desc` has been deprecated: Use `CategoryTheory.Limits.Sigma.ι_comp_desc` instead
⚠ [3338/3436] Replayed ASGinzburg.RightModuleExtLinear
warning: ASGinzburg/RightModuleExtLinear.lean:29:2: Try this: 
  letI̵

The goal is a proposition, so `let` is preferred over `letI`.
The difference between `let` and `letI` is that `letI` inlines the value.
But this is not relevant for proofs because of proof irrelevance.

Note: This linter can be disabled with `set_option linter.style.haveILetI false`
warning: ASGinzburg/RightModuleExtLinear.lean:30:2: Try this: 
  letI̵

The goal is a proposition, so `let` is preferred over `letI`.
The difference between `let` and `letI` is that `letI` inlines the value.
But this is not relevant for proofs because of proof irrelevance.

Note: This linter can be disabled with `set_option linter.style.haveILetI false`
warning: ASGinzburg/RightModuleExtLinear.lean:37:2: Try this: 
  letI̵

The goal is a proposition, so `let` is preferred over `letI`.
The difference between `let` and `letI` is that `letI` inlines the value.
But this is not relevant for proofs because of proof irrelevance.

Note: This linter can be disabled with `set_option linter.style.haveILetI false`
warning: ASGinzburg/RightModuleExtLinear.lean:38:2: Try this: 
  letI̵

The goal is a proposition, so `let` is preferred over `letI`.
The difference between `let` and `letI` is that `letI` inlines the value.
But this is not relevant for proofs because of proof irrelevance.

Note: This linter can be disabled with `set_option linter.style.haveILetI false`
warning: ASGinzburg/RightModuleExtLinear.lean:39:2: Try this: 
  letI̵

The goal is a proposition, so `let` is preferred over `letI`.
The difference between `let` and `letI` is that `letI` inlines the value.
But this is not relevant for proofs because of proof irrelevance.

Note: This linter can be disabled with `set_option linter.style.haveILetI false`
warning: ASGinzburg/RightModuleExtLinear.lean:75:2: Try this: 
  letI̵

The goal is a proposition, so `let` is preferred over `letI`.
The difference between `let` and `letI` is that `letI` inlines the value.
But this is not relevant for proofs because of proof irrelevance.

Note: This linter can be disabled with `set_option linter.style.haveILetI false`
warning: ASGinzburg/RightModuleExtLinear.lean:76:2: Try this: 
  letI̵

The goal is a proposition, so `let` is preferred over `letI`.
The difference between `let` and `letI` is that `letI` inlines the value.
But this is not relevant for proofs because of proof irrelevance.

Note: This linter can be disabled with `set_option linter.style.haveILetI false`
warning: ASGinzburg/RightModuleExtLinear.lean:77:2: Try this: 
  letI̵

The goal is a proposition, so `let` is preferred over `letI`.
The difference between `let` and `letI` is that `letI` inlines the value.
But this is not relevant for proofs because of proof irrelevance.

Note: This linter can be disabled with `set_option linter.style.haveILetI false`
warning: ASGinzburg/RightModuleExtLinear.lean:78:2: Try this: 
  letI̵

The goal is a proposition, so `let` is preferred over `letI`.
The difference between `let` and `letI` is that `letI` inlines the value.
But this is not relevant for proofs because of proof irrelevance.

Note: This linter can be disabled with `set_option linter.style.haveILetI false`
⚠ [3339/3436] Replayed ASGinzburg.RightModuleExtSequence
warning: ASGinzburg/RightModuleExtSequence.lean:19:2: Try this: 
  letI̵

The goal is a proposition, so `let` is preferred over `letI`.
The difference between `let` and `letI` is that `letI` inlines the value.
But this is not relevant for proofs because of proof irrelevance.

Note: This linter can be disabled with `set_option linter.style.haveILetI false`
warning: ASGinzburg/RightModuleExtSequence.lean:20:2: Try this: 
  letI̵

The goal is a proposition, so `let` is preferred over `letI`.
The difference between `let` and `letI` is that `letI` inlines the value.
But this is not relevant for proofs because of proof irrelevance.

Note: This linter can be disabled with `set_option linter.style.haveILetI false`
warning: ASGinzburg/RightModuleExtSequence.lean:21:2: Try this: 
  letI̵

The goal is a proposition, so `let` is preferred over `letI`.
The difference between `let` and `letI` is that `letI` inlines the value.
But this is not relevant for proofs because of proof irrelevance.

Note: This linter can be disabled with `set_option linter.style.haveILetI false`
warning: ASGinzburg/RightModuleExtSequence.lean:28:2: Try this: 
  letI̵

The goal is a proposition, so `let` is preferred over `letI`.
The difference between `let` and `letI` is that `letI` inlines the value.
But this is not relevant for proofs because of proof irrelevance.

Note: This linter can be disabled with `set_option linter.style.haveILetI false`
warning: ASGinzburg/RightModuleExtSequence.lean:29:2: Try this: 
  letI̵

The goal is a proposition, so `let` is preferred over `letI`.
The difference between `let` and `letI` is that `letI` inlines the value.
But this is not relevant for proofs because of proof irrelevance.

Note: This linter can be disabled with `set_option linter.style.haveILetI false`
warning: ASGinzburg/RightModuleExtSequence.lean:43:2: Try this: 
  letI̵

The goal is a proposition, so `let` is preferred over `letI`.
The difference between `let` and `letI` is that `letI` inlines the value.
But this is not relevant for proofs because of proof irrelevance.

Note: This linter can be disabled with `set_option linter.style.haveILetI false`
warning: ASGinzburg/RightModuleExtSequence.lean:44:2: Try this: 
  letI̵

The goal is a proposition, so `let` is preferred over `letI`.
The difference between `let` and `letI` is that `letI` inlines the value.
But this is not relevant for proofs because of proof irrelevance.

Note: This linter can be disabled with `set_option linter.style.haveILetI false`
warning: ASGinzburg/RightModuleExtSequence.lean:45:2: Try this: 
  letI̵

The goal is a proposition, so `let` is preferred over `letI`.
The difference between `let` and `letI` is that `letI` inlines the value.
But this is not relevant for proofs because of proof irrelevance.

Note: This linter can be disabled with `set_option linter.style.haveILetI false`
⚠ [3344/3436] Replayed ASGinzburg.RightSubmodules
warning: ASGinzburg/RightSubmodules.lean:45:4: Try this: 
  letI̵

The goal is a proposition, so `let` is preferred over `letI`.
The difference between `let` and `letI` is that `letI` inlines the value.
But this is not relevant for proofs because of proof irrelevance.

Note: This linter can be disabled with `set_option linter.style.haveILetI false`
warning: ASGinzburg/RightSubmodules.lean:55:4: Try this: 
  letI̵

The goal is a proposition, so `let` is preferred over `letI`.
The difference between `let` and `letI` is that `letI` inlines the value.
But this is not relevant for proofs because of proof irrelevance.

Note: This linter can be disabled with `set_option linter.style.haveILetI false`
⚠ [3349/3436] Replayed ASGinzburg.SimpleRightModules
warning: ASGinzburg/SimpleRightModules.lean:147:6: Try this: 
  letI̵

The goal is a proposition, so `let` is preferred over `letI`.
The difference between `let` and `letI` is that `letI` inlines the value.
But this is not relevant for proofs because of proof irrelevance.

Note: This linter can be disabled with `set_option linter.style.haveILetI false`
warning: ASGinzburg/SimpleRightModules.lean:154:6: Try this: 
  haveI̵

The goal is a proposition, so `have` is preferred over `haveI`.
The difference between `have` and `haveI` is that `haveI` inlines the value.
But this is not relevant for proofs because of proof irrelevance.

Note: This linter can be disabled with `set_option linter.style.haveILetI false`
warning: ASGinzburg/SimpleRightModules.lean:155:6: Try this: 
  haveI̵

The goal is a proposition, so `have` is preferred over `haveI`.
The difference between `have` and `haveI` is that `haveI` inlines the value.
But this is not relevant for proofs because of proof irrelevance.

Note: This linter can be disabled with `set_option linter.style.haveILetI false`
⚠ [3350/3436] Replayed ASGinzburg.RightModuleRadical
warning: ASGinzburg/RightModuleRadical.lean:23:4: Try this: 
  letI̵

The goal is a proposition, so `let` is preferred over `letI`.
The difference between `let` and `letI` is that `letI` inlines the value.
But this is not relevant for proofs because of proof irrelevance.

Note: This linter can be disabled with `set_option linter.style.haveILetI false`
⚠ [3352/3436] Replayed ASGinzburg.RightModuleSimpleHom
warning: ASGinzburg/RightModuleSimpleHom.lean:28:6: Try this: 
  haveI̵

The goal is a proposition, so `have` is preferred over `haveI`.
The difference between `have` and `haveI` is that `haveI` inlines the value.
But this is not relevant for proofs because of proof irrelevance.

Note: This linter can be disabled with `set_option linter.style.haveILetI false`
warning: ASGinzburg/RightModuleSimpleHom.lean:33:6: Try this: 
  haveI̵

The goal is a proposition, so `have` is preferred over `haveI`.
The difference between `have` and `haveI` is that `haveI` inlines the value.
But this is not relevant for proofs because of proof irrelevance.

Note: This linter can be disabled with `set_option linter.style.haveILetI false`
⚠ [3353/3436] Replayed ASGinzburg.ASResolution
warning: ASGinzburg/ASResolution.lean:67:15: `CategoryTheory.Limits.Sigma.ι_desc_assoc` has been deprecated: Use `CategoryTheory.Limits.Sigma.ι_comp_desc_assoc` instead
⚠ [3354/3436] Replayed ASGinzburg.RightModuleHomFinite
warning: ASGinzburg/RightModuleHomFinite.lean:59:2: Try this: 
  letI̵

The goal is a proposition, so `let` is preferred over `letI`.
The difference between `let` and `letI` is that `letI` inlines the value.
But this is not relevant for proofs because of proof irrelevance.

Note: This linter can be disabled with `set_option linter.style.haveILetI false`
warning: ASGinzburg/RightModuleHomFinite.lean:66:2: Try this: 
  letI̵

The goal is a proposition, so `let` is preferred over `letI`.
The difference between `let` and `letI` is that `letI` inlines the value.
But this is not relevant for proofs because of proof irrelevance.

Note: This linter can be disabled with `set_option linter.style.haveILetI false`
⚠ [3392/3436] Replayed ASGinzburg.HomologicalColimitClosure
warning: ASGinzburg/HomologicalColimitClosure.lean:29:13: `CategoryTheory.Limits.HasColimit.isoOfNatIso_ι_hom_assoc` has been deprecated: Use `CategoryTheory.Limits.HasColimit.ι_isoOfNatIso_hom_assoc` instead
warning: ASGinzburg/HomologicalColimitClosure.lean:46:4: Try this: 
  letI̵

The goal is a proposition, so `let` is preferred over `letI`.
The difference between `let` and `letI` is that `letI` inlines the value.
But this is not relevant for proofs because of proof irrelevance.

Note: This linter can be disabled with `set_option linter.style.haveILetI false`
warning: ASGinzburg/HomologicalColimitClosure.lean:36:0: Definition `ASGinzburg.limitPreservesColimitsOfExactShape` of class type is semireducible. Most type class instances should be instance-reducible, so consider marking this
definition with `@[instance_reducible]`. If it is intentionally semireducible, this warning can be disabled with `set_option warn.classDefReducibility false`.
warning: ASGinzburg/HomologicalColimitClosure.lean:36:0: Definition `limitPreservesColimitsOfExactShape` is a proposition; use `theorem` instead of `def`

Note: This linter can be disabled with `set_option linter.defProp false`
warning: ASGinzburg/HomologicalColimitClosure.lean:59:0: Definition `ASGinzburg.parallelPairDiagramPreservesColimits` of class type is semireducible. Most type class instances should be instance-reducible, so consider marking this
definition with `@[instance_reducible]`. If it is intentionally semireducible, this warning can be disabled with `set_option warn.classDefReducibility false`.
warning: ASGinzburg/HomologicalColimitClosure.lean:59:0: Definition `parallelPairDiagramPreservesColimits` is a proposition; use `theorem` instead of `def`

Note: This linter can be disabled with `set_option linter.defProp false`
warning: ASGinzburg/HomologicalColimitClosure.lean:71:2: Try this: 
  letI̵

The goal is a proposition, so `let` is preferred over `letI`.
The difference between `let` and `letI` is that `letI` inlines the value.
But this is not relevant for proofs because of proof irrelevance.

Note: This linter can be disabled with `set_option linter.style.haveILetI false`
warning: ASGinzburg/HomologicalColimitClosure.lean:72:2: Try this: 
  letI̵

The goal is a proposition, so `let` is preferred over `letI`.
The difference between `let` and `letI` is that `letI` inlines the value.
But this is not relevant for proofs because of proof irrelevance.

Note: This linter can be disabled with `set_option linter.style.haveILetI false`
warning: ASGinzburg/HomologicalColimitClosure.lean:69:0: Definition `ASGinzburg.kernelFunctorPreservesExactColimits` of class type is semireducible. Most type class instances should be instance-reducible, so consider marking this
definition with `@[instance_reducible]`. If it is intentionally semireducible, this warning can be disabled with `set_option warn.classDefReducibility false`.
warning: ASGinzburg/HomologicalColimitClosure.lean:69:0: Definition `kernelFunctorPreservesExactColimits` is a proposition; use `theorem` instead of `def`

Note: This linter can be disabled with `set_option linter.defProp false`
warning: ASGinzburg/HomologicalColimitClosure.lean:78:2: Try this: 
  letI̵

The goal is a proposition, so `let` is preferred over `letI`.
The difference between `let` and `letI` is that `letI` inlines the value.
But this is not relevant for proofs because of proof irrelevance.

Note: This linter can be disabled with `set_option linter.style.haveILetI false`
warning: ASGinzburg/HomologicalColimitClosure.lean:80:2: Try this: 
  letI̵

The goal is a proposition, so `let` is preferred over `letI`.
The difference between `let` and `letI` is that `letI` inlines the value.
But this is not relevant for proofs because of proof irrelevance.

Note: This linter can be disabled with `set_option linter.style.haveILetI false`
warning: ASGinzburg/HomologicalColimitClosure.lean:76:0: Definition `ASGinzburg.cokernelFunctorPreservesColimits` of class type is semireducible. Most type class instances should be instance-reducible, so consider marking this
definition with `@[instance_reducible]`. If it is intentionally semireducible, this warning can be disabled with `set_option warn.classDefReducibility false`.
warning: ASGinzburg/HomologicalColimitClosure.lean:76:0: Definition `cokernelFunctorPreservesColimits` is a proposition; use `theorem` instead of `def`

Note: This linter can be disabled with `set_option linter.defProp false`
warning: ASGinzburg/HomologicalColimitClosure.lean:88:0: Definition `ASGinzburg.moduleCatExactCoproducts` of class type is semireducible. Most type class instances should be instance-reducible, so consider marking this
definition with `@[instance_reducible]`. If it is intentionally semireducible, this warning can be disabled with `set_option warn.classDefReducibility false`.
warning: ASGinzburg/HomologicalColimitClosure.lean:88:0: Definition `moduleCatExactCoproducts` is a proposition; use `theorem` instead of `def`

Note: This linter can be disabled with `set_option linter.defProp false`
⚠ [3393/3436] Replayed ASGinzburg.RightModuleHomKernel
warning: ASGinzburg/RightModuleHomKernel.lean:85:2: Try this: 
  letI̵

The goal is a proposition, so `let` is preferred over `letI`.
The difference between `let` and `letI` is that `letI` inlines the value.
But this is not relevant for proofs because of proof irrelevance.

Note: This linter can be disabled with `set_option linter.style.haveILetI false`
warning: ASGinzburg/RightModuleHomKernel.lean:77:0: Definition `ASGinzburg.ZAlgebra.rightModuleHomPreservesExactColimits` of class type is semireducible. Most type class instances should be instance-reducible, so consider marking this
definition with `@[instance_reducible]`. If it is intentionally semireducible, this warning can be disabled with `set_option warn.classDefReducibility false`.
warning: ASGinzburg/RightModuleHomKernel.lean:77:0: Definition `rightModuleHomPreservesExactColimits` is a proposition; use `theorem` instead of `def`

Note: This linter can be disabled with `set_option linter.defProp false`
⚠ [3395/3436] Replayed ASGinzburg.FiniteCoproductHomColimits
warning: ASGinzburg/FiniteCoproductHomColimits.lean:73:2: Try this: 
  letI̵

The goal is a proposition, so `let` is preferred over `letI`.
The difference between `let` and `letI` is that `letI` inlines the value.
But this is not relevant for proofs because of proof irrelevance.

Note: This linter can be disabled with `set_option linter.style.haveILetI false`
⚠ [3396/3436] Replayed ASGinzburg.ASResolutionSyzygies
warning: ASGinzburg/ASResolutionSyzygies.lean:23:2: Try this: 
  haveI̵

The goal is a proposition, so `have` is preferred over `haveI`.
The difference between `have` and `haveI` is that `haveI` inlines the value.
But this is not relevant for proofs because of proof irrelevance.

Note: This linter can be disabled with `set_option linter.style.haveILetI false`
warning: ASGinzburg/ASResolutionSyzygies.lean:24:2: Try this: 
  haveI̵

The goal is a proposition, so `have` is preferred over `haveI`.
The difference between `have` and `haveI` is that `haveI` inlines the value.
But this is not relevant for proofs because of proof irrelevance.

Note: This linter can be disabled with `set_option linter.style.haveILetI false`
warning: ASGinzburg/ASResolutionSyzygies.lean:25:2: Try this: 
  haveI̵

The goal is a proposition, so `have` is preferred over `haveI`.
The difference between `have` and `haveI` is that `haveI` inlines the value.
But this is not relevant for proofs because of proof irrelevance.

Note: This linter can be disabled with `set_option linter.style.haveILetI false`
⚠ [3397/3436] Replayed ASGinzburg.ASResolutionExtBounds
warning: ASGinzburg/ASResolutionExtBounds.lean:34:2: Try this: 
  letI̵

The goal is a proposition, so `let` is preferred over `letI`.
The difference between `let` and `letI` is that `letI` inlines the value.
But this is not relevant for proofs because of proof irrelevance.

Note: This linter can be disabled with `set_option linter.style.haveILetI false`
⚠ [3398/3436] Replayed ASGinzburg.ASResolutionExtColimits
warning: ASGinzburg/ASResolutionExtColimits.lean:12:0: Definition `ASGinzburg.ZAlgebra.rightModuleExtZeroPreservesColimits` of class type is semireducible. Most type class instances should be instance-reducible, so consider marking this
definition with `@[instance_reducible]`. If it is intentionally semireducible, this warning can be disabled with `set_option warn.classDefReducibility false`.
warning: ASGinzburg/ASResolutionExtColimits.lean:12:0: Definition `rightModuleExtZeroPreservesColimits` is a proposition; use `theorem` instead of `def`

Note: This linter can be disabled with `set_option linter.defProp false`
warning: ASGinzburg/ASResolutionExtColimits.lean:24:2: Try this: 
  letI̵

The goal is a proposition, so `let` is preferred over `letI`.
The difference between `let` and `letI` is that `letI` inlines the value.
But this is not relevant for proofs because of proof irrelevance.

Note: This linter can be disabled with `set_option linter.style.haveILetI false`
warning: ASGinzburg/ASResolutionExtColimits.lean:18:0: Definition `ASGinzburg.ZAlgebra.rightModuleExtSuccPreservesColimits` of class type is semireducible. Most type class instances should be instance-reducible, so consider marking this
definition with `@[instance_reducible]`. If it is intentionally semireducible, this warning can be disabled with `set_option warn.classDefReducibility false`.
warning: ASGinzburg/ASResolutionExtColimits.lean:18:0: Definition `rightModuleExtSuccPreservesColimits` is a proposition; use `theorem` instead of `def`

Note: This linter can be disabled with `set_option linter.defProp false`
warning: ASGinzburg/ASResolutionExtColimits.lean:32:0: Definition `ASGinzburg.ZAlgebra.ASResolution.secondSyzygyHomPreservesColimits` of class type is semireducible. Most type class instances should be instance-reducible, so consider marking this
definition with `@[instance_reducible]`. If it is intentionally semireducible, this warning can be disabled with `set_option warn.classDefReducibility false`.
warning: ASGinzburg/ASResolutionExtColimits.lean:32:0: Definition `secondSyzygyHomPreservesColimits` is a proposition; use `theorem` instead of `def`

Note: This linter can be disabled with `set_option linter.defProp false`
warning: ASGinzburg/ASResolutionExtColimits.lean:40:2: Try this: 
  letI̵

The goal is a proposition, so `let` is preferred over `letI`.
The difference between `let` and `letI` is that `letI` inlines the value.
But this is not relevant for proofs because of proof irrelevance.

Note: This linter can be disabled with `set_option linter.style.haveILetI false`
warning: ASGinzburg/ASResolutionExtColimits.lean:37:0: Definition `ASGinzburg.ZAlgebra.ASResolution.firstSyzygyHomPreservesColimits` of class type is semireducible. Most type class instances should be instance-reducible, so consider marking this
definition with `@[instance_reducible]`. If it is intentionally semireducible, this warning can be disabled with `set_option warn.classDefReducibility false`.
warning: ASGinzburg/ASResolutionExtColimits.lean:37:0: Definition `firstSyzygyHomPreservesColimits` is a proposition; use `theorem` instead of `def`

Note: This linter can be disabled with `set_option linter.defProp false`
warning: ASGinzburg/ASResolutionExtColimits.lean:46:2: Try this: 
  letI̵

The goal is a proposition, so `let` is preferred over `letI`.
The difference between `let` and `letI` is that `letI` inlines the value.
But this is not relevant for proofs because of proof irrelevance.

Note: This linter can be disabled with `set_option linter.style.haveILetI false`
warning: ASGinzburg/ASResolutionExtColimits.lean:43:0: Definition `ASGinzburg.ZAlgebra.ASResolution.simpleHomPreservesColimits` of class type is semireducible. Most type class instances should be instance-reducible, so consider marking this
definition with `@[instance_reducible]`. If it is intentionally semireducible, this warning can be disabled with `set_option warn.classDefReducibility false`.
warning: ASGinzburg/ASResolutionExtColimits.lean:43:0: Definition `simpleHomPreservesColimits` is a proposition; use `theorem` instead of `def`

Note: This linter can be disabled with `set_option linter.defProp false`
warning: ASGinzburg/ASResolutionExtColimits.lean:52:2: Try this: 
  letI̵

The goal is a proposition, so `let` is preferred over `letI`.
The difference between `let` and `letI` is that `letI` inlines the value.
But this is not relevant for proofs because of proof irrelevance.

Note: This linter can be disabled with `set_option linter.style.haveILetI false`
warning: ASGinzburg/ASResolutionExtColimits.lean:50:0: Definition `ASGinzburg.ZAlgebra.ASResolution.secondSyzygyExtOnePreservesColimits` of class type is semireducible. Most type class instances should be instance-reducible, so consider marking this
definition with `@[instance_reducible]`. If it is intentionally semireducible, this warning can be disabled with `set_option warn.classDefReducibility false`.
warning: ASGinzburg/ASResolutionExtColimits.lean:50:0: Definition `secondSyzygyExtOnePreservesColimits` is a proposition; use `theorem` instead of `def`

Note: This linter can be disabled with `set_option linter.defProp false`
warning: ASGinzburg/ASResolutionExtColimits.lean:58:2: Try this: 
  letI̵

The goal is a proposition, so `let` is preferred over `letI`.
The difference between `let` and `letI` is that `letI` inlines the value.
But this is not relevant for proofs because of proof irrelevance.

Note: This linter can be disabled with `set_option linter.style.haveILetI false`
warning: ASGinzburg/ASResolutionExtColimits.lean:59:2: Try this: 
  letI̵

The goal is a proposition, so `let` is preferred over `letI`.
The difference between `let` and `letI` is that `letI` inlines the value.
But this is not relevant for proofs because of proof irrelevance.

Note: This linter can be disabled with `set_option linter.style.haveILetI false`
warning: ASGinzburg/ASResolutionExtColimits.lean:60:2: Try this: 
  letI̵

The goal is a proposition, so `let` is preferred over `letI`.
The difference between `let` and `letI` is that `letI` inlines the value.
But this is not relevant for proofs because of proof irrelevance.

Note: This linter can be disabled with `set_option linter.style.haveILetI false`
warning: ASGinzburg/ASResolutionExtColimits.lean:55:0: Definition `ASGinzburg.ZAlgebra.ASResolution.firstSyzygyExtOnePreservesColimits` of class type is semireducible. Most type class instances should be instance-reducible, so consider marking this
definition with `@[instance_reducible]`. If it is intentionally semireducible, this warning can be disabled with `set_option warn.classDefReducibility false`.
warning: ASGinzburg/ASResolutionExtColimits.lean:55:0: Definition `firstSyzygyExtOnePreservesColimits` is a proposition; use `theorem` instead of `def`

Note: This linter can be disabled with `set_option linter.defProp false`
warning: ASGinzburg/ASResolutionExtColimits.lean:66:2: Try this: 
  letI̵

The goal is a proposition, so `let` is preferred over `letI`.
The difference between `let` and `letI` is that `letI` inlines the value.
But this is not relevant for proofs because of proof irrelevance.

Note: This linter can be disabled with `set_option linter.style.haveILetI false`
warning: ASGinzburg/ASResolutionExtColimits.lean:67:2: Try this: 
  letI̵

The goal is a proposition, so `let` is preferred over `letI`.
The difference between `let` and `letI` is that `letI` inlines the value.
But this is not relevant for proofs because of proof irrelevance.

Note: This linter can be disabled with `set_option linter.style.haveILetI false`
warning: ASGinzburg/ASResolutionExtColimits.lean:63:0: Definition `ASGinzburg.ZAlgebra.ASResolution.simpleExtOnePreservesColimits` of class type is semireducible. Most type class instances should be instance-reducible, so consider marking this
definition with `@[instance_reducible]`. If it is intentionally semireducible, this warning can be disabled with `set_option warn.classDefReducibility false`.
warning: ASGinzburg/ASResolutionExtColimits.lean:63:0: Definition `simpleExtOnePreservesColimits` is a proposition; use `theorem` instead of `def`

Note: This linter can be disabled with `set_option linter.defProp false`
warning: ASGinzburg/ASResolutionExtColimits.lean:75:2: Try this: 
  letI̵

The goal is a proposition, so `let` is preferred over `letI`.
The difference between `let` and `letI` is that `letI` inlines the value.
But this is not relevant for proofs because of proof irrelevance.

Note: This linter can be disabled with `set_option linter.style.haveILetI false`
warning: ASGinzburg/ASResolutionExtColimits.lean:72:0: Definition `ASGinzburg.ZAlgebra.ASResolution.simpleExtTwoPreservesColimits` of class type is semireducible. Most type class instances should be instance-reducible, so consider marking this
definition with `@[instance_reducible]`. If it is intentionally semireducible, this warning can be disabled with `set_option warn.classDefReducibility false`.
warning: ASGinzburg/ASResolutionExtColimits.lean:72:0: Definition `simpleExtTwoPreservesColimits` is a proposition; use `theorem` instead of `def`

Note: This linter can be disabled with `set_option linter.defProp false`
warning: ASGinzburg/ASResolutionExtColimits.lean:82:2: Try this: 
  letI̵

The goal is a proposition, so `let` is preferred over `letI`.
The difference between `let` and `letI` is that `letI` inlines the value.
But this is not relevant for proofs because of proof irrelevance.

Note: This linter can be disabled with `set_option linter.style.haveILetI false`
warning: ASGinzburg/ASResolutionExtColimits.lean:83:2: Try this: 
  letI̵

The goal is a proposition, so `let` is preferred over `letI`.
The difference between `let` and `letI` is that `letI` inlines the value.
But this is not relevant for proofs because of proof irrelevance.

Note: This linter can be disabled with `set_option linter.style.haveILetI false`
warning: ASGinzburg/ASResolutionExtColimits.lean:79:0: Definition `ASGinzburg.ZAlgebra.ASResolution.simpleExtThreePreservesColimits` of class type is semireducible. Most type class instances should be instance-reducible, so consider marking this
definition with `@[instance_reducible]`. If it is intentionally semireducible, this warning can be disabled with `set_option warn.classDefReducibility false`.
warning: ASGinzburg/ASResolutionExtColimits.lean:79:0: Definition `simpleExtThreePreservesColimits` is a proposition; use `theorem` instead of `def`

Note: This linter can be disabled with `set_option linter.defProp false`
warning: ASGinzburg/ASResolutionExtColimits.lean:94:2: Try this: 
  letI̵

The goal is a proposition, so `let` is preferred over `letI`.
The difference between `let` and `letI` is that `letI` inlines the value.
But this is not relevant for proofs because of proof irrelevance.

Note: This linter can be disabled with `set_option linter.style.haveILetI false`
warning: ASGinzburg/ASResolutionExtColimits.lean:104:4: Try this: 
  letI̵

The goal is a proposition, so `let` is preferred over `letI`.
The difference between `let` and `letI` is that `letI` inlines the value.
But this is not relevant for proofs because of proof irrelevance.

Note: This linter can be disabled with `set_option linter.style.haveILetI false`
warning: ASGinzburg/ASResolutionExtColimits.lean:99:0: Definition `ASGinzburg.ZAlgebra.ASResolution.simpleExtPreservesExactColimits` of class type is semireducible. Most type class instances should be instance-reducible, so consider marking this
definition with `@[instance_reducible]`. If it is intentionally semireducible, this warning can be disabled with `set_option warn.classDefReducibility false`.
warning: ASGinzburg/ASResolutionExtColimits.lean:99:0: Definition `simpleExtPreservesExactColimits` is a proposition; use `theorem` instead of `def`

Note: This linter can be disabled with `set_option linter.defProp false`
warning: ASGinzburg/ASResolutionExtColimits.lean:121:2: Try this: 
  letI̵

The goal is a proposition, so `let` is preferred over `letI`.
The difference between `let` and `letI` is that `letI` inlines the value.
But this is not relevant for proofs because of proof irrelevance.

Note: This linter can be disabled with `set_option linter.style.haveILetI false`
warning: ASGinzburg/ASResolutionExtColimits.lean:117:0: Definition `ASGinzburg.ZAlgebra.ASResolution.simpleExtPreservesCoproducts` of class type is semireducible. Most type class instances should be instance-reducible, so consider marking this
definition with `@[instance_reducible]`. If it is intentionally semireducible, this warning can be disabled with `set_option warn.classDefReducibility false`.
warning: ASGinzburg/ASResolutionExtColimits.lean:117:0: Definition `simpleExtPreservesCoproducts` is a proposition; use `theorem` instead of `def`

Note: This linter can be disabled with `set_option linter.defProp false`
warning: ASGinzburg/ASResolutionExtColimits.lean:136:2: Try this: 
  letI̵

The goal is a proposition, so `let` is preferred over `letI`.
The difference between `let` and `letI` is that `letI` inlines the value.
But this is not relevant for proofs because of proof irrelevance.

Note: This linter can be disabled with `set_option linter.style.haveILetI false`
⚠ [3399/3436] Replayed ASGinzburg.LeftModuleAbelian
warning: ASGinzburg/LeftModuleAbelian.lean:37:4: Try this: 
  letI̵

The goal is a proposition, so `let` is preferred over `letI`.
The difference between `let` and `letI` is that `letI` inlines the value.
But this is not relevant for proofs because of proof irrelevance.

Note: This linter can be disabled with `set_option linter.style.haveILetI false`
warning: ASGinzburg/LeftModuleAbelian.lean:46:4: Try this: 
  letI̵

The goal is a proposition, so `let` is preferred over `letI`.
The difference between `let` and `letI` is that `letI` inlines the value.
But this is not relevant for proofs because of proof irrelevance.

Note: This linter can be disabled with `set_option linter.style.haveILetI false`
warning: ASGinzburg/LeftModuleAbelian.lean:66:4: Try this: 
  letI̵

The goal is a proposition, so `let` is preferred over `letI`.
The difference between `let` and `letI` is that `letI` inlines the value.
But this is not relevant for proofs because of proof irrelevance.

Note: This linter can be disabled with `set_option linter.style.haveILetI false`
warning: ASGinzburg/LeftModuleAbelian.lean:76:4: Try this: 
  letI̵

The goal is a proposition, so `let` is preferred over `letI`.
The difference between `let` and `letI` is that `letI` inlines the value.
But this is not relevant for proofs because of proof irrelevance.

Note: This linter can be disabled with `set_option linter.style.haveILetI false`
warning: ASGinzburg/LeftModuleAbelian.lean:88:4: Try this: 
  letI̵

The goal is a proposition, so `let` is preferred over `letI`.
The difference between `let` and `letI` is that `letI` inlines the value.
But this is not relevant for proofs because of proof irrelevance.

Note: This linter can be disabled with `set_option linter.style.haveILetI false`
warning: ASGinzburg/LeftModuleAbelian.lean:96:4: Try this: 
  letI̵

The goal is a proposition, so `let` is preferred over `letI`.
The difference between `let` and `letI` is that `letI` inlines the value.
But this is not relevant for proofs because of proof irrelevance.

Note: This linter can be disabled with `set_option linter.style.haveILetI false`
warning: ASGinzburg/LeftModuleAbelian.lean:122:2: Try this: 
  haveI̵

The goal is a proposition, so `have` is preferred over `haveI`.
The difference between `have` and `haveI` is that `haveI` inlines the value.
But this is not relevant for proofs because of proof irrelevance.

Note: This linter can be disabled with `set_option linter.style.haveILetI false`
⚠ [3400/3436] Replayed ASGinzburg.LeftModuleHomology
warning: ASGinzburg/LeftModuleHomology.lean:88:4: Try this: 
  letI̵

The goal is a proposition, so `let` is preferred over `letI`.
The difference between `let` and `letI` is that `letI` inlines the value.
But this is not relevant for proofs because of proof irrelevance.

Note: This linter can be disabled with `set_option linter.style.haveILetI false`
warning: ASGinzburg/LeftModuleHomology.lean:92:4: Try this: 
  haveI̵

The goal is a proposition, so `have` is preferred over `haveI`.
The difference between `have` and `haveI` is that `haveI` inlines the value.
But this is not relevant for proofs because of proof irrelevance.

Note: This linter can be disabled with `set_option linter.style.haveILetI false`
warning: ASGinzburg/LeftModuleHomology.lean:101:4: Try this: 
  letI̵

The goal is a proposition, so `let` is preferred over `letI`.
The difference between `let` and `letI` is that `letI` inlines the value.
But this is not relevant for proofs because of proof irrelevance.

Note: This linter can be disabled with `set_option linter.style.haveILetI false`
warning: ASGinzburg/LeftModuleHomology.lean:105:4: Try this: 
  haveI̵

The goal is a proposition, so `have` is preferred over `haveI`.
The difference between `have` and `haveI` is that `haveI` inlines the value.
But this is not relevant for proofs because of proof irrelevance.

Note: This linter can be disabled with `set_option linter.style.haveILetI false`
⚠ [3401/3436] Replayed ASGinzburg.LeftSubmodules
warning: ASGinzburg/LeftSubmodules.lean:45:4: Try this: 
  letI̵

The goal is a proposition, so `let` is preferred over `letI`.
The difference between `let` and `letI` is that `letI` inlines the value.
But this is not relevant for proofs because of proof irrelevance.

Note: This linter can be disabled with `set_option linter.style.haveILetI false`
warning: ASGinzburg/LeftSubmodules.lean:55:4: Try this: 
  letI̵

The goal is a proposition, so `let` is preferred over `letI`.
The difference between `let` and `letI` is that `letI` inlines the value.
But this is not relevant for proofs because of proof irrelevance.

Note: This linter can be disabled with `set_option linter.style.haveILetI false`
⚠ [3402/3436] Replayed ASGinzburg.SimpleLeftModules
warning: ASGinzburg/SimpleLeftModules.lean:134:6: Try this: 
  letI̵

The goal is a proposition, so `let` is preferred over `letI`.
The difference between `let` and `letI` is that `letI` inlines the value.
But this is not relevant for proofs because of proof irrelevance.

Note: This linter can be disabled with `set_option linter.style.haveILetI false`
warning: ASGinzburg/SimpleLeftModules.lean:141:6: Try this: 
  haveI̵

The goal is a proposition, so `have` is preferred over `haveI`.
The difference between `have` and `haveI` is that `haveI` inlines the value.
But this is not relevant for proofs because of proof irrelevance.

Note: This linter can be disabled with `set_option linter.style.haveILetI false`
warning: ASGinzburg/SimpleLeftModules.lean:142:6: Try this: 
  haveI̵

The goal is a proposition, so `have` is preferred over `haveI`.
The difference between `have` and `haveI` is that `haveI` inlines the value.
But this is not relevant for proofs because of proof irrelevance.

Note: This linter can be disabled with `set_option linter.style.haveILetI false`
⚠ [3404/3436] Replayed ASGinzburg.ASResolutionComplex
warning: ASGinzburg/ASResolutionComplex.lean:58:4: Try this: 
  letI̵

The goal is a proposition, so `let` is preferred over `letI`.
The difference between `let` and `letI` is that `letI` inlines the value.
But this is not relevant for proofs because of proof irrelevance.

Note: This linter can be disabled with `set_option linter.style.haveILetI false`
⚠ [3405/3436] Replayed ASGinzburg.ASRegular
warning: ASGinzburg/ASRegular.lean:69:2: Try this: 
  letI̵

The goal is a proposition, so `let` is preferred over `letI`.
The difference between `let` and `letI` is that `letI` inlines the value.
But this is not relevant for proofs because of proof irrelevance.

Note: This linter can be disabled with `set_option linter.style.haveILetI false`
warning: ASGinzburg/ASRegular.lean:81:4: Try this: 
  letI̵

The goal is a proposition, so `let` is preferred over `letI`.
The difference between `let` and `letI` is that `letI` inlines the value.
But this is not relevant for proofs because of proof irrelevance.

Note: This linter can be disabled with `set_option linter.style.haveILetI false`
warning: ASGinzburg/ASRegular.lean:85:4: Try this: 
  letI̵

The goal is a proposition, so `let` is preferred over `letI`.
The difference between `let` and `letI` is that `letI` inlines the value.
But this is not relevant for proofs because of proof irrelevance.

Note: This linter can be disabled with `set_option linter.style.haveILetI false`
⚠ [3406/3436] Replayed ASGinzburg.ASDualityExt
warning: ASGinzburg/ASDualityExt.lean:44:2: Try this: 
  letI̵

The goal is a proposition, so `let` is preferred over `letI`.
The difference between `let` and `letI` is that `letI` inlines the value.
But this is not relevant for proofs because of proof irrelevance.

Note: This linter can be disabled with `set_option linter.style.haveILetI false`
⚠ [3410/3436] Replayed ASGinzburg.ASDualityDimension
warning: ASGinzburg/ASDualityDimension.lean:26:2: Try this: 
  letI̵

The goal is a proposition, so `let` is preferred over `letI`.
The difference between `let` and `letI` is that `letI` inlines the value.
But this is not relevant for proofs because of proof irrelevance.

Note: This linter can be disabled with `set_option linter.style.haveILetI false`
warning: ASGinzburg/ASDualityDimension.lean:85:4: Try this: 
  letI̵

The goal is a proposition, so `let` is preferred over `letI`.
The difference between `let` and `letI` is that `letI` inlines the value.
But this is not relevant for proofs because of proof irrelevance.

Note: This linter can be disabled with `set_option linter.style.haveILetI false`
warning: ASGinzburg/ASDualityDimension.lean:113:8: `if_neg` has been deprecated: Use `ite_eq_right` instead
⚠ [3411/3436] Replayed ASGinzburg.ASResolutionExtFinite
warning: ASGinzburg/ASResolutionExtFinite.lean:24:2: Try this: 
  letI̵

The goal is a proposition, so `let` is preferred over `letI`.
The difference between `let` and `letI` is that `letI` inlines the value.
But this is not relevant for proofs because of proof irrelevance.

Note: This linter can be disabled with `set_option linter.style.haveILetI false`
warning: ASGinzburg/ASResolutionExtFinite.lean:38:2: Try this: 
  letI̵

The goal is a proposition, so `let` is preferred over `letI`.
The difference between `let` and `letI` is that `letI` inlines the value.
But this is not relevant for proofs because of proof irrelevance.

Note: This linter can be disabled with `set_option linter.style.haveILetI false`
warning: ASGinzburg/ASResolutionExtFinite.lean:39:2: Try this: 
  letI̵

The goal is a proposition, so `let` is preferred over `letI`.
The difference between `let` and `letI` is that `letI` inlines the value.
But this is not relevant for proofs because of proof irrelevance.

Note: This linter can be disabled with `set_option linter.style.haveILetI false`
warning: ASGinzburg/ASResolutionExtFinite.lean:40:2: Try this: 
  letI̵

The goal is a proposition, so `let` is preferred over `letI`.
The difference between `let` and `letI` is that `letI` inlines the value.
But this is not relevant for proofs because of proof irrelevance.

Note: This linter can be disabled with `set_option linter.style.haveILetI false`
warning: ASGinzburg/ASResolutionExtFinite.lean:41:2: Try this: 
  letI̵

The goal is a proposition, so `let` is preferred over `letI`.
The difference between `let` and `letI` is that `letI` inlines the value.
But this is not relevant for proofs because of proof irrelevance.

Note: This linter can be disabled with `set_option linter.style.haveILetI false`
warning: ASGinzburg/ASResolutionExtFinite.lean:42:2: Try this: 
  letI̵

The goal is a proposition, so `let` is preferred over `letI`.
The difference between `let` and `letI` is that `letI` inlines the value.
But this is not relevant for proofs because of proof irrelevance.

Note: This linter can be disabled with `set_option linter.style.haveILetI false`
warning: ASGinzburg/ASResolutionExtFinite.lean:43:2: Try this: 
  letI̵

The goal is a proposition, so `let` is preferred over `letI`.
The difference between `let` and `letI` is that `letI` inlines the value.
But this is not relevant for proofs because of proof irrelevance.

Note: This linter can be disabled with `set_option linter.style.haveILetI false`
warning: ASGinzburg/ASResolutionExtFinite.lean:45:4: Try this: 
  letI̵

The goal is a proposition, so `let` is preferred over `letI`.
The difference between `let` and `letI` is that `letI` inlines the value.
But this is not relevant for proofs because of proof irrelevance.

Note: This linter can be disabled with `set_option linter.style.haveILetI false`
warning: ASGinzburg/ASResolutionExtFinite.lean:49:4: Try this: 
  letI̵

The goal is a proposition, so `let` is preferred over `letI`.
The difference between `let` and `letI` is that `letI` inlines the value.
But this is not relevant for proofs because of proof irrelevance.

Note: This linter can be disabled with `set_option linter.style.haveILetI false`
warning: ASGinzburg/ASResolutionExtFinite.lean:55:4: Try this: 
  letI̵

The goal is a proposition, so `let` is preferred over `letI`.
The difference between `let` and `letI` is that `letI` inlines the value.
But this is not relevant for proofs because of proof irrelevance.

Note: This linter can be disabled with `set_option linter.style.haveILetI false`
warning: ASGinzburg/ASResolutionExtFinite.lean:60:4: Try this: 
  letI̵

The goal is a proposition, so `let` is preferred over `letI`.
The difference between `let` and `letI` is that `letI` inlines the value.
But this is not relevant for proofs because of proof irrelevance.

Note: This linter can be disabled with `set_option linter.style.haveILetI false`
⚠ [3412/3436] Replayed ASGinzburg.ASDualityEquivalence
warning: ASGinzburg/ASDualityEquivalence.lean:22:2: Try this: 
  letI̵

The goal is a proposition, so `let` is preferred over `letI`.
The difference between `let` and `letI` is that `letI` inlines the value.
But this is not relevant for proofs because of proof irrelevance.

Note: This linter can be disabled with `set_option linter.style.haveILetI false`
warning: ASGinzburg/ASDualityEquivalence.lean:24:2: Try this: 
  letI̵

The goal is a proposition, so `let` is preferred over `letI`.
The difference between `let` and `letI` is that `letI` inlines the value.
But this is not relevant for proofs because of proof irrelevance.

Note: This linter can be disabled with `set_option linter.style.haveILetI false`
warning: ASGinzburg/ASDualityEquivalence.lean:35:2: Try this: 
  letI̵

The goal is a proposition, so `let` is preferred over `letI`.
The difference between `let` and `letI` is that `letI` inlines the value.
But this is not relevant for proofs because of proof irrelevance.

Note: This linter can be disabled with `set_option linter.style.haveILetI false`
warning: ASGinzburg/ASDualityEquivalence.lean:60:4: Try this: 
  letI̵

The goal is a proposition, so `let` is preferred over `letI`.
The difference between `let` and `letI` is that `letI` inlines the value.
But this is not relevant for proofs because of proof irrelevance.

Note: This linter can be disabled with `set_option linter.style.haveILetI false`
warning: ASGinzburg/ASDualityEquivalence.lean:68:14: `if_neg` has been deprecated: Use `ite_eq_right` instead
warning: ASGinzburg/ASDualityEquivalence.lean:72:14: `if_neg` has been deprecated: Use `ite_eq_right` instead
⚠ [3413/3436] Replayed ASGinzburg.ASDualityLeftComponents
warning: ASGinzburg/ASDualityLeftComponents.lean:46:8: Try this: 
  letI̵

The goal is a proposition, so `let` is preferred over `letI`.
The difference between `let` and `letI` is that `letI` inlines the value.
But this is not relevant for proofs because of proof irrelevance.

Note: This linter can be disabled with `set_option linter.style.haveILetI false`
warning: ASGinzburg/ASDualityLeftComponents.lean:47:8: Try this: 
  letI̵

The goal is a proposition, so `let` is preferred over `letI`.
The difference between `let` and `letI` is that `letI` inlines the value.
But this is not relevant for proofs because of proof irrelevance.

Note: This linter can be disabled with `set_option linter.style.haveILetI false`
⚠ [3414/3436] Replayed ASGinzburg.ASDualityRegularCoproduct
warning: ASGinzburg/ASDualityRegularCoproduct.lean:66:2: Try this: 
  letI̵

The goal is a proposition, so `let` is preferred over `letI`.
The difference between `let` and `letI` is that `letI` inlines the value.
But this is not relevant for proofs because of proof irrelevance.

Note: This linter can be disabled with `set_option linter.style.haveILetI false`
warning: ASGinzburg/ASDualityRegularCoproduct.lean:74:4: Try this: 
  letI̵

The goal is a proposition, so `let` is preferred over `letI`.
The difference between `let` and `letI` is that `letI` inlines the value.
But this is not relevant for proofs because of proof irrelevance.

Note: This linter can be disabled with `set_option linter.style.haveILetI false`
warning: ASGinzburg/ASDualityRegularCoproduct.lean:116:4: Try this: 
  letI̵

The goal is a proposition, so `let` is preferred over `letI`.
The difference between `let` and `letI` is that `letI` inlines the value.
But this is not relevant for proofs because of proof irrelevance.

Note: This linter can be disabled with `set_option linter.style.haveILetI false`
warning: ASGinzburg/ASDualityRegularCoproduct.lean:128:4: Try this: 
  letI̵

The goal is a proposition, so `let` is preferred over `letI`.
The difference between `let` and `letI` is that `letI` inlines the value.
But this is not relevant for proofs because of proof irrelevance.

Note: This linter can be disabled with `set_option linter.style.haveILetI false`
warning: ASGinzburg/ASDualityRegularCoproduct.lean:132:15: `if_neg` has been deprecated: Use `ite_eq_right` instead
⚠ [3416/3942] Replayed ASGinzburg.TotalModuleSpaces
warning: ASGinzburg/TotalModuleSpaces.lean:22:4: Try this: 
  letI̵

The goal is a proposition, so `let` is preferred over `letI`.
The difference between `let` and `letI` is that `letI` inlines the value.
But this is not relevant for proofs because of proof irrelevance.

Note: This linter can be disabled with `set_option linter.style.haveILetI false`
warning: ASGinzburg/TotalModuleSpaces.lean:23:4: Try this: 
  letI̵

The goal is a proposition, so `let` is preferred over `letI`.
The difference between `let` and `letI` is that `letI` inlines the value.
But this is not relevant for proofs because of proof irrelevance.

Note: This linter can be disabled with `set_option linter.style.haveILetI false`
warning: ASGinzburg/TotalModuleSpaces.lean:9:0: Definition `ASGinzburg.discreteColimitFaithful` of class type is semireducible. Most type class instances should be instance-reducible, so consider marking this
definition with `@[instance_reducible]`. If it is intentionally semireducible, this warning can be disabled with `set_option warn.classDefReducibility false`.
warning: ASGinzburg/TotalModuleSpaces.lean:9:0: Definition `discreteColimitFaithful` is a proposition; use `theorem` instead of `def`

Note: This linter can be disabled with `set_option linter.defProp false`
warning: ASGinzburg/TotalModuleSpaces.lean:68:2: Try this: 
  letI̵

The goal is a proposition, so `let` is preferred over `letI`.
The difference between `let` and `letI` is that `letI` inlines the value.
But this is not relevant for proofs because of proof irrelevance.

Note: This linter can be disabled with `set_option linter.style.haveILetI false`
warning: ASGinzburg/TotalModuleSpaces.lean:73:2: Try this: 
  letI̵

The goal is a proposition, so `let` is preferred over `letI`.
The difference between `let` and `letI` is that `letI` inlines the value.
But this is not relevant for proofs because of proof irrelevance.

Note: This linter can be disabled with `set_option linter.style.haveILetI false`
warning: ASGinzburg/TotalModuleSpaces.lean:79:2: Try this: 
  letI̵

The goal is a proposition, so `let` is preferred over `letI`.
The difference between `let` and `letI` is that `letI` inlines the value.
But this is not relevant for proofs because of proof irrelevance.

Note: This linter can be disabled with `set_option linter.style.haveILetI false`
warning: ASGinzburg/TotalModuleSpaces.lean:85:2: Try this: 
  letI̵

The goal is a proposition, so `let` is preferred over `letI`.
The difference between `let` and `letI` is that `letI` inlines the value.
But this is not relevant for proofs because of proof irrelevance.

Note: This linter can be disabled with `set_option linter.style.haveILetI false`
warning: ASGinzburg/TotalModuleSpaces.lean:92:2: Try this: 
  letI̵

The goal is a proposition, so `let` is preferred over `letI`.
The difference between `let` and `letI` is that `letI` inlines the value.
But this is not relevant for proofs because of proof irrelevance.

Note: This linter can be disabled with `set_option linter.style.haveILetI false`
warning: ASGinzburg/TotalModuleSpaces.lean:100:2: Try this: 
  letI̵

The goal is a proposition, so `let` is preferred over `letI`.
The difference between `let` and `letI` is that `letI` inlines the value.
But this is not relevant for proofs because of proof irrelevance.

Note: This linter can be disabled with `set_option linter.style.haveILetI false`
⚠ [3417/3942] Replayed ASGinzburg.RegularCoproductActions
warning: ASGinzburg/RegularCoproductActions.lean:172:2: Try this: 
  letI̵

The goal is a proposition, so `let` is preferred over `letI`.
The difference between `let` and `letI` is that `letI` inlines the value.
But this is not relevant for proofs because of proof irrelevance.

Note: This linter can be disabled with `set_option linter.style.haveILetI false`
warning: ASGinzburg/RegularCoproductActions.lean:219:2: Try this: 
  letI̵

The goal is a proposition, so `let` is preferred over `letI`.
The difference between `let` and `letI` is that `letI` inlines the value.
But this is not relevant for proofs because of proof irrelevance.

Note: This linter can be disabled with `set_option linter.style.haveILetI false`
⚠ [3418/3942] Replayed ASGinzburg.TotalModuleLocalUnits
warning: ASGinzburg/TotalModuleLocalUnits.lean:28:35: `DFinsupp.finset_sum_apply` has been deprecated: Use `DFinsupp.finsetSum_apply` instead
warning: ASGinzburg/TotalModuleLocalUnits.lean:30:8: `if_pos` has been deprecated: Use `ite_eq_left` instead
warning: ASGinzburg/TotalModuleLocalUnits.lean:35:8: `if_neg` has been deprecated: Use `ite_eq_right` instead
⚠ [3422/3942] Replayed ASGinzburg.TotalComponentActions
warning: ASGinzburg/TotalComponentActions.lean:15:2: Try this: 
  letI̵

The goal is a proposition, so `let` is preferred over `letI`.
The difference between `let` and `letI` is that `letI` inlines the value.
But this is not relevant for proofs because of proof irrelevance.

Note: This linter can be disabled with `set_option linter.style.haveILetI false`
warning: ASGinzburg/TotalComponentActions.lean:26:2: Try this: 
  letI̵

The goal is a proposition, so `let` is preferred over `letI`.
The difference between `let` and `letI` is that `letI` inlines the value.
But this is not relevant for proofs because of proof irrelevance.

Note: This linter can be disabled with `set_option linter.style.haveILetI false`
warning: ASGinzburg/TotalComponentActions.lean:70:2: Try this: 
  letI̵

The goal is a proposition, so `let` is preferred over `letI`.
The difference between `let` and `letI` is that `letI` inlines the value.
But this is not relevant for proofs because of proof irrelevance.

Note: This linter can be disabled with `set_option linter.style.haveILetI false`
warning: ASGinzburg/TotalComponentActions.lean:81:2: Try this: 
  letI̵

The goal is a proposition, so `let` is preferred over `letI`.
The difference between `let` and `letI` is that `letI` inlines the value.
But this is not relevant for proofs because of proof irrelevance.

Note: This linter can be disabled with `set_option linter.style.haveILetI false`
⚠ [3425/3942] Replayed ASGinzburg.LocallyUnitalModules
warning: ASGinzburg/LocallyUnitalModules.lean:36:0: Definition `ASGinzburg.ZAlgebra.leftTotalUnitizationModule` of class type is semireducible. Most type class instances should be instance-reducible, so consider marking this
definition with `@[instance_reducible]`. If it is intentionally semireducible, this warning can be disabled with `set_option warn.classDefReducibility false`.
warning: ASGinzburg/LocallyUnitalModules.lean:40:0: Definition `ASGinzburg.ZAlgebra.rightTotalUnitizationModule` of class type is semireducible. Most type class instances should be instance-reducible, so consider marking this
definition with `@[instance_reducible]`. If it is intentionally semireducible, this warning can be disabled with `set_option warn.classDefReducibility false`.
⚠ [3431/3942] Replayed ASGinzburg.UnitizationComponentSums
warning: ASGinzburg/UnitizationComponentSums.lean:63:17: `dif_neg` has been deprecated: Use `dite_eq_right` instead
warning: ASGinzburg/UnitizationComponentSums.lean:84:17: `dif_neg` has been deprecated: Use `dite_eq_right` instead
⚠ [3433/3942] Replayed ASGinzburg.LeftModuleEnoughProjectives
warning: ASGinzburg/LeftModuleEnoughProjectives.lean:42:12: `CategoryTheory.Limits.Sigma.ι_desc` has been deprecated: Use `CategoryTheory.Limits.Sigma.ι_comp_desc` instead
⚠ [3435/3942] Replayed ASGinzburg.LocallyUnitalAbelian
warning: ASGinzburg/LocallyUnitalAbelian.lean:65:4: Try this: 
  letI̵

The goal is a proposition, so `let` is preferred over `letI`.
The difference between `let` and `letI` is that `letI` inlines the value.
But this is not relevant for proofs because of proof irrelevance.

Note: This linter can be disabled with `set_option linter.style.haveILetI false`
warning: ASGinzburg/LocallyUnitalAbelian.lean:80:4: Try this: 
  letI̵

The goal is a proposition, so `let` is preferred over `letI`.
The difference between `let` and `letI` is that `letI` inlines the value.
But this is not relevant for proofs because of proof irrelevance.

Note: This linter can be disabled with `set_option linter.style.haveILetI false`
warning: ASGinzburg/LocallyUnitalAbelian.lean:124:4: Try this: 
  letI̵

The goal is a proposition, so `let` is preferred over `letI`.
The difference between `let` and `letI` is that `letI` inlines the value.
But this is not relevant for proofs because of proof irrelevance.

Note: This linter can be disabled with `set_option linter.style.haveILetI false`
warning: ASGinzburg/LocallyUnitalAbelian.lean:129:4: Try this: 
  letI̵

The goal is a proposition, so `let` is preferred over `letI`.
The difference between `let` and `letI` is that `letI` inlines the value.
But this is not relevant for proofs because of proof irrelevance.

Note: This linter can be disabled with `set_option linter.style.haveILetI false`
⚠ [3437/3942] Replayed ASGinzburg.ExactEquivalenceExt
warning: ASGinzburg/ExactEquivalenceExt.lean:22:2: Try this: 
  haveI̵

The goal is a proposition, so `have` is preferred over `haveI`.
The difference between `have` and `haveI` is that `haveI` inlines the value.
But this is not relevant for proofs because of proof irrelevance.

Note: This linter can be disabled with `set_option linter.style.haveILetI false`
warning: ASGinzburg/ExactEquivalenceExt.lean:145:0: Definition `ASGinzburg.exactExtModule` of class type is semireducible. Most type class instances should be instance-reducible, so consider marking this
definition with `@[instance_reducible]`. If it is intentionally semireducible, this warning can be disabled with `set_option warn.classDefReducibility false`.
⚠ [3439/3942] Replayed ASGinzburg.LocallyUnitalExtNaturality
warning: ASGinzburg/LocallyUnitalExtNaturality.lean:92:2: Try this: 
  letI̵

The goal is a proposition, so `let` is preferred over `letI`.
The difference between `let` and `letI` is that `letI` inlines the value.
But this is not relevant for proofs because of proof irrelevance.

Note: This linter can be disabled with `set_option linter.style.haveILetI false`
warning: ASGinzburg/LocallyUnitalExtNaturality.lean:93:2: Try this: 
  letI̵

The goal is a proposition, so `let` is preferred over `letI`.
The difference between `let` and `letI` is that `letI` inlines the value.
But this is not relevant for proofs because of proof irrelevance.

Note: This linter can be disabled with `set_option linter.style.haveILetI false`
warning: ASGinzburg/LocallyUnitalExtNaturality.lean:94:2: Try this: 
  letI̵

The goal is a proposition, so `let` is preferred over `letI`.
The difference between `let` and `letI` is that `letI` inlines the value.
But this is not relevant for proofs because of proof irrelevance.

Note: This linter can be disabled with `set_option linter.style.haveILetI false`
warning: ASGinzburg/LocallyUnitalExtNaturality.lean:95:2: Try this: 
  letI̵

The goal is a proposition, so `let` is preferred over `letI`.
The difference between `let` and `letI` is that `letI` inlines the value.
But this is not relevant for proofs because of proof irrelevance.

Note: This linter can be disabled with `set_option linter.style.haveILetI false`
warning: ASGinzburg/LocallyUnitalExtNaturality.lean:96:2: Try this: 
  letI̵

The goal is a proposition, so `let` is preferred over `letI`.
The difference between `let` and `letI` is that `letI` inlines the value.
But this is not relevant for proofs because of proof irrelevance.

Note: This linter can be disabled with `set_option linter.style.haveILetI false`
warning: ASGinzburg/LocallyUnitalExtNaturality.lean:104:2: Try this: 
  letI̵

The goal is a proposition, so `let` is preferred over `letI`.
The difference between `let` and `letI` is that `letI` inlines the value.
But this is not relevant for proofs because of proof irrelevance.

Note: This linter can be disabled with `set_option linter.style.haveILetI false`
warning: ASGinzburg/LocallyUnitalExtNaturality.lean:105:2: Try this: 
  letI̵

The goal is a proposition, so `let` is preferred over `letI`.
The difference between `let` and `letI` is that `letI` inlines the value.
But this is not relevant for proofs because of proof irrelevance.

Note: This linter can be disabled with `set_option linter.style.haveILetI false`
warning: ASGinzburg/LocallyUnitalExtNaturality.lean:106:2: Try this: 
  letI̵

The goal is a proposition, so `let` is preferred over `letI`.
The difference between `let` and `letI` is that `letI` inlines the value.
But this is not relevant for proofs because of proof irrelevance.

Note: This linter can be disabled with `set_option linter.style.haveILetI false`
warning: ASGinzburg/LocallyUnitalExtNaturality.lean:107:2: Try this: 
  letI̵

The goal is a proposition, so `let` is preferred over `letI`.
The difference between `let` and `letI` is that `letI` inlines the value.
But this is not relevant for proofs because of proof irrelevance.

Note: This linter can be disabled with `set_option linter.style.haveILetI false`
warning: ASGinzburg/LocallyUnitalExtNaturality.lean:120:2: Try this: 
  letI̵

The goal is a proposition, so `let` is preferred over `letI`.
The difference between `let` and `letI` is that `letI` inlines the value.
But this is not relevant for proofs because of proof irrelevance.

Note: This linter can be disabled with `set_option linter.style.haveILetI false`
warning: ASGinzburg/LocallyUnitalExtNaturality.lean:121:2: Try this: 
  letI̵

The goal is a proposition, so `let` is preferred over `letI`.
The difference between `let` and `letI` is that `letI` inlines the value.
But this is not relevant for proofs because of proof irrelevance.

Note: This linter can be disabled with `set_option linter.style.haveILetI false`
warning: ASGinzburg/LocallyUnitalExtNaturality.lean:122:2: Try this: 
  letI̵

The goal is a proposition, so `let` is preferred over `letI`.
The difference between `let` and `letI` is that `letI` inlines the value.
But this is not relevant for proofs because of proof irrelevance.

Note: This linter can be disabled with `set_option linter.style.haveILetI false`
warning: ASGinzburg/LocallyUnitalExtNaturality.lean:123:2: Try this: 
  letI̵

The goal is a proposition, so `let` is preferred over `letI`.
The difference between `let` and `letI` is that `letI` inlines the value.
But this is not relevant for proofs because of proof irrelevance.

Note: This linter can be disabled with `set_option linter.style.haveILetI false`
warning: ASGinzburg/LocallyUnitalExtNaturality.lean:134:2: Try this: 
  letI̵

The goal is a proposition, so `let` is preferred over `letI`.
The difference between `let` and `letI` is that `letI` inlines the value.
But this is not relevant for proofs because of proof irrelevance.

Note: This linter can be disabled with `set_option linter.style.haveILetI false`
warning: ASGinzburg/LocallyUnitalExtNaturality.lean:135:2: Try this: 
  letI̵

The goal is a proposition, so `let` is preferred over `letI`.
The difference between `let` and `letI` is that `letI` inlines the value.
But this is not relevant for proofs because of proof irrelevance.

Note: This linter can be disabled with `set_option linter.style.haveILetI false`
warning: ASGinzburg/LocallyUnitalExtNaturality.lean:136:2: Try this: 
  letI̵

The goal is a proposition, so `let` is preferred over `letI`.
The difference between `let` and `letI` is that `letI` inlines the value.
But this is not relevant for proofs because of proof irrelevance.

Note: This linter can be disabled with `set_option linter.style.haveILetI false`
warning: ASGinzburg/LocallyUnitalExtNaturality.lean:137:2: Try this: 
  letI̵

The goal is a proposition, so `let` is preferred over `letI`.
The difference between `let` and `letI` is that `letI` inlines the value.
But this is not relevant for proofs because of proof irrelevance.

Note: This linter can be disabled with `set_option linter.style.haveILetI false`
warning: ASGinzburg/LocallyUnitalExtNaturality.lean:138:2: Try this: 
  letI̵

The goal is a proposition, so `let` is preferred over `letI`.
The difference between `let` and `letI` is that `letI` inlines the value.
But this is not relevant for proofs because of proof irrelevance.

Note: This linter can be disabled with `set_option linter.style.haveILetI false`
warning: ASGinzburg/LocallyUnitalExtNaturality.lean:146:2: Try this: 
  letI̵

The goal is a proposition, so `let` is preferred over `letI`.
The difference between `let` and `letI` is that `letI` inlines the value.
But this is not relevant for proofs because of proof irrelevance.

Note: This linter can be disabled with `set_option linter.style.haveILetI false`
warning: ASGinzburg/LocallyUnitalExtNaturality.lean:147:2: Try this: 
  letI̵

The goal is a proposition, so `let` is preferred over `letI`.
The difference between `let` and `letI` is that `letI` inlines the value.
But this is not relevant for proofs because of proof irrelevance.

Note: This linter can be disabled with `set_option linter.style.haveILetI false`
warning: ASGinzburg/LocallyUnitalExtNaturality.lean:148:2: Try this: 
  letI̵

The goal is a proposition, so `let` is preferred over `letI`.
The difference between `let` and `letI` is that `letI` inlines the value.
But this is not relevant for proofs because of proof irrelevance.

Note: This linter can be disabled with `set_option linter.style.haveILetI false`
warning: ASGinzburg/LocallyUnitalExtNaturality.lean:149:2: Try this: 
  letI̵

The goal is a proposition, so `let` is preferred over `letI`.
The difference between `let` and `letI` is that `letI` inlines the value.
But this is not relevant for proofs because of proof irrelevance.

Note: This linter can be disabled with `set_option linter.style.haveILetI false`
warning: ASGinzburg/LocallyUnitalExtNaturality.lean:162:2: Try this: 
  letI̵

The goal is a proposition, so `let` is preferred over `letI`.
The difference between `let` and `letI` is that `letI` inlines the value.
But this is not relevant for proofs because of proof irrelevance.

Note: This linter can be disabled with `set_option linter.style.haveILetI false`
warning: ASGinzburg/LocallyUnitalExtNaturality.lean:163:2: Try this: 
  letI̵

The goal is a proposition, so `let` is preferred over `letI`.
The difference between `let` and `letI` is that `letI` inlines the value.
But this is not relevant for proofs because of proof irrelevance.

Note: This linter can be disabled with `set_option linter.style.haveILetI false`
warning: ASGinzburg/LocallyUnitalExtNaturality.lean:164:2: Try this: 
  letI̵

The goal is a proposition, so `let` is preferred over `letI`.
The difference between `let` and `letI` is that `letI` inlines the value.
But this is not relevant for proofs because of proof irrelevance.

Note: This linter can be disabled with `set_option linter.style.haveILetI false`
warning: ASGinzburg/LocallyUnitalExtNaturality.lean:165:2: Try this: 
  letI̵

The goal is a proposition, so `let` is preferred over `letI`.
The difference between `let` and `letI` is that `letI` inlines the value.
But this is not relevant for proofs because of proof irrelevance.

Note: This linter can be disabled with `set_option linter.style.haveILetI false`
⚠ [3441/3942] Replayed ASGinzburg.RegularRightModule
warning: ASGinzburg/RegularRightModule.lean:16:0: Definition `ASGinzburg.ZAlgebra.totalAlgebraRightUnitizationModule` of class type is semireducible. Most type class instances should be instance-reducible, so consider marking this
definition with `@[instance_reducible]`. If it is intentionally semireducible, this warning can be disabled with `set_option warn.classDefReducibility false`.
warning: ASGinzburg/RegularRightModule.lean:29:2: Try this: 
  letI̵

The goal is a proposition, so `let` is preferred over `letI`.
The difference between `let` and `letI` is that `letI` inlines the value.
But this is not relevant for proofs because of proof irrelevance.

Note: This linter can be disabled with `set_option linter.style.haveILetI false`
warning: ASGinzburg/RegularRightModule.lean:30:2: Try this: 
  letI̵

The goal is a proposition, so `let` is preferred over `letI`.
The difference between `let` and `letI` is that `letI` inlines the value.
But this is not relevant for proofs because of proof irrelevance.

Note: This linter can be disabled with `set_option linter.style.haveILetI false`
warning: ASGinzburg/RegularRightModule.lean:57:2: Try this: 
  letI̵

The goal is a proposition, so `let` is preferred over `letI`.
The difference between `let` and `letI` is that `letI` inlines the value.
But this is not relevant for proofs because of proof irrelevance.

Note: This linter can be disabled with `set_option linter.style.haveILetI false`
⚠ [3442/3942] Replayed ASGinzburg.LinearExtTransport
warning: ASGinzburg/LinearExtTransport.lean:11:17: Definition `ASGinzburg.exactExtModule` of class type is semireducible. Most type class instances should be instance-reducible, so consider marking this
definition with `@[instance_reducible]`. If it is intentionally semireducible, this warning can be disabled with `set_option warn.classDefReducibility false`.
warning: ASGinzburg/LinearExtTransport.lean:27:2: Try this: 
  letI̵

The goal is a proposition, so `let` is preferred over `letI`.
The difference between `let` and `letI` is that `letI` inlines the value.
But this is not relevant for proofs because of proof irrelevance.

Note: This linter can be disabled with `set_option linter.style.haveILetI false`
warning: ASGinzburg/LinearExtTransport.lean:28:2: Try this: 
  letI̵

The goal is a proposition, so `let` is preferred over `letI`.
The difference between `let` and `letI` is that `letI` inlines the value.
But this is not relevant for proofs because of proof irrelevance.

Note: This linter can be disabled with `set_option linter.style.haveILetI false`
warning: ASGinzburg/LinearExtTransport.lean:43:2: Try this: 
  letI̵

The goal is a proposition, so `let` is preferred over `letI`.
The difference between `let` and `letI` is that `letI` inlines the value.
But this is not relevant for proofs because of proof irrelevance.

Note: This linter can be disabled with `set_option linter.style.haveILetI false`
warning: ASGinzburg/LinearExtTransport.lean:44:2: Try this: 
  letI̵

The goal is a proposition, so `let` is preferred over `letI`.
The difference between `let` and `letI` is that `letI` inlines the value.
But this is not relevant for proofs because of proof irrelevance.

Note: This linter can be disabled with `set_option linter.style.haveILetI false`
warning: ASGinzburg/LinearExtTransport.lean:59:2: Try this: 
  letI̵

The goal is a proposition, so `let` is preferred over `letI`.
The difference between `let` and `letI` is that `letI` inlines the value.
But this is not relevant for proofs because of proof irrelevance.

Note: This linter can be disabled with `set_option linter.style.haveILetI false`
warning: ASGinzburg/LinearExtTransport.lean:60:2: Try this: 
  letI̵

The goal is a proposition, so `let` is preferred over `letI`.
The difference between `let` and `letI` is that `letI` inlines the value.
But this is not relevant for proofs because of proof irrelevance.

Note: This linter can be disabled with `set_option linter.style.haveILetI false`
⚠ [3447/3942] Replayed ASGinzburg.PathAlgebra
warning: ASGinzburg/PathAlgebra.lean:97:42: This simp argument is unused:
  LinearMap.add_apply

Hint: Omit it from the simp argument list.
  [apply] simp [map_add, ih, ih']

Note: This linter can be disabled with `set_option linter.unusedSimpArgs false`
⚠ [3456/3942] Replayed ASGinzburg.FiniteProjectiveBidual
warning: ASGinzburg/FiniteProjectiveBidual.lean:43:2: Try this: 
  letI̵

The goal is a proposition, so `let` is preferred over `letI`.
The difference between `let` and `letI` is that `letI` inlines the value.
But this is not relevant for proofs because of proof irrelevance.

Note: This linter can be disabled with `set_option linter.style.haveILetI false`
warning: ASGinzburg/FiniteProjectiveBidual.lean:51:2: Try this: 
  letI̵

The goal is a proposition, so `let` is preferred over `letI`.
The difference between `let` and `letI` is that `letI` inlines the value.
But this is not relevant for proofs because of proof irrelevance.

Note: This linter can be disabled with `set_option linter.style.haveILetI false`
warning: ASGinzburg/FiniteProjectiveBidual.lean:68:2: Try this: 
  letI̵

The goal is a proposition, so `let` is preferred over `letI`.
The difference between `let` and `letI` is that `letI` inlines the value.
But this is not relevant for proofs because of proof irrelevance.

Note: This linter can be disabled with `set_option linter.style.haveILetI false`
warning: ASGinzburg/FiniteProjectiveBidual.lean:75:2: Try this: 
  letI̵

The goal is a proposition, so `let` is preferred over `letI`.
The difference between `let` and `letI` is that `letI` inlines the value.
But this is not relevant for proofs because of proof irrelevance.

Note: This linter can be disabled with `set_option linter.style.haveILetI false`
⚠ [3457/3942] Replayed ASGinzburg.FiniteProjectiveDuality
warning: ASGinzburg/FiniteProjectiveDuality.lean:20:15: `CategoryTheory.Limits.Sigma.ι_desc_assoc` has been deprecated: Use `CategoryTheory.Limits.Sigma.ι_comp_desc_assoc` instead
warning: ASGinzburg/FiniteProjectiveDuality.lean:73:2: Try this: 
  letI̵

The goal is a proposition, so `let` is preferred over `letI`.
The difference between `let` and `letI` is that `letI` inlines the value.
But this is not relevant for proofs because of proof irrelevance.

Note: This linter can be disabled with `set_option linter.style.haveILetI false`
warning: ASGinzburg/FiniteProjectiveDuality.lean:79:2: Try this: 
  letI̵

The goal is a proposition, so `let` is preferred over `letI`.
The difference between `let` and `letI` is that `letI` inlines the value.
But this is not relevant for proofs because of proof irrelevance.

Note: This linter can be disabled with `set_option linter.style.haveILetI false`
⚠ [3470/3942] Replayed ASGinzburg.ASLeftResolution
warning: ASGinzburg/ASLeftResolution.lean:107:4: Try this: 
  letI̵

The goal is a proposition, so `let` is preferred over `letI`.
The difference between `let` and `letI` is that `letI` inlines the value.
But this is not relevant for proofs because of proof irrelevance.

Note: This linter can be disabled with `set_option linter.style.haveILetI false`
⚠ [3471/3942] Replayed ASGinzburg.ProjectiveResolutionSyzygies
warning: ASGinzburg/ProjectiveResolutionSyzygies.lean:17:2: Try this: 
  haveI̵

The goal is a proposition, so `have` is preferred over `haveI`.
The difference between `have` and `haveI` is that `haveI` inlines the value.
But this is not relevant for proofs because of proof irrelevance.

Note: This linter can be disabled with `set_option linter.style.haveILetI false`
warning: ASGinzburg/ProjectiveResolutionSyzygies.lean:18:2: Try this: 
  haveI̵

The goal is a proposition, so `have` is preferred over `haveI`.
The difference between `have` and `haveI` is that `haveI` inlines the value.
But this is not relevant for proofs because of proof irrelevance.

Note: This linter can be disabled with `set_option linter.style.haveILetI false`
warning: ASGinzburg/ProjectiveResolutionSyzygies.lean:19:2: Try this: 
  haveI̵

The goal is a proposition, so `have` is preferred over `haveI`.
The difference between `have` and `haveI` is that `haveI` inlines the value.
But this is not relevant for proofs because of proof irrelevance.

Note: This linter can be disabled with `set_option linter.style.haveILetI false`
⚠ [3473/3942] Replayed ASGinzburg.ASLeftBidualComplex
warning: ASGinzburg/ASLeftBidualComplex.lean:70:6: Try this: 
  letI̵

The goal is a proposition, so `let` is preferred over `letI`.
The difference between `let` and `letI` is that `letI` inlines the value.
But this is not relevant for proofs because of proof irrelevance.

Note: This linter can be disabled with `set_option linter.style.haveILetI false`
warning: ASGinzburg/ASLeftBidualComplex.lean:72:6: Try this: 
  letI̵

The goal is a proposition, so `let` is preferred over `letI`.
The difference between `let` and `letI` is that `letI` inlines the value.
But this is not relevant for proofs because of proof irrelevance.

Note: This linter can be disabled with `set_option linter.style.haveILetI false`
warning: ASGinzburg/ASLeftBidualComplex.lean:83:6: Try this: 
  letI̵

The goal is a proposition, so `let` is preferred over `letI`.
The difference between `let` and `letI` is that `letI` inlines the value.
But this is not relevant for proofs because of proof irrelevance.

Note: This linter can be disabled with `set_option linter.style.haveILetI false`
warning: ASGinzburg/ASLeftBidualComplex.lean:85:6: Try this: 
  letI̵

The goal is a proposition, so `let` is preferred over `letI`.
The difference between `let` and `letI` is that `letI` inlines the value.
But this is not relevant for proofs because of proof irrelevance.

Note: This linter can be disabled with `set_option linter.style.haveILetI false`
warning: ASGinzburg/ASLeftBidualComplex.lean:96:6: Try this: 
  letI̵

The goal is a proposition, so `let` is preferred over `letI`.
The difference between `let` and `letI` is that `letI` inlines the value.
But this is not relevant for proofs because of proof irrelevance.

Note: This linter can be disabled with `set_option linter.style.haveILetI false`
warning: ASGinzburg/ASLeftBidualComplex.lean:98:6: Try this: 
  letI̵

The goal is a proposition, so `let` is preferred over `letI`.
The difference between `let` and `letI` is that `letI` inlines the value.
But this is not relevant for proofs because of proof irrelevance.

Note: This linter can be disabled with `set_option linter.style.haveILetI false`
⚠ [3475/3942] Replayed ASGinzburg.LeftModuleExtSequence
warning: ASGinzburg/LeftModuleExtSequence.lean:11:2: Try this: 
  letI̵

The goal is a proposition, so `let` is preferred over `letI`.
The difference between `let` and `letI` is that `letI` inlines the value.
But this is not relevant for proofs because of proof irrelevance.

Note: This linter can be disabled with `set_option linter.style.haveILetI false`
warning: ASGinzburg/LeftModuleExtSequence.lean:17:2: Try this: 
  letI̵

The goal is a proposition, so `let` is preferred over `letI`.
The difference between `let` and `letI` is that `letI` inlines the value.
But this is not relevant for proofs because of proof irrelevance.

Note: This linter can be disabled with `set_option linter.style.haveILetI false`
warning: ASGinzburg/LeftModuleExtSequence.lean:23:2: Try this: 
  letI̵

The goal is a proposition, so `let` is preferred over `letI`.
The difference between `let` and `letI` is that `letI` inlines the value.
But this is not relevant for proofs because of proof irrelevance.

Note: This linter can be disabled with `set_option linter.style.haveILetI false`
⚠ [3483/3942] Replayed ASGinzburg.FiniteProjectiveExtensionClosure
warning: ASGinzburg/FiniteProjectiveExtensionClosure.lean:66:2: Try this: 
  letI̵

The goal is a proposition, so `let` is preferred over `letI`.
The difference between `let` and `letI` is that `letI` inlines the value.
But this is not relevant for proofs because of proof irrelevance.

Note: This linter can be disabled with `set_option linter.style.haveILetI false`
warning: ASGinzburg/FiniteProjectiveExtensionClosure.lean:113:2: Try this: 
  letI̵

The goal is a proposition, so `let` is preferred over `letI`.
The difference between `let` and `letI` is that `letI` inlines the value.
But this is not relevant for proofs because of proof irrelevance.

Note: This linter can be disabled with `set_option linter.style.haveILetI false`
⚠ [3484/3942] Replayed ASGinzburg.ShortExactKernels
warning: ASGinzburg/ShortExactKernels.lean:34:4: Try this: 
  letI̵

The goal is a proposition, so `let` is preferred over `letI`.
The difference between `let` and `letI` is that `letI` inlines the value.
But this is not relevant for proofs because of proof irrelevance.

Note: This linter can be disabled with `set_option linter.style.haveILetI false`
warning: ASGinzburg/ShortExactKernels.lean:37:4: Try this: 
  letI̵

The goal is a proposition, so `let` is preferred over `letI`.
The difference between `let` and `letI` is that `letI` inlines the value.
But this is not relevant for proofs because of proof irrelevance.

Note: This linter can be disabled with `set_option linter.style.haveILetI false`
warning: ASGinzburg/ShortExactKernels.lean:38:4: Try this: 
  haveI̵

The goal is a proposition, so `have` is preferred over `haveI`.
The difference between `have` and `haveI` is that `haveI` inlines the value.
But this is not relevant for proofs because of proof irrelevance.

Note: This linter can be disabled with `set_option linter.style.haveILetI false`
warning: ASGinzburg/ShortExactKernels.lean:39:4: Try this: 
  haveI̵

The goal is a proposition, so `have` is preferred over `haveI`.
The difference between `have` and `haveI` is that `haveI` inlines the value.
But this is not relevant for proofs because of proof irrelevance.

Note: This linter can be disabled with `set_option linter.style.haveILetI false`
⚠ [3485/3942] Replayed ASGinzburg.ProjectiveExtensionCovers
warning: ASGinzburg/ProjectiveExtensionCovers.lean:20:2: Try this: 
  letI̵

The goal is a proposition, so `let` is preferred over `letI`.
The difference between `let` and `letI` is that `letI` inlines the value.
But this is not relevant for proofs because of proof irrelevance.

Note: This linter can be disabled with `set_option linter.style.haveILetI false`
warning: ASGinzburg/ProjectiveExtensionCovers.lean:35:2: Try this: 
  letI̵

The goal is a proposition, so `let` is preferred over `letI`.
The difference between `let` and `letI` is that `letI` inlines the value.
But this is not relevant for proofs because of proof irrelevance.

Note: This linter can be disabled with `set_option linter.style.haveILetI false`
warning: ASGinzburg/ProjectiveExtensionCovers.lean:37:2: Try this: 
  letI̵

The goal is a proposition, so `let` is preferred over `letI`.
The difference between `let` and `letI` is that `letI` inlines the value.
But this is not relevant for proofs because of proof irrelevance.

Note: This linter can be disabled with `set_option linter.style.haveILetI false`
warning: ASGinzburg/ProjectiveExtensionCovers.lean:38:2: Try this: 
  letI̵

The goal is a proposition, so `let` is preferred over `letI`.
The difference between `let` and `letI` is that `letI` inlines the value.
But this is not relevant for proofs because of proof irrelevance.

Note: This linter can be disabled with `set_option linter.style.haveILetI false`
warning: ASGinzburg/ProjectiveExtensionCovers.lean:43:2: Try this: 
  letI̵

The goal is a proposition, so `let` is preferred over `letI`.
The difference between `let` and `letI` is that `letI` inlines the value.
But this is not relevant for proofs because of proof irrelevance.

Note: This linter can be disabled with `set_option linter.style.haveILetI false`
⚠ [3486/3942] Replayed ASGinzburg.FiniteProjectiveResolutionLength
warning: ASGinzburg/FiniteProjectiveResolutionLength.lean:26:4: Try this: 
  letI̵

The goal is a proposition, so `let` is preferred over `letI`.
The difference between `let` and `letI` is that `letI` inlines the value.
But this is not relevant for proofs because of proof irrelevance.

Note: This linter can be disabled with `set_option linter.style.haveILetI false`
warning: ASGinzburg/FiniteProjectiveResolutionLength.lean:36:4: Try this: 
  letI̵

The goal is a proposition, so `let` is preferred over `letI`.
The difference between `let` and `letI` is that `letI` inlines the value.
But this is not relevant for proofs because of proof irrelevance.

Note: This linter can be disabled with `set_option linter.style.haveILetI false`
warning: ASGinzburg/FiniteProjectiveResolutionLength.lean:37:4: Try this: 
  letI̵

The goal is a proposition, so `let` is preferred over `letI`.
The difference between `let` and `letI` is that `letI` inlines the value.
But this is not relevant for proofs because of proof irrelevance.

Note: This linter can be disabled with `set_option linter.style.haveILetI false`
warning: ASGinzburg/FiniteProjectiveResolutionLength.lean:48:2: Try this: 
  letI̵

The goal is a proposition, so `let` is preferred over `letI`.
The difference between `let` and `letI` is that `letI` inlines the value.
But this is not relevant for proofs because of proof irrelevance.

Note: This linter can be disabled with `set_option linter.style.haveILetI false`
warning: ASGinzburg/FiniteProjectiveResolutionLength.lean:49:2: Try this: 
  letI̵

The goal is a proposition, so `let` is preferred over `letI`.
The difference between `let` and `letI` is that `letI` inlines the value.
But this is not relevant for proofs because of proof irrelevance.

Note: This linter can be disabled with `set_option linter.style.haveILetI false`
warning: ASGinzburg/FiniteProjectiveResolutionLength.lean:50:2: Try this: 
  letI̵

The goal is a proposition, so `let` is preferred over `letI`.
The difference between `let` and `letI` is that `letI` inlines the value.
But this is not relevant for proofs because of proof irrelevance.

Note: This linter can be disabled with `set_option linter.style.haveILetI false`
warning: ASGinzburg/FiniteProjectiveResolutionLength.lean:53:2: Try this: 
  letI̵

The goal is a proposition, so `let` is preferred over `letI`.
The difference between `let` and `letI` is that `letI` inlines the value.
But this is not relevant for proofs because of proof irrelevance.

Note: This linter can be disabled with `set_option linter.style.haveILetI false`
warning: ASGinzburg/FiniteProjectiveResolutionLength.lean:70:4: Try this: 
  letI̵

The goal is a proposition, so `let` is preferred over `letI`.
The difference between `let` and `letI` is that `letI` inlines the value.
But this is not relevant for proofs because of proof irrelevance.

Note: This linter can be disabled with `set_option linter.style.haveILetI false`
warning: ASGinzburg/FiniteProjectiveResolutionLength.lean:71:4: Try this: 
  letI̵

The goal is a proposition, so `let` is preferred over `letI`.
The difference between `let` and `letI` is that `letI` inlines the value.
But this is not relevant for proofs because of proof irrelevance.

Note: This linter can be disabled with `set_option linter.style.haveILetI false`
warning: ASGinzburg/FiniteProjectiveResolutionLength.lean:72:4: Try this: 
  letI̵

The goal is a proposition, so `let` is preferred over `letI`.
The difference between `let` and `letI` is that `letI` inlines the value.
But this is not relevant for proofs because of proof irrelevance.

Note: This linter can be disabled with `set_option linter.style.haveILetI false`
warning: ASGinzburg/FiniteProjectiveResolutionLength.lean:108:4: Try this: 
  letI̵

The goal is a proposition, so `let` is preferred over `letI`.
The difference between `let` and `letI` is that `letI` inlines the value.
But this is not relevant for proofs because of proof irrelevance.

Note: This linter can be disabled with `set_option linter.style.haveILetI false`
warning: ASGinzburg/FiniteProjectiveResolutionLength.lean:118:4: Try this: 
  letI̵

The goal is a proposition, so `let` is preferred over `letI`.
The difference between `let` and `letI` is that `letI` inlines the value.
But this is not relevant for proofs because of proof irrelevance.

Note: This linter can be disabled with `set_option linter.style.haveILetI false`
warning: ASGinzburg/FiniteProjectiveResolutionLength.lean:119:4: Try this: 
  letI̵

The goal is a proposition, so `let` is preferred over `letI`.
The difference between `let` and `letI` is that `letI` inlines the value.
But this is not relevant for proofs because of proof irrelevance.

Note: This linter can be disabled with `set_option linter.style.haveILetI false`
warning: ASGinzburg/FiniteProjectiveResolutionLength.lean:130:2: Try this: 
  letI̵

The goal is a proposition, so `let` is preferred over `letI`.
The difference between `let` and `letI` is that `letI` inlines the value.
But this is not relevant for proofs because of proof irrelevance.

Note: This linter can be disabled with `set_option linter.style.haveILetI false`
warning: ASGinzburg/FiniteProjectiveResolutionLength.lean:131:2: Try this: 
  letI̵

The goal is a proposition, so `let` is preferred over `letI`.
The difference between `let` and `letI` is that `letI` inlines the value.
But this is not relevant for proofs because of proof irrelevance.

Note: This linter can be disabled with `set_option linter.style.haveILetI false`
warning: ASGinzburg/FiniteProjectiveResolutionLength.lean:132:2: Try this: 
  letI̵

The goal is a proposition, so `let` is preferred over `letI`.
The difference between `let` and `letI` is that `letI` inlines the value.
But this is not relevant for proofs because of proof irrelevance.

Note: This linter can be disabled with `set_option linter.style.haveILetI false`
warning: ASGinzburg/FiniteProjectiveResolutionLength.lean:135:2: Try this: 
  letI̵

The goal is a proposition, so `let` is preferred over `letI`.
The difference between `let` and `letI` is that `letI` inlines the value.
But this is not relevant for proofs because of proof irrelevance.

Note: This linter can be disabled with `set_option linter.style.haveILetI false`
warning: ASGinzburg/FiniteProjectiveResolutionLength.lean:152:4: Try this: 
  letI̵

The goal is a proposition, so `let` is preferred over `letI`.
The difference between `let` and `letI` is that `letI` inlines the value.
But this is not relevant for proofs because of proof irrelevance.

Note: This linter can be disabled with `set_option linter.style.haveILetI false`
warning: ASGinzburg/FiniteProjectiveResolutionLength.lean:153:4: Try this: 
  letI̵

The goal is a proposition, so `let` is preferred over `letI`.
The difference between `let` and `letI` is that `letI` inlines the value.
But this is not relevant for proofs because of proof irrelevance.

Note: This linter can be disabled with `set_option linter.style.haveILetI false`
warning: ASGinzburg/FiniteProjectiveResolutionLength.lean:154:4: Try this: 
  letI̵

The goal is a proposition, so `let` is preferred over `letI`.
The difference between `let` and `letI` is that `letI` inlines the value.
But this is not relevant for proofs because of proof irrelevance.

Note: This linter can be disabled with `set_option linter.style.haveILetI false`
⚠ [3487/3942] Replayed ASGinzburg.FourTermProjectiveResolution
warning: ASGinzburg/FourTermProjectiveResolution.lean:15:2: Try this: 
  haveI̵

The goal is a proposition, so `have` is preferred over `haveI`.
The difference between `have` and `haveI` is that `haveI` inlines the value.
But this is not relevant for proofs because of proof irrelevance.

Note: This linter can be disabled with `set_option linter.style.haveILetI false`
warning: ASGinzburg/FourTermProjectiveResolution.lean:16:2: Try this: 
  haveI̵

The goal is a proposition, so `have` is preferred over `haveI`.
The difference between `have` and `haveI` is that `haveI` inlines the value.
But this is not relevant for proofs because of proof irrelevance.

Note: This linter can be disabled with `set_option linter.style.haveILetI false`
warning: ASGinzburg/FourTermProjectiveResolution.lean:17:2: Try this: 
  haveI̵

The goal is a proposition, so `have` is preferred over `haveI`.
The difference between `have` and `haveI` is that `haveI` inlines the value.
But this is not relevant for proofs because of proof irrelevance.

Note: This linter can be disabled with `set_option linter.style.haveILetI false`
warning: ASGinzburg/FourTermProjectiveResolution.lean:87:4: Try this: 
  letI̵

The goal is a proposition, so `let` is preferred over `letI`.
The difference between `let` and `letI` is that `letI` inlines the value.
But this is not relevant for proofs because of proof irrelevance.

Note: This linter can be disabled with `set_option linter.style.haveILetI false`
warning: ASGinzburg/FourTermProjectiveResolution.lean:107:6: Try this: 
  letI̵

The goal is a proposition, so `let` is preferred over `letI`.
The difference between `let` and `letI` is that `letI` inlines the value.
But this is not relevant for proofs because of proof irrelevance.

Note: This linter can be disabled with `set_option linter.style.haveILetI false`
⚠ [3488/3942] Replayed ASGinzburg.FiniteProjectiveFourTermResolution
warning: ASGinzburg/FiniteProjectiveFourTermResolution.lean:15:2: Try this: 
  letI̵

The goal is a proposition, so `let` is preferred over `letI`.
The difference between `let` and `letI` is that `letI` inlines the value.
But this is not relevant for proofs because of proof irrelevance.

Note: This linter can be disabled with `set_option linter.style.haveILetI false`
warning: ASGinzburg/FiniteProjectiveFourTermResolution.lean:16:2: Try this: 
  letI̵

The goal is a proposition, so `let` is preferred over `letI`.
The difference between `let` and `letI` is that `letI` inlines the value.
But this is not relevant for proofs because of proof irrelevance.

Note: This linter can be disabled with `set_option linter.style.haveILetI false`
warning: ASGinzburg/FiniteProjectiveFourTermResolution.lean:17:2: Try this: 
  letI̵

The goal is a proposition, so `let` is preferred over `letI`.
The difference between `let` and `letI` is that `letI` inlines the value.
But this is not relevant for proofs because of proof irrelevance.

Note: This linter can be disabled with `set_option linter.style.haveILetI false`
warning: ASGinzburg/FiniteProjectiveFourTermResolution.lean:18:2: Try this: 
  letI̵

The goal is a proposition, so `let` is preferred over `letI`.
The difference between `let` and `letI` is that `letI` inlines the value.
But this is not relevant for proofs because of proof irrelevance.

Note: This linter can be disabled with `set_option linter.style.haveILetI false`
warning: ASGinzburg/FiniteProjectiveFourTermResolution.lean:19:2: Try this: 
  letI̵

The goal is a proposition, so `let` is preferred over `letI`.
The difference between `let` and `letI` is that `letI` inlines the value.
But this is not relevant for proofs because of proof irrelevance.

Note: This linter can be disabled with `set_option linter.style.haveILetI false`
warning: ASGinzburg/FiniteProjectiveFourTermResolution.lean:20:2: Try this: 
  letI̵

The goal is a proposition, so `let` is preferred over `letI`.
The difference between `let` and `letI` is that `letI` inlines the value.
But this is not relevant for proofs because of proof irrelevance.

Note: This linter can be disabled with `set_option linter.style.haveILetI false`
warning: ASGinzburg/FiniteProjectiveFourTermResolution.lean:21:2: Try this: 
  letI̵

The goal is a proposition, so `let` is preferred over `letI`.
The difference between `let` and `letI` is that `letI` inlines the value.
But this is not relevant for proofs because of proof irrelevance.

Note: This linter can be disabled with `set_option linter.style.haveILetI false`
warning: ASGinzburg/FiniteProjectiveFourTermResolution.lean:68:2: Try this: 
  letI̵

The goal is a proposition, so `let` is preferred over `letI`.
The difference between `let` and `letI` is that `letI` inlines the value.
But this is not relevant for proofs because of proof irrelevance.

Note: This linter can be disabled with `set_option linter.style.haveILetI false`
warning: ASGinzburg/FiniteProjectiveFourTermResolution.lean:69:2: Try this: 
  letI̵

The goal is a proposition, so `let` is preferred over `letI`.
The difference between `let` and `letI` is that `letI` inlines the value.
But this is not relevant for proofs because of proof irrelevance.

Note: This linter can be disabled with `set_option linter.style.haveILetI false`
warning: ASGinzburg/FiniteProjectiveFourTermResolution.lean:70:2: Try this: 
  letI̵

The goal is a proposition, so `let` is preferred over `letI`.
The difference between `let` and `letI` is that `letI` inlines the value.
But this is not relevant for proofs because of proof irrelevance.

Note: This linter can be disabled with `set_option linter.style.haveILetI false`
warning: ASGinzburg/FiniteProjectiveFourTermResolution.lean:71:2: Try this: 
  letI̵

The goal is a proposition, so `let` is preferred over `letI`.
The difference between `let` and `letI` is that `letI` inlines the value.
But this is not relevant for proofs because of proof irrelevance.

Note: This linter can be disabled with `set_option linter.style.haveILetI false`
warning: ASGinzburg/FiniteProjectiveFourTermResolution.lean:72:2: Try this: 
  letI̵

The goal is a proposition, so `let` is preferred over `letI`.
The difference between `let` and `letI` is that `letI` inlines the value.
But this is not relevant for proofs because of proof irrelevance.

Note: This linter can be disabled with `set_option linter.style.haveILetI false`
warning: ASGinzburg/FiniteProjectiveFourTermResolution.lean:73:2: Try this: 
  letI̵

The goal is a proposition, so `let` is preferred over `letI`.
The difference between `let` and `letI` is that `letI` inlines the value.
But this is not relevant for proofs because of proof irrelevance.

Note: This linter can be disabled with `set_option linter.style.haveILetI false`
warning: ASGinzburg/FiniteProjectiveFourTermResolution.lean:74:2: Try this: 
  letI̵

The goal is a proposition, so `let` is preferred over `letI`.
The difference between `let` and `letI` is that `letI` inlines the value.
But this is not relevant for proofs because of proof irrelevance.

Note: This linter can be disabled with `set_option linter.style.haveILetI false`
⚠ [3490/3942] Replayed ASGinzburg.FiniteProjectiveHomColimits
warning: ASGinzburg/FiniteProjectiveHomColimits.lean:35:2: Try this: 
  letI̵

The goal is a proposition, so `let` is preferred over `letI`.
The difference between `let` and `letI` is that `letI` inlines the value.
But this is not relevant for proofs because of proof irrelevance.

Note: This linter can be disabled with `set_option linter.style.haveILetI false`
warning: ASGinzburg/FiniteProjectiveHomColimits.lean:37:2: Try this: 
  letI̵

The goal is a proposition, so `let` is preferred over `letI`.
The difference between `let` and `letI` is that `letI` inlines the value.
But this is not relevant for proofs because of proof irrelevance.

Note: This linter can be disabled with `set_option linter.style.haveILetI false`
warning: ASGinzburg/FiniteProjectiveHomColimits.lean:32:0: Definition `ASGinzburg.preservesColimit_of_functor_retract` of class type is semireducible. Most type class instances should be instance-reducible, so consider marking this
definition with `@[instance_reducible]`. If it is intentionally semireducible, this warning can be disabled with `set_option warn.classDefReducibility false`.
warning: ASGinzburg/FiniteProjectiveHomColimits.lean:32:0: Definition `preservesColimit_of_functor_retract` is a proposition; use `theorem` instead of `def`

Note: This linter can be disabled with `set_option linter.defProp false`
warning: ASGinzburg/FiniteProjectiveHomColimits.lean:41:0: Definition `ASGinzburg.preservesColimitsOfShape_of_functor_retract` of class type is semireducible. Most type class instances should be instance-reducible, so consider marking this
definition with `@[instance_reducible]`. If it is intentionally semireducible, this warning can be disabled with `set_option warn.classDefReducibility false`.
warning: ASGinzburg/FiniteProjectiveHomColimits.lean:41:0: Definition `preservesColimitsOfShape_of_functor_retract` is a proposition; use `theorem` instead of `def`

Note: This linter can be disabled with `set_option linter.defProp false`
warning: ASGinzburg/FiniteProjectiveHomColimits.lean:53:0: Definition `ASGinzburg.ZAlgebra.rightFiniteProjectiveHomPreservesColimits` of class type is semireducible. Most type class instances should be instance-reducible, so consider marking this
definition with `@[instance_reducible]`. If it is intentionally semireducible, this warning can be disabled with `set_option warn.classDefReducibility false`.
warning: ASGinzburg/FiniteProjectiveHomColimits.lean:53:0: Definition `rightFiniteProjectiveHomPreservesColimits` is a proposition; use `theorem` instead of `def`

Note: This linter can be disabled with `set_option linter.defProp false`
⚠ [3492/3942] Replayed ASGinzburg.ExtClassNaturality
warning: ASGinzburg/ExtClassNaturality.lean:45:2: Try this: 
  letI̵

The goal is a proposition, so `let` is preferred over `letI`.
The difference between `let` and `letI` is that `letI` inlines the value.
But this is not relevant for proofs because of proof irrelevance.

Note: This linter can be disabled with `set_option linter.style.haveILetI false`
⚠ [3504/3942] Replayed ASGinzburg.UnrolledPathFiniteness
warning: ASGinzburg/UnrolledPathFiniteness.lean:60:8: Try this: 
  haveI̵

The goal is a proposition, so `have` is preferred over `haveI`.
The difference between `have` and `haveI` is that `haveI` inlines the value.
But this is not relevant for proofs because of proof irrelevance.

Note: This linter can be disabled with `set_option linter.style.haveILetI false`
warning: ASGinzburg/UnrolledPathFiniteness.lean:65:8: Try this: 
  haveI̵

The goal is a proposition, so `have` is preferred over `haveI`.
The difference between `have` and `haveI` is that `haveI` inlines the value.
But this is not relevant for proofs because of proof irrelevance.

Note: This linter can be disabled with `set_option linter.style.haveILetI false`
warning: ASGinzburg/UnrolledPathFiniteness.lean:68:8: Try this: 
  haveI̵

The goal is a proposition, so `have` is preferred over `haveI`.
The difference between `have` and `haveI` is that `haveI` inlines the value.
But this is not relevant for proofs because of proof irrelevance.

Note: This linter can be disabled with `set_option linter.style.haveILetI false`
⚠ [3505/3942] Replayed ASGinzburg.UnrolledPathZAlgebra
warning: ASGinzburg/UnrolledPathZAlgebra.lean:23:4: Try this: 
  haveI̵

The goal is a proposition, so `have` is preferred over `haveI`.
The difference between `have` and `haveI` is that `haveI` inlines the value.
But this is not relevant for proofs because of proof irrelevance.

Note: This linter can be disabled with `set_option linter.style.haveILetI false`
warning: ASGinzburg/UnrolledPathZAlgebra.lean:37:4: Try this: 
  letI̵

The goal is a proposition, so `let` is preferred over `letI`.
The difference between `let` and `letI` is that `letI` inlines the value.
But this is not relevant for proofs because of proof irrelevance.

Note: This linter can be disabled with `set_option linter.style.haveILetI false`
⚠ [3506/3942] Replayed ASGinzburg.ASGeneratorDimensions
warning: ASGinzburg/ASGeneratorDimensions.lean:21:4: Try this: 
  letI̵

The goal is a proposition, so `let` is preferred over `letI`.
The difference between `let` and `letI` is that `letI` inlines the value.
But this is not relevant for proofs because of proof irrelevance.

Note: This linter can be disabled with `set_option linter.style.haveILetI false`
warning: ASGinzburg/ASGeneratorDimensions.lean:24:44: `if_neg` has been deprecated: Use `ite_eq_right` instead
warning: ASGinzburg/ASGeneratorDimensions.lean:31:10: `if_pos` has been deprecated: Use `ite_eq_left` instead
warning: ASGinzburg/ASGeneratorDimensions.lean:34:6: Try this: 
  letI̵

The goal is a proposition, so `let` is preferred over `letI`.
The difference between `let` and `letI` is that `letI` inlines the value.
But this is not relevant for proofs because of proof irrelevance.

Note: This linter can be disabled with `set_option linter.style.haveILetI false`
warning: ASGinzburg/ASGeneratorDimensions.lean:35:10: `if_neg` has been deprecated: Use `ite_eq_right` instead
warning: ASGinzburg/ASGeneratorDimensions.lean:59:2: Try this: 
  letI̵

The goal is a proposition, so `let` is preferred over `letI`.
The difference between `let` and `letI` is that `letI` inlines the value.
But this is not relevant for proofs because of proof irrelevance.

Note: This linter can be disabled with `set_option linter.style.haveILetI false`
⚠ [3514/3942] Replayed ASGinzburg.CyclicDerivativeDegrees
warning: ASGinzburg/CyclicDerivativeDegrees.lean:21:12: `if_pos` has been deprecated: Use `ite_eq_left` instead
warning: ASGinzburg/CyclicDerivativeDegrees.lean:28:12: `if_neg` has been deprecated: Use `ite_eq_right` instead
⚠ [3515/3942] Replayed ASGinzburg.CyclicDerivativeCommutators
warning: ASGinzburg/CyclicDerivativeCommutators.lean:38:50: `if_true` has been deprecated: Use `ite_true` instead
⚠ [3518/3942] Replayed ASGinzburg.GinzburgPaths
warning: ASGinzburg/GinzburgPaths.lean:155:41: This simp argument is unused:
  GinzburgArrow.source

Hint: Omit it from the simp argument list.
  [apply] simp only [Path.originalGinzburg, GinzburgArrow.target]

Note: This linter can be disabled with `set_option linter.unusedSimpArgs false`
warning: ASGinzburg/GinzburgPaths.lean:155:62: This simp argument is unused:
  GinzburgArrow.target

Hint: Omit it from the simp argument list.
  [apply] simp only [Path.originalGinzburg, GinzburgArrow.source]

Note: This linter can be disabled with `set_option linter.unusedSimpArgs false`
⚠ [3526/4151] Replayed ASGinzburg.PathCyclicDerivativeDegrees
warning: ASGinzburg/PathCyclicDerivativeDegrees.lean:41:16: `Set.mem_setOf_eq` has been deprecated: Use `Set.mem_ofPred_eq` instead
⚠ [3534/4151] Replayed ASGinzburg.HomologyAugmentation
warning: ASGinzburg/HomologyAugmentation.lean:64:4: Try this: 
  haveI̵

The goal is a proposition, so `have` is preferred over `haveI`.
The difference between `have` and `haveI` is that `haveI` inlines the value.
But this is not relevant for proofs because of proof irrelevance.

Note: This linter can be disabled with `set_option linter.style.haveILetI false`
⚠ [3537/4151] Replayed ASGinzburg.RepresentableRadicalComponents
warning: ASGinzburg/RepresentableRadicalComponents.lean:34:6: `if_neg` has been deprecated: Use `ite_eq_right` instead
⚠ [3554/4151] Replayed ASGinzburg.LinearRepresentationEquivalence
warning: ASGinzburg/LinearRepresentationEquivalence.lean:53:4: Try this: 
  letI̵

The goal is a proposition, so `let` is preferred over `letI`.
The difference between `let` and `letI` is that `letI` inlines the value.
But this is not relevant for proofs because of proof irrelevance.

Note: This linter can be disabled with `set_option linter.style.haveILetI false`
warning: ASGinzburg/LinearRepresentationEquivalence.lean:54:4: Try this: 
  letI̵

The goal is a proposition, so `let` is preferred over `letI`.
The difference between `let` and `letI` is that `letI` inlines the value.
But this is not relevant for proofs because of proof irrelevance.

Note: This linter can be disabled with `set_option linter.style.haveILetI false`
⚠ [3561/4151] Replayed ASGinzburg.CyclicDerivativeMixedCoefficients
warning: ASGinzburg/CyclicDerivativeMixedCoefficients.lean:50:13: `Finsupp.finset_sum_apply` has been deprecated: Use `Finsupp.finsetSum_apply` instead
warning: ASGinzburg/CyclicDerivativeMixedCoefficients.lean:54:39: `if_true` has been deprecated: Use `ite_true` instead
⚠ [3564/4151] Replayed ASGinzburg.FiniteRepresentableHomCoordinates
warning: ASGinzburg/FiniteRepresentableHomCoordinates.lean:40:12: `CategoryTheory.Limits.Sigma.ι_desc` has been deprecated: Use `CategoryTheory.Limits.Sigma.ι_comp_desc` instead
warning: ASGinzburg/FiniteRepresentableHomCoordinates.lean:20:8: Unused tactic linter: `change A.representableYonedaEquiv (i a) M (_ ≫ (f + g)) = _` does nothing

Note: This linter can be disabled with `set_option linter.unusedTactic false`
⚠ [3571/4151] Replayed ASGinzburg.LinearPresheafAbelian
warning: ASGinzburg/LinearPresheafAbelian.lean:39:4: Try this: 
  letI̵

The goal is a proposition, so `let` is preferred over `letI`.
The difference between `let` and `letI` is that `letI` inlines the value.
But this is not relevant for proofs because of proof irrelevance.

Note: This linter can be disabled with `set_option linter.style.haveILetI false`
warning: ASGinzburg/LinearPresheafAbelian.lean:48:4: Try this: 
  letI̵

The goal is a proposition, so `let` is preferred over `letI`.
The difference between `let` and `letI` is that `letI` inlines the value.
But this is not relevant for proofs because of proof irrelevance.

Note: This linter can be disabled with `set_option linter.style.haveILetI false`
warning: ASGinzburg/LinearPresheafAbelian.lean:68:4: Try this: 
  letI̵

The goal is a proposition, so `let` is preferred over `letI`.
The difference between `let` and `letI` is that `letI` inlines the value.
But this is not relevant for proofs because of proof irrelevance.

Note: This linter can be disabled with `set_option linter.style.haveILetI false`
warning: ASGinzburg/LinearPresheafAbelian.lean:78:4: Try this: 
  letI̵

The goal is a proposition, so `let` is preferred over `letI`.
The difference between `let` and `letI` is that `letI` inlines the value.
But this is not relevant for proofs because of proof irrelevance.

Note: This linter can be disabled with `set_option linter.style.haveILetI false`
warning: ASGinzburg/LinearPresheafAbelian.lean:90:4: Try this: 
  letI̵

The goal is a proposition, so `let` is preferred over `letI`.
The difference between `let` and `letI` is that `letI` inlines the value.
But this is not relevant for proofs because of proof irrelevance.

Note: This linter can be disabled with `set_option linter.style.haveILetI false`
warning: ASGinzburg/LinearPresheafAbelian.lean:98:4: Try this: 
  letI̵

The goal is a proposition, so `let` is preferred over `letI`.
The difference between `let` and `letI` is that `letI` inlines the value.
But this is not relevant for proofs because of proof irrelevance.

Note: This linter can be disabled with `set_option linter.style.haveILetI false`
warning: ASGinzburg/LinearPresheafAbelian.lean:124:2: Try this: 
  haveI̵

The goal is a proposition, so `have` is preferred over `haveI`.
The difference between `have` and `haveI` is that `haveI` inlines the value.
But this is not relevant for proofs because of proof irrelevance.

Note: This linter can be disabled with `set_option linter.style.haveILetI false`
⚠ [3572/4151] Replayed ASGinzburg.FoundationRightRestriction
warning: ASGinzburg/FoundationRightRestriction.lean:31:4: Try this: 
  letI̵

The goal is a proposition, so `let` is preferred over `letI`.
The difference between `let` and `letI` is that `letI` inlines the value.
But this is not relevant for proofs because of proof irrelevance.

Note: This linter can be disabled with `set_option linter.style.haveILetI false`
warning: ASGinzburg/FoundationRightRestriction.lean:32:4: Try this: 
  letI̵

The goal is a proposition, so `let` is preferred over `letI`.
The difference between `let` and `letI` is that `letI` inlines the value.
But this is not relevant for proofs because of proof irrelevance.

Note: This linter can be disabled with `set_option linter.style.haveILetI false`
⚠ [3573/4151] Replayed ASGinzburg.CoproductDropZero
warning: ASGinzburg/CoproductDropZero.lean:33:25: `CategoryTheory.Limits.Sigma.ι_desc` has been deprecated: Use `CategoryTheory.Limits.Sigma.ι_comp_desc` instead
⚠ [3576/4151] Replayed ASGinzburg.FiniteRepresentableTopBasis
warning: ASGinzburg/FiniteRepresentableTopBasis.lean:14:2: Try this: 
  letI̵

The goal is a proposition, so `let` is preferred over `letI`.
The difference between `let` and `letI` is that `letI` inlines the value.
But this is not relevant for proofs because of proof irrelevance.

Note: This linter can be disabled with `set_option linter.style.haveILetI false`
warning: ASGinzburg/FiniteRepresentableTopBasis.lean:30:4: Try this: 
  letI̵

The goal is a proposition, so `let` is preferred over `letI`.
The difference between `let` and `letI` is that `letI` inlines the value.
But this is not relevant for proofs because of proof irrelevance.

Note: This linter can be disabled with `set_option linter.style.haveILetI false`
warning: ASGinzburg/FiniteRepresentableTopBasis.lean:27:2: Try this: 
  letI̵

The goal is a proposition, so `let` is preferred over `letI`.
The difference between `let` and `letI` is that `letI` inlines the value.
But this is not relevant for proofs because of proof irrelevance.

Note: This linter can be disabled with `set_option linter.style.haveILetI false`
⚠ [3582/4151] Replayed ASGinzburg.CutCyclicDerivativeDelta
warning: ASGinzburg/CutCyclicDerivativeDelta.lean:27:29: `if_neg` has been deprecated: Use `ite_eq_right` instead
⚠ [3585/4345] Replayed ASGinzburg.UnrolledPathKernelSquare
warning: ASGinzburg/UnrolledPathKernelSquare.lean:84:4: Try this: 
  haveI̵

The goal is a proposition, so `have` is preferred over `haveI`.
The difference between `have` and `haveI` is that `haveI` inlines the value.
But this is not relevant for proofs because of proof irrelevance.

Note: This linter can be disabled with `set_option linter.style.haveILetI false`
⚠ [3594/4345] Replayed ASGinzburg.GinzburgGeneratorGradings
warning: ASGinzburg/GinzburgGeneratorGradings.lean:37:16: `Set.mem_setOf_eq` has been deprecated: Use `Set.mem_ofPred_eq` instead
⚠ [3595/4345] Replayed ASGinzburg.GinzburgPathDifferential
warning: ASGinzburg/GinzburgPathDifferential.lean:2:0: 'Mathlib.Algebra.Field.Power' has been deprecated: please replace this import by

import Mathlib.Algebra.Ring.Int.Parity
⚠ [3598/4345] Replayed ASGinzburg.PathCyclicCommutators
warning: ASGinzburg/PathCyclicCommutators.lean:70:19: `dif_pos` has been deprecated: Use `dite_eq_left` instead
warning: ASGinzburg/PathCyclicCommutators.lean:70:30: `if_pos` has been deprecated: Use `ite_eq_left` instead
warning: ASGinzburg/PathCyclicCommutators.lean:74:19: `dif_pos` has been deprecated: Use `dite_eq_left` instead
warning: ASGinzburg/PathCyclicCommutators.lean:74:30: `if_pos` has been deprecated: Use `ite_eq_left` instead
⚠ [3599/4345] Replayed ASGinzburg.GinzburgPathFiniteness
warning: ASGinzburg/GinzburgPathFiniteness.lean:50:2: Try this: 
  letI̵

The goal is a proposition, so `let` is preferred over `letI`.
The difference between `let` and `letI` is that `letI` inlines the value.
But this is not relevant for proofs because of proof irrelevance.

Note: This linter can be disabled with `set_option linter.style.haveILetI false`
warning: ASGinzburg/GinzburgPathFiniteness.lean:70:2: Try this: 
  haveI̵

The goal is a proposition, so `have` is preferred over `haveI`.
The difference between `have` and `haveI` is that `haveI` inlines the value.
But this is not relevant for proofs because of proof irrelevance.

Note: This linter can be disabled with `set_option linter.style.haveILetI false`
warning: ASGinzburg/GinzburgPathFiniteness.lean:73:2: Try this: 
  letI̵

The goal is a proposition, so `let` is preferred over `letI`.
The difference between `let` and `letI` is that `letI` inlines the value.
But this is not relevant for proofs because of proof irrelevance.

Note: This linter can be disabled with `set_option linter.style.haveILetI false`
⚠ [3602/4345] Replayed ASGinzburg.ModuleCochainConnectingRepresentatives
warning: ASGinzburg/ModuleCochainConnectingRepresentatives.lean:21:2: Try this: 
  haveI̵

The goal is a proposition, so `have` is preferred over `haveI`.
The difference between `have` and `haveI` is that `haveI` inlines the value.
But this is not relevant for proofs because of proof irrelevance.

Note: This linter can be disabled with `set_option linter.style.haveILetI false`
⚠ [3616/4345] Replayed ASGinzburg.FoundationRestrictionExactness
warning: ASGinzburg/FoundationRestrictionExactness.lean:14:2: Try this: 
  haveI̵

The goal is a proposition, so `have` is preferred over `haveI`.
The difference between `have` and `haveI` is that `haveI` inlines the value.
But this is not relevant for proofs because of proof irrelevance.

Note: This linter can be disabled with `set_option linter.style.haveILetI false`
warning: ASGinzburg/FoundationRestrictionExactness.lean:26:2: Try this: 
  haveI̵

The goal is a proposition, so `have` is preferred over `haveI`.
The difference between `have` and `haveI` is that `haveI` inlines the value.
But this is not relevant for proofs because of proof irrelevance.

Note: This linter can be disabled with `set_option linter.style.haveILetI false`
⚠ [3622/4345] Replayed ASGinzburg.MinimalRelationBasisLifts
warning: ASGinzburg/MinimalRelationBasisLifts.lean:30:2: Try this: 
  letI̵

The goal is a proposition, so `let` is preferred over `letI`.
The difference between `let` and `letI` is that `letI` inlines the value.
But this is not relevant for proofs because of proof irrelevance.

Note: This linter can be disabled with `set_option linter.style.haveILetI false`
warning: ASGinzburg/MinimalRelationBasisLifts.lean:31:2: Try this: 
  letI̵

The goal is a proposition, so `let` is preferred over `letI`.
The difference between `let` and `letI` is that `letI` inlines the value.
But this is not relevant for proofs because of proof irrelevance.

Note: This linter can be disabled with `set_option linter.style.haveILetI false`
⚠ [3636/4345] Replayed ASGinzburg.VertexSimpleFromPresentation
warning: ASGinzburg/VertexSimpleFromPresentation.lean:22:4: Try this: 
  haveI̵

The goal is a proposition, so `have` is preferred over `haveI`.
The difference between `have` and `haveI` is that `haveI` inlines the value.
But this is not relevant for proofs because of proof irrelevance.

Note: This linter can be disabled with `set_option linter.style.haveILetI false`
warning: ASGinzburg/VertexSimpleFromPresentation.lean:26:39: `if_neg` has been deprecated: Use `ite_eq_right` instead
⚠ [3642/4345] Replayed ASGinzburg.DirectSumRangeGrading
warning: ASGinzburg/DirectSumRangeGrading.lean:59:0: Definition `ASGinzburg.directSumRangeGradeDecomposition` of class type is semireducible. Most type class instances should be instance-reducible, so consider marking this
definition with `@[instance_reducible]`. If it is intentionally semireducible, this warning can be disabled with `set_option warn.classDefReducibility false`.
⚠ [3643/4345] Replayed ASGinzburg.SingleDegreeGrading
warning: ASGinzburg/SingleDegreeGrading.lean:52:0: Definition `ASGinzburg.singleDegreeGradeDecomposition` of class type is semireducible. Most type class instances should be instance-reducible, so consider marking this
definition with `@[instance_reducible]`. If it is intentionally semireducible, this warning can be disabled with `set_option warn.classDefReducibility false`.
⚠ [3644/4345] Replayed ASGinzburg.AlgebraEnvelopingRegularModule
warning: ASGinzburg/AlgebraEnvelopingRegularModule.lean:51:0: Definition `ASGinzburg.regularEnvelopingModule` of class type is semireducible. Most type class instances should be instance-reducible, so consider marking this
definition with `@[instance_reducible]`. If it is intentionally semireducible, this warning can be disabled with `set_option warn.classDefReducibility false`.
warning: ASGinzburg/AlgebraEnvelopingRegularModule.lean:61:2: Try this: 
  letI̵

The goal is a proposition, so `let` is preferred over `letI`.
The difference between `let` and `letI` is that `letI` inlines the value.
But this is not relevant for proofs because of proof irrelevance.

Note: This linter can be disabled with `set_option linter.style.haveILetI false`
⚠ [3652/4413] Replayed ASGinzburg.GinzburgDegreeZeroDifferential
warning: ASGinzburg/GinzburgDegreeZeroDifferential.lean:14:15: `Set.mem_setOf_eq` has been deprecated: Use `Set.mem_ofPred_eq` instead
⚠ [3655/4413] Replayed ASGinzburg.PathCutGrading
warning: ASGinzburg/PathCutGrading.lean:59:48: `if_pos` has been deprecated: Use `ite_eq_left` instead
warning: ASGinzburg/PathCutGrading.lean:66:2: Try this: 
  letI̵

The goal is a proposition, so `let` is preferred over `letI`.
The difference between `let` and `letI` is that `letI` inlines the value.
But this is not relevant for proofs because of proof irrelevance.

Note: This linter can be disabled with `set_option linter.style.haveILetI false`
warning: ASGinzburg/PathCutGrading.lean:67:2: Try this: 
  letI̵

The goal is a proposition, so `let` is preferred over `letI`.
The difference between `let` and `letI` is that `letI` inlines the value.
But this is not relevant for proofs because of proof irrelevance.

Note: This linter can be disabled with `set_option linter.style.haveILetI false`
⚠ [3656/4413] Replayed ASGinzburg.GinzburgCutDecomposition
warning: ASGinzburg/GinzburgCutDecomposition.lean:34:13: `Finsupp.finset_sum_apply` has been deprecated: Use `Finsupp.finsetSum_apply` instead
⚠ [3669/4413] Replayed ASGinzburg.PathCyclicHessianDegrees
warning: ASGinzburg/PathCyclicHessianDegrees.lean:21:13: `Set.mem_setOf_eq` has been deprecated: Use `Set.mem_ofPred_eq` instead
warning: ASGinzburg/PathCyclicHessianDegrees.lean:38:16: `Set.mem_setOf_eq` has been deprecated: Use `Set.mem_ofPred_eq` instead
⚠ [3674/4413] Replayed ASGinzburg.GinzburgLoopWordCoefficients
warning: ASGinzburg/GinzburgLoopWordCoefficients.lean:43:41: `Finsupp.finset_sum_apply` has been deprecated: Use `Finsupp.finsetSum_apply` instead
⚠ [3675/4413] Replayed ASGinzburg.GinzburgLoopPathCoefficients
warning: ASGinzburg/GinzburgLoopPathCoefficients.lean:24:49: `if_pos` has been deprecated: Use `ite_eq_left` instead
⚠ [3677/4413] Replayed ASGinzburg.ASBasisKernelSupport
warning: ASGinzburg/ASBasisKernelSupport.lean:84:4: Try this: 
  haveI̵

The goal is a proposition, so `have` is preferred over `haveI`.
The difference between `have` and `haveI` is that `haveI` inlines the value.
But this is not relevant for proofs because of proof irrelevance.

Note: This linter can be disabled with `set_option linter.style.haveILetI false`
⚠ [3686/4413] Replayed ASGinzburg.FoundationProjectives
warning: ASGinzburg/FoundationProjectives.lean:28:4: Try this: 
  letI̵

The goal is a proposition, so `let` is preferred over `letI`.
The difference between `let` and `letI` is that `letI` inlines the value.
But this is not relevant for proofs because of proof irrelevance.

Note: This linter can be disabled with `set_option linter.style.haveILetI false`
warning: ASGinzburg/FoundationProjectives.lean:44:15: `CategoryTheory.Limits.Sigma.ι_desc_assoc` has been deprecated: Use `CategoryTheory.Limits.Sigma.ι_comp_desc_assoc` instead
⚠ [3687/4413] Replayed ASGinzburg.FoundationSimpleProjectiveResolution
warning: ASGinzburg/FoundationSimpleProjectiveResolution.lean:32:4: Try this: 
  letI̵

The goal is a proposition, so `let` is preferred over `letI`.
The difference between `let` and `letI` is that `letI` inlines the value.
But this is not relevant for proofs because of proof irrelevance.

Note: This linter can be disabled with `set_option linter.style.haveILetI false`
⚠ [3688/4413] Replayed ASGinzburg.FoundationEnoughProjectives
warning: ASGinzburg/FoundationEnoughProjectives.lean:15:4: Try this: 
  letI̵

The goal is a proposition, so `let` is preferred over `letI`.
The difference between `let` and `letI` is that `letI` inlines the value.
But this is not relevant for proofs because of proof irrelevance.

Note: This linter can be disabled with `set_option linter.style.haveILetI false`
warning: ASGinzburg/FoundationEnoughProjectives.lean:19:4: Try this: 
  haveI̵

The goal is a proposition, so `have` is preferred over `haveI`.
The difference between `have` and `haveI` is that `haveI` inlines the value.
But this is not relevant for proofs because of proof irrelevance.

Note: This linter can be disabled with `set_option linter.style.haveILetI false`
warning: ASGinzburg/FoundationEnoughProjectives.lean:49:12: `CategoryTheory.Limits.Sigma.ι_desc` has been deprecated: Use `CategoryTheory.Limits.Sigma.ι_comp_desc` instead
⚠ [3696/4413] Replayed ASGinzburg.FoundationComponentActions
warning: ASGinzburg/FoundationComponentActions.lean:20:2: Try this: 
  letI̵

The goal is a proposition, so `let` is preferred over `letI`.
The difference between `let` and `letI` is that `letI` inlines the value.
But this is not relevant for proofs because of proof irrelevance.

Note: This linter can be disabled with `set_option linter.style.haveILetI false`
warning: ASGinzburg/FoundationComponentActions.lean:33:2: Try this: 
  letI̵

The goal is a proposition, so `let` is preferred over `letI`.
The difference between `let` and `letI` is that `letI` inlines the value.
But this is not relevant for proofs because of proof irrelevance.

Note: This linter can be disabled with `set_option linter.style.haveILetI false`
⚠ [3706/4413] Replayed ASGinzburg.FoundationIdealComponents
warning: ASGinzburg/FoundationIdealComponents.lean:33:10: Try this: 
  letI̵

The goal is a proposition, so `let` is preferred over `letI`.
The difference between `let` and `letI` is that `letI` inlines the value.
But this is not relevant for proofs because of proof irrelevance.

Note: This linter can be disabled with `set_option linter.style.haveILetI false`
warning: ASGinzburg/FoundationIdealComponents.lean:30:8: Unused tactic linter: `change
  ((B.foundationComponents Q).totalComponent i j f) i q ∈ I.hom (i.val : ℤ) (q.val : ℤ)` does nothing

Note: This linter can be disabled with `set_option linter.unusedTactic false`
⚠ [3709/4413] Replayed ASGinzburg.BasedArrowKernelSupport
warning: ASGinzburg/BasedArrowKernelSupport.lean:90:4: Try this: 
  haveI̵

The goal is a proposition, so `have` is preferred over `haveI`.
The difference between `have` and `haveI` is that `haveI` inlines the value.
But this is not relevant for proofs because of proof irrelevance.

Note: This linter can be disabled with `set_option linter.style.haveILetI false`
⚠ [3716/4413] Replayed ASGinzburg.ZAlgebraRightModuleSimples
warning: ASGinzburg/ZAlgebraRightModuleSimples.lean:53:4: Try this: 
  haveI̵

The goal is a proposition, so `have` is preferred over `haveI`.
The difference between `have` and `haveI` is that `haveI` inlines the value.
But this is not relevant for proofs because of proof irrelevance.

Note: This linter can be disabled with `set_option linter.style.haveILetI false`
warning: ASGinzburg/ZAlgebraRightModuleSimples.lean:58:61: `if_neg` has been deprecated: Use `ite_eq_right` instead
warning: ASGinzburg/ZAlgebraRightModuleSimples.lean:71:2: Try this: 
  haveI̵

The goal is a proposition, so `have` is preferred over `haveI`.
The difference between `have` and `haveI` is that `haveI` inlines the value.
But this is not relevant for proofs because of proof irrelevance.

Note: This linter can be disabled with `set_option linter.style.haveILetI false`
⚠ [3721/4413] Replayed ASGinzburg.AlgebraEnvelopingBimoduleMaps
warning: ASGinzburg/AlgebraEnvelopingBimoduleMaps.lean:15:0: Definition `ASGinzburg.bimoduleEnvelopingModule` of class type is semireducible. Most type class instances should be instance-reducible, so consider marking this
definition with `@[instance_reducible]`. If it is intentionally semireducible, this warning can be disabled with `set_option warn.classDefReducibility false`.
warning: ASGinzburg/AlgebraEnvelopingBimoduleMaps.lean:21:2: Try this: 
  letI̵

The goal is a proposition, so `let` is preferred over `letI`.
The difference between `let` and `letI` is that `letI` inlines the value.
But this is not relevant for proofs because of proof irrelevance.

Note: This linter can be disabled with `set_option linter.style.haveILetI false`
warning: ASGinzburg/AlgebraEnvelopingBimoduleMaps.lean:28:2: Try this: 
  letI̵

The goal is a proposition, so `let` is preferred over `letI`.
The difference between `let` and `letI` is that `letI` inlines the value.
But this is not relevant for proofs because of proof irrelevance.

Note: This linter can be disabled with `set_option linter.style.haveILetI false`
warning: ASGinzburg/AlgebraEnvelopingBimoduleMaps.lean:78:2: Try this: 
  letI̵

The goal is a proposition, so `let` is preferred over `letI`.
The difference between `let` and `letI` is that `letI` inlines the value.
But this is not relevant for proofs because of proof irrelevance.

Note: This linter can be disabled with `set_option linter.style.haveILetI false`
warning: ASGinzburg/AlgebraEnvelopingBimoduleMaps.lean:79:2: Try this: 
  letI̵

The goal is a proposition, so `let` is preferred over `letI`.
The difference between `let` and `letI` is that `letI` inlines the value.
But this is not relevant for proofs because of proof irrelevance.

Note: This linter can be disabled with `set_option linter.style.haveILetI false`
⚠ [3722/4413] Replayed ASGinzburg.AlgebraEnvelopingScalars
warning: ASGinzburg/AlgebraEnvelopingScalars.lean:11:2: Try this: 
  letI̵

The goal is a proposition, so `let` is preferred over `letI`.
The difference between `let` and `letI` is that `letI` inlines the value.
But this is not relevant for proofs because of proof irrelevance.

Note: This linter can be disabled with `set_option linter.style.haveILetI false`
warning: ASGinzburg/AlgebraEnvelopingScalars.lean:8:0: Definition `ASGinzburg.regularEnvelopingScalarTower` of class type is semireducible. Most type class instances should be instance-reducible, so consider marking this
definition with `@[instance_reducible]`. If it is intentionally semireducible, this warning can be disabled with `set_option warn.classDefReducibility false`.
warning: ASGinzburg/AlgebraEnvelopingScalars.lean:8:0: Definition `regularEnvelopingScalarTower` is a proposition; use `theorem` instead of `def`

Note: This linter can be disabled with `set_option linter.defProp false`
warning: ASGinzburg/AlgebraEnvelopingScalars.lean:21:2: Try this: 
  letI̵

The goal is a proposition, so `let` is preferred over `letI`.
The difference between `let` and `letI` is that `letI` inlines the value.
But this is not relevant for proofs because of proof irrelevance.

Note: This linter can be disabled with `set_option linter.style.haveILetI false`
warning: ASGinzburg/AlgebraEnvelopingScalars.lean:18:0: Definition `ASGinzburg.regularEnvelopingScalarComm` of class type is semireducible. Most type class instances should be instance-reducible, so consider marking this
definition with `@[instance_reducible]`. If it is intentionally semireducible, this warning can be disabled with `set_option warn.classDefReducibility false`.
warning: ASGinzburg/AlgebraEnvelopingScalars.lean:18:0: Definition `regularEnvelopingScalarComm` is a proposition; use `theorem` instead of `def`

Note: This linter can be disabled with `set_option linter.defProp false`
warning: ASGinzburg/AlgebraEnvelopingScalars.lean:29:2: Try this: 
  letI̵

The goal is a proposition, so `let` is preferred over `letI`.
The difference between `let` and `letI` is that `letI` inlines the value.
But this is not relevant for proofs because of proof irrelevance.

Note: This linter can be disabled with `set_option linter.style.haveILetI false`
warning: ASGinzburg/AlgebraEnvelopingScalars.lean:30:2: Try this: 
  letI̵

The goal is a proposition, so `let` is preferred over `letI`.
The difference between `let` and `letI` is that `letI` inlines the value.
But this is not relevant for proofs because of proof irrelevance.

Note: This linter can be disabled with `set_option linter.style.haveILetI false`
⚠ [3723/4413] Replayed ASGinzburg.AlgebraEnvelopingTensorRightModule
warning: ASGinzburg/AlgebraEnvelopingTensorRightModule.lean:28:0: Definition `ASGinzburg.tensorRightEnvelopingModule` of class type is semireducible. Most type class instances should be instance-reducible, so consider marking this
definition with `@[instance_reducible]`. If it is intentionally semireducible, this warning can be disabled with `set_option warn.classDefReducibility false`.
warning: ASGinzburg/AlgebraEnvelopingTensorRightModule.lean:36:2: Try this: 
  letI̵

The goal is a proposition, so `let` is preferred over `letI`.
The difference between `let` and `letI` is that `letI` inlines the value.
But this is not relevant for proofs because of proof irrelevance.

Note: This linter can be disabled with `set_option linter.style.haveILetI false`
warning: ASGinzburg/AlgebraEnvelopingTensorRightModule.lean:42:2: Try this: 
  letI̵

The goal is a proposition, so `let` is preferred over `letI`.
The difference between `let` and `letI` is that `letI` inlines the value.
But this is not relevant for proofs because of proof irrelevance.

Note: This linter can be disabled with `set_option linter.style.haveILetI false`
warning: ASGinzburg/AlgebraEnvelopingTensorRightModule.lean:39:0: Definition `ASGinzburg.tensorRightEnvelopingScalarTower` of class type is semireducible. Most type class instances should be instance-reducible, so consider marking this
definition with `@[instance_reducible]`. If it is intentionally semireducible, this warning can be disabled with `set_option warn.classDefReducibility false`.
warning: ASGinzburg/AlgebraEnvelopingTensorRightModule.lean:39:0: Definition `tensorRightEnvelopingScalarTower` is a proposition; use `theorem` instead of `def`

Note: This linter can be disabled with `set_option linter.defProp false`
warning: ASGinzburg/AlgebraEnvelopingTensorRightModule.lean:52:2: Try this: 
  letI̵

The goal is a proposition, so `let` is preferred over `letI`.
The difference between `let` and `letI` is that `letI` inlines the value.
But this is not relevant for proofs because of proof irrelevance.

Note: This linter can be disabled with `set_option linter.style.haveILetI false`
warning: ASGinzburg/AlgebraEnvelopingTensorRightModule.lean:49:0: Definition `ASGinzburg.tensorRightEnvelopingScalarComm` of class type is semireducible. Most type class instances should be instance-reducible, so consider marking this
definition with `@[instance_reducible]`. If it is intentionally semireducible, this warning can be disabled with `set_option warn.classDefReducibility false`.
warning: ASGinzburg/AlgebraEnvelopingTensorRightModule.lean:49:0: Definition `tensorRightEnvelopingScalarComm` is a proposition; use `theorem` instead of `def`

Note: This linter can be disabled with `set_option linter.defProp false`
⚠ [3724/4413] Replayed ASGinzburg.AlgebraEnvelopingTensorRightMaps
warning: ASGinzburg/AlgebraEnvelopingTensorRightMaps.lean:18:17: Definition `ASGinzburg.tensorRightEnvelopingModule` of class type is semireducible. Most type class instances should be instance-reducible, so consider marking this
definition with `@[instance_reducible]`. If it is intentionally semireducible, this warning can be disabled with `set_option warn.classDefReducibility false`.
⚠ [3725/4413] Replayed ASGinzburg.BalancedTensorUniversal
warning: ASGinzburg/BalancedTensorUniversal.lean:17:9: `TensorProduct.induction_on` has been deprecated: Use `TensorProduction.inductionOn` instead
warning: ASGinzburg/BalancedTensorUniversal.lean:31:4: Unused tactic linter: `change f 0 = g 0` does nothing

Note: This linter can be disabled with `set_option linter.unusedTactic false`
warning: ASGinzburg/BalancedTensorUniversal.lean:34:4: Unused tactic linter: `change f (a + b) = g (a + b)` does nothing

Note: This linter can be disabled with `set_option linter.unusedTactic false`
⚠ [3728/4413] Replayed ASGinzburg.BalancedTensorEnvelopingComparison
warning: ASGinzburg/BalancedTensorEnvelopingComparison.lean:16:17: Definition `ASGinzburg.tensorRightEnvelopingModule` of class type is semireducible. Most type class instances should be instance-reducible, so consider marking this
definition with `@[instance_reducible]`. If it is intentionally semireducible, this warning can be disabled with `set_option warn.classDefReducibility false`.
warning: ASGinzburg/BalancedTensorEnvelopingComparison.lean:16:17: Definition `ASGinzburg.regularEnvelopingModule` of class type is semireducible. Most type class instances should be instance-reducible, so consider marking this
definition with `@[instance_reducible]`. If it is intentionally semireducible, this warning can be disabled with `set_option warn.classDefReducibility false`.
warning: ASGinzburg/BalancedTensorEnvelopingComparison.lean:138:6: Unused tactic linter: `change
  balancedTensorEnvelopingComparisonMap k R M N (balancedTensorEnvelopingComparisonInverse k R M N 0) = 0` does nothing

Note: This linter can be disabled with `set_option linter.unusedTactic false`
⚠ [3730/4413] Replayed ASGinzburg.BalancedTensorEnvelopingNaturality
warning: ASGinzburg/BalancedTensorEnvelopingNaturality.lean:20:17: Definition `ASGinzburg.tensorRightEnvelopingModule` of class type is semireducible. Most type class instances should be instance-reducible, so consider marking this
definition with `@[instance_reducible]`. If it is intentionally semireducible, this warning can be disabled with `set_option warn.classDefReducibility false`.
warning: ASGinzburg/BalancedTensorEnvelopingNaturality.lean:20:17: Definition `ASGinzburg.regularEnvelopingModule` of class type is semireducible. Most type class instances should be instance-reducible, so consider marking this
definition with `@[instance_reducible]`. If it is intentionally semireducible, this warning can be disabled with `set_option warn.classDefReducibility false`.
warning: ASGinzburg/BalancedTensorEnvelopingNaturality.lean:20:17: Definition `ASGinzburg.tensorRightEnvelopingScalarTower` of class type is semireducible. Most type class instances should be instance-reducible, so consider marking this
definition with `@[instance_reducible]`. If it is intentionally semireducible, this warning can be disabled with `set_option warn.classDefReducibility false`.
⚠ [3732/4413] Replayed ASGinzburg.BalancedTensorSwap
warning: ASGinzburg/BalancedTensorSwap.lean:13:0: Definition `ASGinzburg.balancedTensorDoubleOppositeModule` of class type is semireducible. Most type class instances should be instance-reducible, so consider marking this
definition with `@[instance_reducible]`. If it is intentionally semireducible, this warning can be disabled with `set_option warn.classDefReducibility false`.
warning: ASGinzburg/BalancedTensorSwap.lean:40:2: Try this: 
  letI̵

The goal is a proposition, so `let` is preferred over `letI`.
The difference between `let` and `letI` is that `letI` inlines the value.
But this is not relevant for proofs because of proof irrelevance.

Note: This linter can be disabled with `set_option linter.style.haveILetI false`
warning: ASGinzburg/BalancedTensorSwap.lean:58:2: Try this: 
  letI̵

The goal is a proposition, so `let` is preferred over `letI`.
The difference between `let` and `letI` is that `letI` inlines the value.
But this is not relevant for proofs because of proof irrelevance.

Note: This linter can be disabled with `set_option linter.style.haveILetI false`
warning: ASGinzburg/BalancedTensorSwap.lean:76:4: Try this: 
  letI̵

The goal is a proposition, so `let` is preferred over `letI`.
The difference between `let` and `letI` is that `letI` inlines the value.
But this is not relevant for proofs because of proof irrelevance.

Note: This linter can be disabled with `set_option linter.style.haveILetI false`
⚠ [3733/4413] Replayed ASGinzburg.BalancedTensorSwapNaturality
warning: ASGinzburg/BalancedTensorSwapNaturality.lean:19:2: Try this: 
  letI̵

The goal is a proposition, so `let` is preferred over `letI`.
The difference between `let` and `letI` is that `letI` inlines the value.
But this is not relevant for proofs because of proof irrelevance.

Note: This linter can be disabled with `set_option linter.style.haveILetI false`
warning: ASGinzburg/BalancedTensorSwapNaturality.lean:16:0: Definition `ASGinzburg.balancedTensorDoubleOppositeIsScalarTower` of class type is semireducible. Most type class instances should be instance-reducible, so consider marking this
definition with `@[instance_reducible]`. If it is intentionally semireducible, this warning can be disabled with `set_option warn.classDefReducibility false`.
warning: ASGinzburg/BalancedTensorSwapNaturality.lean:16:0: Definition `balancedTensorDoubleOppositeIsScalarTower` is a proposition; use `theorem` instead of `def`

Note: This linter can be disabled with `set_option linter.defProp false`
warning: ASGinzburg/BalancedTensorSwapNaturality.lean:35:2: Try this: 
  letI̵

The goal is a proposition, so `let` is preferred over `letI`.
The difference between `let` and `letI` is that `letI` inlines the value.
But this is not relevant for proofs because of proof irrelevance.

Note: This linter can be disabled with `set_option linter.style.haveILetI false`
⚠ [3734/4413] Replayed ASGinzburg.BalancedTensorLeftUnit
warning: ASGinzburg/BalancedTensorLeftUnit.lean:27:6: Unused tactic linter: `change balancedTensorLeftUnitInverse k R N (balancedTensorLeftUnitMap k R N 0) = 0` does nothing

Note: This linter can be disabled with `set_option linter.unusedTactic false`
⚠ [3738/4413] Replayed ASGinzburg.FiniteBiproductProjectiveDimension
warning: ASGinzburg/FiniteBiproductProjectiveDimension.lean:14:2: Try this: 
  letI̵

The goal is a proposition, so `let` is preferred over `letI`.
The difference between `let` and `letI` is that `letI` inlines the value.
But this is not relevant for proofs because of proof irrelevance.

Note: This linter can be disabled with `set_option linter.style.haveILetI false`
⚠ [3761/4422] Replayed ASGinzburg.ThreeTermProjectiveDimension
warning: ASGinzburg/ThreeTermProjectiveDimension.lean:15:2: Try this: 
  haveI̵

The goal is a proposition, so `have` is preferred over `haveI`.
The difference between `have` and `haveI` is that `haveI` inlines the value.
But this is not relevant for proofs because of proof irrelevance.

Note: This linter can be disabled with `set_option linter.style.haveILetI false`
warning: ASGinzburg/ThreeTermProjectiveDimension.lean:16:2: Try this: 
  haveI̵

The goal is a proposition, so `have` is preferred over `haveI`.
The difference between `have` and `haveI` is that `haveI` inlines the value.
But this is not relevant for proofs because of proof irrelevance.

Note: This linter can be disabled with `set_option linter.style.haveILetI false`
⚠ [3762/4422] Replayed ASGinzburg.FoundationExtBounds
warning: ASGinzburg/FoundationExtBounds.lean:30:2: Try this: 
  letI̵

The goal is a proposition, so `let` is preferred over `letI`.
The difference between `let` and `letI` is that `letI` inlines the value.
But this is not relevant for proofs because of proof irrelevance.

Note: This linter can be disabled with `set_option linter.style.haveILetI false`
⚠ [3768/4422] Replayed ASGinzburg.FoundationTotalModules
warning: ASGinzburg/FoundationTotalModules.lean:27:0: Definition `ASGinzburg.ZAlgebra.foundationRightTotalModuleStructure` of class type is semireducible. Most type class instances should be instance-reducible, so consider marking this
definition with `@[instance_reducible]`. If it is intentionally semireducible, this warning can be disabled with `set_option warn.classDefReducibility false`.
⚠ [3786/4422] Replayed ASGinzburg.ScalarProductSeparability
warning: ASGinzburg/ScalarProductSeparability.lean:36:0: Definition `ASGinzburg.scalarProductEnvelopingModule` of class type is semireducible. Most type class instances should be instance-reducible, so consider marking this
definition with `@[instance_reducible]`. If it is intentionally semireducible, this warning can be disabled with `set_option warn.classDefReducibility false`.
warning: ASGinzburg/ScalarProductSeparability.lean:43:2: Try this: 
  letI̵

The goal is a proposition, so `let` is preferred over `letI`.
The difference between `let` and `letI` is that `letI` inlines the value.
But this is not relevant for proofs because of proof irrelevance.

Note: This linter can be disabled with `set_option linter.style.haveILetI false`
⚠ [3788/4422] Replayed ASGinzburg.ScalarQuotientProjectiveDimension
warning: ASGinzburg/ScalarQuotientProjectiveDimension.lean:26:2: Try this: 
  letI̵

The goal is a proposition, so `let` is preferred over `letI`.
The difference between `let` and `letI` is that `letI` inlines the value.
But this is not relevant for proofs because of proof irrelevance.

Note: This linter can be disabled with `set_option linter.style.haveILetI false`
⚠ [3792/4422] Replayed ASGinzburg.RightModuleBoundedNakayama
warning: ASGinzburg/RightModuleBoundedNakayama.lean:50:6: Try this: 
  letI̵

The goal is a proposition, so `let` is preferred over `letI`.
The difference between `let` and `letI` is that `letI` inlines the value.
But this is not relevant for proofs because of proof irrelevance.

Note: This linter can be disabled with `set_option linter.style.haveILetI false`
⚠ [3797/4422] Replayed ASGinzburg.AlgebraEnvelopingModuleRestrictions
warning: ASGinzburg/AlgebraEnvelopingModuleRestrictions.lean:13:0: Definition `ASGinzburg.envelopingLeftModule` of class type is semireducible. Most type class instances should be instance-reducible, so consider marking this
definition with `@[instance_reducible]`. If it is intentionally semireducible, this warning can be disabled with `set_option warn.classDefReducibility false`.
warning: ASGinzburg/AlgebraEnvelopingModuleRestrictions.lean:16:0: Definition `ASGinzburg.envelopingRightModule` of class type is semireducible. Most type class instances should be instance-reducible, so consider marking this
definition with `@[instance_reducible]`. If it is intentionally semireducible, this warning can be disabled with `set_option warn.classDefReducibility false`.
warning: ASGinzburg/AlgebraEnvelopingModuleRestrictions.lean:22:2: Try this: 
  letI̵

The goal is a proposition, so `let` is preferred over `letI`.
The difference between `let` and `letI` is that `letI` inlines the value.
But this is not relevant for proofs because of proof irrelevance.

Note: This linter can be disabled with `set_option linter.style.haveILetI false`
warning: ASGinzburg/AlgebraEnvelopingModuleRestrictions.lean:19:0: Definition `ASGinzburg.envelopingLeftScalarTower` of class type is semireducible. Most type class instances should be instance-reducible, so consider marking this
definition with `@[instance_reducible]`. If it is intentionally semireducible, this warning can be disabled with `set_option warn.classDefReducibility false`.
warning: ASGinzburg/AlgebraEnvelopingModuleRestrictions.lean:19:0: Definition `envelopingLeftScalarTower` is a proposition; use `theorem` instead of `def`

Note: This linter can be disabled with `set_option linter.defProp false`
warning: ASGinzburg/AlgebraEnvelopingModuleRestrictions.lean:33:2: Try this: 
  letI̵

The goal is a proposition, so `let` is preferred over `letI`.
The difference between `let` and `letI` is that `letI` inlines the value.
But this is not relevant for proofs because of proof irrelevance.

Note: This linter can be disabled with `set_option linter.style.haveILetI false`
warning: ASGinzburg/AlgebraEnvelopingModuleRestrictions.lean:30:0: Definition `ASGinzburg.envelopingRightScalarTower` of class type is semireducible. Most type class instances should be instance-reducible, so consider marking this
definition with `@[instance_reducible]`. If it is intentionally semireducible, this warning can be disabled with `set_option warn.classDefReducibility false`.
warning: ASGinzburg/AlgebraEnvelopingModuleRestrictions.lean:30:0: Definition `envelopingRightScalarTower` is a proposition; use `theorem` instead of `def`

Note: This linter can be disabled with `set_option linter.defProp false`
warning: ASGinzburg/AlgebraEnvelopingModuleRestrictions.lean:45:2: Try this: 
  letI̵

The goal is a proposition, so `let` is preferred over `letI`.
The difference between `let` and `letI` is that `letI` inlines the value.
But this is not relevant for proofs because of proof irrelevance.

Note: This linter can be disabled with `set_option linter.style.haveILetI false`
warning: ASGinzburg/AlgebraEnvelopingModuleRestrictions.lean:46:2: Try this: 
  letI̵

The goal is a proposition, so `let` is preferred over `letI`.
The difference between `let` and `letI` is that `letI` inlines the value.
But this is not relevant for proofs because of proof irrelevance.

Note: This linter can be disabled with `set_option linter.style.haveILetI false`
warning: ASGinzburg/AlgebraEnvelopingModuleRestrictions.lean:41:0: Definition `ASGinzburg.envelopingActionsCommute` of class type is semireducible. Most type class instances should be instance-reducible, so consider marking this
definition with `@[instance_reducible]`. If it is intentionally semireducible, this warning can be disabled with `set_option warn.classDefReducibility false`.
warning: ASGinzburg/AlgebraEnvelopingModuleRestrictions.lean:41:0: Definition `envelopingActionsCommute` is a proposition; use `theorem` instead of `def`

Note: This linter can be disabled with `set_option linter.defProp false`
⚠ [3798/4422] Replayed ASGinzburg.EnvelopingBalancedTensorHom
warning: ASGinzburg/EnvelopingBalancedTensorHom.lean:16:0: Definition `ASGinzburg.envelopingBalancedTensorHomRightModule` of class type is semireducible. Most type class instances should be instance-reducible, so consider marking this
definition with `@[instance_reducible]`. If it is intentionally semireducible, this warning can be disabled with `set_option warn.classDefReducibility false`.
warning: ASGinzburg/EnvelopingBalancedTensorHom.lean:23:2: Try this: 
  letI̵

The goal is a proposition, so `let` is preferred over `letI`.
The difference between `let` and `letI` is that `letI` inlines the value.
But this is not relevant for proofs because of proof irrelevance.

Note: This linter can be disabled with `set_option linter.style.haveILetI false`
warning: ASGinzburg/EnvelopingBalancedTensorHom.lean:20:0: Definition `ASGinzburg.envelopingBalancedTensorHomRightScalarTower` of class type is semireducible. Most type class instances should be instance-reducible, so consider marking this
definition with `@[instance_reducible]`. If it is intentionally semireducible, this warning can be disabled with `set_option warn.classDefReducibility false`.
warning: ASGinzburg/EnvelopingBalancedTensorHom.lean:20:0: Definition `envelopingBalancedTensorHomRightScalarTower` is a proposition; use `theorem` instead of `def`

Note: This linter can be disabled with `set_option linter.defProp false`
warning: ASGinzburg/EnvelopingBalancedTensorHom.lean:29:2: Try this: 
  letI̵

The goal is a proposition, so `let` is preferred over `letI`.
The difference between `let` and `letI` is that `letI` inlines the value.
But this is not relevant for proofs because of proof irrelevance.

Note: This linter can be disabled with `set_option linter.style.haveILetI false`
warning: ASGinzburg/EnvelopingBalancedTensorHom.lean:26:0: Definition `ASGinzburg.envelopingBalancedTensorHomActionsCommute` of class type is semireducible. Most type class instances should be instance-reducible, so consider marking this
definition with `@[instance_reducible]`. If it is intentionally semireducible, this warning can be disabled with `set_option warn.classDefReducibility false`.
warning: ASGinzburg/EnvelopingBalancedTensorHom.lean:26:0: Definition `envelopingBalancedTensorHomActionsCommute` is a proposition; use `theorem` instead of `def`

Note: This linter can be disabled with `set_option linter.defProp false`
warning: ASGinzburg/EnvelopingBalancedTensorHom.lean:36:0: Definition `ASGinzburg.envelopingBalancedTensorHomModule` of class type is semireducible. Most type class instances should be instance-reducible, so consider marking this
definition with `@[instance_reducible]`. If it is intentionally semireducible, this warning can be disabled with `set_option warn.classDefReducibility false`.
warning: ASGinzburg/EnvelopingBalancedTensorHom.lean:56:2: Try this: 
  letI̵

The goal is a proposition, so `let` is preferred over `letI`.
The difference between `let` and `letI` is that `letI` inlines the value.
But this is not relevant for proofs because of proof irrelevance.

Note: This linter can be disabled with `set_option linter.style.haveILetI false`
warning: ASGinzburg/EnvelopingBalancedTensorHom.lean:57:2: Try this: 
  letI̵

The goal is a proposition, so `let` is preferred over `letI`.
The difference between `let` and `letI` is that `letI` inlines the value.
But this is not relevant for proofs because of proof irrelevance.

Note: This linter can be disabled with `set_option linter.style.haveILetI false`
⚠ [3799/4422] Replayed ASGinzburg.EnvelopingBalancedTensorRightAction
warning: ASGinzburg/EnvelopingBalancedTensorRightAction.lean:60:0: Definition `ASGinzburg.envelopingBalancedTensorRightModule` of class type is semireducible. Most type class instances should be instance-reducible, so consider marking this
definition with `@[instance_reducible]`. If it is intentionally semireducible, this warning can be disabled with `set_option warn.classDefReducibility false`.
warning: ASGinzburg/EnvelopingBalancedTensorRightAction.lean:69:2: Try this: 
  letI̵

The goal is a proposition, so `let` is preferred over `letI`.
The difference between `let` and `letI` is that `letI` inlines the value.
But this is not relevant for proofs because of proof irrelevance.

Note: This linter can be disabled with `set_option linter.style.haveILetI false`
warning: ASGinzburg/EnvelopingBalancedTensorRightAction.lean:70:2: Try this: 
  letI̵

The goal is a proposition, so `let` is preferred over `letI`.
The difference between `let` and `letI` is that `letI` inlines the value.
But this is not relevant for proofs because of proof irrelevance.

Note: This linter can be disabled with `set_option linter.style.haveILetI false`
warning: ASGinzburg/EnvelopingBalancedTensorRightAction.lean:71:2: Try this: 
  letI̵

The goal is a proposition, so `let` is preferred over `letI`.
The difference between `let` and `letI` is that `letI` inlines the value.
But this is not relevant for proofs because of proof irrelevance.

Note: This linter can be disabled with `set_option linter.style.haveILetI false`
warning: ASGinzburg/EnvelopingBalancedTensorRightAction.lean:72:2: Try this: 
  letI̵

The goal is a proposition, so `let` is preferred over `letI`.
The difference between `let` and `letI` is that `letI` inlines the value.
But this is not relevant for proofs because of proof irrelevance.

Note: This linter can be disabled with `set_option linter.style.haveILetI false`
⚠ [3800/4422] Replayed ASGinzburg.AlgebraEnvelopingRestrictedProjective
warning: ASGinzburg/AlgebraEnvelopingRestrictedProjective.lean:43:2: Try this: 
  letI̵

The goal is a proposition, so `let` is preferred over `letI`.
The difference between `let` and `letI` is that `letI` inlines the value.
But this is not relevant for proofs because of proof irrelevance.

Note: This linter can be disabled with `set_option linter.style.haveILetI false`
warning: ASGinzburg/AlgebraEnvelopingRestrictedProjective.lean:44:2: Try this: 
  letI̵

The goal is a proposition, so `let` is preferred over `letI`.
The difference between `let` and `letI` is that `letI` inlines the value.
But this is not relevant for proofs because of proof irrelevance.

Note: This linter can be disabled with `set_option linter.style.haveILetI false`
warning: ASGinzburg/AlgebraEnvelopingRestrictedProjective.lean:45:2: Try this: 
  haveI̵

The goal is a proposition, so `have` is preferred over `haveI`.
The difference between `have` and `haveI` is that `haveI` inlines the value.
But this is not relevant for proofs because of proof irrelevance.

Note: This linter can be disabled with `set_option linter.style.haveILetI false`
⚠ [3801/4422] Replayed ASGinzburg.ModuleCatRestrictionHomology
warning: ASGinzburg/ModuleCatRestrictionHomology.lean:13:0: Definition `ASGinzburg.moduleCatRestrictionPreservesHomology` of class type is semireducible. Most type class instances should be instance-reducible, so consider marking this
definition with `@[instance_reducible]`. If it is intentionally semireducible, this warning can be disabled with `set_option warn.classDefReducibility false`.
warning: ASGinzburg/ModuleCatRestrictionHomology.lean:13:0: Definition `moduleCatRestrictionPreservesHomology` is a proposition; use `theorem` instead of `def`

Note: This linter can be disabled with `set_option linter.defProp false`
warning: ASGinzburg/ModuleCatRestrictionHomology.lean:20:0: Definition `ASGinzburg.moduleCatRestrictionReflectsIsomorphisms` of class type is semireducible. Most type class instances should be instance-reducible, so consider marking this
definition with `@[instance_reducible]`. If it is intentionally semireducible, this warning can be disabled with `set_option warn.classDefReducibility false`.
warning: ASGinzburg/ModuleCatRestrictionHomology.lean:20:0: Definition `moduleCatRestrictionReflectsIsomorphisms` is a proposition; use `theorem` instead of `def`

Note: This linter can be disabled with `set_option linter.defProp false`
⚠ [3803/4422] Replayed ASGinzburg.ProjectiveResolutionMapAfterRestriction
warning: ASGinzburg/ProjectiveResolutionMapAfterRestriction.lean:24:2: Try this: 
  letI̵

The goal is a proposition, so `let` is preferred over `letI`.
The difference between `let` and `letI` is that `letI` inlines the value.
But this is not relevant for proofs because of proof irrelevance.

Note: This linter can be disabled with `set_option linter.style.haveILetI false`
⚠ [3805/4422] Replayed ASGinzburg.FiniteBiproductProjectiveResolution
warning: ASGinzburg/FiniteBiproductProjectiveResolution.lean:62:2: Try this: 
  haveI̵

The goal is a proposition, so `have` is preferred over `haveI`.
The difference between `have` and `haveI` is that `haveI` inlines the value.
But this is not relevant for proofs because of proof irrelevance.

Note: This linter can be disabled with `set_option linter.style.haveILetI false`
warning: ASGinzburg/FiniteBiproductProjectiveResolution.lean:67:2: Try this: 
  haveI̵

The goal is a proposition, so `have` is preferred over `haveI`.
The difference between `have` and `haveI` is that `haveI` inlines the value.
But this is not relevant for proofs because of proof irrelevance.

Note: This linter can be disabled with `set_option linter.style.haveILetI false`
warning: ASGinzburg/FiniteBiproductProjectiveResolution.lean:85:4: Try this: 
  haveI̵

The goal is a proposition, so `have` is preferred over `haveI`.
The difference between `have` and `haveI` is that `haveI` inlines the value.
But this is not relevant for proofs because of proof irrelevance.

Note: This linter can be disabled with `set_option linter.style.haveILetI false`
warning: ASGinzburg/FiniteBiproductProjectiveResolution.lean:90:4: Try this: 
  letI̵

The goal is a proposition, so `let` is preferred over `letI`.
The difference between `let` and `letI` is that `letI` inlines the value.
But this is not relevant for proofs because of proof irrelevance.

Note: This linter can be disabled with `set_option linter.style.haveILetI false`
warning: ASGinzburg/FiniteBiproductProjectiveResolution.lean:127:2: Try this: 
  letI̵

The goal is a proposition, so `let` is preferred over `letI`.
The difference between `let` and `letI` is that `letI` inlines the value.
But this is not relevant for proofs because of proof irrelevance.

Note: This linter can be disabled with `set_option linter.style.haveILetI false`
⚠ [3806/4422] Replayed ASGinzburg.AlgebraEnvelopingRegularFinite
warning: ASGinzburg/AlgebraEnvelopingRegularFinite.lean:26:2: Try this: 
  letI̵

The goal is a proposition, so `let` is preferred over `letI`.
The difference between `let` and `letI` is that `letI` inlines the value.
But this is not relevant for proofs because of proof irrelevance.

Note: This linter can be disabled with `set_option linter.style.haveILetI false`
⚠ [3807/4422] Replayed ASGinzburg.ModuleCatFiniteCoproduct
warning: ASGinzburg/ModuleCatFiniteCoproduct.lean:21:2: Try this: 
  letI̵

The goal is a proposition, so `let` is preferred over `letI`.
The difference between `let` and `letI` is that `letI` inlines the value.
But this is not relevant for proofs because of proof irrelevance.

Note: This linter can be disabled with `set_option linter.style.haveILetI false`
⚠ [3808/4422] Replayed ASGinzburg.AlgebraEnvelopingTensorRegularFree
warning: ASGinzburg/AlgebraEnvelopingTensorRegularFree.lean:11:17: Definition `ASGinzburg.tensorRightEnvelopingModule` of class type is semireducible. Most type class instances should be instance-reducible, so consider marking this
definition with `@[instance_reducible]`. If it is intentionally semireducible, this warning can be disabled with `set_option warn.classDefReducibility false`.
warning: ASGinzburg/AlgebraEnvelopingTensorRegularFree.lean:64:2: Try this: 
  letI̵

The goal is a proposition, so `let` is preferred over `letI`.
The difference between `let` and `letI` is that `letI` inlines the value.
But this is not relevant for proofs because of proof irrelevance.

Note: This linter can be disabled with `set_option linter.style.haveILetI false`
⚠ [3809/4422] Replayed ASGinzburg.AlgebraEnvelopingTensorFinsuppFree
warning: ASGinzburg/AlgebraEnvelopingTensorFinsuppFree.lean:12:17: Definition `ASGinzburg.tensorRightEnvelopingModule` of class type is semireducible. Most type class instances should be instance-reducible, so consider marking this
definition with `@[instance_reducible]`. If it is intentionally semireducible, this warning can be disabled with `set_option warn.classDefReducibility false`.
warning: ASGinzburg/AlgebraEnvelopingTensorFinsuppFree.lean:78:2: Try this: 
  letI̵

The goal is a proposition, so `let` is preferred over `letI`.
The difference between `let` and `letI` is that `letI` inlines the value.
But this is not relevant for proofs because of proof irrelevance.

Note: This linter can be disabled with `set_option linter.style.haveILetI false`
⚠ [3810/4422] Replayed ASGinzburg.AlgebraEnvelopingTensorBifunctor
warning: ASGinzburg/AlgebraEnvelopingTensorBifunctor.lean:13:17: Definition `ASGinzburg.tensorRightEnvelopingModule` of class type is semireducible. Most type class instances should be instance-reducible, so consider marking this
definition with `@[instance_reducible]`. If it is intentionally semireducible, this warning can be disabled with `set_option warn.classDefReducibility false`.
⚠ [3817/4568] Replayed ASGinzburg.GinzburgCutCochainComplex
warning: ASGinzburg/GinzburgCutCochainComplex.lean:18:2: Try this: 
  letI̵

The goal is a proposition, so `let` is preferred over `letI`.
The difference between `let` and `letI` is that `letI` inlines the value.
But this is not relevant for proofs because of proof irrelevance.

Note: This linter can be disabled with `set_option linter.style.haveILetI false`
⚠ [3818/4568] Replayed ASGinzburg.GinzburgCutRetracts
warning: ASGinzburg/GinzburgCutRetracts.lean:61:56: `if_pos` has been deprecated: Use `ite_eq_left` instead
warning: ASGinzburg/GinzburgCutRetracts.lean:83:2: Try this: 
  letI̵

The goal is a proposition, so `let` is preferred over `letI`.
The difference between `let` and `letI` is that `letI` inlines the value.
But this is not relevant for proofs because of proof irrelevance.

Note: This linter can be disabled with `set_option linter.style.haveILetI false`
⚠ [3819/4568] Replayed ASGinzburg.GinzburgCutBounds
warning: ASGinzburg/GinzburgCutBounds.lean:40:33: `Set.mem_setOf_eq` has been deprecated: Use `Set.mem_ofPred_eq` instead
⚠ [3821/4568] Replayed ASGinzburg.GinzburgCutHomologyFinite
warning: ASGinzburg/GinzburgCutHomologyFinite.lean:13:2: Try this: 
  haveI̵

The goal is a proposition, so `have` is preferred over `haveI`.
The difference between `have` and `haveI` is that `haveI` inlines the value.
But this is not relevant for proofs because of proof irrelevance.

Note: This linter can be disabled with `set_option linter.style.haveILetI false`
warning: ASGinzburg/GinzburgCutHomologyFinite.lean:16:2: Try this: 
  haveI̵

The goal is a proposition, so `have` is preferred over `haveI`.
The difference between `have` and `haveI` is that `haveI` inlines the value.
But this is not relevant for proofs because of proof irrelevance.

Note: This linter can be disabled with `set_option linter.style.haveILetI false`
⚠ [3823/4568] Replayed ASGinzburg.GinzburgCutRegularity
warning: ASGinzburg/GinzburgCutRegularity.lean:30:2: Unused tactic linter: `change
  Q.ginzburgDifferential k φ u v ((∑ c ∈ Q.ginzburgCutSupport k f.val, g' c).val) = f.val` does nothing

Note: This linter can be disabled with `set_option linter.unusedTactic false`
⚠ [3840/4568] Replayed ASGinzburg.ASResolutionTransport
warning: ASGinzburg/ASResolutionTransport.lean:57:4: Try this: 
  haveI̵

The goal is a proposition, so `have` is preferred over `haveI`.
The difference between `have` and `haveI` is that `haveI` inlines the value.
But this is not relevant for proofs because of proof irrelevance.

Note: This linter can be disabled with `set_option linter.style.haveILetI false`
⚠ [3842/4568] Replayed ASGinzburg.BalancedTensorLeftAdjunction
warning: ASGinzburg/BalancedTensorLeftAdjunction.lean:29:2: Try this: 
  letI̵

The goal is a proposition, so `let` is preferred over `letI`.
The difference between `let` and `letI` is that `letI` inlines the value.
But this is not relevant for proofs because of proof irrelevance.

Note: This linter can be disabled with `set_option linter.style.haveILetI false`
warning: ASGinzburg/BalancedTensorLeftAdjunction.lean:30:2: Try this: 
  letI̵

The goal is a proposition, so `let` is preferred over `letI`.
The difference between `let` and `letI` is that `letI` inlines the value.
But this is not relevant for proofs because of proof irrelevance.

Note: This linter can be disabled with `set_option linter.style.haveILetI false`
warning: ASGinzburg/BalancedTensorLeftAdjunction.lean:31:2: Try this: 
  letI̵

The goal is a proposition, so `let` is preferred over `letI`.
The difference between `let` and `letI` is that `letI` inlines the value.
But this is not relevant for proofs because of proof irrelevance.

Note: This linter can be disabled with `set_option linter.style.haveILetI false`
⚠ [3846/4568] Replayed ASGinzburg.EnvelopingBalancedTensorRightMaps
warning: ASGinzburg/EnvelopingBalancedTensorRightMaps.lean:19:2: Try this: 
  letI̵

The goal is a proposition, so `let` is preferred over `letI`.
The difference between `let` and `letI` is that `letI` inlines the value.
But this is not relevant for proofs because of proof irrelevance.

Note: This linter can be disabled with `set_option linter.style.haveILetI false`
warning: ASGinzburg/EnvelopingBalancedTensorRightMaps.lean:20:2: Try this: 
  letI̵

The goal is a proposition, so `let` is preferred over `letI`.
The difference between `let` and `letI` is that `letI` inlines the value.
But this is not relevant for proofs because of proof irrelevance.

Note: This linter can be disabled with `set_option linter.style.haveILetI false`
warning: ASGinzburg/EnvelopingBalancedTensorRightMaps.lean:21:2: Try this: 
  letI̵

The goal is a proposition, so `let` is preferred over `letI`.
The difference between `let` and `letI` is that `letI` inlines the value.
But this is not relevant for proofs because of proof irrelevance.

Note: This linter can be disabled with `set_option linter.style.haveILetI false`
warning: ASGinzburg/EnvelopingBalancedTensorRightMaps.lean:22:2: Try this: 
  letI̵

The goal is a proposition, so `let` is preferred over `letI`.
The difference between `let` and `letI` is that `letI` inlines the value.
But this is not relevant for proofs because of proof irrelevance.

Note: This linter can be disabled with `set_option linter.style.haveILetI false`
warning: ASGinzburg/EnvelopingBalancedTensorRightMaps.lean:16:0: Definition `ASGinzburg.envelopingBalancedTensorRightScalarTower` of class type is semireducible. Most type class instances should be instance-reducible, so consider marking this
definition with `@[instance_reducible]`. If it is intentionally semireducible, this warning can be disabled with `set_option warn.classDefReducibility false`.
warning: ASGinzburg/EnvelopingBalancedTensorRightMaps.lean:16:0: Definition `envelopingBalancedTensorRightScalarTower` is a proposition; use `theorem` instead of `def`

Note: This linter can be disabled with `set_option linter.defProp false`
warning: ASGinzburg/EnvelopingBalancedTensorRightMaps.lean:79:2: Try this: 
  letI̵

The goal is a proposition, so `let` is preferred over `letI`.
The difference between `let` and `letI` is that `letI` inlines the value.
But this is not relevant for proofs because of proof irrelevance.

Note: This linter can be disabled with `set_option linter.style.haveILetI false`
warning: ASGinzburg/EnvelopingBalancedTensorRightMaps.lean:80:2: Try this: 
  letI̵

The goal is a proposition, so `let` is preferred over `letI`.
The difference between `let` and `letI` is that `letI` inlines the value.
But this is not relevant for proofs because of proof irrelevance.

Note: This linter can be disabled with `set_option linter.style.haveILetI false`
warning: ASGinzburg/EnvelopingBalancedTensorRightMaps.lean:81:2: Try this: 
  letI̵

The goal is a proposition, so `let` is preferred over `letI`.
The difference between `let` and `letI` is that `letI` inlines the value.
But this is not relevant for proofs because of proof irrelevance.

Note: This linter can be disabled with `set_option linter.style.haveILetI false`
warning: ASGinzburg/EnvelopingBalancedTensorRightMaps.lean:82:2: Try this: 
  letI̵

The goal is a proposition, so `let` is preferred over `letI`.
The difference between `let` and `letI` is that `letI` inlines the value.
But this is not relevant for proofs because of proof irrelevance.

Note: This linter can be disabled with `set_option linter.style.haveILetI false`
warning: ASGinzburg/EnvelopingBalancedTensorRightMaps.lean:95:4: Try this: 
  letI̵

The goal is a proposition, so `let` is preferred over `letI`.
The difference between `let` and `letI` is that `letI` inlines the value.
But this is not relevant for proofs because of proof irrelevance.

Note: This linter can be disabled with `set_option linter.style.haveILetI false`
warning: ASGinzburg/EnvelopingBalancedTensorRightMaps.lean:99:4: Try this: 
  letI̵

The goal is a proposition, so `let` is preferred over `letI`.
The difference between `let` and `letI` is that `letI` inlines the value.
But this is not relevant for proofs because of proof irrelevance.

Note: This linter can be disabled with `set_option linter.style.haveILetI false`
warning: ASGinzburg/EnvelopingBalancedTensorRightMaps.lean:100:4: Try this: 
  letI̵

The goal is a proposition, so `let` is preferred over `letI`.
The difference between `let` and `letI` is that `letI` inlines the value.
But this is not relevant for proofs because of proof irrelevance.

Note: This linter can be disabled with `set_option linter.style.haveILetI false`
warning: ASGinzburg/EnvelopingBalancedTensorRightMaps.lean:106:4: Try this: 
  letI̵

The goal is a proposition, so `let` is preferred over `letI`.
The difference between `let` and `letI` is that `letI` inlines the value.
But this is not relevant for proofs because of proof irrelevance.

Note: This linter can be disabled with `set_option linter.style.haveILetI false`
warning: ASGinzburg/EnvelopingBalancedTensorRightMaps.lean:107:4: Try this: 
  letI̵

The goal is a proposition, so `let` is preferred over `letI`.
The difference between `let` and `letI` is that `letI` inlines the value.
But this is not relevant for proofs because of proof irrelevance.

Note: This linter can be disabled with `set_option linter.style.haveILetI false`
warning: ASGinzburg/EnvelopingBalancedTensorRightMaps.lean:108:4: Try this: 
  letI̵

The goal is a proposition, so `let` is preferred over `letI`.
The difference between `let` and `letI` is that `letI` inlines the value.
But this is not relevant for proofs because of proof irrelevance.

Note: This linter can be disabled with `set_option linter.style.haveILetI false`
warning: ASGinzburg/EnvelopingBalancedTensorRightMaps.lean:112:4: Try this: 
  letI̵

The goal is a proposition, so `let` is preferred over `letI`.
The difference between `let` and `letI` is that `letI` inlines the value.
But this is not relevant for proofs because of proof irrelevance.

Note: This linter can be disabled with `set_option linter.style.haveILetI false`
warning: ASGinzburg/EnvelopingBalancedTensorRightMaps.lean:113:4: Try this: 
  letI̵

The goal is a proposition, so `let` is preferred over `letI`.
The difference between `let` and `letI` is that `letI` inlines the value.
But this is not relevant for proofs because of proof irrelevance.

Note: This linter can be disabled with `set_option linter.style.haveILetI false`
warning: ASGinzburg/EnvelopingBalancedTensorRightMaps.lean:114:4: Try this: 
  letI̵

The goal is a proposition, so `let` is preferred over `letI`.
The difference between `let` and `letI` is that `letI` inlines the value.
But this is not relevant for proofs because of proof irrelevance.

Note: This linter can be disabled with `set_option linter.style.haveILetI false`
warning: ASGinzburg/EnvelopingBalancedTensorRightMaps.lean:115:4: Try this: 
  letI̵

The goal is a proposition, so `let` is preferred over `letI`.
The difference between `let` and `letI` is that `letI` inlines the value.
But this is not relevant for proofs because of proof irrelevance.

Note: This linter can be disabled with `set_option linter.style.haveILetI false`
warning: ASGinzburg/EnvelopingBalancedTensorRightMaps.lean:116:4: Try this: 
  letI̵

The goal is a proposition, so `let` is preferred over `letI`.
The difference between `let` and `letI` is that `letI` inlines the value.
But this is not relevant for proofs because of proof irrelevance.

Note: This linter can be disabled with `set_option linter.style.haveILetI false`
warning: ASGinzburg/EnvelopingBalancedTensorRightMaps.lean:117:4: Try this: 
  letI̵

The goal is a proposition, so `let` is preferred over `letI`.
The difference between `let` and `letI` is that `letI` inlines the value.
But this is not relevant for proofs because of proof irrelevance.

Note: This linter can be disabled with `set_option linter.style.haveILetI false`
warning: ASGinzburg/EnvelopingBalancedTensorRightMaps.lean:126:4: Try this: 
  letI̵

The goal is a proposition, so `let` is preferred over `letI`.
The difference between `let` and `letI` is that `letI` inlines the value.
But this is not relevant for proofs because of proof irrelevance.

Note: This linter can be disabled with `set_option linter.style.haveILetI false`
warning: ASGinzburg/EnvelopingBalancedTensorRightMaps.lean:127:4: Try this: 
  letI̵

The goal is a proposition, so `let` is preferred over `letI`.
The difference between `let` and `letI` is that `letI` inlines the value.
But this is not relevant for proofs because of proof irrelevance.

Note: This linter can be disabled with `set_option linter.style.haveILetI false`
warning: ASGinzburg/EnvelopingBalancedTensorRightMaps.lean:131:4: Try this: 
  letI̵

The goal is a proposition, so `let` is preferred over `letI`.
The difference between `let` and `letI` is that `letI` inlines the value.
But this is not relevant for proofs because of proof irrelevance.

Note: This linter can be disabled with `set_option linter.style.haveILetI false`
warning: ASGinzburg/EnvelopingBalancedTensorRightMaps.lean:132:4: Try this: 
  letI̵

The goal is a proposition, so `let` is preferred over `letI`.
The difference between `let` and `letI` is that `letI` inlines the value.
But this is not relevant for proofs because of proof irrelevance.

Note: This linter can be disabled with `set_option linter.style.haveILetI false`
warning: ASGinzburg/EnvelopingBalancedTensorRightMaps.lean:133:4: Try this: 
  letI̵

The goal is a proposition, so `let` is preferred over `letI`.
The difference between `let` and `letI` is that `letI` inlines the value.
But this is not relevant for proofs because of proof irrelevance.

Note: This linter can be disabled with `set_option linter.style.haveILetI false`
warning: ASGinzburg/EnvelopingBalancedTensorRightMaps.lean:134:4: Try this: 
  letI̵

The goal is a proposition, so `let` is preferred over `letI`.
The difference between `let` and `letI` is that `letI` inlines the value.
But this is not relevant for proofs because of proof irrelevance.

Note: This linter can be disabled with `set_option linter.style.haveILetI false`
⚠ [3847/4568] Replayed ASGinzburg.EnvelopingBalancedTensorHomEquiv
warning: ASGinzburg/EnvelopingBalancedTensorHomEquiv.lean:121:2: Try this: 
  letI̵

The goal is a proposition, so `let` is preferred over `letI`.
The difference between `let` and `letI` is that `letI` inlines the value.
But this is not relevant for proofs because of proof irrelevance.

Note: This linter can be disabled with `set_option linter.style.haveILetI false`
warning: ASGinzburg/EnvelopingBalancedTensorHomEquiv.lean:122:2: Try this: 
  letI̵

The goal is a proposition, so `let` is preferred over `letI`.
The difference between `let` and `letI` is that `letI` inlines the value.
But this is not relevant for proofs because of proof irrelevance.

Note: This linter can be disabled with `set_option linter.style.haveILetI false`
⚠ [3848/4568] Replayed ASGinzburg.EnvelopingBalancedTensorHomMaps
warning: ASGinzburg/EnvelopingBalancedTensorHomMaps.lean:39:8: Unused tactic linter: `change f (((a ⊗ₜ[k] b) • g) x) = ((a ⊗ₜ[k] b) • h) x` does nothing

Note: This linter can be disabled with `set_option linter.unusedTactic false`
⚠ [3849/4568] Replayed ASGinzburg.EnvelopingBalancedTensorProjective
warning: ASGinzburg/EnvelopingBalancedTensorProjective.lean:17:2: Try this: 
  letI̵

The goal is a proposition, so `let` is preferred over `letI`.
The difference between `let` and `letI` is that `letI` inlines the value.
But this is not relevant for proofs because of proof irrelevance.

Note: This linter can be disabled with `set_option linter.style.haveILetI false`
warning: ASGinzburg/EnvelopingBalancedTensorProjective.lean:18:2: Try this: 
  letI̵

The goal is a proposition, so `let` is preferred over `letI`.
The difference between `let` and `letI` is that `letI` inlines the value.
But this is not relevant for proofs because of proof irrelevance.

Note: This linter can be disabled with `set_option linter.style.haveILetI false`
warning: ASGinzburg/EnvelopingBalancedTensorProjective.lean:19:2: Try this: 
  letI̵

The goal is a proposition, so `let` is preferred over `letI`.
The difference between `let` and `letI` is that `letI` inlines the value.
But this is not relevant for proofs because of proof irrelevance.

Note: This linter can be disabled with `set_option linter.style.haveILetI false`
warning: ASGinzburg/EnvelopingBalancedTensorProjective.lean:22:2: Try this: 
  letI̵

The goal is a proposition, so `let` is preferred over `letI`.
The difference between `let` and `letI` is that `letI` inlines the value.
But this is not relevant for proofs because of proof irrelevance.

Note: This linter can be disabled with `set_option linter.style.haveILetI false`
warning: ASGinzburg/EnvelopingBalancedTensorProjective.lean:23:2: Try this: 
  letI̵

The goal is a proposition, so `let` is preferred over `letI`.
The difference between `let` and `letI` is that `letI` inlines the value.
But this is not relevant for proofs because of proof irrelevance.

Note: This linter can be disabled with `set_option linter.style.haveILetI false`
⚠ [3850/4568] Replayed ASGinzburg.AlgebraEnvelopingRestrictionFunctor
warning: ASGinzburg/AlgebraEnvelopingRestrictionFunctor.lean:26:4: Try this: 
  letI̵

The goal is a proposition, so `let` is preferred over `letI`.
The difference between `let` and `letI` is that `letI` inlines the value.
But this is not relevant for proofs because of proof irrelevance.

Note: This linter can be disabled with `set_option linter.style.haveILetI false`
warning: ASGinzburg/AlgebraEnvelopingRestrictionFunctor.lean:27:4: Try this: 
  letI̵

The goal is a proposition, so `let` is preferred over `letI`.
The difference between `let` and `letI` is that `letI` inlines the value.
But this is not relevant for proofs because of proof irrelevance.

Note: This linter can be disabled with `set_option linter.style.haveILetI false`
warning: ASGinzburg/AlgebraEnvelopingRestrictionFunctor.lean:28:4: Try this: 
  haveI̵

The goal is a proposition, so `have` is preferred over `haveI`.
The difference between `have` and `haveI` is that `haveI` inlines the value.
But this is not relevant for proofs because of proof irrelevance.

Note: This linter can be disabled with `set_option linter.style.haveILetI false`
⚠ [3852/4568] Replayed ASGinzburg.AlgebraEnvelopingRestrictedRegular
warning: ASGinzburg/AlgebraEnvelopingRestrictedRegular.lean:14:2: Try this: 
  letI̵

The goal is a proposition, so `let` is preferred over `letI`.
The difference between `let` and `letI` is that `letI` inlines the value.
But this is not relevant for proofs because of proof irrelevance.

Note: This linter can be disabled with `set_option linter.style.haveILetI false`
warning: ASGinzburg/AlgebraEnvelopingRestrictedRegular.lean:24:2: Try this: 
  letI̵

The goal is a proposition, so `let` is preferred over `letI`.
The difference between `let` and `letI` is that `letI` inlines the value.
But this is not relevant for proofs because of proof irrelevance.

Note: This linter can be disabled with `set_option linter.style.haveILetI false`
warning: ASGinzburg/AlgebraEnvelopingRestrictedRegular.lean:42:6: Try this: 
  letI̵

The goal is a proposition, so `let` is preferred over `letI`.
The difference between `let` and `letI` is that `letI` inlines the value.
But this is not relevant for proofs because of proof irrelevance.

Note: This linter can be disabled with `set_option linter.style.haveILetI false`
⚠ [3853/4568] Replayed ASGinzburg.EnvelopingBalancedTensorRegularUnit
warning: ASGinzburg/EnvelopingBalancedTensorRegularUnit.lean:26:6: Try this: 
  letI̵

The goal is a proposition, so `let` is preferred over `letI`.
The difference between `let` and `letI` is that `letI` inlines the value.
But this is not relevant for proofs because of proof irrelevance.

Note: This linter can be disabled with `set_option linter.style.haveILetI false`
warning: ASGinzburg/EnvelopingBalancedTensorRegularUnit.lean:61:2: Try this: 
  letI̵

The goal is a proposition, so `let` is preferred over `letI`.
The difference between `let` and `letI` is that `letI` inlines the value.
But this is not relevant for proofs because of proof irrelevance.

Note: This linter can be disabled with `set_option linter.style.haveILetI false`
warning: ASGinzburg/EnvelopingBalancedTensorRegularUnit.lean:62:2: Try this: 
  letI̵

The goal is a proposition, so `let` is preferred over `letI`.
The difference between `let` and `letI` is that `letI` inlines the value.
But this is not relevant for proofs because of proof irrelevance.

Note: This linter can be disabled with `set_option linter.style.haveILetI false`
warning: ASGinzburg/EnvelopingBalancedTensorRegularUnit.lean:93:10: Try this: 
  letI̵

The goal is a proposition, so `let` is preferred over `letI`.
The difference between `let` and `letI` is that `letI` inlines the value.
But this is not relevant for proofs because of proof irrelevance.

Note: This linter can be disabled with `set_option linter.style.haveILetI false`
⚠ [3854/4568] Replayed ASGinzburg.AlgebraEnvelopingTensorProjective
warning: ASGinzburg/AlgebraEnvelopingTensorProjective.lean:12:17: Definition `ASGinzburg.tensorRightEnvelopingModule` of class type is semireducible. Most type class instances should be instance-reducible, so consider marking this
definition with `@[instance_reducible]`. If it is intentionally semireducible, this warning can be disabled with `set_option warn.classDefReducibility false`.
warning: ASGinzburg/AlgebraEnvelopingTensorProjective.lean:50:2: Try this: 
  letI̵

The goal is a proposition, so `let` is preferred over `letI`.
The difference between `let` and `letI` is that `letI` inlines the value.
But this is not relevant for proofs because of proof irrelevance.

Note: This linter can be disabled with `set_option linter.style.haveILetI false`
⚠ [3858/4568] Replayed ASGinzburg.AlgebraEnvelopingTensorFinite
warning: ASGinzburg/AlgebraEnvelopingTensorFinite.lean:17:17: Definition `ASGinzburg.tensorRightEnvelopingModule` of class type is semireducible. Most type class instances should be instance-reducible, so consider marking this
definition with `@[instance_reducible]`. If it is intentionally semireducible, this warning can be disabled with `set_option warn.classDefReducibility false`.
warning: ASGinzburg/AlgebraEnvelopingTensorFinite.lean:34:2: Try this: 
  letI̵

The goal is a proposition, so `let` is preferred over `letI`.
The difference between `let` and `letI` is that `letI` inlines the value.
But this is not relevant for proofs because of proof irrelevance.

Note: This linter can be disabled with `set_option linter.style.haveILetI false`
⚠ [3860/4568] Replayed ASGinzburg.ModuleFieldRestrictionResolution
warning: ASGinzburg/ModuleFieldRestrictionResolution.lean:17:2: Try this: 
  letI̵

The goal is a proposition, so `let` is preferred over `letI`.
The difference between `let` and `letI` is that `letI` inlines the value.
But this is not relevant for proofs because of proof irrelevance.

Note: This linter can be disabled with `set_option linter.style.haveILetI false`
warning: ASGinzburg/ModuleFieldRestrictionResolution.lean:23:2: Try this: 
  letI̵

The goal is a proposition, so `let` is preferred over `letI`.
The difference between `let` and `letI` is that `letI` inlines the value.
But this is not relevant for proofs because of proof irrelevance.

Note: This linter can be disabled with `set_option linter.style.haveILetI false`
⚠ [3861/4667] Replayed ASGinzburg.GinzburgJacobianBoundaries
warning: ASGinzburg/GinzburgJacobianBoundaries.lean:32:8: Unused tactic linter: `change Q.ginzburgDifferential k φ u v (e.symm (Finsupp.single p 1)).val = _` does nothing

Note: This linter can be disabled with `set_option linter.unusedTactic false`
⚠ [3872/4667] Replayed ASGinzburg.EnvelopingBalancedTensorProjectiveFunctor
warning: ASGinzburg/EnvelopingBalancedTensorProjectiveFunctor.lean:20:4: Try this: 
  letI̵

The goal is a proposition, so `let` is preferred over `letI`.
The difference between `let` and `letI` is that `letI` inlines the value.
But this is not relevant for proofs because of proof irrelevance.

Note: This linter can be disabled with `set_option linter.style.haveILetI false`
warning: ASGinzburg/EnvelopingBalancedTensorProjectiveFunctor.lean:21:4: Try this: 
  letI̵

The goal is a proposition, so `let` is preferred over `letI`.
The difference between `let` and `letI` is that `letI` inlines the value.
But this is not relevant for proofs because of proof irrelevance.

Note: This linter can be disabled with `set_option linter.style.haveILetI false`
warning: ASGinzburg/EnvelopingBalancedTensorProjectiveFunctor.lean:22:4: Try this: 
  haveI̵

The goal is a proposition, so `have` is preferred over `haveI`.
The difference between `have` and `haveI` is that `haveI` inlines the value.
But this is not relevant for proofs because of proof irrelevance.

Note: This linter can be disabled with `set_option linter.style.haveILetI false`
⚠ [3875/4667] Replayed ASGinzburg.AlgebraEnvelopingTensorRestriction
warning: ASGinzburg/AlgebraEnvelopingTensorRestriction.lean:14:17: Definition `ASGinzburg.tensorRightEnvelopingModule` of class type is semireducible. Most type class instances should be instance-reducible, so consider marking this
definition with `@[instance_reducible]`. If it is intentionally semireducible, this warning can be disabled with `set_option warn.classDefReducibility false`.
warning: ASGinzburg/AlgebraEnvelopingTensorRestriction.lean:14:17: Definition `ASGinzburg.tensorRightEnvelopingScalarTower` of class type is semireducible. Most type class instances should be instance-reducible, so consider marking this
definition with `@[instance_reducible]`. If it is intentionally semireducible, this warning can be disabled with `set_option warn.classDefReducibility false`.
⚠ [3877/4667] Replayed ASGinzburg.BalancedTensorProjectiveExactness
warning: ASGinzburg/BalancedTensorProjectiveExactness.lean:85:2: Try this: 
  letI̵

The goal is a proposition, so `let` is preferred over `letI`.
The difference between `let` and `letI` is that `letI` inlines the value.
But this is not relevant for proofs because of proof irrelevance.

Note: This linter can be disabled with `set_option linter.style.haveILetI false`
warning: ASGinzburg/BalancedTensorProjectiveExactness.lean:86:2: Try this: 
  letI̵

The goal is a proposition, so `let` is preferred over `letI`.
The difference between `let` and `letI` is that `letI` inlines the value.
But this is not relevant for proofs because of proof irrelevance.

Note: This linter can be disabled with `set_option linter.style.haveILetI false`
warning: ASGinzburg/BalancedTensorProjectiveExactness.lean:87:2: Try this: 
  letI̵

The goal is a proposition, so `let` is preferred over `letI`.
The difference between `let` and `letI` is that `letI` inlines the value.
But this is not relevant for proofs because of proof irrelevance.

Note: This linter can be disabled with `set_option linter.style.haveILetI false`
warning: ASGinzburg/BalancedTensorProjectiveExactness.lean:88:2: Try this: 
  letI̵

The goal is a proposition, so `let` is preferred over `letI`.
The difference between `let` and `letI` is that `letI` inlines the value.
But this is not relevant for proofs because of proof irrelevance.

Note: This linter can be disabled with `set_option linter.style.haveILetI false`
warning: ASGinzburg/BalancedTensorProjectiveExactness.lean:112:2: Try this: 
  letI̵

The goal is a proposition, so `let` is preferred over `letI`.
The difference between `let` and `letI` is that `letI` inlines the value.
But this is not relevant for proofs because of proof irrelevance.

Note: This linter can be disabled with `set_option linter.style.haveILetI false`
warning: ASGinzburg/BalancedTensorProjectiveExactness.lean:113:2: Try this: 
  letI̵

The goal is a proposition, so `let` is preferred over `letI`.
The difference between `let` and `letI` is that `letI` inlines the value.
But this is not relevant for proofs because of proof irrelevance.

Note: This linter can be disabled with `set_option linter.style.haveILetI false`
warning: ASGinzburg/BalancedTensorProjectiveExactness.lean:123:2: Try this: 
  letI̵

The goal is a proposition, so `let` is preferred over `letI`.
The difference between `let` and `letI` is that `letI` inlines the value.
But this is not relevant for proofs because of proof irrelevance.

Note: This linter can be disabled with `set_option linter.style.haveILetI false`
warning: ASGinzburg/BalancedTensorProjectiveExactness.lean:124:2: Try this: 
  letI̵

The goal is a proposition, so `let` is preferred over `letI`.
The difference between `let` and `letI` is that `letI` inlines the value.
But this is not relevant for proofs because of proof irrelevance.

Note: This linter can be disabled with `set_option linter.style.haveILetI false`
warning: ASGinzburg/BalancedTensorProjectiveExactness.lean:125:2: Try this: 
  letI̵

The goal is a proposition, so `let` is preferred over `letI`.
The difference between `let` and `letI` is that `letI` inlines the value.
But this is not relevant for proofs because of proof irrelevance.

Note: This linter can be disabled with `set_option linter.style.haveILetI false`
warning: ASGinzburg/BalancedTensorProjectiveExactness.lean:126:2: Try this: 
  letI̵

The goal is a proposition, so `let` is preferred over `letI`.
The difference between `let` and `letI` is that `letI` inlines the value.
But this is not relevant for proofs because of proof irrelevance.

Note: This linter can be disabled with `set_option linter.style.haveILetI false`
⚠ [3881/4667] Replayed ASGinzburg.ModuleCatRestrictionColimits
warning: ASGinzburg/ModuleCatRestrictionColimits.lean:10:0: Definition `ASGinzburg.moduleCatRestrictionPreservesSmallColimits` of class type is semireducible. Most type class instances should be instance-reducible, so consider marking this
definition with `@[instance_reducible]`. If it is intentionally semireducible, this warning can be disabled with `set_option warn.classDefReducibility false`.
warning: ASGinzburg/ModuleCatRestrictionColimits.lean:10:0: Definition `moduleCatRestrictionPreservesSmallColimits` is a proposition; use `theorem` instead of `def`

Note: This linter can be disabled with `set_option linter.defProp false`
warning: ASGinzburg/ModuleCatRestrictionColimits.lean:18:2: Try this: 
  letI̵

The goal is a proposition, so `let` is preferred over `letI`.
The difference between `let` and `letI` is that `letI` inlines the value.
But this is not relevant for proofs because of proof irrelevance.

Note: This linter can be disabled with `set_option linter.style.haveILetI false`
warning: ASGinzburg/ModuleCatRestrictionColimits.lean:19:2: Try this: 
  letI̵

The goal is a proposition, so `let` is preferred over `letI`.
The difference between `let` and `letI` is that `letI` inlines the value.
But this is not relevant for proofs because of proof irrelevance.

Note: This linter can be disabled with `set_option linter.style.haveILetI false`
warning: ASGinzburg/ModuleCatRestrictionColimits.lean:16:0: Definition `ASGinzburg.moduleCatRestrictionReflectsSmallColimits` of class type is semireducible. Most type class instances should be instance-reducible, so consider marking this
definition with `@[instance_reducible]`. If it is intentionally semireducible, this warning can be disabled with `set_option warn.classDefReducibility false`.
warning: ASGinzburg/ModuleCatRestrictionColimits.lean:16:0: Definition `moduleCatRestrictionReflectsSmallColimits` is a proposition; use `theorem` instead of `def`

Note: This linter can be disabled with `set_option linter.defProp false`
⚠ [3882/4667] Replayed ASGinzburg.RightModuleBoundedGeneration
warning: ASGinzburg/RightModuleBoundedGeneration.lean:25:6: Try this: 
  letI̵

The goal is a proposition, so `let` is preferred over `letI`.
The difference between `let` and `letI` is that `letI` inlines the value.
But this is not relevant for proofs because of proof irrelevance.

Note: This linter can be disabled with `set_option linter.style.haveILetI false`
⚠ [3886/4667] Replayed ASGinzburg.RightModuleBoundedRadicalQuotient
warning: ASGinzburg/RightModuleBoundedRadicalQuotient.lean:14:2: Try this: 
  letI̵

The goal is a proposition, so `let` is preferred over `letI`.
The difference between `let` and `letI` is that `letI` inlines the value.
But this is not relevant for proofs because of proof irrelevance.

Note: This linter can be disabled with `set_option linter.style.haveILetI false`
⚠ [3888/4667] Replayed ASGinzburg.HomogeneousSubmoduleDecomposition
warning: ASGinzburg/HomogeneousSubmoduleDecomposition.lean:77:0: Definition `ASGinzburg.homogeneousSubmoduleDecomposition` of class type is semireducible. Most type class instances should be instance-reducible, so consider marking this
definition with `@[instance_reducible]`. If it is intentionally semireducible, this warning can be disabled with `set_option warn.classDefReducibility false`.
⚠ [3893/4667] Replayed ASGinzburg.ScalarStableGradedDecomposition
warning: ASGinzburg/ScalarStableGradedDecomposition.lean:23:0: Definition `ASGinzburg.scalarStableGradeDecomposition` of class type is semireducible. Most type class instances should be instance-reducible, so consider marking this
definition with `@[instance_reducible]`. If it is intentionally semireducible, this warning can be disabled with `set_option warn.classDefReducibility false`.
⚠ [3895/4667] Replayed ASGinzburg.GradedOrdinaryModuleData
warning: ASGinzburg/GradedOrdinaryModuleData.lean:24:0: Definition `ASGinzburg.GradedOrdinaryModuleData.decomposition` of class type is semireducible. Most type class instances should be instance-reducible, so consider marking this
definition with `@[instance_reducible]`. If it is intentionally semireducible, this warning can be disabled with `set_option warn.classDefReducibility false`.
⚠ [3896/4667] Replayed ASGinzburg.LinearDirectSumHomogeneousDecomposition
warning: ASGinzburg/LinearDirectSumHomogeneousDecomposition.lean:56:0: Definition `ASGinzburg.linearDirectSumHomogeneousDecomposition` of class type is semireducible. Most type class instances should be instance-reducible, so consider marking this
definition with `@[instance_reducible]`. If it is intentionally semireducible, this warning can be disabled with `set_option warn.classDefReducibility false`.
⚠ [3897/4667] Replayed ASGinzburg.NatHomogeneousSubspacesIntegerExtension
warning: ASGinzburg/NatHomogeneousSubspacesIntegerExtension.lean:72:0: Definition `ASGinzburg.natHomogeneousSubspaceIntegerExtensionDecomposition` of class type is semireducible. Most type class instances should be instance-reducible, so consider marking this
definition with `@[instance_reducible]`. If it is intentionally semireducible, this warning can be disabled with `set_option warn.classDefReducibility false`.
⚠ [3902/4667] Replayed ASGinzburg.NoncommNilpotentIdealSum
warning: ASGinzburg/NoncommNilpotentIdealSum.lean:13:2: Try this: 
  letI̵

The goal is a proposition, so `let` is preferred over `letI`.
The difference between `let` and `letI` is that `letI` inlines the value.
But this is not relevant for proofs because of proof irrelevance.

Note: This linter can be disabled with `set_option linter.style.haveILetI false`
⚠ [3909/4667] Replayed ASGinzburg.BalancedTensorFinite
warning: ASGinzburg/BalancedTensorFinite.lean:45:2: Try this: 
  haveI̵

The goal is a proposition, so `have` is preferred over `haveI`.
The difference between `have` and `haveI` is that `haveI` inlines the value.
But this is not relevant for proofs because of proof irrelevance.

Note: This linter can be disabled with `set_option linter.style.haveILetI false`
⚠ [3913/4667] Replayed ASGinzburg.FiniteFourTermProjectiveResolution
warning: ASGinzburg/FiniteFourTermProjectiveResolution.lean:32:4: Try this: 
  letI̵

The goal is a proposition, so `let` is preferred over `letI`.
The difference between `let` and `letI` is that `letI` inlines the value.
But this is not relevant for proofs because of proof irrelevance.

Note: This linter can be disabled with `set_option linter.style.haveILetI false`
⚠ [3915/4667] Replayed ASGinzburg.OrdinaryModuleFiniteFreeRetract
warning: ASGinzburg/OrdinaryModuleFiniteFreeRetract.lean:18:2: Try this: 
  letI̵

The goal is a proposition, so `let` is preferred over `letI`.
The difference between `let` and `letI` is that `letI` inlines the value.
But this is not relevant for proofs because of proof irrelevance.

Note: This linter can be disabled with `set_option linter.style.haveILetI false`
warning: ASGinzburg/OrdinaryModuleFiniteFreeRetract.lean:29:4: Try this: 
  letI̵

The goal is a proposition, so `let` is preferred over `letI`.
The difference between `let` and `letI` is that `letI` inlines the value.
But this is not relevant for proofs because of proof irrelevance.

Note: This linter can be disabled with `set_option linter.style.haveILetI false`
warning: ASGinzburg/OrdinaryModuleFiniteFreeRetract.lean:36:4: Try this: 
  letI̵

The goal is a proposition, so `let` is preferred over `letI`.
The difference between `let` and `letI` is that `letI` inlines the value.
But this is not relevant for proofs because of proof irrelevance.

Note: This linter can be disabled with `set_option linter.style.haveILetI false`
warning: ASGinzburg/OrdinaryModuleFiniteFreeRetract.lean:37:4: Try this: 
  letI̵

The goal is a proposition, so `let` is preferred over `letI`.
The difference between `let` and `letI` is that `letI` inlines the value.
But this is not relevant for proofs because of proof irrelevance.

Note: This linter can be disabled with `set_option linter.style.haveILetI false`
⚠ [3918/4667] Replayed ASGinzburg.ModuleCatRingEquivProjectiveDimension
warning: ASGinzburg/ModuleCatRingEquivProjectiveDimension.lean:18:2: Try this: 
  letI̵

The goal is a proposition, so `let` is preferred over `letI`.
The difference between `let` and `letI` is that `letI` inlines the value.
But this is not relevant for proofs because of proof irrelevance.

Note: This linter can be disabled with `set_option linter.style.haveILetI false`
⚠ [3928/4782] Replayed ASGinzburg.PathJacobianGrading
warning: ASGinzburg/PathJacobianGrading.lean:60:6: `if_pos` has been deprecated: Use `ite_eq_left` instead
⚠ [3933/4782] Replayed ASGinzburg.GinzburgGeneratorLayerQuotients
warning: ASGinzburg/GinzburgGeneratorLayerQuotients.lean:35:13: `Set.mem_diff` has been deprecated: Use `Set.mem_sdiff` instead
warning: ASGinzburg/GinzburgGeneratorLayerQuotients.lean:35:26: `Set.mem_setOf_eq` has been deprecated: Use `Set.mem_ofPred_eq` instead
⚠ [3940/4782] Replayed ASGinzburg.EnvelopingBalancedTensorResolution
warning: ASGinzburg/EnvelopingBalancedTensorResolution.lean:28:2: Try this: 
  letI̵

The goal is a proposition, so `let` is preferred over `letI`.
The difference between `let` and `letI` is that `letI` inlines the value.
But this is not relevant for proofs because of proof irrelevance.

Note: This linter can be disabled with `set_option linter.style.haveILetI false`
warning: ASGinzburg/EnvelopingBalancedTensorResolution.lean:29:2: Try this: 
  letI̵

The goal is a proposition, so `let` is preferred over `letI`.
The difference between `let` and `letI` is that `letI` inlines the value.
But this is not relevant for proofs because of proof irrelevance.

Note: This linter can be disabled with `set_option linter.style.haveILetI false`
warning: ASGinzburg/EnvelopingBalancedTensorResolution.lean:35:2: Try this: 
  haveI̵

The goal is a proposition, so `have` is preferred over `haveI`.
The difference between `have` and `haveI` is that `haveI` inlines the value.
But this is not relevant for proofs because of proof irrelevance.

Note: This linter can be disabled with `set_option linter.style.haveILetI false`
warning: ASGinzburg/EnvelopingBalancedTensorResolution.lean:38:2: Try this: 
  haveI̵

The goal is a proposition, so `have` is preferred over `haveI`.
The difference between `have` and `haveI` is that `haveI` inlines the value.
But this is not relevant for proofs because of proof irrelevance.

Note: This linter can be disabled with `set_option linter.style.haveILetI false`
warning: ASGinzburg/EnvelopingBalancedTensorResolution.lean:61:4: Try this: 
  haveI̵

The goal is a proposition, so `have` is preferred over `haveI`.
The difference between `have` and `haveI` is that `haveI` inlines the value.
But this is not relevant for proofs because of proof irrelevance.

Note: This linter can be disabled with `set_option linter.style.haveILetI false`
⚠ [3941/4782] Replayed ASGinzburg.BicomplexTotalProjective
warning: ASGinzburg/BicomplexTotalProjective.lean:16:2: Try this: 
  letI̵

The goal is a proposition, so `let` is preferred over `letI`.
The difference between `let` and `letI` is that `letI` inlines the value.
But this is not relevant for proofs because of proof irrelevance.

Note: This linter can be disabled with `set_option linter.style.haveILetI false`
warning: ASGinzburg/BicomplexTotalProjective.lean:18:2: Try this: 
  letI̵

The goal is a proposition, so `let` is preferred over `letI`.
The difference between `let` and `letI` is that `letI` inlines the value.
But this is not relevant for proofs because of proof irrelevance.

Note: This linter can be disabled with `set_option linter.style.haveILetI false`
warning: ASGinzburg/BicomplexTotalProjective.lean:21:2: Try this: 
  letI̵

The goal is a proposition, so `let` is preferred over `letI`.
The difference between `let` and `letI` is that `letI` inlines the value.
But this is not relevant for proofs because of proof irrelevance.

Note: This linter can be disabled with `set_option linter.style.haveILetI false`
warning: ASGinzburg/BicomplexTotalProjective.lean:25:13: `CategoryTheory.Limits.Sigma.ι_desc_assoc` has been deprecated: Use `CategoryTheory.Limits.Sigma.ι_comp_desc_assoc` instead
⚠ [3943/4782] Replayed ASGinzburg.BicomplexTotalFunctor
warning: ASGinzburg/BicomplexTotalFunctor.lean:46:2: Try this: 
  letI̵

The goal is a proposition, so `let` is preferred over `letI`.
The difference between `let` and `letI` is that `letI` inlines the value.
But this is not relevant for proofs because of proof irrelevance.

Note: This linter can be disabled with `set_option linter.style.haveILetI false`
⚠ [3945/4782] Replayed ASGinzburg.BalancedTensorTorProjectiveRight
warning: ASGinzburg/BalancedTensorTorProjectiveRight.lean:19:2: Try this: 
  letI̵

The goal is a proposition, so `let` is preferred over `letI`.
The difference between `let` and `letI` is that `letI` inlines the value.
But this is not relevant for proofs because of proof irrelevance.

Note: This linter can be disabled with `set_option linter.style.haveILetI false`
⚠ [3946/4782] Replayed ASGinzburg.BicomplexTotalCoordinates
warning: ASGinzburg/BicomplexTotalCoordinates.lean:60:2: `push_neg` has been deprecated. Prefer using `push Not` instead.
If you'd rather continue using `push_neg` in your project, you can implement it as follows:
```
open Lean.Parser.Tactic in
macro "push_neg" cfg:optConfig loc:(location)? : tactic =>
  `(tactic| push $cfg:optConfig Not $[$loc]?)
```
warning: ASGinzburg/BicomplexTotalCoordinates.lean:81:4: `push_neg` has been deprecated. Prefer using `push Not` instead.
If you'd rather continue using `push_neg` in your project, you can implement it as follows:
```
open Lean.Parser.Tactic in
macro "push_neg" cfg:optConfig loc:(location)? : tactic =>
  `(tactic| push $cfg:optConfig Not $[$loc]?)
```
⚠ [3947/4782] Replayed ASGinzburg.GradedNilpotentNakayama
warning: ASGinzburg/GradedNilpotentNakayama.lean:104:8: Try this: 
  letI̵

The goal is a proposition, so `let` is preferred over `letI`.
The difference between `let` and `letI` is that `letI` inlines the value.
But this is not relevant for proofs because of proof irrelevance.

Note: This linter can be disabled with `set_option linter.style.haveILetI false`
⚠ [3948/4782] Replayed ASGinzburg.RightTopBasisPresentation
warning: ASGinzburg/RightTopBasisPresentation.lean:46:12: `CategoryTheory.Limits.Sigma.ι_desc` has been deprecated: Use `CategoryTheory.Limits.Sigma.ι_comp_desc` instead
⚠ [3950/4782] Replayed ASGinzburg.GradedLinearMapKernel
warning: ASGinzburg/GradedLinearMapKernel.lean:50:0: Definition `ASGinzburg.homogeneousLinearMapKernelDecomposition` of class type is semireducible. Most type class instances should be instance-reducible, so consider marking this
definition with `@[instance_reducible]`. If it is intentionally semireducible, this warning can be disabled with `set_option warn.classDefReducibility false`.
warning: ASGinzburg/GradedLinearMapKernel.lean:58:0: Definition `ASGinzburg.ordinaryHomogeneousKernelDecomposition` of class type is semireducible. Most type class instances should be instance-reducible, so consider marking this
definition with `@[instance_reducible]`. If it is intentionally semireducible, this warning can be disabled with `set_option warn.classDefReducibility false`.
⚠ [3951/4782] Replayed ASGinzburg.HomogeneousQuotientDecomposition
warning: ASGinzburg/HomogeneousQuotientDecomposition.lean:37:0: Definition `ASGinzburg.homogeneousQuotientDecomposition` of class type is semireducible. Most type class instances should be instance-reducible, so consider marking this
definition with `@[instance_reducible]`. If it is intentionally semireducible, this warning can be disabled with `set_option warn.classDefReducibility false`.
⚠ [3954/4782] Replayed ASGinzburg.DirectSumGrading
warning: ASGinzburg/DirectSumGrading.lean:47:0: Definition `ASGinzburg.directSumGradeDecomposition` of class type is semireducible. Most type class instances should be instance-reducible, so consider marking this
definition with `@[instance_reducible]`. If it is intentionally semireducible, this warning can be disabled with `set_option warn.classDefReducibility false`.
⚠ [3955/4782] Replayed ASGinzburg.IdempotentPrincipalCoproductProjective
warning: ASGinzburg/IdempotentPrincipalCoproductProjective.lean:18:2: Try this: 
  letI̵

The goal is a proposition, so `let` is preferred over `letI`.
The difference between `let` and `letI` is that `letI` inlines the value.
But this is not relevant for proofs because of proof irrelevance.

Note: This linter can be disabled with `set_option linter.style.haveILetI false`
warning: ASGinzburg/IdempotentPrincipalCoproductProjective.lean:20:2: Try this: 
  letI̵

The goal is a proposition, so `let` is preferred over `letI`.
The difference between `let` and `letI` is that `letI` inlines the value.
But this is not relevant for proofs because of proof irrelevance.

Note: This linter can be disabled with `set_option linter.style.haveILetI false`
warning: ASGinzburg/IdempotentPrincipalCoproductProjective.lean:22:2: Try this: 
  letI̵

The goal is a proposition, so `let` is preferred over `letI`.
The difference between `let` and `letI` is that `letI` inlines the value.
But this is not relevant for proofs because of proof irrelevance.

Note: This linter can be disabled with `set_option linter.style.haveILetI false`
warning: ASGinzburg/IdempotentPrincipalCoproductProjective.lean:30:2: Try this: 
  letI̵

The goal is a proposition, so `let` is preferred over `letI`.
The difference between `let` and `letI` is that `letI` inlines the value.
But this is not relevant for proofs because of proof irrelevance.

Note: This linter can be disabled with `set_option linter.style.haveILetI false`
warning: ASGinzburg/IdempotentPrincipalCoproductProjective.lean:38:2: Try this: 
  letI̵

The goal is a proposition, so `let` is preferred over `letI`.
The difference between `let` and `letI` is that `letI` inlines the value.
But this is not relevant for proofs because of proof irrelevance.

Note: This linter can be disabled with `set_option linter.style.haveILetI false`
⚠ [3960/4782] Replayed ASGinzburg.AlgebraEnvelopingNilpotentKernel
warning: ASGinzburg/AlgebraEnvelopingNilpotentKernel.lean:57:2: Try this: 
  letI̵

The goal is a proposition, so `let` is preferred over `letI`.
The difference between `let` and `letI` is that `letI` inlines the value.
But this is not relevant for proofs because of proof irrelevance.

Note: This linter can be disabled with `set_option linter.style.haveILetI false`
warning: ASGinzburg/AlgebraEnvelopingNilpotentKernel.lean:61:2: Try this: 
  letI̵

The goal is a proposition, so `let` is preferred over `letI`.
The difference between `let` and `letI` is that `letI` inlines the value.
But this is not relevant for proofs because of proof irrelevance.

Note: This linter can be disabled with `set_option linter.style.haveILetI false`
⚠ [3962/4782] Replayed ASGinzburg.AlgebraEnvelopingQuotientTensorRightModule
warning: ASGinzburg/AlgebraEnvelopingQuotientTensorRightModule.lean:18:0: Definition `ASGinzburg.quotientEnvelopingRightTargetModule` of class type is semireducible. Most type class instances should be instance-reducible, so consider marking this
definition with `@[instance_reducible]`. If it is intentionally semireducible, this warning can be disabled with `set_option warn.classDefReducibility false`.
warning: ASGinzburg/AlgebraEnvelopingQuotientTensorRightModule.lean:23:17: Definition `ASGinzburg.quotientEnvelopingRightTargetModule` of class type is semireducible. Most type class instances should be instance-reducible, so consider marking this
definition with `@[instance_reducible]`. If it is intentionally semireducible, this warning can be disabled with `set_option warn.classDefReducibility false`.
warning: ASGinzburg/AlgebraEnvelopingQuotientTensorRightModule.lean:29:0: Definition `ASGinzburg.idealQuotientRightScalarTower` of class type is semireducible. Most type class instances should be instance-reducible, so consider marking this
definition with `@[instance_reducible]`. If it is intentionally semireducible, this warning can be disabled with `set_option warn.classDefReducibility false`.
warning: ASGinzburg/AlgebraEnvelopingQuotientTensorRightModule.lean:29:0: Definition `idealQuotientRightScalarTower` is a proposition; use `theorem` instead of `def`

Note: This linter can be disabled with `set_option linter.defProp false`
warning: ASGinzburg/AlgebraEnvelopingQuotientTensorRightModule.lean:35:17: Definition `ASGinzburg.idealQuotientRightScalarTower` of class type is semireducible. Most type class instances should be instance-reducible, so consider marking this
definition with `@[instance_reducible]`. If it is intentionally semireducible, this warning can be disabled with `set_option warn.classDefReducibility false`.
warning: ASGinzburg/AlgebraEnvelopingQuotientTensorRightModule.lean:63:4: This simp argument is unused:
  LinearEquiv.trans_apply

Hint: Omit it from the simp argument list.
  [apply] simp only [quotientTensorRightTmul, quotientTensorRightCanonicalFieldEquiv]

Note: This linter can be disabled with `set_option linter.unusedSimpArgs false`
warning: ASGinzburg/AlgebraEnvelopingQuotientTensorRightModule.lean:80:4: Try this: 
  letI̵

The goal is a proposition, so `let` is preferred over `letI`.
The difference between `let` and `letI` is that `letI` inlines the value.
But this is not relevant for proofs because of proof irrelevance.

Note: This linter can be disabled with `set_option linter.style.haveILetI false`
⚠ [3963/4782] Replayed ASGinzburg.BalancedTensorEnvelopingFunctorComparison
warning: ASGinzburg/BalancedTensorEnvelopingFunctorComparison.lean:19:17: Definition `ASGinzburg.tensorRightEnvelopingModule` of class type is semireducible. Most type class instances should be instance-reducible, so consider marking this
definition with `@[instance_reducible]`. If it is intentionally semireducible, this warning can be disabled with `set_option warn.classDefReducibility false`.
warning: ASGinzburg/BalancedTensorEnvelopingFunctorComparison.lean:19:17: Definition `ASGinzburg.tensorRightEnvelopingScalarTower` of class type is semireducible. Most type class instances should be instance-reducible, so consider marking this
definition with `@[instance_reducible]`. If it is intentionally semireducible, this warning can be disabled with `set_option warn.classDefReducibility false`.
warning: ASGinzburg/BalancedTensorEnvelopingFunctorComparison.lean:19:17: Definition `ASGinzburg.regularEnvelopingModule` of class type is semireducible. Most type class instances should be instance-reducible, so consider marking this
definition with `@[instance_reducible]`. If it is intentionally semireducible, this warning can be disabled with `set_option warn.classDefReducibility false`.
warning: ASGinzburg/BalancedTensorEnvelopingFunctorComparison.lean:19:17: Definition `ASGinzburg.regularEnvelopingScalarTower` of class type is semireducible. Most type class instances should be instance-reducible, so consider marking this
definition with `@[instance_reducible]`. If it is intentionally semireducible, this warning can be disabled with `set_option warn.classDefReducibility false`.
⚠ [3965/4782] Replayed ASGinzburg.BalancedTensorLeftProjectiveExactness
warning: ASGinzburg/BalancedTensorLeftProjectiveExactness.lean:31:2: Try this: 
  letI̵

The goal is a proposition, so `let` is preferred over `letI`.
The difference between `let` and `letI` is that `letI` inlines the value.
But this is not relevant for proofs because of proof irrelevance.

Note: This linter can be disabled with `set_option linter.style.haveILetI false`
warning: ASGinzburg/BalancedTensorLeftProjectiveExactness.lean:38:2: Try this: 
  letI̵

The goal is a proposition, so `let` is preferred over `letI`.
The difference between `let` and `letI` is that `letI` inlines the value.
But this is not relevant for proofs because of proof irrelevance.

Note: This linter can be disabled with `set_option linter.style.haveILetI false`
warning: ASGinzburg/BalancedTensorLeftProjectiveExactness.lean:39:2: Try this: 
  letI̵

The goal is a proposition, so `let` is preferred over `letI`.
The difference between `let` and `letI` is that `letI` inlines the value.
But this is not relevant for proofs because of proof irrelevance.

Note: This linter can be disabled with `set_option linter.style.haveILetI false`
warning: ASGinzburg/BalancedTensorLeftProjectiveExactness.lean:40:2: Try this: 
  letI̵

The goal is a proposition, so `let` is preferred over `letI`.
The difference between `let` and `letI` is that `letI` inlines the value.
But this is not relevant for proofs because of proof irrelevance.

Note: This linter can be disabled with `set_option linter.style.haveILetI false`
warning: ASGinzburg/BalancedTensorLeftProjectiveExactness.lean:41:2: Try this: 
  letI̵

The goal is a proposition, so `let` is preferred over `letI`.
The difference between `let` and `letI` is that `letI` inlines the value.
But this is not relevant for proofs because of proof irrelevance.

Note: This linter can be disabled with `set_option linter.style.haveILetI false`
warning: ASGinzburg/BalancedTensorLeftProjectiveExactness.lean:42:8: `CategoryTheory.Functor.preservesMonomorphisms.of_iso` has been deprecated: Use `CategoryTheory.Functor.PreservesMonomorphisms.of_iso` instead

Note: The updated constant is in a different namespace. Dot notation may need to be changed (e.g., from `x.of_iso` to `Functor.PreservesMonomorphisms.of_iso x`).
⚠ [3966/4782] Replayed ASGinzburg.BalancedTensorTorLeftFinite
warning: ASGinzburg/BalancedTensorTorLeftFinite.lean:16:2: Try this: 
  haveI̵

The goal is a proposition, so `have` is preferred over `haveI`.
The difference between `have` and `haveI` is that `haveI` inlines the value.
But this is not relevant for proofs because of proof irrelevance.

Note: This linter can be disabled with `set_option linter.style.haveILetI false`
warning: ASGinzburg/BalancedTensorTorLeftFinite.lean:32:2: Try this: 
  haveI̵

The goal is a proposition, so `have` is preferred over `haveI`.
The difference between `have` and `haveI` is that `haveI` inlines the value.
But this is not relevant for proofs because of proof irrelevance.

Note: This linter can be disabled with `set_option linter.style.haveILetI false`
warning: ASGinzburg/BalancedTensorTorLeftFinite.lean:34:2: Try this: 
  haveI̵

The goal is a proposition, so `have` is preferred over `haveI`.
The difference between `have` and `haveI` is that `haveI` inlines the value.
But this is not relevant for proofs because of proof irrelevance.

Note: This linter can be disabled with `set_option linter.style.haveILetI false`
warning: ASGinzburg/BalancedTensorTorLeftFinite.lean:37:2: Try this: 
  haveI̵

The goal is a proposition, so `have` is preferred over `haveI`.
The difference between `have` and `haveI` is that `haveI` inlines the value.
But this is not relevant for proofs because of proof irrelevance.

Note: This linter can be disabled with `set_option linter.style.haveILetI false`
warning: ASGinzburg/BalancedTensorTorLeftFinite.lean:39:2: Try this: 
  haveI̵

The goal is a proposition, so `have` is preferred over `haveI`.
The difference between `have` and `haveI` is that `haveI` inlines the value.
But this is not relevant for proofs because of proof irrelevance.

Note: This linter can be disabled with `set_option linter.style.haveILetI false`
⚠ [3969/4782] Replayed ASGinzburg.BalancedTensorRightMinimalTop
warning: ASGinzburg/BalancedTensorRightMinimalTop.lean:49:2: Try this: 
  letI̵

The goal is a proposition, so `let` is preferred over `letI`.
The difference between `let` and `letI` is that `letI` inlines the value.
But this is not relevant for proofs because of proof irrelevance.

Note: This linter can be disabled with `set_option linter.style.haveILetI false`
⚠ [3974/4782] Replayed ASGinzburg.TriangleQuadraticResolution
warning: ASGinzburg/TriangleQuadraticResolution.lean:68:4: Try this: 
  haveI̵

The goal is a proposition, so `have` is preferred over `haveI`.
The difference between `have` and `haveI` is that `haveI` inlines the value.
But this is not relevant for proofs because of proof irrelevance.

Note: This linter can be disabled with `set_option linter.style.haveILetI false`
warning: ASGinzburg/TriangleQuadraticResolution.lean:111:4: Try this: 
  haveI̵

The goal is a proposition, so `have` is preferred over `haveI`.
The difference between `have` and `haveI` is that `haveI` inlines the value.
But this is not relevant for proofs because of proof irrelevance.

Note: This linter can be disabled with `set_option linter.style.haveILetI false`
⚠ [3976/4782] Replayed ASGinzburg.OrdinaryModuleRingDualFinite
warning: ASGinzburg/OrdinaryModuleRingDualFinite.lean:33:2: Try this: 
  letI̵

The goal is a proposition, so `let` is preferred over `letI`.
The difference between `let` and `letI` is that `letI` inlines the value.
But this is not relevant for proofs because of proof irrelevance.

Note: This linter can be disabled with `set_option linter.style.haveILetI false`
⚠ [3978/4782] Replayed ASGinzburg.OrdinaryRingDualTensorEvaluation
warning: ASGinzburg/OrdinaryRingDualTensorEvaluation.lean:14:0: Definition `ASGinzburg.ordinaryRingDualTensorModuleK` of class type is semireducible. Most type class instances should be instance-reducible, so consider marking this
definition with `@[instance_reducible]`. If it is intentionally semireducible, this warning can be disabled with `set_option warn.classDefReducibility false`.
warning: ASGinzburg/OrdinaryRingDualTensorEvaluation.lean:18:17: Definition `ASGinzburg.ordinaryRingDualTensorModuleK` of class type is semireducible. Most type class instances should be instance-reducible, so consider marking this
definition with `@[instance_reducible]`. If it is intentionally semireducible, this warning can be disabled with `set_option warn.classDefReducibility false`.
warning: ASGinzburg/OrdinaryRingDualTensorEvaluation.lean:25:2: Try this: 
  letI̵

The goal is a proposition, so `let` is preferred over `letI`.
The difference between `let` and `letI` is that `letI` inlines the value.
But this is not relevant for proofs because of proof irrelevance.

Note: This linter can be disabled with `set_option linter.style.haveILetI false`
warning: ASGinzburg/OrdinaryRingDualTensorEvaluation.lean:26:2: Try this: 
  letI̵

The goal is a proposition, so `let` is preferred over `letI`.
The difference between `let` and `letI` is that `letI` inlines the value.
But this is not relevant for proofs because of proof irrelevance.

Note: This linter can be disabled with `set_option linter.style.haveILetI false`
warning: ASGinzburg/OrdinaryRingDualTensorEvaluation.lean:20:0: Definition `ASGinzburg.ordinaryRingDualTensorScalarTower` of class type is semireducible. Most type class instances should be instance-reducible, so consider marking this
definition with `@[instance_reducible]`. If it is intentionally semireducible, this warning can be disabled with `set_option warn.classDefReducibility false`.
warning: ASGinzburg/OrdinaryRingDualTensorEvaluation.lean:20:0: Definition `ordinaryRingDualTensorScalarTower` is a proposition; use `theorem` instead of `def`

Note: This linter can be disabled with `set_option linter.defProp false`
warning: ASGinzburg/OrdinaryRingDualTensorEvaluation.lean:33:17: Definition `ASGinzburg.ordinaryRingDualTensorScalarTower` of class type is semireducible. Most type class instances should be instance-reducible, so consider marking this
definition with `@[instance_reducible]`. If it is intentionally semireducible, this warning can be disabled with `set_option warn.classDefReducibility false`.
warning: ASGinzburg/OrdinaryRingDualTensorEvaluation.lean:88:4: Try this: 
  letI̵

The goal is a proposition, so `let` is preferred over `letI`.
The difference between `let` and `letI` is that `letI` inlines the value.
But this is not relevant for proofs because of proof irrelevance.

Note: This linter can be disabled with `set_option linter.style.haveILetI false`
warning: ASGinzburg/OrdinaryRingDualTensorEvaluation.lean:89:4: Try this: 
  letI̵

The goal is a proposition, so `let` is preferred over `letI`.
The difference between `let` and `letI` is that `letI` inlines the value.
But this is not relevant for proofs because of proof irrelevance.

Note: This linter can be disabled with `set_option linter.style.haveILetI false`
warning: ASGinzburg/OrdinaryRingDualTensorEvaluation.lean:90:4: Try this: 
  letI̵

The goal is a proposition, so `let` is preferred over `letI`.
The difference between `let` and `letI` is that `letI` inlines the value.
But this is not relevant for proofs because of proof irrelevance.

Note: This linter can be disabled with `set_option linter.style.haveILetI false`
warning: ASGinzburg/OrdinaryRingDualTensorEvaluation.lean:92:4: Try this: 
  letI̵

The goal is a proposition, so `let` is preferred over `letI`.
The difference between `let` and `letI` is that `letI` inlines the value.
But this is not relevant for proofs because of proof irrelevance.

Note: This linter can be disabled with `set_option linter.style.haveILetI false`
warning: ASGinzburg/OrdinaryRingDualTensorEvaluation.lean:94:4: Try this: 
  letI̵

The goal is a proposition, so `let` is preferred over `letI`.
The difference between `let` and `letI` is that `letI` inlines the value.
But this is not relevant for proofs because of proof irrelevance.

Note: This linter can be disabled with `set_option linter.style.haveILetI false`
warning: ASGinzburg/OrdinaryRingDualTensorEvaluation.lean:95:4: Try this: 
  letI̵

The goal is a proposition, so `let` is preferred over `letI`.
The difference between `let` and `letI` is that `letI` inlines the value.
But this is not relevant for proofs because of proof irrelevance.

Note: This linter can be disabled with `set_option linter.style.haveILetI false`
⚠ [3982/4782] Replayed ASGinzburg.AlgebraEnvelopingOppositeLeftProjective
warning: ASGinzburg/AlgebraEnvelopingOppositeLeftProjective.lean:14:0: Definition `ASGinzburg.envelopingOppositeLeftModule` of class type is semireducible. Most type class instances should be instance-reducible, so consider marking this
definition with `@[instance_reducible]`. If it is intentionally semireducible, this warning can be disabled with `set_option warn.classDefReducibility false`.
warning: ASGinzburg/AlgebraEnvelopingOppositeLeftProjective.lean:54:2: Try this: 
  letI̵

The goal is a proposition, so `let` is preferred over `letI`.
The difference between `let` and `letI` is that `letI` inlines the value.
But this is not relevant for proofs because of proof irrelevance.

Note: This linter can be disabled with `set_option linter.style.haveILetI false`
warning: ASGinzburg/AlgebraEnvelopingOppositeLeftProjective.lean:62:2: Try this: 
  letI̵

The goal is a proposition, so `let` is preferred over `letI`.
The difference between `let` and `letI` is that `letI` inlines the value.
But this is not relevant for proofs because of proof irrelevance.

Note: This linter can be disabled with `set_option linter.style.haveILetI false`
warning: ASGinzburg/AlgebraEnvelopingOppositeLeftProjective.lean:63:2: Try this: 
  letI̵

The goal is a proposition, so `let` is preferred over `letI`.
The difference between `let` and `letI` is that `letI` inlines the value.
But this is not relevant for proofs because of proof irrelevance.

Note: This linter can be disabled with `set_option linter.style.haveILetI false`
warning: ASGinzburg/AlgebraEnvelopingOppositeLeftProjective.lean:64:2: Try this: 
  haveI̵

The goal is a proposition, so `have` is preferred over `haveI`.
The difference between `have` and `haveI` is that `haveI` inlines the value.
But this is not relevant for proofs because of proof irrelevance.

Note: This linter can be disabled with `set_option linter.style.haveILetI false`
⚠ [3983/4782] Replayed ASGinzburg.AlgebraEnvelopingRightModuleBimodule
warning: ASGinzburg/AlgebraEnvelopingRightModuleBimodule.lean:27:0: Definition `ASGinzburg.rightEnvelopingLeftModule` of class type is semireducible. Most type class instances should be instance-reducible, so consider marking this
definition with `@[instance_reducible]`. If it is intentionally semireducible, this warning can be disabled with `set_option warn.classDefReducibility false`.
warning: ASGinzburg/AlgebraEnvelopingRightModuleBimodule.lean:30:0: Definition `ASGinzburg.rightEnvelopingRightModule` of class type is semireducible. Most type class instances should be instance-reducible, so consider marking this
definition with `@[instance_reducible]`. If it is intentionally semireducible, this warning can be disabled with `set_option warn.classDefReducibility false`.
warning: ASGinzburg/AlgebraEnvelopingRightModuleBimodule.lean:37:2: Try this: 
  letI̵

The goal is a proposition, so `let` is preferred over `letI`.
The difference between `let` and `letI` is that `letI` inlines the value.
But this is not relevant for proofs because of proof irrelevance.

Note: This linter can be disabled with `set_option linter.style.haveILetI false`
warning: ASGinzburg/AlgebraEnvelopingRightModuleBimodule.lean:38:2: Try this: 
  letI̵

The goal is a proposition, so `let` is preferred over `letI`.
The difference between `let` and `letI` is that `letI` inlines the value.
But this is not relevant for proofs because of proof irrelevance.

Note: This linter can be disabled with `set_option linter.style.haveILetI false`
warning: ASGinzburg/AlgebraEnvelopingRightModuleBimodule.lean:33:0: Definition `ASGinzburg.rightEnvelopingActionsCommute` of class type is semireducible. Most type class instances should be instance-reducible, so consider marking this
definition with `@[instance_reducible]`. If it is intentionally semireducible, this warning can be disabled with `set_option warn.classDefReducibility false`.
warning: ASGinzburg/AlgebraEnvelopingRightModuleBimodule.lean:33:0: Definition `rightEnvelopingActionsCommute` is a proposition; use `theorem` instead of `def`

Note: This linter can be disabled with `set_option linter.defProp false`
warning: ASGinzburg/AlgebraEnvelopingRightModuleBimodule.lean:53:2: Try this: 
  letI̵

The goal is a proposition, so `let` is preferred over `letI`.
The difference between `let` and `letI` is that `letI` inlines the value.
But this is not relevant for proofs because of proof irrelevance.

Note: This linter can be disabled with `set_option linter.style.haveILetI false`
warning: ASGinzburg/AlgebraEnvelopingRightModuleBimodule.lean:54:2: Try this: 
  letI̵

The goal is a proposition, so `let` is preferred over `letI`.
The difference between `let` and `letI` is that `letI` inlines the value.
But this is not relevant for proofs because of proof irrelevance.

Note: This linter can be disabled with `set_option linter.style.haveILetI false`
⚠ [3999/4782] Replayed ASGinzburg.PathJacobianHomogeneousContexts
warning: ASGinzburg/PathJacobianHomogeneousContexts.lean:56:43: `if_pos` has been deprecated: Use `ite_eq_left` instead
⚠ [4007/4782] Replayed ASGinzburg.GinzburgAssociatedGradedComplex
warning: ASGinzburg/GinzburgAssociatedGradedComplex.lean:34:2: Try this: 
  letI̵

The goal is a proposition, so `let` is preferred over `letI`.
The difference between `let` and `letI` is that `letI` inlines the value.
But this is not relevant for proofs because of proof irrelevance.

Note: This linter can be disabled with `set_option linter.style.haveILetI false`
⚠ [4012/4782] Replayed ASGinzburg.GinzburgAugmentationHeightHomology
warning: ASGinzburg/GinzburgAugmentationHeightHomology.lean:26:2: Try this: 
  letI̵

The goal is a proposition, so `let` is preferred over `letI`.
The difference between `let` and `letI` is that `letI` inlines the value.
But this is not relevant for proofs because of proof irrelevance.

Note: This linter can be disabled with `set_option linter.style.haveILetI false`
⚠ [4025/4782] Replayed ASGinzburg.AlgebraEnvelopingTensorTotal
warning: ASGinzburg/AlgebraEnvelopingTensorTotal.lean:15:17: Definition `ASGinzburg.tensorRightEnvelopingModule` of class type is semireducible. Most type class instances should be instance-reducible, so consider marking this
definition with `@[instance_reducible]`. If it is intentionally semireducible, this warning can be disabled with `set_option warn.classDefReducibility false`.
warning: ASGinzburg/AlgebraEnvelopingTensorTotal.lean:29:2: Try this: 
  letI̵

The goal is a proposition, so `let` is preferred over `letI`.
The difference between `let` and `letI` is that `letI` inlines the value.
But this is not relevant for proofs because of proof irrelevance.

Note: This linter can be disabled with `set_option linter.style.haveILetI false`
warning: ASGinzburg/AlgebraEnvelopingTensorTotal.lean:42:2: Try this: 
  letI̵

The goal is a proposition, so `let` is preferred over `letI`.
The difference between `let` and `letI` is that `letI` inlines the value.
But this is not relevant for proofs because of proof irrelevance.

Note: This linter can be disabled with `set_option linter.style.haveILetI false`
warning: ASGinzburg/AlgebraEnvelopingTensorTotal.lean:44:2: Try this: 
  letI̵

The goal is a proposition, so `let` is preferred over `letI`.
The difference between `let` and `letI` is that `letI` inlines the value.
But this is not relevant for proofs because of proof irrelevance.

Note: This linter can be disabled with `set_option linter.style.haveILetI false`
⚠ [4026/4782] Replayed ASGinzburg.TensorTotalFinite
warning: ASGinzburg/TensorTotalFinite.lean:24:2: Try this: 
  letI̵

The goal is a proposition, so `let` is preferred over `letI`.
The difference between `let` and `letI` is that `letI` inlines the value.
But this is not relevant for proofs because of proof irrelevance.

Note: This linter can be disabled with `set_option linter.style.haveILetI false`
warning: ASGinzburg/TensorTotalFinite.lean:51:17: Definition `ASGinzburg.tensorRightEnvelopingModule` of class type is semireducible. Most type class instances should be instance-reducible, so consider marking this
definition with `@[instance_reducible]`. If it is intentionally semireducible, this warning can be disabled with `set_option warn.classDefReducibility false`.
warning: ASGinzburg/TensorTotalFinite.lean:59:2: Try this: 
  letI̵

The goal is a proposition, so `let` is preferred over `letI`.
The difference between `let` and `letI` is that `letI` inlines the value.
But this is not relevant for proofs because of proof irrelevance.

Note: This linter can be disabled with `set_option linter.style.haveILetI false`
warning: ASGinzburg/TensorTotalFinite.lean:62:2: Try this: 
  letI̵

The goal is a proposition, so `let` is preferred over `letI`.
The difference between `let` and `letI` is that `letI` inlines the value.
But this is not relevant for proofs because of proof irrelevance.

Note: This linter can be disabled with `set_option linter.style.haveILetI false`
⚠ [4027/4782] Replayed ASGinzburg.BifunctorTotalSingleLeft
warning: ASGinzburg/BifunctorTotalSingleLeft.lean:36:2: `CategoryTheory.Limits.mkCofanColimit` has been deprecated: Use `CategoryTheory.Limits.Cofan.IsColimit.mk` instead

Note: The updated constant is in a different namespace. Dot notation may need to be changed (e.g., from `x.mkCofanColimit` to `Cofan.IsColimit.mk x`).
⚠ [4035/4782] Replayed ASGinzburg.BicomplexTotalShortExact
warning: ASGinzburg/BicomplexTotalShortExact.lean:119:4: Try this: 
  haveI̵

The goal is a proposition, so `have` is preferred over `haveI`.
The difference between `have` and `haveI` is that `haveI` inlines the value.
But this is not relevant for proofs because of proof irrelevance.

Note: This linter can be disabled with `set_option linter.style.haveILetI false`
warning: ASGinzburg/BicomplexTotalShortExact.lean:120:4: Try this: 
  haveI̵

The goal is a proposition, so `have` is preferred over `haveI`.
The difference between `have` and `haveI` is that `haveI` inlines the value.
But this is not relevant for proofs because of proof irrelevance.

Note: This linter can be disabled with `set_option linter.style.haveILetI false`
warning: ASGinzburg/BicomplexTotalShortExact.lean:128:4: Try this: 
  haveI̵

The goal is a proposition, so `have` is preferred over `haveI`.
The difference between `have` and `haveI` is that `haveI` inlines the value.
But this is not relevant for proofs because of proof irrelevance.

Note: This linter can be disabled with `set_option linter.style.haveILetI false`
warning: ASGinzburg/BicomplexTotalShortExact.lean:129:4: Try this: 
  haveI̵

The goal is a proposition, so `have` is preferred over `haveI`.
The difference between `have` and `haveI` is that `haveI` inlines the value.
But this is not relevant for proofs because of proof irrelevance.

Note: This linter can be disabled with `set_option linter.style.haveILetI false`
warning: ASGinzburg/BicomplexTotalShortExact.lean:132:4: Try this: 
  haveI̵

The goal is a proposition, so `have` is preferred over `haveI`.
The difference between `have` and `haveI` is that `haveI` inlines the value.
But this is not relevant for proofs because of proof irrelevance.

Note: This linter can be disabled with `set_option linter.style.haveILetI false`
warning: ASGinzburg/BicomplexTotalShortExact.lean:133:4: Try this: 
  haveI̵

The goal is a proposition, so `have` is preferred over `haveI`.
The difference between `have` and `haveI` is that `haveI` inlines the value.
But this is not relevant for proofs because of proof irrelevance.

Note: This linter can be disabled with `set_option linter.style.haveILetI false`
warning: ASGinzburg/BicomplexTotalShortExact.lean:141:4: Try this: 
  haveI̵

The goal is a proposition, so `have` is preferred over `haveI`.
The difference between `have` and `haveI` is that `haveI` inlines the value.
But this is not relevant for proofs because of proof irrelevance.

Note: This linter can be disabled with `set_option linter.style.haveILetI false`
warning: ASGinzburg/BicomplexTotalShortExact.lean:142:4: Try this: 
  haveI̵

The goal is a proposition, so `have` is preferred over `haveI`.
The difference between `have` and `haveI` is that `haveI` inlines the value.
But this is not relevant for proofs because of proof irrelevance.

Note: This linter can be disabled with `set_option linter.style.haveILetI false`
⚠ [4036/4782] Replayed ASGinzburg.BicomplexTotalRowQuasiIso
warning: ASGinzburg/BicomplexTotalRowQuasiIso.lean:19:2: Try this: 
  haveI̵

The goal is a proposition, so `have` is preferred over `haveI`.
The difference between `have` and `haveI` is that `haveI` inlines the value.
But this is not relevant for proofs because of proof irrelevance.

Note: This linter can be disabled with `set_option linter.style.haveILetI false`
warning: ASGinzburg/BicomplexTotalRowQuasiIso.lean:20:2: Try this: 
  haveI̵

The goal is a proposition, so `have` is preferred over `haveI`.
The difference between `have` and `haveI` is that `haveI` inlines the value.
But this is not relevant for proofs because of proof irrelevance.

Note: This linter can be disabled with `set_option linter.style.haveILetI false`
warning: ASGinzburg/BicomplexTotalRowQuasiIso.lean:38:2: Try this: 
  haveI̵

The goal is a proposition, so `have` is preferred over `haveI`.
The difference between `have` and `haveI` is that `haveI` inlines the value.
But this is not relevant for proofs because of proof irrelevance.

Note: This linter can be disabled with `set_option linter.style.haveILetI false`
⚠ [4037/4782] Replayed ASGinzburg.BifunctorTotalSingleRight
warning: ASGinzburg/BifunctorTotalSingleRight.lean:37:2: `CategoryTheory.Limits.mkCofanColimit` has been deprecated: Use `CategoryTheory.Limits.Cofan.IsColimit.mk` instead

Note: The updated constant is in a different namespace. Dot notation may need to be changed (e.g., from `x.mkCofanColimit` to `Cofan.IsColimit.mk x`).
⚠ [4039/4782] Replayed ASGinzburg.RightTopBasisBoundedness
warning: ASGinzburg/RightTopBasisBoundedness.lean:16:2: Try this: 
  letI̵

The goal is a proposition, so `let` is preferred over `letI`.
The difference between `let` and `letI` is that `letI` inlines the value.
But this is not relevant for proofs because of proof irrelevance.

Note: This linter can be disabled with `set_option linter.style.haveILetI false`
warning: ASGinzburg/RightTopBasisBoundedness.lean:18:2: Try this: 
  letI̵

The goal is a proposition, so `let` is preferred over `letI`.
The difference between `let` and `letI` is that `letI` inlines the value.
But this is not relevant for proofs because of proof irrelevance.

Note: This linter can be disabled with `set_option linter.style.haveILetI false`
warning: ASGinzburg/RightTopBasisBoundedness.lean:32:2: Try this: 
  letI̵

The goal is a proposition, so `let` is preferred over `letI`.
The difference between `let` and `letI` is that `letI` inlines the value.
But this is not relevant for proofs because of proof irrelevance.

Note: This linter can be disabled with `set_option linter.style.haveILetI false`
warning: ASGinzburg/RightTopBasisBoundedness.lean:38:2: Try this: 
  letI̵

The goal is a proposition, so `let` is preferred over `letI`.
The difference between `let` and `letI` is that `letI` inlines the value.
But this is not relevant for proofs because of proof irrelevance.

Note: This linter can be disabled with `set_option linter.style.haveILetI false`
⚠ [4042/4782] Replayed ASGinzburg.OrthogonalIdempotentGradedBasis
warning: ASGinzburg/OrthogonalIdempotentGradedBasis.lean:18:0: Definition `idempotentFixedSpaceIsInternal` is a proposition; use `theorem` instead of `def`

Note: This linter can be disabled with `set_option linter.defProp false`
warning: ASGinzburg/OrthogonalIdempotentGradedBasis.lean:66:0: Definition `ASGinzburg.idempotentFixedSpaceGradeDecomposition` of class type is semireducible. Most type class instances should be instance-reducible, so consider marking this
definition with `@[instance_reducible]`. If it is intentionally semireducible, this warning can be disabled with `set_option warn.classDefReducibility false`.
warning: ASGinzburg/OrthogonalIdempotentGradedBasis.lean:104:2: Try this: 
  letI̵

The goal is a proposition, so `let` is preferred over `letI`.
The difference between `let` and `letI` is that `letI` inlines the value.
But this is not relevant for proofs because of proof irrelevance.

Note: This linter can be disabled with `set_option linter.style.haveILetI false`
⚠ [4043/4782] Replayed ASGinzburg.HomogeneousOrdinaryQuotientDecomposition
warning: ASGinzburg/HomogeneousOrdinaryQuotientDecomposition.lean:26:0: Definition `ASGinzburg.homogeneousOrdinaryQuotientDecomposition` of class type is semireducible. Most type class instances should be instance-reducible, so consider marking this
definition with `@[instance_reducible]`. If it is intentionally semireducible, this warning can be disabled with `set_option warn.classDefReducibility false`.
⚠ [4044/4782] Replayed ASGinzburg.HomogeneousIdempotentQuotientBasisLifts
warning: ASGinzburg/HomogeneousIdempotentQuotientBasisLifts.lean:30:2: Try this: 
  letI̵

The goal is a proposition, so `let` is preferred over `letI`.
The difference between `let` and `letI` is that `letI` inlines the value.
But this is not relevant for proofs because of proof irrelevance.

Note: This linter can be disabled with `set_option linter.style.haveILetI false`
⚠ [4046/4782] Replayed ASGinzburg.GradedLinearMapRange
warning: ASGinzburg/GradedLinearMapRange.lean:23:0: Definition `ASGinzburg.homogeneousLinearMapRangeDecomposition` of class type is semireducible. Most type class instances should be instance-reducible, so consider marking this
definition with `@[instance_reducible]`. If it is intentionally semireducible, this warning can be disabled with `set_option warn.classDefReducibility false`.
warning: ASGinzburg/GradedLinearMapRange.lean:31:0: Definition `ASGinzburg.ordinaryHomogeneousRangeDecomposition` of class type is semireducible. Most type class instances should be instance-reducible, so consider marking this
definition with `@[instance_reducible]`. If it is intentionally semireducible, this warning can be disabled with `set_option warn.classDefReducibility false`.
⚠ [4047/4782] Replayed ASGinzburg.IdempotentPrincipalGrading
warning: ASGinzburg/IdempotentPrincipalGrading.lean:13:0: Definition `ASGinzburg.integerGradingShiftDecomposition` of class type is semireducible. Most type class instances should be instance-reducible, so consider marking this
definition with `@[instance_reducible]`. If it is intentionally semireducible, this warning can be disabled with `set_option warn.classDefReducibility false`.
warning: ASGinzburg/IdempotentPrincipalGrading.lean:26:0: Definition `ASGinzburg.principalIdempotentGradeDecomposition` of class type is semireducible. Most type class instances should be instance-reducible, so consider marking this
definition with `@[instance_reducible]`. If it is intentionally semireducible, this warning can be disabled with `set_option warn.classDefReducibility false`.
⚠ [4048/4782] Replayed ASGinzburg.GradedNilpotentActionSpanHomogeneity
warning: ASGinzburg/GradedNilpotentActionSpanHomogeneity.lean:74:2: Try this: 
  letI̵

The goal is a proposition, so `let` is preferred over `letI`.
The difference between `let` and `letI` is that `letI` inlines the value.
But this is not relevant for proofs because of proof irrelevance.

Note: This linter can be disabled with `set_option linter.style.haveILetI false`
⚠ [4050/4782] Replayed ASGinzburg.GradedNilpotentNakayamaLinearGrading
warning: ASGinzburg/GradedNilpotentNakayamaLinearGrading.lean:26:2: Try this: 
  letI̵

The goal is a proposition, so `let` is preferred over `letI`.
The difference between `let` and `letI` is that `letI` inlines the value.
But this is not relevant for proofs because of proof irrelevance.

Note: This linter can be disabled with `set_option linter.style.haveILetI false`
⚠ [4051/4782] Replayed ASGinzburg.GradedNilpotentCoverSurjectivity
warning: ASGinzburg/GradedNilpotentCoverSurjectivity.lean:32:2: Try this: 
  letI̵

The goal is a proposition, so `let` is preferred over `letI`.
The difference between `let` and `letI` is that `letI` inlines the value.
But this is not relevant for proofs because of proof irrelevance.

Note: This linter can be disabled with `set_option linter.style.haveILetI false`
warning: ASGinzburg/GradedNilpotentCoverSurjectivity.lean:52:2: Try this: 
  letI̵

The goal is a proposition, so `let` is preferred over `letI`.
The difference between `let` and `letI` is that `letI` inlines the value.
But this is not relevant for proofs because of proof irrelevance.

Note: This linter can be disabled with `set_option linter.style.haveILetI false`
⚠ [4052/4782] Replayed ASGinzburg.GradedOrdinaryKernelData
warning: ASGinzburg/GradedOrdinaryKernelData.lean:32:0: Definition `ASGinzburg.GradedOrdinaryModuleData.kernelGradeDecomposition` of class type is semireducible. Most type class instances should be instance-reducible, so consider marking this
definition with `@[instance_reducible]`. If it is intentionally semireducible, this warning can be disabled with `set_option warn.classDefReducibility false`.
warning: ASGinzburg/GradedOrdinaryKernelData.lean:51:4: Try this: 
  letI̵

The goal is a proposition, so `let` is preferred over `letI`.
The difference between `let` and `letI` is that `letI` inlines the value.
But this is not relevant for proofs because of proof irrelevance.

Note: This linter can be disabled with `set_option linter.style.haveILetI false`
⚠ [4055/4782] Replayed ASGinzburg.BalancedTensorEnvelopingScalarNaturality
warning: ASGinzburg/BalancedTensorEnvelopingScalarNaturality.lean:14:17: Definition `ASGinzburg.tensorRightEnvelopingModule` of class type is semireducible. Most type class instances should be instance-reducible, so consider marking this
definition with `@[instance_reducible]`. If it is intentionally semireducible, this warning can be disabled with `set_option warn.classDefReducibility false`.
warning: ASGinzburg/BalancedTensorEnvelopingScalarNaturality.lean:14:17: Definition `ASGinzburg.tensorRightEnvelopingScalarTower` of class type is semireducible. Most type class instances should be instance-reducible, so consider marking this
definition with `@[instance_reducible]`. If it is intentionally semireducible, this warning can be disabled with `set_option warn.classDefReducibility false`.
warning: ASGinzburg/BalancedTensorEnvelopingScalarNaturality.lean:14:17: Definition `ASGinzburg.regularEnvelopingModule` of class type is semireducible. Most type class instances should be instance-reducible, so consider marking this
definition with `@[instance_reducible]`. If it is intentionally semireducible, this warning can be disabled with `set_option warn.classDefReducibility false`.
warning: ASGinzburg/BalancedTensorEnvelopingScalarNaturality.lean:14:17: Definition `ASGinzburg.regularEnvelopingScalarTower` of class type is semireducible. Most type class instances should be instance-reducible, so consider marking this
definition with `@[instance_reducible]`. If it is intentionally semireducible, this warning can be disabled with `set_option warn.classDefReducibility false`.
⚠ [4056/4782] Replayed ASGinzburg.BalancedTensorEnvelopingFunctorNaturality
warning: ASGinzburg/BalancedTensorEnvelopingFunctorNaturality.lean:13:17: Definition `ASGinzburg.tensorRightEnvelopingModule` of class type is semireducible. Most type class instances should be instance-reducible, so consider marking this
definition with `@[instance_reducible]`. If it is intentionally semireducible, this warning can be disabled with `set_option warn.classDefReducibility false`.
warning: ASGinzburg/BalancedTensorEnvelopingFunctorNaturality.lean:13:17: Definition `ASGinzburg.tensorRightEnvelopingScalarTower` of class type is semireducible. Most type class instances should be instance-reducible, so consider marking this
definition with `@[instance_reducible]`. If it is intentionally semireducible, this warning can be disabled with `set_option warn.classDefReducibility false`.
warning: ASGinzburg/BalancedTensorEnvelopingFunctorNaturality.lean:13:17: Definition `ASGinzburg.regularEnvelopingModule` of class type is semireducible. Most type class instances should be instance-reducible, so consider marking this
definition with `@[instance_reducible]`. If it is intentionally semireducible, this warning can be disabled with `set_option warn.classDefReducibility false`.
warning: ASGinzburg/BalancedTensorEnvelopingFunctorNaturality.lean:13:17: Definition `ASGinzburg.regularEnvelopingScalarTower` of class type is semireducible. Most type class instances should be instance-reducible, so consider marking this
definition with `@[instance_reducible]`. If it is intentionally semireducible, this warning can be disabled with `set_option warn.classDefReducibility false`.
⚠ [4059/4782] Replayed ASGinzburg.IdealQuotientRightFieldComparison
warning: ASGinzburg/IdealQuotientRightFieldComparison.lean:14:17: Definition `ASGinzburg.idealQuotientRightScalarTower` of class type is semireducible. Most type class instances should be instance-reducible, so consider marking this
definition with `@[instance_reducible]`. If it is intentionally semireducible, this warning can be disabled with `set_option warn.classDefReducibility false`.
⚠ [4060/4782] Replayed ASGinzburg.GradedNilpotentFiniteGeneration
warning: ASGinzburg/GradedNilpotentFiniteGeneration.lean:76:2: Try this: 
  letI̵

The goal is a proposition, so `let` is preferred over `letI`.
The difference between `let` and `letI` is that `letI` inlines the value.
But this is not relevant for proofs because of proof irrelevance.

Note: This linter can be disabled with `set_option linter.style.haveILetI false`
warning: ASGinzburg/GradedNilpotentFiniteGeneration.lean:98:2: Try this: 
  letI̵

The goal is a proposition, so `let` is preferred over `letI`.
The difference between `let` and `letI` is that `letI` inlines the value.
But this is not relevant for proofs because of proof irrelevance.

Note: This linter can be disabled with `set_option linter.style.haveILetI false`
⚠ [4061/4782] Replayed ASGinzburg.FiniteFourTermPerfectComplex
warning: ASGinzburg/FiniteFourTermPerfectComplex.lean:23:4: Try this: 
  haveI̵

The goal is a proposition, so `have` is preferred over `haveI`.
The difference between `have` and `haveI` is that `haveI` inlines the value.
But this is not relevant for proofs because of proof irrelevance.

Note: This linter can be disabled with `set_option linter.style.haveILetI false`
warning: ASGinzburg/FiniteFourTermPerfectComplex.lean:25:4: Try this: 
  haveI̵

The goal is a proposition, so `have` is preferred over `haveI`.
The difference between `have` and `haveI` is that `haveI` inlines the value.
But this is not relevant for proofs because of proof irrelevance.

Note: This linter can be disabled with `set_option linter.style.haveILetI false`
warning: ASGinzburg/FiniteFourTermPerfectComplex.lean:60:2: Try this: 
  haveI̵

The goal is a proposition, so `have` is preferred over `haveI`.
The difference between `have` and `haveI` is that `haveI` inlines the value.
But this is not relevant for proofs because of proof irrelevance.

Note: This linter can be disabled with `set_option linter.style.haveILetI false`
⚠ [4063/4782] Replayed ASGinzburg.OrdinaryPerfectDerivedObject
warning: ASGinzburg/OrdinaryPerfectDerivedObject.lean:35:2: Try this: 
  letI̵

The goal is a proposition, so `let` is preferred over `letI`.
The difference between `let` and `letI` is that `letI` inlines the value.
But this is not relevant for proofs because of proof irrelevance.

Note: This linter can be disabled with `set_option linter.style.haveILetI false`
⚠ [4065/4782] Replayed ASGinzburg.GradedNilpotentMinimalTorDetection
warning: ASGinzburg/GradedNilpotentMinimalTorDetection.lean:37:2: Try this: 
  letI̵

The goal is a proposition, so `let` is preferred over `letI`.
The difference between `let` and `letI` is that `letI` inlines the value.
But this is not relevant for proofs because of proof irrelevance.

Note: This linter can be disabled with `set_option linter.style.haveILetI false`
⚠ [4068/4782] Replayed ASGinzburg.QuadraticResolutionComponents
warning: ASGinzburg/QuadraticResolutionComponents.lean:36:4: Try this: 
  letI̵

The goal is a proposition, so `let` is preferred over `letI`.
The difference between `let` and `letI` is that `letI` inlines the value.
But this is not relevant for proofs because of proof irrelevance.

Note: This linter can be disabled with `set_option linter.style.haveILetI false`
warning: ASGinzburg/QuadraticResolutionComponents.lean:38:8: `if_neg` has been deprecated: Use `ite_eq_right` instead
warning: ASGinzburg/QuadraticResolutionComponents.lean:48:2: Try this: 
  haveI̵

The goal is a proposition, so `have` is preferred over `haveI`.
The difference between `have` and `haveI` is that `haveI` inlines the value.
But this is not relevant for proofs because of proof irrelevance.

Note: This linter can be disabled with `set_option linter.style.haveILetI false`
warning: ASGinzburg/QuadraticResolutionComponents.lean:49:2: Try this: 
  haveI̵

The goal is a proposition, so `have` is preferred over `haveI`.
The difference between `have` and `haveI` is that `haveI` inlines the value.
But this is not relevant for proofs because of proof irrelevance.

Note: This linter can be disabled with `set_option linter.style.haveILetI false`
warning: ASGinzburg/QuadraticResolutionComponents.lean:50:2: Try this: 
  haveI̵

The goal is a proposition, so `have` is preferred over `haveI`.
The difference between `have` and `haveI` is that `haveI` inlines the value.
But this is not relevant for proofs because of proof irrelevance.

Note: This linter can be disabled with `set_option linter.style.haveILetI false`
warning: ASGinzburg/QuadraticResolutionComponents.lean:53:2: Try this: 
  haveI̵

The goal is a proposition, so `have` is preferred over `haveI`.
The difference between `have` and `haveI` is that `haveI` inlines the value.
But this is not relevant for proofs because of proof irrelevance.

Note: This linter can be disabled with `set_option linter.style.haveILetI false`
⚠ [4069/4782] Replayed ASGinzburg.ASResolutionComponentEuler
warning: ASGinzburg/ASResolutionComponentEuler.lean:32:2: Try this: 
  letI̵

The goal is a proposition, so `let` is preferred over `letI`.
The difference between `let` and `letI` is that `letI` inlines the value.
But this is not relevant for proofs because of proof irrelevance.

Note: This linter can be disabled with `set_option linter.style.haveILetI false`
warning: ASGinzburg/ASResolutionComponentEuler.lean:41:2: Try this: 
  letI̵

The goal is a proposition, so `let` is preferred over `letI`.
The difference between `let` and `letI` is that `letI` inlines the value.
But this is not relevant for proofs because of proof irrelevance.

Note: This linter can be disabled with `set_option linter.style.haveILetI false`
warning: ASGinzburg/ASResolutionComponentEuler.lean:53:2: Try this: 
  letI̵

The goal is a proposition, so `let` is preferred over `letI`.
The difference between `let` and `letI` is that `letI` inlines the value.
But this is not relevant for proofs because of proof irrelevance.

Note: This linter can be disabled with `set_option linter.style.haveILetI false`
warning: ASGinzburg/ASResolutionComponentEuler.lean:66:2: Try this: 
  letI̵

The goal is a proposition, so `let` is preferred over `letI`.
The difference between `let` and `letI` is that `letI` inlines the value.
But this is not relevant for proofs because of proof irrelevance.

Note: This linter can be disabled with `set_option linter.style.haveILetI false`
warning: ASGinzburg/ASResolutionComponentEuler.lean:84:2: Try this: 
  haveI̵

The goal is a proposition, so `have` is preferred over `haveI`.
The difference between `have` and `haveI` is that `haveI` inlines the value.
But this is not relevant for proofs because of proof irrelevance.

Note: This linter can be disabled with `set_option linter.style.haveILetI false`
warning: ASGinzburg/ASResolutionComponentEuler.lean:85:2: Try this: 
  haveI̵

The goal is a proposition, so `have` is preferred over `haveI`.
The difference between `have` and `haveI` is that `haveI` inlines the value.
But this is not relevant for proofs because of proof irrelevance.

Note: This linter can be disabled with `set_option linter.style.haveILetI false`
warning: ASGinzburg/ASResolutionComponentEuler.lean:86:2: Try this: 
  haveI̵

The goal is a proposition, so `have` is preferred over `haveI`.
The difference between `have` and `haveI` is that `haveI` inlines the value.
But this is not relevant for proofs because of proof irrelevance.

Note: This linter can be disabled with `set_option linter.style.haveILetI false`
warning: ASGinzburg/ASResolutionComponentEuler.lean:87:2: Try this: 
  haveI̵

The goal is a proposition, so `have` is preferred over `haveI`.
The difference between `have` and `haveI` is that `haveI` inlines the value.
But this is not relevant for proofs because of proof irrelevance.

Note: This linter can be disabled with `set_option linter.style.haveILetI false`
⚠ [4072/4782] Replayed ASGinzburg.GradedOrdinaryRingDualComponents
warning: ASGinzburg/GradedOrdinaryRingDualComponents.lean:28:2: Try this: 
  letI̵

The goal is a proposition, so `let` is preferred over `letI`.
The difference between `let` and `letI` is that `letI` inlines the value.
But this is not relevant for proofs because of proof irrelevance.

Note: This linter can be disabled with `set_option linter.style.haveILetI false`
warning: ASGinzburg/GradedOrdinaryRingDualComponents.lean:42:2: Try this: 
  letI̵

The goal is a proposition, so `let` is preferred over `letI`.
The difference between `let` and `letI` is that `letI` inlines the value.
But this is not relevant for proofs because of proof irrelevance.

Note: This linter can be disabled with `set_option linter.style.haveILetI false`
warning: ASGinzburg/GradedOrdinaryRingDualComponents.lean:89:2: Try this: 
  letI̵

The goal is a proposition, so `let` is preferred over `letI`.
The difference between `let` and `letI` is that `letI` inlines the value.
But this is not relevant for proofs because of proof irrelevance.

Note: This linter can be disabled with `set_option linter.style.haveILetI false`
warning: ASGinzburg/GradedOrdinaryRingDualComponents.lean:104:2: Try this: 
  letI̵

The goal is a proposition, so `let` is preferred over `letI`.
The difference between `let` and `letI` is that `letI` inlines the value.
But this is not relevant for proofs because of proof irrelevance.

Note: This linter can be disabled with `set_option linter.style.haveILetI false`
⚠ [4073/4782] Replayed ASGinzburg.GradedOrdinaryFiniteHomogeneousGenerators
warning: ASGinzburg/GradedOrdinaryFiniteHomogeneousGenerators.lean:19:2: Try this: 
  letI̵

The goal is a proposition, so `let` is preferred over `letI`.
The difference between `let` and `letI` is that `letI` inlines the value.
But this is not relevant for proofs because of proof irrelevance.

Note: This linter can be disabled with `set_option linter.style.haveILetI false`
⚠ [4074/4782] Replayed ASGinzburg.GradedOrdinaryRingDualBoundedBelow
warning: ASGinzburg/GradedOrdinaryRingDualBoundedBelow.lean:20:2: Try this: 
  letI̵

The goal is a proposition, so `let` is preferred over `letI`.
The difference between `let` and `letI` is that `letI` inlines the value.
But this is not relevant for proofs because of proof irrelevance.

Note: This linter can be disabled with `set_option linter.style.haveILetI false`
⚠ [4078/4782] Replayed ASGinzburg.AlgebraEnvelopingOppositeLeftRestriction
warning: ASGinzburg/AlgebraEnvelopingOppositeLeftRestriction.lean:22:4: Try this: 
  letI̵

The goal is a proposition, so `let` is preferred over `letI`.
The difference between `let` and `letI` is that `letI` inlines the value.
But this is not relevant for proofs because of proof irrelevance.

Note: This linter can be disabled with `set_option linter.style.haveILetI false`
warning: ASGinzburg/AlgebraEnvelopingOppositeLeftRestriction.lean:23:4: Try this: 
  letI̵

The goal is a proposition, so `let` is preferred over `letI`.
The difference between `let` and `letI` is that `letI` inlines the value.
But this is not relevant for proofs because of proof irrelevance.

Note: This linter can be disabled with `set_option linter.style.haveILetI false`
warning: ASGinzburg/AlgebraEnvelopingOppositeLeftRestriction.lean:24:4: Try this: 
  haveI̵

The goal is a proposition, so `have` is preferred over `haveI`.
The difference between `have` and `haveI` is that `haveI` inlines the value.
But this is not relevant for proofs because of proof irrelevance.

Note: This linter can be disabled with `set_option linter.style.haveILetI false`
⚠ [4079/4782] Replayed ASGinzburg.AlgebraEnvelopingRingDualTensorEvaluationHom
warning: ASGinzburg/AlgebraEnvelopingRingDualTensorEvaluationHom.lean:20:2: Try this: 
  letI̵

The goal is a proposition, so `let` is preferred over `letI`.
The difference between `let` and `letI` is that `letI` inlines the value.
But this is not relevant for proofs because of proof irrelevance.

Note: This linter can be disabled with `set_option linter.style.haveILetI false`
warning: ASGinzburg/AlgebraEnvelopingRingDualTensorEvaluationHom.lean:21:2: Try this: 
  letI̵

The goal is a proposition, so `let` is preferred over `letI`.
The difference between `let` and `letI` is that `letI` inlines the value.
But this is not relevant for proofs because of proof irrelevance.

Note: This linter can be disabled with `set_option linter.style.haveILetI false`
warning: ASGinzburg/AlgebraEnvelopingRingDualTensorEvaluationHom.lean:22:2: Try this: 
  letI̵

The goal is a proposition, so `let` is preferred over `letI`.
The difference between `let` and `letI` is that `letI` inlines the value.
But this is not relevant for proofs because of proof irrelevance.

Note: This linter can be disabled with `set_option linter.style.haveILetI false`
warning: ASGinzburg/AlgebraEnvelopingRingDualTensorEvaluationHom.lean:23:2: Try this: 
  letI̵

The goal is a proposition, so `let` is preferred over `letI`.
The difference between `let` and `letI` is that `letI` inlines the value.
But this is not relevant for proofs because of proof irrelevance.

Note: This linter can be disabled with `set_option linter.style.haveILetI false`
warning: ASGinzburg/AlgebraEnvelopingRingDualTensorEvaluationHom.lean:17:0: Definition `ASGinzburg.envelopingTensorEvaluationHomScalarTower` of class type is semireducible. Most type class instances should be instance-reducible, so consider marking this
definition with `@[instance_reducible]`. If it is intentionally semireducible, this warning can be disabled with `set_option warn.classDefReducibility false`.
warning: ASGinzburg/AlgebraEnvelopingRingDualTensorEvaluationHom.lean:17:0: Definition `envelopingTensorEvaluationHomScalarTower` is a proposition; use `theorem` instead of `def`

Note: This linter can be disabled with `set_option linter.defProp false`
warning: ASGinzburg/AlgebraEnvelopingRingDualTensorEvaluationHom.lean:33:2: Try this: 
  letI̵

The goal is a proposition, so `let` is preferred over `letI`.
The difference between `let` and `letI` is that `letI` inlines the value.
But this is not relevant for proofs because of proof irrelevance.

Note: This linter can be disabled with `set_option linter.style.haveILetI false`
warning: ASGinzburg/AlgebraEnvelopingRingDualTensorEvaluationHom.lean:34:2: Try this: 
  letI̵

The goal is a proposition, so `let` is preferred over `letI`.
The difference between `let` and `letI` is that `letI` inlines the value.
But this is not relevant for proofs because of proof irrelevance.

Note: This linter can be disabled with `set_option linter.style.haveILetI false`
warning: ASGinzburg/AlgebraEnvelopingRingDualTensorEvaluationHom.lean:35:2: Try this: 
  letI̵

The goal is a proposition, so `let` is preferred over `letI`.
The difference between `let` and `letI` is that `letI` inlines the value.
But this is not relevant for proofs because of proof irrelevance.

Note: This linter can be disabled with `set_option linter.style.haveILetI false`
warning: ASGinzburg/AlgebraEnvelopingRingDualTensorEvaluationHom.lean:36:2: Try this: 
  letI̵

The goal is a proposition, so `let` is preferred over `letI`.
The difference between `let` and `letI` is that `letI` inlines the value.
But this is not relevant for proofs because of proof irrelevance.

Note: This linter can be disabled with `set_option linter.style.haveILetI false`
warning: ASGinzburg/AlgebraEnvelopingRingDualTensorEvaluationHom.lean:30:0: Definition `ASGinzburg.envelopingTensorEvaluationHomScalarCommute` of class type is semireducible. Most type class instances should be instance-reducible, so consider marking this
definition with `@[instance_reducible]`. If it is intentionally semireducible, this warning can be disabled with `set_option warn.classDefReducibility false`.
warning: ASGinzburg/AlgebraEnvelopingRingDualTensorEvaluationHom.lean:30:0: Definition `envelopingTensorEvaluationHomScalarCommute` is a proposition; use `theorem` instead of `def`

Note: This linter can be disabled with `set_option linter.defProp false`
warning: ASGinzburg/AlgebraEnvelopingRingDualTensorEvaluationHom.lean:74:2: Try this: 
  letI̵

The goal is a proposition, so `let` is preferred over `letI`.
The difference between `let` and `letI` is that `letI` inlines the value.
But this is not relevant for proofs because of proof irrelevance.

Note: This linter can be disabled with `set_option linter.style.haveILetI false`
⚠ [4080/4782] Replayed ASGinzburg.OrdinaryRingDualTensorEvaluationFinite
warning: ASGinzburg/OrdinaryRingDualTensorEvaluationFinite.lean:15:17: Definition `ASGinzburg.ordinaryRingDualTensorModuleK` of class type is semireducible. Most type class instances should be instance-reducible, so consider marking this
definition with `@[instance_reducible]`. If it is intentionally semireducible, this warning can be disabled with `set_option warn.classDefReducibility false`.
warning: ASGinzburg/OrdinaryRingDualTensorEvaluationFinite.lean:17:0: Definition `ASGinzburg.ordinaryRingDualFiniteFreeTensorModuleK` of class type is semireducible. Most type class instances should be instance-reducible, so consider marking this
definition with `@[instance_reducible]`. If it is intentionally semireducible, this warning can be disabled with `set_option warn.classDefReducibility false`.
warning: ASGinzburg/OrdinaryRingDualTensorEvaluationFinite.lean:21:17: Definition `ASGinzburg.ordinaryRingDualFiniteFreeTensorModuleK` of class type is semireducible. Most type class instances should be instance-reducible, so consider marking this
definition with `@[instance_reducible]`. If it is intentionally semireducible, this warning can be disabled with `set_option warn.classDefReducibility false`.
warning: ASGinzburg/OrdinaryRingDualTensorEvaluationFinite.lean:30:27: This simp argument is unused:
  LinearMap.proj_apply

Hint: Omit it from the simp argument list.
  [apply] simp [Pi.basisFun_apply, Pi.single_apply]

Note: This linter can be disabled with `set_option linter.unusedSimpArgs false`
⚠ [4087/4782] Replayed ASGinzburg.GradedOrdinaryKernelProjective
warning: ASGinzburg/GradedOrdinaryKernelProjective.lean:16:2: Try this: 
  letI̵

The goal is a proposition, so `let` is preferred over `letI`.
The difference between `let` and `letI` is that `letI` inlines the value.
But this is not relevant for proofs because of proof irrelevance.

Note: This linter can be disabled with `set_option linter.style.haveILetI false`
⚠ [4090/4782] Replayed ASGinzburg.OrdinaryFiniteProjectiveRingBidual
warning: ASGinzburg/OrdinaryFiniteProjectiveRingBidual.lean:79:2: Try this: 
  letI̵

The goal is a proposition, so `let` is preferred over `letI`.
The difference between `let` and `letI` is that `letI` inlines the value.
But this is not relevant for proofs because of proof irrelevance.

Note: This linter can be disabled with `set_option linter.style.haveILetI false`
⚠ [4092/4782] Replayed ASGinzburg.PathOccurrenceContextProperties
warning: ASGinzburg/PathOccurrenceContextProperties.lean:28:19: `dif_neg` has been deprecated: Use `dite_eq_right` instead
⚠ [4096/4782] Replayed ASGinzburg.BetweenSheetJacobianIdeals
warning: ASGinzburg/BetweenSheetJacobianIdeals.lean:23:69: `if_pos` has been deprecated: Use `ite_eq_left` instead
warning: ASGinzburg/BetweenSheetJacobianIdeals.lean:32:61: `if_neg` has been deprecated: Use `ite_eq_right` instead
⚠ [4098/4782] Replayed ASGinzburg.JacobianCutQuotientProducts
warning: ASGinzburg/JacobianCutQuotientProducts.lean:58:4: Try this: 
  letI̵

The goal is a proposition, so `let` is preferred over `letI`.
The difference between `let` and `letI` is that `letI` inlines the value.
But this is not relevant for proofs because of proof irrelevance.

Note: This linter can be disabled with `set_option linter.style.haveILetI false`
warning: ASGinzburg/JacobianCutQuotientProducts.lean:65:4: Try this: 
  letI̵

The goal is a proposition, so `let` is preferred over `letI`.
The difference between `let` and `letI` is that `letI` inlines the value.
But this is not relevant for proofs because of proof irrelevance.

Note: This linter can be disabled with `set_option linter.style.haveILetI false`
⚠ [4099/4782] Replayed ASGinzburg.JacobianUnrollingProducts
warning: ASGinzburg/JacobianUnrollingProducts.lean:23:2: Try this: 
  letI̵

The goal is a proposition, so `let` is preferred over `letI`.
The difference between `let` and `letI` is that `letI` inlines the value.
But this is not relevant for proofs because of proof irrelevance.

Note: This linter can be disabled with `set_option linter.style.haveILetI false`
warning: ASGinzburg/JacobianUnrollingProducts.lean:24:2: Try this: 
  letI̵

The goal is a proposition, so `let` is preferred over `letI`.
The difference between `let` and `letI` is that `letI` inlines the value.
But this is not relevant for proofs because of proof irrelevance.

Note: This linter can be disabled with `set_option linter.style.haveILetI false`
⚠ [4100/4782] Replayed ASGinzburg.GinzburgHomologyZeroProducts
warning: ASGinzburg/GinzburgHomologyZeroProducts.lean:33:2: Try this: 
  letI̵

The goal is a proposition, so `let` is preferred over `letI`.
The difference between `let` and `letI` is that `letI` inlines the value.
But this is not relevant for proofs because of proof irrelevance.

Note: This linter can be disabled with `set_option linter.style.haveILetI false`
⚠ [4101/4782] Replayed ASGinzburg.GinzburgJacobianProducts
warning: ASGinzburg/GinzburgJacobianProducts.lean:37:2: Try this: 
  letI̵

The goal is a proposition, so `let` is preferred over `letI`.
The difference between `let` and `letI` is that `letI` inlines the value.
But this is not relevant for proofs because of proof irrelevance.

Note: This linter can be disabled with `set_option linter.style.haveILetI false`
warning: ASGinzburg/GinzburgJacobianProducts.lean:38:2: Try this: 
  letI̵

The goal is a proposition, so `let` is preferred over `letI`.
The difference between `let` and `letI` is that `letI` inlines the value.
But this is not relevant for proofs because of proof irrelevance.

Note: This linter can be disabled with `set_option linter.style.haveILetI false`
⚠ [4103/4782] Replayed ASGinzburg.GinzburgCutHomologyZeroProducts
warning: ASGinzburg/GinzburgCutHomologyZeroProducts.lean:33:2: Try this: 
  letI̵

The goal is a proposition, so `let` is preferred over `letI`.
The difference between `let` and `letI` is that `letI` inlines the value.
But this is not relevant for proofs because of proof irrelevance.

Note: This linter can be disabled with `set_option linter.style.haveILetI false`
⚠ [4104/4782] Replayed ASGinzburg.GinzburgCutJacobianProducts
warning: ASGinzburg/GinzburgCutJacobianProducts.lean:40:2: Try this: 
  letI̵

The goal is a proposition, so `let` is preferred over `letI`.
The difference between `let` and `letI` is that `letI` inlines the value.
But this is not relevant for proofs because of proof irrelevance.

Note: This linter can be disabled with `set_option linter.style.haveILetI false`
warning: ASGinzburg/GinzburgCutJacobianProducts.lean:41:2: Try this: 
  letI̵

The goal is a proposition, so `let` is preferred over `letI`.
The difference between `let` and `letI` is that `letI` inlines the value.
But this is not relevant for proofs because of proof irrelevance.

Note: This linter can be disabled with `set_option linter.style.haveILetI false`
⚠ [4109/4782] Replayed ASGinzburg.GinzburgGeneratorLayerCoefficients
warning: ASGinzburg/GinzburgGeneratorLayerCoefficients.lean:28:2: Try this: 
  letI̵

The goal is a proposition, so `let` is preferred over `letI`.
The difference between `let` and `letI` is that `letI` inlines the value.
But this is not relevant for proofs because of proof irrelevance.

Note: This linter can be disabled with `set_option linter.style.haveILetI false`
warning: ASGinzburg/GinzburgGeneratorLayerCoefficients.lean:43:8: `dif_pos` has been deprecated: Use `dite_eq_left` instead
warning: ASGinzburg/GinzburgGeneratorLayerCoefficients.lean:29:45: This simp argument is unused:
  LinearEquiv.trans_apply

Hint: Omit it from the simp argument list.
  [apply] simp only [ginzburgGeneratorLayerFreeEquiv, LinearEquiv.piCongrRight_apply]

Note: This linter can be disabled with `set_option linter.unusedSimpArgs false`
warning: ASGinzburg/GinzburgGeneratorLayerCoefficients.lean:30:4: This simp argument is unused:
  LinearEquiv.piCongrRight_apply

Hint: Omit it from the simp argument list.
  [apply] simp only [ginzburgGeneratorLayerFreeEquiv, LinearEquiv.trans_apply]

Note: This linter can be disabled with `set_option linter.unusedSimpArgs false`
warning: ASGinzburg/GinzburgGeneratorLayerCoefficients.lean:32:4: This simp argument is unused:
  LinearEquiv.trans_apply

Hint: Omit it from the simp argument list.
  [apply] simp only [ginzburgCutComponentBasisEquiv, LinearEquiv.trans_symm, LinearEquiv.ofEq_symm,
    LinearEquiv.coe_ofEq_apply]

Note: This linter can be disabled with `set_option linter.unusedSimpArgs false`
warning: ASGinzburg/GinzburgGeneratorLayerCoefficients.lean:32:50: This simp argument is unused:
  LinearEquiv.coe_ofEq_apply

Hint: Omit it from the simp argument list.
  [apply] simp only [ginzburgCutComponentBasisEquiv, LinearEquiv.trans_symm, LinearEquiv.trans_apply,
    LinearEquiv.ofEq_symm]

Note: This linter can be disabled with `set_option linter.unusedSimpArgs false`
⚠ [4111/4782] Replayed ASGinzburg.GinzburgGeneratorShiftAppend
warning: ASGinzburg/GinzburgGeneratorShiftAppend.lean:57:2: Try this: 
  letI̵

The goal is a proposition, so `let` is preferred over `letI`.
The difference between `let` and `letI` is that `letI` inlines the value.
But this is not relevant for proofs because of proof irrelevance.

Note: This linter can be disabled with `set_option linter.style.haveILetI false`
⚠ [4112/4782] Replayed ASGinzburg.GinzburgGeneratorLayerComparison
warning: ASGinzburg/GinzburgGeneratorLayerComparison.lean:70:2: Try this: 
  letI̵

The goal is a proposition, so `let` is preferred over `letI`.
The difference between `let` and `letI` is that `letI` inlines the value.
But this is not relevant for proofs because of proof irrelevance.

Note: This linter can be disabled with `set_option linter.style.haveILetI false`
⚠ [4113/4782] Replayed ASGinzburg.GinzburgGeneratorAppendCoefficients
warning: ASGinzburg/GinzburgGeneratorAppendCoefficients.lean:44:8: `Finsupp.embDomain_notin_range` has been deprecated: Use `Finsupp.embDomain_of_notMem_range` instead
⚠ [4123/4782] Replayed ASGinzburg.GinzburgPrefixHomologyClasses
warning: ASGinzburg/GinzburgPrefixHomologyClasses.lean:19:2: Try this: 
  letI̵

The goal is a proposition, so `let` is preferred over `letI`.
The difference between `let` and `letI` is that `letI` inlines the value.
But this is not relevant for proofs because of proof irrelevance.

Note: This linter can be disabled with `set_option linter.style.haveILetI false`
⚠ [4125/4782] Replayed ASGinzburg.OppositeBetweenSheetJacobian
warning: ASGinzburg/OppositeBetweenSheetJacobian.lean:50:2: Try this: 
  letI̵

The goal is a proposition, so `let` is preferred over `letI`.
The difference between `let` and `letI` is that `letI` inlines the value.
But this is not relevant for proofs because of proof irrelevance.

Note: This linter can be disabled with `set_option linter.style.haveILetI false`
warning: ASGinzburg/OppositeBetweenSheetJacobian.lean:51:2: Try this: 
  letI̵

The goal is a proposition, so `let` is preferred over `letI`.
The difference between `let` and `letI` is that `letI` inlines the value.
But this is not relevant for proofs because of proof irrelevance.

Note: This linter can be disabled with `set_option linter.style.haveILetI false`
⚠ [4126/4782] Replayed ASGinzburg.GinzburgCutCochainClasses
warning: ASGinzburg/GinzburgCutCochainClasses.lean:19:2: Try this: 
  letI̵

The goal is a proposition, so `let` is preferred over `letI`.
The difference between `let` and `letI` is that `letI` inlines the value.
But this is not relevant for proofs because of proof irrelevance.

Note: This linter can be disabled with `set_option linter.style.haveILetI false`
⚠ [4139/4782] Replayed ASGinzburg.FoundationRingSimpleExtBounds
warning: ASGinzburg/FoundationRingSimpleExtBounds.lean:19:2: Try this: 
  letI̵

The goal is a proposition, so `let` is preferred over `letI`.
The difference between `let` and `letI` is that `letI` inlines the value.
But this is not relevant for proofs because of proof irrelevance.

Note: This linter can be disabled with `set_option linter.style.haveILetI false`
⚠ [4146/4782] Replayed ASGinzburg.AlgebraEnvelopingTensorTotalRestrictionMaps
warning: ASGinzburg/AlgebraEnvelopingTensorTotalRestrictionMaps.lean:28:2: Try this: 
  letI̵

The goal is a proposition, so `let` is preferred over `letI`.
The difference between `let` and `letI` is that `letI` inlines the value.
But this is not relevant for proofs because of proof irrelevance.

Note: This linter can be disabled with `set_option linter.style.haveILetI false`
⚠ [4148/4782] Replayed ASGinzburg.BifunctorTotalResolutionLeft
warning: ASGinzburg/BifunctorTotalResolutionLeft.lean:29:2: Try this: 
  letI̵

The goal is a proposition, so `let` is preferred over `letI`.
The difference between `let` and `letI` is that `letI` inlines the value.
But this is not relevant for proofs because of proof irrelevance.

Note: This linter can be disabled with `set_option linter.style.haveILetI false`
⚠ [4150/4782] Replayed ASGinzburg.RightBoundedMinimalSyzygies
warning: ASGinzburg/RightBoundedMinimalSyzygies.lean:77:2: Try this: 
  letI̵

The goal is a proposition, so `let` is preferred over `letI`.
The difference between `let` and `letI` is that `letI` inlines the value.
But this is not relevant for proofs because of proof irrelevance.

Note: This linter can be disabled with `set_option linter.style.haveILetI false`
⚠ [4152/4782] Replayed ASGinzburg.PrincipalIdempotentOrdinaryGrading
warning: ASGinzburg/PrincipalIdempotentOrdinaryGrading.lean:22:0: Definition `ASGinzburg.principalIdempotentOrdinaryGradeDecomposition` of class type is semireducible. Most type class instances should be instance-reducible, so consider marking this
definition with `@[instance_reducible]`. If it is intentionally semireducible, this warning can be disabled with `set_option warn.classDefReducibility false`.
warning: ASGinzburg/PrincipalIdempotentOrdinaryGrading.lean:32:0: Definition `ASGinzburg.principalIdempotentShiftedGradeDecomposition` of class type is semireducible. Most type class instances should be instance-reducible, so consider marking this
definition with `@[instance_reducible]`. If it is intentionally semireducible, this warning can be disabled with `set_option warn.classDefReducibility false`.
⚠ [4153/4782] Replayed ASGinzburg.PrincipalIdempotentHomogeneousCover
warning: ASGinzburg/PrincipalIdempotentHomogeneousCover.lean:24:0: Definition `ASGinzburg.principalHomogeneousCoverGradeDecomposition` of class type is semireducible. Most type class instances should be instance-reducible, so consider marking this
definition with `@[instance_reducible]`. If it is intentionally semireducible, this warning can be disabled with `set_option warn.classDefReducibility false`.
⚠ [4157/4782] Replayed ASGinzburg.BalancedTensorEnvelopingBicomplexComparison
warning: ASGinzburg/BalancedTensorEnvelopingBicomplexComparison.lean:17:17: Definition `ASGinzburg.regularEnvelopingModule` of class type is semireducible. Most type class instances should be instance-reducible, so consider marking this
definition with `@[instance_reducible]`. If it is intentionally semireducible, this warning can be disabled with `set_option warn.classDefReducibility false`.
warning: ASGinzburg/BalancedTensorEnvelopingBicomplexComparison.lean:17:17: Definition `ASGinzburg.regularEnvelopingScalarTower` of class type is semireducible. Most type class instances should be instance-reducible, so consider marking this
definition with `@[instance_reducible]`. If it is intentionally semireducible, this warning can be disabled with `set_option warn.classDefReducibility false`.
⚠ [4158/4782] Replayed ASGinzburg.BalancedTensorEnvelopingTotalComparison
warning: ASGinzburg/BalancedTensorEnvelopingTotalComparison.lean:19:17: Definition `ASGinzburg.regularEnvelopingModule` of class type is semireducible. Most type class instances should be instance-reducible, so consider marking this
definition with `@[instance_reducible]`. If it is intentionally semireducible, this warning can be disabled with `set_option warn.classDefReducibility false`.
warning: ASGinzburg/BalancedTensorEnvelopingTotalComparison.lean:19:17: Definition `ASGinzburg.regularEnvelopingScalarTower` of class type is semireducible. Most type class instances should be instance-reducible, so consider marking this
definition with `@[instance_reducible]`. If it is intentionally semireducible, this warning can be disabled with `set_option warn.classDefReducibility false`.
⚠ [4160/4782] Replayed ASGinzburg.BifunctorTotalRightResolutionAugmentation
warning: ASGinzburg/BifunctorTotalRightResolutionAugmentation.lean:39:2: Try this: 
  haveI̵

The goal is a proposition, so `have` is preferred over `haveI`.
The difference between `have` and `haveI` is that `haveI` inlines the value.
But this is not relevant for proofs because of proof irrelevance.

Note: This linter can be disabled with `set_option linter.style.haveILetI false`
⚠ [4161/4782] Replayed ASGinzburg.BalancedTensorDoubleResolutionTor
warning: ASGinzburg/BalancedTensorDoubleResolutionTor.lean:20:2: Try this: 
  letI̵

The goal is a proposition, so `let` is preferred over `letI`.
The difference between `let` and `letI` is that `letI` inlines the value.
But this is not relevant for proofs because of proof irrelevance.

Note: This linter can be disabled with `set_option linter.style.haveILetI false`
warning: ASGinzburg/BalancedTensorDoubleResolutionTor.lean:21:2: Try this: 
  letI̵

The goal is a proposition, so `let` is preferred over `letI`.
The difference between `let` and `letI` is that `letI` inlines the value.
But this is not relevant for proofs because of proof irrelevance.

Note: This linter can be disabled with `set_option linter.style.haveILetI false`
warning: ASGinzburg/BalancedTensorDoubleResolutionTor.lean:40:2: Try this: 
  letI̵

The goal is a proposition, so `let` is preferred over `letI`.
The difference between `let` and `letI` is that `letI` inlines the value.
But this is not relevant for proofs because of proof irrelevance.

Note: This linter can be disabled with `set_option linter.style.haveILetI false`
warning: ASGinzburg/BalancedTensorDoubleResolutionTor.lean:43:2: Try this: 
  letI̵

The goal is a proposition, so `let` is preferred over `letI`.
The difference between `let` and `letI` is that `letI` inlines the value.
But this is not relevant for proofs because of proof irrelevance.

Note: This linter can be disabled with `set_option linter.style.haveILetI false`
⚠ [4163/4782] Replayed ASGinzburg.EnvelopingLeftModuleProjectiveDimension
warning: ASGinzburg/EnvelopingLeftModuleProjectiveDimension.lean:16:2: Try this: 
  haveI̵

The goal is a proposition, so `have` is preferred over `haveI`.
The difference between `have` and `haveI` is that `haveI` inlines the value.
But this is not relevant for proofs because of proof irrelevance.

Note: This linter can be disabled with `set_option linter.style.haveILetI false`
warning: ASGinzburg/EnvelopingLeftModuleProjectiveDimension.lean:31:2: Try this: 
  haveI̵

The goal is a proposition, so `have` is preferred over `haveI`.
The difference between `have` and `haveI` is that `haveI` inlines the value.
But this is not relevant for proofs because of proof irrelevance.

Note: This linter can be disabled with `set_option linter.style.haveILetI false`
⚠ [4164/4782] Replayed ASGinzburg.BalancedTensorTotalPositiveExactness
warning: ASGinzburg/BalancedTensorTotalPositiveExactness.lean:22:2: Try this: 
  letI̵

The goal is a proposition, so `let` is preferred over `letI`.
The difference between `let` and `letI` is that `letI` inlines the value.
But this is not relevant for proofs because of proof irrelevance.

Note: This linter can be disabled with `set_option linter.style.haveILetI false`
warning: ASGinzburg/BalancedTensorTotalPositiveExactness.lean:23:2: Try this: 
  letI̵

The goal is a proposition, so `let` is preferred over `letI`.
The difference between `let` and `letI` is that `letI` inlines the value.
But this is not relevant for proofs because of proof irrelevance.

Note: This linter can be disabled with `set_option linter.style.haveILetI false`
⚠ [4167/4782] Replayed ASGinzburg.OrdinaryModuleRingDualDerived
warning: ASGinzburg/OrdinaryModuleRingDualDerived.lean:36:4: Try this: 
  letI̵

The goal is a proposition, so `let` is preferred over `letI`.
The difference between `let` and `letI` is that `letI` inlines the value.
But this is not relevant for proofs because of proof irrelevance.

Note: This linter can be disabled with `set_option linter.style.haveILetI false`
warning: ASGinzburg/OrdinaryModuleRingDualDerived.lean:41:4: Try this: 
  haveI̵

The goal is a proposition, so `have` is preferred over `haveI`.
The difference between `have` and `haveI` is that `haveI` inlines the value.
But this is not relevant for proofs because of proof irrelevance.

Note: This linter can be disabled with `set_option linter.style.haveILetI false`
⚠ [4168/4782] Replayed ASGinzburg.OrdinaryModuleRingDualTopFinite
warning: ASGinzburg/OrdinaryModuleRingDualTopFinite.lean:19:2: Try this: 
  letI̵

The goal is a proposition, so `let` is preferred over `letI`.
The difference between `let` and `letI` is that `letI` inlines the value.
But this is not relevant for proofs because of proof irrelevance.

Note: This linter can be disabled with `set_option linter.style.haveILetI false`
warning: ASGinzburg/OrdinaryModuleRingDualTopFinite.lean:20:2: Try this: 
  letI̵

The goal is a proposition, so `let` is preferred over `letI`.
The difference between `let` and `letI` is that `letI` inlines the value.
But this is not relevant for proofs because of proof irrelevance.

Note: This linter can be disabled with `set_option linter.style.haveILetI false`
warning: ASGinzburg/OrdinaryModuleRingDualTopFinite.lean:27:2: Try this: 
  letI̵

The goal is a proposition, so `let` is preferred over `letI`.
The difference between `let` and `letI` is that `letI` inlines the value.
But this is not relevant for proofs because of proof irrelevance.

Note: This linter can be disabled with `set_option linter.style.haveILetI false`
warning: ASGinzburg/OrdinaryModuleRingDualTopFinite.lean:30:2: Try this: 
  letI̵

The goal is a proposition, so `let` is preferred over `letI`.
The difference between `let` and `letI` is that `letI` inlines the value.
But this is not relevant for proofs because of proof irrelevance.

Note: This linter can be disabled with `set_option linter.style.haveILetI false`
warning: ASGinzburg/OrdinaryModuleRingDualTopFinite.lean:31:2: Try this: 
  letI̵

The goal is a proposition, so `let` is preferred over `letI`.
The difference between `let` and `letI` is that `letI` inlines the value.
But this is not relevant for proofs because of proof irrelevance.

Note: This linter can be disabled with `set_option linter.style.haveILetI false`
warning: ASGinzburg/OrdinaryModuleRingDualTopFinite.lean:33:2: Try this: 
  letI̵

The goal is a proposition, so `let` is preferred over `letI`.
The difference between `let` and `letI` is that `letI` inlines the value.
But this is not relevant for proofs because of proof irrelevance.

Note: This linter can be disabled with `set_option linter.style.haveILetI false`
warning: ASGinzburg/OrdinaryModuleRingDualTopFinite.lean:36:2: Try this: 
  letI̵

The goal is a proposition, so `let` is preferred over `letI`.
The difference between `let` and `letI` is that `letI` inlines the value.
But this is not relevant for proofs because of proof irrelevance.

Note: This linter can be disabled with `set_option linter.style.haveILetI false`
⚠ [4169/4782] Replayed ASGinzburg.FiniteFourTermRingHomComplex
warning: ASGinzburg/FiniteFourTermRingHomComplex.lean:28:2: Try this: 
  haveI̵

The goal is a proposition, so `have` is preferred over `haveI`.
The difference between `have` and `haveI` is that `haveI` inlines the value.
But this is not relevant for proofs because of proof irrelevance.

Note: This linter can be disabled with `set_option linter.style.haveILetI false`
warning: ASGinzburg/FiniteFourTermRingHomComplex.lean:30:2: Try this: 
  haveI̵

The goal is a proposition, so `have` is preferred over `haveI`.
The difference between `have` and `haveI` is that `haveI` inlines the value.
But this is not relevant for proofs because of proof irrelevance.

Note: This linter can be disabled with `set_option linter.style.haveILetI false`
warning: ASGinzburg/FiniteFourTermRingHomComplex.lean:86:2: Try this: 
  haveI̵

The goal is a proposition, so `have` is preferred over `haveI`.
The difference between `have` and `haveI` is that `haveI` inlines the value.
But this is not relevant for proofs because of proof irrelevance.

Note: This linter can be disabled with `set_option linter.style.haveILetI false`
⚠ [4170/4782] Replayed ASGinzburg.GradedOrdinaryRingDualComponentMaps
warning: ASGinzburg/GradedOrdinaryRingDualComponentMaps.lean:27:4: Try this: 
  letI̵

The goal is a proposition, so `let` is preferred over `letI`.
The difference between `let` and `letI` is that `letI` inlines the value.
But this is not relevant for proofs because of proof irrelevance.

Note: This linter can be disabled with `set_option linter.style.haveILetI false`
warning: ASGinzburg/GradedOrdinaryRingDualComponentMaps.lean:40:4: Try this: 
  letI̵

The goal is a proposition, so `let` is preferred over `letI`.
The difference between `let` and `letI` is that `letI` inlines the value.
But this is not relevant for proofs because of proof irrelevance.

Note: This linter can be disabled with `set_option linter.style.haveILetI false`
warning: ASGinzburg/GradedOrdinaryRingDualComponentMaps.lean:56:2: Try this: 
  letI̵

The goal is a proposition, so `let` is preferred over `letI`.
The difference between `let` and `letI` is that `letI` inlines the value.
But this is not relevant for proofs because of proof irrelevance.

Note: This linter can be disabled with `set_option linter.style.haveILetI false`
⚠ [4171/4782] Replayed ASGinzburg.GradedOrdinaryRingDualFiniteSupport
warning: ASGinzburg/GradedOrdinaryRingDualFiniteSupport.lean:20:2: Try this: 
  letI̵

The goal is a proposition, so `let` is preferred over `letI`.
The difference between `let` and `letI` is that `letI` inlines the value.
But this is not relevant for proofs because of proof irrelevance.

Note: This linter can be disabled with `set_option linter.style.haveILetI false`
⚠ [4172/4782] Replayed ASGinzburg.GradedOrdinaryRingDualInternalGrading
warning: ASGinzburg/GradedOrdinaryRingDualInternalGrading.lean:53:4: Try this: intro hp g hg
⚠ [4173/4782] Replayed ASGinzburg.PotentialCyclicClass
warning: ASGinzburg/PotentialCyclicClass.lean:31:31: `dif_pos` has been deprecated: Use `dite_eq_left` instead
warning: ASGinzburg/PotentialCyclicClass.lean:75:29: `dif_pos` has been deprecated: Use `dite_eq_left` instead
⚠ [4174/4782] Replayed ASGinzburg.AlgebraEnvelopingRingDualTensorEvaluationInduction
warning: ASGinzburg/AlgebraEnvelopingRingDualTensorEvaluationInduction.lean:13:0: Definition `ASGinzburg.envelopingTensorEvaluationFirstRightModule` of class type is semireducible. Most type class instances should be instance-reducible, so consider marking this
definition with `@[instance_reducible]`. If it is intentionally semireducible, this warning can be disabled with `set_option warn.classDefReducibility false`.
warning: ASGinzburg/AlgebraEnvelopingRingDualTensorEvaluationInduction.lean:17:17: Definition `ASGinzburg.envelopingTensorEvaluationFirstRightModule` of class type is semireducible. Most type class instances should be instance-reducible, so consider marking this
definition with `@[instance_reducible]`. If it is intentionally semireducible, this warning can be disabled with `set_option warn.classDefReducibility false`.
warning: ASGinzburg/AlgebraEnvelopingRingDualTensorEvaluationInduction.lean:19:0: Definition `ASGinzburg.envelopingTensorEvaluationFirstRightSMul` of class type is semireducible. Most type class instances should be instance-reducible, so consider marking this
definition with `@[instance_reducible]`. If it is intentionally semireducible, this warning can be disabled with `set_option warn.classDefReducibility false`.
warning: ASGinzburg/AlgebraEnvelopingRingDualTensorEvaluationInduction.lean:23:17: Definition `ASGinzburg.envelopingTensorEvaluationFirstRightSMul` of class type is semireducible. Most type class instances should be instance-reducible, so consider marking this
definition with `@[instance_reducible]`. If it is intentionally semireducible, this warning can be disabled with `set_option warn.classDefReducibility false`.
warning: ASGinzburg/AlgebraEnvelopingRingDualTensorEvaluationInduction.lean:58:2: Try this: 
  letI̵

The goal is a proposition, so `let` is preferred over `letI`.
The difference between `let` and `letI` is that `letI` inlines the value.
But this is not relevant for proofs because of proof irrelevance.

Note: This linter can be disabled with `set_option linter.style.haveILetI false`
warning: ASGinzburg/AlgebraEnvelopingRingDualTensorEvaluationInduction.lean:59:2: Try this: 
  letI̵

The goal is a proposition, so `let` is preferred over `letI`.
The difference between `let` and `letI` is that `letI` inlines the value.
But this is not relevant for proofs because of proof irrelevance.

Note: This linter can be disabled with `set_option linter.style.haveILetI false`
warning: ASGinzburg/AlgebraEnvelopingRingDualTensorEvaluationInduction.lean:60:2: Try this: 
  letI̵

The goal is a proposition, so `let` is preferred over `letI`.
The difference between `let` and `letI` is that `letI` inlines the value.
But this is not relevant for proofs because of proof irrelevance.

Note: This linter can be disabled with `set_option linter.style.haveILetI false`
warning: ASGinzburg/AlgebraEnvelopingRingDualTensorEvaluationInduction.lean:102:2: Try this: 
  letI̵

The goal is a proposition, so `let` is preferred over `letI`.
The difference between `let` and `letI` is that `letI` inlines the value.
But this is not relevant for proofs because of proof irrelevance.

Note: This linter can be disabled with `set_option linter.style.haveILetI false`
warning: ASGinzburg/AlgebraEnvelopingRingDualTensorEvaluationInduction.lean:103:2: Try this: 
  letI̵

The goal is a proposition, so `let` is preferred over `letI`.
The difference between `let` and `letI` is that `letI` inlines the value.
But this is not relevant for proofs because of proof irrelevance.

Note: This linter can be disabled with `set_option linter.style.haveILetI false`
warning: ASGinzburg/AlgebraEnvelopingRingDualTensorEvaluationInduction.lean:104:2: Try this: 
  letI̵

The goal is a proposition, so `let` is preferred over `letI`.
The difference between `let` and `letI` is that `letI` inlines the value.
But this is not relevant for proofs because of proof irrelevance.

Note: This linter can be disabled with `set_option linter.style.haveILetI false`
warning: ASGinzburg/AlgebraEnvelopingRingDualTensorEvaluationInduction.lean:132:2: Try this: 
  letI̵

The goal is a proposition, so `let` is preferred over `letI`.
The difference between `let` and `letI` is that `letI` inlines the value.
But this is not relevant for proofs because of proof irrelevance.

Note: This linter can be disabled with `set_option linter.style.haveILetI false`
warning: ASGinzburg/AlgebraEnvelopingRingDualTensorEvaluationInduction.lean:133:2: Try this: 
  letI̵

The goal is a proposition, so `let` is preferred over `letI`.
The difference between `let` and `letI` is that `letI` inlines the value.
But this is not relevant for proofs because of proof irrelevance.

Note: This linter can be disabled with `set_option linter.style.haveILetI false`
warning: ASGinzburg/AlgebraEnvelopingRingDualTensorEvaluationInduction.lean:134:2: Try this: 
  letI̵

The goal is a proposition, so `let` is preferred over `letI`.
The difference between `let` and `letI` is that `letI` inlines the value.
But this is not relevant for proofs because of proof irrelevance.

Note: This linter can be disabled with `set_option linter.style.haveILetI false`
warning: ASGinzburg/AlgebraEnvelopingRingDualTensorEvaluationInduction.lean:168:2: Try this: 
  letI̵

The goal is a proposition, so `let` is preferred over `letI`.
The difference between `let` and `letI` is that `letI` inlines the value.
But this is not relevant for proofs because of proof irrelevance.

Note: This linter can be disabled with `set_option linter.style.haveILetI false`
warning: ASGinzburg/AlgebraEnvelopingRingDualTensorEvaluationInduction.lean:169:2: Try this: 
  letI̵

The goal is a proposition, so `let` is preferred over `letI`.
The difference between `let` and `letI` is that `letI` inlines the value.
But this is not relevant for proofs because of proof irrelevance.

Note: This linter can be disabled with `set_option linter.style.haveILetI false`
warning: ASGinzburg/AlgebraEnvelopingRingDualTensorEvaluationInduction.lean:170:2: Try this: 
  letI̵

The goal is a proposition, so `let` is preferred over `letI`.
The difference between `let` and `letI` is that `letI` inlines the value.
But this is not relevant for proofs because of proof irrelevance.

Note: This linter can be disabled with `set_option linter.style.haveILetI false`
warning: ASGinzburg/AlgebraEnvelopingRingDualTensorEvaluationInduction.lean:184:2: Try this: 
  letI̵

The goal is a proposition, so `let` is preferred over `letI`.
The difference between `let` and `letI` is that `letI` inlines the value.
But this is not relevant for proofs because of proof irrelevance.

Note: This linter can be disabled with `set_option linter.style.haveILetI false`
warning: ASGinzburg/AlgebraEnvelopingRingDualTensorEvaluationInduction.lean:185:2: Try this: 
  letI̵

The goal is a proposition, so `let` is preferred over `letI`.
The difference between `let` and `letI` is that `letI` inlines the value.
But this is not relevant for proofs because of proof irrelevance.

Note: This linter can be disabled with `set_option linter.style.haveILetI false`
warning: ASGinzburg/AlgebraEnvelopingRingDualTensorEvaluationInduction.lean:186:2: Try this: 
  letI̵

The goal is a proposition, so `let` is preferred over `letI`.
The difference between `let` and `letI` is that `letI` inlines the value.
But this is not relevant for proofs because of proof irrelevance.

Note: This linter can be disabled with `set_option linter.style.haveILetI false`
⚠ [4175/4782] Replayed ASGinzburg.AlgebraEnvelopingRingDualTensorEvaluationShuffle
warning: ASGinzburg/AlgebraEnvelopingRingDualTensorEvaluationShuffle.lean:16:0: Definition `ASGinzburg.envelopingTensorEvaluationRestrictedRightModule` of class type is semireducible. Most type class instances should be instance-reducible, so consider marking this
definition with `@[instance_reducible]`. If it is intentionally semireducible, this warning can be disabled with `set_option warn.classDefReducibility false`.
warning: ASGinzburg/AlgebraEnvelopingRingDualTensorEvaluationShuffle.lean:20:0: Definition `ASGinzburg.envelopingTensorEvaluationRestrictedRightSMul` of class type is semireducible. Most type class instances should be instance-reducible, so consider marking this
definition with `@[instance_reducible]`. If it is intentionally semireducible, this warning can be disabled with `set_option warn.classDefReducibility false`.
warning: ASGinzburg/AlgebraEnvelopingRingDualTensorEvaluationShuffle.lean:23:17: Definition `ASGinzburg.envelopingTensorEvaluationFirstRightModule` of class type is semireducible. Most type class instances should be instance-reducible, so consider marking this
definition with `@[instance_reducible]`. If it is intentionally semireducible, this warning can be disabled with `set_option warn.classDefReducibility false`.
warning: ASGinzburg/AlgebraEnvelopingRingDualTensorEvaluationShuffle.lean:24:17: Definition `ASGinzburg.envelopingTensorEvaluationFirstRightSMul` of class type is semireducible. Most type class instances should be instance-reducible, so consider marking this
definition with `@[instance_reducible]`. If it is intentionally semireducible, this warning can be disabled with `set_option warn.classDefReducibility false`.
warning: ASGinzburg/AlgebraEnvelopingRingDualTensorEvaluationShuffle.lean:59:2: Try this: 
  letI̵

The goal is a proposition, so `let` is preferred over `letI`.
The difference between `let` and `letI` is that `letI` inlines the value.
But this is not relevant for proofs because of proof irrelevance.

Note: This linter can be disabled with `set_option linter.style.haveILetI false`
warning: ASGinzburg/AlgebraEnvelopingRingDualTensorEvaluationShuffle.lean:60:2: Try this: 
  letI̵

The goal is a proposition, so `let` is preferred over `letI`.
The difference between `let` and `letI` is that `letI` inlines the value.
But this is not relevant for proofs because of proof irrelevance.

Note: This linter can be disabled with `set_option linter.style.haveILetI false`
warning: ASGinzburg/AlgebraEnvelopingRingDualTensorEvaluationShuffle.lean:109:2: Try this: 
  letI̵

The goal is a proposition, so `let` is preferred over `letI`.
The difference between `let` and `letI` is that `letI` inlines the value.
But this is not relevant for proofs because of proof irrelevance.

Note: This linter can be disabled with `set_option linter.style.haveILetI false`
warning: ASGinzburg/AlgebraEnvelopingRingDualTensorEvaluationShuffle.lean:145:2: Try this: 
  letI̵

The goal is a proposition, so `let` is preferred over `letI`.
The difference between `let` and `letI` is that `letI` inlines the value.
But this is not relevant for proofs because of proof irrelevance.

Note: This linter can be disabled with `set_option linter.style.haveILetI false`
warning: ASGinzburg/AlgebraEnvelopingRingDualTensorEvaluationShuffle.lean:146:2: Try this: 
  letI̵

The goal is a proposition, so `let` is preferred over `letI`.
The difference between `let` and `letI` is that `letI` inlines the value.
But this is not relevant for proofs because of proof irrelevance.

Note: This linter can be disabled with `set_option linter.style.haveILetI false`
warning: ASGinzburg/AlgebraEnvelopingRingDualTensorEvaluationShuffle.lean:147:2: Try this: 
  letI̵

The goal is a proposition, so `let` is preferred over `letI`.
The difference between `let` and `letI` is that `letI` inlines the value.
But this is not relevant for proofs because of proof irrelevance.

Note: This linter can be disabled with `set_option linter.style.haveILetI false`
warning: ASGinzburg/AlgebraEnvelopingRingDualTensorEvaluationShuffle.lean:175:2: Try this: 
  letI̵

The goal is a proposition, so `let` is preferred over `letI`.
The difference between `let` and `letI` is that `letI` inlines the value.
But this is not relevant for proofs because of proof irrelevance.

Note: This linter can be disabled with `set_option linter.style.haveILetI false`
warning: ASGinzburg/AlgebraEnvelopingRingDualTensorEvaluationShuffle.lean:176:2: Try this: 
  letI̵

The goal is a proposition, so `let` is preferred over `letI`.
The difference between `let` and `letI` is that `letI` inlines the value.
But this is not relevant for proofs because of proof irrelevance.

Note: This linter can be disabled with `set_option linter.style.haveILetI false`
warning: ASGinzburg/AlgebraEnvelopingRingDualTensorEvaluationShuffle.lean:177:2: Try this: 
  letI̵

The goal is a proposition, so `let` is preferred over `letI`.
The difference between `let` and `letI` is that `letI` inlines the value.
But this is not relevant for proofs because of proof irrelevance.

Note: This linter can be disabled with `set_option linter.style.haveILetI false`
warning: ASGinzburg/AlgebraEnvelopingRingDualTensorEvaluationShuffle.lean:178:2: Try this: 
  letI̵

The goal is a proposition, so `let` is preferred over `letI`.
The difference between `let` and `letI` is that `letI` inlines the value.
But this is not relevant for proofs because of proof irrelevance.

Note: This linter can be disabled with `set_option linter.style.haveILetI false`
warning: ASGinzburg/AlgebraEnvelopingRingDualTensorEvaluationShuffle.lean:179:2: Try this: 
  letI̵

The goal is a proposition, so `let` is preferred over `letI`.
The difference between `let` and `letI` is that `letI` inlines the value.
But this is not relevant for proofs because of proof irrelevance.

Note: This linter can be disabled with `set_option linter.style.haveILetI false`
warning: ASGinzburg/AlgebraEnvelopingRingDualTensorEvaluationShuffle.lean:197:2: Try this: 
  letI̵

The goal is a proposition, so `let` is preferred over `letI`.
The difference between `let` and `letI` is that `letI` inlines the value.
But this is not relevant for proofs because of proof irrelevance.

Note: This linter can be disabled with `set_option linter.style.haveILetI false`
warning: ASGinzburg/AlgebraEnvelopingRingDualTensorEvaluationShuffle.lean:198:2: Try this: 
  letI̵

The goal is a proposition, so `let` is preferred over `letI`.
The difference between `let` and `letI` is that `letI` inlines the value.
But this is not relevant for proofs because of proof irrelevance.

Note: This linter can be disabled with `set_option linter.style.haveILetI false`
warning: ASGinzburg/AlgebraEnvelopingRingDualTensorEvaluationShuffle.lean:199:2: Try this: 
  letI̵

The goal is a proposition, so `let` is preferred over `letI`.
The difference between `let` and `letI` is that `letI` inlines the value.
But this is not relevant for proofs because of proof irrelevance.

Note: This linter can be disabled with `set_option linter.style.haveILetI false`
warning: ASGinzburg/AlgebraEnvelopingRingDualTensorEvaluationShuffle.lean:200:2: Try this: 
  letI̵

The goal is a proposition, so `let` is preferred over `letI`.
The difference between `let` and `letI` is that `letI` inlines the value.
But this is not relevant for proofs because of proof irrelevance.

Note: This linter can be disabled with `set_option linter.style.haveILetI false`
warning: ASGinzburg/AlgebraEnvelopingRingDualTensorEvaluationShuffle.lean:201:2: Try this: 
  letI̵

The goal is a proposition, so `let` is preferred over `letI`.
The difference between `let` and `letI` is that `letI` inlines the value.
But this is not relevant for proofs because of proof irrelevance.

Note: This linter can be disabled with `set_option linter.style.haveILetI false`
warning: ASGinzburg/AlgebraEnvelopingRingDualTensorEvaluationShuffle.lean:250:2: Try this: 
  letI̵

The goal is a proposition, so `let` is preferred over `letI`.
The difference between `let` and `letI` is that `letI` inlines the value.
But this is not relevant for proofs because of proof irrelevance.

Note: This linter can be disabled with `set_option linter.style.haveILetI false`
warning: ASGinzburg/AlgebraEnvelopingRingDualTensorEvaluationShuffle.lean:251:2: Try this: 
  letI̵

The goal is a proposition, so `let` is preferred over `letI`.
The difference between `let` and `letI` is that `letI` inlines the value.
But this is not relevant for proofs because of proof irrelevance.

Note: This linter can be disabled with `set_option linter.style.haveILetI false`
warning: ASGinzburg/AlgebraEnvelopingRingDualTensorEvaluationShuffle.lean:252:2: Try this: 
  letI̵

The goal is a proposition, so `let` is preferred over `letI`.
The difference between `let` and `letI` is that `letI` inlines the value.
But this is not relevant for proofs because of proof irrelevance.

Note: This linter can be disabled with `set_option linter.style.haveILetI false`
warning: ASGinzburg/AlgebraEnvelopingRingDualTensorEvaluationShuffle.lean:253:2: Try this: 
  letI̵

The goal is a proposition, so `let` is preferred over `letI`.
The difference between `let` and `letI` is that `letI` inlines the value.
But this is not relevant for proofs because of proof irrelevance.

Note: This linter can be disabled with `set_option linter.style.haveILetI false`
warning: ASGinzburg/AlgebraEnvelopingRingDualTensorEvaluationShuffle.lean:254:2: Try this: 
  letI̵

The goal is a proposition, so `let` is preferred over `letI`.
The difference between `let` and `letI` is that `letI` inlines the value.
But this is not relevant for proofs because of proof irrelevance.

Note: This linter can be disabled with `set_option linter.style.haveILetI false`
warning: ASGinzburg/AlgebraEnvelopingRingDualTensorEvaluationShuffle.lean:269:2: Try this: 
  letI̵

The goal is a proposition, so `let` is preferred over `letI`.
The difference between `let` and `letI` is that `letI` inlines the value.
But this is not relevant for proofs because of proof irrelevance.

Note: This linter can be disabled with `set_option linter.style.haveILetI false`
warning: ASGinzburg/AlgebraEnvelopingRingDualTensorEvaluationShuffle.lean:270:2: Try this: 
  letI̵

The goal is a proposition, so `let` is preferred over `letI`.
The difference between `let` and `letI` is that `letI` inlines the value.
But this is not relevant for proofs because of proof irrelevance.

Note: This linter can be disabled with `set_option linter.style.haveILetI false`
warning: ASGinzburg/AlgebraEnvelopingRingDualTensorEvaluationShuffle.lean:271:2: Try this: 
  letI̵

The goal is a proposition, so `let` is preferred over `letI`.
The difference between `let` and `letI` is that `letI` inlines the value.
But this is not relevant for proofs because of proof irrelevance.

Note: This linter can be disabled with `set_option linter.style.haveILetI false`
warning: ASGinzburg/AlgebraEnvelopingRingDualTensorEvaluationShuffle.lean:272:2: Try this: 
  letI̵

The goal is a proposition, so `let` is preferred over `letI`.
The difference between `let` and `letI` is that `letI` inlines the value.
But this is not relevant for proofs because of proof irrelevance.

Note: This linter can be disabled with `set_option linter.style.haveILetI false`
warning: ASGinzburg/AlgebraEnvelopingRingDualTensorEvaluationShuffle.lean:273:2: Try this: 
  letI̵

The goal is a proposition, so `let` is preferred over `letI`.
The difference between `let` and `letI` is that `letI` inlines the value.
But this is not relevant for proofs because of proof irrelevance.

Note: This linter can be disabled with `set_option linter.style.haveILetI false`
warning: ASGinzburg/AlgebraEnvelopingRingDualTensorEvaluationShuffle.lean:298:2: Try this: 
  letI̵

The goal is a proposition, so `let` is preferred over `letI`.
The difference between `let` and `letI` is that `letI` inlines the value.
But this is not relevant for proofs because of proof irrelevance.

Note: This linter can be disabled with `set_option linter.style.haveILetI false`
warning: ASGinzburg/AlgebraEnvelopingRingDualTensorEvaluationShuffle.lean:299:2: Try this: 
  letI̵

The goal is a proposition, so `let` is preferred over `letI`.
The difference between `let` and `letI` is that `letI` inlines the value.
But this is not relevant for proofs because of proof irrelevance.

Note: This linter can be disabled with `set_option linter.style.haveILetI false`
warning: ASGinzburg/AlgebraEnvelopingRingDualTensorEvaluationShuffle.lean:300:2: Try this: 
  letI̵

The goal is a proposition, so `let` is preferred over `letI`.
The difference between `let` and `letI` is that `letI` inlines the value.
But this is not relevant for proofs because of proof irrelevance.

Note: This linter can be disabled with `set_option linter.style.haveILetI false`
warning: ASGinzburg/AlgebraEnvelopingRingDualTensorEvaluationShuffle.lean:301:2: Try this: 
  letI̵

The goal is a proposition, so `let` is preferred over `letI`.
The difference between `let` and `letI` is that `letI` inlines the value.
But this is not relevant for proofs because of proof irrelevance.

Note: This linter can be disabled with `set_option linter.style.haveILetI false`
warning: ASGinzburg/AlgebraEnvelopingRingDualTensorEvaluationShuffle.lean:302:2: Try this: 
  letI̵

The goal is a proposition, so `let` is preferred over `letI`.
The difference between `let` and `letI` is that `letI` inlines the value.
But this is not relevant for proofs because of proof irrelevance.

Note: This linter can be disabled with `set_option linter.style.haveILetI false`
⚠ [4176/4782] Replayed ASGinzburg.AlgebraEnvelopingRingDualTensorEvaluationField
warning: ASGinzburg/AlgebraEnvelopingRingDualTensorEvaluationField.lean:12:0: Definition `ASGinzburg.ordinaryRingDualTensorFieldSMulK` of class type is semireducible. Most type class instances should be instance-reducible, so consider marking this
definition with `@[instance_reducible]`. If it is intentionally semireducible, this warning can be disabled with `set_option warn.classDefReducibility false`.
warning: ASGinzburg/AlgebraEnvelopingRingDualTensorEvaluationField.lean:15:17: Definition `ASGinzburg.ordinaryRingDualTensorModuleK` of class type is semireducible. Most type class instances should be instance-reducible, so consider marking this
definition with `@[instance_reducible]`. If it is intentionally semireducible, this warning can be disabled with `set_option warn.classDefReducibility false`.
warning: ASGinzburg/AlgebraEnvelopingRingDualTensorEvaluationField.lean:16:17: Definition `ASGinzburg.ordinaryRingDualTensorScalarTower` of class type is semireducible. Most type class instances should be instance-reducible, so consider marking this
definition with `@[instance_reducible]`. If it is intentionally semireducible, this warning can be disabled with `set_option warn.classDefReducibility false`.
warning: ASGinzburg/AlgebraEnvelopingRingDualTensorEvaluationField.lean:17:17: Definition `ASGinzburg.ordinaryRingDualTensorFieldSMulK` of class type is semireducible. Most type class instances should be instance-reducible, so consider marking this
definition with `@[instance_reducible]`. If it is intentionally semireducible, this warning can be disabled with `set_option warn.classDefReducibility false`.
⚠ [4177/4782] Replayed ASGinzburg.AlgebraEnvelopingRingDualTensorEvaluation
warning: ASGinzburg/AlgebraEnvelopingRingDualTensorEvaluation.lean:15:17: Definition `ASGinzburg.ordinaryRingDualTensorModuleK` of class type is semireducible. Most type class instances should be instance-reducible, so consider marking this
definition with `@[instance_reducible]`. If it is intentionally semireducible, this warning can be disabled with `set_option warn.classDefReducibility false`.
warning: ASGinzburg/AlgebraEnvelopingRingDualTensorEvaluation.lean:16:17: Definition `ASGinzburg.ordinaryRingDualTensorScalarTower` of class type is semireducible. Most type class instances should be instance-reducible, so consider marking this
definition with `@[instance_reducible]`. If it is intentionally semireducible, this warning can be disabled with `set_option warn.classDefReducibility false`.
warning: ASGinzburg/AlgebraEnvelopingRingDualTensorEvaluation.lean:17:17: Definition `ASGinzburg.ordinaryRingDualTensorFieldSMulK` of class type is semireducible. Most type class instances should be instance-reducible, so consider marking this
definition with `@[instance_reducible]`. If it is intentionally semireducible, this warning can be disabled with `set_option warn.classDefReducibility false`.
warning: ASGinzburg/AlgebraEnvelopingRingDualTensorEvaluation.lean:67:2: Try this: 
  letI̵

The goal is a proposition, so `let` is preferred over `letI`.
The difference between `let` and `letI` is that `letI` inlines the value.
But this is not relevant for proofs because of proof irrelevance.

Note: This linter can be disabled with `set_option linter.style.haveILetI false`
warning: ASGinzburg/AlgebraEnvelopingRingDualTensorEvaluation.lean:69:2: Try this: 
  letI̵

The goal is a proposition, so `let` is preferred over `letI`.
The difference between `let` and `letI` is that `letI` inlines the value.
But this is not relevant for proofs because of proof irrelevance.

Note: This linter can be disabled with `set_option linter.style.haveILetI false`
warning: ASGinzburg/AlgebraEnvelopingRingDualTensorEvaluation.lean:72:2: Try this: 
  letI̵

The goal is a proposition, so `let` is preferred over `letI`.
The difference between `let` and `letI` is that `letI` inlines the value.
But this is not relevant for proofs because of proof irrelevance.

Note: This linter can be disabled with `set_option linter.style.haveILetI false`
warning: ASGinzburg/AlgebraEnvelopingRingDualTensorEvaluation.lean:73:2: Try this: 
  letI̵

The goal is a proposition, so `let` is preferred over `letI`.
The difference between `let` and `letI` is that `letI` inlines the value.
But this is not relevant for proofs because of proof irrelevance.

Note: This linter can be disabled with `set_option linter.style.haveILetI false`
warning: ASGinzburg/AlgebraEnvelopingRingDualTensorEvaluation.lean:74:2: Try this: 
  letI̵

The goal is a proposition, so `let` is preferred over `letI`.
The difference between `let` and `letI` is that `letI` inlines the value.
But this is not relevant for proofs because of proof irrelevance.

Note: This linter can be disabled with `set_option linter.style.haveILetI false`
warning: ASGinzburg/AlgebraEnvelopingRingDualTensorEvaluation.lean:75:2: Try this: 
  letI̵

The goal is a proposition, so `let` is preferred over `letI`.
The difference between `let` and `letI` is that `letI` inlines the value.
But this is not relevant for proofs because of proof irrelevance.

Note: This linter can be disabled with `set_option linter.style.haveILetI false`
warning: ASGinzburg/AlgebraEnvelopingRingDualTensorEvaluation.lean:76:2: Try this: 
  letI̵

The goal is a proposition, so `let` is preferred over `letI`.
The difference between `let` and `letI` is that `letI` inlines the value.
But this is not relevant for proofs because of proof irrelevance.

Note: This linter can be disabled with `set_option linter.style.haveILetI false`
warning: ASGinzburg/AlgebraEnvelopingRingDualTensorEvaluation.lean:77:2: Try this: 
  letI̵

The goal is a proposition, so `let` is preferred over `letI`.
The difference between `let` and `letI` is that `letI` inlines the value.
But this is not relevant for proofs because of proof irrelevance.

Note: This linter can be disabled with `set_option linter.style.haveILetI false`
⚠ [4187/4782] Replayed ASGinzburg.GradedOrdinaryCokernelData
warning: ASGinzburg/GradedOrdinaryCokernelData.lean:21:0: Definition `ASGinzburg.GradedOrdinaryModuleData.cokernelGradeDecomposition` of class type is semireducible. Most type class instances should be instance-reducible, so consider marking this
definition with `@[instance_reducible]`. If it is intentionally semireducible, this warning can be disabled with `set_option warn.classDefReducibility false`.
warning: ASGinzburg/GradedOrdinaryCokernelData.lean:38:4: Try this: 
  letI̵

The goal is a proposition, so `let` is preferred over `letI`.
The difference between `let` and `letI` is that `letI` inlines the value.
But this is not relevant for proofs because of proof irrelevance.

Note: This linter can be disabled with `set_option linter.style.haveILetI false`
⚠ [4189/4782] Replayed ASGinzburg.ProjectiveEpiExactnessFunctor
warning: ASGinzburg/ProjectiveEpiExactnessFunctor.lean:16:2: Try this: 
  letI̵

The goal is a proposition, so `let` is preferred over `letI`.
The difference between `let` and `letI` is that `letI` inlines the value.
But this is not relevant for proofs because of proof irrelevance.

Note: This linter can be disabled with `set_option linter.style.haveILetI false`
warning: ASGinzburg/ProjectiveEpiExactnessFunctor.lean:21:2: Try this: 
  haveI̵

The goal is a proposition, so `have` is preferred over `haveI`.
The difference between `have` and `haveI` is that `haveI` inlines the value.
But this is not relevant for proofs because of proof irrelevance.

Note: This linter can be disabled with `set_option linter.style.haveILetI false`
warning: ASGinzburg/ProjectiveEpiExactnessFunctor.lean:24:2: Try this: 
  haveI̵

The goal is a proposition, so `have` is preferred over `haveI`.
The difference between `have` and `haveI` is that `haveI` inlines the value.
But this is not relevant for proofs because of proof irrelevance.

Note: This linter can be disabled with `set_option linter.style.haveILetI false`
⚠ [4190/4782] Replayed ASGinzburg.GradedFunctorExactnessReflection
warning: ASGinzburg/GradedFunctorExactnessReflection.lean:24:2: Try this: 
  haveI̵

The goal is a proposition, so `have` is preferred over `haveI`.
The difference between `have` and `haveI` is that `haveI` inlines the value.
But this is not relevant for proofs because of proof irrelevance.

Note: This linter can be disabled with `set_option linter.style.haveILetI false`
warning: ASGinzburg/GradedFunctorExactnessReflection.lean:26:2: Try this: 
  haveI̵

The goal is a proposition, so `have` is preferred over `haveI`.
The difference between `have` and `haveI` is that `haveI` inlines the value.
But this is not relevant for proofs because of proof irrelevance.

Note: This linter can be disabled with `set_option linter.style.haveILetI false`
warning: ASGinzburg/GradedFunctorExactnessReflection.lean:31:2: Try this: 
  haveI̵

The goal is a proposition, so `have` is preferred over `haveI`.
The difference between `have` and `haveI` is that `haveI` inlines the value.
But this is not relevant for proofs because of proof irrelevance.

Note: This linter can be disabled with `set_option linter.style.haveILetI false`
⚠ [4191/4782] Replayed ASGinzburg.GradedFunctorMonoReflection
warning: ASGinzburg/GradedFunctorMonoReflection.lean:20:2: Try this: 
  letI̵

The goal is a proposition, so `let` is preferred over `letI`.
The difference between `let` and `letI` is that `letI` inlines the value.
But this is not relevant for proofs because of proof irrelevance.

Note: This linter can be disabled with `set_option linter.style.haveILetI false`
⚠ [4192/4782] Replayed ASGinzburg.GradedKernelFactorFunctor
warning: ASGinzburg/GradedKernelFactorFunctor.lean:19:2: Try this: 
  letI̵

The goal is a proposition, so `let` is preferred over `letI`.
The difference between `let` and `letI` is that `letI` inlines the value.
But this is not relevant for proofs because of proof irrelevance.

Note: This linter can be disabled with `set_option linter.style.haveILetI false`
warning: ASGinzburg/GradedKernelFactorFunctor.lean:20:2: Try this: 
  haveI̵

The goal is a proposition, so `have` is preferred over `haveI`.
The difference between `have` and `haveI` is that `haveI` inlines the value.
But this is not relevant for proofs because of proof irrelevance.

Note: This linter can be disabled with `set_option linter.style.haveILetI false`
warning: ASGinzburg/GradedKernelFactorFunctor.lean:43:2: Try this: 
  letI̵

The goal is a proposition, so `let` is preferred over `letI`.
The difference between `let` and `letI` is that `letI` inlines the value.
But this is not relevant for proofs because of proof irrelevance.

Note: This linter can be disabled with `set_option linter.style.haveILetI false`
⚠ [4196/4782] Replayed ASGinzburg.OrdinaryModuleRingDualDerivedNaturality
warning: ASGinzburg/OrdinaryModuleRingDualDerivedNaturality.lean:13:51: This simp argument is unused:
  HomologicalComplex.comp_f

Hint: Omit it from the simp argument list.
  [apply] simp only [ordinaryProjectiveResolutionOpposite, ordinarySingleZeroOppositeIso,
    HomologicalComplex.Hom.isoOfComponents_hom_f, HomologicalComplex.opFunctor_map_f, Quiver.Hom.unop_op]

Note: This linter can be disabled with `set_option linter.unusedSimpArgs false`
warning: ASGinzburg/OrdinaryModuleRingDualDerivedNaturality.lean:14:35: This simp argument is unused:
  HomologicalComplex.Hom.isoOfComponents_hom_f

Hint: Omit it from the simp argument list.
  [apply] simp only [ordinaryProjectiveResolutionOpposite, HomologicalComplex.comp_f, ordinarySingleZeroOppositeIso,
    HomologicalComplex.opFunctor_map_f, Quiver.Hom.unop_op]

Note: This linter can be disabled with `set_option linter.unusedSimpArgs false`
warning: ASGinzburg/OrdinaryModuleRingDualDerivedNaturality.lean:15:4: This simp argument is unused:
  HomologicalComplex.opFunctor_map_f

Hint: Omit it from the simp argument list.
  [apply] simp only [ordinaryProjectiveResolutionOpposite, HomologicalComplex.comp_f, ordinarySingleZeroOppositeIso,
    HomologicalComplex.Hom.isoOfComponents_hom_f, Quiver.Hom.unop_op]

Note: This linter can be disabled with `set_option linter.unusedSimpArgs false`
warning: ASGinzburg/OrdinaryModuleRingDualDerivedNaturality.lean:15:40: This simp argument is unused:
  Quiver.Hom.unop_op

Hint: Omit it from the simp argument list.
  [apply] simp only [ordinaryProjectiveResolutionOpposite, HomologicalComplex.comp_f, ordinarySingleZeroOppositeIso,
    HomologicalComplex.Hom.isoOfComponents_hom_f, HomologicalComplex.opFunctor_map_f]

Note: This linter can be disabled with `set_option linter.unusedSimpArgs false`
⚠ [4197/4782] Replayed ASGinzburg.OrdinaryModuleRingDualLeftExact
warning: ASGinzburg/OrdinaryModuleRingDualLeftExact.lean:28:2: Try this: 
  letI̵

The goal is a proposition, so `let` is preferred over `letI`.
The difference between `let` and `letI` is that `letI` inlines the value.
But this is not relevant for proofs because of proof irrelevance.

Note: This linter can be disabled with `set_option linter.style.haveILetI false`
warning: ASGinzburg/OrdinaryModuleRingDualLeftExact.lean:49:2: Try this: 
  letI̵

The goal is a proposition, so `let` is preferred over `letI`.
The difference between `let` and `letI` is that `letI` inlines the value.
But this is not relevant for proofs because of proof irrelevance.

Note: This linter can be disabled with `set_option linter.style.haveILetI false`
⚠ [4208/4782] Replayed ASGinzburg.GinzburgGeneratorLayerConcentration
warning: ASGinzburg/GinzburgGeneratorLayerConcentration.lean:13:2: Try this: 
  letI̵

The goal is a proposition, so `let` is preferred over `letI`.
The difference between `let` and `letI` is that `letI` inlines the value.
But this is not relevant for proofs because of proof irrelevance.

Note: This linter can be disabled with `set_option linter.style.haveILetI false`
⚠ [4209/4782] Replayed ASGinzburg.GinzburgGeneratorLayerAugmentation
warning: ASGinzburg/GinzburgGeneratorLayerAugmentation.lean:48:2: Try this: 
  letI̵

The goal is a proposition, so `let` is preferred over `letI`.
The difference between `let` and `letI` is that `letI` inlines the value.
But this is not relevant for proofs because of proof irrelevance.

Note: This linter can be disabled with `set_option linter.style.haveILetI false`
⚠ [4210/4782] Replayed ASGinzburg.GinzburgGeneratorFiltrationShortExact
warning: ASGinzburg/GinzburgGeneratorFiltrationShortExact.lean:61:2: Try this: 
  letI̵

The goal is a proposition, so `let` is preferred over `letI`.
The difference between `let` and `letI` is that `letI` inlines the value.
But this is not relevant for proofs because of proof irrelevance.

Note: This linter can be disabled with `set_option linter.style.haveILetI false`
⚠ [4215/4782] Replayed ASGinzburg.GinzburgAssociatedLeftAction
warning: ASGinzburg/GinzburgAssociatedLeftAction.lean:36:2: Try this: 
  letI̵

The goal is a proposition, so `let` is preferred over `letI`.
The difference between `let` and `letI` is that `letI` inlines the value.
But this is not relevant for proofs because of proof irrelevance.

Note: This linter can be disabled with `set_option linter.style.haveILetI false`
warning: ASGinzburg/GinzburgAssociatedLeftAction.lean:37:2: Try this: 
  letI̵

The goal is a proposition, so `let` is preferred over `letI`.
The difference between `let` and `letI` is that `letI` inlines the value.
But this is not relevant for proofs because of proof irrelevance.

Note: This linter can be disabled with `set_option linter.style.haveILetI false`
⚠ [4217/4782] Replayed ASGinzburg.GinzburgCutZeroClassSurjectivity
warning: ASGinzburg/GinzburgCutZeroClassSurjectivity.lean:14:2: Try this: 
  letI̵

The goal is a proposition, so `let` is preferred over `letI`.
The difference between `let` and `letI` is that `letI` inlines the value.
But this is not relevant for proofs because of proof irrelevance.

Note: This linter can be disabled with `set_option linter.style.haveILetI false`
⚠ [4218/4782] Replayed ASGinzburg.GinzburgCutRepresentableNaturality
warning: ASGinzburg/GinzburgCutRepresentableNaturality.lean:22:2: Try this: 
  letI̵

The goal is a proposition, so `let` is preferred over `letI`.
The difference between `let` and `letI` is that `letI` inlines the value.
But this is not relevant for proofs because of proof irrelevance.

Note: This linter can be disabled with `set_option linter.style.haveILetI false`
⚠ [4241/4782] Replayed ASGinzburg.AlgebraEnvelopingTensorAugmentationRestriction
warning: ASGinzburg/AlgebraEnvelopingTensorAugmentationRestriction.lean:31:2: Try this: 
  letI̵

The goal is a proposition, so `let` is preferred over `letI`.
The difference between `let` and `letI` is that `letI` inlines the value.
But this is not relevant for proofs because of proof irrelevance.

Note: This linter can be disabled with `set_option linter.style.haveILetI false`
warning: ASGinzburg/AlgebraEnvelopingTensorAugmentationRestriction.lean:33:2: Try this: 
  letI̵

The goal is a proposition, so `let` is preferred over `letI`.
The difference between `let` and `letI` is that `letI` inlines the value.
But this is not relevant for proofs because of proof irrelevance.

Note: This linter can be disabled with `set_option linter.style.haveILetI false`
warning: ASGinzburg/AlgebraEnvelopingTensorAugmentationRestriction.lean:40:2: Try this: 
  letI̵

The goal is a proposition, so `let` is preferred over `letI`.
The difference between `let` and `letI` is that `letI` inlines the value.
But this is not relevant for proofs because of proof irrelevance.

Note: This linter can be disabled with `set_option linter.style.haveILetI false`
⚠ [4242/4782] Replayed ASGinzburg.AlgebraEnvelopingTensorResolution
warning: ASGinzburg/AlgebraEnvelopingTensorResolution.lean:20:4: Try this: 
  letI̵

The goal is a proposition, so `let` is preferred over `letI`.
The difference between `let` and `letI` is that `letI` inlines the value.
But this is not relevant for proofs because of proof irrelevance.

Note: This linter can be disabled with `set_option linter.style.haveILetI false`
warning: ASGinzburg/AlgebraEnvelopingTensorResolution.lean:21:4: Try this: 
  letI̵

The goal is a proposition, so `let` is preferred over `letI`.
The difference between `let` and `letI` is that `letI` inlines the value.
But this is not relevant for proofs because of proof irrelevance.

Note: This linter can be disabled with `set_option linter.style.haveILetI false`
warning: ASGinzburg/AlgebraEnvelopingTensorResolution.lean:17:2: Try this: 
  letI̵

The goal is a proposition, so `let` is preferred over `letI`.
The difference between `let` and `letI` is that `letI` inlines the value.
But this is not relevant for proofs because of proof irrelevance.

Note: This linter can be disabled with `set_option linter.style.haveILetI false`
warning: ASGinzburg/AlgebraEnvelopingTensorResolution.lean:34:2: Try this: 
  letI̵

The goal is a proposition, so `let` is preferred over `letI`.
The difference between `let` and `letI` is that `letI` inlines the value.
But this is not relevant for proofs because of proof irrelevance.

Note: This linter can be disabled with `set_option linter.style.haveILetI false`
warning: ASGinzburg/AlgebraEnvelopingTensorResolution.lean:45:6: Try this: 
  letI̵

The goal is a proposition, so `let` is preferred over `letI`.
The difference between `let` and `letI` is that `letI` inlines the value.
But this is not relevant for proofs because of proof irrelevance.

Note: This linter can be disabled with `set_option linter.style.haveILetI false`
warning: ASGinzburg/AlgebraEnvelopingTensorResolution.lean:35:2: Try this: 
  letI̵

The goal is a proposition, so `let` is preferred over `letI`.
The difference between `let` and `letI` is that `letI` inlines the value.
But this is not relevant for proofs because of proof irrelevance.

Note: This linter can be disabled with `set_option linter.style.haveILetI false`
warning: ASGinzburg/AlgebraEnvelopingTensorResolution.lean:59:6: Try this: 
  letI̵

The goal is a proposition, so `let` is preferred over `letI`.
The difference between `let` and `letI` is that `letI` inlines the value.
But this is not relevant for proofs because of proof irrelevance.

Note: This linter can be disabled with `set_option linter.style.haveILetI false`
warning: ASGinzburg/AlgebraEnvelopingTensorResolution.lean:58:4: Try this: 
  letI̵

The goal is a proposition, so `let` is preferred over `letI`.
The difference between `let` and `letI` is that `letI` inlines the value.
But this is not relevant for proofs because of proof irrelevance.

Note: This linter can be disabled with `set_option linter.style.haveILetI false`
warning: ASGinzburg/AlgebraEnvelopingTensorResolution.lean:62:6: Try this: 
  letI̵

The goal is a proposition, so `let` is preferred over `letI`.
The difference between `let` and `letI` is that `letI` inlines the value.
But this is not relevant for proofs because of proof irrelevance.

Note: This linter can be disabled with `set_option linter.style.haveILetI false`
warning: ASGinzburg/AlgebraEnvelopingTensorResolution.lean:61:4: Try this: 
  letI̵

The goal is a proposition, so `let` is preferred over `letI`.
The difference between `let` and `letI` is that `letI` inlines the value.
But this is not relevant for proofs because of proof irrelevance.

Note: This linter can be disabled with `set_option linter.style.haveILetI false`
⚠ [4244/4782] Replayed ASGinzburg.PrincipalIdempotentHomogeneousCoverOrdinary
warning: ASGinzburg/PrincipalIdempotentHomogeneousCoverOrdinary.lean:37:0: Definition `ASGinzburg.principalHomogeneousCoverOrdinaryGradeDecomposition` of class type is semireducible. Most type class instances should be instance-reducible, so consider marking this
definition with `@[instance_reducible]`. If it is intentionally semireducible, this warning can be disabled with `set_option warn.classDefReducibility false`.
⚠ [4245/4782] Replayed ASGinzburg.HomogeneousPrincipalTopPresentation
warning: ASGinzburg/HomogeneousPrincipalTopPresentation.lean:60:2: Try this: 
  letI̵

The goal is a proposition, so `let` is preferred over `letI`.
The difference between `let` and `letI` is that `letI` inlines the value.
But this is not relevant for proofs because of proof irrelevance.

Note: This linter can be disabled with `set_option linter.style.haveILetI false`
⚠ [4246/4782] Replayed ASGinzburg.HomogeneousPrincipalMinimalCover
warning: ASGinzburg/HomogeneousPrincipalMinimalCover.lean:56:2: Try this: 
  letI̵

The goal is a proposition, so `let` is preferred over `letI`.
The difference between `let` and `letI` is that `letI` inlines the value.
But this is not relevant for proofs because of proof irrelevance.

Note: This linter can be disabled with `set_option linter.style.haveILetI false`
⚠ [4247/4782] Replayed ASGinzburg.BalancedTensorEnvelopingTorComparison
warning: ASGinzburg/BalancedTensorEnvelopingTorComparison.lean:18:17: Definition `ASGinzburg.regularEnvelopingModule` of class type is semireducible. Most type class instances should be instance-reducible, so consider marking this
definition with `@[instance_reducible]`. If it is intentionally semireducible, this warning can be disabled with `set_option warn.classDefReducibility false`.
warning: ASGinzburg/BalancedTensorEnvelopingTorComparison.lean:18:17: Definition `ASGinzburg.regularEnvelopingScalarTower` of class type is semireducible. Most type class instances should be instance-reducible, so consider marking this
definition with `@[instance_reducible]`. If it is intentionally semireducible, this warning can be disabled with `set_option warn.classDefReducibility false`.
⚠ [4248/4782] Replayed ASGinzburg.BalancedTensorDoubleResolutionRightTor
warning: ASGinzburg/BalancedTensorDoubleResolutionRightTor.lean:32:2: Try this: 
  letI̵

The goal is a proposition, so `let` is preferred over `letI`.
The difference between `let` and `letI` is that `letI` inlines the value.
But this is not relevant for proofs because of proof irrelevance.

Note: This linter can be disabled with `set_option linter.style.haveILetI false`
warning: ASGinzburg/BalancedTensorDoubleResolutionRightTor.lean:33:2: Try this: 
  letI̵

The goal is a proposition, so `let` is preferred over `letI`.
The difference between `let` and `letI` is that `letI` inlines the value.
But this is not relevant for proofs because of proof irrelevance.

Note: This linter can be disabled with `set_option linter.style.haveILetI false`
warning: ASGinzburg/BalancedTensorDoubleResolutionRightTor.lean:55:2: Try this: 
  letI̵

The goal is a proposition, so `let` is preferred over `letI`.
The difference between `let` and `letI` is that `letI` inlines the value.
But this is not relevant for proofs because of proof irrelevance.

Note: This linter can be disabled with `set_option linter.style.haveILetI false`
warning: ASGinzburg/BalancedTensorDoubleResolutionRightTor.lean:58:2: Try this: 
  letI̵

The goal is a proposition, so `let` is preferred over `letI`.
The difference between `let` and `letI` is that `letI` inlines the value.
But this is not relevant for proofs because of proof irrelevance.

Note: This linter can be disabled with `set_option linter.style.haveILetI false`
warning: ASGinzburg/BalancedTensorDoubleResolutionRightTor.lean:61:2: Try this: 
  letI̵

The goal is a proposition, so `let` is preferred over `letI`.
The difference between `let` and `letI` is that `letI` inlines the value.
But this is not relevant for proofs because of proof irrelevance.

Note: This linter can be disabled with `set_option linter.style.haveILetI false`
warning: ASGinzburg/BalancedTensorDoubleResolutionRightTor.lean:65:2: Try this: 
  letI̵

The goal is a proposition, so `let` is preferred over `letI`.
The difference between `let` and `letI` is that `letI` inlines the value.
But this is not relevant for proofs because of proof irrelevance.

Note: This linter can be disabled with `set_option linter.style.haveILetI false`
⚠ [4249/4782] Replayed ASGinzburg.BalancedTensorTorBalanceConsequences
warning: ASGinzburg/BalancedTensorTorBalanceConsequences.lean:28:2: Try this: 
  haveI̵

The goal is a proposition, so `have` is preferred over `haveI`.
The difference between `have` and `haveI` is that `haveI` inlines the value.
But this is not relevant for proofs because of proof irrelevance.

Note: This linter can be disabled with `set_option linter.style.haveILetI false`
⚠ [4250/4782] Replayed ASGinzburg.BalancedTensorEnvelopingSecondTorComparison
warning: ASGinzburg/BalancedTensorEnvelopingSecondTorComparison.lean:16:17: Definition `ASGinzburg.regularEnvelopingModule` of class type is semireducible. Most type class instances should be instance-reducible, so consider marking this
definition with `@[instance_reducible]`. If it is intentionally semireducible, this warning can be disabled with `set_option warn.classDefReducibility false`.
warning: ASGinzburg/BalancedTensorEnvelopingSecondTorComparison.lean:16:17: Definition `ASGinzburg.regularEnvelopingScalarTower` of class type is semireducible. Most type class instances should be instance-reducible, so consider marking this
definition with `@[instance_reducible]`. If it is intentionally semireducible, this warning can be disabled with `set_option warn.classDefReducibility false`.
warning: ASGinzburg/BalancedTensorEnvelopingSecondTorComparison.lean:47:2: Try this: 
  haveI̵

The goal is a proposition, so `have` is preferred over `haveI`.
The difference between `have` and `haveI` is that `haveI` inlines the value.
But this is not relevant for proofs because of proof irrelevance.

Note: This linter can be disabled with `set_option linter.style.haveILetI false`
⚠ [4251/4782] Replayed ASGinzburg.FiniteHomogeneousPrincipalTopPresentation
warning: ASGinzburg/FiniteHomogeneousPrincipalTopPresentation.lean:43:2: Try this: 
  letI̵

The goal is a proposition, so `let` is preferred over `letI`.
The difference between `let` and `letI` is that `letI` inlines the value.
But this is not relevant for proofs because of proof irrelevance.

Note: This linter can be disabled with `set_option linter.style.haveILetI false`
warning: ASGinzburg/FiniteHomogeneousPrincipalTopPresentation.lean:49:2: Try this: 
  letI̵

The goal is a proposition, so `let` is preferred over `letI`.
The difference between `let` and `letI` is that `letI` inlines the value.
But this is not relevant for proofs because of proof irrelevance.

Note: This linter can be disabled with `set_option linter.style.haveILetI false`
warning: ASGinzburg/FiniteHomogeneousPrincipalTopPresentation.lean:60:2: Try this: 
  letI̵

The goal is a proposition, so `let` is preferred over `letI`.
The difference between `let` and `letI` is that `letI` inlines the value.
But this is not relevant for proofs because of proof irrelevance.

Note: This linter can be disabled with `set_option linter.style.haveILetI false`
⚠ [4252/4782] Replayed ASGinzburg.FiniteHomogeneousPrincipalMinimalCover
warning: ASGinzburg/FiniteHomogeneousPrincipalMinimalCover.lean:57:2: Try this: 
  letI̵

The goal is a proposition, so `let` is preferred over `letI`.
The difference between `let` and `letI` is that `letI` inlines the value.
But this is not relevant for proofs because of proof irrelevance.

Note: This linter can be disabled with `set_option linter.style.haveILetI false`
⚠ [4253/4782] Replayed ASGinzburg.GradedOrdinaryRingDualData
warning: ASGinzburg/GradedOrdinaryRingDualData.lean:24:17: Definition `ASGinzburg.ordinaryRingDualTensorModuleK` of class type is semireducible. Most type class instances should be instance-reducible, so consider marking this
definition with `@[instance_reducible]`. If it is intentionally semireducible, this warning can be disabled with `set_option warn.classDefReducibility false`.
⚠ [4256/4782] Replayed ASGinzburg.GradedFourTermExactnessReflection
warning: ASGinzburg/GradedFourTermExactnessReflection.lean:36:2: Try this: 
  haveI̵

The goal is a proposition, so `have` is preferred over `haveI`.
The difference between `have` and `haveI` is that `haveI` inlines the value.
But this is not relevant for proofs because of proof irrelevance.

Note: This linter can be disabled with `set_option linter.style.haveILetI false`
warning: ASGinzburg/GradedFourTermExactnessReflection.lean:43:2: Try this: 
  haveI̵

The goal is a proposition, so `have` is preferred over `haveI`.
The difference between `have` and `haveI` is that `haveI` inlines the value.
But this is not relevant for proofs because of proof irrelevance.

Note: This linter can be disabled with `set_option linter.style.haveILetI false`
warning: ASGinzburg/GradedFourTermExactnessReflection.lean:44:2: Try this: 
  haveI̵

The goal is a proposition, so `have` is preferred over `haveI`.
The difference between `have` and `haveI` is that `haveI` inlines the value.
But this is not relevant for proofs because of proof irrelevance.

Note: This linter can be disabled with `set_option linter.style.haveILetI false`
warning: ASGinzburg/GradedFourTermExactnessReflection.lean:59:2: Try this: 
  haveI̵

The goal is a proposition, so `have` is preferred over `haveI`.
The difference between `have` and `haveI` is that `haveI` inlines the value.
But this is not relevant for proofs because of proof irrelevance.

Note: This linter can be disabled with `set_option linter.style.haveILetI false`
warning: ASGinzburg/GradedFourTermExactnessReflection.lean:60:2: Try this: 
  haveI̵

The goal is a proposition, so `have` is preferred over `haveI`.
The difference between `have` and `haveI` is that `haveI` inlines the value.
But this is not relevant for proofs because of proof irrelevance.

Note: This linter can be disabled with `set_option linter.style.haveILetI false`
warning: ASGinzburg/GradedFourTermExactnessReflection.lean:63:2: Try this: 
  haveI̵

The goal is a proposition, so `have` is preferred over `haveI`.
The difference between `have` and `haveI` is that `haveI` inlines the value.
But this is not relevant for proofs because of proof irrelevance.

Note: This linter can be disabled with `set_option linter.style.haveILetI false`
warning: ASGinzburg/GradedFourTermExactnessReflection.lean:64:2: Try this: 
  haveI̵

The goal is a proposition, so `have` is preferred over `haveI`.
The difference between `have` and `haveI` is that `haveI` inlines the value.
But this is not relevant for proofs because of proof irrelevance.

Note: This linter can be disabled with `set_option linter.style.haveILetI false`
warning: ASGinzburg/GradedFourTermExactnessReflection.lean:65:2: Try this: 
  haveI̵

The goal is a proposition, so `have` is preferred over `haveI`.
The difference between `have` and `haveI` is that `haveI` inlines the value.
But this is not relevant for proofs because of proof irrelevance.

Note: This linter can be disabled with `set_option linter.style.haveILetI false`
⚠ [4261/4782] Replayed ASGinzburg.GinzburgGeneratorFiltrationSyzygy
warning: ASGinzburg/GinzburgGeneratorFiltrationSyzygy.lean:13:2: Try this: 
  haveI̵

The goal is a proposition, so `have` is preferred over `haveI`.
The difference between `have` and `haveI` is that `haveI` inlines the value.
But this is not relevant for proofs because of proof irrelevance.

Note: This linter can be disabled with `set_option linter.style.haveILetI false`
warning: ASGinzburg/GinzburgGeneratorFiltrationSyzygy.lean:16:2: Try this: 
  haveI̵

The goal is a proposition, so `have` is preferred over `haveI`.
The difference between `have` and `haveI` is that `haveI` inlines the value.
But this is not relevant for proofs because of proof irrelevance.

Note: This linter can be disabled with `set_option linter.style.haveILetI false`
✔ [4264/4782] Built ASGinzburg.ASFoundationRelationDescent (13s)
⚠ [4266/4782] Replayed ASGinzburg.GinzburgGeneratorUpperFiltration
warning: ASGinzburg/GinzburgGeneratorUpperFiltration.lean:23:2: Try this: 
  letI̵

The goal is a proposition, so `let` is preferred over `letI`.
The difference between `let` and `letI` is that `letI` inlines the value.
But this is not relevant for proofs because of proof irrelevance.

Note: This linter can be disabled with `set_option linter.style.haveILetI false`
✔ [4267/4782] Built ASGinzburg.ASFoundationPotential (5.8s)
✔ [4269/4782] Built ASGinzburg.ASFoundationPotentialDerivatives (7.5s)
✖ [4270/4782] Building ASGinzburg.ExtComponentContravariance (32s)
trace: .> LEAN_PATH=/workspace/as-ginzburg-lean/.lake/packages/Cli/.lake/build/lib/lean:/workspace/as-ginzburg-lean/.lake/packages/batteries/.lake/build/lib/lean:/workspace/as-ginzburg-lean/.lake/packages/Qq/.lake/build/lib/lean:/workspace/as-ginzburg-lean/.lake/packages/aesop/.lake/build/lib/lean:/workspace/as-ginzburg-lean/.lake/packages/proofwidgets/.lake/build/lib/lean:/workspace/as-ginzburg-lean/.lake/packages/importGraph/.lake/build/lib/lean:/workspace/as-ginzburg-lean/.lake/packages/LeanSearchClient/.lake/build/lib/lean:/workspace/as-ginzburg-lean/.lake/packages/plausible/.lake/build/lib/lean:/workspace/as-ginzburg-lean/.lake/packages/mathlib/.lake/build/lib/lean:/workspace/as-ginzburg-lean/.lake/build/lib/lean /workspace/as-ginzburg-lean/work/lean-upgrade/lean-4.34.1-linux/bin/lean /workspace/as-ginzburg-lean/ASGinzburg/ExtComponentContravariance.lean -o /workspace/as-ginzburg-lean/.lake/build/lib/lean/ASGinzburg/ExtComponentContravariance.olean -i /workspace/as-ginzburg-lean/.lake/build/lib/lean/ASGinzburg/ExtComponentContravariance.ilean -c /workspace/as-ginzburg-lean/.lake/build/ir/ASGinzburg/ExtComponentContravariance.c --setup /workspace/as-ginzburg-lean/.lake/build/ir/ASGinzburg/ExtComponentContravariance.setup.json --json
warning: ASGinzburg/ExtComponentContravariance.lean:10:0: Definition `ASGinzburg.oppositeLinear` of class type is semireducible. Most type class instances should be instance-reducible, so consider marking this
definition with `@[instance_reducible]`. If it is intentionally semireducible, this warning can be disabled with `set_option warn.classDefReducibility false`.
error: ASGinzburg/ExtComponentContravariance.lean:71:29: Tactic `rewrite` failed: Did not find an occurrence of the pattern
  (?α₁ + ?α₂).comp ?β ?h
in the target expression
  (Abelian.Ext.mk₀ f.unop + Abelian.Ext.mk₀ g.unop).comp e ⋯ =
    (Abelian.Ext.mk₀ f.unop).comp e ⋯ + (Abelian.Ext.mk₀ g.unop).comp e ⋯

k : Type u
inst✝ : Field k
A : ZAlgebra k
n : ℕ
X Y : A.RightModuleᵒᵖ
f g : X ⟶ Y
Z : A.Obj
e : ↑(((A.rightModuleExtLeftFunctor n).obj X).obj.obj Z)
⊢ (Abelian.Ext.mk₀ f.unop + Abelian.Ext.mk₀ g.unop).comp e ⋯ =
    (Abelian.Ext.mk₀ f.unop).comp e ⋯ + (Abelian.Ext.mk₀ g.unop).comp e ⋯

Note: The target expression is not type-correct under the `implicit` transparency level, which may have triggered the failure. This is usually caused by unfolding of semireducible definitions in prior tactic steps. Use `set_option linter.tacticCheckInstances true` to investigate the source of the issue.
Full error:
  Application type mismatch: The argument
    e
  has type
    ↑(((A.rightModuleExtLeftFunctor n).obj X).obj.obj Z)
  but is expected to have type
    Abelian.Ext (unop X) (A.representableFunctor.obj Z) n
  in the application
    @Abelian.Ext.comp A.RightModule (ObjectProperty.FullSubcategory.category A.rightModuleProperty) A.rightModuleAbelian
      ⋯ (unop Y) (unop X) (A.representableFunctor.obj Z) 0 n (Abelian.Ext.mk₀ f.unop + Abelian.Ext.mk₀ g.unop) e
error: ASGinzburg/ExtComponentContravariance.lean:125:29: Tactic `rewrite` failed: Did not find an occurrence of the pattern
  (?α₁ + ?α₂).comp ?β ?h
in the target expression
  (Abelian.Ext.mk₀ f.unop + Abelian.Ext.mk₀ g.unop).comp e ⋯ =
    (Abelian.Ext.mk₀ f.unop).comp e ⋯ + (Abelian.Ext.mk₀ g.unop).comp e ⋯

k : Type u
inst✝ : Field k
A : ZAlgebra k
n : ℕ
X Y : A.LeftModuleᵒᵖ
f g : X ⟶ Y
Z : A.Objᵒᵖ
e : ↑(((A.leftModuleExtRightFunctor n).obj X).obj.obj Z)
⊢ (Abelian.Ext.mk₀ f.unop + Abelian.Ext.mk₀ g.unop).comp e ⋯ =
    (Abelian.Ext.mk₀ f.unop).comp e ⋯ + (Abelian.Ext.mk₀ g.unop).comp e ⋯

Note: The target expression is not type-correct under the `implicit` transparency level, which may have triggered the failure. This is usually caused by unfolding of semireducible definitions in prior tactic steps. Use `set_option linter.tacticCheckInstances true` to investigate the source of the issue.
Full error:
  Application type mismatch: The argument
    e
  has type
    ↑(((A.leftModuleExtRightFunctor n).obj X).obj.obj Z)
  but is expected to have type
    Abelian.Ext (unop X) (A.leftRepresentableFunctor.obj Z) n
  in the application
    @Abelian.Ext.comp A.LeftModule (ObjectProperty.FullSubcategory.category A.leftModuleProperty) A.leftModuleAbelian ⋯
      (unop Y) (unop X) (A.leftRepresentableFunctor.obj Z) 0 n (Abelian.Ext.mk₀ f.unop + Abelian.Ext.mk₀ g.unop) e
⚠ [4271/4782] Built ASGinzburg.RegularExtComparison (33s)
warning: ASGinzburg/RegularExtComparison.lean:23:2: Try this: 
  letI̵

The goal is a proposition, so `let` is preferred over `letI`.
The difference between `let` and `letI` is that `letI` inlines the value.
But this is not relevant for proofs because of proof irrelevance.

Note: This linter can be disabled with `set_option linter.style.haveILetI false`
✔ [4273/4782] Built ASGinzburg.GinzburgOriginalFilteredPrefixes (6.9s)
✔ [4276/4782] Built ASGinzburg.GinzburgGeneratorCoefficientIndices (6.8s)
⚠ [4277/4782] Built ASGinzburg.GinzburgGeneratorFiltrationKernel (6.7s)
warning: ASGinzburg/GinzburgGeneratorFiltrationKernel.lean:42:2: Try this: 
  letI̵

The goal is a proposition, so `let` is preferred over `letI`.
The difference between `let` and `letI` is that `letI` inlines the value.
But this is not relevant for proofs because of proof irrelevance.

Note: This linter can be disabled with `set_option linter.style.haveILetI false`
warning: ASGinzburg/GinzburgGeneratorFiltrationKernel.lean:43:2: Try this: 
  letI̵

The goal is a proposition, so `let` is preferred over `letI`.
The difference between `let` and `letI` is that `letI` inlines the value.
But this is not relevant for proofs because of proof irrelevance.

Note: This linter can be disabled with `set_option linter.style.haveILetI false`
✔ [4278/4782] Built ASGinzburg.ASFoundationDerivativeUnrolling (5.6s)
✔ [4279/4782] Built ASGinzburg.GinzburgOriginalPrefixCoefficients (5.1s)
✖ [4280/4782] Building ASGinzburg.RegularExtLeftModule (8.8s)
trace: .> LEAN_PATH=/workspace/as-ginzburg-lean/.lake/packages/Cli/.lake/build/lib/lean:/workspace/as-ginzburg-lean/.lake/packages/batteries/.lake/build/lib/lean:/workspace/as-ginzburg-lean/.lake/packages/Qq/.lake/build/lib/lean:/workspace/as-ginzburg-lean/.lake/packages/aesop/.lake/build/lib/lean:/workspace/as-ginzburg-lean/.lake/packages/proofwidgets/.lake/build/lib/lean:/workspace/as-ginzburg-lean/.lake/packages/importGraph/.lake/build/lib/lean:/workspace/as-ginzburg-lean/.lake/packages/LeanSearchClient/.lake/build/lib/lean:/workspace/as-ginzburg-lean/.lake/packages/plausible/.lake/build/lib/lean:/workspace/as-ginzburg-lean/.lake/packages/mathlib/.lake/build/lib/lean:/workspace/as-ginzburg-lean/.lake/build/lib/lean /workspace/as-ginzburg-lean/work/lean-upgrade/lean-4.34.1-linux/bin/lean /workspace/as-ginzburg-lean/ASGinzburg/RegularExtLeftModule.lean -o /workspace/as-ginzburg-lean/.lake/build/lib/lean/ASGinzburg/RegularExtLeftModule.olean -i /workspace/as-ginzburg-lean/.lake/build/lib/lean/ASGinzburg/RegularExtLeftModule.ilean -c /workspace/as-ginzburg-lean/.lake/build/ir/ASGinzburg/RegularExtLeftModule.c --setup /workspace/as-ginzburg-lean/.lake/build/ir/ASGinzburg/RegularExtLeftModule.setup.json --json
warning: ASGinzburg/RegularExtLeftModule.lean:16:0: Definition `ASGinzburg.ZAlgebra.ASResolution.extTotalAlgebraUnitizationModule` of class type is semireducible. Most type class instances should be instance-reducible, so consider marking this
definition with `@[instance_reducible]`. If it is intentionally semireducible, this warning can be disabled with `set_option warn.classDefReducibility false`.
warning: ASGinzburg/RegularExtLeftModule.lean:34:2: Try this: 
  letI̵

The goal is a proposition, so `let` is preferred over `letI`.
The difference between `let` and `letI` is that `letI` inlines the value.
But this is not relevant for proofs because of proof irrelevance.

Note: This linter can be disabled with `set_option linter.style.haveILetI false`
warning: ASGinzburg/RegularExtLeftModule.lean:53:2: Try this: 
  letI̵

The goal is a proposition, so `let` is preferred over `letI`.
The difference between `let` and `letI` is that `letI` inlines the value.
But this is not relevant for proofs because of proof irrelevance.

Note: This linter can be disabled with `set_option linter.style.haveILetI false`
warning: ASGinzburg/RegularExtLeftModule.lean:54:2: Try this: 
  letI̵

The goal is a proposition, so `let` is preferred over `letI`.
The difference between `let` and `letI` is that `letI` inlines the value.
But this is not relevant for proofs because of proof irrelevance.

Note: This linter can be disabled with `set_option linter.style.haveILetI false`
error: ASGinzburg/RegularExtLeftModule.lean:62:6: Tactic `rewrite` failed: Did not find an occurrence of the pattern
  ↑(A.totalAlgebraLocalUnit s) • (S.extTotalAlgebraLinearEquiv n) x
in the target expression
  (S.extTotalAlgebraLinearEquiv n).symm (↑(A.totalAlgebraLocalUnit s) • (S.extTotalAlgebraLinearEquiv n) x) = x

k : Type u
inst✝ : Field k
A : ZAlgebra k
Q : CutQuiver
w : Q.LiftVertex
S : A.ASResolution Q w
n : ℕ
this✝ : Module A.totalUnitization
  (Abelian.Ext (A.rightTotalLocallyUnitalModule (A.simpleRightModule (Q.height w)))
    A.totalAlgebraRightLocallyUnitalModule n) :=
  S.extTotalAlgebraUnitizationModule n
this : Module A.totalUnitization (A.leftModuleTotalSpace (A.rightModuleExtLeft (A.simpleRightModule (Q.height w)) n)) :=
  A.leftTotalUnitizationModule (A.rightModuleExtLeft (A.simpleRightModule (Q.height w)) n)
x : ↑(S.extTotalAlgebraLeftModule n)
s : Finset ℤ
hs : ↑(A.totalAlgebraLocalUnit s) • (S.extTotalAlgebraLinearEquiv n) x = (S.extTotalAlgebraLinearEquiv n) x
⊢ (S.extTotalAlgebraLinearEquiv n).symm (↑(A.totalAlgebraLocalUnit s) • (S.extTotalAlgebraLinearEquiv n) x) = x

Note: The target expression is not type-correct under the `implicit` transparency level, which may have triggered the failure. This is usually caused by unfolding of semireducible definitions in prior tactic steps. Use `set_option linter.tacticCheckInstances true` to investigate the source of the issue.
Full error:
  Application type mismatch: The argument
    x
  has type
    ↑(S.extTotalAlgebraLeftModule n)
  but is expected to have type
    Abelian.Ext (A.rightTotalLocallyUnitalModule (A.simpleRightModule (Q.height w)))
      A.totalAlgebraRightLocallyUnitalModule n
  in the application
    (S.extTotalAlgebraLinearEquiv n) x
✔ [4281/4782] Built ASGinzburg.GinzburgProjectiveTermComponents (5.4s)
✖ [4282/4782] Building ASGinzburg.GinzburgGeneratorFiltrationRadical (3.9s)
trace: .> LEAN_PATH=/workspace/as-ginzburg-lean/.lake/packages/Cli/.lake/build/lib/lean:/workspace/as-ginzburg-lean/.lake/packages/batteries/.lake/build/lib/lean:/workspace/as-ginzburg-lean/.lake/packages/Qq/.lake/build/lib/lean:/workspace/as-ginzburg-lean/.lake/packages/aesop/.lake/build/lib/lean:/workspace/as-ginzburg-lean/.lake/packages/proofwidgets/.lake/build/lib/lean:/workspace/as-ginzburg-lean/.lake/packages/importGraph/.lake/build/lib/lean:/workspace/as-ginzburg-lean/.lake/packages/LeanSearchClient/.lake/build/lib/lean:/workspace/as-ginzburg-lean/.lake/packages/plausible/.lake/build/lib/lean:/workspace/as-ginzburg-lean/.lake/packages/mathlib/.lake/build/lib/lean:/workspace/as-ginzburg-lean/.lake/build/lib/lean /workspace/as-ginzburg-lean/work/lean-upgrade/lean-4.34.1-linux/bin/lean /workspace/as-ginzburg-lean/ASGinzburg/GinzburgGeneratorFiltrationRadical.lean -o /workspace/as-ginzburg-lean/.lake/build/lib/lean/ASGinzburg/GinzburgGeneratorFiltrationRadical.olean -i /workspace/as-ginzburg-lean/.lake/build/lib/lean/ASGinzburg/GinzburgGeneratorFiltrationRadical.ilean -c /workspace/as-ginzburg-lean/.lake/build/ir/ASGinzburg/GinzburgGeneratorFiltrationRadical.c --setup /workspace/as-ginzburg-lean/.lake/build/ir/ASGinzburg/GinzburgGeneratorFiltrationRadical.setup.json --json
warning: ASGinzburg/GinzburgGeneratorFiltrationRadical.lean:13:2: Try this: 
  haveI̵

The goal is a proposition, so `have` is preferred over `haveI`.
The difference between `have` and `haveI` is that `haveI` inlines the value.
But this is not relevant for proofs because of proof irrelevance.

Note: This linter can be disabled with `set_option linter.style.haveILetI false`
warning: ASGinzburg/GinzburgGeneratorFiltrationRadical.lean:17:2: Try this: 
  haveI̵

The goal is a proposition, so `have` is preferred over `haveI`.
The difference between `have` and `haveI` is that `haveI` inlines the value.
But this is not relevant for proofs because of proof irrelevance.

Note: This linter can be disabled with `set_option linter.style.haveILetI false`
error: ASGinzburg/GinzburgGeneratorFiltrationRadical.lean:59:4: Type mismatch: After simplification, term
  ginzburgGeneratorFilteredInclusionHomology_negOne_zero_epi Q k φ u v c
 has type
  @Epi (ModuleCat k) (ModuleCat.moduleCategory k) (Q.ginzburgGeneratorFilteredHomology k φ u v (-1 + 1) c 0)
    (Q.ginzburgGeneratorFilteredHomology k φ u v (-1) c 0)
    (Q.ginzburgGeneratorFilteredInclusionHomology k φ u v (-1) c 0)
but is expected to have type
  @Epi (ModuleCat k) (ModuleCat.moduleCategory k) (Q.ginzburgGeneratorFilteredHomology k φ u v 0 c 0)
    (Q.ginzburgGeneratorFilteredHomology k φ u v (-1) c 0) f
warning: ASGinzburg/GinzburgGeneratorFiltrationRadical.lean:58:2: Try this: 
  haveI̵

The goal is a proposition, so `have` is preferred over `haveI`.
The difference between `have` and `haveI` is that `haveI` inlines the value.
But this is not relevant for proofs because of proof irrelevance.

Note: This linter can be disabled with `set_option linter.style.haveILetI false`
✔ [4394/4782] Built ASGinzburg.ASFoundationDerivativeClasses (3.4s)
✖ [4395/4782] Building ASGinzburg.ASZeroCutRelationComparison (27s)
trace: .> LEAN_PATH=/workspace/as-ginzburg-lean/.lake/packages/Cli/.lake/build/lib/lean:/workspace/as-ginzburg-lean/.lake/packages/batteries/.lake/build/lib/lean:/workspace/as-ginzburg-lean/.lake/packages/Qq/.lake/build/lib/lean:/workspace/as-ginzburg-lean/.lake/packages/aesop/.lake/build/lib/lean:/workspace/as-ginzburg-lean/.lake/packages/proofwidgets/.lake/build/lib/lean:/workspace/as-ginzburg-lean/.lake/packages/importGraph/.lake/build/lib/lean:/workspace/as-ginzburg-lean/.lake/packages/LeanSearchClient/.lake/build/lib/lean:/workspace/as-ginzburg-lean/.lake/packages/plausible/.lake/build/lib/lean:/workspace/as-ginzburg-lean/.lake/packages/mathlib/.lake/build/lib/lean:/workspace/as-ginzburg-lean/.lake/build/lib/lean /workspace/as-ginzburg-lean/work/lean-upgrade/lean-4.34.1-linux/bin/lean /workspace/as-ginzburg-lean/ASGinzburg/ASZeroCutRelationComparison.lean -o /workspace/as-ginzburg-lean/.lake/build/lib/lean/ASGinzburg/ASZeroCutRelationComparison.olean -i /workspace/as-ginzburg-lean/.lake/build/lib/lean/ASGinzburg/ASZeroCutRelationComparison.ilean -c /workspace/as-ginzburg-lean/.lake/build/ir/ASGinzburg/ASZeroCutRelationComparison.c --setup /workspace/as-ginzburg-lean/.lake/build/ir/ASGinzburg/ASZeroCutRelationComparison.setup.json --json
error: ASGinzburg/ASZeroCutRelationComparison.lean:36:2: (deterministic) timeout at `whnf`, maximum number of heartbeats (200000) has been reached

Note: Use `set_option maxHeartbeats <num>` to set the limit.

Hint: Additional diagnostic information may be available using the `set_option diagnostics true` command.
⚠ [4399/4782] Built ASGinzburg.LeftHomColimits (121s)
warning: ASGinzburg/LeftHomColimits.lean:159:2: Try this: 
  letI̵

The goal is a proposition, so `let` is preferred over `letI`.
The difference between `let` and `letI` is that `letI` inlines the value.
But this is not relevant for proofs because of proof irrelevance.

Note: This linter can be disabled with `set_option linter.style.haveILetI false`
warning: ASGinzburg/LeftHomColimits.lean:151:0: Definition `ASGinzburg.ZAlgebra.leftModuleHomPreservesExactColimits` of class type is semireducible. Most type class instances should be instance-reducible, so consider marking this
definition with `@[instance_reducible]`. If it is intentionally semireducible, this warning can be disabled with `set_option warn.classDefReducibility false`.
warning: ASGinzburg/LeftHomColimits.lean:151:0: Definition `leftModuleHomPreservesExactColimits` is a proposition; use `theorem` instead of `def`

Note: This linter can be disabled with `set_option linter.defProp false`
warning: ASGinzburg/LeftHomColimits.lean:248:0: Definition `ASGinzburg.ZAlgebra.leftFiniteProjectiveHomPreservesColimits` of class type is semireducible. Most type class instances should be instance-reducible, so consider marking this
definition with `@[instance_reducible]`. If it is intentionally semireducible, this warning can be disabled with `set_option warn.classDefReducibility false`.
warning: ASGinzburg/LeftHomColimits.lean:248:0: Definition `leftFiniteProjectiveHomPreservesColimits` is a proposition; use `theorem` instead of `def`

Note: This linter can be disabled with `set_option linter.defProp false`
✖ [4400/4782] Building ASGinzburg.LeftRegularCoproduct (26s)
trace: .> LEAN_PATH=/workspace/as-ginzburg-lean/.lake/packages/Cli/.lake/build/lib/lean:/workspace/as-ginzburg-lean/.lake/packages/batteries/.lake/build/lib/lean:/workspace/as-ginzburg-lean/.lake/packages/Qq/.lake/build/lib/lean:/workspace/as-ginzburg-lean/.lake/packages/aesop/.lake/build/lib/lean:/workspace/as-ginzburg-lean/.lake/packages/proofwidgets/.lake/build/lib/lean:/workspace/as-ginzburg-lean/.lake/packages/importGraph/.lake/build/lib/lean:/workspace/as-ginzburg-lean/.lake/packages/LeanSearchClient/.lake/build/lib/lean:/workspace/as-ginzburg-lean/.lake/packages/plausible/.lake/build/lib/lean:/workspace/as-ginzburg-lean/.lake/packages/mathlib/.lake/build/lib/lean:/workspace/as-ginzburg-lean/.lake/build/lib/lean /workspace/as-ginzburg-lean/work/lean-upgrade/lean-4.34.1-linux/bin/lean /workspace/as-ginzburg-lean/ASGinzburg/LeftRegularCoproduct.lean -o /workspace/as-ginzburg-lean/.lake/build/lib/lean/ASGinzburg/LeftRegularCoproduct.olean -i /workspace/as-ginzburg-lean/.lake/build/lib/lean/ASGinzburg/LeftRegularCoproduct.ilean -c /workspace/as-ginzburg-lean/.lake/build/ir/ASGinzburg/LeftRegularCoproduct.c --setup /workspace/as-ginzburg-lean/.lake/build/ir/ASGinzburg/LeftRegularCoproduct.setup.json --json
error: ASGinzburg/LeftRegularCoproduct.lean:41:58: unsolved goals
k : Type u
inst✝ : Field k
A : ZAlgebra k
i j : ℤ
a : A.Hom i j
⊢ Sigma.ι (fun l => A.leftRepresentable l) j ≫
      A.leftRegularCoproductProjection j ≫
        A.leftRepresentableFunctor.map (Quiver.Hom.op a) ≫ Sigma.ι (fun l => A.leftRepresentable l) i =
    A.leftRepresentableFunctor.map (Quiver.Hom.op a) ≫ Sigma.ι (fun l => A.leftRepresentable l) i
error: ASGinzburg/LeftRegularCoproduct.lean:48:4: Tactic `rewrite` failed: Did not find an occurrence of the pattern
  (Sigma.ι (fun l => leftRepresentable ?m.33 l) l ≫ leftRegularCoproductProjection ?m.33 j) ≫ ?h
in the target expression
  Sigma.ι (fun t => A.leftRepresentable t) l ≫
      A.leftRegularCoproductProjection j ≫
        A.leftRepresentableFunctor.map
            (have this := a;
              this).op ≫
          Sigma.ι (fun l => A.leftRepresentable l) i =
    0

k : Type u
inst✝ : Field k
A : ZAlgebra k
i j : ℤ
a : A.Hom i j
l : ℤ
hlj : l ≠ j
⊢ Sigma.ι (fun t => A.leftRepresentable t) l ≫
      A.leftRegularCoproductProjection j ≫
        A.leftRepresentableFunctor.map
            (have this := a;
              this).op ≫
          Sigma.ι (fun l => A.leftRepresentable l) i =
    0

Note: The target expression is not type-correct under the `implicit` transparency level, which may have triggered the failure. This is usually caused by unfolding of semireducible definitions in prior tactic steps. Use `set_option linter.tacticCheckInstances true` to investigate the source of the issue.
Full error:
  Application type mismatch: The argument
    A.leftRepresentableFunctor.map
      (have this := a;
        this).op
  has type
    @Quiver.Hom A.LeftModule (ObjectProperty.FullSubcategory.category A.leftModuleProperty).toQuiver
      (A.leftRepresentableFunctor.obj (op { index := j })) (A.leftRepresentableFunctor.obj (op { index := i }))
  but is expected to have type
    @Quiver.Hom A.LeftModule (ObjectProperty.FullSubcategory.category A.leftModuleProperty).toQuiver
      (A.leftRepresentable j) (A.leftRepresentableFunctor.obj (op { index := i }))
  in the application
    CategoryStruct.comp
      (A.leftRepresentableFunctor.map
        (have this := a;
          this).op)
error: ASGinzburg/LeftRegularCoproduct.lean:58:6: Tactic `rewrite` failed: Did not find an occurrence of the pattern
  (?f + ?f') ≫ ?g
in the target expression
  A.leftRegularCoproductProjection j ≫
      (A.leftRepresentableFunctor.map
            (have this := a;
              this).op +
          A.leftRepresentableFunctor.map
            (have this := b;
              this).op) ≫
        Sigma.ι (fun l => A.leftRepresentable l) i =
    A.leftRegularCoproductProjection j ≫
        A.leftRepresentableFunctor.map (Quiver.Hom.op a) ≫ Sigma.ι (fun l => A.leftRepresentable l) i +
      A.leftRegularCoproductProjection j ≫
        A.leftRepresentableFunctor.map (Quiver.Hom.op b) ≫ Sigma.ι (fun l => A.leftRepresentable l) i

k : Type u
inst✝ : Field k
A : ZAlgebra k
i j : ℤ
a b : A.Hom i j
hm :
  A.leftRepresentableFunctor.map
      ((have this := a;
          this).op +
        (have this := b;
          this).op) =
    A.leftRepresentableFunctor.map
        (have this := a;
          this).op +
      A.leftRepresentableFunctor.map
        (have this := b;
          this).op
⊢ A.leftRegularCoproductProjection j ≫
      (A.leftRepresentableFunctor.map
            (have this := a;
              this).op +
          A.leftRepresentableFunctor.map
            (have this := b;
              this).op) ≫
        Sigma.ι (fun l => A.leftRepresentable l) i =
    A.leftRegularCoproductProjection j ≫
        A.leftRepresentableFunctor.map (Quiver.Hom.op a) ≫ Sigma.ι (fun l => A.leftRepresentable l) i +
      A.leftRegularCoproductProjection j ≫
        A.leftRepresentableFunctor.map (Quiver.Hom.op b) ≫ Sigma.ι (fun l => A.leftRepresentable l) i

Note: The target expression is not type-correct under the `implicit` transparency level, which may have triggered the failure. This is usually caused by unfolding of semireducible definitions in prior tactic steps. Use `set_option linter.tacticCheckInstances true` to investigate the source of the issue.
Full error:
  Application type mismatch: The argument
    A.leftRepresentableFunctor.map
        (have this := a;
          this).op +
      A.leftRepresentableFunctor.map
        (have this := b;
          this).op
  has type
    @Quiver.Hom A.LeftModule (ObjectProperty.FullSubcategory.category A.leftModuleProperty).toQuiver
      (A.leftRepresentableFunctor.obj (op { index := j })) (A.leftRepresentableFunctor.obj (op { index := i }))
  but is expected to have type
    @Quiver.Hom A.LeftModule (ObjectProperty.FullSubcategory.category A.leftModuleProperty).toQuiver
      (A.leftRepresentable j) (A.leftRepresentableFunctor.obj (op { index := i }))
  in the application
    CategoryStruct.comp
      (A.leftRepresentableFunctor.map
          (have this := a;
            this).op +
        A.leftRepresentableFunctor.map
          (have this := b;
            this).op)
error: ASGinzburg/LeftRegularCoproduct.lean:65:6: Tactic `rewrite` failed: Did not find an occurrence of the pattern
  (?r • ?f) ≫ ?g
in the target expression
  A.leftRegularCoproductProjection j ≫
      (r •
          A.leftRepresentableFunctor.map
            (have this := a;
              this).op) ≫
        Sigma.ι (fun l => A.leftRepresentable l) i =
    r •
      A.leftRegularCoproductProjection j ≫
        A.leftRepresentableFunctor.map (Quiver.Hom.op a) ≫ Sigma.ι (fun l => A.leftRepresentable l) i

k : Type u
inst✝ : Field k
A : ZAlgebra k
i j : ℤ
r : k
a : A.Hom i j
hm :
  A.leftRepresentableFunctor.map
      (r •
        (have this := a;
          this).op) =
    r •
      A.leftRepresentableFunctor.map
        (have this := a;
          this).op
⊢ A.leftRegularCoproductProjection j ≫
      (r •
          A.leftRepresentableFunctor.map
            (have this := a;
              this).op) ≫
        Sigma.ι (fun l => A.leftRepresentable l) i =
    r •
      A.leftRegularCoproductProjection j ≫
        A.leftRepresentableFunctor.map (Quiver.Hom.op a) ≫ Sigma.ι (fun l => A.leftRepresentable l) i

Note: The target expression is not type-correct under the `implicit` transparency level, which may have triggered the failure. This is usually caused by unfolding of semireducible definitions in prior tactic steps. Use `set_option linter.tacticCheckInstances true` to investigate the source of the issue.
Full error:
  Application type mismatch: The argument
    r •
      A.leftRepresentableFunctor.map
        (have this := a;
          this).op
  has type
    @Quiver.Hom A.LeftModule (ObjectProperty.FullSubcategory.category A.leftModuleProperty).toQuiver
      (A.leftRepresentableFunctor.obj (op { index := j })) (A.leftRepresentableFunctor.obj (op { index := i }))
  but is expected to have type
    @Quiver.Hom A.LeftModule (ObjectProperty.FullSubcategory.category A.leftModuleProperty).toQuiver
      (A.leftRepresentable j) (A.leftRepresentableFunctor.obj (op { index := i }))
  in the application
    CategoryStruct.comp
      (r •
        A.leftRepresentableFunctor.map
          (have this := a;
            this).op)
error: ASGinzburg/LeftRegularCoproduct.lean:72:2: (deterministic) timeout at `whnf`, maximum number of heartbeats (200000) has been reached

Note: Use `set_option maxHeartbeats <num>` to set the limit.

Hint: Additional diagnostic information may be available using the `set_option diagnostics true` command.
warning: ASGinzburg/LeftRegularCoproduct.lean:71:4: This simp argument is unused:
  leftRegularCoproduct_inclusion_projection_assoc

Hint: Omit it from the simp argument list.
  [apply] simp only [leftRegularCoproductAction, Category.assoc]

Note: This linter can be disabled with `set_option linter.unusedSimpArgs false`
error: ASGinzburg/LeftRegularCoproduct.lean:93:6: Tactic `rewrite` failed: Did not find an occurrence of the pattern
  (Sigma.ι (fun l => A.leftRepresentable l) p ≫ A.leftRegularCoproductProjection j) ≫ ?h
in the target expression
  A.leftRegularCoproductProjection q ≫
      (A.leftRepresentableFunctor.map (Quiver.Hom.op b) ≫ Sigma.ι (fun l => A.leftRepresentable l) p) ≫
        A.leftRegularCoproductProjection j ≫
          A.leftRepresentableFunctor.map (Quiver.Hom.op a) ≫ Sigma.ι (fun l => A.leftRepresentable l) i =
    0

k : Type u
inst✝ : Field k
A : ZAlgebra k
i j p q : ℤ
a : A.Hom i j
b : A.Hom p q
hjp : j ≠ p
⊢ A.leftRegularCoproductProjection q ≫
      (A.leftRepresentableFunctor.map (Quiver.Hom.op b) ≫ Sigma.ι (fun l => A.leftRepresentable l) p) ≫
        A.leftRegularCoproductProjection j ≫
          A.leftRepresentableFunctor.map (Quiver.Hom.op a) ≫ Sigma.ι (fun l => A.leftRepresentable l) i =
    0

Note: The target expression is not type-correct under the `implicit` transparency level, which may have triggered the failure. This is usually caused by unfolding of semireducible definitions in prior tactic steps. Use `set_option linter.tacticCheckInstances true` to investigate the source of the issue.
Full error:
  Application type mismatch: The argument
    A.leftRepresentableFunctor.map (Quiver.Hom.op b)
  has type
    @Quiver.Hom A.LeftModule (ObjectProperty.FullSubcategory.category A.leftModuleProperty).toQuiver
      (A.leftRepresentableFunctor.obj (op { index := q })) (A.leftRepresentableFunctor.obj (op { index := p }))
  but is expected to have type
    @Quiver.Hom A.LeftModule (ObjectProperty.FullSubcategory.category A.leftModuleProperty).toQuiver
      (A.leftRepresentable q) (A.leftRepresentableFunctor.obj (op { index := p }))
  in the application
    CategoryStruct.comp (A.leftRepresentableFunctor.map (Quiver.Hom.op b))
✖ [4405/4782] Building ASGinzburg.ASLeftExtReciprocity (257s)
trace: .> LEAN_PATH=/workspace/as-ginzburg-lean/.lake/packages/Cli/.lake/build/lib/lean:/workspace/as-ginzburg-lean/.lake/packages/batteries/.lake/build/lib/lean:/workspace/as-ginzburg-lean/.lake/packages/Qq/.lake/build/lib/lean:/workspace/as-ginzburg-lean/.lake/packages/aesop/.lake/build/lib/lean:/workspace/as-ginzburg-lean/.lake/packages/proofwidgets/.lake/build/lib/lean:/workspace/as-ginzburg-lean/.lake/packages/importGraph/.lake/build/lib/lean:/workspace/as-ginzburg-lean/.lake/packages/LeanSearchClient/.lake/build/lib/lean:/workspace/as-ginzburg-lean/.lake/packages/plausible/.lake/build/lib/lean:/workspace/as-ginzburg-lean/.lake/packages/mathlib/.lake/build/lib/lean:/workspace/as-ginzburg-lean/.lake/build/lib/lean /workspace/as-ginzburg-lean/work/lean-upgrade/lean-4.34.1-linux/bin/lean /workspace/as-ginzburg-lean/ASGinzburg/ASLeftExtReciprocity.lean -o /workspace/as-ginzburg-lean/.lake/build/lib/lean/ASGinzburg/ASLeftExtReciprocity.olean -i /workspace/as-ginzburg-lean/.lake/build/lib/lean/ASGinzburg/ASLeftExtReciprocity.ilean -c /workspace/as-ginzburg-lean/.lake/build/ir/ASGinzburg/ASLeftExtReciprocity.c --setup /workspace/as-ginzburg-lean/.lake/build/ir/ASGinzburg/ASLeftExtReciprocity.setup.json --json
error: ASGinzburg/ASLeftExtReciprocity.lean:19:2: failed to synthesize instance of type class
  Epi
    ((A.leftModuleExtRightZeroIso (P.complex.X 3)).inv ≫
      A.leftModuleExtBoundaryRight ⋯ 0 ≫
        (A.leftModuleExtDimensionShiftRightIso ⋯ 0).hom ≫ (A.leftModuleExtDimensionShiftRightIso ⋯ 1).hom)

Hint: Type class instance resolution failures can be inspected with the `set_option trace.Meta.synthInstance true` command.
error: ASGinzburg/ASLeftExtReciprocity.lean:26:6: Tactic `rewrite` failed: Did not find an occurrence of the pattern
  A.leftModuleExtPrecompRight (P.complex.d 3 2) 0 ≫ A.leftModuleExtBoundaryRight ⋯ 0 ≫ ?h
in the target expression
  (A.leftModuleExtRightZeroIso (P.complex.X 2)).inv ≫
      A.leftModuleExtPrecompRight (P.complex.d 3 2) 0 ≫
        A.leftModuleExtBoundaryRight ⋯ 0 ≫
          (A.leftModuleExtDimensionShiftRightIso ⋯ 0).hom ≫ (A.leftModuleExtDimensionShiftRightIso ⋯ 1).hom =
    0

k : Type u
inst✝ : Field k
A : ZAlgebra k
X : A.LeftModule
P : ProjectiveResolution X
h₄ : IsZero (P.complex.X 4)
⊢ (A.leftModuleExtRightZeroIso (P.complex.X 2)).inv ≫
      A.leftModuleExtPrecompRight (P.complex.d 3 2) 0 ≫
        A.leftModuleExtBoundaryRight ⋯ 0 ≫
          (A.leftModuleExtDimensionShiftRightIso ⋯ 0).hom ≫ (A.leftModuleExtDimensionShiftRightIso ⋯ 1).hom =
    0

Note: The target expression is not type-correct under the `implicit` transparency level, which may have triggered the failure. This is usually caused by unfolding of semireducible definitions in prior tactic steps. Use `set_option linter.tacticCheckInstances true` to investigate the source of the issue.
Full error:
  Application type mismatch: The argument
    P.π.f 0
  has type
    @Quiver.Hom A.LeftModule (ObjectProperty.FullSubcategory.category A.leftModuleProperty).toQuiver (P.complex.X 0)
      (((ChainComplex.single₀ A.LeftModule).obj X).X 0)
  but is expected to have type
    @Quiver.Hom A.LeftModule (ObjectProperty.FullSubcategory.category A.leftModuleProperty).toQuiver (P.complex.X 0) X
  in the application
    @kernel A.LeftModule (ObjectProperty.FullSubcategory.category A.leftModuleProperty)
      Preadditive.preadditiveHasZeroMorphisms (P.complex.X 0) X (P.π.f 0)
error: ASGinzburg/ASLeftExtReciprocity.lean:64:2: failed to synthesize instance of type class
  Epi ((R.leftResolutionBidualTermIso 3).hom ≫ A.simpleRightModuleπ (Q.height w))

Hint: Type class instance resolution failures can be inspected with the `set_option trace.Meta.synthInstance true` command.
error: ASGinzburg/ASLeftExtReciprocity.lean:72:52: Type mismatch
  CochainComplex.of_d ?m.181 ?m.182 2
has type
  CochainComplex.of.d ?m.181 ?m.182 2 (2 + 1) = ?m.182 2
but is expected to have type
  R.reversedRightComplex.d 2 3 = R.d₁
info: stdout:
{"caption":"","data":"unsolved goals\nk : Type u\ninst✝ : Field k\nA : ZAlgebra k\nQ : CutQuiver\nw : Q.LiftVertex\nR : A.ASResolution Q w\nH :\n  (R.leftResolutionBidualTermIso 2).hom ≫ R.reversedRightComplex.d 2 3 =\n    A.leftModuleADualMap (R.leftResolutionComplex.d 3 2) ≫ (R.leftResolutionBidualTermIso 3).hom\n⊢ A.leftModuleADualMap (R.leftResolutionComplex.d 3 2) ≫ (R.leftResolutionBidualTermIso 3).hom =\n 

error: Lean exited with code 143
Some required targets logged failures:
- ASGinzburg.ExtComponentContravariance
- ASGinzburg.RegularExtLeftModule
- ASGinzburg.GinzburgGeneratorFiltrationRadical
- ASGinzburg.ASZeroCutRelationComparison
- ASGinzburg.LeftRegularCoproduct
- ASGinzburg.ASLeftExtReciprocity
error: build failed
