2026-10-08T06:15:45.4905025Z Current runner version: '2.337.0'
2026-10-08T06:15:45.4943749Z ##[group]Runner Image Provisioner
2026-10-08T06:15:45.4945063Z Hosted Compute Agent
2026-10-08T06:15:45.4946177Z Version: 20260901.588
2026-10-08T06:15:45.4947395Z Commit: f88ec8081b781fac6c440065ac7ff9e710ce3d0b
2026-10-08T06:15:45.4948705Z Build Date: 2026-09-01T19:56:44Z
2026-10-08T06:15:45.4950156Z Worker ID: {ae198783-e837-4222-bcbc-106a5933c806}
2026-10-08T06:15:45.4951445Z Azure Region: centralus
2026-10-08T06:15:45.4952881Z ##[endgroup]
2026-10-08T06:15:45.4955367Z ##[group]Operating System
2026-10-08T06:15:45.4956479Z Ubuntu
2026-10-08T06:15:45.4957509Z 24.04.5
2026-10-08T06:15:45.4958425Z LTS
2026-10-08T06:15:45.4959414Z ##[endgroup]
2026-10-08T06:15:45.4960440Z ##[group]Runner Image
2026-10-08T06:15:45.4961449Z Image: ubuntu-24.04
2026-10-08T06:15:45.4963057Z Version: 20260927.320.1
2026-10-08T06:15:45.4965253Z Included Software: https://github.com/actions/runner-images/blob/ubuntu24/20260927.320/images/ubuntu/Ubuntu2404-Readme.md
2026-10-08T06:15:45.4975796Z Image Release: https://github.com/actions/runner-images/releases/tag/ubuntu24%2F20260927.320
2026-10-08T06:15:45.4977542Z ##[endgroup]
2026-10-08T06:15:45.4979584Z ##[group]GITHUB_TOKEN Permissions
2026-10-08T06:15:45.5003274Z Contents: read
2026-10-08T06:15:45.5005009Z Metadata: read
2026-10-08T06:15:45.5006053Z ##[endgroup]
2026-10-08T06:15:45.5009233Z Secret source: Actions
2026-10-08T06:15:45.5010817Z Cache mode: write
2026-10-08T06:15:45.5012584Z Prepare workflow directory
2026-10-08T06:15:45.5818046Z Prepare all required actions
2026-10-08T06:15:45.5992687Z Getting action download info
2026-10-08T06:15:45.8760390Z Download action repository 'actions/checkout@11bd71901bbe5b1630ceea73d27597364c9af683' (SHA:11bd71901bbe5b1630ceea73d27597364c9af683)
2026-10-08T06:15:45.9988074Z Download action repository 'actions/upload-artifact@ea165f8d65b6e75b540449e92b4886f43607fa02' (SHA:ea165f8d65b6e75b540449e92b4886f43607fa02)
2026-10-08T06:15:46.2202789Z Complete job name: verify
2026-10-08T06:15:46.2952568Z ##[group]Run actions/checkout@11bd71901bbe5b1630ceea73d27597364c9af683
2026-10-08T06:15:46.2953690Z with:
2026-10-08T06:15:46.2954163Z   repository: uedakazushi/as-ginzburg-lean
2026-10-08T06:15:46.2957940Z   token: ***
2026-10-08T06:15:46.2958377Z   ssh-strict: true
2026-10-08T06:15:46.2958816Z   ssh-user: git
2026-10-08T06:15:46.2959265Z   persist-credentials: true
2026-10-08T06:15:46.2959752Z   clean: true
2026-10-08T06:15:46.2960195Z   sparse-checkout-cone-mode: true
2026-10-08T06:15:46.2960710Z   fetch-depth: 1
2026-10-08T06:15:46.2961136Z   fetch-tags: false
2026-10-08T06:15:46.2961574Z   show-progress: true
2026-10-08T06:15:46.2962025Z   lfs: false
2026-10-08T06:15:46.2962614Z   submodules: false
2026-10-08T06:15:46.2963064Z   set-safe-directory: true
2026-10-08T06:15:46.2963807Z ##[endgroup]
2026-10-08T06:15:46.4147122Z Syncing repository: uedakazushi/as-ginzburg-lean
2026-10-08T06:15:46.4150332Z ##[group]Getting Git version info
2026-10-08T06:15:46.4151849Z Working directory is '/home/runner/work/as-ginzburg-lean/as-ginzburg-lean'
2026-10-08T06:15:46.4153850Z [command]/usr/bin/git version
2026-10-08T06:15:46.4224437Z git version 2.55.0
2026-10-08T06:15:46.4230343Z ##[endgroup]
2026-10-08T06:15:46.4238451Z Temporarily overriding HOME='/home/runner/work/_temp/1374046f-1240-4395-bd4a-7b0eb65f8bc6' before making global git config changes
2026-10-08T06:15:46.4241509Z Adding repository directory to the temporary git global config as a safe directory
2026-10-08T06:15:46.4244805Z [command]/usr/bin/git config --global --add safe.directory /home/runner/work/as-ginzburg-lean/as-ginzburg-lean
2026-10-08T06:15:46.4379865Z Deleting the contents of '/home/runner/work/as-ginzburg-lean/as-ginzburg-lean'
2026-10-08T06:15:46.4381930Z ##[group]Initializing the repository
2026-10-08T06:15:46.4383523Z [command]/usr/bin/git init /home/runner/work/as-ginzburg-lean/as-ginzburg-lean
2026-10-08T06:15:46.4543658Z hint: Using 'master' as the name for the initial branch. This default branch name
2026-10-08T06:15:46.4549379Z hint: will change to "main" in Git 3.0. To configure the initial branch name
2026-10-08T06:15:46.4573284Z hint: to use in all of your new repositories, which will suppress this warning,
2026-10-08T06:15:46.4580788Z hint: call:
2026-10-08T06:15:46.4581710Z hint:
2026-10-08T06:15:46.4582945Z hint: 	git config --global init.defaultBranch <name>
2026-10-08T06:15:46.4584124Z hint:
2026-10-08T06:15:46.4585299Z hint: Names commonly chosen instead of 'master' are 'main', 'trunk' and
2026-10-08T06:15:46.4587080Z hint: 'development'. The just-created branch can be renamed via this command:
2026-10-08T06:15:46.4588563Z hint:
2026-10-08T06:15:46.4589450Z hint: 	git branch -m <name>
2026-10-08T06:15:46.4590392Z hint:
2026-10-08T06:15:46.4591566Z hint: Disable this message with "git config set advice.defaultBranchName false"
2026-10-08T06:15:46.4593925Z Initialized empty Git repository in /home/runner/work/as-ginzburg-lean/as-ginzburg-lean/.git/
2026-10-08T06:15:46.4597928Z [command]/usr/bin/git remote add origin https://github.com/uedakazushi/as-ginzburg-lean
2026-10-08T06:15:46.4674328Z ##[endgroup]
2026-10-08T06:15:46.4693829Z ##[group]Disabling automatic garbage collection
2026-10-08T06:15:46.4703128Z [command]/usr/bin/git config --local gc.auto 0
2026-10-08T06:15:46.4774553Z ##[endgroup]
2026-10-08T06:15:46.4775773Z ##[group]Setting up auth
2026-10-08T06:15:46.4777013Z [command]/usr/bin/git config --local --name-only --get-regexp core\.sshCommand
2026-10-08T06:15:46.4784433Z [command]/usr/bin/git submodule foreach --recursive sh -c "git config --local --name-only --get-regexp 'core\.sshCommand' && git config --local --unset-all 'core.sshCommand' || :"
2026-10-08T06:15:46.6016856Z [command]/usr/bin/git config --local --name-only --get-regexp http\.https\:\/\/github\.com\/\.extraheader
2026-10-08T06:15:46.6021789Z [command]/usr/bin/git submodule foreach --recursive sh -c "git config --local --name-only --get-regexp 'http\.https\:\/\/github\.com\/\.extraheader' && git config --local --unset-all 'http.https://github.com/.extraheader' || :"
2026-10-08T06:15:46.6171023Z [command]/usr/bin/git config --local http.https://github.com/.extraheader AUTHORIZATION: basic ***
2026-10-08T06:15:46.6209727Z ##[endgroup]
2026-10-08T06:15:46.6210647Z ##[group]Fetching the repository
2026-10-08T06:15:46.6223955Z [command]/usr/bin/git -c protocol.version=2 fetch --no-tags --prune --no-recurse-submodules --depth=1 origin +3fbb82acfa530f1945fdb922a8a681cdf37420a6:refs/remotes/origin/main
2026-10-08T06:15:47.3695135Z From https://github.com/uedakazushi/as-ginzburg-lean
2026-10-08T06:15:47.3698017Z  * [new ref]         3fbb82acfa530f1945fdb922a8a681cdf37420a6 -> origin/main
2026-10-08T06:15:47.3706931Z ##[endgroup]
2026-10-08T06:15:47.3708417Z ##[group]Determining the checkout info
2026-10-08T06:15:47.3710354Z ##[endgroup]
2026-10-08T06:15:47.3711613Z [command]/usr/bin/git sparse-checkout disable
2026-10-08T06:15:47.3816811Z [command]/usr/bin/git config --local --unset-all extensions.worktreeConfig
2026-10-08T06:15:47.3855329Z ##[group]Checking out the ref
2026-10-08T06:15:47.3860177Z [command]/usr/bin/git checkout --progress --force -B main refs/remotes/origin/main
2026-10-08T06:15:47.4354938Z Switched to a new branch 'main'
2026-10-08T06:15:47.4363521Z branch 'main' set up to track 'origin/main'.
2026-10-08T06:15:47.4372491Z ##[endgroup]
2026-10-08T06:15:47.4424194Z [command]/usr/bin/git log -1 --format=%H
2026-10-08T06:15:47.4494137Z 3fbb82acfa530f1945fdb922a8a681cdf37420a6
2026-10-08T06:15:47.4752918Z ##[group]Run set -euo pipefail
2026-10-08T06:15:47.4753707Z [36;1mset -euo pipefail[0m
2026-10-08T06:15:47.4754506Z [36;1mmkdir -p work[0m
2026-10-08T06:15:47.4755238Z [36;1mexec > >(tee work/toolchain-setup.log) 2>&1[0m
2026-10-08T06:15:47.4756218Z [36;1mstarted=$(date --utc --iso-8601=ns)[0m
2026-10-08T06:15:47.4757206Z [36;1msetup_start_tick=$(python3 -c 'import time; print(time.monotonic_ns())')[0m
2026-10-08T06:15:47.4758230Z [36;1mprintf 'started_at_utc=%s\n' "$started"[0m
2026-10-08T06:15:47.4758918Z [36;1mfinish_setup() {[0m
2026-10-08T06:15:47.4759676Z [36;1m  setup_exit_code=$?[0m
2026-10-08T06:15:47.4760637Z [36;1m  printf 'ended_at_utc=%s\nexit_code=%s\n' "$(date --utc --iso-8601=ns)" "$setup_exit_code"[0m
2026-10-08T06:15:47.4763741Z [36;1m  python3 -c 'import sys,time; print("elapsed_seconds=%.9f" % ((time.monotonic_ns()-int(sys.argv[1]))/1e9))' "$setup_start_tick"[0m
2026-10-08T06:15:47.4765906Z [36;1m}[0m
2026-10-08T06:15:47.4766453Z [36;1mtrap finish_setup EXIT[0m
2026-10-08T06:15:47.4767850Z [36;1mcurl --proto '=https' --tlsv1.2 -fsSL https://raw.githubusercontent.com/leanprover/elan/v4.1.2/elan-init.sh -o work/elan-init.sh[0m
2026-10-08T06:15:47.4769666Z [36;1mbash work/elan-init.sh -y --no-modify-path --default-toolchain none[0m
2026-10-08T06:15:47.4770728Z [36;1mexport PATH="$HOME/.elan/bin:$PATH"[0m
2026-10-08T06:15:47.4771508Z [36;1mecho "$HOME/.elan/bin" >> "$GITHUB_PATH"[0m
2026-10-08T06:15:47.4772636Z [36;1melan toolchain install leanprover/lean4:v4.24.0[0m
2026-10-08T06:15:47.4773449Z [36;1mlean --version[0m
2026-10-08T06:15:47.5055693Z shell: /usr/bin/bash --noprofile --norc -e -o pipefail {0}
2026-10-08T06:15:47.5056872Z ##[endgroup]
2026-10-08T06:15:47.5388750Z started_at_utc=2026-10-08T06:15:47,520923216+00:00
2026-10-08T06:15:47.7051574Z info: downloading installer
2026-10-08T06:15:48.7150917Z info: downloading https://releases.lean-lang.org/lean4/v4.24.0/lean-4.24.0-linux.tar.zst
2026-10-08T06:15:54.1354647Z info: installing /home/runner/.elan/toolchains/leanprover--lean4---v4.24.0
2026-10-08T06:16:02.2319603Z 
2026-10-08T06:16:02.2906491Z leanprover/lean4:v4.24.0 installed - Lean (version 4.24.0, x86_64-unknown-linux-gnu, commit 797c613eb9b6d4ec95db23e3e00af9ac6657f24b, Release)
2026-10-08T06:16:02.2907654Z 
2026-10-08T06:16:02.6303956Z Lean (version 4.24.0, x86_64-unknown-linux-gnu, commit 797c613eb9b6d4ec95db23e3e00af9ac6657f24b, Release)
2026-10-08T06:16:02.6363078Z ended_at_utc=2026-10-08T06:16:02,634419455+00:00
2026-10-08T06:16:02.6363882Z exit_code=0
2026-10-08T06:16:02.6545464Z elapsed_seconds=15.118807671
2026-10-08T06:16:02.7833937Z ##[group]Run bash scripts/check.sh --prepare-cache
2026-10-08T06:16:02.7834619Z [36;1mbash scripts/check.sh --prepare-cache[0m
2026-10-08T06:16:02.7906095Z shell: /usr/bin/bash -e {0}
2026-10-08T06:16:02.7906375Z ##[endgroup]
2026-10-08T06:16:02.8771028Z [2026-10-08T06:16:02.876730+00:00] regression_tests: /usr/bin/python3 -m unittest discover -s tests -v
2026-10-08T06:16:03.6023595Z test_aggregate_placeholder_rejected (test_audit.AuditTests.test_aggregate_placeholder_rejected) ... ok
2026-10-08T06:16:03.6029832Z test_allowed_and_forbidden_axioms (test_audit.AuditTests.test_allowed_and_forbidden_axioms) ... ok
2026-10-08T06:16:03.6043771Z test_completed_run_cannot_be_reused (test_audit.AuditTests.test_completed_run_cannot_be_reused) ... ok
2026-10-08T06:16:03.6084774Z test_dotted_name_comments_scopes_and_future_addition (test_audit.AuditTests.test_dotted_name_comments_scopes_and_future_addition) ... ok
2026-10-08T06:16:03.6086540Z test_duplicate_inventory_and_logs_rejected (test_audit.AuditTests.test_duplicate_inventory_and_logs_rejected) ... ok
2026-10-08T06:16:03.6087971Z test_duplicate_sources_rejected (test_audit.AuditTests.test_duplicate_sources_rejected) ... ok
2026-10-08T06:16:04.2794139Z test_failed_build_exit_propagates_despite_success_text (test_audit.AuditTests.test_failed_build_exit_propagates_despite_success_text) ... ok
2026-10-08T06:16:04.2803577Z test_missing_extra_and_malformed_log_rejected (test_audit.AuditTests.test_missing_extra_and_malformed_log_rejected) ... ok
2026-10-08T06:16:04.2823397Z test_nested_comments_strings_and_placeholders (test_audit.AuditTests.test_nested_comments_strings_and_placeholders) ... ok
2026-10-08T06:16:04.2843074Z test_unsupported_theorem_rejected (test_audit.AuditTests.test_unsupported_theorem_rejected) ... ok
2026-10-08T06:16:04.2855009Z test_wrapped_axiom_lists_preserve_strict_coverage (test_audit.AuditTests.test_wrapped_axiom_lists_preserve_strict_coverage) ... ok
2026-10-08T06:16:04.2868106Z 
2026-10-08T06:16:04.2902971Z ----------------------------------------------------------------------
2026-10-08T06:16:04.2904015Z Ran 11 tests in 0.681s
2026-10-08T06:16:04.2922848Z 
2026-10-08T06:16:04.2923264Z OK
2026-10-08T06:16:04.3263396Z [2026-10-08T06:16:04.292620+00:00] regression_tests: exit=0, elapsed=1.415914s
2026-10-08T06:16:04.3286273Z [2026-10-08T06:16:04.326164+00:00] source_audit: /usr/bin/python3 scripts/audit_sources.py --output-dir /home/runner/work/as-ginzburg-lean/as-ginzburg-lean/verification/runs/20261008T061602Z-784aa784
2026-10-08T06:16:04.6751640Z {
2026-10-08T06:16:04.6763037Z   "declarations": 620,
2026-10-08T06:16:04.6807127Z   "unique_names": 620,
2026-10-08T06:16:04.6822962Z   "definitions_theorems_and_types": 508,
2026-10-08T06:16:04.6833112Z   "by_kind": {
2026-10-08T06:16:04.6852789Z     "theorem": 260,
2026-10-08T06:16:04.6853202Z     "def": 216,
2026-10-08T06:16:04.6853579Z     "abbrev": 21,
2026-10-08T06:16:04.6952693Z     "instance": 112,
2026-10-08T06:16:04.6953128Z     "structure": 9,
2026-10-08T06:16:04.6953569Z     "inductive": 2
2026-10-08T06:16:04.6953918Z   }
2026-10-08T06:16:04.6954210Z }
2026-10-08T06:16:04.7843641Z [2026-10-08T06:16:04.681776+00:00] source_audit: exit=0, elapsed=0.355642s
2026-10-08T06:16:04.7865318Z [2026-10-08T06:16:04.783791+00:00] cache: bash /home/runner/work/as-ginzburg-lean/as-ginzburg-lean/scripts/with_lean.sh lake exe cache get Mathlib.Algebra.Category.ModuleCat.AB Mathlib.Algebra.Category.ModuleCat.Abelian Mathlib.Algebra.Category.ModuleCat.Products Mathlib.Algebra.Category.ModuleCat.Simple Mathlib.Algebra.Homology.DerivedCategory.Ext.EnoughProjectives Mathlib.Algebra.Homology.DerivedCategory.Linear Mathlib.Algebra.Homology.ShortComplex.ModuleCat Mathlib.Algebra.Homology.ShortComplex.ShortExact Mathlib.Algebra.Module.TransferInstance Mathlib.CategoryTheory.Abelian.Exact Mathlib.CategoryTheory.Abelian.FunctorCategory Mathlib.CategoryTheory.Abelian.GrothendieckAxioms.FunctorCategory Mathlib.CategoryTheory.Abelian.Projective.Resolution Mathlib.CategoryTheory.Limits.FullSubcategory Mathlib.CategoryTheory.Limits.FunctorCategory.EpiMono Mathlib.CategoryTheory.Limits.Preserves.FunctorCategory Mathlib.CategoryTheory.Limits.Preserves.Shapes.AbelianImages Mathlib.CategoryTheory.Linear.FunctorCategory Mathlib.CategoryTheory.Linear.LinearFunctor Mathlib.CategoryTheory.Linear.Yoneda Mathlib.CategoryTheory.Preadditive.Opposite Mathlib.CategoryTheory.Preadditive.Projective.Basic Mathlib.Data.Finsupp.Order Mathlib.Data.List.Rotate Mathlib.Data.Nat.Choose.Basic Mathlib.LinearAlgebra.Dimension.Constructions Mathlib.LinearAlgebra.Dimension.Finite Mathlib.LinearAlgebra.Dimension.Free Mathlib.LinearAlgebra.FiniteDimensional.Defs Mathlib.LinearAlgebra.Finsupp.LinearCombination Mathlib.LinearAlgebra.Finsupp.Pi Mathlib.LinearAlgebra.Quotient.Basic Mathlib.LinearAlgebra.TensorProduct.Basis Mathlib.Logic.Equiv.Fin.Basic Mathlib.SetTheory.Cardinal.Basic Mathlib.Tactic
2026-10-08T06:16:05.2703459Z info: mathlib: cloning https://github.com/leanprover-community/mathlib4.git
2026-10-08T06:16:50.0633781Z info: mathlib: checking out revision 'f897ebcf72cd16f89ab4577d0c826cd14afaafc7'
2026-10-08T06:16:51.7532705Z info: plausible: cloning https://github.com/leanprover-community/plausible
2026-10-08T06:16:52.1434825Z info: plausible: checking out revision 'dfd06ebfe8d0e8fa7faba9cb5e5a2e74e7bd2805'
2026-10-08T06:16:52.1563317Z info: LeanSearchClient: cloning https://github.com/leanprover-community/LeanSearchClient
2026-10-08T06:16:52.5403620Z info: LeanSearchClient: checking out revision '99657ad92e23804e279f77ea6dbdeebaa1317b98'
2026-10-08T06:16:52.5500117Z info: importGraph: cloning https://github.com/leanprover-community/import-graph
2026-10-08T06:16:53.0323445Z info: importGraph: checking out revision 'd768126816be17600904726ca7976b185786e6b9'
2026-10-08T06:16:53.0483172Z info: proofwidgets: cloning https://github.com/leanprover-community/ProofWidgets4
2026-10-08T06:16:54.3283545Z info: proofwidgets: checking out revision '556caed0eadb7901e068131d1be208dd907d07a2'
2026-10-08T06:16:55.0923897Z info: aesop: cloning https://github.com/leanprover-community/aesop
2026-10-08T06:16:56.2036506Z info: aesop: checking out revision '725ac8cd67acd70a7beaf47c3725e23484c1ef50'
2026-10-08T06:16:56.2357779Z info: Qq: cloning https://github.com/leanprover-community/quote4
2026-10-08T06:16:56.6970717Z info: Qq: checking out revision 'dea6a3361fa36d5a13f87333dc506ada582e025c'
2026-10-08T06:16:56.7106203Z info: batteries: cloning https://github.com/leanprover-community/batteries
2026-10-08T06:17:00.0677942Z info: batteries: checking out revision '8da40b72fece29b7d3fe3d768bac4c8910ce9bee'
2026-10-08T06:17:00.1070946Z info: Cli: cloning https://github.com/leanprover/lean4-cli
2026-10-08T06:17:00.5273695Z info: Cli: checking out revision '91c18fa62838ad0ab7384c03c9684d99d306e1da'
2026-10-08T06:17:00.9447095Z ✔ [2/20] Built Cache.Lean (366ms)
2026-10-08T06:17:01.1453760Z ✔ [3/20] Built Cache.Lean:c.o (159ms)
2026-10-08T06:17:03.1519659Z ✔ [4/20] Built Cache.IO (2.0s)
2026-10-08T06:17:05.9562429Z ✔ [9/20] Built Cache.IO:c.o (2.8s)
2026-10-08T06:17:06.0564126Z ✔ [10/20] Built Batteries.Data.String.Basic:c.o (135ms)
2026-10-08T06:17:06.5589253Z ✔ [12/20] Built Batteries.Data.Array.Match:c.o (497ms)
2026-10-08T06:17:06.9603658Z ✔ [13/20] Built Cache.Hashing (1.3s)
2026-10-08T06:17:06.9613034Z ✔ [14/20] Built Batteries.Data.String.Matcher:c.o (360ms)
2026-10-08T06:17:08.1647692Z ✔ [15/20] Built Cache.Hashing:c.o (1.2s)
2026-10-08T06:17:09.1710502Z ✔ [16/20] Built Cache.Requests (2.2s)
2026-10-08T06:17:10.3713540Z ✔ [17/20] Built Cache.Main (1.2s)
2026-10-08T06:17:11.4697827Z ✔ [18/20] Built Cache.Main:c.o (1.1s)
2026-10-08T06:17:11.6703594Z ✔ [19/20] Built Cache.Requests:c.o (2.5s)
2026-10-08T06:17:12.1709281Z ✔ [20/20] Built cache:exe (516ms)
2026-10-08T06:17:14.6653758Z   % Total    % Received % Xferd  Average Speed   Time    Time     Time  Current
2026-10-08T06:17:14.6654986Z                                  Dload  Upload   Total   Spent    Left  Speed
2026-10-08T06:17:14.6655716Z 
2026-10-08T06:17:14.6656449Z   0     0    0     0    0     0      0      0 --:--:-- --:--:-- --:--:--     0
2026-10-08T06:17:14.6657325Z   0     0    0     0    0     0      0      0 --:--:-- --:--:-- --:--:--     0
2026-10-08T06:17:14.6657824Z 
2026-10-08T06:17:14.6658185Z 100 1075k  100 1075k    0     0  3374k      0 --:--:-- --:--:-- --:--:-- 3374k
2026-10-08T06:17:14.6658719Z 
2026-10-08T06:17:16.0779406Z installing leantar 0.1.15
2026-10-08T06:17:16.0781524Z Fetching ProofWidgets cloud release... done!
2026-10-08T06:17:16.0782543Z Current branch: HEAD
2026-10-08T06:17:16.0783285Z Using cache (Azure) from origin: leanprover-community/mathlib4
2026-10-08T06:17:16.0784322Z Attempting to download 3322 file(s) from leanprover-community/mathlib4 cache
2026-10-08T06:17:17.0787124Z 
2026-10-08T06:17:17.1960785Z Downloaded: 1 file(s) [attempted 1/3322 = 0%, 75 KB/s]
2026-10-08T06:17:17.3003287Z Downloaded: 14 file(s) [attempted 14/3322 = 0%, 30 KB/s]
2026-10-08T06:17:17.4003541Z Downloaded: 167 file(s) [attempted 167/3322 = 5%, 1355 KB/s]
2026-10-08T06:17:17.5063283Z Downloaded: 429 file(s) [attempted 429/3322 = 12%, 8633 KB/s]
2026-10-08T06:17:17.6059260Z Downloaded: 727 file(s) [attempted 727/3322 = 21%, 2592 KB/s]
2026-10-08T06:17:17.7057645Z Downloaded: 978 file(s) [attempted 978/3322 = 29%, 437 KB/s]
2026-10-08T06:17:17.8113348Z Downloaded: 1273 file(s) [attempted 1273/3322 = 38%, 1932 KB/s]
2026-10-08T06:17:17.9105352Z Downloaded: 1521 file(s) [attempted 1521/3322 = 45%, 4060 KB/s]
2026-10-08T06:17:18.0133307Z Downloaded: 1784 file(s) [attempted 1784/3322 = 53%, 4090 KB/s]
2026-10-08T06:17:18.1133336Z Downloaded: 2029 file(s) [attempted 2029/3322 = 61%, 1896 KB/s]
2026-10-08T06:17:18.2202974Z Downloaded: 2317 file(s) [attempted 2317/3322 = 69%, 1750 KB/s]
2026-10-08T06:17:18.3198588Z Downloaded: 2589 file(s) [attempted 2589/3322 = 77%, 7719 KB/s]
2026-10-08T06:17:18.4195215Z Downloaded: 2855 file(s) [attempted 2855/3322 = 85%, 16982 KB/s]
2026-10-08T06:17:18.5749782Z Downloaded: 3158 file(s) [attempted 3158/3322 = 95%, 1773 KB/s]
2026-10-08T06:17:18.5783905Z Downloaded: 3321 file(s) [attempted 3321/3322 = 99%, 7463 KB/s]
2026-10-08T06:17:18.5785231Z Downloaded: 3322 file(s) [attempted 3322/3322 = 100%, 7463 KB/s]
2026-10-08T06:17:32.7078952Z Decompressing 3322 file(s)
2026-10-08T06:17:32.7079735Z Unpacked in 14117 ms
2026-10-08T06:17:32.7080441Z Completed successfully!
2026-10-08T06:17:32.8024478Z [2026-10-08T06:17:32.754456+00:00] cache: exit=0, elapsed=87.970695s
2026-10-08T06:17:32.8373346Z [2026-10-08T06:17:32.802313+00:00] environment: /usr/bin/python3 scripts/check_environment.py --output-dir /home/runner/work/as-ginzburg-lean/as-ginzburg-lean/verification/runs/20261008T061602Z-784aa784
2026-10-08T06:17:33.1323273Z {
2026-10-08T06:17:33.1323967Z   "lean_toolchain": "leanprover/lean4:v4.24.0",
2026-10-08T06:17:33.1324677Z   "mathlib_revision": "f897ebcf72cd16f89ab4577d0c826cd14afaafc7",
2026-10-08T06:17:33.1325314Z   "executable_versions": {
2026-10-08T06:17:33.1326188Z     "lean": "Lean (version 4.24.0, x86_64-unknown-linux-gnu, commit 797c613eb9b6d4ec95db23e3e00af9ac6657f24b, Release)",
2026-10-08T06:17:33.1327230Z     "lake": "Lake version 5.0.0-src+797c613 (Lean version 4.24.0)"
2026-10-08T06:17:33.1327784Z   },
2026-10-08T06:17:33.1328126Z   "dependency_revisions": {
2026-10-08T06:17:33.1328664Z     "plausible": "dfd06ebfe8d0e8fa7faba9cb5e5a2e74e7bd2805",
2026-10-08T06:17:33.1329350Z     "LeanSearchClient": "99657ad92e23804e279f77ea6dbdeebaa1317b98",
2026-10-08T06:17:33.1330069Z     "importGraph": "d768126816be17600904726ca7976b185786e6b9",
2026-10-08T06:17:33.1330774Z     "proofwidgets": "556caed0eadb7901e068131d1be208dd907d07a2",
2026-10-08T06:17:33.1331435Z     "aesop": "725ac8cd67acd70a7beaf47c3725e23484c1ef50",
2026-10-08T06:17:33.1332010Z     "Qq": "dea6a3361fa36d5a13f87333dc506ada582e025c",
2026-10-08T06:17:33.1332896Z     "batteries": "8da40b72fece29b7d3fe3d768bac4c8910ce9bee",
2026-10-08T06:17:33.1333498Z     "Cli": "91c18fa62838ad0ab7384c03c9684d99d306e1da",
2026-10-08T06:17:33.1334073Z     "mathlib": "f897ebcf72cd16f89ab4577d0c826cd14afaafc7"
2026-10-08T06:17:33.1334851Z   }
2026-10-08T06:17:33.1335143Z }
2026-10-08T06:17:33.1401015Z [2026-10-08T06:17:33.139272+00:00] environment: exit=0, elapsed=0.336981s
2026-10-08T06:17:33.1404185Z [2026-10-08T06:17:33.139784+00:00] build: bash /home/runner/work/as-ginzburg-lean/as-ginzburg-lean/scripts/with_lean.sh lake build
2026-10-08T06:17:40.9616644Z ✔ [3295/3315] Built ASGinzburg.ZAlgebra (6.1s)
2026-10-08T06:17:41.0613605Z ✔ [3299/3327] Built ASGinzburg.CutQuiver (6.1s)
2026-10-08T06:17:46.5733879Z ✔ [3339/3400] Built ASGinzburg.HomologicalColimitClosure (5.5s)
2026-10-08T06:17:48.6784003Z ✔ [3341/3400] Built ASGinzburg.Representables (7.7s)
2026-10-08T06:17:50.4854846Z ✔ [3342/3400] Built ASGinzburg.ExtDimension (3.9s)
2026-10-08T06:17:53.0908322Z ✔ [3343/3400] Built ASGinzburg.CutPotential (4.4s)
2026-10-08T06:17:55.1961827Z ✔ [3344/3400] Built ASGinzburg.TopCohomology (4.6s)
2026-10-08T06:17:57.1004527Z ✔ [3345/3400] Built ASGinzburg.WindowPeriodicity (3.0s)
2026-10-08T06:17:59.1066825Z ✔ [3346/3400] Built ASGinzburg.Conjugation (3.9s)
2026-10-08T06:18:03.0157925Z ✔ [3347/3400] Built ASGinzburg.Hilbert (5.0s)
2026-10-08T06:18:04.2201700Z ✔ [3348/3400] Built ASGinzburg.Tensor333 (5.2s)
2026-10-08T06:18:06.9363523Z ✔ [3349/3400] Built ASGinzburg.GinzburgGrading (3.9s)
2026-10-08T06:18:15.2558781Z ⚠ [3350/3400] Built ASGinzburg.PathAlgebra (8.3s)
2026-10-08T06:18:15.2583800Z warning: ASGinzburg/PathAlgebra.lean:97:42: This simp argument is unused:
2026-10-08T06:18:15.2602857Z   LinearMap.add_apply
2026-10-08T06:18:15.2603315Z 
2026-10-08T06:18:15.2622751Z Hint: Omit it from the simp argument list.
2026-10-08T06:18:15.2666513Z   simp [map_add, L̵i̵n̵e̵a̵r̵M̵a̵p̵.̵a̵d̵d̵_̵a̵p̵p̵l̵y̵,̵ ̵ih, ih']
2026-10-08T06:18:15.2667021Z 
2026-10-08T06:18:15.2667425Z Note: This linter can be disabled with `set_option linter.unusedSimpArgs false`
2026-10-08T06:18:21.2695708Z ✔ [3351/3400] Built ASGinzburg.CyclicDerivative (6.1s)
2026-10-08T06:18:26.5811344Z ✔ [3352/3400] Built ASGinzburg.Triangle333 (5.3s)
2026-10-08T06:18:27.3817663Z ✔ [3353/3400] Built ASGinzburg.RightModuleAbelian (23s)
2026-10-08T06:18:30.9865655Z ✔ [3354/3400] Built ASGinzburg.RightModuleHomology (3.5s)
2026-10-08T06:18:34.2933886Z ✔ [3355/3400] Built ASGinzburg.RightModuleProjectives (3.3s)
2026-10-08T06:18:38.9033689Z ✔ [3356/3400] Built ASGinzburg.RightModuleEnoughProjectives (4.7s)
2026-10-08T06:18:41.2023047Z ✔ [3357/3400] Built ASGinzburg.LeftModules (6.0s)
2026-10-08T06:18:44.9184070Z ✔ [3358/3400] Built ASGinzburg.RightSubmodules (6.0s)
2026-10-08T06:18:45.5093510Z ✔ [3359/3400] Built ASGinzburg.RightModuleExt (4.3s)
2026-10-08T06:18:52.4251223Z ✔ [3360/3400] Built ASGinzburg.SimpleRightModules (6.0s)
2026-10-08T06:18:58.8353643Z ✔ [3361/3400] Built ASGinzburg.RightModuleExtLinear (6.4s)
2026-10-08T06:19:04.7478770Z ✔ [3362/3400] Built ASGinzburg.RightModuleRadical (5.9s)
2026-10-08T06:19:08.7534030Z ✔ [3363/3400] Built ASGinzburg.LeftModuleAbelian (23s)
2026-10-08T06:19:12.6650189Z ✔ [3364/3400] Built ASGinzburg.RightModuleExtSequence (7.9s)
2026-10-08T06:19:14.1672989Z ✔ [3365/3400] Built ASGinzburg.RightModuleMinimality (5.3s)
2026-10-08T06:19:18.5768150Z ✔ [3366/3400] Built ASGinzburg.LeftModuleHomology (5.9s)
2026-10-08T06:19:19.8805434Z ✔ [3367/3400] Built ASGinzburg.RightModuleExtLeftAction (5.7s)
2026-10-08T06:19:22.5832844Z ✔ [3368/3400] Built ASGinzburg.RightModuleSimpleHom (4.0s)
2026-10-08T06:19:24.8905475Z ✔ [3369/3400] Built ASGinzburg.LeftModuleProjectives (5.1s)
2026-10-08T06:19:28.7003603Z ✔ [3370/3400] Built ASGinzburg.LeftSubmodules (6.1s)
2026-10-08T06:19:30.0028045Z ✔ [3371/3400] Built ASGinzburg.RepresentableHomColimits (5.1s)
2026-10-08T06:19:34.1113829Z ✔ [3372/3400] Built ASGinzburg.ASResolution (5.5s)
2026-10-08T06:19:34.7140271Z ✔ [3373/3400] Built ASGinzburg.LeftModuleEnoughProjectives (4.8s)
2026-10-08T06:19:41.0323294Z ✔ [3374/3400] Built ASGinzburg.SimpleLeftModules (6.3s)
2026-10-08T06:19:41.2323402Z ✔ [3375/3400] Built ASGinzburg.LeftModuleADual (7.1s)
2026-10-08T06:19:47.5483965Z ✔ [3376/3400] Built ASGinzburg.RightModuleExtNaturalSequence (6.5s)
2026-10-08T06:19:48.1483588Z ✔ [3377/3400] Built ASGinzburg.ASResolutionComplex (6.9s)
2026-10-08T06:19:51.6533484Z ✔ [3378/3400] Built ASGinzburg.ASDualityHomTerms (4.1s)
2026-10-08T06:19:53.2583441Z ✔ [3379/3400] Built ASGinzburg.ASResolutionSyzygies (5.1s)
2026-10-08T06:19:57.3633389Z ✔ [3380/3400] Built ASGinzburg.LeftModuleExt (4.1s)
2026-10-08T06:19:57.5633699Z ✔ [3381/3400] Built ASGinzburg.RightModuleHomFinite (5.9s)
2026-10-08T06:20:02.1713517Z ✔ [3382/3400] Built ASGinzburg.ASRegular (4.6s)
2026-10-08T06:20:03.0723907Z ✔ [3383/3400] Built ASGinzburg.ASResolutionHomComplex (5.8s)
2026-10-08T06:20:07.3813723Z ✔ [3384/3400] Built ASGinzburg.ASResolutionExtBounds (5.3s)
2026-10-08T06:20:07.9799031Z ✔ [3385/3400] Built ASGinzburg.RightModuleHomKernel (4.8s)
2026-10-08T06:20:13.7094555Z ✔ [3386/3400] Built ASGinzburg.ASDualityExt (5.7s)
2026-10-08T06:20:16.3973101Z ✔ [3387/3400] Built ASGinzburg.FiniteCoproductHomColimits (8.0s)
2026-10-08T06:20:18.1023808Z ✔ [3388/3400] Built ASGinzburg.ASDualityHomCohomology (4.4s)
2026-10-08T06:20:24.5115368Z ✔ [3389/3400] Built ASGinzburg.ASResolutionExtFinite (8.2s)
2026-10-08T06:20:29.8209665Z ✔ [3390/3400] Built ASGinzburg.ASDualityDimension (5.2s)
2026-10-08T06:20:32.3254182Z ✔ [3391/3400] Built ASGinzburg.ASResolutionExtColimits (14s)
2026-10-08T06:20:33.4283607Z ✔ [3392/3400] Built ASGinzburg.ASDualityEquivalence (3.6s)
2026-10-08T06:20:37.4312788Z ✔ [3393/3400] Built ASGinzburg.ASDualityLeftComponents (3.0s)
2026-10-08T06:20:41.8377108Z ✔ [3394/3400] Built ASGinzburg.ASDualityRegularCoproduct (4.4s)
2026-10-08T06:20:46.2446102Z ✔ [3395/3400] Built ASGinzburg.TotalModuleSpaces (4.4s)
2026-10-08T06:20:58.9656304Z ✔ [3396/3400] Built ASGinzburg.RegularCoproductActions (12s)
2026-10-08T06:21:01.2682529Z ✔ [3397/3400] Built ASGinzburg (2.3s)
2026-10-08T06:23:48.0678320Z ℹ [3399/3400] Built AxiomAudit (166s)
2026-10-08T06:23:48.0684152Z info: AxiomAudit.lean:3:0: 'ASGinzburg.cardinal_sum_one_other_zero' depends on axioms: [propext, Classical.choice, Quot.sound]
2026-10-08T06:23:48.0687529Z info: AxiomAudit.lean:4:0: 'ASGinzburg.ZAlgebra.ASRegular.extRank_other_zero' depends on axioms: [propext, Classical.choice, Quot.sound]
2026-10-08T06:23:48.0690036Z info: AxiomAudit.lean:5:0: 'ASGinzburg.ZAlgebra.ASRegular.ext_other_eq_zero' depends on axioms: [propext, Classical.choice, Quot.sound]
2026-10-08T06:23:48.0691894Z info: AxiomAudit.lean:6:0: 'ASGinzburg.ZAlgebra.ASRegular.ext_finrank' depends on axioms: [propext, Classical.choice, Quot.sound]
2026-10-08T06:23:48.0697133Z info: AxiomAudit.lean:7:0: 'ASGinzburg.ZAlgebra.ASResolution.homologyExtThreeEquiv' depends on axioms: [propext, Classical.choice, Quot.sound]
2026-10-08T06:23:48.0699097Z info: AxiomAudit.lean:8:0: 'ASGinzburg.ZAlgebra.ASRegular.extDimensionTable' depends on axioms: [propext, Classical.choice, Quot.sound]
2026-10-08T06:23:48.0702788Z info: AxiomAudit.lean:9:0: 'ASGinzburg.ZAlgebra.ASRegular.extDimensionTable_apply' depends on axioms: [propext, Classical.choice, Quot.sound]
2026-10-08T06:23:48.0704391Z info: AxiomAudit.lean:10:0: 'ASGinzburg.ZAlgebra.ASRegular.extDimensionTable_eq_single' depends on axioms: [propext, Classical.choice, Quot.sound]
2026-10-08T06:23:48.0705927Z info: AxiomAudit.lean:11:0: 'ASGinzburg.ZAlgebra.ASRegular.extDimensionTable_total' depends on axioms: [propext, Classical.choice, Quot.sound]
2026-10-08T06:23:48.0707293Z info: AxiomAudit.lean:12:0: 'ASGinzburg.cardinal_sum_eq_one_of_single' depends on axioms: [propext, Classical.choice, Quot.sound]
2026-10-08T06:23:48.0708617Z info: AxiomAudit.lean:13:0: 'ASGinzburg.ZAlgebra.asExtTotalRank_eq_one_of_finrank' depends on axioms: [propext, Classical.choice, Quot.sound]
2026-10-08T06:23:48.0709991Z info: AxiomAudit.lean:14:0: 'ASGinzburg.ZAlgebra.asRegular_iff_ext_finrank' depends on axioms: [propext, Classical.choice, Quot.sound]
2026-10-08T06:23:48.0711435Z info: AxiomAudit.lean:15:0: 'ASGinzburg.ZAlgebra.ASResolution.asDualityExtThreeEquiv' depends on axioms: [propext, Classical.choice, Quot.sound]
2026-10-08T06:23:48.0713628Z info: AxiomAudit.lean:16:0: 'ASGinzburg.ZAlgebra.ASRegular.extThreeEquiv' depends on axioms: [propext, Classical.choice, Quot.sound]
2026-10-08T06:23:48.0715493Z info: AxiomAudit.lean:17:0: 'ASGinzburg.ZAlgebra.ASRegular.extThree_finrank' depends on axioms: [propext, Classical.choice, Quot.sound]
2026-10-08T06:23:48.0717322Z info: AxiomAudit.lean:18:0: 'ASGinzburg.ZAlgebra.ASRegular.extThree_rank' depends on axioms: [propext, Classical.choice, Quot.sound]
2026-10-08T06:23:48.0719285Z info: AxiomAudit.lean:19:0: 'ASGinzburg.ZAlgebra.ASResolution.homComplex_isZero_ge_four' depends on axioms: [propext, Classical.choice, Quot.sound]
2026-10-08T06:23:48.0721273Z info: AxiomAudit.lean:20:0: 'ASGinzburg.ZAlgebra.ASResolution.homComplex_tau_representable_low_terms_isZero' depends on axioms: [propext,
2026-10-08T06:23:48.0722753Z  Classical.choice,
2026-10-08T06:23:48.0723315Z  Quot.sound]
2026-10-08T06:23:48.0724414Z info: AxiomAudit.lean:21:0: 'ASGinzburg.ZAlgebra.ASResolution.homComplex_tau_representable_top_homologyLinearEquiv' depends on axioms: [propext,
2026-10-08T06:23:48.0725759Z  Classical.choice,
2026-10-08T06:23:48.0726280Z  Quot.sound]
2026-10-08T06:23:48.0727181Z info: AxiomAudit.lean:22:0: 'ASGinzburg.ZAlgebra.ASResolution.homComplex_tau_representable_low_homology_isZero' depends on axioms: [propext,
2026-10-08T06:23:48.0728158Z  Classical.choice,
2026-10-08T06:23:48.0728549Z  Quot.sound]
2026-10-08T06:23:48.0729424Z info: AxiomAudit.lean:23:0: 'ASGinzburg.ZAlgebra.ASResolution.homComplex_tau_representable_high_homology_isZero' depends on axioms: [propext,
2026-10-08T06:23:48.0730395Z  Classical.choice,
2026-10-08T06:23:48.0730789Z  Quot.sound]
2026-10-08T06:23:48.0731656Z info: AxiomAudit.lean:24:0: 'ASGinzburg.ZAlgebra.ASResolution.homComplex_tau_representable_top_homology_finrank' depends on axioms: [propext,
2026-10-08T06:23:48.0733159Z  Classical.choice,
2026-10-08T06:23:48.0733687Z  Quot.sound]
2026-10-08T06:23:48.0734896Z info: AxiomAudit.lean:25:0: 'ASGinzburg.CutQuiver.tau_incomingSource_height_gt' depends on axioms: [propext, Classical.choice, Quot.sound]
2026-10-08T06:23:48.0737184Z info: AxiomAudit.lean:26:0: 'ASGinzburg.ZAlgebra.asDualityHomTerm₀_zero' depends on axioms: [propext, Classical.choice, Quot.sound]
2026-10-08T06:23:48.0738743Z info: AxiomAudit.lean:27:0: 'ASGinzburg.ZAlgebra.asDualityHomTerm₁_zero' depends on axioms: [propext, Classical.choice, Quot.sound]
2026-10-08T06:23:48.0740242Z info: AxiomAudit.lean:28:0: 'ASGinzburg.ZAlgebra.asDualityHomTerm₂_zero' depends on axioms: [propext, Classical.choice, Quot.sound]
2026-10-08T06:23:48.0741753Z info: AxiomAudit.lean:29:0: 'ASGinzburg.ZAlgebra.asDualityHomTerm₃Equiv' depends on axioms: [propext, Classical.choice, Quot.sound]
2026-10-08T06:23:48.0743494Z info: AxiomAudit.lean:30:0: 'ASGinzburg.ZAlgebra.leftModule_isZero_of_components' depends on axioms: [propext, Classical.choice, Quot.sound]
2026-10-08T06:23:48.0745029Z info: AxiomAudit.lean:31:0: 'ASGinzburg.ZAlgebra.leftModuleIsoOfSingleSupport' depends on axioms: [propext, Classical.choice, Quot.sound]
2026-10-08T06:23:48.0746482Z info: AxiomAudit.lean:32:0: 'ASGinzburg.ZAlgebra.ASRegular.extLeft_off_degree_three' depends on axioms: [propext, Classical.choice, Quot.sound]
2026-10-08T06:23:48.0747945Z info: AxiomAudit.lean:33:0: 'ASGinzburg.ZAlgebra.ASRegular.extLeftThree_off_vertex' depends on axioms: [propext, Classical.choice, Quot.sound]
2026-10-08T06:23:48.0749415Z info: AxiomAudit.lean:34:0: 'ASGinzburg.ZAlgebra.ASRegular.extLeftThreeIsoSimple' depends on axioms: [propext, Classical.choice, Quot.sound]
2026-10-08T06:23:48.0750798Z info: AxiomAudit.lean:35:0: 'ASGinzburg.ZAlgebra.ASRegular.extLeftThree_positive_action_zero' depends on axioms: [propext,
2026-10-08T06:23:48.0751679Z  Classical.choice,
2026-10-08T06:23:48.0752296Z  Quot.sound]
2026-10-08T06:23:48.0753210Z info: AxiomAudit.lean:36:0: 'ASGinzburg.directSumSingleSupportLinearEquiv' depends on axioms: [propext, Classical.choice, Quot.sound]
2026-10-08T06:23:48.0754815Z info: AxiomAudit.lean:37:0: 'ASGinzburg.ZAlgebra.rightRegularCoproduct' depends on axioms: [propext, Classical.choice, Quot.sound]
2026-10-08T06:23:48.0756289Z info: AxiomAudit.lean:38:0: 'ASGinzburg.ZAlgebra.rightRegularCoproductComponentIso' depends on axioms: [propext, Classical.choice, Quot.sound]
2026-10-08T06:23:48.0757729Z info: AxiomAudit.lean:39:0: 'ASGinzburg.ZAlgebra.leftModuleTotalSpace' depends on axioms: [propext, Classical.choice, Quot.sound]
2026-10-08T06:23:48.0759054Z info: AxiomAudit.lean:40:0: 'ASGinzburg.ZAlgebra.leftModuleTotalIso' depends on axioms: [propext, Classical.choice, Quot.sound]
2026-10-08T06:23:48.0760395Z info: AxiomAudit.lean:41:0: 'ASGinzburg.ZAlgebra.ASResolution.extRegularCoproductLinearEquiv' depends on axioms: [propext,
2026-10-08T06:23:48.0761329Z  Classical.choice,
2026-10-08T06:23:48.0761727Z  Quot.sound]
2026-10-08T06:23:48.0762830Z info: AxiomAudit.lean:42:0: 'ASGinzburg.ZAlgebra.leftModuleTotalSpace_eq_zero_of_isZero' depends on axioms: [propext, Classical.choice, Quot.sound]
2026-10-08T06:23:48.0764335Z info: AxiomAudit.lean:43:0: 'ASGinzburg.ZAlgebra.simpleLeftModuleTotalEquiv' depends on axioms: [propext, Classical.choice, Quot.sound]
2026-10-08T06:23:48.0765722Z info: AxiomAudit.lean:44:0: 'ASGinzburg.ZAlgebra.ASRegular.extRegularCoproduct_off_three_eq_zero' depends on axioms: [propext,
2026-10-08T06:23:48.0766637Z  Classical.choice,
2026-10-08T06:23:48.0767036Z  Quot.sound]
2026-10-08T06:23:48.0767979Z info: AxiomAudit.lean:45:0: 'ASGinzburg.ZAlgebra.ASRegular.extRegularCoproductThreeEquiv' depends on axioms: [propext, Classical.choice, Quot.sound]
2026-10-08T06:23:48.0769450Z info: AxiomAudit.lean:46:0: 'ASGinzburg.ZAlgebra.ASRegular.extRegularCoproductThree_finrank' depends on axioms: [propext,
2026-10-08T06:23:48.0770356Z  Classical.choice,
2026-10-08T06:23:48.0770744Z  Quot.sound]
2026-10-08T06:23:48.0771586Z info: AxiomAudit.lean:47:0: 'ASGinzburg.ZAlgebra.ASRegular.extRegularCoproductThreeScalarEquiv' depends on axioms: [propext,
2026-10-08T06:23:48.0773091Z  Classical.choice,
2026-10-08T06:23:48.0773894Z  Quot.sound]
2026-10-08T06:23:48.0775265Z info: AxiomAudit.lean:48:0: 'ASGinzburg.ZAlgebra.ASRegular.extRegularCoproductFinite' depends on axioms: [propext, Classical.choice, Quot.sound]
2026-10-08T06:23:48.0777303Z info: AxiomAudit.lean:49:0: 'ASGinzburg.ZAlgebra.ASRegular.extRegularCoproduct_finrank' depends on axioms: [propext, Classical.choice, Quot.sound]
2026-10-08T06:23:48.0779216Z info: AxiomAudit.lean:50:0: 'ASGinzburg.ZAlgebra.asExtTotalRank' depends on axioms: [propext, Classical.choice, Quot.sound]
2026-10-08T06:23:48.0780880Z info: AxiomAudit.lean:51:0: 'ASGinzburg.ZAlgebra.ASRegular' depends on axioms: [propext, Classical.choice, Quot.sound]
2026-10-08T06:23:48.0782837Z info: AxiomAudit.lean:52:0: 'ASGinzburg.ZAlgebra.ASRegular.resolution' depends on axioms: [propext, Classical.choice, Quot.sound]
2026-10-08T06:23:48.0784735Z info: AxiomAudit.lean:53:0: 'ASGinzburg.ZAlgebra.ASRegular.projectiveResolution' depends on axioms: [propext, Classical.choice, Quot.sound]
2026-10-08T06:23:48.0786619Z info: AxiomAudit.lean:54:0: 'ASGinzburg.ZAlgebra.ASRegular.projectiveResolution_isZero_ge_four' depends on axioms: [propext,
2026-10-08T06:23:48.0787815Z  Classical.choice,
2026-10-08T06:23:48.0788319Z  Quot.sound]
2026-10-08T06:23:48.0789330Z info: AxiomAudit.lean:55:0: 'ASGinzburg.ZAlgebra.asExtRank_le_total' depends on axioms: [propext, Classical.choice, Quot.sound]
2026-10-08T06:23:48.0790937Z info: AxiomAudit.lean:56:0: 'ASGinzburg.ZAlgebra.ASRegular.extRank_le_one' depends on axioms: [propext, Classical.choice, Quot.sound]
2026-10-08T06:23:48.0792830Z info: AxiomAudit.lean:57:0: 'ASGinzburg.ZAlgebra.ASRegular.extFinite' depends on axioms: [propext, Classical.choice, Quot.sound]
2026-10-08T06:23:48.0794579Z info: AxiomAudit.lean:58:0: 'ASGinzburg.ZAlgebra.ASRegular.extFinrank_le_one' depends on axioms: [propext, Classical.choice, Quot.sound]
2026-10-08T06:23:48.0796305Z info: AxiomAudit.lean:59:0: 'ASGinzburg.ZAlgebra.asExtRank_zero_iff' depends on axioms: [propext, Classical.choice, Quot.sound]
2026-10-08T06:23:48.0798064Z info: AxiomAudit.lean:60:0: 'ASGinzburg.CutQuiver.incomingArrows' does not depend on any axioms
2026-10-08T06:23:48.0799484Z info: AxiomAudit.lean:61:0: 'ASGinzburg.CutQuiver.outgoingArrows' does not depend on any axioms
2026-10-08T06:23:48.0801157Z info: AxiomAudit.lean:62:0: 'ASGinzburg.CutQuiver.incomingArrowsFintype' depends on axioms: [propext, Classical.choice, Quot.sound]
2026-10-08T06:23:48.0803391Z info: AxiomAudit.lean:63:0: 'ASGinzburg.CutQuiver.outgoingArrowsFintype' depends on axioms: [propext, Classical.choice, Quot.sound]
2026-10-08T06:23:48.0805114Z info: AxiomAudit.lean:64:0: 'ASGinzburg.CutQuiver.incomingSource' does not depend on any axioms
2026-10-08T06:23:48.0806591Z info: AxiomAudit.lean:65:0: 'ASGinzburg.CutQuiver.outgoingTarget' does not depend on any axioms
2026-10-08T06:23:48.0808066Z info: AxiomAudit.lean:66:0: 'ASGinzburg.CutQuiver.incoming_liftedTarget' depends on axioms: [propext]
2026-10-08T06:23:48.0809579Z info: AxiomAudit.lean:67:0: 'ASGinzburg.CutQuiver.outgoing_liftedSource' does not depend on any axioms
2026-10-08T06:23:48.0811102Z info: AxiomAudit.lean:68:0: 'ASGinzburg.CutQuiver.incomingSource_height_lt' depends on axioms: [propext, Classical.choice, Quot.sound]
2026-10-08T06:23:48.0812744Z info: AxiomAudit.lean:69:0: 'ASGinzburg.CutQuiver.outgoingTarget_height_gt' depends on axioms: [propext, Classical.choice, Quot.sound]
2026-10-08T06:23:48.0814171Z info: AxiomAudit.lean:70:0: 'ASGinzburg.ZAlgebra.rightModule_coproduct_projective' depends on axioms: [propext, Classical.choice, Quot.sound]
2026-10-08T06:23:48.0815875Z info: AxiomAudit.lean:71:0: 'ASGinzburg.ZAlgebra.asResolutionTerm₁' depends on axioms: [propext, Classical.choice, Quot.sound]
2026-10-08T06:23:48.0817315Z info: AxiomAudit.lean:72:0: 'ASGinzburg.ZAlgebra.asResolutionTerm₂' depends on axioms: [propext, Classical.choice, Quot.sound]
2026-10-08T06:23:48.0818799Z info: AxiomAudit.lean:73:0: 'ASGinzburg.ZAlgebra.asResolutionTerm₁Projective' depends on axioms: [propext, Classical.choice, Quot.sound]
2026-10-08T06:23:48.0820646Z info: AxiomAudit.lean:74:0: 'ASGinzburg.ZAlgebra.asResolutionTerm₂Projective' depends on axioms: [propext, Classical.choice, Quot.sound]
2026-10-08T06:23:48.0821960Z info: AxiomAudit.lean:75:0: 'ASGinzburg.ZAlgebra.ASResolution' depends on axioms: [propext, Classical.choice, Quot.sound]
2026-10-08T06:23:48.0823632Z info: AxiomAudit.lean:76:0: 'ASGinzburg.ZAlgebra.ASResolution.hom_d₁_simple_zero' depends on axioms: [propext, Classical.choice, Quot.sound]
2026-10-08T06:23:48.0825159Z info: AxiomAudit.lean:77:0: 'ASGinzburg.ZAlgebra.ASResolution.hom_d₂_simple_zero' depends on axioms: [propext, Classical.choice, Quot.sound]
2026-10-08T06:23:48.0826677Z info: AxiomAudit.lean:78:0: 'ASGinzburg.ZAlgebra.ASResolution.hom_d₃_simple_zero' depends on axioms: [propext, Classical.choice, Quot.sound]
2026-10-08T06:23:48.0828049Z info: AxiomAudit.lean:79:0: 'ASGinzburg.ZAlgebra.ASResolution.complexTerm' depends on axioms: [propext, Classical.choice, Quot.sound]
2026-10-08T06:23:48.0829496Z info: AxiomAudit.lean:80:0: 'ASGinzburg.ZAlgebra.ASResolution.complexDifferential' depends on axioms: [propext, Classical.choice, Quot.sound]
2026-10-08T06:23:48.0830978Z info: AxiomAudit.lean:81:0: 'ASGinzburg.ZAlgebra.ASResolution.complexDifferential_sq' depends on axioms: [propext, Classical.choice, Quot.sound]
2026-10-08T06:23:48.0832568Z info: AxiomAudit.lean:82:0: 'ASGinzburg.ZAlgebra.ASResolution.complex' depends on axioms: [propext, Classical.choice, Quot.sound]
2026-10-08T06:23:48.0833994Z info: AxiomAudit.lean:83:0: 'ASGinzburg.ZAlgebra.ASResolution.complexTermProjective' depends on axioms: [propext, Classical.choice, Quot.sound]
2026-10-08T06:23:48.0835540Z info: AxiomAudit.lean:84:0: 'ASGinzburg.ZAlgebra.ASResolution.complex_exactAt_succ' depends on axioms: [propext, Classical.choice, Quot.sound]
2026-10-08T06:23:48.0836961Z info: AxiomAudit.lean:85:0: 'ASGinzburg.ZAlgebra.ASResolution.augmentation' depends on axioms: [propext, Classical.choice, Quot.sound]
2026-10-08T06:23:48.0838720Z info: AxiomAudit.lean:86:0: 'ASGinzburg.ZAlgebra.ASResolution.augmentationQuasiIso' depends on axioms: [propext, Classical.choice, Quot.sound]
2026-10-08T06:23:48.0840269Z info: AxiomAudit.lean:87:0: 'ASGinzburg.ZAlgebra.ASResolution.toProjectiveResolution' depends on axioms: [propext, Classical.choice, Quot.sound]
2026-10-08T06:23:48.0841771Z info: AxiomAudit.lean:88:0: 'ASGinzburg.ZAlgebra.ASResolution.complex_isZero_ge_four' depends on axioms: [propext, Classical.choice, Quot.sound]
2026-10-08T06:23:48.0843410Z info: AxiomAudit.lean:89:0: 'ASGinzburg.ZAlgebra.ASResolution.extShiftThree' depends on axioms: [propext, Classical.choice, Quot.sound]
2026-10-08T06:23:48.0844796Z info: AxiomAudit.lean:90:0: 'ASGinzburg.ZAlgebra.ASResolution.ext_ge_four_eq_zero' depends on axioms: [propext, Classical.choice, Quot.sound]
2026-10-08T06:23:48.0846178Z info: AxiomAudit.lean:91:0: 'ASGinzburg.ZAlgebra.ASResolution.ext_ge_four_rank_zero' depends on axioms: [propext, Classical.choice, Quot.sound]
2026-10-08T06:23:48.0847784Z info: AxiomAudit.lean:92:0: 'ASGinzburg.ZAlgebra.rightModuleExtZeroPreservesColimits' depends on axioms: [propext, Classical.choice, Quot.sound]
2026-10-08T06:23:48.0849316Z info: AxiomAudit.lean:93:0: 'ASGinzburg.ZAlgebra.rightModuleExtSuccPreservesColimits' depends on axioms: [propext, Classical.choice, Quot.sound]
2026-10-08T06:23:48.0850778Z info: AxiomAudit.lean:94:0: 'ASGinzburg.ZAlgebra.ASResolution.secondSyzygyHomPreservesColimits' depends on axioms: [propext,
2026-10-08T06:23:48.0851698Z  Classical.choice,
2026-10-08T06:23:48.0852245Z  Quot.sound]
2026-10-08T06:23:48.0853108Z info: AxiomAudit.lean:95:0: 'ASGinzburg.ZAlgebra.ASResolution.firstSyzygyHomPreservesColimits' depends on axioms: [propext,
2026-10-08T06:23:48.0854025Z  Classical.choice,
2026-10-08T06:23:48.0854395Z  Quot.sound]
2026-10-08T06:23:48.0855319Z info: AxiomAudit.lean:96:0: 'ASGinzburg.ZAlgebra.ASResolution.simpleHomPreservesColimits' depends on axioms: [propext, Classical.choice, Quot.sound]
2026-10-08T06:23:48.0856839Z info: AxiomAudit.lean:97:0: 'ASGinzburg.ZAlgebra.ASResolution.secondSyzygyExtOnePreservesColimits' depends on axioms: [propext,
2026-10-08T06:23:48.0857993Z  Classical.choice,
2026-10-08T06:23:48.0858366Z  Quot.sound]
2026-10-08T06:23:48.0859203Z info: AxiomAudit.lean:98:0: 'ASGinzburg.ZAlgebra.ASResolution.firstSyzygyExtOnePreservesColimits' depends on axioms: [propext,
2026-10-08T06:23:48.0860139Z  Classical.choice,
2026-10-08T06:23:48.0860503Z  Quot.sound]
2026-10-08T06:23:48.0861297Z info: AxiomAudit.lean:99:0: 'ASGinzburg.ZAlgebra.ASResolution.simpleExtOnePreservesColimits' depends on axioms: [propext,
2026-10-08T06:23:48.0862474Z  Classical.choice,
2026-10-08T06:23:48.0862829Z  Quot.sound]
2026-10-08T06:23:48.0863607Z info: AxiomAudit.lean:100:0: 'ASGinzburg.ZAlgebra.ASResolution.simpleExtTwoPreservesColimits' depends on axioms: [propext,
2026-10-08T06:23:48.0864488Z  Classical.choice,
2026-10-08T06:23:48.0864831Z  Quot.sound]
2026-10-08T06:23:48.0865622Z info: AxiomAudit.lean:101:0: 'ASGinzburg.ZAlgebra.ASResolution.simpleExtThreePreservesColimits' depends on axioms: [propext,
2026-10-08T06:23:48.0866524Z  Classical.choice,
2026-10-08T06:23:48.0866865Z  Quot.sound]
2026-10-08T06:23:48.0867628Z info: AxiomAudit.lean:102:0: 'ASGinzburg.ZAlgebra.ASResolution.simpleHigherExtFunctorIsZero' depends on axioms: [propext,
2026-10-08T06:23:48.0868493Z  Classical.choice,
2026-10-08T06:23:48.0868832Z  Quot.sound]
2026-10-08T06:23:48.0869616Z info: AxiomAudit.lean:103:0: 'ASGinzburg.ZAlgebra.ASResolution.simpleExtPreservesExactColimits' depends on axioms: [propext,
2026-10-08T06:23:48.0870522Z  Classical.choice,
2026-10-08T06:23:48.0870869Z  Quot.sound]
2026-10-08T06:23:48.0871714Z info: AxiomAudit.lean:104:0: 'ASGinzburg.ZAlgebra.ASResolution.simpleExtColimitIso' depends on axioms: [propext, Classical.choice, Quot.sound]
2026-10-08T06:23:48.0873519Z info: AxiomAudit.lean:105:0: 'ASGinzburg.ZAlgebra.ASResolution.simpleExtPreservesCoproducts' depends on axioms: [propext,
2026-10-08T06:23:48.0874748Z  Classical.choice,
2026-10-08T06:23:48.0875532Z  Quot.sound]
2026-10-08T06:23:48.0876710Z info: AxiomAudit.lean:106:0: 'ASGinzburg.ZAlgebra.ASResolution.simpleExtCoproductIso' depends on axioms: [propext, Classical.choice, Quot.sound]
2026-10-08T06:23:48.0878287Z info: AxiomAudit.lean:107:0: 'ASGinzburg.ZAlgebra.ASResolution.simpleExtCoproductIso_inclusion_hom' depends on axioms: [propext,
2026-10-08T06:23:48.0879191Z  Classical.choice,
2026-10-08T06:23:48.0879548Z  Quot.sound]
2026-10-08T06:23:48.0880328Z info: AxiomAudit.lean:108:0: 'ASGinzburg.ZAlgebra.ASResolution.simpleExtDirectSumLinearEquiv' depends on axioms: [propext,
2026-10-08T06:23:48.0881198Z  Classical.choice,
2026-10-08T06:23:48.0881535Z  Quot.sound]
2026-10-08T06:23:48.0882613Z info: AxiomAudit.lean:109:0: 'ASGinzburg.ZAlgebra.ASResolution.simpleExtDirectSumLinearEquiv_postcomp_inclusion' depends on axioms: [propext,
2026-10-08T06:23:48.0883612Z  Classical.choice,
2026-10-08T06:23:48.0883958Z  Quot.sound]
2026-10-08T06:23:48.0884760Z info: AxiomAudit.lean:110:0: 'ASGinzburg.ZAlgebra.rightModuleExtZeroFinite' depends on axioms: [propext, Classical.choice, Quot.sound]
2026-10-08T06:23:48.0886118Z info: AxiomAudit.lean:111:0: 'ASGinzburg.ZAlgebra.rightModuleExtOneFinite' depends on axioms: [propext, Classical.choice, Quot.sound]
2026-10-08T06:23:48.0887518Z info: AxiomAudit.lean:112:0: 'ASGinzburg.ZAlgebra.ASResolution.extFinite_representable' depends on axioms: [propext, Classical.choice, Quot.sound]
2026-10-08T06:23:48.0888944Z info: AxiomAudit.lean:113:0: 'ASGinzburg.ZAlgebra.ASResolution.homDifferential' depends on axioms: [propext, Classical.choice, Quot.sound]
2026-10-08T06:23:48.0890357Z info: AxiomAudit.lean:114:0: 'ASGinzburg.ZAlgebra.ASResolution.homDifferential_sq' depends on axioms: [propext, Classical.choice, Quot.sound]
2026-10-08T06:23:48.0891719Z info: AxiomAudit.lean:115:0: 'ASGinzburg.ZAlgebra.ASResolution.homComplex' depends on axioms: [propext, Classical.choice, Quot.sound]
2026-10-08T06:23:48.0893203Z info: AxiomAudit.lean:116:0: 'ASGinzburg.ZAlgebra.ASResolution.complexDifferential_minimal' depends on axioms: [propext,
2026-10-08T06:23:48.0894274Z  Classical.choice,
2026-10-08T06:23:48.0894623Z  Quot.sound]
2026-10-08T06:23:48.0895353Z info: AxiomAudit.lean:117:0: 'ASGinzburg.ZAlgebra.ASResolution.homDifferential_simple_zero' depends on axioms: [propext,
2026-10-08T06:23:48.0896185Z  Classical.choice,
2026-10-08T06:23:48.0896523Z  Quot.sound]
2026-10-08T06:23:48.0897363Z info: AxiomAudit.lean:118:0: 'ASGinzburg.ZAlgebra.ASResolution.homComplex_simple_d_zero' depends on axioms: [propext, Classical.choice, Quot.sound]
2026-10-08T06:23:48.0898859Z info: AxiomAudit.lean:119:0: 'ASGinzburg.ZAlgebra.ASResolution.homComplex_simple_d_all_zero' depends on axioms: [propext,
2026-10-08T06:23:48.0899682Z  Classical.choice,
2026-10-08T06:23:48.0900022Z  Quot.sound]
2026-10-08T06:23:48.0900755Z info: AxiomAudit.lean:120:0: 'ASGinzburg.ZAlgebra.ASResolution.homComplex_simple_homologyIso' depends on axioms: [propext,
2026-10-08T06:23:48.0901586Z  Classical.choice,
2026-10-08T06:23:48.0901938Z  Quot.sound]
2026-10-08T06:23:48.0902935Z info: AxiomAudit.lean:121:0: 'ASGinzburg.ZAlgebra.rightModule_exact_comp_mono_iff' depends on axioms: [propext, Classical.choice, Quot.sound]
2026-10-08T06:23:48.0904287Z info: AxiomAudit.lean:122:0: 'ASGinzburg.ZAlgebra.ASResolution.firstCover' depends on axioms: [propext, Classical.choice, Quot.sound]
2026-10-08T06:23:48.0905936Z info: AxiomAudit.lean:123:0: 'ASGinzburg.ZAlgebra.ASResolution.firstCover_ι' depends on axioms: [propext, Classical.choice, Quot.sound]
2026-10-08T06:23:48.0907333Z info: AxiomAudit.lean:124:0: 'ASGinzburg.ZAlgebra.ASResolution.firstCoverEpi' depends on axioms: [propext, Classical.choice, Quot.sound]
2026-10-08T06:23:48.0908842Z info: AxiomAudit.lean:125:0: 'ASGinzburg.ZAlgebra.ASResolution.d₂_firstCover' depends on axioms: [propext, Classical.choice, Quot.sound]
2026-10-08T06:23:48.0910382Z info: AxiomAudit.lean:126:0: 'ASGinzburg.ZAlgebra.ASResolution.exact_d₂_firstCover' depends on axioms: [propext, Classical.choice, Quot.sound]
2026-10-08T06:23:48.0911985Z info: AxiomAudit.lean:127:0: 'ASGinzburg.ZAlgebra.ASResolution.secondCover' depends on axioms: [propext, Classical.choice, Quot.sound]
2026-10-08T06:23:48.0914064Z info: AxiomAudit.lean:128:0: 'ASGinzburg.ZAlgebra.ASResolution.secondCover_ι' depends on axioms: [propext, Classical.choice, Quot.sound]
2026-10-08T06:23:48.0915501Z info: AxiomAudit.lean:129:0: 'ASGinzburg.ZAlgebra.ASResolution.secondCoverEpi' depends on axioms: [propext, Classical.choice, Quot.sound]
2026-10-08T06:23:48.0917019Z info: AxiomAudit.lean:130:0: 'ASGinzburg.ZAlgebra.ASResolution.d₃_secondCover' depends on axioms: [propext, Classical.choice, Quot.sound]
2026-10-08T06:23:48.0918535Z info: AxiomAudit.lean:131:0: 'ASGinzburg.ZAlgebra.ASResolution.exact_d₃_secondCover' depends on axioms: [propext, Classical.choice, Quot.sound]
2026-10-08T06:23:48.0920046Z info: AxiomAudit.lean:132:0: 'ASGinzburg.ZAlgebra.ASResolution.shortExact₀' depends on axioms: [propext, Classical.choice, Quot.sound]
2026-10-08T06:23:48.0921550Z info: AxiomAudit.lean:133:0: 'ASGinzburg.ZAlgebra.ASResolution.shortExact₁' depends on axioms: [propext, Classical.choice, Quot.sound]
2026-10-08T06:23:48.0923265Z info: AxiomAudit.lean:134:0: 'ASGinzburg.ZAlgebra.ASResolution.shortExact₂' depends on axioms: [propext, Classical.choice, Quot.sound]
2026-10-08T06:23:48.0924488Z info: AxiomAudit.lean:135:0: 'ASGinzburg.conjugateHom' depends on axioms: [propext, Classical.choice, Quot.sound]
2026-10-08T06:23:48.0925607Z info: AxiomAudit.lean:136:0: 'ASGinzburg.conjugateHom_apply' depends on axioms: [propext, Classical.choice, Quot.sound]
2026-10-08T06:23:48.0926728Z info: AxiomAudit.lean:137:0: 'ASGinzburg.conjugateHom_id' depends on axioms: [propext, Classical.choice, Quot.sound]
2026-10-08T06:23:48.0927845Z info: AxiomAudit.lean:138:0: 'ASGinzburg.conjugateHom_comp' depends on axioms: [propext, Classical.choice, Quot.sound]
2026-10-08T06:23:48.0928904Z info: AxiomAudit.lean:139:0: 'ASGinzburg.CyclicWord' depends on axioms: [propext, Quot.sound]
2026-10-08T06:23:48.0930138Z info: AxiomAudit.lean:140:0: 'ASGinzburg.WordPolynomial' depends on axioms: [propext, Classical.choice, Quot.sound]
2026-10-08T06:23:48.0931268Z info: AxiomAudit.lean:141:0: 'ASGinzburg.CyclicPolynomial' depends on axioms: [propext, Classical.choice, Quot.sound]
2026-10-08T06:23:48.0932497Z info: AxiomAudit.lean:142:0: 'ASGinzburg.wordClass' depends on axioms: [propext, Quot.sound]
2026-10-08T06:23:48.0933617Z info: AxiomAudit.lean:143:0: 'ASGinzburg.traceWord' depends on axioms: [propext, Classical.choice, Quot.sound]
2026-10-08T06:23:48.0934854Z info: AxiomAudit.lean:144:0: 'ASGinzburg.wordClass_append_swap' depends on axioms: [propext, Quot.sound]
2026-10-08T06:23:48.0936189Z info: AxiomAudit.lean:145:0: 'ASGinzburg.traceWord_append_swap' depends on axioms: [propext, Classical.choice, Quot.sound]
2026-10-08T06:23:48.0937231Z info: AxiomAudit.lean:146:0: 'ASGinzburg.wordCutDegree' does not depend on any axioms
2026-10-08T06:23:48.0938113Z info: AxiomAudit.lean:147:0: 'ASGinzburg.wordCutDegree_append' depends on axioms: [propext]
2026-10-08T06:23:48.0939056Z info: AxiomAudit.lean:148:0: 'ASGinzburg.unique_cut_split' depends on axioms: [propext, Quot.sound]
2026-10-08T06:23:48.0940089Z info: AxiomAudit.lean:149:0: 'ASGinzburg.reconstructAux' depends on axioms: [propext, Classical.choice, Quot.sound]
2026-10-08T06:23:48.0941246Z info: AxiomAudit.lean:150:0: 'ASGinzburg.reconstructAux_euler' depends on axioms: [propext, Classical.choice, Quot.sound]
2026-10-08T06:23:48.0942588Z info: AxiomAudit.lean:151:0: 'ASGinzburg.cyclicTrace' depends on axioms: [propext, Classical.choice, Quot.sound]
2026-10-08T06:23:48.0943824Z info: AxiomAudit.lean:152:0: 'ASGinzburg.cutReconstruction' depends on axioms: [propext, Classical.choice, Quot.sound]
2026-10-08T06:23:48.0944961Z info: AxiomAudit.lean:153:0: 'ASGinzburg.cut_euler_identity' depends on axioms: [propext, Classical.choice, Quot.sound]
2026-10-08T06:23:48.0945977Z info: AxiomAudit.lean:154:0: 'ASGinzburg.cut_normal_form' depends on axioms: [propext, Quot.sound]
2026-10-08T06:23:48.0947447Z info: AxiomAudit.lean:155:0: 'ASGinzburg.path_word_cutDegree' depends on axioms: [propext]
2026-10-08T06:23:48.0948351Z info: AxiomAudit.lean:156:0: 'ASGinzburg.CutQuiver' does not depend on any axioms
2026-10-08T06:23:48.0949162Z info: AxiomAudit.lean:157:0: 'ASGinzburg.CutQuiver.Arrow' does not depend on any axioms
2026-10-08T06:23:48.0950016Z info: AxiomAudit.lean:158:0: 'ASGinzburg.CutQuiver.Vertex' does not depend on any axioms
2026-10-08T06:23:48.0950988Z info: AxiomAudit.lean:159:0: 'ASGinzburg.CutQuiver.LiftVertex' does not depend on any axioms
2026-10-08T06:23:48.0952361Z info: AxiomAudit.lean:160:0: 'ASGinzburg.CutQuiver.cutDegree' does not depend on any axioms
2026-10-08T06:23:48.0953274Z info: AxiomAudit.lean:161:0: 'ASGinzburg.CutQuiver.winding' does not depend on any axioms
2026-10-08T06:23:48.0954138Z info: AxiomAudit.lean:162:0: 'ASGinzburg.CutQuiver.height' does not depend on any axioms
2026-10-08T06:23:48.0955118Z info: AxiomAudit.lean:163:0: 'ASGinzburg.CutQuiver.periodNeZero' depends on axioms: [propext, Quot.sound]
2026-10-08T06:23:48.0956255Z info: AxiomAudit.lean:164:0: 'ASGinzburg.CutQuiver.heightEquiv' depends on axioms: [propext, Classical.choice, Quot.sound]
2026-10-08T06:23:48.0957483Z info: AxiomAudit.lean:165:0: 'ASGinzburg.CutQuiver.heightEquiv_apply' depends on axioms: [propext, Classical.choice, Quot.sound]
2026-10-08T06:23:48.0958728Z info: AxiomAudit.lean:166:0: 'ASGinzburg.CutQuiver.height_bijective' depends on axioms: [propext, Classical.choice, Quot.sound]
2026-10-08T06:23:48.0959762Z info: AxiomAudit.lean:167:0: 'ASGinzburg.CutQuiver.shift' does not depend on any axioms
2026-10-08T06:23:48.0960633Z info: AxiomAudit.lean:168:0: 'ASGinzburg.CutQuiver.tau' depends on axioms: [propext]
2026-10-08T06:23:48.0961751Z info: AxiomAudit.lean:169:0: 'ASGinzburg.CutQuiver.liftedSource' does not depend on any axioms
2026-10-08T06:23:48.0962883Z info: AxiomAudit.lean:170:0: 'ASGinzburg.CutQuiver.liftedTarget' does not depend on any axioms
2026-10-08T06:23:48.0964088Z info: AxiomAudit.lean:171:0: 'ASGinzburg.CutQuiver.cutDegree_false' depends on axioms: [propext]
2026-10-08T06:23:48.0965023Z info: AxiomAudit.lean:172:0: 'ASGinzburg.CutQuiver.cutDegree_true' depends on axioms: [propext]
2026-10-08T06:23:48.0966077Z info: AxiomAudit.lean:173:0: 'ASGinzburg.CutQuiver.winding_pos' depends on axioms: [propext, Classical.choice, Quot.sound]
2026-10-08T06:23:48.0967286Z info: AxiomAudit.lean:174:0: 'ASGinzburg.CutQuiver.winding_lt_period' depends on axioms: [propext, Classical.choice, Quot.sound]
2026-10-08T06:23:48.0968350Z info: AxiomAudit.lean:175:0: 'ASGinzburg.CutQuiver.height_shift' depends on axioms: [propext]
2026-10-08T06:23:48.0969319Z info: AxiomAudit.lean:176:0: 'ASGinzburg.CutQuiver.height_tau' depends on axioms: [propext, Quot.sound]
2026-10-08T06:23:48.0970399Z info: AxiomAudit.lean:177:0: 'ASGinzburg.CutQuiver.lifted_height_difference' depends on axioms: [propext, Quot.sound]
2026-10-08T06:23:48.0971943Z info: AxiomAudit.lean:178:0: 'ASGinzburg.CutQuiver.lifted_arrow_increases_height' depends on axioms: [propext, Classical.choice, Quot.sound]
2026-10-08T06:23:48.0973892Z info: AxiomAudit.lean:179:0: 'ASGinzburg.CutQuiver.intermediate_in_interval' depends on axioms: [propext, Classical.choice, Quot.sound]
2026-10-08T06:23:48.0975197Z info: AxiomAudit.lean:180:0: 'ASGinzburg.CutQuiver.Path' does not depend on any axioms
2026-10-08T06:23:48.0976155Z info: AxiomAudit.lean:181:0: 'ASGinzburg.CutQuiver.Path.length' does not depend on any axioms
2026-10-08T06:23:48.0977150Z info: AxiomAudit.lean:182:0: 'ASGinzburg.CutQuiver.Path.cutDegree' does not depend on any axioms
2026-10-08T06:23:48.0978152Z info: AxiomAudit.lean:183:0: 'ASGinzburg.CutQuiver.Path.winding' does not depend on any axioms
2026-10-08T06:23:48.0979140Z info: AxiomAudit.lean:184:0: 'ASGinzburg.CutQuiver.Path.toList' does not depend on any axioms
2026-10-08T06:23:48.0980153Z info: AxiomAudit.lean:185:0: 'ASGinzburg.CutQuiver.Path.length_toList' depends on axioms: [propext]
2026-10-08T06:23:48.0981662Z info: AxiomAudit.lean:186:0: 'ASGinzburg.CutQuiver.Path.winding_eq' depends on axioms: [propext, Classical.choice, Quot.sound]
2026-10-08T06:23:48.0983515Z info: AxiomAudit.lean:187:0: 'ASGinzburg.CutQuiver.Path.winding_nonneg' depends on axioms: [propext, Classical.choice, Quot.sound]
2026-10-08T06:23:48.0985220Z info: AxiomAudit.lean:188:0: 'ASGinzburg.CutQuiver.Path.winding_pos_of_length_pos' depends on axioms: [propext, Classical.choice, Quot.sound]
2026-10-08T06:23:48.0986933Z info: AxiomAudit.lean:189:0: 'ASGinzburg.CutQuiver.Path.zero_cut_increases_vertex' depends on axioms: [propext, Classical.choice, Quot.sound]
2026-10-08T06:23:48.0988747Z info: AxiomAudit.lean:190:0: 'ASGinzburg.CutQuiver.Path.zero_cut_has_no_nonempty_cycle' depends on axioms: [propext, Classical.choice, Quot.sound]
2026-10-08T06:23:48.0990379Z info: AxiomAudit.lean:191:0: 'ASGinzburg.CutQuiver.Path.cut_one_cycle_winding' depends on axioms: [propext, Classical.choice, Quot.sound]
2026-10-08T06:23:48.0992030Z info: AxiomAudit.lean:192:0: 'ASGinzburg.derivativeAux' depends on axioms: [propext, Classical.choice, Quot.sound]
2026-10-08T06:23:48.0993633Z info: AxiomAudit.lean:193:0: 'ASGinzburg.derivativeWord' depends on axioms: [propext, Classical.choice, Quot.sound]
2026-10-08T06:23:48.0995076Z info: AxiomAudit.lean:194:0: 'ASGinzburg.derivativeAux_append' depends on axioms: [propext, Classical.choice, Quot.sound]
2026-10-08T06:23:48.0996620Z info: AxiomAudit.lean:195:0: 'ASGinzburg.derivativeWord_append_swap' depends on axioms: [propext, Classical.choice, Quot.sound]
2026-10-08T06:23:48.0998185Z info: AxiomAudit.lean:196:0: 'ASGinzburg.derivativeWord_rotate' depends on axioms: [propext, Classical.choice, Quot.sound]
2026-10-08T06:23:48.0999691Z info: AxiomAudit.lean:197:0: 'ASGinzburg.derivativeCyclicWord' depends on axioms: [propext, Classical.choice, Quot.sound]
2026-10-08T06:23:48.1001272Z info: AxiomAudit.lean:198:0: 'ASGinzburg.derivativeCyclicWord_mk' depends on axioms: [propext, Classical.choice, Quot.sound]
2026-10-08T06:23:48.1003371Z info: AxiomAudit.lean:199:0: 'ASGinzburg.cyclicDerivative' depends on axioms: [propext, Classical.choice, Quot.sound]
2026-10-08T06:23:48.1004843Z info: AxiomAudit.lean:200:0: 'ASGinzburg.prependTrace' depends on axioms: [propext, Classical.choice, Quot.sound]
2026-10-08T06:23:48.1006312Z info: AxiomAudit.lean:201:0: 'ASGinzburg.prependTrace_single' depends on axioms: [propext, Classical.choice, Quot.sound]
2026-10-08T06:23:48.1007811Z info: AxiomAudit.lean:202:0: 'ASGinzburg.cyclicDerivative_traceWord' depends on axioms: [propext, Classical.choice, Quot.sound]
2026-10-08T06:23:48.1009320Z info: AxiomAudit.lean:203:0: 'ASGinzburg.derivativeAux_reconstruction' depends on axioms: [propext, Classical.choice, Quot.sound]
2026-10-08T06:23:48.1010939Z info: AxiomAudit.lean:204:0: 'ASGinzburg.cyclicCutReconstruction' depends on axioms: [propext, Classical.choice, Quot.sound]
2026-10-08T06:23:48.1012413Z info: AxiomAudit.lean:205:0: 'ASGinzburg.ite_linearMap_apply' depends on axioms: [propext]
2026-10-08T06:23:48.1013858Z info: AxiomAudit.lean:206:0: 'ASGinzburg.cyclicCutReconstruction_traceWord' depends on axioms: [propext, Classical.choice, Quot.sound]
2026-10-08T06:23:48.1015526Z info: AxiomAudit.lean:207:0: 'ASGinzburg.cyclicCutReconstruction_comp_trace' depends on axioms: [propext, Classical.choice, Quot.sound]
2026-10-08T06:23:48.1017185Z info: AxiomAudit.lean:208:0: 'ASGinzburg.cut_cyclic_derivative_identity' depends on axioms: [propext, Classical.choice, Quot.sound]
2026-10-08T06:23:48.1018587Z info: AxiomAudit.lean:209:0: 'ASGinzburg.totalDimension' depends on axioms: [propext, Quot.sound]
2026-10-08T06:23:48.1019971Z info: AxiomAudit.lean:210:0: 'ASGinzburg.dimension_table_eq_single' depends on axioms: [propext, Classical.choice, Quot.sound]
2026-10-08T06:23:48.1021516Z info: AxiomAudit.lean:211:0: 'ASGinzburg.total_dimension_single' depends on axioms: [propext, Classical.choice, Quot.sound]
2026-10-08T06:23:48.1023447Z info: AxiomAudit.lean:212:0: 'ASGinzburg.total_one_iff_single' depends on axioms: [propext, Classical.choice, Quot.sound]
2026-10-08T06:23:48.1024939Z info: AxiomAudit.lean:213:0: 'ASGinzburg.ext_dimension_delta' depends on axioms: [propext, Classical.choice, Quot.sound]
2026-10-08T06:23:48.1026506Z info: AxiomAudit.lean:214:0: 'ASGinzburg.ZAlgebra.rightModuleHomDiagram' depends on axioms: [propext, Classical.choice, Quot.sound]
2026-10-08T06:23:48.1028216Z info: AxiomAudit.lean:215:0: 'ASGinzburg.ZAlgebra.rightModuleCoproductHomLimitComponentIso' depends on axioms: [propext,
2026-10-08T06:23:48.1029326Z  Classical.choice,
2026-10-08T06:23:48.1029754Z  Quot.sound]
2026-10-08T06:23:48.1031154Z info: AxiomAudit.lean:216:0: 'ASGinzburg.ZAlgebra.rightModuleCoproductHomLimitComponentIso_hom_π' depends on axioms: [propext,
2026-10-08T06:23:48.1032518Z  Classical.choice,
2026-10-08T06:23:48.1032952Z  Quot.sound]
2026-10-08T06:23:48.1034013Z info: AxiomAudit.lean:217:0: 'ASGinzburg.ZAlgebra.rightModuleCoproductHomLimitIso' depends on axioms: [propext, Classical.choice, Quot.sound]
2026-10-08T06:23:48.1035986Z info: AxiomAudit.lean:218:0: 'ASGinzburg.ZAlgebra.finiteLimitFunctorPreservesColimitsOfShape' depends on axioms: [propext,
2026-10-08T06:23:48.1037179Z  Classical.choice,
2026-10-08T06:23:48.1037603Z  Quot.sound]
2026-10-08T06:23:48.1038620Z info: AxiomAudit.lean:219:0: 'ASGinzburg.ZAlgebra.rightModuleHomDiagramPreservesColimitsOfShape' depends on axioms: [propext,
2026-10-08T06:23:48.1039786Z  Classical.choice,
2026-10-08T06:23:48.1040200Z  Quot.sound]
2026-10-08T06:23:48.1041163Z info: AxiomAudit.lean:220:0: 'ASGinzburg.ZAlgebra.finiteCoproductHomPreservesColimitsOfShape' depends on axioms: [propext,
2026-10-08T06:23:48.1042539Z  Classical.choice,
2026-10-08T06:23:48.1042960Z  Quot.sound]
2026-10-08T06:23:48.1044085Z info: AxiomAudit.lean:221:0: 'ASGinzburg.ZAlgebra.finiteRepresentableCoproductHomPreservesColimitsOfShape' depends on axioms: [propext,
2026-10-08T06:23:48.1045346Z  Classical.choice,
2026-10-08T06:23:48.1045872Z  Quot.sound]
2026-10-08T06:23:48.1047140Z info: AxiomAudit.lean:222:0: 'ASGinzburg.ZAlgebra.asResolutionTerm₁HomPreservesColimitsOfShape' depends on axioms: [propext,
2026-10-08T06:23:48.1048488Z  Classical.choice,
2026-10-08T06:23:48.1048921Z  Quot.sound]
2026-10-08T06:23:48.1050084Z info: AxiomAudit.lean:223:0: 'ASGinzburg.ZAlgebra.asResolutionTerm₂HomPreservesColimitsOfShape' depends on axioms: [propext,
2026-10-08T06:23:48.1051180Z  Classical.choice,
2026-10-08T06:23:48.1051599Z  Quot.sound]
2026-10-08T06:23:48.1052799Z info: AxiomAudit.lean:224:0: 'ASGinzburg.ZAlgebra.finiteRepresentableCoproductHomColimitIso' depends on axioms: [propext,
2026-10-08T06:23:48.1054059Z  Classical.choice,
2026-10-08T06:23:48.1054535Z  Quot.sound]
2026-10-08T06:23:48.1055698Z info: AxiomAudit.lean:225:0: 'ASGinzburg.ZAlgebra.finiteRepresentableCoproductExtZeroPreservesColimitsOfShape' depends on axioms: [propext,
2026-10-08T06:23:48.1057211Z  Classical.choice,
2026-10-08T06:23:48.1108683Z  Quot.sound]
2026-10-08T06:23:48.1109755Z info: AxiomAudit.lean:226:0: 'ASGinzburg.CutQuiver.GinzburgArrow' does not depend on any axioms
2026-10-08T06:23:48.1111115Z info: AxiomAudit.lean:227:0: 'ASGinzburg.CutQuiver.GinzburgArrow.source' does not depend on any axioms
2026-10-08T06:23:48.1112689Z info: AxiomAudit.lean:228:0: 'ASGinzburg.CutQuiver.GinzburgArrow.target' does not depend on any axioms
2026-10-08T06:23:48.1114205Z info: AxiomAudit.lean:229:0: 'ASGinzburg.CutQuiver.GinzburgArrow.cohomologicalDegree' does not depend on any axioms
2026-10-08T06:23:48.1115678Z info: AxiomAudit.lean:230:0: 'ASGinzburg.CutQuiver.GinzburgArrow.cutDegree' does not depend on any axioms
2026-10-08T06:23:48.1117047Z info: AxiomAudit.lean:231:0: 'ASGinzburg.CutQuiver.GinzburgArrow.winding' does not depend on any axioms
2026-10-08T06:23:48.1118618Z info: AxiomAudit.lean:232:0: 'ASGinzburg.CutQuiver.GinzburgArrow.winding_pos' depends on axioms: [propext, Classical.choice, Quot.sound]
2026-10-08T06:23:48.1120375Z info: AxiomAudit.lean:233:0: 'ASGinzburg.CutQuiver.GinzburgArrow.winding_formula' depends on axioms: [propext, Quot.sound]
2026-10-08T06:23:48.1122602Z info: AxiomAudit.lean:234:0: 'ASGinzburg.CutQuiver.GinzburgArrow.original_dual_winding_sum' depends on axioms: [propext]
2026-10-08T06:23:48.1124215Z info: AxiomAudit.lean:235:0: 'ASGinzburg.CutQuiver.GinzburgArrow.original_dual_cut_sum' depends on axioms: [propext]
2026-10-08T06:23:48.1125876Z info: AxiomAudit.lean:236:0: 'ASGinzburg.CutQuiver.GinzburgArrow.loop_differential_cohomological_degree' does not depend on any axioms
2026-10-08T06:23:48.1127494Z info: AxiomAudit.lean:237:0: 'ASGinzburg.positive_recurrence_unique' depends on axioms: [propext, Quot.sound]
2026-10-08T06:23:48.1128790Z info: AxiomAudit.lean:238:0: 'ASGinzburg.quadraticHilbert' does not depend on any axioms
2026-10-08T06:23:48.1130038Z info: AxiomAudit.lean:239:0: 'ASGinzburg.quadraticHilbert_closed' depends on axioms: [propext, Quot.sound]
2026-10-08T06:23:48.1131320Z info: AxiomAudit.lean:240:0: 'ASGinzburg.quadraticHilbert_double' depends on axioms: [propext]
2026-10-08T06:23:48.1132953Z info: AxiomAudit.lean:241:0: 'ASGinzburg.quadraticHilbert_third_difference' depends on axioms: [propext, Classical.choice, Quot.sound]
2026-10-08T06:23:48.1134608Z info: AxiomAudit.lean:242:0: 'ASGinzburg.quadraticHilbert_unique' depends on axioms: [propext, Classical.choice, Quot.sound]
2026-10-08T06:23:48.1136352Z info: AxiomAudit.lean:243:0: 'ASGinzburg.quadraticHilbert_polynomial_bound' depends on axioms: [propext, Classical.choice, Quot.sound]
2026-10-08T06:23:48.1138003Z info: AxiomAudit.lean:244:0: 'ASGinzburg.colimitLimitExchangeIso' depends on axioms: [propext, Classical.choice, Quot.sound]
2026-10-08T06:23:48.1140107Z info: AxiomAudit.lean:245:0: 'ASGinzburg.ι_colimitLimitExchangeIso_π' depends on axioms: [propext, Classical.choice, Quot.sound]
2026-10-08T06:23:48.1141858Z info: AxiomAudit.lean:246:0: 'ASGinzburg.limitPreservesColimitsOfExactShape' depends on axioms: [propext, Classical.choice, Quot.sound]
2026-10-08T06:23:48.1143898Z info: AxiomAudit.lean:247:0: 'ASGinzburg.parallelPairDiagramPreservesColimits' depends on axioms: [propext, Classical.choice, Quot.sound]
2026-10-08T06:23:48.1146065Z info: AxiomAudit.lean:248:0: 'ASGinzburg.kernelFunctorPreservesExactColimits' depends on axioms: [propext, Classical.choice, Quot.sound]
2026-10-08T06:23:48.1147885Z info: AxiomAudit.lean:249:0: 'ASGinzburg.cokernelFunctorPreservesColimits' depends on axioms: [propext, Classical.choice, Quot.sound]
2026-10-08T06:23:48.1149582Z info: AxiomAudit.lean:250:0: 'ASGinzburg.moduleCatExactCoproducts' depends on axioms: [propext, Classical.choice, Quot.sound]
2026-10-08T06:23:48.1151299Z info: AxiomAudit.lean:251:0: 'ASGinzburg.ZAlgebra.leftRepresentableFunctor' depends on axioms: [propext, Classical.choice, Quot.sound]
2026-10-08T06:23:48.1153384Z info: AxiomAudit.lean:252:0: 'ASGinzburg.ZAlgebra.leftRepresentableFunctorAdditive' depends on axioms: [propext, Classical.choice, Quot.sound]
2026-10-08T06:23:48.1155323Z info: AxiomAudit.lean:253:0: 'ASGinzburg.ZAlgebra.leftRepresentableFunctorLinear' depends on axioms: [propext, Classical.choice, Quot.sound]
2026-10-08T06:23:48.1157383Z info: AxiomAudit.lean:254:0: 'ASGinzburg.ZAlgebra.leftModuleCoyonedaLinear' depends on axioms: [propext, Classical.choice, Quot.sound]
2026-10-08T06:23:48.1159099Z info: AxiomAudit.lean:255:0: 'ASGinzburg.ZAlgebra.leftModuleADual' depends on axioms: [propext, Classical.choice, Quot.sound]
2026-10-08T06:23:48.1160746Z info: AxiomAudit.lean:256:0: 'ASGinzburg.ZAlgebra.leftModuleADual_obj' depends on axioms: [propext, Classical.choice, Quot.sound]
2026-10-08T06:23:48.1162593Z info: AxiomAudit.lean:257:0: 'ASGinzburg.ZAlgebra.leftModuleADualMap' depends on axioms: [propext, Classical.choice, Quot.sound]
2026-10-08T06:23:48.1164335Z info: AxiomAudit.lean:258:0: 'ASGinzburg.ZAlgebra.leftModuleADualFunctor' depends on axioms: [propext, Classical.choice, Quot.sound]
2026-10-08T06:23:48.1166100Z info: AxiomAudit.lean:259:0: 'ASGinzburg.ZAlgebra.leftRepresentableADualIso' depends on axioms: [propext, Classical.choice, Quot.sound]
2026-10-08T06:23:48.1168152Z info: AxiomAudit.lean:260:0: 'ASGinzburg.ZAlgebra.representableBidualIso' depends on axioms: [propext, Classical.choice, Quot.sound]
2026-10-08T06:23:48.1169945Z info: AxiomAudit.lean:261:0: 'ASGinzburg.ZAlgebra.leftRepresentableBidualIso' depends on axioms: [propext, Classical.choice, Quot.sound]
2026-10-08T06:23:48.1171823Z info: AxiomAudit.lean:262:0: 'ASGinzburg.ZAlgebra.leftModuleProperty_closedUnderLimits' depends on axioms: [propext, Classical.choice, Quot.sound]
2026-10-08T06:23:48.1173945Z info: AxiomAudit.lean:263:0: 'ASGinzburg.ZAlgebra.leftModuleProperty_closedUnderColimits' depends on axioms: [propext, Classical.choice, Quot.sound]
2026-10-08T06:23:48.1175860Z info: AxiomAudit.lean:264:0: 'ASGinzburg.ZAlgebra.leftModuleHasLimitsOfShape' depends on axioms: [propext, Classical.choice, Quot.sound]
2026-10-08T06:23:48.1177692Z info: AxiomAudit.lean:265:0: 'ASGinzburg.ZAlgebra.leftModuleHasColimitsOfShape' depends on axioms: [propext, Classical.choice, Quot.sound]
2026-10-08T06:23:48.1179654Z info: AxiomAudit.lean:266:0: 'ASGinzburg.ZAlgebra.leftModuleInclusionCreatesLimitsOfShape' depends on axioms: [propext, Classical.choice, Quot.sound]
2026-10-08T06:23:48.1181628Z info: AxiomAudit.lean:267:0: 'ASGinzburg.ZAlgebra.leftModuleInclusionCreatesColimitsOfShape' depends on axioms: [propext,
2026-10-08T06:23:48.1182958Z  Classical.choice,
2026-10-08T06:23:48.1183387Z  Quot.sound]
2026-10-08T06:23:48.1184417Z info: AxiomAudit.lean:268:0: 'ASGinzburg.ZAlgebra.leftModuleHasFiniteProducts' depends on axioms: [propext, Classical.choice, Quot.sound]
2026-10-08T06:23:48.1186346Z info: AxiomAudit.lean:269:0: 'ASGinzburg.ZAlgebra.leftModuleCoimageImageComparisonIsIso' depends on axioms: [propext, Classical.choice, Quot.sound]
2026-10-08T06:23:48.1188165Z info: AxiomAudit.lean:270:0: 'ASGinzburg.ZAlgebra.leftModuleAbelian' depends on axioms: [propext, Classical.choice, Quot.sound]
2026-10-08T06:23:48.1189845Z info: AxiomAudit.lean:271:0: 'ASGinzburg.ZAlgebra.leftModuleInclusionPreservesFiniteLimits' depends on axioms: [propext,
2026-10-08T06:23:48.1191238Z  Classical.choice,
2026-10-08T06:23:48.1191710Z  Quot.sound]
2026-10-08T06:23:48.1192926Z info: AxiomAudit.lean:272:0: 'ASGinzburg.ZAlgebra.leftModuleInclusionPreservesFiniteColimits' depends on axioms: [propext,
2026-10-08T06:23:48.1194087Z  Classical.choice,
2026-10-08T06:23:48.1194538Z  Quot.sound]
2026-10-08T06:23:48.1195536Z info: AxiomAudit.lean:273:0: 'ASGinzburg.ZAlgebra.leftModuleGenerators' depends on axioms: [propext, Classical.choice, Quot.sound]
2026-10-08T06:23:48.1197189Z info: AxiomAudit.lean:274:0: 'ASGinzburg.ZAlgebra.freeLeftModule' depends on axioms: [propext, Classical.choice, Quot.sound]
2026-10-08T06:23:48.1199193Z info: AxiomAudit.lean:275:0: 'ASGinzburg.ZAlgebra.freeLeftModuleπ' depends on axioms: [propext, Classical.choice, Quot.sound]
2026-10-08T06:23:48.1200949Z info: AxiomAudit.lean:276:0: 'ASGinzburg.ZAlgebra.freeLeftModuleProjective' depends on axioms: [propext, Classical.choice, Quot.sound]
2026-10-08T06:23:48.1203080Z info: AxiomAudit.lean:277:0: 'ASGinzburg.ZAlgebra.freeLeftModuleπEpi' depends on axioms: [propext, Classical.choice, Quot.sound]
2026-10-08T06:23:48.1204894Z info: AxiomAudit.lean:278:0: 'ASGinzburg.ZAlgebra.leftModuleEnoughProjectives' depends on axioms: [propext, Classical.choice, Quot.sound]
2026-10-08T06:23:48.1206788Z info: AxiomAudit.lean:279:0: 'ASGinzburg.ZAlgebra.leftModuleProjectiveResolution' depends on axioms: [propext, Classical.choice, Quot.sound]
2026-10-08T06:23:48.1208591Z info: AxiomAudit.lean:280:0: 'ASGinzburg.ZAlgebra.leftModuleProjectiveResolution_exactAt_succ' depends on axioms: [propext,
2026-10-08T06:23:48.1209717Z  Classical.choice,
2026-10-08T06:23:48.1210177Z  Quot.sound]
2026-10-08T06:23:48.1211146Z info: AxiomAudit.lean:281:0: 'ASGinzburg.ZAlgebra.leftModuleHasExt' depends on axioms: [propext, Classical.choice, Quot.sound]
2026-10-08T06:23:48.1213046Z info: AxiomAudit.lean:282:0: 'ASGinzburg.ZAlgebra.leftRepresentableExtZeroEquiv' depends on axioms: [propext, Classical.choice, Quot.sound]
2026-10-08T06:23:48.1215496Z info: AxiomAudit.lean:283:0: 'ASGinzburg.ZAlgebra.leftRepresentable_higher_ext_eq_zero' depends on axioms: [propext, Classical.choice, Quot.sound]
2026-10-08T06:23:48.1217348Z info: AxiomAudit.lean:284:0: 'ASGinzburg.ZAlgebra.leftModuleEvaluation' depends on axioms: [propext, Classical.choice, Quot.sound]
2026-10-08T06:23:48.1219153Z info: AxiomAudit.lean:285:0: 'ASGinzburg.ZAlgebra.leftModuleEvaluationAdditive' depends on axioms: [propext, Classical.choice, Quot.sound]
2026-10-08T06:23:48.1220923Z info: AxiomAudit.lean:286:0: 'ASGinzburg.ZAlgebra.leftModuleEvaluationPreservesFiniteLimits' depends on axioms: [propext,
2026-10-08T06:23:48.1222025Z  Classical.choice,
2026-10-08T06:23:48.1222650Z  Quot.sound]
2026-10-08T06:23:48.1223647Z info: AxiomAudit.lean:287:0: 'ASGinzburg.ZAlgebra.leftModuleEvaluationPreservesFiniteColimits' depends on axioms: [propext,
2026-10-08T06:23:48.1224767Z  Classical.choice,
2026-10-08T06:23:48.1225187Z  Quot.sound]
2026-10-08T06:23:48.1226319Z info: AxiomAudit.lean:288:0: 'ASGinzburg.ZAlgebra.leftModuleInclusionPreservesHomology' depends on axioms: [propext, Classical.choice, Quot.sound]
2026-10-08T06:23:48.1228317Z info: AxiomAudit.lean:289:0: 'ASGinzburg.ZAlgebra.leftModuleEvaluationPreservesHomology' depends on axioms: [propext, Classical.choice, Quot.sound]
2026-10-08T06:23:48.1230175Z info: AxiomAudit.lean:290:0: 'ASGinzburg.ZAlgebra.leftModuleKernelObjIso' depends on axioms: [propext, Classical.choice, Quot.sound]
2026-10-08T06:23:48.1231911Z info: AxiomAudit.lean:291:0: 'ASGinzburg.ZAlgebra.leftModuleCokernelObjIso' depends on axioms: [propext, Classical.choice, Quot.sound]
2026-10-08T06:23:48.1233834Z info: AxiomAudit.lean:292:0: 'ASGinzburg.ZAlgebra.leftModuleHomologyObjIso' depends on axioms: [propext, Classical.choice, Quot.sound]
2026-10-08T06:23:48.1235683Z info: AxiomAudit.lean:293:0: 'ASGinzburg.ZAlgebra.leftModule_exact_iff_inclusion' depends on axioms: [propext, Classical.choice, Quot.sound]
2026-10-08T06:23:48.1237712Z info: AxiomAudit.lean:294:0: 'ASGinzburg.ZAlgebra.leftModuleKernelObjIso_inv_ι' depends on axioms: [propext, Classical.choice, Quot.sound]
2026-10-08T06:23:48.1240076Z info: AxiomAudit.lean:295:0: 'ASGinzburg.ZAlgebra.leftModuleCokernelObjIso_π_hom' depends on axioms: [propext, Classical.choice, Quot.sound]
2026-10-08T06:23:48.1241799Z info: AxiomAudit.lean:296:0: 'ASGinzburg.ZAlgebra.leftModule_mono_iff' depends on axioms: [propext, Classical.choice, Quot.sound]
2026-10-08T06:23:48.1243610Z info: AxiomAudit.lean:297:0: 'ASGinzburg.ZAlgebra.leftModule_epi_iff' depends on axioms: [propext, Classical.choice, Quot.sound]
2026-10-08T06:23:48.1245277Z info: AxiomAudit.lean:298:0: 'ASGinzburg.ZAlgebra.leftModule_mono_iff_injective' depends on axioms: [propext, Classical.choice, Quot.sound]
2026-10-08T06:23:48.1247007Z info: AxiomAudit.lean:299:0: 'ASGinzburg.ZAlgebra.leftModule_epi_iff_surjective' depends on axioms: [propext, Classical.choice, Quot.sound]
2026-10-08T06:23:48.1248689Z info: AxiomAudit.lean:300:0: 'ASGinzburg.ZAlgebra.leftModule_exact_iff' depends on axioms: [propext, Classical.choice, Quot.sound]
2026-10-08T06:23:48.1250398Z info: AxiomAudit.lean:301:0: 'ASGinzburg.ZAlgebra.leftModule_exact_iff_range_eq_ker' depends on axioms: [propext, Classical.choice, Quot.sound]
2026-10-08T06:23:48.1252283Z info: AxiomAudit.lean:302:0: 'ASGinzburg.ZAlgebra.leftModule_shortExact_iff' depends on axioms: [propext, Classical.choice, Quot.sound]
2026-10-08T06:23:48.1254088Z info: AxiomAudit.lean:303:0: 'ASGinzburg.ZAlgebra.leftRepresentableToElement' depends on axioms: [propext, Classical.choice, Quot.sound]
2026-10-08T06:23:48.1255967Z info: AxiomAudit.lean:304:0: 'ASGinzburg.ZAlgebra.leftRepresentableYonedaEquiv' depends on axioms: [propext, Classical.choice, Quot.sound]
2026-10-08T06:23:48.1257840Z info: AxiomAudit.lean:305:0: 'ASGinzburg.ZAlgebra.leftRepresentableYonedaEquiv_apply' depends on axioms: [propext, Classical.choice, Quot.sound]
2026-10-08T06:23:48.1259951Z info: AxiomAudit.lean:306:0: 'ASGinzburg.ZAlgebra.leftRepresentableYonedaEquiv_comp' depends on axioms: [propext, Classical.choice, Quot.sound]
2026-10-08T06:23:48.1261858Z info: AxiomAudit.lean:307:0: 'ASGinzburg.ZAlgebra.leftRepresentableYonedaEquiv_symm_app' depends on axioms: [propext, Classical.choice, Quot.sound]
2026-10-08T06:23:48.1263900Z info: AxiomAudit.lean:308:0: 'ASGinzburg.ZAlgebra.leftRepresentableProjective' depends on axioms: [propext, Classical.choice, Quot.sound]
2026-10-08T06:23:48.1265660Z info: AxiomAudit.lean:309:0: 'ASGinzburg.ZAlgebra.leftModuleProperty' depends on axioms: [propext, Classical.choice, Quot.sound]
2026-10-08T06:23:48.1267253Z info: AxiomAudit.lean:310:0: 'ASGinzburg.ZAlgebra.LeftModule' depends on axioms: [propext, Classical.choice, Quot.sound]
2026-10-08T06:23:48.1268904Z info: AxiomAudit.lean:311:0: 'ASGinzburg.ZAlgebra.leftRepresentableLinear' depends on axioms: [propext, Classical.choice, Quot.sound]
2026-10-08T06:23:48.1270661Z info: AxiomAudit.lean:312:0: 'ASGinzburg.ZAlgebra.leftRepresentable' depends on axioms: [propext, Classical.choice, Quot.sound]
2026-10-08T06:23:48.1272650Z info: AxiomAudit.lean:313:0: 'ASGinzburg.ZAlgebra.representableFunctor' depends on axioms: [propext, Classical.choice, Quot.sound]
2026-10-08T06:23:48.1274441Z info: AxiomAudit.lean:314:0: 'ASGinzburg.ZAlgebra.representableFunctorAdditive' depends on axioms: [propext, Classical.choice, Quot.sound]
2026-10-08T06:23:48.1276277Z info: AxiomAudit.lean:315:0: 'ASGinzburg.ZAlgebra.representableFunctorLinear' depends on axioms: [propext, Classical.choice, Quot.sound]
2026-10-08T06:23:48.1278092Z info: AxiomAudit.lean:316:0: 'ASGinzburg.ZAlgebra.rightModuleCoyonedaLinear' depends on axioms: [propext, Classical.choice, Quot.sound]
2026-10-08T06:23:48.1279883Z info: AxiomAudit.lean:317:0: 'ASGinzburg.ZAlgebra.rightModuleADual' depends on axioms: [propext, Classical.choice, Quot.sound]
2026-10-08T06:23:48.1281529Z info: AxiomAudit.lean:318:0: 'ASGinzburg.ZAlgebra.rightModuleADual_obj' depends on axioms: [propext, Classical.choice, Quot.sound]
2026-10-08T06:23:48.1283662Z info: AxiomAudit.lean:319:0: 'ASGinzburg.ZAlgebra.rightModuleADualMap' depends on axioms: [propext, Classical.choice, Quot.sound]
2026-10-08T06:23:48.1285398Z info: AxiomAudit.lean:320:0: 'ASGinzburg.ZAlgebra.rightModuleADualFunctor' depends on axioms: [propext, Classical.choice, Quot.sound]
2026-10-08T06:23:48.1287270Z info: AxiomAudit.lean:321:0: 'ASGinzburg.ZAlgebra.representableADualComponentEquiv' depends on axioms: [propext, Classical.choice, Quot.sound]
2026-10-08T06:23:48.1289159Z info: AxiomAudit.lean:322:0: 'ASGinzburg.ZAlgebra.representableADualIso' depends on axioms: [propext, Classical.choice, Quot.sound]
2026-10-08T06:23:48.1290817Z info: AxiomAudit.lean:323:0: 'ASGinzburg.ZAlgebra.LeftSubmodule' depends on axioms: [propext, Classical.choice, Quot.sound]
2026-10-08T06:23:48.1292627Z info: AxiomAudit.lean:324:0: 'ASGinzburg.ZAlgebra.LeftSubmodule.presheaf' depends on axioms: [propext, Classical.choice, Quot.sound]
2026-10-08T06:23:48.1294444Z info: AxiomAudit.lean:325:0: 'ASGinzburg.ZAlgebra.LeftSubmodule.presheafAdditive' depends on axioms: [propext, Classical.choice, Quot.sound]
2026-10-08T06:23:48.1296251Z info: AxiomAudit.lean:326:0: 'ASGinzburg.ZAlgebra.LeftSubmodule.presheafLinear' depends on axioms: [propext, Classical.choice, Quot.sound]
2026-10-08T06:23:48.1298029Z info: AxiomAudit.lean:327:0: 'ASGinzburg.ZAlgebra.LeftSubmodule.object' depends on axioms: [propext, Classical.choice, Quot.sound]
2026-10-08T06:23:48.1299798Z info: AxiomAudit.lean:328:0: 'ASGinzburg.ZAlgebra.LeftSubmodule.inclusion' depends on axioms: [propext, Classical.choice, Quot.sound]
2026-10-08T06:23:48.1301496Z info: AxiomAudit.lean:329:0: 'ASGinzburg.ZAlgebra.LeftSubmodule.inclusionMono' depends on axioms: [propext, Classical.choice, Quot.sound]
2026-10-08T06:23:48.1303338Z info: AxiomAudit.lean:330:0: 'ASGinzburg.ZAlgebra.LeftSubmodule.quotient' depends on axioms: [propext, Classical.choice, Quot.sound]
2026-10-08T06:23:48.1305421Z info: AxiomAudit.lean:331:0: 'ASGinzburg.ZAlgebra.LeftSubmodule.quotientπ' depends on axioms: [propext, Classical.choice, Quot.sound]
2026-10-08T06:23:48.1307206Z info: AxiomAudit.lean:332:0: 'ASGinzburg.ZAlgebra.LeftSubmodule.quotientπEpi' depends on axioms: [propext, Classical.choice, Quot.sound]
2026-10-08T06:23:48.1308909Z info: AxiomAudit.lean:333:0: 'ASGinzburg.ZAlgebra.LeftSubmodule.quotientShortComplex' depends on axioms: [propext, Classical.choice, Quot.sound]
2026-10-08T06:23:48.1310656Z info: AxiomAudit.lean:334:0: 'ASGinzburg.ZAlgebra.LeftSubmodule.quotientShortExact' depends on axioms: [propext, Classical.choice, Quot.sound]
2026-10-08T06:23:48.1312027Z info: AxiomAudit.lean:335:0: 'ASGinzburg.CutQuiver.Path.comp' does not depend on any axioms
2026-10-08T06:23:48.1313321Z info: AxiomAudit.lean:336:0: 'ASGinzburg.CutQuiver.Path.comp_nil' does not depend on any axioms
2026-10-08T06:23:48.1314461Z info: AxiomAudit.lean:337:0: 'ASGinzburg.CutQuiver.Path.nil_comp' depends on axioms: [propext]
2026-10-08T06:23:48.1315546Z info: AxiomAudit.lean:338:0: 'ASGinzburg.CutQuiver.Path.comp_assoc' depends on axioms: [propext]
2026-10-08T06:23:48.1316708Z info: AxiomAudit.lean:339:0: 'ASGinzburg.CutQuiver.Path.cutDegree_comp' depends on axioms: [propext]
2026-10-08T06:23:48.1317850Z info: AxiomAudit.lean:340:0: 'ASGinzburg.CutQuiver.Path.winding_comp' depends on axioms: [propext]
2026-10-08T06:23:48.1319108Z info: AxiomAudit.lean:341:0: 'ASGinzburg.CutQuiver.PathComponent' depends on axioms: [propext, Classical.choice, Quot.sound]
2026-10-08T06:23:48.1320545Z info: AxiomAudit.lean:342:0: 'ASGinzburg.CutQuiver.pathComp' depends on axioms: [propext, Classical.choice, Quot.sound]
2026-10-08T06:23:48.1321905Z info: AxiomAudit.lean:343:0: 'ASGinzburg.CutQuiver.pathId' depends on axioms: [propext, Classical.choice, Quot.sound]
2026-10-08T06:23:48.1323469Z info: AxiomAudit.lean:344:0: 'ASGinzburg.CutQuiver.pathComp_single' depends on axioms: [propext, Classical.choice, Quot.sound]
2026-10-08T06:23:48.1324900Z info: AxiomAudit.lean:345:0: 'ASGinzburg.CutQuiver.pathComp_id' depends on axioms: [propext, Classical.choice, Quot.sound]
2026-10-08T06:23:48.1326608Z info: AxiomAudit.lean:346:0: 'ASGinzburg.CutQuiver.id_pathComp' depends on axioms: [propext, Classical.choice, Quot.sound]
2026-10-08T06:23:48.1328118Z info: AxiomAudit.lean:347:0: 'ASGinzburg.CutQuiver.pathComp_assoc' depends on axioms: [propext, Classical.choice, Quot.sound]
2026-10-08T06:23:48.1329721Z info: AxiomAudit.lean:348:0: 'ASGinzburg.ZAlgebra.rightRegularCoproductProjection' depends on axioms: [propext, Classical.choice, Quot.sound]
2026-10-08T06:23:48.1331355Z info: AxiomAudit.lean:349:0: 'ASGinzburg.ZAlgebra.rightRegularCoproduct_inclusion_projection' depends on axioms: [propext,
2026-10-08T06:23:48.1332676Z  Classical.choice,
2026-10-08T06:23:48.1333097Z  Quot.sound]
2026-10-08T06:23:48.1334017Z info: AxiomAudit.lean:350:0: 'ASGinzburg.ZAlgebra.rightRegularCoproduct_inclusion_projection_off' depends on axioms: [propext,
2026-10-08T06:23:48.1335080Z  Classical.choice,
2026-10-08T06:23:48.1335551Z  Quot.sound]
2026-10-08T06:23:48.1336574Z info: AxiomAudit.lean:351:0: 'ASGinzburg.ZAlgebra.rightRegularCoproductAction' depends on axioms: [propext, Classical.choice, Quot.sound]
2026-10-08T06:23:48.1338363Z info: AxiomAudit.lean:352:0: 'ASGinzburg.ZAlgebra.rightRegularCoproduct_inclusion_action' depends on axioms: [propext, Classical.choice, Quot.sound]
2026-10-08T06:23:48.1340037Z info: AxiomAudit.lean:353:0: 'ASGinzburg.ZAlgebra.rightRegularCoproduct_inclusion_action_off' depends on axioms: [propext,
2026-10-08T06:23:48.1341067Z  Classical.choice,
2026-10-08T06:23:48.1341488Z  Quot.sound]
2026-10-08T06:23:48.1342682Z info: AxiomAudit.lean:354:0: 'ASGinzburg.ZAlgebra.rightRegularCoproductAction_add' depends on axioms: [propext, Classical.choice, Quot.sound]
2026-10-08T06:23:48.1344441Z info: AxiomAudit.lean:355:0: 'ASGinzburg.ZAlgebra.rightRegularCoproductAction_smul' depends on axioms: [propext, Classical.choice, Quot.sound]
2026-10-08T06:23:48.1346373Z info: AxiomAudit.lean:356:0: 'ASGinzburg.ZAlgebra.rightRegularCoproductAction_comp' depends on axioms: [propext, Classical.choice, Quot.sound]
2026-10-08T06:23:48.1348167Z info: AxiomAudit.lean:357:0: 'ASGinzburg.ZAlgebra.rightRegularCoproductAction_id' depends on axioms: [propext, Classical.choice, Quot.sound]
2026-10-08T06:23:48.1349964Z info: AxiomAudit.lean:358:0: 'ASGinzburg.ZAlgebra.rightRegularCoproductAction_comp_off' depends on axioms: [propext, Classical.choice, Quot.sound]
2026-10-08T06:23:48.1351648Z info: AxiomAudit.lean:359:0: 'ASGinzburg.ZAlgebra.leftModuleTotalAction' depends on axioms: [propext, Classical.choice, Quot.sound]
2026-10-08T06:23:48.1355628Z info: AxiomAudit.lean:360:0: 'ASGinzburg.ZAlgebra.leftModuleTotalAction_lof' depends on axioms: [propext, Classical.choice, Quot.sound]
2026-10-08T06:23:48.1357386Z info: AxiomAudit.lean:361:0: 'ASGinzburg.ZAlgebra.leftModuleTotalAction_lof_off' depends on axioms: [propext, Classical.choice, Quot.sound]
2026-10-08T06:23:48.1359083Z info: AxiomAudit.lean:362:0: 'ASGinzburg.ZAlgebra.leftModuleTotalAction_zero_of_map_zero' depends on axioms: [propext, Classical.choice, Quot.sound]
2026-10-08T06:23:48.1360770Z info: AxiomAudit.lean:363:0: 'ASGinzburg.ZAlgebra.ASResolution.extRegularCoproductEquiv_inclusion' depends on axioms: [propext,
2026-10-08T06:23:48.1361817Z  Classical.choice,
2026-10-08T06:23:48.1362488Z  Quot.sound]
2026-10-08T06:23:48.1363446Z info: AxiomAudit.lean:364:0: 'ASGinzburg.ZAlgebra.ASResolution.extRegularCoproductEquiv_action' depends on axioms: [propext,
2026-10-08T06:23:48.1364495Z  Classical.choice,
2026-10-08T06:23:48.1364901Z  Quot.sound]
2026-10-08T06:23:48.1365887Z info: AxiomAudit.lean:365:0: 'ASGinzburg.ZAlgebra.ASRegular.extRegularCoproductThree_positive_action_zero' depends on axioms: [propext,
2026-10-08T06:23:48.1367026Z  Classical.choice,
2026-10-08T06:23:48.1367438Z  Quot.sound]
2026-10-08T06:23:48.1368464Z info: AxiomAudit.lean:366:0: 'ASGinzburg.ZAlgebra.representableHomEvaluationIso' depends on axioms: [propext, Classical.choice, Quot.sound]
2026-10-08T06:23:48.1370210Z info: AxiomAudit.lean:367:0: 'ASGinzburg.ZAlgebra.rightModuleEvaluationPreservesColimitsOfShape' depends on axioms: [propext,
2026-10-08T06:23:48.1371576Z  Classical.choice,
2026-10-08T06:23:48.1371985Z  Quot.sound]
2026-10-08T06:23:48.1373176Z info: AxiomAudit.lean:368:0: 'ASGinzburg.ZAlgebra.representableHomPreservesColimitsOfShape' depends on axioms: [propext,
2026-10-08T06:23:48.1374255Z  Classical.choice,
2026-10-08T06:23:48.1374695Z  Quot.sound]
2026-10-08T06:23:48.1375716Z info: AxiomAudit.lean:369:0: 'ASGinzburg.ZAlgebra.representableHomColimitIso' depends on axioms: [propext, Classical.choice, Quot.sound]
2026-10-08T06:23:48.1377468Z info: AxiomAudit.lean:370:0: 'ASGinzburg.ZAlgebra.rightModuleExtZeroFunctorIso' depends on axioms: [propext, Classical.choice, Quot.sound]
2026-10-08T06:23:48.1379101Z info: AxiomAudit.lean:371:0: 'ASGinzburg.ZAlgebra.representableExtZeroPreservesColimitsOfShape' depends on axioms: [propext,
2026-10-08T06:23:48.1380168Z  Classical.choice,
2026-10-08T06:23:48.1380644Z  Quot.sound]
2026-10-08T06:23:48.1381643Z info: AxiomAudit.lean:372:0: 'ASGinzburg.ZAlgebra.representableExtZeroColimitIso' depends on axioms: [propext, Classical.choice, Quot.sound]
2026-10-08T06:23:48.1383541Z info: AxiomAudit.lean:373:0: 'ASGinzburg.ZAlgebra.Obj' depends on axioms: [propext, Classical.choice, Quot.sound]
2026-10-08T06:23:48.1385012Z info: AxiomAudit.lean:374:0: 'ASGinzburg.ZAlgebra.objCategory' depends on axioms: [propext, Classical.choice, Quot.sound]
2026-10-08T06:23:48.1386394Z info: AxiomAudit.lean:375:0: 'ASGinzburg.ZAlgebra.objHomAdd' depends on axioms: [propext, Classical.choice, Quot.sound]
2026-10-08T06:23:48.1387787Z info: AxiomAudit.lean:376:0: 'ASGinzburg.ZAlgebra.objHomModule' depends on axioms: [propext, Classical.choice, Quot.sound]
2026-10-08T06:23:48.1389217Z info: AxiomAudit.lean:377:0: 'ASGinzburg.ZAlgebra.objPreadditive' depends on axioms: [propext, Classical.choice, Quot.sound]
2026-10-08T06:23:48.1390620Z info: AxiomAudit.lean:378:0: 'ASGinzburg.ZAlgebra.objLinear' depends on axioms: [propext, Classical.choice, Quot.sound]
2026-10-08T06:23:48.1392471Z info: AxiomAudit.lean:379:0: 'ASGinzburg.ZAlgebra.objOppositeHomModule' depends on axioms: [propext, Classical.choice, Quot.sound]
2026-10-08T06:23:48.1394049Z info: AxiomAudit.lean:380:0: 'ASGinzburg.ZAlgebra.objOppositeLinear' depends on axioms: [propext, Classical.choice, Quot.sound]
2026-10-08T06:23:48.1395580Z info: AxiomAudit.lean:381:0: 'ASGinzburg.ZAlgebra.representableLinear' depends on axioms: [propext, Classical.choice, Quot.sound]
2026-10-08T06:23:48.1397106Z info: AxiomAudit.lean:382:0: 'ASGinzburg.ZAlgebra.linearYonedaAdditive' depends on axioms: [propext, Classical.choice, Quot.sound]
2026-10-08T06:23:48.1398636Z info: AxiomAudit.lean:383:0: 'ASGinzburg.ZAlgebra.linearYonedaLinear' depends on axioms: [propext, Classical.choice, Quot.sound]
2026-10-08T06:23:48.1400157Z info: AxiomAudit.lean:384:0: 'ASGinzburg.ZAlgebra.rightModuleProperty' depends on axioms: [propext, Classical.choice, Quot.sound]
2026-10-08T06:23:48.1401640Z info: AxiomAudit.lean:385:0: 'ASGinzburg.ZAlgebra.RightModule' depends on axioms: [propext, Classical.choice, Quot.sound]
2026-10-08T06:23:48.1403284Z info: AxiomAudit.lean:386:0: 'ASGinzburg.ZAlgebra.representable' depends on axioms: [propext, Classical.choice, Quot.sound]
2026-10-08T06:23:48.1404783Z info: AxiomAudit.lean:387:0: 'ASGinzburg.ZAlgebra.representableHomEquiv' depends on axioms: [propext, Classical.choice, Quot.sound]
2026-10-08T06:23:48.1406385Z info: AxiomAudit.lean:388:0: 'ASGinzburg.ZAlgebra.representableHom_vanishes' depends on axioms: [propext, Classical.choice, Quot.sound]
2026-10-08T06:23:48.1407979Z info: AxiomAudit.lean:389:0: 'ASGinzburg.ZAlgebra.scalarEndEquiv' depends on axioms: [propext, Classical.choice, Quot.sound]
2026-10-08T06:23:48.1409625Z info: AxiomAudit.lean:390:0: 'ASGinzburg.ZAlgebra.representableEnd_finrank' depends on axioms: [propext, Classical.choice, Quot.sound]
2026-10-08T06:23:48.1411565Z info: AxiomAudit.lean:391:0: 'ASGinzburg.ZAlgebra.rightModuleProperty_closedUnderLimits' depends on axioms: [propext, Classical.choice, Quot.sound]
2026-10-08T06:23:48.1414134Z info: AxiomAudit.lean:392:0: 'ASGinzburg.ZAlgebra.rightModuleProperty_closedUnderColimits' depends on axioms: [propext, Classical.choice, Quot.sound]
2026-10-08T06:23:48.1416041Z info: AxiomAudit.lean:393:0: 'ASGinzburg.ZAlgebra.rightModuleHasLimitsOfShape' depends on axioms: [propext, Classical.choice, Quot.sound]
2026-10-08T06:23:48.1418101Z info: AxiomAudit.lean:394:0: 'ASGinzburg.ZAlgebra.rightModuleHasColimitsOfShape' depends on axioms: [propext, Classical.choice, Quot.sound]
2026-10-08T06:23:48.1420026Z info: AxiomAudit.lean:395:0: 'ASGinzburg.ZAlgebra.rightModuleInclusionCreatesLimitsOfShape' depends on axioms: [propext,
2026-10-08T06:23:48.1421277Z  Classical.choice,
2026-10-08T06:23:48.1421793Z  Quot.sound]
2026-10-08T06:23:48.1423100Z info: AxiomAudit.lean:396:0: 'ASGinzburg.ZAlgebra.rightModuleInclusionCreatesColimitsOfShape' depends on axioms: [propext,
2026-10-08T06:23:48.1424367Z  Classical.choice,
2026-10-08T06:23:48.1424844Z  Quot.sound]
2026-10-08T06:23:48.1425910Z info: AxiomAudit.lean:397:0: 'ASGinzburg.ZAlgebra.rightModuleHasFiniteProducts' depends on axioms: [propext, Classical.choice, Quot.sound]
2026-10-08T06:23:48.1427741Z info: AxiomAudit.lean:398:0: 'ASGinzburg.ZAlgebra.rightModuleCoimageImageComparisonIsIso' depends on axioms: [propext, Classical.choice, Quot.sound]
2026-10-08T06:23:48.1429484Z info: AxiomAudit.lean:399:0: 'ASGinzburg.ZAlgebra.rightModuleAbelian' depends on axioms: [propext, Classical.choice, Quot.sound]
2026-10-08T06:23:48.1431319Z info: AxiomAudit.lean:400:0: 'ASGinzburg.ZAlgebra.rightModuleInclusionPreservesFiniteLimits' depends on axioms: [propext,
2026-10-08T06:23:48.1432901Z  Classical.choice,
2026-10-08T06:23:48.1433348Z  Quot.sound]
2026-10-08T06:23:48.1434362Z info: AxiomAudit.lean:401:0: 'ASGinzburg.ZAlgebra.rightModuleInclusionPreservesFiniteColimits' depends on axioms: [propext,
2026-10-08T06:23:48.1435579Z  Classical.choice,
2026-10-08T06:23:48.1436050Z  Quot.sound]
2026-10-08T06:23:48.1437308Z info: AxiomAudit.lean:402:0: 'ASGinzburg.ZAlgebra.rightModuleGenerators' depends on axioms: [propext, Classical.choice, Quot.sound]
2026-10-08T06:23:48.1439080Z info: AxiomAudit.lean:403:0: 'ASGinzburg.ZAlgebra.freeRightModule' depends on axioms: [propext, Classical.choice, Quot.sound]
2026-10-08T06:23:48.1441278Z info: AxiomAudit.lean:404:0: 'ASGinzburg.ZAlgebra.freeRightModuleπ' depends on axioms: [propext, Classical.choice, Quot.sound]
2026-10-08T06:23:48.1443386Z info: AxiomAudit.lean:405:0: 'ASGinzburg.ZAlgebra.freeRightModuleProjective' depends on axioms: [propext, Classical.choice, Quot.sound]
2026-10-08T06:23:48.1445448Z info: AxiomAudit.lean:406:0: 'ASGinzburg.ZAlgebra.freeRightModuleπEpi' depends on axioms: [propext, Classical.choice, Quot.sound]
2026-10-08T06:23:48.1447242Z info: AxiomAudit.lean:407:0: 'ASGinzburg.ZAlgebra.rightModuleEnoughProjectives' depends on axioms: [propext, Classical.choice, Quot.sound]
2026-10-08T06:23:48.1449223Z info: AxiomAudit.lean:408:0: 'ASGinzburg.ZAlgebra.rightModuleProjectiveResolution' depends on axioms: [propext, Classical.choice, Quot.sound]
2026-10-08T06:23:48.1451080Z info: AxiomAudit.lean:409:0: 'ASGinzburg.ZAlgebra.rightModuleProjectiveResolution_exactAt_succ' depends on axioms: [propext,
2026-10-08T06:23:48.1455811Z  Classical.choice,
2026-10-08T06:23:48.1462921Z  Quot.sound]
2026-10-08T06:23:48.1464068Z info: AxiomAudit.lean:410:0: 'ASGinzburg.ZAlgebra.rightModuleHasExt' depends on axioms: [propext, Classical.choice, Quot.sound]
2026-10-08T06:23:48.1465876Z info: AxiomAudit.lean:411:0: 'ASGinzburg.ZAlgebra.representableExtZeroEquiv' depends on axioms: [propext, Classical.choice, Quot.sound]
2026-10-08T06:23:48.1467733Z info: AxiomAudit.lean:412:0: 'ASGinzburg.ZAlgebra.representable_higher_ext_eq_zero' depends on axioms: [propext, Classical.choice, Quot.sound]
2026-10-08T06:23:48.1469544Z info: AxiomAudit.lean:413:0: 'ASGinzburg.ZAlgebra.rightModuleExtPostcomp' depends on axioms: [propext, Classical.choice, Quot.sound]
2026-10-08T06:23:48.1471375Z info: AxiomAudit.lean:414:0: 'ASGinzburg.ZAlgebra.rightModuleExtCovariant' depends on axioms: [propext, Classical.choice, Quot.sound]
2026-10-08T06:23:48.1473769Z info: AxiomAudit.lean:415:0: 'ASGinzburg.ZAlgebra.rightModuleExtCovariantAdditive' depends on axioms: [propext, Classical.choice, Quot.sound]
2026-10-08T06:23:48.1475723Z info: AxiomAudit.lean:416:0: 'ASGinzburg.ZAlgebra.rightModuleExtCovariantLinear' depends on axioms: [propext, Classical.choice, Quot.sound]
2026-10-08T06:23:48.1477528Z info: AxiomAudit.lean:417:0: 'ASGinzburg.ZAlgebra.rightModuleExtLeft' depends on axioms: [propext, Classical.choice, Quot.sound]
2026-10-08T06:23:48.1479235Z info: AxiomAudit.lean:418:0: 'ASGinzburg.ZAlgebra.rightModuleExtLeft_obj' depends on axioms: [propext, Classical.choice, Quot.sound]
2026-10-08T06:23:48.1480986Z info: AxiomAudit.lean:419:0: 'ASGinzburg.ZAlgebra.rightModuleExtLeftZeroIso' depends on axioms: [propext, Classical.choice, Quot.sound]
2026-10-08T06:23:48.1482969Z info: AxiomAudit.lean:420:0: 'ASGinzburg.ZAlgebra.shiftedHomModule' depends on axioms: [propext, Classical.choice, Quot.sound]
2026-10-08T06:23:48.1484691Z info: AxiomAudit.lean:421:0: 'ASGinzburg.ZAlgebra.rightModuleDerivedLinear' depends on axioms: [propext, Classical.choice, Quot.sound]
2026-10-08T06:23:48.1486464Z info: AxiomAudit.lean:422:0: 'ASGinzburg.ZAlgebra.rightModuleDerivedQhLinear' depends on axioms: [propext, Classical.choice, Quot.sound]
2026-10-08T06:23:48.1488359Z info: AxiomAudit.lean:423:0: 'ASGinzburg.ZAlgebra.rightModuleDerivedSingleLinear' depends on axioms: [propext, Classical.choice, Quot.sound]
2026-10-08T06:23:48.1490226Z info: AxiomAudit.lean:424:0: 'ASGinzburg.ZAlgebra.rightModuleExtHomAddEquiv' depends on axioms: [propext, Classical.choice, Quot.sound]
2026-10-08T06:23:48.1491944Z info: AxiomAudit.lean:425:0: 'ASGinzburg.ZAlgebra.rightModuleExtModule' depends on axioms: [propext, Classical.choice, Quot.sound]
2026-10-08T06:23:48.1494231Z info: AxiomAudit.lean:426:0: 'ASGinzburg.ZAlgebra.rightModuleExtHomLinearEquiv' depends on axioms: [propext, Classical.choice, Quot.sound]
2026-10-08T06:23:48.1496379Z info: AxiomAudit.lean:427:0: 'ASGinzburg.ZAlgebra.rightModuleExt_mk₀_smul' depends on axioms: [propext, Classical.choice, Quot.sound]
2026-10-08T06:23:48.1498249Z info: AxiomAudit.lean:428:0: 'ASGinzburg.ZAlgebra.rightModuleExtZeroLinearEquiv' depends on axioms: [propext, Classical.choice, Quot.sound]
2026-10-08T06:23:48.1500207Z info: AxiomAudit.lean:429:0: 'ASGinzburg.ZAlgebra.representableExtZeroLinearEquiv' depends on axioms: [propext, Classical.choice, Quot.sound]
2026-10-08T06:23:48.1502374Z info: AxiomAudit.lean:430:0: 'ASGinzburg.ZAlgebra.rightModuleExtPrecomp' depends on axioms: [propext, Classical.choice, Quot.sound]
2026-10-08T06:23:48.1504019Z info: AxiomAudit.lean:431:0: 'ASGinzburg.ZAlgebra.rightModuleExtPrecompNat' depends on axioms: [propext, Classical.choice, Quot.sound]
2026-10-08T06:23:48.1505685Z info: AxiomAudit.lean:432:0: 'ASGinzburg.ZAlgebra.rightModuleExtBoundaryNat' depends on axioms: [propext, Classical.choice, Quot.sound]
2026-10-08T06:23:48.1507565Z info: AxiomAudit.lean:433:0: 'ASGinzburg.ZAlgebra.rightModuleExtDimensionShiftNatIso' depends on axioms: [propext, Classical.choice, Quot.sound]
2026-10-08T06:23:48.1509789Z info: AxiomAudit.lean:434:0: 'ASGinzburg.ZAlgebra.rightModuleExtPrecompNat_boundary_zero' depends on axioms: [propext, Classical.choice, Quot.sound]
2026-10-08T06:23:48.1511426Z info: AxiomAudit.lean:435:0: 'ASGinzburg.ZAlgebra.rightModuleExtBoundaryShortComplex' depends on axioms: [propext, Classical.choice, Quot.sound]
2026-10-08T06:23:48.1513099Z info: AxiomAudit.lean:436:0: 'ASGinzburg.ZAlgebra.rightModuleExtBoundaryShortComplex_exact_component' depends on axioms: [propext,
2026-10-08T06:23:48.1514252Z  Classical.choice,
2026-10-08T06:23:48.1522901Z  Quot.sound]
2026-10-08T06:23:48.1524067Z info: AxiomAudit.lean:437:0: 'ASGinzburg.ZAlgebra.rightModuleExtBoundaryNatAppEpi' depends on axioms: [propext, Classical.choice, Quot.sound]
2026-10-08T06:23:48.1525954Z info: AxiomAudit.lean:438:0: 'ASGinzburg.ZAlgebra.rightModuleExtBoundaryNatEpi' depends on axioms: [propext, Classical.choice, Quot.sound]
2026-10-08T06:23:48.1528173Z info: AxiomAudit.lean:439:0: 'ASGinzburg.ZAlgebra.rightModuleExtBoundaryCoforkIsColimit' depends on axioms: [propext, Classical.choice, Quot.sound]
2026-10-08T06:23:48.1530157Z info: AxiomAudit.lean:440:0: 'ASGinzburg.ZAlgebra.rightModuleExtCokernelNatIso' depends on axioms: [propext, Classical.choice, Quot.sound]
2026-10-08T06:23:48.1532643Z info: AxiomAudit.lean:441:0: 'ASGinzburg.ZAlgebra.rightModuleExtCokernelNatIso_π_hom' depends on axioms: [propext, Classical.choice, Quot.sound]
2026-10-08T06:23:48.1534641Z info: AxiomAudit.lean:442:0: 'ASGinzburg.ZAlgebra.rightModuleDerivedShiftLinear' depends on axioms: [propext, Classical.choice, Quot.sound]
2026-10-08T06:23:48.1536581Z info: AxiomAudit.lean:443:0: 'ASGinzburg.ZAlgebra.rightModuleExt_smul_comp' depends on axioms: [propext, Classical.choice, Quot.sound]
2026-10-08T06:23:48.1538433Z info: AxiomAudit.lean:444:0: 'ASGinzburg.ZAlgebra.rightModuleExt_comp_smul' depends on axioms: [propext, Classical.choice, Quot.sound]
2026-10-08T06:23:48.1540180Z info: AxiomAudit.lean:445:0: 'ASGinzburg.ZAlgebra.rightModuleExtBoundary' depends on axioms: [propext, Classical.choice, Quot.sound]
2026-10-08T06:23:48.1542012Z info: AxiomAudit.lean:446:0: 'ASGinzburg.ZAlgebra.rightModuleExtBoundary_bijective' depends on axioms: [propext, Classical.choice, Quot.sound]
2026-10-08T06:23:48.1544081Z info: AxiomAudit.lean:447:0: 'ASGinzburg.ZAlgebra.rightModuleExtDimensionShift' depends on axioms: [propext, Classical.choice, Quot.sound]
2026-10-08T06:23:48.1545993Z info: AxiomAudit.lean:448:0: 'ASGinzburg.ZAlgebra.rightModuleExtZeroBoundary_bijective' depends on axioms: [propext, Classical.choice, Quot.sound]
2026-10-08T06:23:48.1547933Z info: AxiomAudit.lean:449:0: 'ASGinzburg.ZAlgebra.rightModuleExtZeroDimensionShift' depends on axioms: [propext, Classical.choice, Quot.sound]
2026-10-08T06:23:48.1549989Z info: AxiomAudit.lean:450:0: 'ASGinzburg.ZAlgebra.rightModuleHomPrecomp' depends on axioms: [propext, Classical.choice, Quot.sound]
2026-10-08T06:23:48.1551791Z info: AxiomAudit.lean:451:0: 'ASGinzburg.ZAlgebra.rightModuleHomPrecomp_injective' depends on axioms: [propext, Classical.choice, Quot.sound]
2026-10-08T06:23:48.1553930Z info: AxiomAudit.lean:452:0: 'ASGinzburg.ZAlgebra.rightModuleHomFinite_of_epi' depends on axioms: [propext, Classical.choice, Quot.sound]
2026-10-08T06:23:48.1556777Z info: AxiomAudit.lean:453:0: 'ASGinzburg.ZAlgebra.rightModuleCoproductHomLinearEquiv' depends on axioms: [propext, Classical.choice, Quot.sound]
2026-10-08T06:23:48.1558901Z info: AxiomAudit.lean:454:0: 'ASGinzburg.ZAlgebra.rightModuleCoproductHomFinite' depends on axioms: [propext, Classical.choice, Quot.sound]
2026-10-08T06:23:48.1560881Z info: AxiomAudit.lean:455:0: 'ASGinzburg.ZAlgebra.representableHomFinite' depends on axioms: [propext, Classical.choice, Quot.sound]
2026-10-08T06:23:48.1563119Z info: AxiomAudit.lean:456:0: 'ASGinzburg.ZAlgebra.representableHomRepresentableFinite' depends on axioms: [propext, Classical.choice, Quot.sound]
2026-10-08T06:23:48.1565559Z info: AxiomAudit.lean:457:0: 'ASGinzburg.ZAlgebra.asResolutionTerm₁HomFinite' depends on axioms: [propext, Classical.choice, Quot.sound]
2026-10-08T06:23:48.1567755Z info: AxiomAudit.lean:458:0: 'ASGinzburg.ZAlgebra.asResolutionTerm₂HomFinite' depends on axioms: [propext, Classical.choice, Quot.sound]
2026-10-08T06:23:48.1569649Z info: AxiomAudit.lean:459:0: 'ASGinzburg.ZAlgebra.rightModuleHomPrecompNat' depends on axioms: [propext, Classical.choice, Quot.sound]
2026-10-08T06:23:48.1571636Z info: AxiomAudit.lean:460:0: 'ASGinzburg.ZAlgebra.rightModuleHomPrecompNat_comp_zero' depends on axioms: [propext, Classical.choice, Quot.sound]
2026-10-08T06:23:48.1573925Z info: AxiomAudit.lean:461:0: 'ASGinzburg.ZAlgebra.rightModuleHomShortComplex' depends on axioms: [propext, Classical.choice, Quot.sound]
2026-10-08T06:23:48.1575824Z info: AxiomAudit.lean:462:0: 'ASGinzburg.ZAlgebra.rightModuleHomShortComplex_exact_component' depends on axioms: [propext,
2026-10-08T06:23:48.1577356Z  Classical.choice,
2026-10-08T06:23:48.1577849Z  Quot.sound]
2026-10-08T06:23:48.1579095Z info: AxiomAudit.lean:463:0: 'ASGinzburg.ZAlgebra.rightModuleHomPrecompNatAppMono' depends on axioms: [propext, Classical.choice, Quot.sound]
2026-10-08T06:23:48.1581140Z info: AxiomAudit.lean:464:0: 'ASGinzburg.ZAlgebra.rightModuleHomPrecompNatMono' depends on axioms: [propext, Classical.choice, Quot.sound]
2026-10-08T06:23:48.1583340Z info: AxiomAudit.lean:465:0: 'ASGinzburg.ZAlgebra.rightModuleHomKernelForkIsLimit' depends on axioms: [propext, Classical.choice, Quot.sound]
2026-10-08T06:23:48.1585389Z info: AxiomAudit.lean:466:0: 'ASGinzburg.ZAlgebra.rightModuleHomKernelNatIso' depends on axioms: [propext, Classical.choice, Quot.sound]
2026-10-08T06:23:48.1587612Z info: AxiomAudit.lean:467:0: 'ASGinzburg.ZAlgebra.rightModuleHomKernelNatIso_hom_ι' depends on axioms: [propext, Classical.choice, Quot.sound]
2026-10-08T06:23:48.1589720Z info: AxiomAudit.lean:468:0: 'ASGinzburg.ZAlgebra.rightModuleHomPreservesExactColimits' depends on axioms: [propext, Classical.choice, Quot.sound]
2026-10-08T06:23:48.1591691Z info: AxiomAudit.lean:469:0: 'ASGinzburg.ZAlgebra.rightModuleEvaluation' depends on axioms: [propext, Classical.choice, Quot.sound]
2026-10-08T06:23:48.1593905Z info: AxiomAudit.lean:470:0: 'ASGinzburg.ZAlgebra.rightModuleEvaluationAdditive' depends on axioms: [propext, Classical.choice, Quot.sound]
2026-10-08T06:23:48.1595826Z info: AxiomAudit.lean:471:0: 'ASGinzburg.ZAlgebra.rightModuleEvaluationPreservesFiniteLimits' depends on axioms: [propext,
2026-10-08T06:23:48.1597076Z  Classical.choice,
2026-10-08T06:23:48.1597522Z  Quot.sound]
2026-10-08T06:23:48.1598618Z info: AxiomAudit.lean:472:0: 'ASGinzburg.ZAlgebra.rightModuleEvaluationPreservesFiniteColimits' depends on axioms: [propext,
2026-10-08T06:23:48.1599909Z  Classical.choice,
2026-10-08T06:23:48.1600381Z  Quot.sound]
2026-10-08T06:23:48.1601937Z info: AxiomAudit.lean:473:0: 'ASGinzburg.ZAlgebra.rightModuleInclusionPreservesHomology' depends on axioms: [propext, Classical.choice, Quot.sound]
2026-10-08T06:23:48.1604373Z info: AxiomAudit.lean:474:0: 'ASGinzburg.ZAlgebra.rightModuleEvaluationPreservesHomology' depends on axioms: [propext, Classical.choice, Quot.sound]
2026-10-08T06:23:48.1607628Z info: AxiomAudit.lean:475:0: 'ASGinzburg.ZAlgebra.rightModuleKernelObjIso' depends on axioms: [propext, Classical.choice, Quot.sound]
2026-10-08T06:23:48.1609524Z info: AxiomAudit.lean:476:0: 'ASGinzburg.ZAlgebra.rightModuleCokernelObjIso' depends on axioms: [propext, Classical.choice, Quot.sound]
2026-10-08T06:23:48.1611443Z info: AxiomAudit.lean:477:0: 'ASGinzburg.ZAlgebra.rightModuleHomologyObjIso' depends on axioms: [propext, Classical.choice, Quot.sound]
2026-10-08T06:23:48.1613494Z info: AxiomAudit.lean:478:0: 'ASGinzburg.ZAlgebra.rightModule_exact_iff_inclusion' depends on axioms: [propext, Classical.choice, Quot.sound]
2026-10-08T06:23:48.1615719Z info: AxiomAudit.lean:479:0: 'ASGinzburg.ZAlgebra.rightModuleKernelObjIso_inv_ι' depends on axioms: [propext, Classical.choice, Quot.sound]
2026-10-08T06:23:48.1617879Z info: AxiomAudit.lean:480:0: 'ASGinzburg.ZAlgebra.rightModuleCokernelObjIso_π_hom' depends on axioms: [propext, Classical.choice, Quot.sound]
2026-10-08T06:23:48.1619725Z info: AxiomAudit.lean:481:0: 'ASGinzburg.ZAlgebra.rightModule_mono_iff' depends on axioms: [propext, Classical.choice, Quot.sound]
2026-10-08T06:23:48.1621397Z info: AxiomAudit.lean:482:0: 'ASGinzburg.ZAlgebra.rightModule_epi_iff' depends on axioms: [propext, Classical.choice, Quot.sound]
2026-10-08T06:23:48.1623339Z info: AxiomAudit.lean:483:0: 'ASGinzburg.ZAlgebra.rightModule_mono_iff_injective' depends on axioms: [propext, Classical.choice, Quot.sound]
2026-10-08T06:23:48.1625270Z info: AxiomAudit.lean:484:0: 'ASGinzburg.ZAlgebra.rightModule_epi_iff_surjective' depends on axioms: [propext, Classical.choice, Quot.sound]
2026-10-08T06:23:48.1627010Z info: AxiomAudit.lean:485:0: 'ASGinzburg.ZAlgebra.rightModule_exact_iff' depends on axioms: [propext, Classical.choice, Quot.sound]
2026-10-08T06:23:48.1629274Z info: AxiomAudit.lean:486:0: 'ASGinzburg.ZAlgebra.rightModule_exact_iff_range_eq_ker' depends on axioms: [propext, Classical.choice, Quot.sound]
2026-10-08T06:23:48.1631164Z info: AxiomAudit.lean:487:0: 'ASGinzburg.ZAlgebra.rightModule_shortExact_iff' depends on axioms: [propext, Classical.choice, Quot.sound]
2026-10-08T06:23:48.1633150Z info: AxiomAudit.lean:488:0: 'ASGinzburg.ZAlgebra.IsMinimalMorphism' depends on axioms: [propext, Classical.choice, Quot.sound]
2026-10-08T06:23:48.1634866Z info: AxiomAudit.lean:489:0: 'ASGinzburg.ZAlgebra.isMinimalMorphism_iff_range_le' depends on axioms: [propext, Classical.choice, Quot.sound]
2026-10-08T06:23:48.1636729Z info: AxiomAudit.lean:490:0: 'ASGinzburg.ZAlgebra.minimalMorphismLift' depends on axioms: [propext, Classical.choice, Quot.sound]
2026-10-08T06:23:48.1638664Z info: AxiomAudit.lean:491:0: 'ASGinzburg.ZAlgebra.minimalMorphismLift_inclusion' depends on axioms: [propext, Classical.choice, Quot.sound]
2026-10-08T06:23:48.1640778Z info: AxiomAudit.lean:492:0: 'ASGinzburg.ZAlgebra.isMinimalMorphism_of_factor' depends on axioms: [propext, Classical.choice, Quot.sound]
2026-10-08T06:23:48.1642949Z info: AxiomAudit.lean:493:0: 'ASGinzburg.ZAlgebra.isMinimalMorphism_iff_factors' depends on axioms: [propext, Classical.choice, Quot.sound]
2026-10-08T06:23:48.1644985Z info: AxiomAudit.lean:494:0: 'ASGinzburg.ZAlgebra.isMinimalMorphism_zero' depends on axioms: [propext, Classical.choice, Quot.sound]
2026-10-08T06:23:48.1646910Z info: AxiomAudit.lean:495:0: 'ASGinzburg.ZAlgebra.isMinimalMorphism_comp_left' depends on axioms: [propext, Classical.choice, Quot.sound]
2026-10-08T06:23:48.1648984Z info: AxiomAudit.lean:496:0: 'ASGinzburg.ZAlgebra.isMinimalMorphism_comp_right' depends on axioms: [propext, Classical.choice, Quot.sound]
2026-10-08T06:23:48.1651039Z info: AxiomAudit.lean:497:0: 'ASGinzburg.ZAlgebra.representableToElement' depends on axioms: [propext, Classical.choice, Quot.sound]
2026-10-08T06:23:48.1653359Z info: AxiomAudit.lean:498:0: 'ASGinzburg.ZAlgebra.representableYonedaEquiv' depends on axioms: [propext, Classical.choice, Quot.sound]
2026-10-08T06:23:48.1655196Z info: AxiomAudit.lean:499:0: 'ASGinzburg.ZAlgebra.representableYonedaEquiv_apply' depends on axioms: [propext, Classical.choice, Quot.sound]
2026-10-08T06:23:48.1657026Z info: AxiomAudit.lean:500:0: 'ASGinzburg.ZAlgebra.representableYonedaEquiv_comp' depends on axioms: [propext, Classical.choice, Quot.sound]
2026-10-08T06:23:48.1658864Z info: AxiomAudit.lean:501:0: 'ASGinzburg.ZAlgebra.representableYonedaEquiv_symm_app' depends on axioms: [propext, Classical.choice, Quot.sound]
2026-10-08T06:23:48.1660658Z info: AxiomAudit.lean:502:0: 'ASGinzburg.ZAlgebra.representableProjective' depends on axioms: [propext, Classical.choice, Quot.sound]
2026-10-08T06:23:48.1662593Z info: AxiomAudit.lean:503:0: 'ASGinzburg.ZAlgebra.positiveActionSpan_action_mem' depends on axioms: [propext, Classical.choice, Quot.sound]
2026-10-08T06:23:48.1664357Z info: AxiomAudit.lean:504:0: 'ASGinzburg.ZAlgebra.rightModuleRadical' depends on axioms: [propext, Classical.choice, Quot.sound]
2026-10-08T06:23:48.1666074Z info: AxiomAudit.lean:505:0: 'ASGinzburg.ZAlgebra.positiveActionSpan_map_mem' depends on axioms: [propext, Classical.choice, Quot.sound]
2026-10-08T06:23:48.1667833Z info: AxiomAudit.lean:506:0: 'ASGinzburg.ZAlgebra.rightModuleRadicalMap' depends on axioms: [propext, Classical.choice, Quot.sound]
2026-10-08T06:23:48.1669574Z info: AxiomAudit.lean:507:0: 'ASGinzburg.ZAlgebra.rightModuleRadicalMap_inclusion' depends on axioms: [propext, Classical.choice, Quot.sound]
2026-10-08T06:23:48.1671410Z info: AxiomAudit.lean:508:0: 'ASGinzburg.ZAlgebra.rightModuleRadicalFunctor' depends on axioms: [propext, Classical.choice, Quot.sound]
2026-10-08T06:23:48.1673601Z info: AxiomAudit.lean:509:0: 'ASGinzburg.ZAlgebra.rightModuleRadicalFunctorAdditive' depends on axioms: [propext, Classical.choice, Quot.sound]
2026-10-08T06:23:48.1675707Z info: AxiomAudit.lean:510:0: 'ASGinzburg.ZAlgebra.rightModuleRadicalFunctorLinear' depends on axioms: [propext, Classical.choice, Quot.sound]
2026-10-08T06:23:48.1677846Z info: AxiomAudit.lean:511:0: 'ASGinzburg.ZAlgebra.rightModuleRadical_representable_component' depends on axioms: [propext,
2026-10-08T06:23:48.1679032Z  Classical.choice,
2026-10-08T06:23:48.1679533Z  Quot.sound]
2026-10-08T06:23:48.1680672Z info: AxiomAudit.lean:512:0: 'ASGinzburg.ZAlgebra.positiveActionSpan_simple_eq_bot' depends on axioms: [propext, Classical.choice, Quot.sound]
2026-10-08T06:23:48.1682819Z info: AxiomAudit.lean:513:0: 'ASGinzburg.ZAlgebra.radical_inclusion_comp_simple_eq_zero' depends on axioms: [propext, Classical.choice, Quot.sound]
2026-10-08T06:23:48.1685330Z info: AxiomAudit.lean:514:0: 'ASGinzburg.ZAlgebra.minimalMorphism_comp_simple_eq_zero' depends on axioms: [propext, Classical.choice, Quot.sound]
2026-10-08T06:23:48.1687142Z info: AxiomAudit.lean:515:0: 'ASGinzburg.ZAlgebra.RightSubmodule' depends on axioms: [propext, Classical.choice, Quot.sound]
2026-10-08T06:23:48.1688869Z info: AxiomAudit.lean:516:0: 'ASGinzburg.ZAlgebra.RightSubmodule.presheaf' depends on axioms: [propext, Classical.choice, Quot.sound]
2026-10-08T06:23:48.1690804Z info: AxiomAudit.lean:517:0: 'ASGinzburg.ZAlgebra.RightSubmodule.presheafAdditive' depends on axioms: [propext, Classical.choice, Quot.sound]
2026-10-08T06:23:48.1692880Z info: AxiomAudit.lean:518:0: 'ASGinzburg.ZAlgebra.RightSubmodule.presheafLinear' depends on axioms: [propext, Classical.choice, Quot.sound]
2026-10-08T06:23:48.1694709Z info: AxiomAudit.lean:519:0: 'ASGinzburg.ZAlgebra.RightSubmodule.object' depends on axioms: [propext, Classical.choice, Quot.sound]
2026-10-08T06:23:48.1696461Z info: AxiomAudit.lean:520:0: 'ASGinzburg.ZAlgebra.RightSubmodule.inclusion' depends on axioms: [propext, Classical.choice, Quot.sound]
2026-10-08T06:23:48.1698266Z info: AxiomAudit.lean:521:0: 'ASGinzburg.ZAlgebra.RightSubmodule.inclusionMono' depends on axioms: [propext, Classical.choice, Quot.sound]
2026-10-08T06:23:48.1700455Z info: AxiomAudit.lean:522:0: 'ASGinzburg.ZAlgebra.RightSubmodule.quotient' depends on axioms: [propext, Classical.choice, Quot.sound]
2026-10-08T06:23:48.1702859Z info: AxiomAudit.lean:523:0: 'ASGinzburg.ZAlgebra.RightSubmodule.quotientπ' depends on axioms: [propext, Classical.choice, Quot.sound]
2026-10-08T06:23:48.1704933Z info: AxiomAudit.lean:524:0: 'ASGinzburg.ZAlgebra.RightSubmodule.quotientπEpi' depends on axioms: [propext, Classical.choice, Quot.sound]
2026-10-08T06:23:48.1706885Z info: AxiomAudit.lean:525:0: 'ASGinzburg.ZAlgebra.RightSubmodule.quotientShortComplex' depends on axioms: [propext, Classical.choice, Quot.sound]
2026-10-08T06:23:48.1708915Z info: AxiomAudit.lean:526:0: 'ASGinzburg.ZAlgebra.RightSubmodule.quotientShortExact' depends on axioms: [propext, Classical.choice, Quot.sound]
2026-10-08T06:23:48.1710797Z info: AxiomAudit.lean:527:0: 'ASGinzburg.ZAlgebra.leftRepresentableRadical' depends on axioms: [propext, Classical.choice, Quot.sound]
2026-10-08T06:23:48.1712808Z info: AxiomAudit.lean:528:0: 'ASGinzburg.ZAlgebra.positiveLeftActionSpan' depends on axioms: [propext, Classical.choice, Quot.sound]
2026-10-08T06:23:48.1714618Z info: AxiomAudit.lean:529:0: 'ASGinzburg.ZAlgebra.leftRepresentableRadical_eq_positiveLeftActionSpan' depends on axioms: [propext,
2026-10-08T06:23:48.1715800Z  Classical.choice,
2026-10-08T06:23:48.1716238Z  Quot.sound]
2026-10-08T06:23:48.1717213Z info: AxiomAudit.lean:530:0: 'ASGinzburg.ZAlgebra.simpleLeftModule' depends on axioms: [propext, Classical.choice, Quot.sound]
2026-10-08T06:23:48.1719072Z info: AxiomAudit.lean:531:0: 'ASGinzburg.ZAlgebra.simpleLeftModuleπ' depends on axioms: [propext, Classical.choice, Quot.sound]
2026-10-08T06:23:48.1720816Z info: AxiomAudit.lean:532:0: 'ASGinzburg.ZAlgebra.simpleLeftModuleπEpi' depends on axioms: [propext, Classical.choice, Quot.sound]
2026-10-08T06:23:48.1722874Z info: AxiomAudit.lean:533:0: 'ASGinzburg.ZAlgebra.leftRepresentableRadical_diagonal_zero' depends on axioms: [propext, Classical.choice, Quot.sound]
2026-10-08T06:23:48.1725023Z info: AxiomAudit.lean:534:0: 'ASGinzburg.ZAlgebra.simpleLeftModuleDiagonalIso' depends on axioms: [propext, Classical.choice, Quot.sound]
2026-10-08T06:23:48.1726844Z info: AxiomAudit.lean:535:0: 'ASGinzburg.ZAlgebra.simpleLeftModule_off_diagonal' depends on axioms: [propext, Classical.choice, Quot.sound]
2026-10-08T06:23:48.1728666Z info: AxiomAudit.lean:536:0: 'ASGinzburg.ZAlgebra.simpleLeftModule_diagonal_finrank' depends on axioms: [propext, Classical.choice, Quot.sound]
2026-10-08T06:23:48.1730535Z info: AxiomAudit.lean:537:0: 'ASGinzburg.ZAlgebra.simpleLeftModuleDiagonalSimple' depends on axioms: [propext, Classical.choice, Quot.sound]
2026-10-08T06:23:48.1732754Z info: AxiomAudit.lean:538:0: 'ASGinzburg.ZAlgebra.simpleLeftModule_hom_eq_zero_iff' depends on axioms: [propext, Classical.choice, Quot.sound]
2026-10-08T06:23:48.1734926Z info: AxiomAudit.lean:539:0: 'ASGinzburg.ZAlgebra.simpleLeftModuleSimple' depends on axioms: [propext, Classical.choice, Quot.sound]
2026-10-08T06:23:48.1736776Z info: AxiomAudit.lean:540:0: 'ASGinzburg.ZAlgebra.simpleLeftModule_shortExact' depends on axioms: [propext, Classical.choice, Quot.sound]
2026-10-08T06:23:48.1739401Z info: AxiomAudit.lean:541:0: 'ASGinzburg.ZAlgebra.representableRadical' depends on axioms: [propext, Classical.choice, Quot.sound]
2026-10-08T06:23:48.1741414Z info: AxiomAudit.lean:542:0: 'ASGinzburg.ZAlgebra.positiveActionSpan' depends on axioms: [propext, Classical.choice, Quot.sound]
2026-10-08T06:23:48.1743296Z info: AxiomAudit.lean:543:0: 'ASGinzburg.ZAlgebra.representableRadical_eq_positiveActionSpan' depends on axioms: [propext,
2026-10-08T06:23:48.1744426Z  Classical.choice,
2026-10-08T06:23:48.1744868Z  Quot.sound]
2026-10-08T06:23:48.1745782Z info: AxiomAudit.lean:544:0: 'ASGinzburg.ZAlgebra.simpleRightModule' depends on axioms: [propext, Classical.choice, Quot.sound]
2026-10-08T06:23:48.1747894Z info: AxiomAudit.lean:545:0: 'ASGinzburg.ZAlgebra.simpleRightModuleπ' depends on axioms: [propext, Classical.choice, Quot.sound]
2026-10-08T06:23:48.1749887Z info: AxiomAudit.lean:546:0: 'ASGinzburg.ZAlgebra.simpleRightModuleπEpi' depends on axioms: [propext, Classical.choice, Quot.sound]
2026-10-08T06:23:48.1751731Z info: AxiomAudit.lean:547:0: 'ASGinzburg.ZAlgebra.representableRadical_diagonal_zero' depends on axioms: [propext, Classical.choice, Quot.sound]
2026-10-08T06:23:48.1753839Z info: AxiomAudit.lean:548:0: 'ASGinzburg.ZAlgebra.simpleRightModuleDiagonalIso' depends on axioms: [propext, Classical.choice, Quot.sound]
2026-10-08T06:23:48.1755639Z info: AxiomAudit.lean:549:0: 'ASGinzburg.ZAlgebra.simpleRightModule_off_diagonal' depends on axioms: [propext, Classical.choice, Quot.sound]
2026-10-08T06:23:48.1757530Z info: AxiomAudit.lean:550:0: 'ASGinzburg.ZAlgebra.simpleRightModule_diagonal_finrank' depends on axioms: [propext, Classical.choice, Quot.sound]
2026-10-08T06:23:48.1759479Z info: AxiomAudit.lean:551:0: 'ASGinzburg.ZAlgebra.simpleRightModuleDiagonalSimple' depends on axioms: [propext, Classical.choice, Quot.sound]
2026-10-08T06:23:48.1761598Z info: AxiomAudit.lean:552:0: 'ASGinzburg.ZAlgebra.simpleRightModule_hom_eq_zero_iff' depends on axioms: [propext, Classical.choice, Quot.sound]
2026-10-08T06:23:48.1763621Z info: AxiomAudit.lean:553:0: 'ASGinzburg.ZAlgebra.simpleRightModuleSimple' depends on axioms: [propext, Classical.choice, Quot.sound]
2026-10-08T06:23:48.1765459Z info: AxiomAudit.lean:554:0: 'ASGinzburg.ZAlgebra.simpleRightModule_shortExact' depends on axioms: [propext, Classical.choice, Quot.sound]
2026-10-08T06:23:48.1766962Z info: AxiomAudit.lean:555:0: 'ASGinzburg.ArrowSpace333' does not depend on any axioms
2026-10-08T06:23:48.1768255Z info: AxiomAudit.lean:556:0: 'ASGinzburg.CubicTensor333' depends on axioms: [propext, Classical.choice, Quot.sound]
2026-10-08T06:23:48.1769477Z info: AxiomAudit.lean:557:0: 'ASGinzburg.Triple333' does not depend on any axioms
2026-10-08T06:23:48.1770637Z info: AxiomAudit.lean:558:0: 'ASGinzburg.CubicCoefficients333' does not depend on any axioms
2026-10-08T06:23:48.1772388Z info: AxiomAudit.lean:559:0: 'ASGinzburg.CutRelations333' does not depend on any axioms
2026-10-08T06:23:48.1773716Z info: AxiomAudit.lean:560:0: 'ASGinzburg.cubicBasis333' depends on axioms: [propext, Classical.choice, Quot.sound]
2026-10-08T06:23:48.1775239Z info: AxiomAudit.lean:561:0: 'ASGinzburg.cubicCoordinates333' depends on axioms: [propext, Classical.choice, Quot.sound]
2026-10-08T06:23:48.1776875Z info: AxiomAudit.lean:562:0: 'ASGinzburg.cutRelationCoordinates333' depends on axioms: [propext, Classical.choice, Quot.sound]
2026-10-08T06:23:48.1778486Z info: AxiomAudit.lean:563:0: 'ASGinzburg.tensorToCutRelations333' depends on axioms: [propext, Classical.choice, Quot.sound]
2026-10-08T06:23:48.1780180Z info: AxiomAudit.lean:564:0: 'ASGinzburg.tensor_recovered_from_cut_relations333' depends on axioms: [propext, Classical.choice, Quot.sound]
2026-10-08T06:23:48.1781838Z info: AxiomAudit.lean:565:0: 'ASGinzburg.cubicTensor333_finrank' depends on axioms: [propext, Classical.choice, Quot.sound]
2026-10-08T06:23:48.1783742Z info: AxiomAudit.lean:566:0: 'ASGinzburg.arrowBasisChange333' depends on axioms: [propext, Classical.choice, Quot.sound]
2026-10-08T06:23:48.1785448Z info: AxiomAudit.lean:567:0: 'ASGinzburg.arrowBasisChange333_tmul' depends on axioms: [propext, Classical.choice, Quot.sound]
2026-10-08T06:23:48.1787047Z info: AxiomAudit.lean:568:0: 'ASGinzburg.TopCohomology' depends on axioms: [propext, Classical.choice, Quot.sound]
2026-10-08T06:23:48.1788527Z info: AxiomAudit.lean:569:0: 'ASGinzburg.map_from_zero_domain_eq_zero' depends on axioms: [propext, Quot.sound]
2026-10-08T06:23:48.1790051Z info: AxiomAudit.lean:570:0: 'ASGinzburg.topCohomologyEquiv' depends on axioms: [propext, Classical.choice, Quot.sound]
2026-10-08T06:23:48.1791643Z info: AxiomAudit.lean:571:0: 'ASGinzburg.topCohomology_finrank' depends on axioms: [propext, Classical.choice, Quot.sound]
2026-10-08T06:23:48.1793780Z info: AxiomAudit.lean:572:0: 'ASGinzburg.topCohomology_field_finrank' depends on axioms: [propext, Classical.choice, Quot.sound]
2026-10-08T06:23:48.1795506Z info: AxiomAudit.lean:573:0: 'ASGinzburg.discreteColimitFaithful' depends on axioms: [propext, Classical.choice, Quot.sound]
2026-10-08T06:23:48.1797231Z info: AxiomAudit.lean:574:0: 'ASGinzburg.ZAlgebra.rightModuleComponents' depends on axioms: [propext, Classical.choice, Quot.sound]
2026-10-08T06:23:48.1799005Z info: AxiomAudit.lean:575:0: 'ASGinzburg.ZAlgebra.leftModuleComponents' depends on axioms: [propext, Classical.choice, Quot.sound]
2026-10-08T06:23:48.1800849Z info: AxiomAudit.lean:576:0: 'ASGinzburg.ZAlgebra.rightModuleComponentsFaithful' depends on axioms: [propext, Classical.choice, Quot.sound]
2026-10-08T06:23:48.1802917Z info: AxiomAudit.lean:577:0: 'ASGinzburg.ZAlgebra.leftModuleComponentsFaithful' depends on axioms: [propext, Classical.choice, Quot.sound]
2026-10-08T06:23:48.1804790Z info: AxiomAudit.lean:578:0: 'ASGinzburg.ZAlgebra.rightModuleTotalFunctor' depends on axioms: [propext, Classical.choice, Quot.sound]
2026-10-08T06:23:48.1806598Z info: AxiomAudit.lean:579:0: 'ASGinzburg.ZAlgebra.leftModuleTotalFunctor' depends on axioms: [propext, Classical.choice, Quot.sound]
2026-10-08T06:23:48.1808469Z info: AxiomAudit.lean:580:0: 'ASGinzburg.ZAlgebra.rightModuleTotalFunctorFaithful' depends on axioms: [propext, Classical.choice, Quot.sound]
2026-10-08T06:23:48.1810420Z info: AxiomAudit.lean:581:0: 'ASGinzburg.ZAlgebra.leftModuleTotalFunctorFaithful' depends on axioms: [propext, Classical.choice, Quot.sound]
2026-10-08T06:23:48.1812481Z info: AxiomAudit.lean:582:0: 'ASGinzburg.ZAlgebra.rightModuleTotalFunctorPreservesFiniteLimits' depends on axioms: [propext,
2026-10-08T06:23:48.1813743Z  Classical.choice,
2026-10-08T06:23:48.1814198Z  Quot.sound]
2026-10-08T06:23:48.1815234Z info: AxiomAudit.lean:583:0: 'ASGinzburg.ZAlgebra.leftModuleTotalFunctorPreservesFiniteLimits' depends on axioms: [propext,
2026-10-08T06:23:48.1816425Z  Classical.choice,
2026-10-08T06:23:48.1816896Z  Quot.sound]
2026-10-08T06:23:48.1818183Z info: AxiomAudit.lean:584:0: 'ASGinzburg.ZAlgebra.rightModuleTotalFunctorPreservesColimitsOfShape' depends on axioms: [propext,
2026-10-08T06:23:48.1819730Z  Classical.choice,
2026-10-08T06:23:48.1820189Z  Quot.sound]
2026-10-08T06:23:48.1821256Z info: AxiomAudit.lean:585:0: 'ASGinzburg.ZAlgebra.leftModuleTotalFunctorPreservesColimitsOfShape' depends on axioms: [propext,
2026-10-08T06:23:48.1822753Z  Classical.choice,
2026-10-08T06:23:48.1823196Z  Quot.sound]
2026-10-08T06:23:48.1824319Z info: AxiomAudit.lean:586:0: 'ASGinzburg.ZAlgebra.leftModuleTotalFunctorObjIso' depends on axioms: [propext, Classical.choice, Quot.sound]
2026-10-08T06:23:48.1826213Z info: AxiomAudit.lean:587:0: 'ASGinzburg.ZAlgebra.rightModuleTotalSpace' depends on axioms: [propext, Classical.choice, Quot.sound]
2026-10-08T06:23:48.1828016Z info: AxiomAudit.lean:588:0: 'ASGinzburg.ZAlgebra.rightModuleTotalFunctorObjIso' depends on axioms: [propext, Classical.choice, Quot.sound]
2026-10-08T06:23:48.1829901Z info: AxiomAudit.lean:589:0: 'ASGinzburg.ZAlgebra.rightModuleTotalFunctorPreservesFiniteColimits' depends on axioms: [propext,
2026-10-08T06:23:48.1831141Z  Classical.choice,
2026-10-08T06:23:48.1831579Z  Quot.sound]
2026-10-08T06:23:48.1832873Z info: AxiomAudit.lean:590:0: 'ASGinzburg.ZAlgebra.leftModuleTotalFunctorPreservesFiniteColimits' depends on axioms: [propext,
2026-10-08T06:23:48.1834206Z  Classical.choice,
2026-10-08T06:23:48.1834646Z  Quot.sound]
2026-10-08T06:23:48.1835744Z info: AxiomAudit.lean:591:0: 'ASGinzburg.ZAlgebra.rightModuleTotalFunctor_shortExact' depends on axioms: [propext, Classical.choice, Quot.sound]
2026-10-08T06:23:48.1837681Z info: AxiomAudit.lean:592:0: 'ASGinzburg.ZAlgebra.leftModuleTotalFunctor_shortExact' depends on axioms: [propext, Classical.choice, Quot.sound]
2026-10-08T06:23:48.1839574Z info: AxiomAudit.lean:593:0: 'ASGinzburg.ZAlgebra.rightModuleTotalFunctor_exact_iff' depends on axioms: [propext, Classical.choice, Quot.sound]
2026-10-08T06:23:48.1841734Z info: AxiomAudit.lean:594:0: 'ASGinzburg.ZAlgebra.leftModuleTotalFunctor_exact_iff' depends on axioms: [propext, Classical.choice, Quot.sound]
2026-10-08T06:23:48.1844224Z info: AxiomAudit.lean:595:0: 'ASGinzburg.ZAlgebra.leftModuleTotalFunctor_ι_objIso_hom' depends on axioms: [propext, Classical.choice, Quot.sound]
2026-10-08T06:23:48.1846368Z info: AxiomAudit.lean:596:0: 'ASGinzburg.ZAlgebra.rightModuleTotalFunctor_ι_objIso_hom' depends on axioms: [propext, Classical.choice, Quot.sound]
2026-10-08T06:23:48.1847942Z info: AxiomAudit.lean:597:0: 'ASGinzburg.triangle333' depends on axioms: [propext, Quot.sound]
2026-10-08T06:23:48.1849107Z info: AxiomAudit.lean:598:0: 'ASGinzburg.triangleX' depends on axioms: [propext, Quot.sound]
2026-10-08T06:23:48.1850287Z info: AxiomAudit.lean:599:0: 'ASGinzburg.triangleY' depends on axioms: [propext, Quot.sound]
2026-10-08T06:23:48.1851427Z info: AxiomAudit.lean:600:0: 'ASGinzburg.triangleZ' depends on axioms: [propext, Quot.sound]
2026-10-08T06:23:48.1852752Z info: AxiomAudit.lean:601:0: 'ASGinzburg.triangleX_cut' depends on axioms: [propext, Quot.sound]
2026-10-08T06:23:48.1853998Z info: AxiomAudit.lean:602:0: 'ASGinzburg.triangleY_cut' depends on axioms: [propext, Quot.sound]
2026-10-08T06:23:48.1855323Z info: AxiomAudit.lean:603:0: 'ASGinzburg.triangleZ_cut' depends on axioms: [propext, Classical.choice, Quot.sound]
2026-10-08T06:23:48.1856833Z info: AxiomAudit.lean:604:0: 'ASGinzburg.triangle_arrow_winding' depends on axioms: [propext, Classical.choice, Quot.sound]
2026-10-08T06:23:48.1858398Z info: AxiomAudit.lean:605:0: 'ASGinzburg.triangle_path_winding' depends on axioms: [propext, Classical.choice, Quot.sound]
2026-10-08T06:23:48.1859987Z info: AxiomAudit.lean:606:0: 'ASGinzburg.triangle_cut_one_cycle_is_cubic' depends on axioms: [propext, Classical.choice, Quot.sound]
2026-10-08T06:23:48.1861705Z info: AxiomAudit.lean:607:0: 'ASGinzburg.triangle_same_winding_as_arrow_is_linear' depends on axioms: [propext, Classical.choice, Quot.sound]
2026-10-08T06:23:48.1863592Z info: AxiomAudit.lean:608:0: 'ASGinzburg.trianglePotential' depends on axioms: [propext, Classical.choice, Quot.sound]
2026-10-08T06:23:48.1865547Z info: AxiomAudit.lean:609:0: 'ASGinzburg.trianglePotential_cut_derivative_identity' depends on axioms: [propext, Classical.choice, Quot.sound]
2026-10-08T06:23:48.1867064Z info: AxiomAudit.lean:610:0: 'ASGinzburg.ZAlgebra.InWindow' does not depend on any axioms
2026-10-08T06:23:48.1868418Z info: AxiomAudit.lean:611:0: 'ASGinzburg.ZAlgebra.InWindow.mono' depends on axioms: [propext, Classical.choice, Quot.sound]
2026-10-08T06:23:48.1869991Z info: AxiomAudit.lean:612:0: 'ASGinzburg.ZAlgebra.WindowSystem' depends on axioms: [propext, Classical.choice, Quot.sound]
2026-10-08T06:23:48.1871708Z info: AxiomAudit.lean:613:0: 'ASGinzburg.ZAlgebra.WindowSystem.globalMap' depends on axioms: [propext, Classical.choice, Quot.sound]
2026-10-08T06:23:48.1873844Z info: AxiomAudit.lean:614:0: 'ASGinzburg.ZAlgebra.WindowSystem.globalMap_eq_window' depends on axioms: [propext, Classical.choice, Quot.sound]
2026-10-08T06:23:48.1875748Z info: AxiomAudit.lean:615:0: 'ASGinzburg.ZAlgebra.WindowSystem.periodIso' depends on axioms: [propext, Classical.choice, Quot.sound]
2026-10-08T06:23:48.1877721Z info: AxiomAudit.lean:616:0: 'ASGinzburg.ZAlgebra.WindowSystem.isPeriodic' depends on axioms: [propext, Classical.choice, Quot.sound]
2026-10-08T06:23:48.1879388Z info: AxiomAudit.lean:617:0: 'ASGinzburg.ZAlgebra' depends on axioms: [propext, Classical.choice, Quot.sound]
2026-10-08T06:23:48.1880916Z info: AxiomAudit.lean:618:0: 'ASGinzburg.ZAlgebra.PeriodIso' depends on axioms: [propext, Classical.choice, Quot.sound]
2026-10-08T06:23:48.1882826Z info: AxiomAudit.lean:619:0: 'ASGinzburg.ZAlgebra.IsPeriodic' depends on axioms: [propext, Classical.choice, Quot.sound]
2026-10-08T06:23:48.1884490Z info: AxiomAudit.lean:620:0: 'ASGinzburg.ZAlgebra.LinearSubcategory' depends on axioms: [propext, Classical.choice, Quot.sound]
2026-10-08T06:23:48.1886089Z info: AxiomAudit.lean:621:0: 'ASGinzburg.ZAlgebra.products' depends on axioms: [propext, Classical.choice, Quot.sound]
2026-10-08T06:23:48.1888067Z info: AxiomAudit.lean:622:0: 'ASGinzburg.ZAlgebra.generated_of_decomposition' depends on axioms: [propext, Classical.choice, Quot.sound]
2026-10-08T06:23:48.1889299Z Build completed successfully (3400 jobs).
2026-10-08T06:23:48.1890007Z [2026-10-08T06:23:48.140592+00:00] build: exit=0, elapsed=375.000835s
2026-10-08T06:23:48.1891318Z [2026-10-08T06:23:48.141579+00:00] axioms: bash /home/runner/work/as-ginzburg-lean/as-ginzburg-lean/scripts/with_lean.sh lake env lean AxiomAudit.lean
2026-10-08T06:24:16.7025467Z 'ASGinzburg.cardinal_sum_one_other_zero' depends on axioms: [propext, Classical.choice, Quot.sound]
2026-10-08T06:24:16.7063425Z 'ASGinzburg.ZAlgebra.ASRegular.extRank_other_zero' depends on axioms: [propext, Classical.choice, Quot.sound]
2026-10-08T06:24:16.7073013Z 'ASGinzburg.ZAlgebra.ASRegular.ext_other_eq_zero' depends on axioms: [propext, Classical.choice, Quot.sound]
2026-10-08T06:24:16.7074337Z 'ASGinzburg.ZAlgebra.ASRegular.ext_finrank' depends on axioms: [propext, Classical.choice, Quot.sound]
2026-10-08T06:24:16.7075733Z 'ASGinzburg.ZAlgebra.ASResolution.homologyExtThreeEquiv' depends on axioms: [propext, Classical.choice, Quot.sound]
2026-10-08T06:24:16.7077179Z 'ASGinzburg.ZAlgebra.ASRegular.extDimensionTable' depends on axioms: [propext, Classical.choice, Quot.sound]
2026-10-08T06:24:16.7079604Z 'ASGinzburg.ZAlgebra.ASRegular.extDimensionTable_apply' depends on axioms: [propext, Classical.choice, Quot.sound]
2026-10-08T06:24:16.7103644Z 'ASGinzburg.ZAlgebra.ASRegular.extDimensionTable_eq_single' depends on axioms: [propext, Classical.choice, Quot.sound]
2026-10-08T06:24:16.7105357Z 'ASGinzburg.ZAlgebra.ASRegular.extDimensionTable_total' depends on axioms: [propext, Classical.choice, Quot.sound]
2026-10-08T06:24:16.7106938Z 'ASGinzburg.cardinal_sum_eq_one_of_single' depends on axioms: [propext, Classical.choice, Quot.sound]
2026-10-08T06:24:16.7108506Z 'ASGinzburg.ZAlgebra.asExtTotalRank_eq_one_of_finrank' depends on axioms: [propext, Classical.choice, Quot.sound]
2026-10-08T06:24:16.7110513Z 'ASGinzburg.ZAlgebra.asRegular_iff_ext_finrank' depends on axioms: [propext, Classical.choice, Quot.sound]
2026-10-08T06:24:16.7112351Z 'ASGinzburg.ZAlgebra.ASResolution.asDualityExtThreeEquiv' depends on axioms: [propext, Classical.choice, Quot.sound]
2026-10-08T06:24:16.7113975Z 'ASGinzburg.ZAlgebra.ASRegular.extThreeEquiv' depends on axioms: [propext, Classical.choice, Quot.sound]
2026-10-08T06:24:16.7115480Z 'ASGinzburg.ZAlgebra.ASRegular.extThree_finrank' depends on axioms: [propext, Classical.choice, Quot.sound]
2026-10-08T06:24:16.7116969Z 'ASGinzburg.ZAlgebra.ASRegular.extThree_rank' depends on axioms: [propext, Classical.choice, Quot.sound]
2026-10-08T06:24:16.7118531Z 'ASGinzburg.ZAlgebra.ASResolution.homComplex_isZero_ge_four' depends on axioms: [propext, Classical.choice, Quot.sound]
2026-10-08T06:24:16.7120165Z 'ASGinzburg.ZAlgebra.ASResolution.homComplex_tau_representable_low_terms_isZero' depends on axioms: [propext,
2026-10-08T06:24:16.7121282Z  Classical.choice,
2026-10-08T06:24:16.7121829Z  Quot.sound]
2026-10-08T06:24:16.7123076Z 'ASGinzburg.ZAlgebra.ASResolution.homComplex_tau_representable_top_homologyLinearEquiv' depends on axioms: [propext,
2026-10-08T06:24:16.7124244Z  Classical.choice,
2026-10-08T06:24:16.7124745Z  Quot.sound]
2026-10-08T06:24:16.7125747Z 'ASGinzburg.ZAlgebra.ASResolution.homComplex_tau_representable_low_homology_isZero' depends on axioms: [propext,
2026-10-08T06:24:16.7126948Z  Classical.choice,
2026-10-08T06:24:16.7127465Z  Quot.sound]
2026-10-08T06:24:16.7128460Z 'ASGinzburg.ZAlgebra.ASResolution.homComplex_tau_representable_high_homology_isZero' depends on axioms: [propext,
2026-10-08T06:24:16.7129600Z  Classical.choice,
2026-10-08T06:24:16.7130110Z  Quot.sound]
2026-10-08T06:24:16.7131095Z 'ASGinzburg.ZAlgebra.ASResolution.homComplex_tau_representable_top_homology_finrank' depends on axioms: [propext,
2026-10-08T06:24:16.7132438Z  Classical.choice,
2026-10-08T06:24:16.7132950Z  Quot.sound]
2026-10-08T06:24:16.7134155Z 'ASGinzburg.CutQuiver.tau_incomingSource_height_gt' depends on axioms: [propext, Classical.choice, Quot.sound]
2026-10-08T06:24:16.7136077Z 'ASGinzburg.ZAlgebra.asDualityHomTerm₀_zero' depends on axioms: [propext, Classical.choice, Quot.sound]
2026-10-08T06:24:16.7137715Z 'ASGinzburg.ZAlgebra.asDualityHomTerm₁_zero' depends on axioms: [propext, Classical.choice, Quot.sound]
2026-10-08T06:24:16.7139334Z 'ASGinzburg.ZAlgebra.asDualityHomTerm₂_zero' depends on axioms: [propext, Classical.choice, Quot.sound]
2026-10-08T06:24:16.7140954Z 'ASGinzburg.ZAlgebra.asDualityHomTerm₃Equiv' depends on axioms: [propext, Classical.choice, Quot.sound]
2026-10-08T06:24:16.7142697Z 'ASGinzburg.ZAlgebra.leftModule_isZero_of_components' depends on axioms: [propext, Classical.choice, Quot.sound]
2026-10-08T06:24:16.7144310Z 'ASGinzburg.ZAlgebra.leftModuleIsoOfSingleSupport' depends on axioms: [propext, Classical.choice, Quot.sound]
2026-10-08T06:24:16.7145940Z 'ASGinzburg.ZAlgebra.ASRegular.extLeft_off_degree_three' depends on axioms: [propext, Classical.choice, Quot.sound]
2026-10-08T06:24:16.7147560Z 'ASGinzburg.ZAlgebra.ASRegular.extLeftThree_off_vertex' depends on axioms: [propext, Classical.choice, Quot.sound]
2026-10-08T06:24:16.7149182Z 'ASGinzburg.ZAlgebra.ASRegular.extLeftThreeIsoSimple' depends on axioms: [propext, Classical.choice, Quot.sound]
2026-10-08T06:24:16.7150715Z 'ASGinzburg.ZAlgebra.ASRegular.extLeftThree_positive_action_zero' depends on axioms: [propext,
2026-10-08T06:24:16.7151724Z  Classical.choice,
2026-10-08T06:24:16.7152488Z  Quot.sound]
2026-10-08T06:24:16.7153471Z 'ASGinzburg.directSumSingleSupportLinearEquiv' depends on axioms: [propext, Classical.choice, Quot.sound]
2026-10-08T06:24:16.7154973Z 'ASGinzburg.ZAlgebra.rightRegularCoproduct' depends on axioms: [propext, Classical.choice, Quot.sound]
2026-10-08T06:24:36.8018394Z 'ASGinzburg.ZAlgebra.rightRegularCoproductComponentIso' depends on axioms: [propext, Classical.choice, Quot.sound]
2026-10-08T06:24:36.8037808Z 'ASGinzburg.ZAlgebra.leftModuleTotalSpace' depends on axioms: [propext, Classical.choice, Quot.sound]
2026-10-08T06:24:36.8039779Z 'ASGinzburg.ZAlgebra.leftModuleTotalIso' depends on axioms: [propext, Classical.choice, Quot.sound]
2026-10-08T06:24:36.8041458Z 'ASGinzburg.ZAlgebra.ASResolution.extRegularCoproductLinearEquiv' depends on axioms: [propext,
2026-10-08T06:24:36.8042787Z  Classical.choice,
2026-10-08T06:24:36.8043311Z  Quot.sound]
2026-10-08T06:24:36.8044332Z 'ASGinzburg.ZAlgebra.leftModuleTotalSpace_eq_zero_of_isZero' depends on axioms: [propext, Classical.choice, Quot.sound]
2026-10-08T06:24:36.8045973Z 'ASGinzburg.ZAlgebra.simpleLeftModuleTotalEquiv' depends on axioms: [propext, Classical.choice, Quot.sound]
2026-10-08T06:24:36.8047474Z 'ASGinzburg.ZAlgebra.ASRegular.extRegularCoproduct_off_three_eq_zero' depends on axioms: [propext,
2026-10-08T06:24:36.8048524Z  Classical.choice,
2026-10-08T06:24:36.8049047Z  Quot.sound]
2026-10-08T06:24:36.8050122Z 'ASGinzburg.ZAlgebra.ASRegular.extRegularCoproductThreeEquiv' depends on axioms: [propext, Classical.choice, Quot.sound]
2026-10-08T06:24:36.8051760Z 'ASGinzburg.ZAlgebra.ASRegular.extRegularCoproductThree_finrank' depends on axioms: [propext,
2026-10-08T06:24:36.8053031Z  Classical.choice,
2026-10-08T06:24:36.8053552Z  Quot.sound]
2026-10-08T06:24:36.8054507Z 'ASGinzburg.ZAlgebra.ASRegular.extRegularCoproductThreeScalarEquiv' depends on axioms: [propext,
2026-10-08T06:24:36.8055586Z  Classical.choice,
2026-10-08T06:24:36.8056091Z  Quot.sound]
2026-10-08T06:24:36.8057122Z 'ASGinzburg.ZAlgebra.ASRegular.extRegularCoproductFinite' depends on axioms: [propext, Classical.choice, Quot.sound]
2026-10-08T06:24:36.8058845Z 'ASGinzburg.ZAlgebra.ASRegular.extRegularCoproduct_finrank' depends on axioms: [propext, Classical.choice, Quot.sound]
2026-10-08T06:24:36.8060372Z 'ASGinzburg.ZAlgebra.asExtTotalRank' depends on axioms: [propext, Classical.choice, Quot.sound]
2026-10-08T06:24:36.8061688Z 'ASGinzburg.ZAlgebra.ASRegular' depends on axioms: [propext, Classical.choice, Quot.sound]
2026-10-08T06:24:36.8063530Z 'ASGinzburg.ZAlgebra.ASRegular.resolution' depends on axioms: [propext, Classical.choice, Quot.sound]
2026-10-08T06:24:36.8065118Z 'ASGinzburg.ZAlgebra.ASRegular.projectiveResolution' depends on axioms: [propext, Classical.choice, Quot.sound]
2026-10-08T06:24:36.8066668Z 'ASGinzburg.ZAlgebra.ASRegular.projectiveResolution_isZero_ge_four' depends on axioms: [propext,
2026-10-08T06:24:36.8067731Z  Classical.choice,
2026-10-08T06:24:36.8068248Z  Quot.sound]
2026-10-08T06:24:36.8069125Z 'ASGinzburg.ZAlgebra.asExtRank_le_total' depends on axioms: [propext, Classical.choice, Quot.sound]
2026-10-08T06:24:36.8070551Z 'ASGinzburg.ZAlgebra.ASRegular.extRank_le_one' depends on axioms: [propext, Classical.choice, Quot.sound]
2026-10-08T06:24:36.8072002Z 'ASGinzburg.ZAlgebra.ASRegular.extFinite' depends on axioms: [propext, Classical.choice, Quot.sound]
2026-10-08T06:24:36.8073686Z 'ASGinzburg.ZAlgebra.ASRegular.extFinrank_le_one' depends on axioms: [propext, Classical.choice, Quot.sound]
2026-10-08T06:24:36.8075147Z 'ASGinzburg.ZAlgebra.asExtRank_zero_iff' depends on axioms: [propext, Classical.choice, Quot.sound]
2026-10-08T06:24:36.8076366Z 'ASGinzburg.CutQuiver.incomingArrows' does not depend on any axioms
2026-10-08T06:24:36.8077380Z 'ASGinzburg.CutQuiver.outgoingArrows' does not depend on any axioms
2026-10-08T06:24:36.8078660Z 'ASGinzburg.CutQuiver.incomingArrowsFintype' depends on axioms: [propext, Classical.choice, Quot.sound]
2026-10-08T06:24:36.8080188Z 'ASGinzburg.CutQuiver.outgoingArrowsFintype' depends on axioms: [propext, Classical.choice, Quot.sound]
2026-10-08T06:24:36.8081453Z 'ASGinzburg.CutQuiver.incomingSource' does not depend on any axioms
2026-10-08T06:24:36.8082680Z 'ASGinzburg.CutQuiver.outgoingTarget' does not depend on any axioms
2026-10-08T06:24:36.8083743Z 'ASGinzburg.CutQuiver.incoming_liftedTarget' depends on axioms: [propext]
2026-10-08T06:24:36.8084830Z 'ASGinzburg.CutQuiver.outgoing_liftedSource' does not depend on any axioms
2026-10-08T06:24:36.8086120Z 'ASGinzburg.CutQuiver.incomingSource_height_lt' depends on axioms: [propext, Classical.choice, Quot.sound]
2026-10-08T06:24:36.8087828Z 'ASGinzburg.CutQuiver.outgoingTarget_height_gt' depends on axioms: [propext, Classical.choice, Quot.sound]
2026-10-08T06:24:36.8089343Z 'ASGinzburg.ZAlgebra.rightModule_coproduct_projective' depends on axioms: [propext, Classical.choice, Quot.sound]
2026-10-08T06:24:36.8091197Z 'ASGinzburg.ZAlgebra.asResolutionTerm₁' depends on axioms: [propext, Classical.choice, Quot.sound]
2026-10-08T06:24:36.8092986Z 'ASGinzburg.ZAlgebra.asResolutionTerm₂' depends on axioms: [propext, Classical.choice, Quot.sound]
2026-10-08T06:24:36.8094649Z 'ASGinzburg.ZAlgebra.asResolutionTerm₁Projective' depends on axioms: [propext, Classical.choice, Quot.sound]
2026-10-08T06:24:36.8096459Z 'ASGinzburg.ZAlgebra.asResolutionTerm₂Projective' depends on axioms: [propext, Classical.choice, Quot.sound]
2026-10-08T06:24:36.8097921Z 'ASGinzburg.ZAlgebra.ASResolution' depends on axioms: [propext, Classical.choice, Quot.sound]
2026-10-08T06:24:36.8099566Z 'ASGinzburg.ZAlgebra.ASResolution.hom_d₁_simple_zero' depends on axioms: [propext, Classical.choice, Quot.sound]
2026-10-08T06:24:58.3270862Z 'ASGinzburg.ZAlgebra.ASResolution.hom_d₂_simple_zero' depends on axioms: [propext, Classical.choice, Quot.sound]
2026-10-08T06:24:58.3293921Z 'ASGinzburg.ZAlgebra.ASResolution.hom_d₃_simple_zero' depends on axioms: [propext, Classical.choice, Quot.sound]
2026-10-08T06:24:58.3313176Z 'ASGinzburg.ZAlgebra.ASResolution.complexTerm' depends on axioms: [propext, Classical.choice, Quot.sound]
2026-10-08T06:24:58.3314802Z 'ASGinzburg.ZAlgebra.ASResolution.complexDifferential' depends on axioms: [propext, Classical.choice, Quot.sound]
2026-10-08T06:24:58.3321438Z 'ASGinzburg.ZAlgebra.ASResolution.complexDifferential_sq' depends on axioms: [propext, Classical.choice, Quot.sound]
2026-10-08T06:24:58.3323250Z 'ASGinzburg.ZAlgebra.ASResolution.complex' depends on axioms: [propext, Classical.choice, Quot.sound]
2026-10-08T06:24:58.3325287Z 'ASGinzburg.ZAlgebra.ASResolution.complexTermProjective' depends on axioms: [propext, Classical.choice, Quot.sound]
2026-10-08T06:24:58.3326936Z 'ASGinzburg.ZAlgebra.ASResolution.complex_exactAt_succ' depends on axioms: [propext, Classical.choice, Quot.sound]
2026-10-08T06:24:58.3328421Z 'ASGinzburg.ZAlgebra.ASResolution.augmentation' depends on axioms: [propext, Classical.choice, Quot.sound]
2026-10-08T06:24:58.3329918Z 'ASGinzburg.ZAlgebra.ASResolution.augmentationQuasiIso' depends on axioms: [propext, Classical.choice, Quot.sound]
2026-10-08T06:24:58.3331327Z 'ASGinzburg.ZAlgebra.ASResolution.toProjectiveResolution' depends on axioms: [propext, Classical.choice, Quot.sound]
2026-10-08T06:24:58.3333064Z 'ASGinzburg.ZAlgebra.ASResolution.complex_isZero_ge_four' depends on axioms: [propext, Classical.choice, Quot.sound]
2026-10-08T06:24:58.3334558Z 'ASGinzburg.ZAlgebra.ASResolution.extShiftThree' depends on axioms: [propext, Classical.choice, Quot.sound]
2026-10-08T06:24:58.3336036Z 'ASGinzburg.ZAlgebra.ASResolution.ext_ge_four_eq_zero' depends on axioms: [propext, Classical.choice, Quot.sound]
2026-10-08T06:24:58.3337504Z 'ASGinzburg.ZAlgebra.ASResolution.ext_ge_four_rank_zero' depends on axioms: [propext, Classical.choice, Quot.sound]
2026-10-08T06:24:58.3339079Z 'ASGinzburg.ZAlgebra.rightModuleExtZeroPreservesColimits' depends on axioms: [propext, Classical.choice, Quot.sound]
2026-10-08T06:24:58.3340740Z 'ASGinzburg.ZAlgebra.rightModuleExtSuccPreservesColimits' depends on axioms: [propext, Classical.choice, Quot.sound]
2026-10-08T06:24:58.3342825Z 'ASGinzburg.ZAlgebra.ASResolution.secondSyzygyHomPreservesColimits' depends on axioms: [propext,
2026-10-08T06:24:58.3344006Z  Classical.choice,
2026-10-08T06:24:58.3344857Z  Quot.sound]
2026-10-08T06:24:58.3345893Z 'ASGinzburg.ZAlgebra.ASResolution.firstSyzygyHomPreservesColimits' depends on axioms: [propext,
2026-10-08T06:24:58.3347035Z  Classical.choice,
2026-10-08T06:24:58.3417087Z  Quot.sound]
2026-10-08T06:24:58.3418221Z 'ASGinzburg.ZAlgebra.ASResolution.simpleHomPreservesColimits' depends on axioms: [propext, Classical.choice, Quot.sound]
2026-10-08T06:24:58.3420972Z 'ASGinzburg.ZAlgebra.ASResolution.secondSyzygyExtOnePreservesColimits' depends on axioms: [propext,
2026-10-08T06:24:58.3422956Z  Classical.choice,
2026-10-08T06:24:58.3423458Z  Quot.sound]
2026-10-08T06:24:58.3424341Z 'ASGinzburg.ZAlgebra.ASResolution.firstSyzygyExtOnePreservesColimits' depends on axioms: [propext,
2026-10-08T06:24:58.3425349Z  Classical.choice,
2026-10-08T06:24:58.3425808Z  Quot.sound]
2026-10-08T06:24:58.3426641Z 'ASGinzburg.ZAlgebra.ASResolution.simpleExtOnePreservesColimits' depends on axioms: [propext,
2026-10-08T06:24:58.3427605Z  Classical.choice,
2026-10-08T06:24:58.3428082Z  Quot.sound]
2026-10-08T06:24:58.3428937Z 'ASGinzburg.ZAlgebra.ASResolution.simpleExtTwoPreservesColimits' depends on axioms: [propext,
2026-10-08T06:24:58.3429900Z  Classical.choice,
2026-10-08T06:24:58.3430366Z  Quot.sound]
2026-10-08T06:24:58.3431219Z 'ASGinzburg.ZAlgebra.ASResolution.simpleExtThreePreservesColimits' depends on axioms: [propext,
2026-10-08T06:24:58.3432579Z  Classical.choice,
2026-10-08T06:24:58.3433104Z  Quot.sound]
2026-10-08T06:24:58.3433940Z 'ASGinzburg.ZAlgebra.ASResolution.simpleHigherExtFunctorIsZero' depends on axioms: [propext,
2026-10-08T06:24:58.3434910Z  Classical.choice,
2026-10-08T06:24:58.3435383Z  Quot.sound]
2026-10-08T06:24:58.3436251Z 'ASGinzburg.ZAlgebra.ASResolution.simpleExtPreservesExactColimits' depends on axioms: [propext,
2026-10-08T06:24:58.3437231Z  Classical.choice,
2026-10-08T06:24:58.3437697Z  Quot.sound]
2026-10-08T06:24:58.3438617Z 'ASGinzburg.ZAlgebra.ASResolution.simpleExtColimitIso' depends on axioms: [propext, Classical.choice, Quot.sound]
2026-10-08T06:24:58.3440081Z 'ASGinzburg.ZAlgebra.ASResolution.simpleExtPreservesCoproducts' depends on axioms: [propext,
2026-10-08T06:24:58.3441070Z  Classical.choice,
2026-10-08T06:24:58.3441494Z  Quot.sound]
2026-10-08T06:24:58.3442643Z 'ASGinzburg.ZAlgebra.ASResolution.simpleExtCoproductIso' depends on axioms: [propext, Classical.choice, Quot.sound]
2026-10-08T06:24:58.3444443Z 'ASGinzburg.ZAlgebra.ASResolution.simpleExtCoproductIso_inclusion_hom' depends on axioms: [propext,
2026-10-08T06:24:58.3445493Z  Classical.choice,
2026-10-08T06:24:58.3445918Z  Quot.sound]
2026-10-08T06:24:58.3446738Z 'ASGinzburg.ZAlgebra.ASResolution.simpleExtDirectSumLinearEquiv' depends on axioms: [propext,
2026-10-08T06:24:58.3447722Z  Classical.choice,
2026-10-08T06:24:58.3448191Z  Quot.sound]
2026-10-08T06:24:58.3449150Z 'ASGinzburg.ZAlgebra.ASResolution.simpleExtDirectSumLinearEquiv_postcomp_inclusion' depends on axioms: [propext,
2026-10-08T06:24:58.3450264Z  Classical.choice,
2026-10-08T06:24:58.3450735Z  Quot.sound]
2026-10-08T06:24:58.3451625Z 'ASGinzburg.ZAlgebra.rightModuleExtZeroFinite' depends on axioms: [propext, Classical.choice, Quot.sound]
2026-10-08T06:24:58.3453482Z 'ASGinzburg.ZAlgebra.rightModuleExtOneFinite' depends on axioms: [propext, Classical.choice, Quot.sound]
2026-10-08T06:25:04.6504429Z 'ASGinzburg.ZAlgebra.ASResolution.extFinite_representable' depends on axioms: [propext, Classical.choice, Quot.sound]
2026-10-08T06:25:04.6523738Z 'ASGinzburg.ZAlgebra.ASResolution.homDifferential' depends on axioms: [propext, Classical.choice, Quot.sound]
2026-10-08T06:25:04.6543140Z 'ASGinzburg.ZAlgebra.ASResolution.homDifferential_sq' depends on axioms: [propext, Classical.choice, Quot.sound]
2026-10-08T06:25:04.6549579Z 'ASGinzburg.ZAlgebra.ASResolution.homComplex' depends on axioms: [propext, Classical.choice, Quot.sound]
2026-10-08T06:25:04.6551060Z 'ASGinzburg.ZAlgebra.ASResolution.complexDifferential_minimal' depends on axioms: [propext,
2026-10-08T06:25:04.6552295Z  Classical.choice,
2026-10-08T06:25:04.6552816Z  Quot.sound]
2026-10-08T06:25:04.6553651Z 'ASGinzburg.ZAlgebra.ASResolution.homDifferential_simple_zero' depends on axioms: [propext,
2026-10-08T06:25:04.6554648Z  Classical.choice,
2026-10-08T06:25:04.6555136Z  Quot.sound]
2026-10-08T06:25:04.6556144Z 'ASGinzburg.ZAlgebra.ASResolution.homComplex_simple_d_zero' depends on axioms: [propext, Classical.choice, Quot.sound]
2026-10-08T06:25:04.6558062Z 'ASGinzburg.ZAlgebra.ASResolution.homComplex_simple_d_all_zero' depends on axioms: [propext,
2026-10-08T06:25:04.6559040Z  Classical.choice,
2026-10-08T06:25:04.6559532Z  Quot.sound]
2026-10-08T06:25:04.6560374Z 'ASGinzburg.ZAlgebra.ASResolution.homComplex_simple_homologyIso' depends on axioms: [propext,
2026-10-08T06:25:04.6561357Z  Classical.choice,
2026-10-08T06:25:04.6561839Z  Quot.sound]
2026-10-08T06:25:04.6562971Z 'ASGinzburg.ZAlgebra.rightModule_exact_comp_mono_iff' depends on axioms: [propext, Classical.choice, Quot.sound]
2026-10-08T06:25:04.6564487Z 'ASGinzburg.ZAlgebra.ASResolution.firstCover' depends on axioms: [propext, Classical.choice, Quot.sound]
2026-10-08T06:25:04.6566316Z 'ASGinzburg.ZAlgebra.ASResolution.firstCover_ι' depends on axioms: [propext, Classical.choice, Quot.sound]
2026-10-08T06:25:04.6567840Z 'ASGinzburg.ZAlgebra.ASResolution.firstCoverEpi' depends on axioms: [propext, Classical.choice, Quot.sound]
2026-10-08T06:25:04.6569525Z 'ASGinzburg.ZAlgebra.ASResolution.d₂_firstCover' depends on axioms: [propext, Classical.choice, Quot.sound]
2026-10-08T06:25:04.6571345Z 'ASGinzburg.ZAlgebra.ASResolution.exact_d₂_firstCover' depends on axioms: [propext, Classical.choice, Quot.sound]
2026-10-08T06:25:04.6573131Z 'ASGinzburg.ZAlgebra.ASResolution.secondCover' depends on axioms: [propext, Classical.choice, Quot.sound]
2026-10-08T06:25:04.6574771Z 'ASGinzburg.ZAlgebra.ASResolution.secondCover_ι' depends on axioms: [propext, Classical.choice, Quot.sound]
2026-10-08T06:25:04.6576283Z 'ASGinzburg.ZAlgebra.ASResolution.secondCoverEpi' depends on axioms: [propext, Classical.choice, Quot.sound]
2026-10-08T06:25:04.6577959Z 'ASGinzburg.ZAlgebra.ASResolution.d₃_secondCover' depends on axioms: [propext, Classical.choice, Quot.sound]
2026-10-08T06:25:04.6579673Z 'ASGinzburg.ZAlgebra.ASResolution.exact_d₃_secondCover' depends on axioms: [propext, Classical.choice, Quot.sound]
2026-10-08T06:25:04.6581624Z 'ASGinzburg.ZAlgebra.ASResolution.shortExact₀' depends on axioms: [propext, Classical.choice, Quot.sound]
2026-10-08T06:25:04.6583543Z 'ASGinzburg.ZAlgebra.ASResolution.shortExact₁' depends on axioms: [propext, Classical.choice, Quot.sound]
2026-10-08T06:25:04.6585172Z 'ASGinzburg.ZAlgebra.ASResolution.shortExact₂' depends on axioms: [propext, Classical.choice, Quot.sound]
2026-10-08T06:25:04.6586499Z 'ASGinzburg.conjugateHom' depends on axioms: [propext, Classical.choice, Quot.sound]
2026-10-08T06:25:04.6587697Z 'ASGinzburg.conjugateHom_apply' depends on axioms: [propext, Classical.choice, Quot.sound]
2026-10-08T06:25:04.6588912Z 'ASGinzburg.conjugateHom_id' depends on axioms: [propext, Classical.choice, Quot.sound]
2026-10-08T06:25:04.6590080Z 'ASGinzburg.conjugateHom_comp' depends on axioms: [propext, Classical.choice, Quot.sound]
2026-10-08T06:25:04.6591153Z 'ASGinzburg.CyclicWord' depends on axioms: [propext, Quot.sound]
2026-10-08T06:25:04.6592415Z 'ASGinzburg.WordPolynomial' depends on axioms: [propext, Classical.choice, Quot.sound]
2026-10-08T06:25:04.6593659Z 'ASGinzburg.CyclicPolynomial' depends on axioms: [propext, Classical.choice, Quot.sound]
2026-10-08T06:25:04.6594720Z 'ASGinzburg.wordClass' depends on axioms: [propext, Quot.sound]
2026-10-08T06:25:04.6595709Z 'ASGinzburg.traceWord' depends on axioms: [propext, Classical.choice, Quot.sound]
2026-10-08T06:25:04.6596769Z 'ASGinzburg.wordClass_append_swap' depends on axioms: [propext, Quot.sound]
2026-10-08T06:25:04.6597896Z 'ASGinzburg.traceWord_append_swap' depends on axioms: [propext, Classical.choice, Quot.sound]
2026-10-08T06:25:04.6598936Z 'ASGinzburg.wordCutDegree' does not depend on any axioms
2026-10-08T06:25:04.6599789Z 'ASGinzburg.wordCutDegree_append' depends on axioms: [propext]
2026-10-08T06:25:04.6600722Z 'ASGinzburg.unique_cut_split' depends on axioms: [propext, Quot.sound]
2026-10-08T06:25:04.6601786Z 'ASGinzburg.reconstructAux' depends on axioms: [propext, Classical.choice, Quot.sound]
2026-10-08T06:25:04.6603286Z 'ASGinzburg.reconstructAux_euler' depends on axioms: [propext, Classical.choice, Quot.sound]
2026-10-08T06:25:04.6604748Z 'ASGinzburg.cyclicTrace' depends on axioms: [propext, Classical.choice, Quot.sound]
2026-10-08T06:25:04.6605940Z 'ASGinzburg.cutReconstruction' depends on axioms: [propext, Classical.choice, Quot.sound]
2026-10-08T06:25:07.7423404Z 'ASGinzburg.cut_euler_identity' depends on axioms: [propext, Classical.choice, Quot.sound]
2026-10-08T06:25:07.7452349Z 'ASGinzburg.cut_normal_form' depends on axioms: [propext, Quot.sound]
2026-10-08T06:25:07.7453255Z 'ASGinzburg.path_word_cutDegree' depends on axioms: [propext]
2026-10-08T06:25:07.7483138Z 'ASGinzburg.CutQuiver' does not depend on any axioms
2026-10-08T06:25:07.7523170Z 'ASGinzburg.CutQuiver.Arrow' does not depend on any axioms
2026-10-08T06:25:07.7563080Z 'ASGinzburg.CutQuiver.Vertex' does not depend on any axioms
2026-10-08T06:25:07.7603094Z 'ASGinzburg.CutQuiver.LiftVertex' does not depend on any axioms
2026-10-08T06:25:07.7643112Z 'ASGinzburg.CutQuiver.cutDegree' does not depend on any axioms
2026-10-08T06:25:07.7683129Z 'ASGinzburg.CutQuiver.winding' does not depend on any axioms
2026-10-08T06:25:07.7723019Z 'ASGinzburg.CutQuiver.height' does not depend on any axioms
2026-10-08T06:25:07.7763239Z 'ASGinzburg.CutQuiver.periodNeZero' depends on axioms: [propext, Quot.sound]
2026-10-08T06:25:07.7764464Z 'ASGinzburg.CutQuiver.heightEquiv' depends on axioms: [propext, Classical.choice, Quot.sound]
2026-10-08T06:25:07.7783158Z 'ASGinzburg.CutQuiver.heightEquiv_apply' depends on axioms: [propext, Classical.choice, Quot.sound]
2026-10-08T06:25:07.7803283Z 'ASGinzburg.CutQuiver.height_bijective' depends on axioms: [propext, Classical.choice, Quot.sound]
2026-10-08T06:25:07.7804421Z 'ASGinzburg.CutQuiver.shift' does not depend on any axioms
2026-10-08T06:25:07.7805170Z 'ASGinzburg.CutQuiver.tau' depends on axioms: [propext]
2026-10-08T06:25:07.7805952Z 'ASGinzburg.CutQuiver.liftedSource' does not depend on any axioms
2026-10-08T06:25:07.7806812Z 'ASGinzburg.CutQuiver.liftedTarget' does not depend on any axioms
2026-10-08T06:25:07.7808228Z 'ASGinzburg.CutQuiver.cutDegree_false' depends on axioms: [propext]
2026-10-08T06:25:07.7809125Z 'ASGinzburg.CutQuiver.cutDegree_true' depends on axioms: [propext]
2026-10-08T06:25:07.7810086Z 'ASGinzburg.CutQuiver.winding_pos' depends on axioms: [propext, Classical.choice, Quot.sound]
2026-10-08T06:25:07.7811231Z 'ASGinzburg.CutQuiver.winding_lt_period' depends on axioms: [propext, Classical.choice, Quot.sound]
2026-10-08T06:25:07.7812330Z 'ASGinzburg.CutQuiver.height_shift' depends on axioms: [propext]
2026-10-08T06:25:07.7812924Z 'ASGinzburg.CutQuiver.height_tau' depends on axioms: [propext, Quot.sound]
2026-10-08T06:25:07.7813504Z 'ASGinzburg.CutQuiver.lifted_height_difference' depends on axioms: [propext, Quot.sound]
2026-10-08T06:25:07.7814198Z 'ASGinzburg.CutQuiver.lifted_arrow_increases_height' depends on axioms: [propext, Classical.choice, Quot.sound]
2026-10-08T06:25:07.7814992Z 'ASGinzburg.CutQuiver.intermediate_in_interval' depends on axioms: [propext, Classical.choice, Quot.sound]
2026-10-08T06:25:07.7815595Z 'ASGinzburg.CutQuiver.Path' does not depend on any axioms
2026-10-08T06:25:07.7816023Z 'ASGinzburg.CutQuiver.Path.length' does not depend on any axioms
2026-10-08T06:25:07.7816480Z 'ASGinzburg.CutQuiver.Path.cutDegree' does not depend on any axioms
2026-10-08T06:25:07.7816936Z 'ASGinzburg.CutQuiver.Path.winding' does not depend on any axioms
2026-10-08T06:25:07.7817378Z 'ASGinzburg.CutQuiver.Path.toList' does not depend on any axioms
2026-10-08T06:25:07.7817835Z 'ASGinzburg.CutQuiver.Path.length_toList' depends on axioms: [propext]
2026-10-08T06:25:07.7818400Z 'ASGinzburg.CutQuiver.Path.winding_eq' depends on axioms: [propext, Classical.choice, Quot.sound]
2026-10-08T06:25:07.7819074Z 'ASGinzburg.CutQuiver.Path.winding_nonneg' depends on axioms: [propext, Classical.choice, Quot.sound]
2026-10-08T06:25:07.7819797Z 'ASGinzburg.CutQuiver.Path.winding_pos_of_length_pos' depends on axioms: [propext, Classical.choice, Quot.sound]
2026-10-08T06:25:07.7820566Z 'ASGinzburg.CutQuiver.Path.zero_cut_increases_vertex' depends on axioms: [propext, Classical.choice, Quot.sound]
2026-10-08T06:25:07.7821552Z 'ASGinzburg.CutQuiver.Path.zero_cut_has_no_nonempty_cycle' depends on axioms: [propext, Classical.choice, Quot.sound]
2026-10-08T06:25:07.7832975Z 'ASGinzburg.CutQuiver.Path.cut_one_cycle_winding' depends on axioms: [propext, Classical.choice, Quot.sound]
2026-10-08T06:25:07.7834185Z 'ASGinzburg.derivativeAux' depends on axioms: [propext, Classical.choice, Quot.sound]
2026-10-08T06:25:07.7835183Z 'ASGinzburg.derivativeWord' depends on axioms: [propext, Classical.choice, Quot.sound]
2026-10-08T06:25:07.7836264Z 'ASGinzburg.derivativeAux_append' depends on axioms: [propext, Classical.choice, Quot.sound]
2026-10-08T06:25:07.7837379Z 'ASGinzburg.derivativeWord_append_swap' depends on axioms: [propext, Classical.choice, Quot.sound]
2026-10-08T06:25:07.7838517Z 'ASGinzburg.derivativeWord_rotate' depends on axioms: [propext, Classical.choice, Quot.sound]
2026-10-08T06:25:07.7839628Z 'ASGinzburg.derivativeCyclicWord' depends on axioms: [propext, Classical.choice, Quot.sound]
2026-10-08T06:25:07.7840744Z 'ASGinzburg.derivativeCyclicWord_mk' depends on axioms: [propext, Classical.choice, Quot.sound]
2026-10-08T06:25:07.7841815Z 'ASGinzburg.cyclicDerivative' depends on axioms: [propext, Classical.choice, Quot.sound]
2026-10-08T06:25:07.7843054Z 'ASGinzburg.prependTrace' depends on axioms: [propext, Classical.choice, Quot.sound]
2026-10-08T06:25:07.7844071Z 'ASGinzburg.prependTrace_single' depends on axioms: [propext, Classical.choice, Quot.sound]
2026-10-08T06:25:07.7845177Z 'ASGinzburg.cyclicDerivative_traceWord' depends on axioms: [propext, Classical.choice, Quot.sound]
2026-10-08T06:25:12.3725864Z 'ASGinzburg.derivativeAux_reconstruction' depends on axioms: [propext, Classical.choice, Quot.sound]
2026-10-08T06:25:12.3743320Z 'ASGinzburg.cyclicCutReconstruction' depends on axioms: [propext, Classical.choice, Quot.sound]
2026-10-08T06:25:12.3762851Z 'ASGinzburg.ite_linearMap_apply' depends on axioms: [propext]
2026-10-08T06:25:12.3771165Z 'ASGinzburg.cyclicCutReconstruction_traceWord' depends on axioms: [propext, Classical.choice, Quot.sound]
2026-10-08T06:25:12.3773209Z 'ASGinzburg.cyclicCutReconstruction_comp_trace' depends on axioms: [propext, Classical.choice, Quot.sound]
2026-10-08T06:25:12.3774628Z 'ASGinzburg.cut_cyclic_derivative_identity' depends on axioms: [propext, Classical.choice, Quot.sound]
2026-10-08T06:25:12.3775748Z 'ASGinzburg.totalDimension' depends on axioms: [propext, Quot.sound]
2026-10-08T06:25:12.3776832Z 'ASGinzburg.dimension_table_eq_single' depends on axioms: [propext, Classical.choice, Quot.sound]
2026-10-08T06:25:12.3778049Z 'ASGinzburg.total_dimension_single' depends on axioms: [propext, Classical.choice, Quot.sound]
2026-10-08T06:25:12.3779243Z 'ASGinzburg.total_one_iff_single' depends on axioms: [propext, Classical.choice, Quot.sound]
2026-10-08T06:25:12.3780393Z 'ASGinzburg.ext_dimension_delta' depends on axioms: [propext, Classical.choice, Quot.sound]
2026-10-08T06:25:12.3781684Z 'ASGinzburg.ZAlgebra.rightModuleHomDiagram' depends on axioms: [propext, Classical.choice, Quot.sound]
2026-10-08T06:25:12.3783290Z 'ASGinzburg.ZAlgebra.rightModuleCoproductHomLimitComponentIso' depends on axioms: [propext,
2026-10-08T06:25:12.3784260Z  Classical.choice,
2026-10-08T06:25:12.3784702Z  Quot.sound]
2026-10-08T06:25:12.3785901Z 'ASGinzburg.ZAlgebra.rightModuleCoproductHomLimitComponentIso_hom_π' depends on axioms: [propext,
2026-10-08T06:25:12.3786953Z  Classical.choice,
2026-10-08T06:25:12.3787392Z  Quot.sound]
2026-10-08T06:25:12.3788331Z 'ASGinzburg.ZAlgebra.rightModuleCoproductHomLimitIso' depends on axioms: [propext, Classical.choice, Quot.sound]
2026-10-08T06:25:12.3789843Z 'ASGinzburg.ZAlgebra.finiteLimitFunctorPreservesColimitsOfShape' depends on axioms: [propext,
2026-10-08T06:25:12.3790828Z  Classical.choice,
2026-10-08T06:25:12.3791262Z  Quot.sound]
2026-10-08T06:25:12.3792323Z 'ASGinzburg.ZAlgebra.rightModuleHomDiagramPreservesColimitsOfShape' depends on axioms: [propext,
2026-10-08T06:25:12.3793704Z  Classical.choice,
2026-10-08T06:25:12.3794142Z  Quot.sound]
2026-10-08T06:25:12.3794991Z 'ASGinzburg.ZAlgebra.finiteCoproductHomPreservesColimitsOfShape' depends on axioms: [propext,
2026-10-08T06:25:12.3795967Z  Classical.choice,
2026-10-08T06:25:12.3796396Z  Quot.sound]
2026-10-08T06:25:12.3797361Z 'ASGinzburg.ZAlgebra.finiteRepresentableCoproductHomPreservesColimitsOfShape' depends on axioms: [propext,
2026-10-08T06:25:12.3798481Z  Classical.choice,
2026-10-08T06:25:12.3798908Z  Quot.sound]
2026-10-08T06:25:12.3799937Z 'ASGinzburg.ZAlgebra.asResolutionTerm₁HomPreservesColimitsOfShape' depends on axioms: [propext,
2026-10-08T06:25:12.3800920Z  Classical.choice,
2026-10-08T06:25:12.3801358Z  Quot.sound]
2026-10-08T06:25:12.3802527Z 'ASGinzburg.ZAlgebra.asResolutionTerm₂HomPreservesColimitsOfShape' depends on axioms: [propext,
2026-10-08T06:25:12.3803524Z  Classical.choice,
2026-10-08T06:25:12.3803956Z  Quot.sound]
2026-10-08T06:25:12.3804823Z 'ASGinzburg.ZAlgebra.finiteRepresentableCoproductHomColimitIso' depends on axioms: [propext,
2026-10-08T06:25:12.3805826Z  Classical.choice,
2026-10-08T06:25:12.3806255Z  Quot.sound]
2026-10-08T06:25:12.3807248Z 'ASGinzburg.ZAlgebra.finiteRepresentableCoproductExtZeroPreservesColimitsOfShape' depends on axioms: [propext,
2026-10-08T06:25:12.3808396Z  Classical.choice,
2026-10-08T06:25:12.3808809Z  Quot.sound]
2026-10-08T06:25:12.3809402Z 'ASGinzburg.CutQuiver.GinzburgArrow' does not depend on any axioms
2026-10-08T06:25:12.3810349Z 'ASGinzburg.CutQuiver.GinzburgArrow.source' does not depend on any axioms
2026-10-08T06:25:12.3811361Z 'ASGinzburg.CutQuiver.GinzburgArrow.target' does not depend on any axioms
2026-10-08T06:25:12.3812655Z 'ASGinzburg.CutQuiver.GinzburgArrow.cohomologicalDegree' does not depend on any axioms
2026-10-08T06:25:12.3813875Z 'ASGinzburg.CutQuiver.GinzburgArrow.cutDegree' does not depend on any axioms
2026-10-08T06:25:12.3814938Z 'ASGinzburg.CutQuiver.GinzburgArrow.winding' does not depend on any axioms
2026-10-08T06:25:12.3816431Z 'ASGinzburg.CutQuiver.GinzburgArrow.winding_pos' depends on axioms: [propext, Classical.choice, Quot.sound]
2026-10-08T06:25:12.3817849Z 'ASGinzburg.CutQuiver.GinzburgArrow.winding_formula' depends on axioms: [propext, Quot.sound]
2026-10-08T06:25:12.3819152Z 'ASGinzburg.CutQuiver.GinzburgArrow.original_dual_winding_sum' depends on axioms: [propext]
2026-10-08T06:25:12.3820381Z 'ASGinzburg.CutQuiver.GinzburgArrow.original_dual_cut_sum' depends on axioms: [propext]
2026-10-08T06:25:12.3821711Z 'ASGinzburg.CutQuiver.GinzburgArrow.loop_differential_cohomological_degree' does not depend on any axioms
2026-10-08T06:25:12.3823498Z 'ASGinzburg.positive_recurrence_unique' depends on axioms: [propext, Quot.sound]
2026-10-08T06:25:12.3824610Z 'ASGinzburg.quadraticHilbert' does not depend on any axioms
2026-10-08T06:25:12.3825603Z 'ASGinzburg.quadraticHilbert_closed' depends on axioms: [propext, Quot.sound]
2026-10-08T06:25:12.3826650Z 'ASGinzburg.quadraticHilbert_double' depends on axioms: [propext]
2026-10-08T06:25:12.3827865Z 'ASGinzburg.quadraticHilbert_third_difference' depends on axioms: [propext, Classical.choice, Quot.sound]
2026-10-08T06:25:12.3829243Z 'ASGinzburg.quadraticHilbert_unique' depends on axioms: [propext, Classical.choice, Quot.sound]
2026-10-08T06:25:12.3830626Z 'ASGinzburg.quadraticHilbert_polynomial_bound' depends on axioms: [propext, Classical.choice, Quot.sound]
2026-10-08T06:25:18.1509953Z 'ASGinzburg.colimitLimitExchangeIso' depends on axioms: [propext, Classical.choice, Quot.sound]
2026-10-08T06:25:18.1534139Z 'ASGinzburg.ι_colimitLimitExchangeIso_π' depends on axioms: [propext, Classical.choice, Quot.sound]
2026-10-08T06:25:18.1553273Z 'ASGinzburg.limitPreservesColimitsOfExactShape' depends on axioms: [propext, Classical.choice, Quot.sound]
2026-10-08T06:25:18.1554983Z 'ASGinzburg.parallelPairDiagramPreservesColimits' depends on axioms: [propext, Classical.choice, Quot.sound]
2026-10-08T06:25:18.1558298Z 'ASGinzburg.kernelFunctorPreservesExactColimits' depends on axioms: [propext, Classical.choice, Quot.sound]
2026-10-08T06:25:18.1560414Z 'ASGinzburg.cokernelFunctorPreservesColimits' depends on axioms: [propext, Classical.choice, Quot.sound]
2026-10-08T06:25:18.1561960Z 'ASGinzburg.moduleCatExactCoproducts' depends on axioms: [propext, Classical.choice, Quot.sound]
2026-10-08T06:25:18.1563651Z 'ASGinzburg.ZAlgebra.leftRepresentableFunctor' depends on axioms: [propext, Classical.choice, Quot.sound]
2026-10-08T06:25:18.1565228Z 'ASGinzburg.ZAlgebra.leftRepresentableFunctorAdditive' depends on axioms: [propext, Classical.choice, Quot.sound]
2026-10-08T06:25:18.1566857Z 'ASGinzburg.ZAlgebra.leftRepresentableFunctorLinear' depends on axioms: [propext, Classical.choice, Quot.sound]
2026-10-08T06:25:18.1568409Z 'ASGinzburg.ZAlgebra.leftModuleCoyonedaLinear' depends on axioms: [propext, Classical.choice, Quot.sound]
2026-10-08T06:25:18.1569817Z 'ASGinzburg.ZAlgebra.leftModuleADual' depends on axioms: [propext, Classical.choice, Quot.sound]
2026-10-08T06:25:18.1571221Z 'ASGinzburg.ZAlgebra.leftModuleADual_obj' depends on axioms: [propext, Classical.choice, Quot.sound]
2026-10-08T06:25:18.1572846Z 'ASGinzburg.ZAlgebra.leftModuleADualMap' depends on axioms: [propext, Classical.choice, Quot.sound]
2026-10-08T06:25:18.1574280Z 'ASGinzburg.ZAlgebra.leftModuleADualFunctor' depends on axioms: [propext, Classical.choice, Quot.sound]
2026-10-08T06:25:18.1575793Z 'ASGinzburg.ZAlgebra.leftRepresentableADualIso' depends on axioms: [propext, Classical.choice, Quot.sound]
2026-10-08T06:25:18.1577276Z 'ASGinzburg.ZAlgebra.representableBidualIso' depends on axioms: [propext, Classical.choice, Quot.sound]
2026-10-08T06:25:18.1578786Z 'ASGinzburg.ZAlgebra.leftRepresentableBidualIso' depends on axioms: [propext, Classical.choice, Quot.sound]
2026-10-08T06:25:18.1580394Z 'ASGinzburg.ZAlgebra.leftModuleProperty_closedUnderLimits' depends on axioms: [propext, Classical.choice, Quot.sound]
2026-10-08T06:25:18.1582235Z 'ASGinzburg.ZAlgebra.leftModuleProperty_closedUnderColimits' depends on axioms: [propext, Classical.choice, Quot.sound]
2026-10-08T06:25:18.1584194Z 'ASGinzburg.ZAlgebra.leftModuleHasLimitsOfShape' depends on axioms: [propext, Classical.choice, Quot.sound]
2026-10-08T06:25:18.1585785Z 'ASGinzburg.ZAlgebra.leftModuleHasColimitsOfShape' depends on axioms: [propext, Classical.choice, Quot.sound]
2026-10-08T06:25:18.1587476Z 'ASGinzburg.ZAlgebra.leftModuleInclusionCreatesLimitsOfShape' depends on axioms: [propext, Classical.choice, Quot.sound]
2026-10-08T06:25:18.1589107Z 'ASGinzburg.ZAlgebra.leftModuleInclusionCreatesColimitsOfShape' depends on axioms: [propext,
2026-10-08T06:25:18.1590151Z  Classical.choice,
2026-10-08T06:25:18.1590654Z  Quot.sound]
2026-10-08T06:25:18.1591629Z 'ASGinzburg.ZAlgebra.leftModuleHasFiniteProducts' depends on axioms: [propext, Classical.choice, Quot.sound]
2026-10-08T06:25:18.1593479Z 'ASGinzburg.ZAlgebra.leftModuleCoimageImageComparisonIsIso' depends on axioms: [propext, Classical.choice, Quot.sound]
2026-10-08T06:25:18.1595060Z 'ASGinzburg.ZAlgebra.leftModuleAbelian' depends on axioms: [propext, Classical.choice, Quot.sound]
2026-10-08T06:25:18.1596480Z 'ASGinzburg.ZAlgebra.leftModuleInclusionPreservesFiniteLimits' depends on axioms: [propext,
2026-10-08T06:25:18.1597502Z  Classical.choice,
2026-10-08T06:25:18.1597989Z  Quot.sound]
2026-10-08T06:25:18.1598889Z 'ASGinzburg.ZAlgebra.leftModuleInclusionPreservesFiniteColimits' depends on axioms: [propext,
2026-10-08T06:25:18.1599918Z  Classical.choice,
2026-10-08T06:25:18.1600395Z  Quot.sound]
2026-10-08T06:25:18.1601268Z 'ASGinzburg.ZAlgebra.leftModuleGenerators' depends on axioms: [propext, Classical.choice, Quot.sound]
2026-10-08T06:25:18.1602812Z 'ASGinzburg.ZAlgebra.freeLeftModule' depends on axioms: [propext, Classical.choice, Quot.sound]
2026-10-08T06:25:18.1604517Z 'ASGinzburg.ZAlgebra.freeLeftModuleπ' depends on axioms: [propext, Classical.choice, Quot.sound]
2026-10-08T06:25:18.1605938Z 'ASGinzburg.ZAlgebra.freeLeftModuleProjective' depends on axioms: [propext, Classical.choice, Quot.sound]
2026-10-08T06:25:18.1607564Z 'ASGinzburg.ZAlgebra.freeLeftModuleπEpi' depends on axioms: [propext, Classical.choice, Quot.sound]
2026-10-08T06:25:18.1609379Z 'ASGinzburg.ZAlgebra.leftModuleEnoughProjectives' depends on axioms: [propext, Classical.choice, Quot.sound]
2026-10-08T06:25:18.1610951Z 'ASGinzburg.ZAlgebra.leftModuleProjectiveResolution' depends on axioms: [propext, Classical.choice, Quot.sound]
2026-10-08T06:25:18.1612672Z 'ASGinzburg.ZAlgebra.leftModuleProjectiveResolution_exactAt_succ' depends on axioms: [propext,
2026-10-08T06:25:18.1613704Z  Classical.choice,
2026-10-08T06:25:18.1614196Z  Quot.sound]
2026-10-08T06:25:18.1615159Z 'ASGinzburg.ZAlgebra.leftModuleHasExt' depends on axioms: [propext, Classical.choice, Quot.sound]
2026-10-08T06:25:24.3662564Z 'ASGinzburg.ZAlgebra.leftRepresentableExtZeroEquiv' depends on axioms: [propext, Classical.choice, Quot.sound]
2026-10-08T06:25:24.3664651Z 'ASGinzburg.ZAlgebra.leftRepresentable_higher_ext_eq_zero' depends on axioms: [propext, Classical.choice, Quot.sound]
2026-10-08T06:25:24.3667915Z 'ASGinzburg.ZAlgebra.leftModuleEvaluation' depends on axioms: [propext, Classical.choice, Quot.sound]
2026-10-08T06:25:24.3669299Z 'ASGinzburg.ZAlgebra.leftModuleEvaluationAdditive' depends on axioms: [propext, Classical.choice, Quot.sound]
2026-10-08T06:25:24.3670674Z 'ASGinzburg.ZAlgebra.leftModuleEvaluationPreservesFiniteLimits' depends on axioms: [propext,
2026-10-08T06:25:24.3671542Z  Classical.choice,
2026-10-08T06:25:24.3671890Z  Quot.sound]
2026-10-08T06:25:24.3672914Z 'ASGinzburg.ZAlgebra.leftModuleEvaluationPreservesFiniteColimits' depends on axioms: [propext,
2026-10-08T06:25:24.3673809Z  Classical.choice,
2026-10-08T06:25:24.3674151Z  Quot.sound]
2026-10-08T06:25:24.3675028Z 'ASGinzburg.ZAlgebra.leftModuleInclusionPreservesHomology' depends on axioms: [propext, Classical.choice, Quot.sound]
2026-10-08T06:25:24.3676608Z 'ASGinzburg.ZAlgebra.leftModuleEvaluationPreservesHomology' depends on axioms: [propext, Classical.choice, Quot.sound]
2026-10-08T06:25:24.3678407Z 'ASGinzburg.ZAlgebra.leftModuleKernelObjIso' depends on axioms: [propext, Classical.choice, Quot.sound]
2026-10-08T06:25:24.3679762Z 'ASGinzburg.ZAlgebra.leftModuleCokernelObjIso' depends on axioms: [propext, Classical.choice, Quot.sound]
2026-10-08T06:25:24.3681135Z 'ASGinzburg.ZAlgebra.leftModuleHomologyObjIso' depends on axioms: [propext, Classical.choice, Quot.sound]
2026-10-08T06:25:24.3682655Z 'ASGinzburg.ZAlgebra.leftModule_exact_iff_inclusion' depends on axioms: [propext, Classical.choice, Quot.sound]
2026-10-08T06:25:24.3684366Z 'ASGinzburg.ZAlgebra.leftModuleKernelObjIso_inv_ι' depends on axioms: [propext, Classical.choice, Quot.sound]
2026-10-08T06:25:24.3685926Z 'ASGinzburg.ZAlgebra.leftModuleCokernelObjIso_π_hom' depends on axioms: [propext, Classical.choice, Quot.sound]
2026-10-08T06:25:24.3687235Z 'ASGinzburg.ZAlgebra.leftModule_mono_iff' depends on axioms: [propext, Classical.choice, Quot.sound]
2026-10-08T06:25:24.3688442Z 'ASGinzburg.ZAlgebra.leftModule_epi_iff' depends on axioms: [propext, Classical.choice, Quot.sound]
2026-10-08T06:25:24.3689723Z 'ASGinzburg.ZAlgebra.leftModule_mono_iff_injective' depends on axioms: [propext, Classical.choice, Quot.sound]
2026-10-08T06:25:24.3691060Z 'ASGinzburg.ZAlgebra.leftModule_epi_iff_surjective' depends on axioms: [propext, Classical.choice, Quot.sound]
2026-10-08T06:25:24.3692500Z 'ASGinzburg.ZAlgebra.leftModule_exact_iff' depends on axioms: [propext, Classical.choice, Quot.sound]
2026-10-08T06:25:24.3693798Z 'ASGinzburg.ZAlgebra.leftModule_exact_iff_range_eq_ker' depends on axioms: [propext, Classical.choice, Quot.sound]
2026-10-08T06:25:24.3695126Z 'ASGinzburg.ZAlgebra.leftModule_shortExact_iff' depends on axioms: [propext, Classical.choice, Quot.sound]
2026-10-08T06:25:24.3696453Z 'ASGinzburg.ZAlgebra.leftRepresentableToElement' depends on axioms: [propext, Classical.choice, Quot.sound]
2026-10-08T06:25:24.3697848Z 'ASGinzburg.ZAlgebra.leftRepresentableYonedaEquiv' depends on axioms: [propext, Classical.choice, Quot.sound]
2026-10-08T06:25:24.3699307Z 'ASGinzburg.ZAlgebra.leftRepresentableYonedaEquiv_apply' depends on axioms: [propext, Classical.choice, Quot.sound]
2026-10-08T06:25:24.3701055Z 'ASGinzburg.ZAlgebra.leftRepresentableYonedaEquiv_comp' depends on axioms: [propext, Classical.choice, Quot.sound]
2026-10-08T06:25:24.3702765Z 'ASGinzburg.ZAlgebra.leftRepresentableYonedaEquiv_symm_app' depends on axioms: [propext, Classical.choice, Quot.sound]
2026-10-08T06:25:24.3704231Z 'ASGinzburg.ZAlgebra.leftRepresentableProjective' depends on axioms: [propext, Classical.choice, Quot.sound]
2026-10-08T06:25:24.3705561Z 'ASGinzburg.ZAlgebra.leftModuleProperty' depends on axioms: [propext, Classical.choice, Quot.sound]
2026-10-08T06:25:24.3706732Z 'ASGinzburg.ZAlgebra.LeftModule' depends on axioms: [propext, Classical.choice, Quot.sound]
2026-10-08T06:25:24.3707946Z 'ASGinzburg.ZAlgebra.leftRepresentableLinear' depends on axioms: [propext, Classical.choice, Quot.sound]
2026-10-08T06:25:24.3709210Z 'ASGinzburg.ZAlgebra.leftRepresentable' depends on axioms: [propext, Classical.choice, Quot.sound]
2026-10-08T06:25:24.3710465Z 'ASGinzburg.ZAlgebra.representableFunctor' depends on axioms: [propext, Classical.choice, Quot.sound]
2026-10-08T06:25:24.3711779Z 'ASGinzburg.ZAlgebra.representableFunctorAdditive' depends on axioms: [propext, Classical.choice, Quot.sound]
2026-10-08T06:25:24.3713344Z 'ASGinzburg.ZAlgebra.representableFunctorLinear' depends on axioms: [propext, Classical.choice, Quot.sound]
2026-10-08T06:25:24.3714659Z 'ASGinzburg.ZAlgebra.rightModuleCoyonedaLinear' depends on axioms: [propext, Classical.choice, Quot.sound]
2026-10-08T06:25:24.3715899Z 'ASGinzburg.ZAlgebra.rightModuleADual' depends on axioms: [propext, Classical.choice, Quot.sound]
2026-10-08T06:25:24.3717093Z 'ASGinzburg.ZAlgebra.rightModuleADual_obj' depends on axioms: [propext, Classical.choice, Quot.sound]
2026-10-08T06:25:24.3718312Z 'ASGinzburg.ZAlgebra.rightModuleADualMap' depends on axioms: [propext, Classical.choice, Quot.sound]
2026-10-08T06:25:28.6604149Z 'ASGinzburg.ZAlgebra.rightModuleADualFunctor' depends on axioms: [propext, Classical.choice, Quot.sound]
2026-10-08T06:25:28.6623402Z 'ASGinzburg.ZAlgebra.representableADualComponentEquiv' depends on axioms: [propext, Classical.choice, Quot.sound]
2026-10-08T06:25:28.6643056Z 'ASGinzburg.ZAlgebra.representableADualIso' depends on axioms: [propext, Classical.choice, Quot.sound]
2026-10-08T06:25:28.6645584Z 'ASGinzburg.ZAlgebra.LeftSubmodule' depends on axioms: [propext, Classical.choice, Quot.sound]
2026-10-08T06:25:28.6647057Z 'ASGinzburg.ZAlgebra.LeftSubmodule.presheaf' depends on axioms: [propext, Classical.choice, Quot.sound]
2026-10-08T06:25:28.6648614Z 'ASGinzburg.ZAlgebra.LeftSubmodule.presheafAdditive' depends on axioms: [propext, Classical.choice, Quot.sound]
2026-10-08T06:25:28.6650222Z 'ASGinzburg.ZAlgebra.LeftSubmodule.presheafLinear' depends on axioms: [propext, Classical.choice, Quot.sound]
2026-10-08T06:25:28.6651744Z 'ASGinzburg.ZAlgebra.LeftSubmodule.object' depends on axioms: [propext, Classical.choice, Quot.sound]
2026-10-08T06:25:28.6653526Z 'ASGinzburg.ZAlgebra.LeftSubmodule.inclusion' depends on axioms: [propext, Classical.choice, Quot.sound]
2026-10-08T06:25:28.6655088Z 'ASGinzburg.ZAlgebra.LeftSubmodule.inclusionMono' depends on axioms: [propext, Classical.choice, Quot.sound]
2026-10-08T06:25:28.6656603Z 'ASGinzburg.ZAlgebra.LeftSubmodule.quotient' depends on axioms: [propext, Classical.choice, Quot.sound]
2026-10-08T06:25:28.6658463Z 'ASGinzburg.ZAlgebra.LeftSubmodule.quotientπ' depends on axioms: [propext, Classical.choice, Quot.sound]
2026-10-08T06:25:28.6660203Z 'ASGinzburg.ZAlgebra.LeftSubmodule.quotientπEpi' depends on axioms: [propext, Classical.choice, Quot.sound]
2026-10-08T06:25:28.6661850Z 'ASGinzburg.ZAlgebra.LeftSubmodule.quotientShortComplex' depends on axioms: [propext, Classical.choice, Quot.sound]
2026-10-08T06:25:28.6663748Z 'ASGinzburg.ZAlgebra.LeftSubmodule.quotientShortExact' depends on axioms: [propext, Classical.choice, Quot.sound]
2026-10-08T06:25:28.6665094Z 'ASGinzburg.CutQuiver.Path.comp' does not depend on any axioms
2026-10-08T06:25:28.6666516Z 'ASGinzburg.CutQuiver.Path.comp_nil' does not depend on any axioms
2026-10-08T06:25:28.6667497Z 'ASGinzburg.CutQuiver.Path.nil_comp' depends on axioms: [propext]
2026-10-08T06:25:28.6668478Z 'ASGinzburg.CutQuiver.Path.comp_assoc' depends on axioms: [propext]
2026-10-08T06:25:28.6669494Z 'ASGinzburg.CutQuiver.Path.cutDegree_comp' depends on axioms: [propext]
2026-10-08T06:25:28.6670534Z 'ASGinzburg.CutQuiver.Path.winding_comp' depends on axioms: [propext]
2026-10-08T06:25:28.6671729Z 'ASGinzburg.CutQuiver.PathComponent' depends on axioms: [propext, Classical.choice, Quot.sound]
2026-10-08T06:25:28.6673266Z 'ASGinzburg.CutQuiver.pathComp' depends on axioms: [propext, Classical.choice, Quot.sound]
2026-10-08T06:25:28.6674543Z 'ASGinzburg.CutQuiver.pathId' depends on axioms: [propext, Classical.choice, Quot.sound]
2026-10-08T06:25:28.6675850Z 'ASGinzburg.CutQuiver.pathComp_single' depends on axioms: [propext, Classical.choice, Quot.sound]
2026-10-08T06:25:28.6677173Z 'ASGinzburg.CutQuiver.pathComp_id' depends on axioms: [propext, Classical.choice, Quot.sound]
2026-10-08T06:25:28.6678596Z 'ASGinzburg.CutQuiver.id_pathComp' depends on axioms: [propext, Classical.choice, Quot.sound]
2026-10-08T06:25:28.6679905Z 'ASGinzburg.CutQuiver.pathComp_assoc' depends on axioms: [propext, Classical.choice, Quot.sound]
2026-10-08T06:25:28.6681417Z 'ASGinzburg.ZAlgebra.rightRegularCoproductProjection' depends on axioms: [propext, Classical.choice, Quot.sound]
2026-10-08T06:25:28.6683131Z 'ASGinzburg.ZAlgebra.rightRegularCoproduct_inclusion_projection' depends on axioms: [propext,
2026-10-08T06:25:28.6684157Z  Classical.choice,
2026-10-08T06:25:28.6684677Z  Quot.sound]
2026-10-08T06:25:28.6685579Z 'ASGinzburg.ZAlgebra.rightRegularCoproduct_inclusion_projection_off' depends on axioms: [propext,
2026-10-08T06:25:28.6686621Z  Classical.choice,
2026-10-08T06:25:28.6687130Z  Quot.sound]
2026-10-08T06:25:28.6688122Z 'ASGinzburg.ZAlgebra.rightRegularCoproductAction' depends on axioms: [propext, Classical.choice, Quot.sound]
2026-10-08T06:25:28.6690006Z 'ASGinzburg.ZAlgebra.rightRegularCoproduct_inclusion_action' depends on axioms: [propext, Classical.choice, Quot.sound]
2026-10-08T06:25:28.6691588Z 'ASGinzburg.ZAlgebra.rightRegularCoproduct_inclusion_action_off' depends on axioms: [propext,
2026-10-08T06:25:28.6692793Z  Classical.choice,
2026-10-08T06:25:28.6693305Z  Quot.sound]
2026-10-08T06:25:28.6694290Z 'ASGinzburg.ZAlgebra.rightRegularCoproductAction_add' depends on axioms: [propext, Classical.choice, Quot.sound]
2026-10-08T06:25:28.6695892Z 'ASGinzburg.ZAlgebra.rightRegularCoproductAction_smul' depends on axioms: [propext, Classical.choice, Quot.sound]
2026-10-08T06:25:28.6697965Z 'ASGinzburg.ZAlgebra.rightRegularCoproductAction_comp' depends on axioms: [propext, Classical.choice, Quot.sound]
2026-10-08T06:25:28.6699580Z 'ASGinzburg.ZAlgebra.rightRegularCoproductAction_id' depends on axioms: [propext, Classical.choice, Quot.sound]
2026-10-08T06:25:28.6701232Z 'ASGinzburg.ZAlgebra.rightRegularCoproductAction_comp_off' depends on axioms: [propext, Classical.choice, Quot.sound]
2026-10-08T06:25:28.6703100Z 'ASGinzburg.ZAlgebra.leftModuleTotalAction' depends on axioms: [propext, Classical.choice, Quot.sound]
2026-10-08T06:25:36.3626908Z 'ASGinzburg.ZAlgebra.leftModuleTotalAction_lof' depends on axioms: [propext, Classical.choice, Quot.sound]
2026-10-08T06:25:36.3643350Z 'ASGinzburg.ZAlgebra.leftModuleTotalAction_lof_off' depends on axioms: [propext, Classical.choice, Quot.sound]
2026-10-08T06:25:36.3663181Z 'ASGinzburg.ZAlgebra.leftModuleTotalAction_zero_of_map_zero' depends on axioms: [propext, Classical.choice, Quot.sound]
2026-10-08T06:25:36.3668419Z 'ASGinzburg.ZAlgebra.ASResolution.extRegularCoproductEquiv_inclusion' depends on axioms: [propext,
2026-10-08T06:25:36.3669458Z  Classical.choice,
2026-10-08T06:25:36.3669903Z  Quot.sound]
2026-10-08T06:25:36.3670749Z 'ASGinzburg.ZAlgebra.ASResolution.extRegularCoproductEquiv_action' depends on axioms: [propext,
2026-10-08T06:25:36.3671730Z  Classical.choice,
2026-10-08T06:25:36.3672926Z  Quot.sound]
2026-10-08T06:25:36.3673857Z 'ASGinzburg.ZAlgebra.ASRegular.extRegularCoproductThree_positive_action_zero' depends on axioms: [propext,
2026-10-08T06:25:36.3674895Z  Classical.choice,
2026-10-08T06:25:36.3675329Z  Quot.sound]
2026-10-08T06:25:36.3676255Z 'ASGinzburg.ZAlgebra.representableHomEvaluationIso' depends on axioms: [propext, Classical.choice, Quot.sound]
2026-10-08T06:25:36.3677770Z 'ASGinzburg.ZAlgebra.rightModuleEvaluationPreservesColimitsOfShape' depends on axioms: [propext,
2026-10-08T06:25:36.3678801Z  Classical.choice,
2026-10-08T06:25:36.3679241Z  Quot.sound]
2026-10-08T06:25:36.3680082Z 'ASGinzburg.ZAlgebra.representableHomPreservesColimitsOfShape' depends on axioms: [propext,
2026-10-08T06:25:36.3681073Z  Classical.choice,
2026-10-08T06:25:36.3681526Z  Quot.sound]
2026-10-08T06:25:36.3682640Z 'ASGinzburg.ZAlgebra.representableHomColimitIso' depends on axioms: [propext, Classical.choice, Quot.sound]
2026-10-08T06:25:36.3684205Z 'ASGinzburg.ZAlgebra.rightModuleExtZeroFunctorIso' depends on axioms: [propext, Classical.choice, Quot.sound]
2026-10-08T06:25:36.3685686Z 'ASGinzburg.ZAlgebra.representableExtZeroPreservesColimitsOfShape' depends on axioms: [propext,
2026-10-08T06:25:36.3686708Z  Classical.choice,
2026-10-08T06:25:36.3687134Z  Quot.sound]
2026-10-08T06:25:36.3688067Z 'ASGinzburg.ZAlgebra.representableExtZeroColimitIso' depends on axioms: [propext, Classical.choice, Quot.sound]
2026-10-08T06:25:36.3689421Z 'ASGinzburg.ZAlgebra.Obj' depends on axioms: [propext, Classical.choice, Quot.sound]
2026-10-08T06:25:36.3690608Z 'ASGinzburg.ZAlgebra.objCategory' depends on axioms: [propext, Classical.choice, Quot.sound]
2026-10-08T06:25:36.3691810Z 'ASGinzburg.ZAlgebra.objHomAdd' depends on axioms: [propext, Classical.choice, Quot.sound]
2026-10-08T06:25:36.3693236Z 'ASGinzburg.ZAlgebra.objHomModule' depends on axioms: [propext, Classical.choice, Quot.sound]
2026-10-08T06:25:36.3694486Z 'ASGinzburg.ZAlgebra.objPreadditive' depends on axioms: [propext, Classical.choice, Quot.sound]
2026-10-08T06:25:36.3696015Z 'ASGinzburg.ZAlgebra.objLinear' depends on axioms: [propext, Classical.choice, Quot.sound]
2026-10-08T06:25:36.3697339Z 'ASGinzburg.ZAlgebra.objOppositeHomModule' depends on axioms: [propext, Classical.choice, Quot.sound]
2026-10-08T06:25:36.3698687Z 'ASGinzburg.ZAlgebra.objOppositeLinear' depends on axioms: [propext, Classical.choice, Quot.sound]
2026-10-08T06:25:36.3700016Z 'ASGinzburg.ZAlgebra.representableLinear' depends on axioms: [propext, Classical.choice, Quot.sound]
2026-10-08T06:25:36.3701382Z 'ASGinzburg.ZAlgebra.linearYonedaAdditive' depends on axioms: [propext, Classical.choice, Quot.sound]
2026-10-08T06:25:36.3702930Z 'ASGinzburg.ZAlgebra.linearYonedaLinear' depends on axioms: [propext, Classical.choice, Quot.sound]
2026-10-08T06:25:36.3704297Z 'ASGinzburg.ZAlgebra.rightModuleProperty' depends on axioms: [propext, Classical.choice, Quot.sound]
2026-10-08T06:25:36.3705583Z 'ASGinzburg.ZAlgebra.RightModule' depends on axioms: [propext, Classical.choice, Quot.sound]
2026-10-08T06:25:36.3706842Z 'ASGinzburg.ZAlgebra.representable' depends on axioms: [propext, Classical.choice, Quot.sound]
2026-10-08T06:25:36.3708167Z 'ASGinzburg.ZAlgebra.representableHomEquiv' depends on axioms: [propext, Classical.choice, Quot.sound]
2026-10-08T06:25:36.3709577Z 'ASGinzburg.ZAlgebra.representableHom_vanishes' depends on axioms: [propext, Classical.choice, Quot.sound]
2026-10-08T06:25:36.3710911Z 'ASGinzburg.ZAlgebra.scalarEndEquiv' depends on axioms: [propext, Classical.choice, Quot.sound]
2026-10-08T06:25:36.3712429Z 'ASGinzburg.ZAlgebra.representableEnd_finrank' depends on axioms: [propext, Classical.choice, Quot.sound]
2026-10-08T06:25:36.3713942Z 'ASGinzburg.ZAlgebra.rightModuleProperty_closedUnderLimits' depends on axioms: [propext, Classical.choice, Quot.sound]
2026-10-08T06:25:36.3715556Z 'ASGinzburg.ZAlgebra.rightModuleProperty_closedUnderColimits' depends on axioms: [propext, Classical.choice, Quot.sound]
2026-10-08T06:25:36.3717123Z 'ASGinzburg.ZAlgebra.rightModuleHasLimitsOfShape' depends on axioms: [propext, Classical.choice, Quot.sound]
2026-10-08T06:25:36.3718837Z 'ASGinzburg.ZAlgebra.rightModuleHasColimitsOfShape' depends on axioms: [propext, Classical.choice, Quot.sound]
2026-10-08T06:25:36.3720349Z 'ASGinzburg.ZAlgebra.rightModuleInclusionCreatesLimitsOfShape' depends on axioms: [propext,
2026-10-08T06:25:36.3721293Z  Classical.choice,
2026-10-08T06:25:36.3721735Z  Quot.sound]
2026-10-08T06:25:36.3722754Z 'ASGinzburg.ZAlgebra.rightModuleInclusionCreatesColimitsOfShape' depends on axioms: [propext,
2026-10-08T06:25:36.3724139Z  Classical.choice,
2026-10-08T06:25:36.3724615Z  Quot.sound]
2026-10-08T06:25:36.3725623Z 'ASGinzburg.ZAlgebra.rightModuleHasFiniteProducts' depends on axioms: [propext, Classical.choice, Quot.sound]
2026-10-08T06:25:57.8608559Z 'ASGinzburg.ZAlgebra.rightModuleCoimageImageComparisonIsIso' depends on axioms: [propext, Classical.choice, Quot.sound]
2026-10-08T06:25:57.8633680Z 'ASGinzburg.ZAlgebra.rightModuleAbelian' depends on axioms: [propext, Classical.choice, Quot.sound]
2026-10-08T06:25:57.8635419Z 'ASGinzburg.ZAlgebra.rightModuleInclusionPreservesFiniteLimits' depends on axioms: [propext,
2026-10-08T06:25:57.8652864Z  Classical.choice,
2026-10-08T06:25:57.8654717Z  Quot.sound]
2026-10-08T06:25:57.8655713Z 'ASGinzburg.ZAlgebra.rightModuleInclusionPreservesFiniteColimits' depends on axioms: [propext,
2026-10-08T06:25:57.8656809Z  Classical.choice,
2026-10-08T06:25:57.8657324Z  Quot.sound]
2026-10-08T06:25:57.8658255Z 'ASGinzburg.ZAlgebra.rightModuleGenerators' depends on axioms: [propext, Classical.choice, Quot.sound]
2026-10-08T06:25:57.8659703Z 'ASGinzburg.ZAlgebra.freeRightModule' depends on axioms: [propext, Classical.choice, Quot.sound]
2026-10-08T06:25:57.8661436Z 'ASGinzburg.ZAlgebra.freeRightModuleπ' depends on axioms: [propext, Classical.choice, Quot.sound]
2026-10-08T06:25:57.8663208Z 'ASGinzburg.ZAlgebra.freeRightModuleProjective' depends on axioms: [propext, Classical.choice, Quot.sound]
2026-10-08T06:25:57.8665289Z 'ASGinzburg.ZAlgebra.freeRightModuleπEpi' depends on axioms: [propext, Classical.choice, Quot.sound]
2026-10-08T06:25:57.8666915Z 'ASGinzburg.ZAlgebra.rightModuleEnoughProjectives' depends on axioms: [propext, Classical.choice, Quot.sound]
2026-10-08T06:25:57.8668544Z 'ASGinzburg.ZAlgebra.rightModuleProjectiveResolution' depends on axioms: [propext, Classical.choice, Quot.sound]
2026-10-08T06:25:57.8670110Z 'ASGinzburg.ZAlgebra.rightModuleProjectiveResolution_exactAt_succ' depends on axioms: [propext,
2026-10-08T06:25:57.8671149Z  Classical.choice,
2026-10-08T06:25:57.8671664Z  Quot.sound]
2026-10-08T06:25:57.8672751Z 'ASGinzburg.ZAlgebra.rightModuleHasExt' depends on axioms: [propext, Classical.choice, Quot.sound]
2026-10-08T06:25:57.8674243Z 'ASGinzburg.ZAlgebra.representableExtZeroEquiv' depends on axioms: [propext, Classical.choice, Quot.sound]
2026-10-08T06:25:57.8675801Z 'ASGinzburg.ZAlgebra.representable_higher_ext_eq_zero' depends on axioms: [propext, Classical.choice, Quot.sound]
2026-10-08T06:25:57.8677354Z 'ASGinzburg.ZAlgebra.rightModuleExtPostcomp' depends on axioms: [propext, Classical.choice, Quot.sound]
2026-10-08T06:25:57.8678871Z 'ASGinzburg.ZAlgebra.rightModuleExtCovariant' depends on axioms: [propext, Classical.choice, Quot.sound]
2026-10-08T06:25:57.8680462Z 'ASGinzburg.ZAlgebra.rightModuleExtCovariantAdditive' depends on axioms: [propext, Classical.choice, Quot.sound]
2026-10-08T06:25:57.8682313Z 'ASGinzburg.ZAlgebra.rightModuleExtCovariantLinear' depends on axioms: [propext, Classical.choice, Quot.sound]
2026-10-08T06:25:57.8683850Z 'ASGinzburg.ZAlgebra.rightModuleExtLeft' depends on axioms: [propext, Classical.choice, Quot.sound]
2026-10-08T06:25:57.8685303Z 'ASGinzburg.ZAlgebra.rightModuleExtLeft_obj' depends on axioms: [propext, Classical.choice, Quot.sound]
2026-10-08T06:25:57.8686837Z 'ASGinzburg.ZAlgebra.rightModuleExtLeftZeroIso' depends on axioms: [propext, Classical.choice, Quot.sound]
2026-10-08T06:25:57.8688313Z 'ASGinzburg.ZAlgebra.shiftedHomModule' depends on axioms: [propext, Classical.choice, Quot.sound]
2026-10-08T06:25:57.8690111Z 'ASGinzburg.ZAlgebra.rightModuleDerivedLinear' depends on axioms: [propext, Classical.choice, Quot.sound]
2026-10-08T06:25:57.8691675Z 'ASGinzburg.ZAlgebra.rightModuleDerivedQhLinear' depends on axioms: [propext, Classical.choice, Quot.sound]
2026-10-08T06:25:57.8693503Z 'ASGinzburg.ZAlgebra.rightModuleDerivedSingleLinear' depends on axioms: [propext, Classical.choice, Quot.sound]
2026-10-08T06:25:57.8695113Z 'ASGinzburg.ZAlgebra.rightModuleExtHomAddEquiv' depends on axioms: [propext, Classical.choice, Quot.sound]
2026-10-08T06:25:57.8696624Z 'ASGinzburg.ZAlgebra.rightModuleExtModule' depends on axioms: [propext, Classical.choice, Quot.sound]
2026-10-08T06:25:57.8698139Z 'ASGinzburg.ZAlgebra.rightModuleExtHomLinearEquiv' depends on axioms: [propext, Classical.choice, Quot.sound]
2026-10-08T06:25:57.8699861Z 'ASGinzburg.ZAlgebra.rightModuleExt_mk₀_smul' depends on axioms: [propext, Classical.choice, Quot.sound]
2026-10-08T06:25:57.8701398Z 'ASGinzburg.ZAlgebra.rightModuleExtZeroLinearEquiv' depends on axioms: [propext, Classical.choice, Quot.sound]
2026-10-08T06:25:57.8703327Z 'ASGinzburg.ZAlgebra.representableExtZeroLinearEquiv' depends on axioms: [propext, Classical.choice, Quot.sound]
2026-10-08T06:25:57.8704878Z 'ASGinzburg.ZAlgebra.rightModuleExtPrecomp' depends on axioms: [propext, Classical.choice, Quot.sound]
2026-10-08T06:25:57.8706371Z 'ASGinzburg.ZAlgebra.rightModuleExtPrecompNat' depends on axioms: [propext, Classical.choice, Quot.sound]
2026-10-08T06:25:57.8707905Z 'ASGinzburg.ZAlgebra.rightModuleExtBoundaryNat' depends on axioms: [propext, Classical.choice, Quot.sound]
2026-10-08T06:25:57.8709554Z 'ASGinzburg.ZAlgebra.rightModuleExtDimensionShiftNatIso' depends on axioms: [propext, Classical.choice, Quot.sound]
2026-10-08T06:25:57.8711278Z 'ASGinzburg.ZAlgebra.rightModuleExtPrecompNat_boundary_zero' depends on axioms: [propext, Classical.choice, Quot.sound]
2026-10-08T06:26:12.6304956Z 'ASGinzburg.ZAlgebra.rightModuleExtBoundaryShortComplex' depends on axioms: [propext, Classical.choice, Quot.sound]
2026-10-08T06:26:12.6333932Z 'ASGinzburg.ZAlgebra.rightModuleExtBoundaryShortComplex_exact_component' depends on axioms: [propext,
2026-10-08T06:26:12.6335352Z  Classical.choice,
2026-10-08T06:26:12.6347772Z  Quot.sound]
2026-10-08T06:26:12.6349061Z 'ASGinzburg.ZAlgebra.rightModuleExtBoundaryNatAppEpi' depends on axioms: [propext, Classical.choice, Quot.sound]
2026-10-08T06:26:12.6350730Z 'ASGinzburg.ZAlgebra.rightModuleExtBoundaryNatEpi' depends on axioms: [propext, Classical.choice, Quot.sound]
2026-10-08T06:26:12.6352663Z 'ASGinzburg.ZAlgebra.rightModuleExtBoundaryCoforkIsColimit' depends on axioms: [propext, Classical.choice, Quot.sound]
2026-10-08T06:26:12.6354627Z 'ASGinzburg.ZAlgebra.rightModuleExtCokernelNatIso' depends on axioms: [propext, Classical.choice, Quot.sound]
2026-10-08T06:26:12.6359812Z 'ASGinzburg.ZAlgebra.rightModuleExtCokernelNatIso_π_hom' depends on axioms: [propext, Classical.choice, Quot.sound]
2026-10-08T06:26:12.6361538Z 'ASGinzburg.ZAlgebra.rightModuleDerivedShiftLinear' depends on axioms: [propext, Classical.choice, Quot.sound]
2026-10-08T06:26:12.6363393Z 'ASGinzburg.ZAlgebra.rightModuleExt_smul_comp' depends on axioms: [propext, Classical.choice, Quot.sound]
2026-10-08T06:26:12.6364865Z 'ASGinzburg.ZAlgebra.rightModuleExt_comp_smul' depends on axioms: [propext, Classical.choice, Quot.sound]
2026-10-08T06:26:12.6366360Z 'ASGinzburg.ZAlgebra.rightModuleExtBoundary' depends on axioms: [propext, Classical.choice, Quot.sound]
2026-10-08T06:26:12.6370500Z 'ASGinzburg.ZAlgebra.rightModuleExtBoundary_bijective' depends on axioms: [propext, Classical.choice, Quot.sound]
2026-10-08T06:26:12.6373100Z 'ASGinzburg.ZAlgebra.rightModuleExtDimensionShift' depends on axioms: [propext, Classical.choice, Quot.sound]
2026-10-08T06:26:12.6374974Z 'ASGinzburg.ZAlgebra.rightModuleExtZeroBoundary_bijective' depends on axioms: [propext, Classical.choice, Quot.sound]
2026-10-08T06:26:12.6376795Z 'ASGinzburg.ZAlgebra.rightModuleExtZeroDimensionShift' depends on axioms: [propext, Classical.choice, Quot.sound]
2026-10-08T06:26:12.6378782Z 'ASGinzburg.ZAlgebra.rightModuleHomPrecomp' depends on axioms: [propext, Classical.choice, Quot.sound]
2026-10-08T06:26:12.6380368Z 'ASGinzburg.ZAlgebra.rightModuleHomPrecomp_injective' depends on axioms: [propext, Classical.choice, Quot.sound]
2026-10-08T06:26:12.6381979Z 'ASGinzburg.ZAlgebra.rightModuleHomFinite_of_epi' depends on axioms: [propext, Classical.choice, Quot.sound]
2026-10-08T06:26:12.6383884Z 'ASGinzburg.ZAlgebra.rightModuleCoproductHomLinearEquiv' depends on axioms: [propext, Classical.choice, Quot.sound]
2026-10-08T06:26:12.6385609Z 'ASGinzburg.ZAlgebra.rightModuleCoproductHomFinite' depends on axioms: [propext, Classical.choice, Quot.sound]
2026-10-08T06:26:12.6387219Z 'ASGinzburg.ZAlgebra.representableHomFinite' depends on axioms: [propext, Classical.choice, Quot.sound]
2026-10-08T06:26:12.6388882Z 'ASGinzburg.ZAlgebra.representableHomRepresentableFinite' depends on axioms: [propext, Classical.choice, Quot.sound]
2026-10-08T06:26:12.6390836Z 'ASGinzburg.ZAlgebra.asResolutionTerm₁HomFinite' depends on axioms: [propext, Classical.choice, Quot.sound]
2026-10-08T06:26:12.6392889Z 'ASGinzburg.ZAlgebra.asResolutionTerm₂HomFinite' depends on axioms: [propext, Classical.choice, Quot.sound]
2026-10-08T06:26:12.6394516Z 'ASGinzburg.ZAlgebra.rightModuleHomPrecompNat' depends on axioms: [propext, Classical.choice, Quot.sound]
2026-10-08T06:26:12.6396120Z 'ASGinzburg.ZAlgebra.rightModuleHomPrecompNat_comp_zero' depends on axioms: [propext, Classical.choice, Quot.sound]
2026-10-08T06:26:12.6397767Z 'ASGinzburg.ZAlgebra.rightModuleHomShortComplex' depends on axioms: [propext, Classical.choice, Quot.sound]
2026-10-08T06:26:12.6399266Z 'ASGinzburg.ZAlgebra.rightModuleHomShortComplex_exact_component' depends on axioms: [propext,
2026-10-08T06:26:12.6400291Z  Classical.choice,
2026-10-08T06:26:12.6400829Z  Quot.sound]
2026-10-08T06:26:12.6401953Z 'ASGinzburg.ZAlgebra.rightModuleHomPrecompNatAppMono' depends on axioms: [propext, Classical.choice, Quot.sound]
2026-10-08T06:26:12.6404160Z 'ASGinzburg.ZAlgebra.rightModuleHomPrecompNatMono' depends on axioms: [propext, Classical.choice, Quot.sound]
2026-10-08T06:26:12.6405858Z 'ASGinzburg.ZAlgebra.rightModuleHomKernelForkIsLimit' depends on axioms: [propext, Classical.choice, Quot.sound]
2026-10-08T06:26:12.6407511Z 'ASGinzburg.ZAlgebra.rightModuleHomKernelNatIso' depends on axioms: [propext, Classical.choice, Quot.sound]
2026-10-08T06:26:12.6409325Z 'ASGinzburg.ZAlgebra.rightModuleHomKernelNatIso_hom_ι' depends on axioms: [propext, Classical.choice, Quot.sound]
2026-10-08T06:26:12.6411072Z 'ASGinzburg.ZAlgebra.rightModuleHomPreservesExactColimits' depends on axioms: [propext, Classical.choice, Quot.sound]
2026-10-08T06:26:12.6412887Z 'ASGinzburg.ZAlgebra.rightModuleEvaluation' depends on axioms: [propext, Classical.choice, Quot.sound]
2026-10-08T06:26:12.6414450Z 'ASGinzburg.ZAlgebra.rightModuleEvaluationAdditive' depends on axioms: [propext, Classical.choice, Quot.sound]
2026-10-08T06:26:12.6416034Z 'ASGinzburg.ZAlgebra.rightModuleEvaluationPreservesFiniteLimits' depends on axioms: [propext,
2026-10-08T06:26:12.6417130Z  Classical.choice,
2026-10-08T06:26:12.6417665Z  Quot.sound]
2026-10-08T06:26:18.0120072Z 'ASGinzburg.ZAlgebra.rightModuleEvaluationPreservesFiniteColimits' depends on axioms: [propext,
2026-10-08T06:26:18.0142840Z  Classical.choice,
2026-10-08T06:26:18.0143406Z  Quot.sound]
2026-10-08T06:26:18.0159847Z 'ASGinzburg.ZAlgebra.rightModuleInclusionPreservesHomology' depends on axioms: [propext, Classical.choice, Quot.sound]
2026-10-08T06:26:18.0161801Z 'ASGinzburg.ZAlgebra.rightModuleEvaluationPreservesHomology' depends on axioms: [propext, Classical.choice, Quot.sound]
2026-10-08T06:26:18.0163635Z 'ASGinzburg.ZAlgebra.rightModuleKernelObjIso' depends on axioms: [propext, Classical.choice, Quot.sound]
2026-10-08T06:26:18.0165080Z 'ASGinzburg.ZAlgebra.rightModuleCokernelObjIso' depends on axioms: [propext, Classical.choice, Quot.sound]
2026-10-08T06:26:18.0166571Z 'ASGinzburg.ZAlgebra.rightModuleHomologyObjIso' depends on axioms: [propext, Classical.choice, Quot.sound]
2026-10-08T06:26:18.0168500Z 'ASGinzburg.ZAlgebra.rightModule_exact_iff_inclusion' depends on axioms: [propext, Classical.choice, Quot.sound]
2026-10-08T06:26:18.0170352Z 'ASGinzburg.ZAlgebra.rightModuleKernelObjIso_inv_ι' depends on axioms: [propext, Classical.choice, Quot.sound]
2026-10-08T06:26:18.0172045Z 'ASGinzburg.ZAlgebra.rightModuleCokernelObjIso_π_hom' depends on axioms: [propext, Classical.choice, Quot.sound]
2026-10-08T06:26:18.0173807Z 'ASGinzburg.ZAlgebra.rightModule_mono_iff' depends on axioms: [propext, Classical.choice, Quot.sound]
2026-10-08T06:26:18.0175115Z 'ASGinzburg.ZAlgebra.rightModule_epi_iff' depends on axioms: [propext, Classical.choice, Quot.sound]
2026-10-08T06:26:18.0176510Z 'ASGinzburg.ZAlgebra.rightModule_mono_iff_injective' depends on axioms: [propext, Classical.choice, Quot.sound]
2026-10-08T06:26:18.0177949Z 'ASGinzburg.ZAlgebra.rightModule_epi_iff_surjective' depends on axioms: [propext, Classical.choice, Quot.sound]
2026-10-08T06:26:18.0179337Z 'ASGinzburg.ZAlgebra.rightModule_exact_iff' depends on axioms: [propext, Classical.choice, Quot.sound]
2026-10-08T06:26:18.0180735Z 'ASGinzburg.ZAlgebra.rightModule_exact_iff_range_eq_ker' depends on axioms: [propext, Classical.choice, Quot.sound]
2026-10-08T06:26:18.0182380Z 'ASGinzburg.ZAlgebra.rightModule_shortExact_iff' depends on axioms: [propext, Classical.choice, Quot.sound]
2026-10-08T06:26:18.0183783Z 'ASGinzburg.ZAlgebra.IsMinimalMorphism' depends on axioms: [propext, Classical.choice, Quot.sound]
2026-10-08T06:26:18.0185169Z 'ASGinzburg.ZAlgebra.isMinimalMorphism_iff_range_le' depends on axioms: [propext, Classical.choice, Quot.sound]
2026-10-08T06:26:18.0186559Z 'ASGinzburg.ZAlgebra.minimalMorphismLift' depends on axioms: [propext, Classical.choice, Quot.sound]
2026-10-08T06:26:18.0188001Z 'ASGinzburg.ZAlgebra.minimalMorphismLift_inclusion' depends on axioms: [propext, Classical.choice, Quot.sound]
2026-10-08T06:26:18.0189743Z 'ASGinzburg.ZAlgebra.isMinimalMorphism_of_factor' depends on axioms: [propext, Classical.choice, Quot.sound]
2026-10-08T06:26:18.0191233Z 'ASGinzburg.ZAlgebra.isMinimalMorphism_iff_factors' depends on axioms: [propext, Classical.choice, Quot.sound]
2026-10-08T06:26:18.0192874Z 'ASGinzburg.ZAlgebra.isMinimalMorphism_zero' depends on axioms: [propext, Classical.choice, Quot.sound]
2026-10-08T06:26:18.0194442Z 'ASGinzburg.ZAlgebra.isMinimalMorphism_comp_left' depends on axioms: [propext, Classical.choice, Quot.sound]
2026-10-08T06:26:18.0196073Z 'ASGinzburg.ZAlgebra.isMinimalMorphism_comp_right' depends on axioms: [propext, Classical.choice, Quot.sound]
2026-10-08T06:26:18.0197532Z 'ASGinzburg.ZAlgebra.representableToElement' depends on axioms: [propext, Classical.choice, Quot.sound]
2026-10-08T06:26:18.0198983Z 'ASGinzburg.ZAlgebra.representableYonedaEquiv' depends on axioms: [propext, Classical.choice, Quot.sound]
2026-10-08T06:26:18.0200465Z 'ASGinzburg.ZAlgebra.representableYonedaEquiv_apply' depends on axioms: [propext, Classical.choice, Quot.sound]
2026-10-08T06:26:18.0202008Z 'ASGinzburg.ZAlgebra.representableYonedaEquiv_comp' depends on axioms: [propext, Classical.choice, Quot.sound]
2026-10-08T06:26:18.0203716Z 'ASGinzburg.ZAlgebra.representableYonedaEquiv_symm_app' depends on axioms: [propext, Classical.choice, Quot.sound]
2026-10-08T06:26:18.0205202Z 'ASGinzburg.ZAlgebra.representableProjective' depends on axioms: [propext, Classical.choice, Quot.sound]
2026-10-08T06:26:18.0206651Z 'ASGinzburg.ZAlgebra.positiveActionSpan_action_mem' depends on axioms: [propext, Classical.choice, Quot.sound]
2026-10-08T06:26:18.0208061Z 'ASGinzburg.ZAlgebra.rightModuleRadical' depends on axioms: [propext, Classical.choice, Quot.sound]
2026-10-08T06:26:18.0209416Z 'ASGinzburg.ZAlgebra.positiveActionSpan_map_mem' depends on axioms: [propext, Classical.choice, Quot.sound]
2026-10-08T06:26:18.0210828Z 'ASGinzburg.ZAlgebra.rightModuleRadicalMap' depends on axioms: [propext, Classical.choice, Quot.sound]
2026-10-08T06:26:18.0212464Z 'ASGinzburg.ZAlgebra.rightModuleRadicalMap_inclusion' depends on axioms: [propext, Classical.choice, Quot.sound]
2026-10-08T06:26:18.0215203Z 'ASGinzburg.ZAlgebra.rightModuleRadicalFunctor' depends on axioms: [propext, Classical.choice, Quot.sound]
2026-10-08T06:26:25.5053654Z 'ASGinzburg.ZAlgebra.rightModuleRadicalFunctorAdditive' depends on axioms: [propext, Classical.choice, Quot.sound]
2026-10-08T06:26:25.5073766Z 'ASGinzburg.ZAlgebra.rightModuleRadicalFunctorLinear' depends on axioms: [propext, Classical.choice, Quot.sound]
2026-10-08T06:26:25.5093086Z 'ASGinzburg.ZAlgebra.rightModuleRadical_representable_component' depends on axioms: [propext,
2026-10-08T06:26:25.5097225Z  Classical.choice,
2026-10-08T06:26:25.5097794Z  Quot.sound]
2026-10-08T06:26:25.5098807Z 'ASGinzburg.ZAlgebra.positiveActionSpan_simple_eq_bot' depends on axioms: [propext, Classical.choice, Quot.sound]
2026-10-08T06:26:25.5100420Z 'ASGinzburg.ZAlgebra.radical_inclusion_comp_simple_eq_zero' depends on axioms: [propext, Classical.choice, Quot.sound]
2026-10-08T06:26:25.5102319Z 'ASGinzburg.ZAlgebra.minimalMorphism_comp_simple_eq_zero' depends on axioms: [propext, Classical.choice, Quot.sound]
2026-10-08T06:26:25.5103835Z 'ASGinzburg.ZAlgebra.RightSubmodule' depends on axioms: [propext, Classical.choice, Quot.sound]
2026-10-08T06:26:25.5105278Z 'ASGinzburg.ZAlgebra.RightSubmodule.presheaf' depends on axioms: [propext, Classical.choice, Quot.sound]
2026-10-08T06:26:25.5106849Z 'ASGinzburg.ZAlgebra.RightSubmodule.presheafAdditive' depends on axioms: [propext, Classical.choice, Quot.sound]
2026-10-08T06:26:25.5108421Z 'ASGinzburg.ZAlgebra.RightSubmodule.presheafLinear' depends on axioms: [propext, Classical.choice, Quot.sound]
2026-10-08T06:26:25.5109781Z 'ASGinzburg.ZAlgebra.RightSubmodule.object' depends on axioms: [propext, Classical.choice, Quot.sound]
2026-10-08T06:26:25.5111288Z 'ASGinzburg.ZAlgebra.RightSubmodule.inclusion' depends on axioms: [propext, Classical.choice, Quot.sound]
2026-10-08T06:26:25.5113446Z 'ASGinzburg.ZAlgebra.RightSubmodule.inclusionMono' depends on axioms: [propext, Classical.choice, Quot.sound]
2026-10-08T06:26:25.5115019Z 'ASGinzburg.ZAlgebra.RightSubmodule.quotient' depends on axioms: [propext, Classical.choice, Quot.sound]
2026-10-08T06:26:25.5116886Z 'ASGinzburg.ZAlgebra.RightSubmodule.quotientπ' depends on axioms: [propext, Classical.choice, Quot.sound]
2026-10-08T06:26:25.5118610Z 'ASGinzburg.ZAlgebra.RightSubmodule.quotientπEpi' depends on axioms: [propext, Classical.choice, Quot.sound]
2026-10-08T06:26:25.5120258Z 'ASGinzburg.ZAlgebra.RightSubmodule.quotientShortComplex' depends on axioms: [propext, Classical.choice, Quot.sound]
2026-10-08T06:26:25.5122001Z 'ASGinzburg.ZAlgebra.RightSubmodule.quotientShortExact' depends on axioms: [propext, Classical.choice, Quot.sound]
2026-10-08T06:26:25.5123874Z 'ASGinzburg.ZAlgebra.leftRepresentableRadical' depends on axioms: [propext, Classical.choice, Quot.sound]
2026-10-08T06:26:25.5125402Z 'ASGinzburg.ZAlgebra.positiveLeftActionSpan' depends on axioms: [propext, Classical.choice, Quot.sound]
2026-10-08T06:26:25.5126946Z 'ASGinzburg.ZAlgebra.leftRepresentableRadical_eq_positiveLeftActionSpan' depends on axioms: [propext,
2026-10-08T06:26:25.5128027Z  Classical.choice,
2026-10-08T06:26:25.5128542Z  Quot.sound]
2026-10-08T06:26:25.5129428Z 'ASGinzburg.ZAlgebra.simpleLeftModule' depends on axioms: [propext, Classical.choice, Quot.sound]
2026-10-08T06:26:25.5130984Z 'ASGinzburg.ZAlgebra.simpleLeftModuleπ' depends on axioms: [propext, Classical.choice, Quot.sound]
2026-10-08T06:26:25.5132754Z 'ASGinzburg.ZAlgebra.simpleLeftModuleπEpi' depends on axioms: [propext, Classical.choice, Quot.sound]
2026-10-08T06:26:25.5134367Z 'ASGinzburg.ZAlgebra.leftRepresentableRadical_diagonal_zero' depends on axioms: [propext, Classical.choice, Quot.sound]
2026-10-08T06:26:25.5136026Z 'ASGinzburg.ZAlgebra.simpleLeftModuleDiagonalIso' depends on axioms: [propext, Classical.choice, Quot.sound]
2026-10-08T06:26:25.5137620Z 'ASGinzburg.ZAlgebra.simpleLeftModule_off_diagonal' depends on axioms: [propext, Classical.choice, Quot.sound]
2026-10-08T06:26:25.5139492Z 'ASGinzburg.ZAlgebra.simpleLeftModule_diagonal_finrank' depends on axioms: [propext, Classical.choice, Quot.sound]
2026-10-08T06:26:25.5141122Z 'ASGinzburg.ZAlgebra.simpleLeftModuleDiagonalSimple' depends on axioms: [propext, Classical.choice, Quot.sound]
2026-10-08T06:26:25.5143943Z 'ASGinzburg.ZAlgebra.simpleLeftModule_hom_eq_zero_iff' depends on axioms: [propext, Classical.choice, Quot.sound]
2026-10-08T06:26:25.5145503Z 'ASGinzburg.ZAlgebra.simpleLeftModuleSimple' depends on axioms: [propext, Classical.choice, Quot.sound]
2026-10-08T06:26:25.5147045Z 'ASGinzburg.ZAlgebra.simpleLeftModule_shortExact' depends on axioms: [propext, Classical.choice, Quot.sound]
2026-10-08T06:26:25.5148534Z 'ASGinzburg.ZAlgebra.representableRadical' depends on axioms: [propext, Classical.choice, Quot.sound]
2026-10-08T06:26:25.5149949Z 'ASGinzburg.ZAlgebra.positiveActionSpan' depends on axioms: [propext, Classical.choice, Quot.sound]
2026-10-08T06:26:25.5151358Z 'ASGinzburg.ZAlgebra.representableRadical_eq_positiveActionSpan' depends on axioms: [propext,
2026-10-08T06:26:25.5152667Z  Classical.choice,
2026-10-08T06:26:25.5153197Z  Quot.sound]
2026-10-08T06:26:25.5154079Z 'ASGinzburg.ZAlgebra.simpleRightModule' depends on axioms: [propext, Classical.choice, Quot.sound]
2026-10-08T06:26:25.5155706Z 'ASGinzburg.ZAlgebra.simpleRightModuleπ' depends on axioms: [propext, Classical.choice, Quot.sound]
2026-10-08T06:26:25.5157432Z 'ASGinzburg.ZAlgebra.simpleRightModuleπEpi' depends on axioms: [propext, Classical.choice, Quot.sound]
2026-10-08T06:26:32.0478559Z 'ASGinzburg.ZAlgebra.representableRadical_diagonal_zero' depends on axioms: [propext, Classical.choice, Quot.sound]
2026-10-08T06:26:32.0503884Z 'ASGinzburg.ZAlgebra.simpleRightModuleDiagonalIso' depends on axioms: [propext, Classical.choice, Quot.sound]
2026-10-08T06:26:32.0523127Z 'ASGinzburg.ZAlgebra.simpleRightModule_off_diagonal' depends on axioms: [propext, Classical.choice, Quot.sound]
2026-10-08T06:26:32.0528870Z 'ASGinzburg.ZAlgebra.simpleRightModule_diagonal_finrank' depends on axioms: [propext, Classical.choice, Quot.sound]
2026-10-08T06:26:32.0530527Z 'ASGinzburg.ZAlgebra.simpleRightModuleDiagonalSimple' depends on axioms: [propext, Classical.choice, Quot.sound]
2026-10-08T06:26:32.0532333Z 'ASGinzburg.ZAlgebra.simpleRightModule_hom_eq_zero_iff' depends on axioms: [propext, Classical.choice, Quot.sound]
2026-10-08T06:26:32.0533826Z 'ASGinzburg.ZAlgebra.simpleRightModuleSimple' depends on axioms: [propext, Classical.choice, Quot.sound]
2026-10-08T06:26:32.0535299Z 'ASGinzburg.ZAlgebra.simpleRightModule_shortExact' depends on axioms: [propext, Classical.choice, Quot.sound]
2026-10-08T06:26:32.0536440Z 'ASGinzburg.ArrowSpace333' does not depend on any axioms
2026-10-08T06:26:32.0537355Z 'ASGinzburg.CubicTensor333' depends on axioms: [propext, Classical.choice, Quot.sound]
2026-10-08T06:26:32.0538361Z 'ASGinzburg.Triple333' does not depend on any axioms
2026-10-08T06:26:32.0539155Z 'ASGinzburg.CubicCoefficients333' does not depend on any axioms
2026-10-08T06:26:32.0539989Z 'ASGinzburg.CutRelations333' does not depend on any axioms
2026-10-08T06:26:32.0540918Z 'ASGinzburg.cubicBasis333' depends on axioms: [propext, Classical.choice, Quot.sound]
2026-10-08T06:26:32.0542247Z 'ASGinzburg.cubicCoordinates333' depends on axioms: [propext, Classical.choice, Quot.sound]
2026-10-08T06:26:32.0543534Z 'ASGinzburg.cutRelationCoordinates333' depends on axioms: [propext, Classical.choice, Quot.sound]
2026-10-08T06:26:32.0544820Z 'ASGinzburg.tensorToCutRelations333' depends on axioms: [propext, Classical.choice, Quot.sound]
2026-10-08T06:26:32.0546180Z 'ASGinzburg.tensor_recovered_from_cut_relations333' depends on axioms: [propext, Classical.choice, Quot.sound]
2026-10-08T06:26:32.0547506Z 'ASGinzburg.cubicTensor333_finrank' depends on axioms: [propext, Classical.choice, Quot.sound]
2026-10-08T06:26:32.0548736Z 'ASGinzburg.arrowBasisChange333' depends on axioms: [propext, Classical.choice, Quot.sound]
2026-10-08T06:26:32.0549982Z 'ASGinzburg.arrowBasisChange333_tmul' depends on axioms: [propext, Classical.choice, Quot.sound]
2026-10-08T06:26:32.0551419Z 'ASGinzburg.TopCohomology' depends on axioms: [propext, Classical.choice, Quot.sound]
2026-10-08T06:26:32.0552705Z 'ASGinzburg.map_from_zero_domain_eq_zero' depends on axioms: [propext, Quot.sound]
2026-10-08T06:26:32.0553841Z 'ASGinzburg.topCohomologyEquiv' depends on axioms: [propext, Classical.choice, Quot.sound]
2026-10-08T06:26:32.0555047Z 'ASGinzburg.topCohomology_finrank' depends on axioms: [propext, Classical.choice, Quot.sound]
2026-10-08T06:26:32.0556304Z 'ASGinzburg.topCohomology_field_finrank' depends on axioms: [propext, Classical.choice, Quot.sound]
2026-10-08T06:26:32.0557599Z 'ASGinzburg.discreteColimitFaithful' depends on axioms: [propext, Classical.choice, Quot.sound]
2026-10-08T06:26:32.0558941Z 'ASGinzburg.ZAlgebra.rightModuleComponents' depends on axioms: [propext, Classical.choice, Quot.sound]
2026-10-08T06:26:32.0560333Z 'ASGinzburg.ZAlgebra.leftModuleComponents' depends on axioms: [propext, Classical.choice, Quot.sound]
2026-10-08T06:26:32.0561819Z 'ASGinzburg.ZAlgebra.rightModuleComponentsFaithful' depends on axioms: [propext, Classical.choice, Quot.sound]
2026-10-08T06:26:32.0563554Z 'ASGinzburg.ZAlgebra.leftModuleComponentsFaithful' depends on axioms: [propext, Classical.choice, Quot.sound]
2026-10-08T06:26:32.0565036Z 'ASGinzburg.ZAlgebra.rightModuleTotalFunctor' depends on axioms: [propext, Classical.choice, Quot.sound]
2026-10-08T06:26:32.0566430Z 'ASGinzburg.ZAlgebra.leftModuleTotalFunctor' depends on axioms: [propext, Classical.choice, Quot.sound]
2026-10-08T06:26:32.0567913Z 'ASGinzburg.ZAlgebra.rightModuleTotalFunctorFaithful' depends on axioms: [propext, Classical.choice, Quot.sound]
2026-10-08T06:26:32.0583247Z 'ASGinzburg.ZAlgebra.leftModuleTotalFunctorFaithful' depends on axioms: [propext, Classical.choice, Quot.sound]
2026-10-08T06:26:32.0584960Z 'ASGinzburg.ZAlgebra.rightModuleTotalFunctorPreservesFiniteLimits' depends on axioms: [propext,
2026-10-08T06:26:32.0586441Z  Classical.choice,
2026-10-08T06:26:32.0587258Z  Quot.sound]
2026-10-08T06:26:32.0588604Z 'ASGinzburg.ZAlgebra.leftModuleTotalFunctorPreservesFiniteLimits' depends on axioms: [propext,
2026-10-08T06:26:32.0589851Z  Classical.choice,
2026-10-08T06:26:32.0590730Z  Quot.sound]
2026-10-08T06:26:32.0591752Z 'ASGinzburg.ZAlgebra.rightModuleTotalFunctorPreservesColimitsOfShape' depends on axioms: [propext,
2026-10-08T06:26:32.0593629Z  Classical.choice,
2026-10-08T06:26:32.0594292Z  Quot.sound]
2026-10-08T06:26:32.0595621Z 'ASGinzburg.ZAlgebra.leftModuleTotalFunctorPreservesColimitsOfShape' depends on axioms: [propext,
2026-10-08T06:26:32.0596856Z  Classical.choice,
2026-10-08T06:26:32.0597772Z  Quot.sound]
2026-10-08T06:26:32.0598863Z 'ASGinzburg.ZAlgebra.leftModuleTotalFunctorObjIso' depends on axioms: [propext, Classical.choice, Quot.sound]
2026-10-08T06:26:36.0336848Z 'ASGinzburg.ZAlgebra.rightModuleTotalSpace' depends on axioms: [propext, Classical.choice, Quot.sound]
2026-10-08T06:26:36.0338436Z 'ASGinzburg.ZAlgebra.rightModuleTotalFunctorObjIso' depends on axioms: [propext, Classical.choice, Quot.sound]
2026-10-08T06:26:36.0339856Z 'ASGinzburg.ZAlgebra.rightModuleTotalFunctorPreservesFiniteColimits' depends on axioms: [propext,
2026-10-08T06:26:36.0340820Z  Classical.choice,
2026-10-08T06:26:36.0341279Z  Quot.sound]
2026-10-08T06:26:36.0342392Z 'ASGinzburg.ZAlgebra.leftModuleTotalFunctorPreservesFiniteColimits' depends on axioms: [propext,
2026-10-08T06:26:36.0343356Z  Classical.choice,
2026-10-08T06:26:36.0343811Z  Quot.sound]
2026-10-08T06:26:36.0344679Z 'ASGinzburg.ZAlgebra.rightModuleTotalFunctor_shortExact' depends on axioms: [propext, Classical.choice, Quot.sound]
2026-10-08T06:26:36.0346052Z 'ASGinzburg.ZAlgebra.leftModuleTotalFunctor_shortExact' depends on axioms: [propext, Classical.choice, Quot.sound]
2026-10-08T06:26:36.0347489Z 'ASGinzburg.ZAlgebra.rightModuleTotalFunctor_exact_iff' depends on axioms: [propext, Classical.choice, Quot.sound]
2026-10-08T06:26:36.0349119Z 'ASGinzburg.ZAlgebra.leftModuleTotalFunctor_exact_iff' depends on axioms: [propext, Classical.choice, Quot.sound]
2026-10-08T06:26:36.0351375Z 'ASGinzburg.ZAlgebra.leftModuleTotalFunctor_ι_objIso_hom' depends on axioms: [propext, Classical.choice, Quot.sound]
2026-10-08T06:26:36.0353426Z 'ASGinzburg.ZAlgebra.rightModuleTotalFunctor_ι_objIso_hom' depends on axioms: [propext, Classical.choice, Quot.sound]
2026-10-08T06:26:36.0354740Z 'ASGinzburg.triangle333' depends on axioms: [propext, Quot.sound]
2026-10-08T06:26:36.0355653Z 'ASGinzburg.triangleX' depends on axioms: [propext, Quot.sound]
2026-10-08T06:26:36.0356564Z 'ASGinzburg.triangleY' depends on axioms: [propext, Quot.sound]
2026-10-08T06:26:36.0357479Z 'ASGinzburg.triangleZ' depends on axioms: [propext, Quot.sound]
2026-10-08T06:26:36.0358392Z 'ASGinzburg.triangleX_cut' depends on axioms: [propext, Quot.sound]
2026-10-08T06:26:36.0359321Z 'ASGinzburg.triangleY_cut' depends on axioms: [propext, Quot.sound]
2026-10-08T06:26:36.0360312Z 'ASGinzburg.triangleZ_cut' depends on axioms: [propext, Classical.choice, Quot.sound]
2026-10-08T06:26:36.0361512Z 'ASGinzburg.triangle_arrow_winding' depends on axioms: [propext, Classical.choice, Quot.sound]
2026-10-08T06:26:36.0362912Z 'ASGinzburg.triangle_path_winding' depends on axioms: [propext, Classical.choice, Quot.sound]
2026-10-08T06:26:36.0364128Z 'ASGinzburg.triangle_cut_one_cycle_is_cubic' depends on axioms: [propext, Classical.choice, Quot.sound]
2026-10-08T06:26:36.0365462Z 'ASGinzburg.triangle_same_winding_as_arrow_is_linear' depends on axioms: [propext, Classical.choice, Quot.sound]
2026-10-08T06:26:36.0366897Z 'ASGinzburg.trianglePotential' depends on axioms: [propext, Classical.choice, Quot.sound]
2026-10-08T06:26:36.0368360Z 'ASGinzburg.trianglePotential_cut_derivative_identity' depends on axioms: [propext, Classical.choice, Quot.sound]
2026-10-08T06:26:36.0369636Z 'ASGinzburg.ZAlgebra.InWindow' does not depend on any axioms
2026-10-08T06:26:36.0370741Z 'ASGinzburg.ZAlgebra.InWindow.mono' depends on axioms: [propext, Classical.choice, Quot.sound]
2026-10-08T06:26:36.0372525Z 'ASGinzburg.ZAlgebra.WindowSystem' depends on axioms: [propext, Classical.choice, Quot.sound]
2026-10-08T06:26:36.0374060Z 'ASGinzburg.ZAlgebra.WindowSystem.globalMap' depends on axioms: [propext, Classical.choice, Quot.sound]
2026-10-08T06:26:36.0375644Z 'ASGinzburg.ZAlgebra.WindowSystem.globalMap_eq_window' depends on axioms: [propext, Classical.choice, Quot.sound]
2026-10-08T06:26:36.0377208Z 'ASGinzburg.ZAlgebra.WindowSystem.periodIso' depends on axioms: [propext, Classical.choice, Quot.sound]
2026-10-08T06:26:36.0378714Z 'ASGinzburg.ZAlgebra.WindowSystem.isPeriodic' depends on axioms: [propext, Classical.choice, Quot.sound]
2026-10-08T06:26:36.0380040Z 'ASGinzburg.ZAlgebra' depends on axioms: [propext, Classical.choice, Quot.sound]
2026-10-08T06:26:36.0381242Z 'ASGinzburg.ZAlgebra.PeriodIso' depends on axioms: [propext, Classical.choice, Quot.sound]
2026-10-08T06:26:36.0382677Z 'ASGinzburg.ZAlgebra.IsPeriodic' depends on axioms: [propext, Classical.choice, Quot.sound]
2026-10-08T06:26:36.0383874Z 'ASGinzburg.ZAlgebra.LinearSubcategory' depends on axioms: [propext, Classical.choice, Quot.sound]
2026-10-08T06:26:36.0385086Z 'ASGinzburg.ZAlgebra.products' depends on axioms: [propext, Classical.choice, Quot.sound]
2026-10-08T06:26:36.0386463Z 'ASGinzburg.ZAlgebra.generated_of_decomposition' depends on axioms: [propext, Classical.choice, Quot.sound]
2026-10-08T06:26:36.1321714Z [2026-10-08T06:26:36.130158+00:00] axioms: exit=0, elapsed=167.988603s
2026-10-08T06:26:36.1328401Z [2026-10-08T06:26:36.131766+00:00] report: /usr/bin/python3 scripts/report_verification.py --run-dir /home/runner/work/as-ginzburg-lean/as-ginzburg-lean/verification/runs/20261008T061602Z-784aa784
2026-10-08T06:26:36.3059568Z Kernel axiom audit passed for 620 distinct declarations including all 260 theorems; main results remain incomplete.
2026-10-08T06:26:36.3134066Z [2026-10-08T06:26:36.312610+00:00] report: exit=0, elapsed=0.180860s
2026-10-08T06:26:36.3160281Z {
2026-10-08T06:26:36.3160867Z   "run_id": "20261008T061602Z-784aa784",
2026-10-08T06:26:36.3161904Z   "exit_code": 0,
2026-10-08T06:26:36.3162936Z   "started_at_utc": "2026-10-08T06:16:02.870847+00:00",
2026-10-08T06:26:36.3163643Z   "ended_at_utc": "2026-10-08T06:26:36.313236+00:00",
2026-10-08T06:26:36.3164294Z   "elapsed_seconds": 633.442386214
2026-10-08T06:26:36.3164844Z }
2026-10-08T06:26:36.3388465Z ##[group]Run actions/upload-artifact@ea165f8d65b6e75b540449e92b4886f43607fa02
2026-10-08T06:26:36.3388911Z with:
2026-10-08T06:26:36.3389130Z   name: lean-verification-37736635336-1
2026-10-08T06:26:36.3389541Z   path: verification/runs/20261008T061602Z-784aa784
work/toolchain-setup.log

2026-10-08T06:26:36.3390009Z   if-no-files-found: error
2026-10-08T06:26:36.3390243Z   retention-days: 30
2026-10-08T06:26:36.3390456Z   compression-level: 6
2026-10-08T06:26:36.3390669Z   overwrite: false
2026-10-08T06:26:36.3390881Z   include-hidden-files: false
2026-10-08T06:26:36.3391119Z ##[endgroup]
2026-10-08T06:26:36.6760449Z (node:3124) [DEP0040] DeprecationWarning: The `punycode` module is deprecated. Please use a userland alternative instead.
2026-10-08T06:26:36.6762290Z (Use `node --trace-deprecation ...` to show where the warning was created)
2026-10-08T06:26:36.6915153Z Multiple search paths detected. Calculating the least common ancestor of all paths
2026-10-08T06:26:36.6921293Z The least common ancestor is /home/runner/work/as-ginzburg-lean/as-ginzburg-lean. This will be the root directory of the artifact
2026-10-08T06:26:36.6923870Z With the provided path, there will be 12 files uploaded
2026-10-08T06:26:36.6926901Z Artifact name is valid!
2026-10-08T06:26:36.6931798Z Root directory input is valid!
2026-10-08T06:26:37.0517346Z (node:3124) [DEP0169] DeprecationWarning: `url.parse()` behavior is not standardized and prone to errors that have security implications. Use the WHATWG URL API instead. CVEs are not issued for `url.parse()` vulnerabilities.
2026-10-08T06:26:37.1868148Z Beginning upload of artifact content to blob storage
2026-10-08T06:26:37.2065064Z Uploaded bytes 33416
2026-10-08T06:26:37.2593086Z Finished uploading artifact content to blob storage!
2026-10-08T06:26:37.2594858Z SHA256 digest of uploaded artifact zip is 539090185c4655778b541eb727ebff348f79f048f45c2ec9c15de61b3e06208c
2026-10-08T06:26:37.2596343Z Finalizing artifact upload
2026-10-08T06:26:37.4744930Z Artifact lean-verification-37736635336-1.zip successfully finalized. Artifact ID 11531959829
2026-10-08T06:26:37.4747152Z Artifact lean-verification-37736635336-1 has been successfully uploaded! Final size is 33416 bytes. Artifact ID is 11531959829
2026-10-08T06:26:37.4749045Z Artifact download URL: https://github.com/uedakazushi/as-ginzburg-lean/actions/runs/37736635336/artifacts/11531959829
2026-10-08T06:26:37.4941083Z Post job cleanup.
2026-10-08T06:26:37.6072468Z [command]/usr/bin/git version
2026-10-08T06:26:37.6181632Z git version 2.55.0
2026-10-08T06:26:37.6202539Z Temporarily overriding HOME='/home/runner/work/_temp/7b133b51-5520-413d-bbf6-9f6c2067cdc2' before making global git config changes
2026-10-08T06:26:37.6204502Z Adding repository directory to the temporary git global config as a safe directory
2026-10-08T06:26:37.6205830Z [command]/usr/bin/git config --global --add safe.directory /home/runner/work/as-ginzburg-lean/as-ginzburg-lean
2026-10-08T06:26:37.6345917Z [command]/usr/bin/git config --local --name-only --get-regexp core\.sshCommand
2026-10-08T06:26:37.6348785Z [command]/usr/bin/git submodule foreach --recursive sh -c "git config --local --name-only --get-regexp 'core\.sshCommand' && git config --local --unset-all 'core.sshCommand' || :"
2026-10-08T06:26:37.6916429Z [command]/usr/bin/git config --local --name-only --get-regexp http\.https\:\/\/github\.com\/\.extraheader
2026-10-08T06:26:37.6917933Z http.https://github.com/.extraheader
2026-10-08T06:26:37.6920187Z [command]/usr/bin/git config --local --unset-all http.https://github.com/.extraheader
2026-10-08T06:26:37.6978723Z [command]/usr/bin/git submodule foreach --recursive sh -c "git config --local --name-only --get-regexp 'http\.https\:\/\/github\.com\/\.extraheader' && git config --local --unset-all 'http.https://github.com/.extraheader' || :"
2026-10-08T06:26:37.7722729Z Cleaning up orphan processes
2026-10-08T06:26:37.8164623Z ##[warning]Node.js 20 is deprecated. The following actions target Node.js 20 but are being forced to run on Node.js 24: actions/checkout@11bd71901bbe5b1630ceea73d27597364c9af683, actions/upload-artifact@ea165f8d65b6e75b540449e92b4886f43607fa02. For more information see: https://github.blog/changelog/2025-09-19-deprecation-of-node-20-on-github-actions-runners/
