2026-10-08T09:36:33.7233433Z Current runner version: '2.337.0'
2026-10-08T09:36:33.7269008Z ##[group]Runner Image Provisioner
2026-10-08T09:36:33.7270568Z Hosted Compute Agent
2026-10-08T09:36:33.7271551Z Version: 20261002.596
2026-10-08T09:36:33.7272664Z Commit: c3d12f3313a95f25162a1503be624f3b0617f8c0
2026-10-08T09:36:33.7274262Z Build Date: 2026-10-02T22:28:27Z
2026-10-08T09:36:33.7275554Z Worker ID: {8a5c3bf5-df2a-4c5b-8b52-39d0b83c3c69}
2026-10-08T09:36:33.7276975Z Region: westus
2026-10-08T09:36:33.7277952Z Cloud: Azure
2026-10-08T09:36:33.7278896Z ##[endgroup]
2026-10-08T09:36:33.7281746Z ##[group]Operating System
2026-10-08T09:36:33.7282779Z Ubuntu
2026-10-08T09:36:33.7283720Z 24.04.5
2026-10-08T09:36:33.7285051Z LTS
2026-10-08T09:36:33.7285912Z ##[endgroup]
2026-10-08T09:36:33.7287019Z ##[group]Runner Image
2026-10-08T09:36:33.7288065Z Image: ubuntu-24.04
2026-10-08T09:36:33.7289182Z Version: 20261004.327.1
2026-10-08T09:36:33.7291531Z Included Software: https://github.com/actions/runner-images/blob/ubuntu24/20261004.327/images/ubuntu/Ubuntu2404-Readme.md
2026-10-08T09:36:33.7294958Z Image Release: https://github.com/actions/runner-images/releases/tag/ubuntu24%2F20261004.327
2026-10-08T09:36:33.7296742Z ##[endgroup]
2026-10-08T09:36:33.7298729Z ##[group]GITHUB_TOKEN Permissions
2026-10-08T09:36:33.7301322Z Contents: read
2026-10-08T09:36:33.7302985Z Metadata: read
2026-10-08T09:36:33.7304525Z ##[endgroup]
2026-10-08T09:36:33.7307710Z Secret source: Actions
2026-10-08T09:36:33.7309421Z Cache mode: write
2026-10-08T09:36:33.7310602Z Prepare workflow directory
2026-10-08T09:36:33.7820848Z Prepare all required actions
2026-10-08T09:36:33.7894656Z Getting action download info
2026-10-08T09:36:34.1935130Z Download action repository 'actions/checkout@11bd71901bbe5b1630ceea73d27597364c9af683' (SHA:11bd71901bbe5b1630ceea73d27597364c9af683)
2026-10-08T09:36:34.3279817Z Download action repository 'actions/upload-artifact@ea165f8d65b6e75b540449e92b4886f43607fa02' (SHA:ea165f8d65b6e75b540449e92b4886f43607fa02)
2026-10-08T09:36:34.6210822Z Complete job name: verify
2026-10-08T09:36:34.6999279Z ##[group]Run actions/checkout@11bd71901bbe5b1630ceea73d27597364c9af683
2026-10-08T09:36:34.7000351Z with:
2026-10-08T09:36:34.7000834Z   repository: uedakazushi/as-ginzburg-lean
2026-10-08T09:36:34.7004741Z   token: ***
2026-10-08T09:36:34.7005188Z   ssh-strict: true
2026-10-08T09:36:34.7005635Z   ssh-user: git
2026-10-08T09:36:34.7006084Z   persist-credentials: true
2026-10-08T09:36:34.7006569Z   clean: true
2026-10-08T09:36:34.7007018Z   sparse-checkout-cone-mode: true
2026-10-08T09:36:34.7007535Z   fetch-depth: 1
2026-10-08T09:36:34.7007969Z   fetch-tags: false
2026-10-08T09:36:34.7008422Z   show-progress: true
2026-10-08T09:36:34.7008883Z   lfs: false
2026-10-08T09:36:34.7009302Z   submodules: false
2026-10-08T09:36:34.7009753Z   set-safe-directory: true
2026-10-08T09:36:34.7010504Z ##[endgroup]
2026-10-08T09:36:34.8777338Z Syncing repository: uedakazushi/as-ginzburg-lean
2026-10-08T09:36:34.8781845Z ##[group]Getting Git version info
2026-10-08T09:36:34.8784369Z Working directory is '/home/runner/work/as-ginzburg-lean/as-ginzburg-lean'
2026-10-08T09:36:34.8788313Z [command]/usr/bin/git version
2026-10-08T09:36:34.8790523Z git version 2.55.0
2026-10-08T09:36:34.8796729Z ##[endgroup]
2026-10-08T09:36:34.8807704Z Temporarily overriding HOME='/home/runner/work/_temp/d002bc41-1cf3-4825-98f1-580357cb1c6f' before making global git config changes
2026-10-08T09:36:34.8810766Z Adding repository directory to the temporary git global config as a safe directory
2026-10-08T09:36:34.8835841Z [command]/usr/bin/git config --global --add safe.directory /home/runner/work/as-ginzburg-lean/as-ginzburg-lean
2026-10-08T09:36:34.8899372Z Deleting the contents of '/home/runner/work/as-ginzburg-lean/as-ginzburg-lean'
2026-10-08T09:36:34.8901548Z ##[group]Initializing the repository
2026-10-08T09:36:34.8906541Z [command]/usr/bin/git init /home/runner/work/as-ginzburg-lean/as-ginzburg-lean
2026-10-08T09:36:34.9041535Z hint: Using 'master' as the name for the initial branch. This default branch name
2026-10-08T09:36:34.9054573Z hint: will change to "main" in Git 3.0. To configure the initial branch name
2026-10-08T09:36:34.9065285Z hint: to use in all of your new repositories, which will suppress this warning,
2026-10-08T09:36:34.9067237Z hint: call:
2026-10-08T09:36:34.9095585Z hint:
2026-10-08T09:36:34.9096739Z hint: 	git config --global init.defaultBranch <name>
2026-10-08T09:36:34.9098144Z hint:
2026-10-08T09:36:34.9100688Z hint: Names commonly chosen instead of 'master' are 'main', 'trunk' and
2026-10-08T09:36:34.9106533Z hint: 'development'. The just-created branch can be renamed via this command:
2026-10-08T09:36:34.9124649Z hint:
2026-10-08T09:36:34.9128041Z hint: 	git branch -m <name>
2026-10-08T09:36:34.9139176Z hint:
2026-10-08T09:36:34.9140555Z hint: Disable this message with "git config set advice.defaultBranchName false"
2026-10-08T09:36:34.9142761Z Initialized empty Git repository in /home/runner/work/as-ginzburg-lean/as-ginzburg-lean/.git/
2026-10-08T09:36:34.9146766Z [command]/usr/bin/git remote add origin https://github.com/uedakazushi/as-ginzburg-lean
2026-10-08T09:36:34.9150085Z ##[endgroup]
2026-10-08T09:36:34.9151404Z ##[group]Disabling automatic garbage collection
2026-10-08T09:36:34.9152611Z [command]/usr/bin/git config --local gc.auto 0
2026-10-08T09:36:34.9215234Z ##[endgroup]
2026-10-08T09:36:34.9216605Z ##[group]Setting up auth
2026-10-08T09:36:34.9218029Z [command]/usr/bin/git config --local --name-only --get-regexp core\.sshCommand
2026-10-08T09:36:34.9308757Z [command]/usr/bin/git submodule foreach --recursive sh -c "git config --local --name-only --get-regexp 'core\.sshCommand' && git config --local --unset-all 'core.sshCommand' || :"
2026-10-08T09:36:34.9787665Z [command]/usr/bin/git config --local --name-only --get-regexp http\.https\:\/\/github\.com\/\.extraheader
2026-10-08T09:36:35.0177524Z [command]/usr/bin/git submodule foreach --recursive sh -c "git config --local --name-only --get-regexp 'http\.https\:\/\/github\.com\/\.extraheader' && git config --local --unset-all 'http.https://github.com/.extraheader' || :"
2026-10-08T09:36:35.0184921Z [command]/usr/bin/git config --local http.https://github.com/.extraheader AUTHORIZATION: basic ***
2026-10-08T09:36:35.0230882Z ##[endgroup]
2026-10-08T09:36:35.0232992Z ##[group]Fetching the repository
2026-10-08T09:36:35.0242953Z [command]/usr/bin/git -c protocol.version=2 fetch --no-tags --prune --no-recurse-submodules --depth=1 origin +ec52b124f1d3ebdf16552b0711ffea6e149c4f91:refs/remotes/origin/main
2026-10-08T09:36:35.8030045Z From https://github.com/uedakazushi/as-ginzburg-lean
2026-10-08T09:36:35.8031130Z  * [new ref]         ec52b124f1d3ebdf16552b0711ffea6e149c4f91 -> origin/main
2026-10-08T09:36:35.8035392Z ##[endgroup]
2026-10-08T09:36:35.8037594Z ##[group]Determining the checkout info
2026-10-08T09:36:35.8039811Z ##[endgroup]
2026-10-08T09:36:35.8041059Z [command]/usr/bin/git sparse-checkout disable
2026-10-08T09:36:35.8092909Z [command]/usr/bin/git config --local --unset-all extensions.worktreeConfig
2026-10-08T09:36:35.8135580Z ##[group]Checking out the ref
2026-10-08T09:36:35.8138142Z [command]/usr/bin/git checkout --progress --force -B main refs/remotes/origin/main
2026-10-08T09:36:35.8788562Z Switched to a new branch 'main'
2026-10-08T09:36:35.8801289Z branch 'main' set up to track 'origin/main'.
2026-10-08T09:36:35.8808184Z ##[endgroup]
2026-10-08T09:36:35.8861348Z [command]/usr/bin/git log -1 --format=%H
2026-10-08T09:36:35.8911162Z ec52b124f1d3ebdf16552b0711ffea6e149c4f91
2026-10-08T09:36:35.9144969Z ##[group]Run set -euo pipefail
2026-10-08T09:36:35.9145785Z [36;1mset -euo pipefail[0m
2026-10-08T09:36:35.9146532Z [36;1mmkdir -p work[0m
2026-10-08T09:36:35.9147298Z [36;1mexec > >(tee work/toolchain-setup.log) 2>&1[0m
2026-10-08T09:36:35.9148247Z [36;1mstarted=$(date --utc --iso-8601=ns)[0m
2026-10-08T09:36:35.9149134Z [36;1msetup_start_tick=$(python3 -c 'import time; print(time.monotonic_ns())')[0m
2026-10-08T09:36:35.9150027Z [36;1mprintf 'started_at_utc=%s\n' "$started"[0m
2026-10-08T09:36:35.9150915Z [36;1mfinish_setup() {[0m
2026-10-08T09:36:35.9151469Z [36;1m  setup_exit_code=$?[0m
2026-10-08T09:36:35.9152351Z [36;1m  printf 'ended_at_utc=%s\nexit_code=%s\n' "$(date --utc --iso-8601=ns)" "$setup_exit_code"[0m
2026-10-08T09:36:35.9153769Z [36;1m  python3 -c 'import sys,time; print("elapsed_seconds=%.9f" % ((time.monotonic_ns()-int(sys.argv[1]))/1e9))' "$setup_start_tick"[0m
2026-10-08T09:36:35.9155055Z [36;1m}[0m
2026-10-08T09:36:35.9155598Z [36;1mtrap finish_setup EXIT[0m
2026-10-08T09:36:35.9156779Z [36;1mcurl --proto '=https' --tlsv1.2 -fsSL https://raw.githubusercontent.com/leanprover/elan/v4.1.2/elan-init.sh -o work/elan-init.sh[0m
2026-10-08T09:36:35.9158150Z [36;1mbash work/elan-init.sh -y --no-modify-path --default-toolchain none[0m
2026-10-08T09:36:35.9159021Z [36;1mexport PATH="$HOME/.elan/bin:$PATH"[0m
2026-10-08T09:36:35.9159756Z [36;1mecho "$HOME/.elan/bin" >> "$GITHUB_PATH"[0m
2026-10-08T09:36:35.9160502Z [36;1melan toolchain install leanprover/lean4:v4.24.0[0m
2026-10-08T09:36:35.9161199Z [36;1mlean --version[0m
2026-10-08T09:36:35.9409490Z shell: /usr/bin/bash --noprofile --norc -e -o pipefail {0}
2026-10-08T09:36:35.9410361Z ##[endgroup]
2026-10-08T09:36:35.9729918Z started_at_utc=2026-10-08T09:36:35,955259907+00:00
2026-10-08T09:36:36.1499451Z info: downloading installer
2026-10-08T09:36:36.8418519Z info: downloading https://releases.lean-lang.org/lean4/v4.24.0/lean-4.24.0-linux.tar.zst
2026-10-08T09:36:42.8141726Z info: installing /home/runner/.elan/toolchains/leanprover--lean4---v4.24.0
2026-10-08T09:36:51.9532481Z 
2026-10-08T09:36:52.0096743Z leanprover/lean4:v4.24.0 installed - Lean (version 4.24.0, x86_64-unknown-linux-gnu, commit 797c613eb9b6d4ec95db23e3e00af9ac6657f24b, Release)
2026-10-08T09:36:52.0098506Z 
2026-10-08T09:36:52.1175307Z Lean (version 4.24.0, x86_64-unknown-linux-gnu, commit 797c613eb9b6d4ec95db23e3e00af9ac6657f24b, Release)
2026-10-08T09:36:52.1245391Z ended_at_utc=2026-10-08T09:36:52,122781615+00:00
2026-10-08T09:36:52.1264678Z exit_code=0
2026-10-08T09:36:52.1381623Z elapsed_seconds=16.168549098
2026-10-08T09:36:52.1586610Z ##[group]Run bash scripts/check.sh --prepare-cache
2026-10-08T09:36:52.1587296Z [36;1mbash scripts/check.sh --prepare-cache[0m
2026-10-08T09:36:52.1679588Z shell: /usr/bin/bash -e {0}
2026-10-08T09:36:52.1680017Z ##[endgroup]
2026-10-08T09:36:52.2505871Z [2026-10-08T09:36:52.250107+00:00] regression_tests: /usr/bin/python3 -m unittest discover -s tests -v
2026-10-08T09:36:52.7395684Z test_aggregate_placeholder_rejected (test_audit.AuditTests.test_aggregate_placeholder_rejected) ... ok
2026-10-08T09:36:52.7431334Z test_allowed_and_forbidden_axioms (test_audit.AuditTests.test_allowed_and_forbidden_axioms) ... ok
2026-10-08T09:36:52.7451149Z test_completed_run_cannot_be_reused (test_audit.AuditTests.test_completed_run_cannot_be_reused) ... ok
2026-10-08T09:36:52.7465952Z test_dotted_name_comments_scopes_and_future_addition (test_audit.AuditTests.test_dotted_name_comments_scopes_and_future_addition) ... ok
2026-10-08T09:36:52.7473250Z test_duplicate_inventory_and_logs_rejected (test_audit.AuditTests.test_duplicate_inventory_and_logs_rejected) ... ok
2026-10-08T09:36:52.7477615Z test_duplicate_sources_rejected (test_audit.AuditTests.test_duplicate_sources_rejected) ... ok
2026-10-08T09:36:53.6610288Z test_failed_build_exit_propagates_despite_success_text (test_audit.AuditTests.test_failed_build_exit_propagates_despite_success_text) ... ok
2026-10-08T09:36:53.6612249Z test_missing_extra_and_malformed_log_rejected (test_audit.AuditTests.test_missing_extra_and_malformed_log_rejected) ... ok
2026-10-08T09:36:53.6659789Z test_nested_comments_strings_and_placeholders (test_audit.AuditTests.test_nested_comments_strings_and_placeholders) ... ok
2026-10-08T09:36:53.6705098Z test_unsupported_theorem_rejected (test_audit.AuditTests.test_unsupported_theorem_rejected) ... ok
2026-10-08T09:36:53.6718414Z test_wrapped_axiom_lists_preserve_strict_coverage (test_audit.AuditTests.test_wrapped_axiom_lists_preserve_strict_coverage) ... ok
2026-10-08T09:36:53.6721520Z 
2026-10-08T09:36:53.6722031Z ----------------------------------------------------------------------
2026-10-08T09:36:53.6722922Z Ran 11 tests in 0.927s
2026-10-08T09:36:53.6723364Z 
2026-10-08T09:36:53.6723708Z OK
2026-10-08T09:36:53.7059788Z [2026-10-08T09:36:53.674970+00:00] regression_tests: exit=0, elapsed=1.424879s
2026-10-08T09:36:53.9654308Z [2026-10-08T09:36:53.705860+00:00] source_audit: /usr/bin/python3 scripts/audit_sources.py --output-dir /home/runner/work/as-ginzburg-lean/as-ginzburg-lean/verification/runs/20261008T093652Z-c5dce001
2026-10-08T09:36:54.2147008Z {
2026-10-08T09:36:54.2154963Z   "declarations": 869,
2026-10-08T09:36:54.2170346Z   "unique_names": 869,
2026-10-08T09:36:54.2184578Z   "definitions_theorems_and_types": 713,
2026-10-08T09:36:54.2194743Z   "by_kind": {
2026-10-08T09:36:54.2214800Z     "theorem": 367,
2026-10-08T09:36:54.2215385Z     "def": 307,
2026-10-08T09:36:54.2215882Z     "abbrev": 28,
2026-10-08T09:36:54.2216365Z     "instance": 156,
2026-10-08T09:36:54.2216915Z     "structure": 9,
2026-10-08T09:36:54.2217454Z     "inductive": 2
2026-10-08T09:36:54.2306844Z   }
2026-10-08T09:36:54.2340928Z }
2026-10-08T09:36:54.4626442Z [2026-10-08T09:36:54.221594+00:00] source_audit: exit=0, elapsed=0.515761s
2026-10-08T09:36:54.6112542Z [2026-10-08T09:36:54.462518+00:00] cache: bash /home/runner/work/as-ginzburg-lean/as-ginzburg-lean/scripts/with_lean.sh lake exe cache get Mathlib.Algebra.Algebra.NonUnitalSubalgebra Mathlib.Algebra.Algebra.Opposite Mathlib.Algebra.Algebra.Unitization Mathlib.Algebra.Category.ModuleCat.AB Mathlib.Algebra.Category.ModuleCat.Abelian Mathlib.Algebra.Category.ModuleCat.Products Mathlib.Algebra.Category.ModuleCat.Simple Mathlib.Algebra.Homology.DerivedCategory.ExactFunctor Mathlib.Algebra.Homology.DerivedCategory.Ext.Basic Mathlib.Algebra.Homology.DerivedCategory.Ext.EnoughProjectives Mathlib.Algebra.Homology.DerivedCategory.Linear Mathlib.Algebra.Homology.ShortComplex.ModuleCat Mathlib.Algebra.Homology.ShortComplex.ShortExact Mathlib.Algebra.Module.RingHom Mathlib.Algebra.Module.TransferInstance Mathlib.CategoryTheory.Abelian.Exact Mathlib.CategoryTheory.Abelian.FunctorCategory Mathlib.CategoryTheory.Abelian.GrothendieckAxioms.FunctorCategory Mathlib.CategoryTheory.Abelian.Projective.Resolution Mathlib.CategoryTheory.Abelian.Transfer Mathlib.CategoryTheory.Equivalence Mathlib.CategoryTheory.Limits.FullSubcategory Mathlib.CategoryTheory.Limits.FunctorCategory.EpiMono Mathlib.CategoryTheory.Limits.Preserves.FunctorCategory Mathlib.CategoryTheory.Limits.Preserves.Shapes.AbelianImages Mathlib.CategoryTheory.Linear.FunctorCategory Mathlib.CategoryTheory.Linear.LinearFunctor Mathlib.CategoryTheory.Linear.Yoneda Mathlib.CategoryTheory.Preadditive.Opposite Mathlib.CategoryTheory.Preadditive.Projective.Basic Mathlib.Data.Finsupp.Order Mathlib.Data.List.Rotate Mathlib.Data.Nat.Choose.Basic Mathlib.LinearAlgebra.Dimension.Constructions Mathlib.LinearAlgebra.Dimension.Finite Mathlib.LinearAlgebra.Dimension.Free Mathlib.LinearAlgebra.FiniteDimensional.Defs Mathlib.LinearAlgebra.Finsupp.LinearCombination Mathlib.LinearAlgebra.Finsupp.Pi Mathlib.LinearAlgebra.Quotient.Basic Mathlib.LinearAlgebra.TensorProduct.Basis Mathlib.Logic.Equiv.Fin.Basic Mathlib.SetTheory.Cardinal.Basic Mathlib.Tactic
2026-10-08T09:36:55.0747625Z info: mathlib: cloning https://github.com/leanprover-community/mathlib4.git
2026-10-08T09:37:41.0150561Z info: mathlib: checking out revision 'f897ebcf72cd16f89ab4577d0c826cd14afaafc7'
2026-10-08T09:37:42.6352459Z info: plausible: cloning https://github.com/leanprover-community/plausible
2026-10-08T09:37:43.0544618Z info: plausible: checking out revision 'dfd06ebfe8d0e8fa7faba9cb5e5a2e74e7bd2805'
2026-10-08T09:37:43.0665093Z info: LeanSearchClient: cloning https://github.com/leanprover-community/LeanSearchClient
2026-10-08T09:37:43.5225060Z info: LeanSearchClient: checking out revision '99657ad92e23804e279f77ea6dbdeebaa1317b98'
2026-10-08T09:37:43.5326180Z info: importGraph: cloning https://github.com/leanprover-community/import-graph
2026-10-08T09:37:44.1422894Z info: importGraph: checking out revision 'd768126816be17600904726ca7976b185786e6b9'
2026-10-08T09:37:44.1582670Z info: proofwidgets: cloning https://github.com/leanprover-community/ProofWidgets4
2026-10-08T09:37:45.3386394Z info: proofwidgets: checking out revision '556caed0eadb7901e068131d1be208dd907d07a2'
2026-10-08T09:37:46.0325107Z info: aesop: cloning https://github.com/leanprover-community/aesop
2026-10-08T09:37:47.1925283Z info: aesop: checking out revision '725ac8cd67acd70a7beaf47c3725e23484c1ef50'
2026-10-08T09:37:47.2267134Z info: Qq: cloning https://github.com/leanprover-community/quote4
2026-10-08T09:37:47.7825315Z info: Qq: checking out revision 'dea6a3361fa36d5a13f87333dc506ada582e025c'
2026-10-08T09:37:47.7943769Z info: batteries: cloning https://github.com/leanprover-community/batteries
2026-10-08T09:37:51.0425566Z info: batteries: checking out revision '8da40b72fece29b7d3fe3d768bac4c8910ce9bee'
2026-10-08T09:37:51.0805017Z info: Cli: cloning https://github.com/leanprover/lean4-cli
2026-10-08T09:37:51.5359139Z info: Cli: checking out revision '91c18fa62838ad0ab7384c03c9684d99d306e1da'
2026-10-08T09:37:51.9483738Z ✔ [2/20] Built Cache.Lean (333ms)
2026-10-08T09:37:52.0486089Z ✔ [3/20] Built Cache.Lean:c.o (143ms)
2026-10-08T09:37:54.2550148Z ✔ [4/20] Built Cache.IO (2.2s)
2026-10-08T09:37:57.1595163Z ✔ [9/20] Built Cache.IO:c.o (2.8s)
2026-10-08T09:37:57.2595499Z ✔ [10/20] Built Batteries.Data.String.Basic:c.o (148ms)
2026-10-08T09:37:57.3595126Z ✔ [11/20] Built Cache.Hashing (1.3s)
2026-10-08T09:37:57.6598645Z ✔ [13/20] Built Batteries.Data.Array.Match:c.o (436ms)
2026-10-08T09:37:58.0618641Z ✔ [14/20] Built Batteries.Data.String.Matcher:c.o (345ms)
2026-10-08T09:37:58.3614414Z ✔ [15/20] Built Cache.Hashing:c.o (975ms)
2026-10-08T09:37:59.7675157Z ✔ [16/20] Built Cache.Requests (1.7s)
2026-10-08T09:38:00.9686243Z ✔ [17/20] Built Cache.Main (1.2s)
2026-10-08T09:38:02.0692016Z ✔ [18/20] Built Cache.Main:c.o (1.1s)
2026-10-08T09:38:02.2705420Z ✔ [19/20] Built Cache.Requests:c.o (2.5s)
2026-10-08T09:38:02.7719838Z ✔ [20/20] Built cache:exe (513ms)
2026-10-08T09:38:05.1904696Z   % Total    % Received % Xferd  Average Speed   Time    Time     Time  Current
2026-10-08T09:38:05.1915094Z                                  Dload  Upload   Total   Spent    Left  Speed
2026-10-08T09:38:05.1919727Z 
2026-10-08T09:38:05.1920173Z   0     0    0     0    0     0      0      0 --:--:-- --:--:-- --:--:--     0
2026-10-08T09:38:05.1921125Z   0     0    0     0    0     0      0      0 --:--:-- --:--:-- --:--:--     0
2026-10-08T09:38:05.1921730Z 
2026-10-08T09:38:05.1922186Z 100 1075k  100 1075k    0     0  4052k      0 --:--:-- --:--:-- --:--:-- 4052k
2026-10-08T09:38:05.1922993Z 
2026-10-08T09:38:07.2851401Z installing leantar 0.1.15
2026-10-08T09:38:07.2853095Z Fetching ProofWidgets cloud release... done!
2026-10-08T09:38:07.2854364Z Current branch: HEAD
2026-10-08T09:38:07.2855299Z Using cache (Azure) from origin: leanprover-community/mathlib4
2026-10-08T09:38:07.2866033Z Attempting to download 3324 file(s) from leanprover-community/mathlib4 cache
2026-10-08T09:38:08.5426586Z 
2026-10-08T09:38:08.6441561Z Downloaded: 1 file(s) [attempted 1/3324 = 0%, 18 KB/s]
2026-10-08T09:38:08.7444582Z Downloaded: 77 file(s) [attempted 77/3324 = 2%, 488 KB/s]
2026-10-08T09:38:08.8449928Z Downloaded: 174 file(s) [attempted 174/3324 = 5%, 1417 KB/s]
2026-10-08T09:38:08.9449570Z Downloaded: 276 file(s) [attempted 276/3324 = 8%, 701 KB/s]
2026-10-08T09:38:09.0452747Z Downloaded: 387 file(s) [attempted 387/3324 = 11%, 1532 KB/s]
2026-10-08T09:38:09.1448401Z Downloaded: 491 file(s) [attempted 491/3324 = 14%, 963 KB/s]
2026-10-08T09:38:09.2473132Z Downloaded: 602 file(s) [attempted 602/3324 = 18%, 763 KB/s]
2026-10-08T09:38:09.3474881Z Downloaded: 715 file(s) [attempted 715/3324 = 21%, 2032 KB/s]
2026-10-08T09:38:09.4472701Z Downloaded: 823 file(s) [attempted 823/3324 = 24%, 508 KB/s]
2026-10-08T09:38:09.5480088Z Downloaded: 927 file(s) [attempted 927/3324 = 27%, 288 KB/s]
2026-10-08T09:38:09.6484340Z Downloaded: 1045 file(s) [attempted 1045/3324 = 31%, 2177 KB/s]
2026-10-08T09:38:09.7477307Z Downloaded: 1160 file(s) [attempted 1160/3324 = 34%, 920 KB/s]
2026-10-08T09:38:09.8498306Z Downloaded: 1271 file(s) [attempted 1271/3324 = 38%, 1293 KB/s]
2026-10-08T09:38:09.9532472Z Downloaded: 1384 file(s) [attempted 1384/3324 = 41%, 292 KB/s]
2026-10-08T09:38:10.0537844Z Downloaded: 1488 file(s) [attempted 1488/3324 = 44%, 959 KB/s]
2026-10-08T09:38:10.1529203Z Downloaded: 1593 file(s) [attempted 1593/3324 = 47%, 1410 KB/s]
2026-10-08T09:38:10.2526778Z Downloaded: 1700 file(s) [attempted 1700/3324 = 51%, 144 KB/s]
2026-10-08T09:38:10.3526290Z Downloaded: 1812 file(s) [attempted 1812/3324 = 54%, 1011 KB/s]
2026-10-08T09:38:10.4534834Z Downloaded: 1926 file(s) [attempted 1926/3324 = 57%, 1891 KB/s]
2026-10-08T09:38:10.5530139Z Downloaded: 2038 file(s) [attempted 2038/3324 = 61%, 112 KB/s]
2026-10-08T09:38:10.6556492Z Downloaded: 2150 file(s) [attempted 2150/3324 = 64%, 111 KB/s]
2026-10-08T09:38:10.7578185Z Downloaded: 2259 file(s) [attempted 2259/3324 = 67%, 1112 KB/s]
2026-10-08T09:38:10.8593842Z Downloaded: 2365 file(s) [attempted 2365/3324 = 71%, 1280 KB/s]
2026-10-08T09:38:10.9602367Z Downloaded: 2473 file(s) [attempted 2473/3324 = 74%, 3293 KB/s]
2026-10-08T09:38:11.0621447Z Downloaded: 2586 file(s) [attempted 2586/3324 = 77%, 329 KB/s]
2026-10-08T09:38:11.1622891Z Downloaded: 2706 file(s) [attempted 2706/3324 = 81%, 100 KB/s]
2026-10-08T09:38:11.2623177Z Downloaded: 2815 file(s) [attempted 2815/3324 = 84%, 747 KB/s]
2026-10-08T09:38:11.3630780Z Downloaded: 2919 file(s) [attempted 2919/3324 = 87%, 143 KB/s]
2026-10-08T09:38:11.4632409Z Downloaded: 3036 file(s) [attempted 3036/3324 = 91%, 266 KB/s]
2026-10-08T09:38:11.5637928Z Downloaded: 3147 file(s) [attempted 3147/3324 = 94%, 2143 KB/s]
2026-10-08T09:38:11.6925390Z Downloaded: 3260 file(s) [attempted 3260/3324 = 98%, 266 KB/s]
2026-10-08T09:38:11.6955938Z Downloaded: 3323 file(s) [attempted 3323/3324 = 99%, 498 KB/s]
2026-10-08T09:38:11.6974768Z Downloaded: 3324 file(s) [attempted 3324/3324 = 100%, 498 KB/s]
2026-10-08T09:38:25.9006545Z Decompressing 3324 file(s)
2026-10-08T09:38:25.9007364Z Unpacked in 14192 ms
2026-10-08T09:38:25.9008019Z Completed successfully!
2026-10-08T09:38:25.9368345Z [2026-10-08T09:38:25.935841+00:00] cache: exit=0, elapsed=91.473347s
2026-10-08T09:38:25.9371941Z [2026-10-08T09:38:25.936469+00:00] environment: /usr/bin/python3 scripts/check_environment.py --output-dir /home/runner/work/as-ginzburg-lean/as-ginzburg-lean/verification/runs/20261008T093652Z-c5dce001
2026-10-08T09:38:26.4619567Z {
2026-10-08T09:38:26.4620384Z   "lean_toolchain": "leanprover/lean4:v4.24.0",
2026-10-08T09:38:26.4621273Z   "mathlib_revision": "f897ebcf72cd16f89ab4577d0c826cd14afaafc7",
2026-10-08T09:38:26.4622143Z   "executable_versions": {
2026-10-08T09:38:26.4623262Z     "lean": "Lean (version 4.24.0, x86_64-unknown-linux-gnu, commit 797c613eb9b6d4ec95db23e3e00af9ac6657f24b, Release)",
2026-10-08T09:38:26.4624556Z     "lake": "Lake version 5.0.0-src+797c613 (Lean version 4.24.0)"
2026-10-08T09:38:26.4625526Z   },
2026-10-08T09:38:26.4625984Z   "dependency_revisions": {
2026-10-08T09:38:26.4626851Z     "plausible": "dfd06ebfe8d0e8fa7faba9cb5e5a2e74e7bd2805",
2026-10-08T09:38:26.4627831Z     "LeanSearchClient": "99657ad92e23804e279f77ea6dbdeebaa1317b98",
2026-10-08T09:38:26.4628841Z     "importGraph": "d768126816be17600904726ca7976b185786e6b9",
2026-10-08T09:38:26.4629823Z     "proofwidgets": "556caed0eadb7901e068131d1be208dd907d07a2",
2026-10-08T09:38:26.4630793Z     "aesop": "725ac8cd67acd70a7beaf47c3725e23484c1ef50",
2026-10-08T09:38:26.4631554Z     "Qq": "dea6a3361fa36d5a13f87333dc506ada582e025c",
2026-10-08T09:38:26.4632517Z     "batteries": "8da40b72fece29b7d3fe3d768bac4c8910ce9bee",
2026-10-08T09:38:26.4633267Z     "Cli": "91c18fa62838ad0ab7384c03c9684d99d306e1da",
2026-10-08T09:38:26.4634086Z     "mathlib": "f897ebcf72cd16f89ab4577d0c826cd14afaafc7"
2026-10-08T09:38:26.4634908Z   }
2026-10-08T09:38:26.4635372Z }
2026-10-08T09:38:26.4688211Z [2026-10-08T09:38:26.467940+00:00] environment: exit=0, elapsed=0.531486s
2026-10-08T09:38:26.4696920Z [2026-10-08T09:38:26.468493+00:00] build: bash /home/runner/work/as-ginzburg-lean/as-ginzburg-lean/scripts/with_lean.sh lake build
2026-10-08T09:38:33.9605094Z ✔ [3295/3314] Built ASGinzburg.ZAlgebra (5.9s)
2026-10-08T09:38:34.2592476Z ✔ [3299/3389] Built ASGinzburg.CutQuiver (5.0s)
2026-10-08T09:38:39.7715371Z ✔ [3338/3402] Built ASGinzburg.HomologicalColimitClosure (5.5s)
2026-10-08T09:38:41.4748030Z ✔ [3340/3419] Built ASGinzburg.Representables (7.5s)
2026-10-08T09:38:43.5827424Z ✔ [3343/3421] Built ASGinzburg.ExtDimension (3.8s)
2026-10-08T09:38:48.9945233Z ✔ [3345/3421] Built ASGinzburg.CutPotential (5.5s)
2026-10-08T09:38:53.6016268Z ✔ [3346/3421] Built ASGinzburg.TopCohomology (4.6s)
2026-10-08T09:38:57.7109484Z ✔ [3347/3421] Built ASGinzburg.WindowPeriodicity (4.1s)
2026-10-08T09:39:01.6195196Z ✔ [3348/3421] Built ASGinzburg.Conjugation (3.9s)
2026-10-08T09:39:02.8210884Z ✔ [3349/3421] Built ASGinzburg.RightModuleAbelian (21s)
2026-10-08T09:39:07.6469909Z ✔ [3350/3421] Built ASGinzburg.Hilbert (5.0s)
2026-10-08T09:39:07.7495158Z ✔ [3351/3421] Built ASGinzburg.Tensor333 (4.9s)
2026-10-08T09:39:11.2545197Z ✔ [3352/3421] Built ASGinzburg.GinzburgGrading (3.6s)
2026-10-08T09:39:14.2605250Z ⚠ [3353/3421] Built ASGinzburg.PathAlgebra (6.6s)
2026-10-08T09:39:14.2624622Z warning: ASGinzburg/PathAlgebra.lean:97:42: This simp argument is unused:
2026-10-08T09:39:14.2625637Z   LinearMap.add_apply
2026-10-08T09:39:14.2644320Z 
2026-10-08T09:39:14.2664552Z Hint: Omit it from the simp argument list.
2026-10-08T09:39:14.2665876Z   simp [map_add, L̵i̵n̵e̵a̵r̵M̵a̵p̵.̵a̵d̵d̵_̵a̵p̵p̵l̵y̵,̵ ̵ih, ih']
2026-10-08T09:39:14.2684419Z 
2026-10-08T09:39:14.2712445Z Note: This linter can be disabled with `set_option linter.unusedSimpArgs false`
2026-10-08T09:39:17.1725600Z ✔ [3354/3421] Built ASGinzburg.CyclicDerivative (5.9s)
2026-10-08T09:39:20.1781590Z ✔ [3355/3421] Built ASGinzburg.RightModuleHomology (5.9s)
2026-10-08T09:39:22.0813502Z ✔ [3356/3421] Built ASGinzburg.Triangle333 (4.9s)
2026-10-08T09:39:24.1917196Z ✔ [3357/3421] Built ASGinzburg.RightModuleProjectives (4.1s)
2026-10-08T09:39:28.6984984Z ✔ [3358/3421] Built ASGinzburg.RightModuleEnoughProjectives (4.5s)
2026-10-08T09:39:30.8034353Z ✔ [3359/3421] Built ASGinzburg.LeftModules (6.6s)
2026-10-08T09:39:34.7135122Z ✔ [3360/3421] Built ASGinzburg.RightSubmodules (6.0s)
2026-10-08T09:39:34.9114576Z ✔ [3361/3421] Built ASGinzburg.RightModuleExt (4.0s)
2026-10-08T09:39:41.2255327Z ✔ [3362/3421] Built ASGinzburg.SimpleRightModules (6.4s)
2026-10-08T09:39:47.2325388Z ✔ [3363/3421] Built ASGinzburg.RightModuleExtLinear (6.0s)
2026-10-08T09:39:53.6416461Z ✔ [3364/3421] Built ASGinzburg.RightModuleRadical (6.4s)
2026-10-08T09:39:57.3485287Z ✔ [3365/3421] Built ASGinzburg.LeftModuleAbelian (22s)
2026-10-08T09:40:01.0545815Z ✔ [3366/3421] Built ASGinzburg.ExactEquivalenceExt (7.4s)
2026-10-08T09:40:05.1609378Z ✔ [3367/3421] Built ASGinzburg.RightModuleExtSequence (7.8s)
2026-10-08T09:40:06.2669171Z ✔ [3368/3421] Built ASGinzburg.RightModuleMinimality (5.2s)
2026-10-08T09:40:10.6745456Z ✔ [3369/3421] Built ASGinzburg.LeftModuleHomology (5.5s)
2026-10-08T09:40:11.7785202Z ✔ [3370/3421] Built ASGinzburg.RightModuleExtLeftAction (5.6s)
2026-10-08T09:40:14.4845273Z ✔ [3371/3421] Built ASGinzburg.RightModuleSimpleHom (3.9s)
2026-10-08T09:40:16.5880263Z ✔ [3372/3421] Built ASGinzburg.LeftModuleProjectives (4.8s)
2026-10-08T09:40:19.9951321Z ✔ [3373/3421] Built ASGinzburg.LeftSubmodules (5.5s)
2026-10-08T09:40:21.6995356Z ✔ [3374/3421] Built ASGinzburg.RepresentableHomColimits (5.0s)
2026-10-08T09:40:25.1046834Z ✔ [3375/3421] Built ASGinzburg.ASResolution (5.1s)
2026-10-08T09:40:28.0155360Z ✔ [3376/3421] Built ASGinzburg.LeftModuleADual (6.4s)
2026-10-08T09:40:29.7179568Z ✔ [3377/3421] Built ASGinzburg.LeftModuleEnoughProjectives (4.6s)
2026-10-08T09:40:33.9261633Z ✔ [3378/3421] Built ASGinzburg.SimpleLeftModules (5.9s)
2026-10-08T09:40:35.7298366Z ✔ [3379/3421] Built ASGinzburg.RightModuleExtNaturalSequence (6.0s)
2026-10-08T09:40:40.2415410Z ✔ [3380/3421] Built ASGinzburg.ASDualityHomTerms (4.5s)
2026-10-08T09:40:40.8415430Z ✔ [3381/3421] Built ASGinzburg.ASResolutionComplex (6.9s)
2026-10-08T09:40:45.6515373Z ✔ [3382/3421] Built ASGinzburg.ASResolutionSyzygies (5.4s)
2026-10-08T09:40:46.2545323Z ✔ [3383/3421] Built ASGinzburg.RightModuleHomFinite (5.4s)
2026-10-08T09:40:49.2591919Z ✔ [3384/3421] Built ASGinzburg.LeftModuleExt (3.6s)
2026-10-08T09:40:51.5650565Z ✔ [3385/3421] Built ASGinzburg.ASResolutionHomComplex (5.4s)
2026-10-08T09:40:54.0711218Z ✔ [3386/3421] Built ASGinzburg.ASRegular (4.8s)
2026-10-08T09:40:56.1769166Z ✔ [3387/3421] Built ASGinzburg.ASResolutionExtBounds (4.6s)
2026-10-08T09:40:58.6852730Z ✔ [3388/3421] Built ASGinzburg.RightModuleHomKernel (4.6s)
2026-10-08T09:41:03.1995804Z ✔ [3389/3421] Built ASGinzburg.ASDualityHomCohomology (4.5s)
2026-10-08T09:41:04.8985261Z ✔ [3390/3421] Built ASGinzburg.FiniteCoproductHomColimits (8.7s)
2026-10-08T09:41:08.4052393Z ✔ [3391/3421] Built ASGinzburg.ASDualityExt (5.2s)
2026-10-08T09:41:12.2188365Z ✔ [3392/3421] Built ASGinzburg.ASResolutionExtFinite (7.4s)
2026-10-08T09:41:17.1321131Z ✔ [3393/3421] Built ASGinzburg.ASDualityDimension (4.9s)
2026-10-08T09:41:21.5415451Z ✔ [3394/3421] Built ASGinzburg.ASDualityEquivalence (4.3s)
2026-10-08T09:41:22.3483168Z ✔ [3395/3421] Built ASGinzburg.ASResolutionExtColimits (13s)
2026-10-08T09:41:25.9545526Z ✔ [3396/3421] Built ASGinzburg.ASDualityLeftComponents (4.4s)
2026-10-08T09:41:30.3655449Z ✔ [3397/3421] Built ASGinzburg.ASDualityRegularCoproduct (4.4s)
2026-10-08T09:41:34.6720780Z ✔ [3398/3421] Built ASGinzburg.TotalModuleSpaces (4.4s)
2026-10-08T09:41:47.0940472Z ✔ [3399/3421] Built ASGinzburg.RegularCoproductActions (12s)
2026-10-08T09:41:51.1215650Z ✔ [3400/3421] Built ASGinzburg.TotalModuleLocalUnits (3.0s)
2026-10-08T09:41:55.1079236Z ✔ [3401/3421] Built ASGinzburg.TotalAlgebraEmbedding (4.1s)
2026-10-08T09:41:58.5145466Z ✔ [3402/3421] Built ASGinzburg.TotalAlgebra (3.3s)
2026-10-08T09:42:03.7255147Z ✔ [3403/3421] Built ASGinzburg.TotalAlgebraLocalUnits (5.3s)
2026-10-08T09:42:07.2311344Z ✔ [3404/3421] Built ASGinzburg.TotalComponentActions (8.8s)
2026-10-08T09:42:10.0370005Z ✔ [3405/3421] Built ASGinzburg.TotalAlgebraLift (6.3s)
2026-10-08T09:42:14.7461925Z ✔ [3406/3421] Built ASGinzburg.TotalModuleRepresentations (4.8s)
2026-10-08T09:42:28.7615308Z ✔ [3407/3421] Built ASGinzburg.LocallyUnitalModules (13s)
2026-10-08T09:42:39.6746747Z ✔ [3408/3421] Built ASGinzburg.TotalModuleFunctors (11s)
2026-10-08T09:42:47.9871836Z ✔ [3409/3421] Built ASGinzburg.TotalModuleFullness (8.3s)
2026-10-08T09:43:07.7111939Z ✔ [3410/3421] Built ASGinzburg.UnitizationComponentActions (19s)
2026-10-08T09:43:53.4655293Z ✔ [3411/3421] Built ASGinzburg.UnitizationComponentModules (45s)
2026-10-08T09:44:29.5270005Z ✔ [3412/3421] Built ASGinzburg.UnitizationComponentFunctors (36s)
2026-10-08T09:44:34.3346417Z ✔ [3413/3421] Built ASGinzburg.UnitizationComponentSums (40s)
2026-10-08T09:45:00.6718166Z ✔ [3414/3421] Built ASGinzburg.LocallyUnitalEquivalence (26s)
2026-10-08T09:45:08.7875215Z ✔ [3415/3421] Built ASGinzburg.LocallyUnitalAbelian (8.1s)
2026-10-08T09:45:14.1952372Z ✔ [3416/3421] Built ASGinzburg.LocallyUnitalExtComparison (5.4s)
2026-10-08T09:45:19.9062525Z ✔ [3417/3421] Built ASGinzburg.LocallyUnitalExtNaturality (5.7s)
2026-10-08T09:45:22.0089296Z ✔ [3418/3421] Built ASGinzburg (2.1s)
2026-10-08T09:49:02.4412546Z ℹ [3420/3421] Built AxiomAudit (220s)
2026-10-08T09:49:02.4425536Z info: AxiomAudit.lean:3:0: 'ASGinzburg.cardinal_sum_one_other_zero' depends on axioms: [propext, Classical.choice, Quot.sound]
2026-10-08T09:49:02.4455073Z info: AxiomAudit.lean:4:0: 'ASGinzburg.ZAlgebra.ASRegular.extRank_other_zero' depends on axioms: [propext, Classical.choice, Quot.sound]
2026-10-08T09:49:02.4504854Z info: AxiomAudit.lean:5:0: 'ASGinzburg.ZAlgebra.ASRegular.ext_other_eq_zero' depends on axioms: [propext, Classical.choice, Quot.sound]
2026-10-08T09:49:02.4506136Z info: AxiomAudit.lean:6:0: 'ASGinzburg.ZAlgebra.ASRegular.ext_finrank' depends on axioms: [propext, Classical.choice, Quot.sound]
2026-10-08T09:49:02.4525288Z info: AxiomAudit.lean:7:0: 'ASGinzburg.ZAlgebra.ASResolution.homologyExtThreeEquiv' depends on axioms: [propext, Classical.choice, Quot.sound]
2026-10-08T09:49:02.4527067Z info: AxiomAudit.lean:8:0: 'ASGinzburg.ZAlgebra.ASRegular.extDimensionTable' depends on axioms: [propext, Classical.choice, Quot.sound]
2026-10-08T09:49:02.4544952Z info: AxiomAudit.lean:9:0: 'ASGinzburg.ZAlgebra.ASRegular.extDimensionTable_apply' depends on axioms: [propext, Classical.choice, Quot.sound]
2026-10-08T09:49:02.4555385Z info: AxiomAudit.lean:10:0: 'ASGinzburg.ZAlgebra.ASRegular.extDimensionTable_eq_single' depends on axioms: [propext, Classical.choice, Quot.sound]
2026-10-08T09:49:02.4565302Z info: AxiomAudit.lean:11:0: 'ASGinzburg.ZAlgebra.ASRegular.extDimensionTable_total' depends on axioms: [propext, Classical.choice, Quot.sound]
2026-10-08T09:49:02.4585222Z info: AxiomAudit.lean:12:0: 'ASGinzburg.cardinal_sum_eq_one_of_single' depends on axioms: [propext, Classical.choice, Quot.sound]
2026-10-08T09:49:02.4587014Z info: AxiomAudit.lean:13:0: 'ASGinzburg.ZAlgebra.asExtTotalRank_eq_one_of_finrank' depends on axioms: [propext, Classical.choice, Quot.sound]
2026-10-08T09:49:02.4589035Z info: AxiomAudit.lean:14:0: 'ASGinzburg.ZAlgebra.asRegular_iff_ext_finrank' depends on axioms: [propext, Classical.choice, Quot.sound]
2026-10-08T09:49:02.4590979Z info: AxiomAudit.lean:15:0: 'ASGinzburg.ZAlgebra.ASResolution.asDualityExtThreeEquiv' depends on axioms: [propext, Classical.choice, Quot.sound]
2026-10-08T09:49:02.4592881Z info: AxiomAudit.lean:16:0: 'ASGinzburg.ZAlgebra.ASRegular.extThreeEquiv' depends on axioms: [propext, Classical.choice, Quot.sound]
2026-10-08T09:49:02.4594860Z info: AxiomAudit.lean:17:0: 'ASGinzburg.ZAlgebra.ASRegular.extThree_finrank' depends on axioms: [propext, Classical.choice, Quot.sound]
2026-10-08T09:49:02.4596685Z info: AxiomAudit.lean:18:0: 'ASGinzburg.ZAlgebra.ASRegular.extThree_rank' depends on axioms: [propext, Classical.choice, Quot.sound]
2026-10-08T09:49:02.4598894Z info: AxiomAudit.lean:19:0: 'ASGinzburg.ZAlgebra.ASResolution.homComplex_isZero_ge_four' depends on axioms: [propext, Classical.choice, Quot.sound]
2026-10-08T09:49:02.4600889Z info: AxiomAudit.lean:20:0: 'ASGinzburg.ZAlgebra.ASResolution.homComplex_tau_representable_low_terms_isZero' depends on axioms: [propext,
2026-10-08T09:49:02.4602139Z  Classical.choice,
2026-10-08T09:49:02.4602648Z  Quot.sound]
2026-10-08T09:49:02.4603872Z info: AxiomAudit.lean:21:0: 'ASGinzburg.ZAlgebra.ASResolution.homComplex_tau_representable_top_homologyLinearEquiv' depends on axioms: [propext,
2026-10-08T09:49:02.4605423Z  Classical.choice,
2026-10-08T09:49:02.4605939Z  Quot.sound]
2026-10-08T09:49:02.4607091Z info: AxiomAudit.lean:22:0: 'ASGinzburg.ZAlgebra.ASResolution.homComplex_tau_representable_low_homology_isZero' depends on axioms: [propext,
2026-10-08T09:49:02.4608360Z  Classical.choice,
2026-10-08T09:49:02.4608855Z  Quot.sound]
2026-10-08T09:49:02.4610011Z info: AxiomAudit.lean:23:0: 'ASGinzburg.ZAlgebra.ASResolution.homComplex_tau_representable_high_homology_isZero' depends on axioms: [propext,
2026-10-08T09:49:02.4611290Z  Classical.choice,
2026-10-08T09:49:02.4611788Z  Quot.sound]
2026-10-08T09:49:02.4612916Z info: AxiomAudit.lean:24:0: 'ASGinzburg.ZAlgebra.ASResolution.homComplex_tau_representable_top_homology_finrank' depends on axioms: [propext,
2026-10-08T09:49:02.4614461Z  Classical.choice,
2026-10-08T09:49:02.4614982Z  Quot.sound]
2026-10-08T09:49:02.4616075Z info: AxiomAudit.lean:25:0: 'ASGinzburg.CutQuiver.tau_incomingSource_height_gt' depends on axioms: [propext, Classical.choice, Quot.sound]
2026-10-08T09:49:02.4618426Z info: AxiomAudit.lean:26:0: 'ASGinzburg.ZAlgebra.asDualityHomTerm₀_zero' depends on axioms: [propext, Classical.choice, Quot.sound]
2026-10-08T09:49:02.4620435Z info: AxiomAudit.lean:27:0: 'ASGinzburg.ZAlgebra.asDualityHomTerm₁_zero' depends on axioms: [propext, Classical.choice, Quot.sound]
2026-10-08T09:49:02.4622507Z info: AxiomAudit.lean:28:0: 'ASGinzburg.ZAlgebra.asDualityHomTerm₂_zero' depends on axioms: [propext, Classical.choice, Quot.sound]
2026-10-08T09:49:02.4624998Z info: AxiomAudit.lean:29:0: 'ASGinzburg.ZAlgebra.asDualityHomTerm₃Equiv' depends on axioms: [propext, Classical.choice, Quot.sound]
2026-10-08T09:49:02.4627775Z info: AxiomAudit.lean:30:0: 'ASGinzburg.ZAlgebra.leftModule_isZero_of_components' depends on axioms: [propext, Classical.choice, Quot.sound]
2026-10-08T09:49:02.4632124Z info: AxiomAudit.lean:31:0: 'ASGinzburg.ZAlgebra.leftModuleIsoOfSingleSupport' depends on axioms: [propext, Classical.choice, Quot.sound]
2026-10-08T09:49:02.4634327Z info: AxiomAudit.lean:32:0: 'ASGinzburg.ZAlgebra.ASRegular.extLeft_off_degree_three' depends on axioms: [propext, Classical.choice, Quot.sound]
2026-10-08T09:49:02.4636596Z info: AxiomAudit.lean:33:0: 'ASGinzburg.ZAlgebra.ASRegular.extLeftThree_off_vertex' depends on axioms: [propext, Classical.choice, Quot.sound]
2026-10-08T09:49:02.4638936Z info: AxiomAudit.lean:34:0: 'ASGinzburg.ZAlgebra.ASRegular.extLeftThreeIsoSimple' depends on axioms: [propext, Classical.choice, Quot.sound]
2026-10-08T09:49:02.4640977Z info: AxiomAudit.lean:35:0: 'ASGinzburg.ZAlgebra.ASRegular.extLeftThree_positive_action_zero' depends on axioms: [propext,
2026-10-08T09:49:02.4642027Z  Classical.choice,
2026-10-08T09:49:02.4642386Z  Quot.sound]
2026-10-08T09:49:02.4643374Z info: AxiomAudit.lean:36:0: 'ASGinzburg.directSumSingleSupportLinearEquiv' depends on axioms: [propext, Classical.choice, Quot.sound]
2026-10-08T09:49:02.4645430Z info: AxiomAudit.lean:37:0: 'ASGinzburg.ZAlgebra.rightRegularCoproduct' depends on axioms: [propext, Classical.choice, Quot.sound]
2026-10-08T09:49:02.4647219Z info: AxiomAudit.lean:38:0: 'ASGinzburg.ZAlgebra.rightRegularCoproductComponentIso' depends on axioms: [propext, Classical.choice, Quot.sound]
2026-10-08T09:49:02.4648992Z info: AxiomAudit.lean:39:0: 'ASGinzburg.ZAlgebra.leftModuleTotalSpace' depends on axioms: [propext, Classical.choice, Quot.sound]
2026-10-08T09:49:02.4650862Z info: AxiomAudit.lean:40:0: 'ASGinzburg.ZAlgebra.leftModuleTotalIso' depends on axioms: [propext, Classical.choice, Quot.sound]
2026-10-08T09:49:02.4652528Z info: AxiomAudit.lean:41:0: 'ASGinzburg.ZAlgebra.ASResolution.extRegularCoproductLinearEquiv' depends on axioms: [propext,
2026-10-08T09:49:02.4653594Z  Classical.choice,
2026-10-08T09:49:02.4674398Z  Quot.sound]
2026-10-08T09:49:02.4675524Z info: AxiomAudit.lean:42:0: 'ASGinzburg.ZAlgebra.leftModuleTotalSpace_eq_zero_of_isZero' depends on axioms: [propext, Classical.choice, Quot.sound]
2026-10-08T09:49:02.4677308Z info: AxiomAudit.lean:43:0: 'ASGinzburg.ZAlgebra.simpleLeftModuleTotalEquiv' depends on axioms: [propext, Classical.choice, Quot.sound]
2026-10-08T09:49:02.4678963Z info: AxiomAudit.lean:44:0: 'ASGinzburg.ZAlgebra.ASRegular.extRegularCoproduct_off_three_eq_zero' depends on axioms: [propext,
2026-10-08T09:49:02.4679993Z  Classical.choice,
2026-10-08T09:49:02.4680326Z  Quot.sound]
2026-10-08T09:49:02.4681409Z info: AxiomAudit.lean:45:0: 'ASGinzburg.ZAlgebra.ASRegular.extRegularCoproductThreeEquiv' depends on axioms: [propext, Classical.choice, Quot.sound]
2026-10-08T09:49:02.4682908Z info: AxiomAudit.lean:46:0: 'ASGinzburg.ZAlgebra.ASRegular.extRegularCoproductThree_finrank' depends on axioms: [propext,
2026-10-08T09:49:02.4683486Z  Classical.choice,
2026-10-08T09:49:02.4683685Z  Quot.sound]
2026-10-08T09:49:02.4684657Z info: AxiomAudit.lean:47:0: 'ASGinzburg.ZAlgebra.ASRegular.extRegularCoproductThreeScalarEquiv' depends on axioms: [propext,
2026-10-08T09:49:02.4685697Z  Classical.choice,
2026-10-08T09:49:02.4686045Z  Quot.sound]
2026-10-08T09:49:02.4687113Z info: AxiomAudit.lean:48:0: 'ASGinzburg.ZAlgebra.ASRegular.extRegularCoproductFinite' depends on axioms: [propext, Classical.choice, Quot.sound]
2026-10-08T09:49:02.4689003Z info: AxiomAudit.lean:49:0: 'ASGinzburg.ZAlgebra.ASRegular.extRegularCoproduct_finrank' depends on axioms: [propext, Classical.choice, Quot.sound]
2026-10-08T09:49:02.4690682Z info: AxiomAudit.lean:50:0: 'ASGinzburg.ZAlgebra.asExtTotalRank' depends on axioms: [propext, Classical.choice, Quot.sound]
2026-10-08T09:49:02.4692516Z info: AxiomAudit.lean:51:0: 'ASGinzburg.ZAlgebra.ASRegular' depends on axioms: [propext, Classical.choice, Quot.sound]
2026-10-08T09:49:02.4729676Z info: AxiomAudit.lean:52:0: 'ASGinzburg.ZAlgebra.ASRegular.resolution' depends on axioms: [propext, Classical.choice, Quot.sound]
2026-10-08T09:49:02.4731260Z info: AxiomAudit.lean:53:0: 'ASGinzburg.ZAlgebra.ASRegular.projectiveResolution' depends on axioms: [propext, Classical.choice, Quot.sound]
2026-10-08T09:49:02.4732793Z info: AxiomAudit.lean:54:0: 'ASGinzburg.ZAlgebra.ASRegular.projectiveResolution_isZero_ge_four' depends on axioms: [propext,
2026-10-08T09:49:02.4733758Z  Classical.choice,
2026-10-08T09:49:02.4734461Z  Quot.sound]
2026-10-08T09:49:02.4735345Z info: AxiomAudit.lean:55:0: 'ASGinzburg.ZAlgebra.asExtRank_le_total' depends on axioms: [propext, Classical.choice, Quot.sound]
2026-10-08T09:49:02.4736925Z info: AxiomAudit.lean:56:0: 'ASGinzburg.ZAlgebra.ASRegular.extRank_le_one' depends on axioms: [propext, Classical.choice, Quot.sound]
2026-10-08T09:49:02.4738506Z info: AxiomAudit.lean:57:0: 'ASGinzburg.ZAlgebra.ASRegular.extFinite' depends on axioms: [propext, Classical.choice, Quot.sound]
2026-10-08T09:49:02.4740133Z info: AxiomAudit.lean:58:0: 'ASGinzburg.ZAlgebra.ASRegular.extFinrank_le_one' depends on axioms: [propext, Classical.choice, Quot.sound]
2026-10-08T09:49:02.4741705Z info: AxiomAudit.lean:59:0: 'ASGinzburg.ZAlgebra.asExtRank_zero_iff' depends on axioms: [propext, Classical.choice, Quot.sound]
2026-10-08T09:49:02.4743046Z info: AxiomAudit.lean:60:0: 'ASGinzburg.CutQuiver.incomingArrows' does not depend on any axioms
2026-10-08T09:49:02.4744397Z info: AxiomAudit.lean:61:0: 'ASGinzburg.CutQuiver.outgoingArrows' does not depend on any axioms
2026-10-08T09:49:02.4745780Z info: AxiomAudit.lean:62:0: 'ASGinzburg.CutQuiver.incomingArrowsFintype' depends on axioms: [propext, Classical.choice, Quot.sound]
2026-10-08T09:49:02.4747706Z info: AxiomAudit.lean:63:0: 'ASGinzburg.CutQuiver.outgoingArrowsFintype' depends on axioms: [propext, Classical.choice, Quot.sound]
2026-10-08T09:49:02.4749122Z info: AxiomAudit.lean:64:0: 'ASGinzburg.CutQuiver.incomingSource' does not depend on any axioms
2026-10-08T09:49:02.4750237Z info: AxiomAudit.lean:65:0: 'ASGinzburg.CutQuiver.outgoingTarget' does not depend on any axioms
2026-10-08T09:49:02.4751411Z info: AxiomAudit.lean:66:0: 'ASGinzburg.CutQuiver.incoming_liftedTarget' depends on axioms: [propext]
2026-10-08T09:49:02.4752628Z info: AxiomAudit.lean:67:0: 'ASGinzburg.CutQuiver.outgoing_liftedSource' does not depend on any axioms
2026-10-08T09:49:02.4754216Z info: AxiomAudit.lean:68:0: 'ASGinzburg.CutQuiver.incomingSource_height_lt' depends on axioms: [propext, Classical.choice, Quot.sound]
2026-10-08T09:49:02.4755849Z info: AxiomAudit.lean:69:0: 'ASGinzburg.CutQuiver.outgoingTarget_height_gt' depends on axioms: [propext, Classical.choice, Quot.sound]
2026-10-08T09:49:02.4757548Z info: AxiomAudit.lean:70:0: 'ASGinzburg.ZAlgebra.rightModule_coproduct_projective' depends on axioms: [propext, Classical.choice, Quot.sound]
2026-10-08T09:49:02.4759593Z info: AxiomAudit.lean:71:0: 'ASGinzburg.ZAlgebra.asResolutionTerm₁' depends on axioms: [propext, Classical.choice, Quot.sound]
2026-10-08T09:49:02.4761346Z info: AxiomAudit.lean:72:0: 'ASGinzburg.ZAlgebra.asResolutionTerm₂' depends on axioms: [propext, Classical.choice, Quot.sound]
2026-10-08T09:49:02.4763145Z info: AxiomAudit.lean:73:0: 'ASGinzburg.ZAlgebra.asResolutionTerm₁Projective' depends on axioms: [propext, Classical.choice, Quot.sound]
2026-10-08T09:49:02.4765408Z info: AxiomAudit.lean:74:0: 'ASGinzburg.ZAlgebra.asResolutionTerm₂Projective' depends on axioms: [propext, Classical.choice, Quot.sound]
2026-10-08T09:49:02.4767010Z info: AxiomAudit.lean:75:0: 'ASGinzburg.ZAlgebra.ASResolution' depends on axioms: [propext, Classical.choice, Quot.sound]
2026-10-08T09:49:02.4768752Z info: AxiomAudit.lean:76:0: 'ASGinzburg.ZAlgebra.ASResolution.hom_d₁_simple_zero' depends on axioms: [propext, Classical.choice, Quot.sound]
2026-10-08T09:49:02.4770842Z info: AxiomAudit.lean:77:0: 'ASGinzburg.ZAlgebra.ASResolution.hom_d₂_simple_zero' depends on axioms: [propext, Classical.choice, Quot.sound]
2026-10-08T09:49:02.4772706Z info: AxiomAudit.lean:78:0: 'ASGinzburg.ZAlgebra.ASResolution.hom_d₃_simple_zero' depends on axioms: [propext, Classical.choice, Quot.sound]
2026-10-08T09:49:02.4774601Z info: AxiomAudit.lean:79:0: 'ASGinzburg.ZAlgebra.ASResolution.complexTerm' depends on axioms: [propext, Classical.choice, Quot.sound]
2026-10-08T09:49:02.4776346Z info: AxiomAudit.lean:80:0: 'ASGinzburg.ZAlgebra.ASResolution.complexDifferential' depends on axioms: [propext, Classical.choice, Quot.sound]
2026-10-08T09:49:02.4778142Z info: AxiomAudit.lean:81:0: 'ASGinzburg.ZAlgebra.ASResolution.complexDifferential_sq' depends on axioms: [propext, Classical.choice, Quot.sound]
2026-10-08T09:49:02.4779834Z info: AxiomAudit.lean:82:0: 'ASGinzburg.ZAlgebra.ASResolution.complex' depends on axioms: [propext, Classical.choice, Quot.sound]
2026-10-08T09:49:02.4782276Z info: AxiomAudit.lean:83:0: 'ASGinzburg.ZAlgebra.ASResolution.complexTermProjective' depends on axioms: [propext, Classical.choice, Quot.sound]
2026-10-08T09:49:02.4784304Z info: AxiomAudit.lean:84:0: 'ASGinzburg.ZAlgebra.ASResolution.complex_exactAt_succ' depends on axioms: [propext, Classical.choice, Quot.sound]
2026-10-08T09:49:02.4786031Z info: AxiomAudit.lean:85:0: 'ASGinzburg.ZAlgebra.ASResolution.augmentation' depends on axioms: [propext, Classical.choice, Quot.sound]
2026-10-08T09:49:02.4787762Z info: AxiomAudit.lean:86:0: 'ASGinzburg.ZAlgebra.ASResolution.augmentationQuasiIso' depends on axioms: [propext, Classical.choice, Quot.sound]
2026-10-08T09:49:02.4789684Z info: AxiomAudit.lean:87:0: 'ASGinzburg.ZAlgebra.ASResolution.toProjectiveResolution' depends on axioms: [propext, Classical.choice, Quot.sound]
2026-10-08T09:49:02.4791519Z info: AxiomAudit.lean:88:0: 'ASGinzburg.ZAlgebra.ASResolution.complex_isZero_ge_four' depends on axioms: [propext, Classical.choice, Quot.sound]
2026-10-08T09:49:02.4793438Z info: AxiomAudit.lean:89:0: 'ASGinzburg.ZAlgebra.ASResolution.extShiftThree' depends on axioms: [propext, Classical.choice, Quot.sound]
2026-10-08T09:49:02.4795651Z info: AxiomAudit.lean:90:0: 'ASGinzburg.ZAlgebra.ASResolution.ext_ge_four_eq_zero' depends on axioms: [propext, Classical.choice, Quot.sound]
2026-10-08T09:49:02.4797377Z info: AxiomAudit.lean:91:0: 'ASGinzburg.ZAlgebra.ASResolution.ext_ge_four_rank_zero' depends on axioms: [propext, Classical.choice, Quot.sound]
2026-10-08T09:49:02.4799241Z info: AxiomAudit.lean:92:0: 'ASGinzburg.ZAlgebra.rightModuleExtZeroPreservesColimits' depends on axioms: [propext, Classical.choice, Quot.sound]
2026-10-08T09:49:02.4801172Z info: AxiomAudit.lean:93:0: 'ASGinzburg.ZAlgebra.rightModuleExtSuccPreservesColimits' depends on axioms: [propext, Classical.choice, Quot.sound]
2026-10-08T09:49:02.4802938Z info: AxiomAudit.lean:94:0: 'ASGinzburg.ZAlgebra.ASResolution.secondSyzygyHomPreservesColimits' depends on axioms: [propext,
2026-10-08T09:49:02.4804176Z  Classical.choice,
2026-10-08T09:49:02.4804523Z  Quot.sound]
2026-10-08T09:49:02.4805438Z info: AxiomAudit.lean:95:0: 'ASGinzburg.ZAlgebra.ASResolution.firstSyzygyHomPreservesColimits' depends on axioms: [propext,
2026-10-08T09:49:02.4806506Z  Classical.choice,
2026-10-08T09:49:02.4806837Z  Quot.sound]
2026-10-08T09:49:02.4807892Z info: AxiomAudit.lean:96:0: 'ASGinzburg.ZAlgebra.ASResolution.simpleHomPreservesColimits' depends on axioms: [propext, Classical.choice, Quot.sound]
2026-10-08T09:49:02.4809716Z info: AxiomAudit.lean:97:0: 'ASGinzburg.ZAlgebra.ASResolution.secondSyzygyExtOnePreservesColimits' depends on axioms: [propext,
2026-10-08T09:49:02.4810788Z  Classical.choice,
2026-10-08T09:49:02.4811120Z  Quot.sound]
2026-10-08T09:49:02.4812067Z info: AxiomAudit.lean:98:0: 'ASGinzburg.ZAlgebra.ASResolution.firstSyzygyExtOnePreservesColimits' depends on axioms: [propext,
2026-10-08T09:49:02.4813157Z  Classical.choice,
2026-10-08T09:49:02.4813487Z  Quot.sound]
2026-10-08T09:49:02.4814758Z info: AxiomAudit.lean:99:0: 'ASGinzburg.ZAlgebra.ASResolution.simpleExtOnePreservesColimits' depends on axioms: [propext,
2026-10-08T09:49:02.4815790Z  Classical.choice,
2026-10-08T09:49:02.4816167Z  Quot.sound]
2026-10-08T09:49:02.4817112Z info: AxiomAudit.lean:100:0: 'ASGinzburg.ZAlgebra.ASResolution.simpleExtTwoPreservesColimits' depends on axioms: [propext,
2026-10-08T09:49:02.4818156Z  Classical.choice,
2026-10-08T09:49:02.4818486Z  Quot.sound]
2026-10-08T09:49:02.4819383Z info: AxiomAudit.lean:101:0: 'ASGinzburg.ZAlgebra.ASResolution.simpleExtThreePreservesColimits' depends on axioms: [propext,
2026-10-08T09:49:02.4820416Z  Classical.choice,
2026-10-08T09:49:02.4820742Z  Quot.sound]
2026-10-08T09:49:02.4821624Z info: AxiomAudit.lean:102:0: 'ASGinzburg.ZAlgebra.ASResolution.simpleHigherExtFunctorIsZero' depends on axioms: [propext,
2026-10-08T09:49:02.4822640Z  Classical.choice,
2026-10-08T09:49:02.4822967Z  Quot.sound]
2026-10-08T09:49:02.4823885Z info: AxiomAudit.lean:103:0: 'ASGinzburg.ZAlgebra.ASResolution.simpleExtPreservesExactColimits' depends on axioms: [propext,
2026-10-08T09:49:02.4825105Z  Classical.choice,
2026-10-08T09:49:02.4825427Z  Quot.sound]
2026-10-08T09:49:02.4826422Z info: AxiomAudit.lean:104:0: 'ASGinzburg.ZAlgebra.ASResolution.simpleExtColimitIso' depends on axioms: [propext, Classical.choice, Quot.sound]
2026-10-08T09:49:02.4828115Z info: AxiomAudit.lean:105:0: 'ASGinzburg.ZAlgebra.ASResolution.simpleExtPreservesCoproducts' depends on axioms: [propext,
2026-10-08T09:49:02.4829147Z  Classical.choice,
2026-10-08T09:49:02.4829486Z  Quot.sound]
2026-10-08T09:49:02.4830496Z info: AxiomAudit.lean:106:0: 'ASGinzburg.ZAlgebra.ASResolution.simpleExtCoproductIso' depends on axioms: [propext, Classical.choice, Quot.sound]
2026-10-08T09:49:02.4832249Z info: AxiomAudit.lean:107:0: 'ASGinzburg.ZAlgebra.ASResolution.simpleExtCoproductIso_inclusion_hom' depends on axioms: [propext,
2026-10-08T09:49:02.4833286Z  Classical.choice,
2026-10-08T09:49:02.4833648Z  Quot.sound]
2026-10-08T09:49:02.4834948Z info: AxiomAudit.lean:108:0: 'ASGinzburg.ZAlgebra.ASResolution.simpleExtDirectSumLinearEquiv' depends on axioms: [propext,
2026-10-08T09:49:02.4835986Z  Classical.choice,
2026-10-08T09:49:02.4836310Z  Quot.sound]
2026-10-08T09:49:02.4837340Z info: AxiomAudit.lean:109:0: 'ASGinzburg.ZAlgebra.ASResolution.simpleExtDirectSumLinearEquiv_postcomp_inclusion' depends on axioms: [propext,
2026-10-08T09:49:02.4838517Z  Classical.choice,
2026-10-08T09:49:02.4838841Z  Quot.sound]
2026-10-08T09:49:02.4839777Z info: AxiomAudit.lean:110:0: 'ASGinzburg.ZAlgebra.rightModuleExtZeroFinite' depends on axioms: [propext, Classical.choice, Quot.sound]
2026-10-08T09:49:02.4841441Z info: AxiomAudit.lean:111:0: 'ASGinzburg.ZAlgebra.rightModuleExtOneFinite' depends on axioms: [propext, Classical.choice, Quot.sound]
2026-10-08T09:49:02.4843192Z info: AxiomAudit.lean:112:0: 'ASGinzburg.ZAlgebra.ASResolution.extFinite_representable' depends on axioms: [propext, Classical.choice, Quot.sound]
2026-10-08T09:49:02.4845157Z info: AxiomAudit.lean:113:0: 'ASGinzburg.ZAlgebra.ASResolution.homDifferential' depends on axioms: [propext, Classical.choice, Quot.sound]
2026-10-08T09:49:02.4846916Z info: AxiomAudit.lean:114:0: 'ASGinzburg.ZAlgebra.ASResolution.homDifferential_sq' depends on axioms: [propext, Classical.choice, Quot.sound]
2026-10-08T09:49:02.4848626Z info: AxiomAudit.lean:115:0: 'ASGinzburg.ZAlgebra.ASResolution.homComplex' depends on axioms: [propext, Classical.choice, Quot.sound]
2026-10-08T09:49:02.4850221Z info: AxiomAudit.lean:116:0: 'ASGinzburg.ZAlgebra.ASResolution.complexDifferential_minimal' depends on axioms: [propext,
2026-10-08T09:49:02.4851271Z  Classical.choice,
2026-10-08T09:49:02.4851611Z  Quot.sound]
2026-10-08T09:49:02.4852471Z info: AxiomAudit.lean:117:0: 'ASGinzburg.ZAlgebra.ASResolution.homDifferential_simple_zero' depends on axioms: [propext,
2026-10-08T09:49:02.4853460Z  Classical.choice,
2026-10-08T09:49:02.4853790Z  Quot.sound]
2026-10-08T09:49:02.4854969Z info: AxiomAudit.lean:118:0: 'ASGinzburg.ZAlgebra.ASResolution.homComplex_simple_d_zero' depends on axioms: [propext, Classical.choice, Quot.sound]
2026-10-08T09:49:02.4856788Z info: AxiomAudit.lean:119:0: 'ASGinzburg.ZAlgebra.ASResolution.homComplex_simple_d_all_zero' depends on axioms: [propext,
2026-10-08T09:49:02.4857750Z  Classical.choice,
2026-10-08T09:49:02.4858068Z  Quot.sound]
2026-10-08T09:49:02.4858896Z info: AxiomAudit.lean:120:0: 'ASGinzburg.ZAlgebra.ASResolution.homComplex_simple_homologyIso' depends on axioms: [propext,
2026-10-08T09:49:02.4859896Z  Classical.choice,
2026-10-08T09:49:02.4860225Z  Quot.sound]
2026-10-08T09:49:02.4861173Z info: AxiomAudit.lean:121:0: 'ASGinzburg.ZAlgebra.rightModule_exact_comp_mono_iff' depends on axioms: [propext, Classical.choice, Quot.sound]
2026-10-08T09:49:02.4862876Z info: AxiomAudit.lean:122:0: 'ASGinzburg.ZAlgebra.ASResolution.firstCover' depends on axioms: [propext, Classical.choice, Quot.sound]
2026-10-08T09:49:02.4864969Z info: AxiomAudit.lean:123:0: 'ASGinzburg.ZAlgebra.ASResolution.firstCover_ι' depends on axioms: [propext, Classical.choice, Quot.sound]
2026-10-08T09:49:02.4866711Z info: AxiomAudit.lean:124:0: 'ASGinzburg.ZAlgebra.ASResolution.firstCoverEpi' depends on axioms: [propext, Classical.choice, Quot.sound]
2026-10-08T09:49:02.4868680Z info: AxiomAudit.lean:125:0: 'ASGinzburg.ZAlgebra.ASResolution.d₂_firstCover' depends on axioms: [propext, Classical.choice, Quot.sound]
2026-10-08T09:49:02.4870632Z info: AxiomAudit.lean:126:0: 'ASGinzburg.ZAlgebra.ASResolution.exact_d₂_firstCover' depends on axioms: [propext, Classical.choice, Quot.sound]
2026-10-08T09:49:02.4872364Z info: AxiomAudit.lean:127:0: 'ASGinzburg.ZAlgebra.ASResolution.secondCover' depends on axioms: [propext, Classical.choice, Quot.sound]
2026-10-08T09:49:02.4874405Z info: AxiomAudit.lean:128:0: 'ASGinzburg.ZAlgebra.ASResolution.secondCover_ι' depends on axioms: [propext, Classical.choice, Quot.sound]
2026-10-08T09:49:02.4876148Z info: AxiomAudit.lean:129:0: 'ASGinzburg.ZAlgebra.ASResolution.secondCoverEpi' depends on axioms: [propext, Classical.choice, Quot.sound]
2026-10-08T09:49:02.4878248Z info: AxiomAudit.lean:130:0: 'ASGinzburg.ZAlgebra.ASResolution.d₃_secondCover' depends on axioms: [propext, Classical.choice, Quot.sound]
2026-10-08T09:49:02.4880186Z info: AxiomAudit.lean:131:0: 'ASGinzburg.ZAlgebra.ASResolution.exact_d₃_secondCover' depends on axioms: [propext, Classical.choice, Quot.sound]
2026-10-08T09:49:02.4882098Z info: AxiomAudit.lean:132:0: 'ASGinzburg.ZAlgebra.ASResolution.shortExact₀' depends on axioms: [propext, Classical.choice, Quot.sound]
2026-10-08T09:49:02.4884171Z info: AxiomAudit.lean:133:0: 'ASGinzburg.ZAlgebra.ASResolution.shortExact₁' depends on axioms: [propext, Classical.choice, Quot.sound]
2026-10-08T09:49:02.4886083Z info: AxiomAudit.lean:134:0: 'ASGinzburg.ZAlgebra.ASResolution.shortExact₂' depends on axioms: [propext, Classical.choice, Quot.sound]
2026-10-08T09:49:02.4887604Z info: AxiomAudit.lean:135:0: 'ASGinzburg.conjugateHom' depends on axioms: [propext, Classical.choice, Quot.sound]
2026-10-08T09:49:02.4889083Z info: AxiomAudit.lean:136:0: 'ASGinzburg.conjugateHom_apply' depends on axioms: [propext, Classical.choice, Quot.sound]
2026-10-08T09:49:02.4890406Z info: AxiomAudit.lean:137:0: 'ASGinzburg.conjugateHom_id' depends on axioms: [propext, Classical.choice, Quot.sound]
2026-10-08T09:49:02.4891800Z info: AxiomAudit.lean:138:0: 'ASGinzburg.conjugateHom_comp' depends on axioms: [propext, Classical.choice, Quot.sound]
2026-10-08T09:49:02.4893095Z info: AxiomAudit.lean:139:0: 'ASGinzburg.CyclicWord' depends on axioms: [propext, Quot.sound]
2026-10-08T09:49:02.4894513Z info: AxiomAudit.lean:140:0: 'ASGinzburg.WordPolynomial' depends on axioms: [propext, Classical.choice, Quot.sound]
2026-10-08T09:49:02.4896117Z info: AxiomAudit.lean:141:0: 'ASGinzburg.CyclicPolynomial' depends on axioms: [propext, Classical.choice, Quot.sound]
2026-10-08T09:49:02.4897311Z info: AxiomAudit.lean:142:0: 'ASGinzburg.wordClass' depends on axioms: [propext, Quot.sound]
2026-10-08T09:49:02.4898367Z info: AxiomAudit.lean:143:0: 'ASGinzburg.traceWord' depends on axioms: [propext, Classical.choice, Quot.sound]
2026-10-08T09:49:02.4899701Z info: AxiomAudit.lean:144:0: 'ASGinzburg.wordClass_append_swap' depends on axioms: [propext, Quot.sound]
2026-10-08T09:49:02.4900874Z info: AxiomAudit.lean:145:0: 'ASGinzburg.traceWord_append_swap' depends on axioms: [propext, Classical.choice, Quot.sound]
2026-10-08T09:49:02.4901979Z info: AxiomAudit.lean:146:0: 'ASGinzburg.wordCutDegree' does not depend on any axioms
2026-10-08T09:49:02.4902879Z info: AxiomAudit.lean:147:0: 'ASGinzburg.wordCutDegree_append' depends on axioms: [propext]
2026-10-08T09:49:02.4903855Z info: AxiomAudit.lean:148:0: 'ASGinzburg.unique_cut_split' depends on axioms: [propext, Quot.sound]
2026-10-08T09:49:02.4905300Z info: AxiomAudit.lean:149:0: 'ASGinzburg.reconstructAux' depends on axioms: [propext, Classical.choice, Quot.sound]
2026-10-08T09:49:02.4906554Z info: AxiomAudit.lean:150:0: 'ASGinzburg.reconstructAux_euler' depends on axioms: [propext, Classical.choice, Quot.sound]
2026-10-08T09:49:02.4907831Z info: AxiomAudit.lean:151:0: 'ASGinzburg.cyclicTrace' depends on axioms: [propext, Classical.choice, Quot.sound]
2026-10-08T09:49:02.4909048Z info: AxiomAudit.lean:152:0: 'ASGinzburg.cutReconstruction' depends on axioms: [propext, Classical.choice, Quot.sound]
2026-10-08T09:49:02.4910328Z info: AxiomAudit.lean:153:0: 'ASGinzburg.cut_euler_identity' depends on axioms: [propext, Classical.choice, Quot.sound]
2026-10-08T09:49:02.4911442Z info: AxiomAudit.lean:154:0: 'ASGinzburg.cut_normal_form' depends on axioms: [propext, Quot.sound]
2026-10-08T09:49:02.4912438Z info: AxiomAudit.lean:155:0: 'ASGinzburg.path_word_cutDegree' depends on axioms: [propext]
2026-10-08T09:49:02.4913311Z info: AxiomAudit.lean:156:0: 'ASGinzburg.CutQuiver' does not depend on any axioms
2026-10-08T09:49:02.4914383Z info: AxiomAudit.lean:157:0: 'ASGinzburg.CutQuiver.Arrow' does not depend on any axioms
2026-10-08T09:49:02.4915299Z info: AxiomAudit.lean:158:0: 'ASGinzburg.CutQuiver.Vertex' does not depend on any axioms
2026-10-08T09:49:02.4916424Z info: AxiomAudit.lean:159:0: 'ASGinzburg.CutQuiver.LiftVertex' does not depend on any axioms
2026-10-08T09:49:02.4917434Z info: AxiomAudit.lean:160:0: 'ASGinzburg.CutQuiver.cutDegree' does not depend on any axioms
2026-10-08T09:49:02.4918387Z info: AxiomAudit.lean:161:0: 'ASGinzburg.CutQuiver.winding' does not depend on any axioms
2026-10-08T09:49:02.4919403Z info: AxiomAudit.lean:162:0: 'ASGinzburg.CutQuiver.height' does not depend on any axioms
2026-10-08T09:49:02.4920492Z info: AxiomAudit.lean:163:0: 'ASGinzburg.CutQuiver.periodNeZero' depends on axioms: [propext, Quot.sound]
2026-10-08T09:49:02.4921801Z info: AxiomAudit.lean:164:0: 'ASGinzburg.CutQuiver.heightEquiv' depends on axioms: [propext, Classical.choice, Quot.sound]
2026-10-08T09:49:02.4923251Z info: AxiomAudit.lean:165:0: 'ASGinzburg.CutQuiver.heightEquiv_apply' depends on axioms: [propext, Classical.choice, Quot.sound]
2026-10-08T09:49:02.4924913Z info: AxiomAudit.lean:166:0: 'ASGinzburg.CutQuiver.height_bijective' depends on axioms: [propext, Classical.choice, Quot.sound]
2026-10-08T09:49:02.4926133Z info: AxiomAudit.lean:167:0: 'ASGinzburg.CutQuiver.shift' does not depend on any axioms
2026-10-08T09:49:02.4927079Z info: AxiomAudit.lean:168:0: 'ASGinzburg.CutQuiver.tau' depends on axioms: [propext]
2026-10-08T09:49:02.4928076Z info: AxiomAudit.lean:169:0: 'ASGinzburg.CutQuiver.liftedSource' does not depend on any axioms
2026-10-08T09:49:02.4929141Z info: AxiomAudit.lean:170:0: 'ASGinzburg.CutQuiver.liftedTarget' does not depend on any axioms
2026-10-08T09:49:02.4930222Z info: AxiomAudit.lean:171:0: 'ASGinzburg.CutQuiver.cutDegree_false' depends on axioms: [propext]
2026-10-08T09:49:02.4931301Z info: AxiomAudit.lean:172:0: 'ASGinzburg.CutQuiver.cutDegree_true' depends on axioms: [propext]
2026-10-08T09:49:02.4932547Z info: AxiomAudit.lean:173:0: 'ASGinzburg.CutQuiver.winding_pos' depends on axioms: [propext, Classical.choice, Quot.sound]
2026-10-08T09:49:02.4934171Z info: AxiomAudit.lean:174:0: 'ASGinzburg.CutQuiver.winding_lt_period' depends on axioms: [propext, Classical.choice, Quot.sound]
2026-10-08T09:49:02.4935838Z info: AxiomAudit.lean:175:0: 'ASGinzburg.CutQuiver.height_shift' depends on axioms: [propext]
2026-10-08T09:49:02.4936875Z info: AxiomAudit.lean:176:0: 'ASGinzburg.CutQuiver.height_tau' depends on axioms: [propext, Quot.sound]
2026-10-08T09:49:02.4938043Z info: AxiomAudit.lean:177:0: 'ASGinzburg.CutQuiver.lifted_height_difference' depends on axioms: [propext, Quot.sound]
2026-10-08T09:49:02.4939420Z info: AxiomAudit.lean:178:0: 'ASGinzburg.CutQuiver.lifted_arrow_increases_height' depends on axioms: [propext, Classical.choice, Quot.sound]
2026-10-08T09:49:02.4940903Z info: AxiomAudit.lean:179:0: 'ASGinzburg.CutQuiver.intermediate_in_interval' depends on axioms: [propext, Classical.choice, Quot.sound]
2026-10-08T09:49:02.4942073Z info: AxiomAudit.lean:180:0: 'ASGinzburg.CutQuiver.Path' does not depend on any axioms
2026-10-08T09:49:02.4943006Z info: AxiomAudit.lean:181:0: 'ASGinzburg.CutQuiver.Path.length' does not depend on any axioms
2026-10-08T09:49:02.4944349Z info: AxiomAudit.lean:182:0: 'ASGinzburg.CutQuiver.Path.cutDegree' does not depend on any axioms
2026-10-08T09:49:02.4945380Z info: AxiomAudit.lean:183:0: 'ASGinzburg.CutQuiver.Path.winding' does not depend on any axioms
2026-10-08T09:49:02.4946366Z info: AxiomAudit.lean:184:0: 'ASGinzburg.CutQuiver.Path.toList' does not depend on any axioms
2026-10-08T09:49:02.4947384Z info: AxiomAudit.lean:185:0: 'ASGinzburg.CutQuiver.Path.length_toList' depends on axioms: [propext]
2026-10-08T09:49:02.4948589Z info: AxiomAudit.lean:186:0: 'ASGinzburg.CutQuiver.Path.winding_eq' depends on axioms: [propext, Classical.choice, Quot.sound]
2026-10-08T09:49:02.4949971Z info: AxiomAudit.lean:187:0: 'ASGinzburg.CutQuiver.Path.winding_nonneg' depends on axioms: [propext, Classical.choice, Quot.sound]
2026-10-08T09:49:02.4951443Z info: AxiomAudit.lean:188:0: 'ASGinzburg.CutQuiver.Path.winding_pos_of_length_pos' depends on axioms: [propext, Classical.choice, Quot.sound]
2026-10-08T09:49:02.4953131Z info: AxiomAudit.lean:189:0: 'ASGinzburg.CutQuiver.Path.zero_cut_increases_vertex' depends on axioms: [propext, Classical.choice, Quot.sound]
2026-10-08T09:49:02.4954900Z info: AxiomAudit.lean:190:0: 'ASGinzburg.CutQuiver.Path.zero_cut_has_no_nonempty_cycle' depends on axioms: [propext, Classical.choice, Quot.sound]
2026-10-08T09:49:02.4956483Z info: AxiomAudit.lean:191:0: 'ASGinzburg.CutQuiver.Path.cut_one_cycle_winding' depends on axioms: [propext, Classical.choice, Quot.sound]
2026-10-08T09:49:02.4957875Z info: AxiomAudit.lean:192:0: 'ASGinzburg.derivativeAux' depends on axioms: [propext, Classical.choice, Quot.sound]
2026-10-08T09:49:02.4959138Z info: AxiomAudit.lean:193:0: 'ASGinzburg.derivativeWord' depends on axioms: [propext, Classical.choice, Quot.sound]
2026-10-08T09:49:02.4960401Z info: AxiomAudit.lean:194:0: 'ASGinzburg.derivativeAux_append' depends on axioms: [propext, Classical.choice, Quot.sound]
2026-10-08T09:49:02.4961751Z info: AxiomAudit.lean:195:0: 'ASGinzburg.derivativeWord_append_swap' depends on axioms: [propext, Classical.choice, Quot.sound]
2026-10-08T09:49:02.4963110Z info: AxiomAudit.lean:196:0: 'ASGinzburg.derivativeWord_rotate' depends on axioms: [propext, Classical.choice, Quot.sound]
2026-10-08T09:49:02.4964720Z info: AxiomAudit.lean:197:0: 'ASGinzburg.derivativeCyclicWord' depends on axioms: [propext, Classical.choice, Quot.sound]
2026-10-08T09:49:02.4966077Z info: AxiomAudit.lean:198:0: 'ASGinzburg.derivativeCyclicWord_mk' depends on axioms: [propext, Classical.choice, Quot.sound]
2026-10-08T09:49:02.4967394Z info: AxiomAudit.lean:199:0: 'ASGinzburg.cyclicDerivative' depends on axioms: [propext, Classical.choice, Quot.sound]
2026-10-08T09:49:02.4968647Z info: AxiomAudit.lean:200:0: 'ASGinzburg.prependTrace' depends on axioms: [propext, Classical.choice, Quot.sound]
2026-10-08T09:49:02.4969911Z info: AxiomAudit.lean:201:0: 'ASGinzburg.prependTrace_single' depends on axioms: [propext, Classical.choice, Quot.sound]
2026-10-08T09:49:02.4971270Z info: AxiomAudit.lean:202:0: 'ASGinzburg.cyclicDerivative_traceWord' depends on axioms: [propext, Classical.choice, Quot.sound]
2026-10-08T09:49:02.4972876Z info: AxiomAudit.lean:203:0: 'ASGinzburg.derivativeAux_reconstruction' depends on axioms: [propext, Classical.choice, Quot.sound]
2026-10-08T09:49:02.4974487Z info: AxiomAudit.lean:204:0: 'ASGinzburg.cyclicCutReconstruction' depends on axioms: [propext, Classical.choice, Quot.sound]
2026-10-08T09:49:02.4975642Z info: AxiomAudit.lean:205:0: 'ASGinzburg.ite_linearMap_apply' depends on axioms: [propext]
2026-10-08T09:49:02.4976923Z info: AxiomAudit.lean:206:0: 'ASGinzburg.cyclicCutReconstruction_traceWord' depends on axioms: [propext, Classical.choice, Quot.sound]
2026-10-08T09:49:02.4978516Z info: AxiomAudit.lean:207:0: 'ASGinzburg.cyclicCutReconstruction_comp_trace' depends on axioms: [propext, Classical.choice, Quot.sound]
2026-10-08T09:49:02.4980044Z info: AxiomAudit.lean:208:0: 'ASGinzburg.cut_cyclic_derivative_identity' depends on axioms: [propext, Classical.choice, Quot.sound]
2026-10-08T09:49:02.4981587Z info: AxiomAudit.lean:209:0: 'ASGinzburg.equivalenceMapDerivedIsEquivalence' depends on axioms: [propext, Classical.choice, Quot.sound]
2026-10-08T09:49:02.4983129Z info: AxiomAudit.lean:210:0: 'ASGinzburg.exactDerivedEquivalence' depends on axioms: [propext, Classical.choice, Quot.sound]
2026-10-08T09:49:02.4984750Z info: AxiomAudit.lean:211:0: 'ASGinzburg.exactDerivedSingleIso' depends on axioms: [propext, Classical.choice, Quot.sound]
2026-10-08T09:49:02.4986272Z info: AxiomAudit.lean:212:0: 'ASGinzburg.exactDerivedShiftedHomAddEquiv' depends on axioms: [propext, Classical.choice, Quot.sound]
2026-10-08T09:49:02.4987873Z info: AxiomAudit.lean:213:0: 'ASGinzburg.derivedShiftedHomCongrAddEquiv' depends on axioms: [propext, Classical.choice, Quot.sound]
2026-10-08T09:49:02.4989480Z info: AxiomAudit.lean:214:0: 'ASGinzburg.exactEquivalenceExtAddEquiv' depends on axioms: [propext, Classical.choice, Quot.sound]
2026-10-08T09:49:02.4991116Z info: AxiomAudit.lean:215:0: 'ASGinzburg.exactDerivedLinear' depends on axioms: [propext, Classical.choice, Quot.sound]
2026-10-08T09:49:02.4992924Z info: AxiomAudit.lean:216:0: 'ASGinzburg.exactDerivedQhLinear' depends on axioms: [propext, Classical.choice, Quot.sound]
2026-10-08T09:49:02.4994580Z info: AxiomAudit.lean:217:0: 'ASGinzburg.exactDerivedQLinear' depends on axioms: [propext, Classical.choice, Quot.sound]
2026-10-08T09:49:02.4995962Z info: AxiomAudit.lean:218:0: 'ASGinzburg.exactDerivedShiftLinear' depends on axioms: [propext, Classical.choice, Quot.sound]
2026-10-08T09:49:02.4997415Z info: AxiomAudit.lean:219:0: 'ASGinzburg.exactDerivedMapLinear' depends on axioms: [propext, Classical.choice, Quot.sound]
2026-10-08T09:49:02.4998955Z info: AxiomAudit.lean:220:0: 'ASGinzburg.exactDerivedShiftedHomLinearEquiv' depends on axioms: [propext, Classical.choice, Quot.sound]
2026-10-08T09:49:02.5000670Z info: AxiomAudit.lean:221:0: 'ASGinzburg.derivedShiftedHomCongrLinearEquiv' depends on axioms: [propext, Classical.choice, Quot.sound]
2026-10-08T09:49:02.5002235Z info: AxiomAudit.lean:222:0: 'ASGinzburg.exactExtModule' depends on axioms: [propext, Classical.choice, Quot.sound]
2026-10-08T09:49:02.5003891Z info: AxiomAudit.lean:223:0: 'ASGinzburg.exactExtHomLinearEquiv' depends on axioms: [propext, Classical.choice, Quot.sound]
2026-10-08T09:49:02.5005793Z info: AxiomAudit.lean:224:0: 'ASGinzburg.exactEquivalenceExtLinearEquiv' depends on axioms: [propext, Classical.choice, Quot.sound]
2026-10-08T09:49:02.5007520Z info: AxiomAudit.lean:225:0: 'ASGinzburg.totalDimension' depends on axioms: [propext, Quot.sound]
2026-10-08T09:49:02.5008930Z info: AxiomAudit.lean:226:0: 'ASGinzburg.dimension_table_eq_single' depends on axioms: [propext, Classical.choice, Quot.sound]
2026-10-08T09:49:02.5010634Z info: AxiomAudit.lean:227:0: 'ASGinzburg.total_dimension_single' depends on axioms: [propext, Classical.choice, Quot.sound]
2026-10-08T09:49:02.5012257Z info: AxiomAudit.lean:228:0: 'ASGinzburg.total_one_iff_single' depends on axioms: [propext, Classical.choice, Quot.sound]
2026-10-08T09:49:02.5014231Z info: AxiomAudit.lean:229:0: 'ASGinzburg.ext_dimension_delta' depends on axioms: [propext, Classical.choice, Quot.sound]
2026-10-08T09:49:02.5015773Z info: AxiomAudit.lean:230:0: 'ASGinzburg.ZAlgebra.rightModuleHomDiagram' depends on axioms: [propext, Classical.choice, Quot.sound]
2026-10-08T09:49:02.5017260Z info: AxiomAudit.lean:231:0: 'ASGinzburg.ZAlgebra.rightModuleCoproductHomLimitComponentIso' depends on axioms: [propext,
2026-10-08T09:49:02.5018214Z  Classical.choice,
2026-10-08T09:49:02.5018565Z  Quot.sound]
2026-10-08T09:49:02.5019906Z info: AxiomAudit.lean:232:0: 'ASGinzburg.ZAlgebra.rightModuleCoproductHomLimitComponentIso_hom_π' depends on axioms: [propext,
2026-10-08T09:49:02.5021004Z  Classical.choice,
2026-10-08T09:49:02.5021349Z  Quot.sound]
2026-10-08T09:49:02.5022331Z info: AxiomAudit.lean:233:0: 'ASGinzburg.ZAlgebra.rightModuleCoproductHomLimitIso' depends on axioms: [propext, Classical.choice, Quot.sound]
2026-10-08T09:49:02.5024321Z info: AxiomAudit.lean:234:0: 'ASGinzburg.ZAlgebra.finiteLimitFunctorPreservesColimitsOfShape' depends on axioms: [propext,
2026-10-08T09:49:02.5025432Z  Classical.choice,
2026-10-08T09:49:02.5025788Z  Quot.sound]
2026-10-08T09:49:02.5026722Z info: AxiomAudit.lean:235:0: 'ASGinzburg.ZAlgebra.rightModuleHomDiagramPreservesColimitsOfShape' depends on axioms: [propext,
2026-10-08T09:49:02.5027805Z  Classical.choice,
2026-10-08T09:49:02.5028147Z  Quot.sound]
2026-10-08T09:49:02.5029063Z info: AxiomAudit.lean:236:0: 'ASGinzburg.ZAlgebra.finiteCoproductHomPreservesColimitsOfShape' depends on axioms: [propext,
2026-10-08T09:49:02.5030081Z  Classical.choice,
2026-10-08T09:49:02.5030421Z  Quot.sound]
2026-10-08T09:49:02.5031455Z info: AxiomAudit.lean:237:0: 'ASGinzburg.ZAlgebra.finiteRepresentableCoproductHomPreservesColimitsOfShape' depends on axioms: [propext,
2026-10-08T09:49:02.5032625Z  Classical.choice,
2026-10-08T09:49:02.5032960Z  Quot.sound]
2026-10-08T09:49:02.5034556Z info: AxiomAudit.lean:238:0: 'ASGinzburg.ZAlgebra.asResolutionTerm₁HomPreservesColimitsOfShape' depends on axioms: [propext,
2026-10-08T09:49:02.5038967Z  Classical.choice,
2026-10-08T09:49:02.5039317Z  Quot.sound]
2026-10-08T09:49:02.5040111Z info: AxiomAudit.lean:239:0: 'ASGinzburg.ZAlgebra.asResolutionTerm₂HomPreservesColimitsOfShape' depends on axioms: [propext,
2026-10-08T09:49:02.5040715Z  Classical.choice,
2026-10-08T09:49:02.5040909Z  Quot.sound]
2026-10-08T09:49:02.5041423Z info: AxiomAudit.lean:240:0: 'ASGinzburg.ZAlgebra.finiteRepresentableCoproductHomColimitIso' depends on axioms: [propext,
2026-10-08T09:49:02.5041990Z  Classical.choice,
2026-10-08T09:49:02.5042174Z  Quot.sound]
2026-10-08T09:49:02.5042765Z info: AxiomAudit.lean:241:0: 'ASGinzburg.ZAlgebra.finiteRepresentableCoproductExtZeroPreservesColimitsOfShape' depends on axioms: [propext,
2026-10-08T09:49:02.5043436Z  Classical.choice,
2026-10-08T09:49:02.5043622Z  Quot.sound]
2026-10-08T09:49:02.5044885Z info: AxiomAudit.lean:242:0: 'ASGinzburg.CutQuiver.GinzburgArrow' does not depend on any axioms
2026-10-08T09:49:02.5046168Z info: AxiomAudit.lean:243:0: 'ASGinzburg.CutQuiver.GinzburgArrow.source' does not depend on any axioms
2026-10-08T09:49:02.5047446Z info: AxiomAudit.lean:244:0: 'ASGinzburg.CutQuiver.GinzburgArrow.target' does not depend on any axioms
2026-10-08T09:49:02.5048767Z info: AxiomAudit.lean:245:0: 'ASGinzburg.CutQuiver.GinzburgArrow.cohomologicalDegree' does not depend on any axioms
2026-10-08T09:49:02.5050188Z info: AxiomAudit.lean:246:0: 'ASGinzburg.CutQuiver.GinzburgArrow.cutDegree' does not depend on any axioms
2026-10-08T09:49:02.5051625Z info: AxiomAudit.lean:247:0: 'ASGinzburg.CutQuiver.GinzburgArrow.winding' does not depend on any axioms
2026-10-08T09:49:02.5053146Z info: AxiomAudit.lean:248:0: 'ASGinzburg.CutQuiver.GinzburgArrow.winding_pos' depends on axioms: [propext, Classical.choice, Quot.sound]
2026-10-08T09:49:02.5055326Z info: AxiomAudit.lean:249:0: 'ASGinzburg.CutQuiver.GinzburgArrow.winding_formula' depends on axioms: [propext, Quot.sound]
2026-10-08T09:49:02.5057144Z info: AxiomAudit.lean:250:0: 'ASGinzburg.CutQuiver.GinzburgArrow.original_dual_winding_sum' depends on axioms: [propext]
2026-10-08T09:49:02.5058650Z info: AxiomAudit.lean:251:0: 'ASGinzburg.CutQuiver.GinzburgArrow.original_dual_cut_sum' depends on axioms: [propext]
2026-10-08T09:49:02.5060245Z info: AxiomAudit.lean:252:0: 'ASGinzburg.CutQuiver.GinzburgArrow.loop_differential_cohomological_degree' does not depend on any axioms
2026-10-08T09:49:02.5061775Z info: AxiomAudit.lean:253:0: 'ASGinzburg.positive_recurrence_unique' depends on axioms: [propext, Quot.sound]
2026-10-08T09:49:02.5062960Z info: AxiomAudit.lean:254:0: 'ASGinzburg.quadraticHilbert' does not depend on any axioms
2026-10-08T09:49:02.5064441Z info: AxiomAudit.lean:255:0: 'ASGinzburg.quadraticHilbert_closed' depends on axioms: [propext, Quot.sound]
2026-10-08T09:49:02.5065709Z info: AxiomAudit.lean:256:0: 'ASGinzburg.quadraticHilbert_double' depends on axioms: [propext]
2026-10-08T09:49:02.5067086Z info: AxiomAudit.lean:257:0: 'ASGinzburg.quadraticHilbert_third_difference' depends on axioms: [propext, Classical.choice, Quot.sound]
2026-10-08T09:49:02.5068639Z info: AxiomAudit.lean:258:0: 'ASGinzburg.quadraticHilbert_unique' depends on axioms: [propext, Classical.choice, Quot.sound]
2026-10-08T09:49:02.5070186Z info: AxiomAudit.lean:259:0: 'ASGinzburg.quadraticHilbert_polynomial_bound' depends on axioms: [propext, Classical.choice, Quot.sound]
2026-10-08T09:49:02.5071740Z info: AxiomAudit.lean:260:0: 'ASGinzburg.colimitLimitExchangeIso' depends on axioms: [propext, Classical.choice, Quot.sound]
2026-10-08T09:49:02.5073507Z info: AxiomAudit.lean:261:0: 'ASGinzburg.ι_colimitLimitExchangeIso_π' depends on axioms: [propext, Classical.choice, Quot.sound]
2026-10-08T09:49:02.5075433Z info: AxiomAudit.lean:262:0: 'ASGinzburg.limitPreservesColimitsOfExactShape' depends on axioms: [propext, Classical.choice, Quot.sound]
2026-10-08T09:49:02.5077154Z info: AxiomAudit.lean:263:0: 'ASGinzburg.parallelPairDiagramPreservesColimits' depends on axioms: [propext, Classical.choice, Quot.sound]
2026-10-08T09:49:02.5079169Z info: AxiomAudit.lean:264:0: 'ASGinzburg.kernelFunctorPreservesExactColimits' depends on axioms: [propext, Classical.choice, Quot.sound]
2026-10-08T09:49:02.5080943Z info: AxiomAudit.lean:265:0: 'ASGinzburg.cokernelFunctorPreservesColimits' depends on axioms: [propext, Classical.choice, Quot.sound]
2026-10-08T09:49:02.5082508Z info: AxiomAudit.lean:266:0: 'ASGinzburg.moduleCatExactCoproducts' depends on axioms: [propext, Classical.choice, Quot.sound]
2026-10-08T09:49:02.5084449Z info: AxiomAudit.lean:267:0: 'ASGinzburg.ZAlgebra.leftRepresentableFunctor' depends on axioms: [propext, Classical.choice, Quot.sound]
2026-10-08T09:49:02.5086235Z info: AxiomAudit.lean:268:0: 'ASGinzburg.ZAlgebra.leftRepresentableFunctorAdditive' depends on axioms: [propext, Classical.choice, Quot.sound]
2026-10-08T09:49:02.5088155Z info: AxiomAudit.lean:269:0: 'ASGinzburg.ZAlgebra.leftRepresentableFunctorLinear' depends on axioms: [propext, Classical.choice, Quot.sound]
2026-10-08T09:49:02.5089953Z info: AxiomAudit.lean:270:0: 'ASGinzburg.ZAlgebra.leftModuleCoyonedaLinear' depends on axioms: [propext, Classical.choice, Quot.sound]
2026-10-08T09:49:02.5091611Z info: AxiomAudit.lean:271:0: 'ASGinzburg.ZAlgebra.leftModuleADual' depends on axioms: [propext, Classical.choice, Quot.sound]
2026-10-08T09:49:02.5093171Z info: AxiomAudit.lean:272:0: 'ASGinzburg.ZAlgebra.leftModuleADual_obj' depends on axioms: [propext, Classical.choice, Quot.sound]
2026-10-08T09:49:02.5095086Z info: AxiomAudit.lean:273:0: 'ASGinzburg.ZAlgebra.leftModuleADualMap' depends on axioms: [propext, Classical.choice, Quot.sound]
2026-10-08T09:49:02.5096715Z info: AxiomAudit.lean:274:0: 'ASGinzburg.ZAlgebra.leftModuleADualFunctor' depends on axioms: [propext, Classical.choice, Quot.sound]
2026-10-08T09:49:02.5098540Z info: AxiomAudit.lean:275:0: 'ASGinzburg.ZAlgebra.leftRepresentableADualIso' depends on axioms: [propext, Classical.choice, Quot.sound]
2026-10-08T09:49:02.5100168Z info: AxiomAudit.lean:276:0: 'ASGinzburg.ZAlgebra.representableBidualIso' depends on axioms: [propext, Classical.choice, Quot.sound]
2026-10-08T09:49:02.5101269Z info: AxiomAudit.lean:277:0: 'ASGinzburg.ZAlgebra.leftRepresentableBidualIso' depends on axioms: [propext, Classical.choice, Quot.sound]
2026-10-08T09:49:02.5102244Z info: AxiomAudit.lean:278:0: 'ASGinzburg.ZAlgebra.leftModuleProperty_closedUnderLimits' depends on axioms: [propext, Classical.choice, Quot.sound]
2026-10-08T09:49:02.5104448Z info: AxiomAudit.lean:279:0: 'ASGinzburg.ZAlgebra.leftModuleProperty_closedUnderColimits' depends on axioms: [propext, Classical.choice, Quot.sound]
2026-10-08T09:49:02.5106345Z info: AxiomAudit.lean:280:0: 'ASGinzburg.ZAlgebra.leftModuleHasLimitsOfShape' depends on axioms: [propext, Classical.choice, Quot.sound]
2026-10-08T09:49:02.5108119Z info: AxiomAudit.lean:281:0: 'ASGinzburg.ZAlgebra.leftModuleHasColimitsOfShape' depends on axioms: [propext, Classical.choice, Quot.sound]
2026-10-08T09:49:02.5110016Z info: AxiomAudit.lean:282:0: 'ASGinzburg.ZAlgebra.leftModuleInclusionCreatesLimitsOfShape' depends on axioms: [propext, Classical.choice, Quot.sound]
2026-10-08T09:49:02.5111827Z info: AxiomAudit.lean:283:0: 'ASGinzburg.ZAlgebra.leftModuleInclusionCreatesColimitsOfShape' depends on axioms: [propext,
2026-10-08T09:49:02.5112844Z  Classical.choice,
2026-10-08T09:49:02.5113168Z  Quot.sound]
2026-10-08T09:49:02.5114339Z info: AxiomAudit.lean:284:0: 'ASGinzburg.ZAlgebra.leftModuleHasFiniteProducts' depends on axioms: [propext, Classical.choice, Quot.sound]
2026-10-08T09:49:02.5116118Z info: AxiomAudit.lean:285:0: 'ASGinzburg.ZAlgebra.leftModuleCoimageImageComparisonIsIso' depends on axioms: [propext, Classical.choice, Quot.sound]
2026-10-08T09:49:02.5117819Z info: AxiomAudit.lean:286:0: 'ASGinzburg.ZAlgebra.leftModuleAbelian' depends on axioms: [propext, Classical.choice, Quot.sound]
2026-10-08T09:49:02.5119382Z info: AxiomAudit.lean:287:0: 'ASGinzburg.ZAlgebra.leftModuleInclusionPreservesFiniteLimits' depends on axioms: [propext,
2026-10-08T09:49:02.5134997Z  Classical.choice,
2026-10-08T09:49:02.5135608Z  Quot.sound]
2026-10-08T09:49:02.5136572Z info: AxiomAudit.lean:288:0: 'ASGinzburg.ZAlgebra.leftModuleInclusionPreservesFiniteColimits' depends on axioms: [propext,
2026-10-08T09:49:02.5137677Z  Classical.choice,
2026-10-08T09:49:02.5138026Z  Quot.sound]
2026-10-08T09:49:02.5138949Z info: AxiomAudit.lean:289:0: 'ASGinzburg.ZAlgebra.leftModuleGenerators' depends on axioms: [propext, Classical.choice, Quot.sound]
2026-10-08T09:49:02.5140567Z info: AxiomAudit.lean:290:0: 'ASGinzburg.ZAlgebra.freeLeftModule' depends on axioms: [propext, Classical.choice, Quot.sound]
2026-10-08T09:49:02.5142407Z info: AxiomAudit.lean:291:0: 'ASGinzburg.ZAlgebra.freeLeftModuleπ' depends on axioms: [propext, Classical.choice, Quot.sound]
2026-10-08T09:49:02.5144386Z info: AxiomAudit.lean:292:0: 'ASGinzburg.ZAlgebra.freeLeftModuleProjective' depends on axioms: [propext, Classical.choice, Quot.sound]
2026-10-08T09:49:02.5146296Z info: AxiomAudit.lean:293:0: 'ASGinzburg.ZAlgebra.freeLeftModuleπEpi' depends on axioms: [propext, Classical.choice, Quot.sound]
2026-10-08T09:49:02.5147998Z info: AxiomAudit.lean:294:0: 'ASGinzburg.ZAlgebra.leftModuleEnoughProjectives' depends on axioms: [propext, Classical.choice, Quot.sound]
2026-10-08T09:49:02.5149792Z info: AxiomAudit.lean:295:0: 'ASGinzburg.ZAlgebra.leftModuleProjectiveResolution' depends on axioms: [propext, Classical.choice, Quot.sound]
2026-10-08T09:49:02.5151594Z info: AxiomAudit.lean:296:0: 'ASGinzburg.ZAlgebra.leftModuleProjectiveResolution_exactAt_succ' depends on axioms: [propext,
2026-10-08T09:49:02.5152665Z  Classical.choice,
2026-10-08T09:49:02.5152999Z  Quot.sound]
2026-10-08T09:49:02.5153853Z info: AxiomAudit.lean:297:0: 'ASGinzburg.ZAlgebra.leftModuleHasExt' depends on axioms: [propext, Classical.choice, Quot.sound]
2026-10-08T09:49:02.5175817Z info: AxiomAudit.lean:298:0: 'ASGinzburg.ZAlgebra.leftRepresentableExtZeroEquiv' depends on axioms: [propext, Classical.choice, Quot.sound]
2026-10-08T09:49:02.5177647Z info: AxiomAudit.lean:299:0: 'ASGinzburg.ZAlgebra.leftRepresentable_higher_ext_eq_zero' depends on axioms: [propext, Classical.choice, Quot.sound]
2026-10-08T09:49:02.5179661Z info: AxiomAudit.lean:300:0: 'ASGinzburg.ZAlgebra.leftModuleEvaluation' depends on axioms: [propext, Classical.choice, Quot.sound]
2026-10-08T09:49:02.5181370Z info: AxiomAudit.lean:301:0: 'ASGinzburg.ZAlgebra.leftModuleEvaluationAdditive' depends on axioms: [propext, Classical.choice, Quot.sound]
2026-10-08T09:49:02.5183101Z info: AxiomAudit.lean:302:0: 'ASGinzburg.ZAlgebra.leftModuleEvaluationPreservesFiniteLimits' depends on axioms: [propext,
2026-10-08T09:49:02.5184397Z  Classical.choice,
2026-10-08T09:49:02.5184739Z  Quot.sound]
2026-10-08T09:49:02.5185589Z info: AxiomAudit.lean:303:0: 'ASGinzburg.ZAlgebra.leftModuleEvaluationPreservesFiniteColimits' depends on axioms: [propext,
2026-10-08T09:49:02.5186607Z  Classical.choice,
2026-10-08T09:49:02.5186928Z  Quot.sound]
2026-10-08T09:49:02.5188007Z info: AxiomAudit.lean:304:0: 'ASGinzburg.ZAlgebra.leftModuleInclusionPreservesHomology' depends on axioms: [propext, Classical.choice, Quot.sound]
2026-10-08T09:49:02.5189769Z info: AxiomAudit.lean:305:0: 'ASGinzburg.ZAlgebra.leftModuleEvaluationPreservesHomology' depends on axioms: [propext, Classical.choice, Quot.sound]
2026-10-08T09:49:02.5191490Z info: AxiomAudit.lean:306:0: 'ASGinzburg.ZAlgebra.leftModuleKernelObjIso' depends on axioms: [propext, Classical.choice, Quot.sound]
2026-10-08T09:49:02.5193064Z info: AxiomAudit.lean:307:0: 'ASGinzburg.ZAlgebra.leftModuleCokernelObjIso' depends on axioms: [propext, Classical.choice, Quot.sound]
2026-10-08T09:49:02.5215243Z info: AxiomAudit.lean:308:0: 'ASGinzburg.ZAlgebra.leftModuleHomologyObjIso' depends on axioms: [propext, Classical.choice, Quot.sound]
2026-10-08T09:49:02.5217053Z info: AxiomAudit.lean:309:0: 'ASGinzburg.ZAlgebra.leftModule_exact_iff_inclusion' depends on axioms: [propext, Classical.choice, Quot.sound]
2026-10-08T09:49:02.5219490Z info: AxiomAudit.lean:310:0: 'ASGinzburg.ZAlgebra.leftModuleKernelObjIso_inv_ι' depends on axioms: [propext, Classical.choice, Quot.sound]
2026-10-08T09:49:02.5221604Z info: AxiomAudit.lean:311:0: 'ASGinzburg.ZAlgebra.leftModuleCokernelObjIso_π_hom' depends on axioms: [propext, Classical.choice, Quot.sound]
2026-10-08T09:49:02.5223326Z info: AxiomAudit.lean:312:0: 'ASGinzburg.ZAlgebra.leftModule_mono_iff' depends on axioms: [propext, Classical.choice, Quot.sound]
2026-10-08T09:49:02.5225093Z info: AxiomAudit.lean:313:0: 'ASGinzburg.ZAlgebra.leftModule_epi_iff' depends on axioms: [propext, Classical.choice, Quot.sound]
2026-10-08T09:49:02.5226727Z info: AxiomAudit.lean:314:0: 'ASGinzburg.ZAlgebra.leftModule_mono_iff_injective' depends on axioms: [propext, Classical.choice, Quot.sound]
2026-10-08T09:49:02.5228499Z info: AxiomAudit.lean:315:0: 'ASGinzburg.ZAlgebra.leftModule_epi_iff_surjective' depends on axioms: [propext, Classical.choice, Quot.sound]
2026-10-08T09:49:02.5230207Z info: AxiomAudit.lean:316:0: 'ASGinzburg.ZAlgebra.leftModule_exact_iff' depends on axioms: [propext, Classical.choice, Quot.sound]
2026-10-08T09:49:02.5231958Z info: AxiomAudit.lean:317:0: 'ASGinzburg.ZAlgebra.leftModule_exact_iff_range_eq_ker' depends on axioms: [propext, Classical.choice, Quot.sound]
2026-10-08T09:49:02.5233716Z info: AxiomAudit.lean:318:0: 'ASGinzburg.ZAlgebra.leftModule_shortExact_iff' depends on axioms: [propext, Classical.choice, Quot.sound]
2026-10-08T09:49:02.5255874Z info: AxiomAudit.lean:319:0: 'ASGinzburg.ZAlgebra.leftRepresentableToElement' depends on axioms: [propext, Classical.choice, Quot.sound]
2026-10-08T09:49:02.5257739Z info: AxiomAudit.lean:320:0: 'ASGinzburg.ZAlgebra.leftRepresentableYonedaEquiv' depends on axioms: [propext, Classical.choice, Quot.sound]
2026-10-08T09:49:02.5259650Z info: AxiomAudit.lean:321:0: 'ASGinzburg.ZAlgebra.leftRepresentableYonedaEquiv_apply' depends on axioms: [propext, Classical.choice, Quot.sound]
2026-10-08T09:49:02.5261578Z info: AxiomAudit.lean:322:0: 'ASGinzburg.ZAlgebra.leftRepresentableYonedaEquiv_comp' depends on axioms: [propext, Classical.choice, Quot.sound]
2026-10-08T09:49:02.5264102Z info: AxiomAudit.lean:323:0: 'ASGinzburg.ZAlgebra.leftRepresentableYonedaEquiv_symm_app' depends on axioms: [propext, Classical.choice, Quot.sound]
2026-10-08T09:49:02.5266042Z info: AxiomAudit.lean:324:0: 'ASGinzburg.ZAlgebra.leftRepresentableProjective' depends on axioms: [propext, Classical.choice, Quot.sound]
2026-10-08T09:49:02.5267830Z info: AxiomAudit.lean:325:0: 'ASGinzburg.ZAlgebra.leftModuleProperty' depends on axioms: [propext, Classical.choice, Quot.sound]
2026-10-08T09:49:02.5269429Z info: AxiomAudit.lean:326:0: 'ASGinzburg.ZAlgebra.LeftModule' depends on axioms: [propext, Classical.choice, Quot.sound]
2026-10-08T09:49:02.5271106Z info: AxiomAudit.lean:327:0: 'ASGinzburg.ZAlgebra.leftRepresentableLinear' depends on axioms: [propext, Classical.choice, Quot.sound]
2026-10-08T09:49:02.5272779Z info: AxiomAudit.lean:328:0: 'ASGinzburg.ZAlgebra.leftRepresentable' depends on axioms: [propext, Classical.choice, Quot.sound]
2026-10-08T09:49:02.5294732Z info: AxiomAudit.lean:329:0: 'ASGinzburg.ZAlgebra.representableFunctor' depends on axioms: [propext, Classical.choice, Quot.sound]
2026-10-08T09:49:02.5296539Z info: AxiomAudit.lean:330:0: 'ASGinzburg.ZAlgebra.representableFunctorAdditive' depends on axioms: [propext, Classical.choice, Quot.sound]
2026-10-08T09:49:02.5298353Z info: AxiomAudit.lean:331:0: 'ASGinzburg.ZAlgebra.representableFunctorLinear' depends on axioms: [propext, Classical.choice, Quot.sound]
2026-10-08T09:49:02.5300155Z info: AxiomAudit.lean:332:0: 'ASGinzburg.ZAlgebra.rightModuleCoyonedaLinear' depends on axioms: [propext, Classical.choice, Quot.sound]
2026-10-08T09:49:02.5301865Z info: AxiomAudit.lean:333:0: 'ASGinzburg.ZAlgebra.rightModuleADual' depends on axioms: [propext, Classical.choice, Quot.sound]
2026-10-08T09:49:02.5303505Z info: AxiomAudit.lean:334:0: 'ASGinzburg.ZAlgebra.rightModuleADual_obj' depends on axioms: [propext, Classical.choice, Quot.sound]
2026-10-08T09:49:02.5305621Z info: AxiomAudit.lean:335:0: 'ASGinzburg.ZAlgebra.rightModuleADualMap' depends on axioms: [propext, Classical.choice, Quot.sound]
2026-10-08T09:49:02.5307349Z info: AxiomAudit.lean:336:0: 'ASGinzburg.ZAlgebra.rightModuleADualFunctor' depends on axioms: [propext, Classical.choice, Quot.sound]
2026-10-08T09:49:02.5309169Z info: AxiomAudit.lean:337:0: 'ASGinzburg.ZAlgebra.representableADualComponentEquiv' depends on axioms: [propext, Classical.choice, Quot.sound]
2026-10-08T09:49:02.5310955Z info: AxiomAudit.lean:338:0: 'ASGinzburg.ZAlgebra.representableADualIso' depends on axioms: [propext, Classical.choice, Quot.sound]
2026-10-08T09:49:02.5312556Z info: AxiomAudit.lean:339:0: 'ASGinzburg.ZAlgebra.LeftSubmodule' depends on axioms: [propext, Classical.choice, Quot.sound]
2026-10-08T09:49:02.5334462Z info: AxiomAudit.lean:340:0: 'ASGinzburg.ZAlgebra.LeftSubmodule.presheaf' depends on axioms: [propext, Classical.choice, Quot.sound]
2026-10-08T09:49:02.5336282Z info: AxiomAudit.lean:341:0: 'ASGinzburg.ZAlgebra.LeftSubmodule.presheafAdditive' depends on axioms: [propext, Classical.choice, Quot.sound]
2026-10-08T09:49:02.5338133Z info: AxiomAudit.lean:342:0: 'ASGinzburg.ZAlgebra.LeftSubmodule.presheafLinear' depends on axioms: [propext, Classical.choice, Quot.sound]
2026-10-08T09:49:02.5339863Z info: AxiomAudit.lean:343:0: 'ASGinzburg.ZAlgebra.LeftSubmodule.object' depends on axioms: [propext, Classical.choice, Quot.sound]
2026-10-08T09:49:02.5341549Z info: AxiomAudit.lean:344:0: 'ASGinzburg.ZAlgebra.LeftSubmodule.inclusion' depends on axioms: [propext, Classical.choice, Quot.sound]
2026-10-08T09:49:02.5343284Z info: AxiomAudit.lean:345:0: 'ASGinzburg.ZAlgebra.LeftSubmodule.inclusionMono' depends on axioms: [propext, Classical.choice, Quot.sound]
2026-10-08T09:49:02.5345227Z info: AxiomAudit.lean:346:0: 'ASGinzburg.ZAlgebra.LeftSubmodule.quotient' depends on axioms: [propext, Classical.choice, Quot.sound]
2026-10-08T09:49:02.5347338Z info: AxiomAudit.lean:347:0: 'ASGinzburg.ZAlgebra.LeftSubmodule.quotientπ' depends on axioms: [propext, Classical.choice, Quot.sound]
2026-10-08T09:49:02.5349582Z info: AxiomAudit.lean:348:0: 'ASGinzburg.ZAlgebra.LeftSubmodule.quotientπEpi' depends on axioms: [propext, Classical.choice, Quot.sound]
2026-10-08T09:49:02.5351399Z info: AxiomAudit.lean:349:0: 'ASGinzburg.ZAlgebra.LeftSubmodule.quotientShortComplex' depends on axioms: [propext, Classical.choice, Quot.sound]
2026-10-08T09:49:02.5353239Z info: AxiomAudit.lean:350:0: 'ASGinzburg.ZAlgebra.LeftSubmodule.quotientShortExact' depends on axioms: [propext, Classical.choice, Quot.sound]
2026-10-08T09:49:02.5375351Z info: AxiomAudit.lean:351:0: 'ASGinzburg.ZAlgebra.leftTotalLocallyUnitalFunctorAdditive' depends on axioms: [propext, Classical.choice, Quot.sound]
2026-10-08T09:49:02.5377316Z info: AxiomAudit.lean:352:0: 'ASGinzburg.ZAlgebra.rightTotalLocallyUnitalFunctorAdditive' depends on axioms: [propext, Classical.choice, Quot.sound]
2026-10-08T09:49:02.5379123Z info: AxiomAudit.lean:353:0: 'ASGinzburg.ZAlgebra.leftLocallyUnitalComponentFunctorAdditive' depends on axioms: [propext,
2026-10-08T09:49:02.5380174Z  Classical.choice,
2026-10-08T09:49:02.5380520Z  Quot.sound]
2026-10-08T09:49:02.5381433Z info: AxiomAudit.lean:354:0: 'ASGinzburg.ZAlgebra.rightLocallyUnitalComponentFunctorAdditive' depends on axioms: [propext,
2026-10-08T09:49:02.5382494Z  Classical.choice,
2026-10-08T09:49:02.5382838Z  Quot.sound]
2026-10-08T09:49:02.5383879Z info: AxiomAudit.lean:355:0: 'ASGinzburg.ZAlgebra.leftTotalLocallyUnitalFunctorLinear' depends on axioms: [propext, Classical.choice, Quot.sound]
2026-10-08T09:49:02.5385952Z info: AxiomAudit.lean:356:0: 'ASGinzburg.ZAlgebra.rightTotalLocallyUnitalFunctorLinear' depends on axioms: [propext, Classical.choice, Quot.sound]
2026-10-08T09:49:02.5387984Z info: AxiomAudit.lean:357:0: 'ASGinzburg.ZAlgebra.leftLocallyUnitalComponentFunctorLinear' depends on axioms: [propext, Classical.choice, Quot.sound]
2026-10-08T09:49:02.5389788Z info: AxiomAudit.lean:358:0: 'ASGinzburg.ZAlgebra.rightLocallyUnitalComponentFunctorLinear' depends on axioms: [propext,
2026-10-08T09:49:02.5390881Z  Classical.choice,
2026-10-08T09:49:02.5391407Z  Quot.sound]
2026-10-08T09:49:02.5392358Z info: AxiomAudit.lean:359:0: 'ASGinzburg.ZAlgebra.leftLocallyUnitalComponentFunctorIsEquivalence' depends on axioms: [propext,
2026-10-08T09:49:02.5393473Z  Classical.choice,
2026-10-08T09:49:02.5393809Z  Quot.sound]
2026-10-08T09:49:02.5415003Z info: AxiomAudit.lean:360:0: 'ASGinzburg.ZAlgebra.rightLocallyUnitalComponentFunctorIsEquivalence' depends on axioms: [propext,
2026-10-08T09:49:02.5416134Z  Classical.choice,
2026-10-08T09:49:02.5416477Z  Quot.sound]
2026-10-08T09:49:02.5417531Z info: AxiomAudit.lean:361:0: 'ASGinzburg.ZAlgebra.leftLocallyUnitalHasFiniteProducts' depends on axioms: [propext, Classical.choice, Quot.sound]
2026-10-08T09:49:02.5419472Z info: AxiomAudit.lean:362:0: 'ASGinzburg.ZAlgebra.rightLocallyUnitalHasFiniteProducts' depends on axioms: [propext, Classical.choice, Quot.sound]
2026-10-08T09:49:02.5421325Z info: AxiomAudit.lean:363:0: 'ASGinzburg.ZAlgebra.leftLocallyUnitalAbelian' depends on axioms: [propext, Classical.choice, Quot.sound]
2026-10-08T09:49:02.5423062Z info: AxiomAudit.lean:364:0: 'ASGinzburg.ZAlgebra.rightLocallyUnitalAbelian' depends on axioms: [propext, Classical.choice, Quot.sound]
2026-10-08T09:49:02.5425119Z info: AxiomAudit.lean:365:0: 'ASGinzburg.ZAlgebra.leftLocallyUnitalEnoughProjectives' depends on axioms: [propext, Classical.choice, Quot.sound]
2026-10-08T09:49:02.5427070Z info: AxiomAudit.lean:366:0: 'ASGinzburg.ZAlgebra.rightLocallyUnitalEnoughProjectives' depends on axioms: [propext, Classical.choice, Quot.sound]
2026-10-08T09:49:02.5428921Z info: AxiomAudit.lean:367:0: 'ASGinzburg.ZAlgebra.leftLocallyUnitalHasExt' depends on axioms: [propext, Classical.choice, Quot.sound]
2026-10-08T09:49:02.5430653Z info: AxiomAudit.lean:368:0: 'ASGinzburg.ZAlgebra.rightLocallyUnitalHasExt' depends on axioms: [propext, Classical.choice, Quot.sound]
2026-10-08T09:49:02.5432476Z info: AxiomAudit.lean:369:0: 'ASGinzburg.ZAlgebra.leftUnitizationComponentSum_action' depends on axioms: [propext, Classical.choice, Quot.sound]
2026-10-08T09:49:02.5455001Z info: AxiomAudit.lean:370:0: 'ASGinzburg.ZAlgebra.rightUnitizationComponentSum_action' depends on axioms: [propext, Classical.choice, Quot.sound]
2026-10-08T09:49:02.5456832Z info: AxiomAudit.lean:371:0: 'ASGinzburg.ZAlgebra.leftUnitizationComponentSum_representation' depends on axioms: [propext,
2026-10-08T09:49:02.5457901Z  Classical.choice,
2026-10-08T09:49:02.5458249Z  Quot.sound]
2026-10-08T09:49:02.5459173Z info: AxiomAudit.lean:372:0: 'ASGinzburg.ZAlgebra.rightUnitizationComponentSum_representation' depends on axioms: [propext,
2026-10-08T09:49:02.5460234Z  Classical.choice,
2026-10-08T09:49:02.5460578Z  Quot.sound]
2026-10-08T09:49:02.5461599Z info: AxiomAudit.lean:373:0: 'ASGinzburg.ZAlgebra.leftUnitization_smul_decomposition' depends on axioms: [propext, Classical.choice, Quot.sound]
2026-10-08T09:49:02.5463467Z info: AxiomAudit.lean:374:0: 'ASGinzburg.ZAlgebra.rightUnitization_smul_decomposition' depends on axioms: [propext, Classical.choice, Quot.sound]
2026-10-08T09:49:02.5465632Z info: AxiomAudit.lean:375:0: 'ASGinzburg.ZAlgebra.leftUnitizationComponentSumModuleMap' depends on axioms: [propext, Classical.choice, Quot.sound]
2026-10-08T09:49:02.5467545Z info: AxiomAudit.lean:376:0: 'ASGinzburg.ZAlgebra.rightUnitizationComponentSumModuleMap' depends on axioms: [propext, Classical.choice, Quot.sound]
2026-10-08T09:49:02.5469380Z info: AxiomAudit.lean:377:0: 'ASGinzburg.ZAlgebra.leftLocallyUnitalComponentSumIso' depends on axioms: [propext, Classical.choice, Quot.sound]
2026-10-08T09:49:02.5471231Z info: AxiomAudit.lean:378:0: 'ASGinzburg.ZAlgebra.rightLocallyUnitalComponentSumIso' depends on axioms: [propext, Classical.choice, Quot.sound]
2026-10-08T09:49:02.5473021Z info: AxiomAudit.lean:379:0: 'ASGinzburg.ZAlgebra.leftUnitizationComponentSumModuleMap_natural' depends on axioms: [propext,
2026-10-08T09:49:02.5494398Z  Classical.choice,
2026-10-08T09:49:02.5494763Z  Quot.sound]
2026-10-08T09:49:02.5495964Z info: AxiomAudit.lean:380:0: 'ASGinzburg.ZAlgebra.rightUnitizationComponentSumModuleMap_natural' depends on axioms: [propext,
2026-10-08T09:49:02.5497085Z  Classical.choice,
2026-10-08T09:49:02.5497430Z  Quot.sound]
2026-10-08T09:49:02.5498416Z info: AxiomAudit.lean:381:0: 'ASGinzburg.ZAlgebra.leftLocallyUnitalCounitIso' depends on axioms: [propext, Classical.choice, Quot.sound]
2026-10-08T09:49:02.5500171Z info: AxiomAudit.lean:382:0: 'ASGinzburg.ZAlgebra.rightLocallyUnitalCounitIso' depends on axioms: [propext, Classical.choice, Quot.sound]
2026-10-08T09:49:02.5501897Z info: AxiomAudit.lean:383:0: 'ASGinzburg.ZAlgebra.leftLocallyUnitalUnitIso' depends on axioms: [propext, Classical.choice, Quot.sound]
2026-10-08T09:49:02.5503602Z info: AxiomAudit.lean:384:0: 'ASGinzburg.ZAlgebra.rightLocallyUnitalUnitIso' depends on axioms: [propext, Classical.choice, Quot.sound]
2026-10-08T09:49:02.5505587Z info: AxiomAudit.lean:385:0: 'ASGinzburg.ZAlgebra.leftLocallyUnitalEquivalence' depends on axioms: [propext, Classical.choice, Quot.sound]
2026-10-08T09:49:02.5507397Z info: AxiomAudit.lean:386:0: 'ASGinzburg.ZAlgebra.rightLocallyUnitalEquivalence' depends on axioms: [propext, Classical.choice, Quot.sound]
2026-10-08T09:49:02.5509142Z info: AxiomAudit.lean:387:0: 'ASGinzburg.ZAlgebra.leftTotalLocallyUnitalFunctorIsEquivalence' depends on axioms: [propext,
2026-10-08T09:49:02.5510202Z  Classical.choice,
2026-10-08T09:49:02.5510536Z  Quot.sound]
2026-10-08T09:49:02.5511451Z info: AxiomAudit.lean:388:0: 'ASGinzburg.ZAlgebra.rightTotalLocallyUnitalFunctorIsEquivalence' depends on axioms: [propext,
2026-10-08T09:49:02.5512530Z  Classical.choice,
2026-10-08T09:49:02.5512868Z  Quot.sound]
2026-10-08T09:49:02.5513762Z info: AxiomAudit.lean:389:0: 'ASGinzburg.ZAlgebra.leftModuleExtModule' depends on axioms: [propext, Classical.choice, Quot.sound]
2026-10-08T09:49:02.5535827Z info: AxiomAudit.lean:390:0: 'ASGinzburg.ZAlgebra.leftLocallyUnitalExtModule' depends on axioms: [propext, Classical.choice, Quot.sound]
2026-10-08T09:49:02.5537656Z info: AxiomAudit.lean:391:0: 'ASGinzburg.ZAlgebra.rightLocallyUnitalExtModule' depends on axioms: [propext, Classical.choice, Quot.sound]
2026-10-08T09:49:02.5539704Z info: AxiomAudit.lean:392:0: 'ASGinzburg.ZAlgebra.leftLocallyUnitalExtAddEquiv' depends on axioms: [propext, Classical.choice, Quot.sound]
2026-10-08T09:49:02.5541523Z info: AxiomAudit.lean:393:0: 'ASGinzburg.ZAlgebra.rightLocallyUnitalExtAddEquiv' depends on axioms: [propext, Classical.choice, Quot.sound]
2026-10-08T09:49:02.5543349Z info: AxiomAudit.lean:394:0: 'ASGinzburg.ZAlgebra.leftLocallyUnitalExtLinearEquiv' depends on axioms: [propext, Classical.choice, Quot.sound]
2026-10-08T09:49:02.5545415Z info: AxiomAudit.lean:395:0: 'ASGinzburg.ZAlgebra.rightLocallyUnitalExtLinearEquiv' depends on axioms: [propext, Classical.choice, Quot.sound]
2026-10-08T09:49:02.5547186Z info: AxiomAudit.lean:396:0: 'ASGinzburg.exactEquivalenceExtAddEquiv_hom' depends on axioms: [propext, Classical.choice, Quot.sound]
2026-10-08T09:49:02.5548889Z info: AxiomAudit.lean:397:0: 'ASGinzburg.exactEquivalenceExtAddEquiv_precomp' depends on axioms: [propext, Classical.choice, Quot.sound]
2026-10-08T09:49:02.5550633Z info: AxiomAudit.lean:398:0: 'ASGinzburg.exactEquivalenceExtAddEquiv_postcomp' depends on axioms: [propext, Classical.choice, Quot.sound]
2026-10-08T09:49:02.5552410Z info: AxiomAudit.lean:399:0: 'ASGinzburg.exactEquivalenceExtLinearEquiv_toAddEquiv' depends on axioms: [propext, Classical.choice, Quot.sound]
2026-10-08T09:49:02.5574490Z info: AxiomAudit.lean:400:0: 'ASGinzburg.ZAlgebra.leftLocallyUnitalExtLinearEquiv_toAddEquiv' depends on axioms: [propext,
2026-10-08T09:49:02.5575675Z  Classical.choice,
2026-10-08T09:49:02.5576022Z  Quot.sound]
2026-10-08T09:49:02.5577100Z info: AxiomAudit.lean:401:0: 'ASGinzburg.ZAlgebra.leftLocallyUnitalExtLinearEquiv_precomp' depends on axioms: [propext, Classical.choice, Quot.sound]
2026-10-08T09:49:02.5578872Z info: AxiomAudit.lean:402:0: 'ASGinzburg.ZAlgebra.leftLocallyUnitalExtLinearEquiv_postcomp' depends on axioms: [propext,
2026-10-08T09:49:02.5579908Z  Classical.choice,
2026-10-08T09:49:02.5580492Z  Quot.sound]
2026-10-08T09:49:02.5581412Z info: AxiomAudit.lean:403:0: 'ASGinzburg.ZAlgebra.rightLocallyUnitalExtLinearEquiv_toAddEquiv' depends on axioms: [propext,
2026-10-08T09:49:02.5582463Z  Classical.choice,
2026-10-08T09:49:02.5582791Z  Quot.sound]
2026-10-08T09:49:02.5583667Z info: AxiomAudit.lean:404:0: 'ASGinzburg.ZAlgebra.rightLocallyUnitalExtLinearEquiv_precomp' depends on axioms: [propext,
2026-10-08T09:49:02.5584929Z  Classical.choice,
2026-10-08T09:49:02.5585266Z  Quot.sound]
2026-10-08T09:49:02.5586159Z info: AxiomAudit.lean:405:0: 'ASGinzburg.ZAlgebra.rightLocallyUnitalExtLinearEquiv_postcomp' depends on axioms: [propext,
2026-10-08T09:49:02.5587191Z  Classical.choice,
2026-10-08T09:49:02.5587528Z  Quot.sound]
2026-10-08T09:49:02.5588492Z info: AxiomAudit.lean:406:0: 'ASGinzburg.ZAlgebra.totalUnitization' depends on axioms: [propext, Classical.choice, Quot.sound]
2026-10-08T09:49:02.5590124Z info: AxiomAudit.lean:407:0: 'ASGinzburg.ZAlgebra.totalUnitizationRing' depends on axioms: [propext, Classical.choice, Quot.sound]
2026-10-08T09:49:02.5591834Z info: AxiomAudit.lean:408:0: 'ASGinzburg.ZAlgebra.totalUnitizationSemiring' depends on axioms: [propext, Classical.choice, Quot.sound]
2026-10-08T09:49:02.5593618Z info: AxiomAudit.lean:409:0: 'ASGinzburg.ZAlgebra.leftTotalUnitalRepresentation' depends on axioms: [propext, Classical.choice, Quot.sound]
2026-10-08T09:49:02.5615871Z info: AxiomAudit.lean:410:0: 'ASGinzburg.ZAlgebra.rightTotalUnitalOppositeRepresentation' depends on axioms: [propext, Classical.choice, Quot.sound]
2026-10-08T09:49:02.5617809Z info: AxiomAudit.lean:411:0: 'ASGinzburg.ZAlgebra.rightTotalUnitalRepresentation' depends on axioms: [propext, Classical.choice, Quot.sound]
2026-10-08T09:49:02.5619580Z info: AxiomAudit.lean:412:0: 'ASGinzburg.ZAlgebra.leftTotalUnitizationModule' depends on axioms: [propext, Classical.choice, Quot.sound]
2026-10-08T09:49:02.5621329Z info: AxiomAudit.lean:413:0: 'ASGinzburg.ZAlgebra.rightTotalUnitizationModule' depends on axioms: [propext, Classical.choice, Quot.sound]
2026-10-08T09:49:02.5623487Z info: AxiomAudit.lean:414:0: 'ASGinzburg.ZAlgebra.leftTotalUnitalRepresentation_coe' depends on axioms: [propext, Classical.choice, Quot.sound]
2026-10-08T09:49:02.5625629Z info: AxiomAudit.lean:415:0: 'ASGinzburg.ZAlgebra.rightTotalUnitalRepresentation_op_coe' depends on axioms: [propext, Classical.choice, Quot.sound]
2026-10-08T09:49:02.5627410Z info: AxiomAudit.lean:416:0: 'ASGinzburg.ZAlgebra.leftTotalModule' depends on axioms: [propext, Classical.choice, Quot.sound]
2026-10-08T09:49:02.5629004Z info: AxiomAudit.lean:417:0: 'ASGinzburg.ZAlgebra.rightTotalModule' depends on axioms: [propext, Classical.choice, Quot.sound]
2026-10-08T09:49:02.5630675Z info: AxiomAudit.lean:418:0: 'ASGinzburg.ZAlgebra.leftTotalModule_component_smul' depends on axioms: [propext, Classical.choice, Quot.sound]
2026-10-08T09:49:02.5632463Z info: AxiomAudit.lean:419:0: 'ASGinzburg.ZAlgebra.rightTotalModule_component_smul' depends on axioms: [propext, Classical.choice, Quot.sound]
2026-10-08T09:49:02.5654552Z info: AxiomAudit.lean:420:0: 'ASGinzburg.ZAlgebra.leftLocallyUnitalProperty' depends on axioms: [propext, Classical.choice, Quot.sound]
2026-10-08T09:49:02.5656389Z info: AxiomAudit.lean:421:0: 'ASGinzburg.ZAlgebra.rightLocallyUnitalProperty' depends on axioms: [propext, Classical.choice, Quot.sound]
2026-10-08T09:49:02.5658101Z info: AxiomAudit.lean:422:0: 'ASGinzburg.ZAlgebra.LeftLocallyUnitalModule' depends on axioms: [propext, Classical.choice, Quot.sound]
2026-10-08T09:49:02.5659776Z info: AxiomAudit.lean:423:0: 'ASGinzburg.ZAlgebra.RightLocallyUnitalModule' depends on axioms: [propext, Classical.choice, Quot.sound]
2026-10-08T09:49:02.5661479Z info: AxiomAudit.lean:424:0: 'ASGinzburg.ZAlgebra.leftTotalModule_locally_unital' depends on axioms: [propext, Classical.choice, Quot.sound]
2026-10-08T09:49:02.5663131Z info: AxiomAudit.lean:425:0: 'ASGinzburg.ZAlgebra.rightTotalModule_locally_unital' depends on axioms: [propext, Classical.choice, Quot.sound]
2026-10-08T09:49:02.5665432Z info: AxiomAudit.lean:426:0: 'ASGinzburg.ZAlgebra.leftTotalLocallyUnitalModule' depends on axioms: [propext, Classical.choice, Quot.sound]
2026-10-08T09:49:02.5667304Z info: AxiomAudit.lean:427:0: 'ASGinzburg.ZAlgebra.rightTotalLocallyUnitalModule' depends on axioms: [propext, Classical.choice, Quot.sound]
2026-10-08T09:49:02.5668700Z info: AxiomAudit.lean:428:0: 'ASGinzburg.CutQuiver.Path.comp' does not depend on any axioms
2026-10-08T09:49:02.5669774Z info: AxiomAudit.lean:429:0: 'ASGinzburg.CutQuiver.Path.comp_nil' does not depend on any axioms
2026-10-08T09:49:02.5670883Z info: AxiomAudit.lean:430:0: 'ASGinzburg.CutQuiver.Path.nil_comp' depends on axioms: [propext]
2026-10-08T09:49:02.5672010Z info: AxiomAudit.lean:431:0: 'ASGinzburg.CutQuiver.Path.comp_assoc' depends on axioms: [propext]
2026-10-08T09:49:02.5673192Z info: AxiomAudit.lean:432:0: 'ASGinzburg.CutQuiver.Path.cutDegree_comp' depends on axioms: [propext]
2026-10-08T09:49:02.5694749Z info: AxiomAudit.lean:433:0: 'ASGinzburg.CutQuiver.Path.winding_comp' depends on axioms: [propext]
2026-10-08T09:49:02.5696195Z info: AxiomAudit.lean:434:0: 'ASGinzburg.CutQuiver.PathComponent' depends on axioms: [propext, Classical.choice, Quot.sound]
2026-10-08T09:49:02.5697699Z info: AxiomAudit.lean:435:0: 'ASGinzburg.CutQuiver.pathComp' depends on axioms: [propext, Classical.choice, Quot.sound]
2026-10-08T09:49:02.5699146Z info: AxiomAudit.lean:436:0: 'ASGinzburg.CutQuiver.pathId' depends on axioms: [propext, Classical.choice, Quot.sound]
2026-10-08T09:49:02.5700633Z info: AxiomAudit.lean:437:0: 'ASGinzburg.CutQuiver.pathComp_single' depends on axioms: [propext, Classical.choice, Quot.sound]
2026-10-08T09:49:02.5702140Z info: AxiomAudit.lean:438:0: 'ASGinzburg.CutQuiver.pathComp_id' depends on axioms: [propext, Classical.choice, Quot.sound]
2026-10-08T09:49:02.5703609Z info: AxiomAudit.lean:439:0: 'ASGinzburg.CutQuiver.id_pathComp' depends on axioms: [propext, Classical.choice, Quot.sound]
2026-10-08T09:49:02.5705630Z info: AxiomAudit.lean:440:0: 'ASGinzburg.CutQuiver.pathComp_assoc' depends on axioms: [propext, Classical.choice, Quot.sound]
2026-10-08T09:49:02.5707324Z info: AxiomAudit.lean:441:0: 'ASGinzburg.ZAlgebra.rightRegularCoproductProjection' depends on axioms: [propext, Classical.choice, Quot.sound]
2026-10-08T09:49:02.5709035Z info: AxiomAudit.lean:442:0: 'ASGinzburg.ZAlgebra.rightRegularCoproduct_inclusion_projection' depends on axioms: [propext,
2026-10-08T09:49:02.5710061Z  Classical.choice,
2026-10-08T09:49:02.5710409Z  Quot.sound]
2026-10-08T09:49:02.5711314Z info: AxiomAudit.lean:443:0: 'ASGinzburg.ZAlgebra.rightRegularCoproduct_inclusion_projection_off' depends on axioms: [propext,
2026-10-08T09:49:02.5712357Z  Classical.choice,
2026-10-08T09:49:02.5712696Z  Quot.sound]
2026-10-08T09:49:02.5713682Z info: AxiomAudit.lean:444:0: 'ASGinzburg.ZAlgebra.rightRegularCoproductAction' depends on axioms: [propext, Classical.choice, Quot.sound]
2026-10-08T09:49:02.5735897Z info: AxiomAudit.lean:445:0: 'ASGinzburg.ZAlgebra.rightRegularCoproduct_inclusion_action' depends on axioms: [propext, Classical.choice, Quot.sound]
2026-10-08T09:49:02.5737653Z info: AxiomAudit.lean:446:0: 'ASGinzburg.ZAlgebra.rightRegularCoproduct_inclusion_action_off' depends on axioms: [propext,
2026-10-08T09:49:02.5738659Z  Classical.choice,
2026-10-08T09:49:02.5739007Z  Quot.sound]
2026-10-08T09:49:02.5740013Z info: AxiomAudit.lean:447:0: 'ASGinzburg.ZAlgebra.rightRegularCoproductAction_add' depends on axioms: [propext, Classical.choice, Quot.sound]
2026-10-08T09:49:02.5741833Z info: AxiomAudit.lean:448:0: 'ASGinzburg.ZAlgebra.rightRegularCoproductAction_smul' depends on axioms: [propext, Classical.choice, Quot.sound]
2026-10-08T09:49:02.5743664Z info: AxiomAudit.lean:449:0: 'ASGinzburg.ZAlgebra.rightRegularCoproductAction_comp' depends on axioms: [propext, Classical.choice, Quot.sound]
2026-10-08T09:49:02.5745713Z info: AxiomAudit.lean:450:0: 'ASGinzburg.ZAlgebra.rightRegularCoproductAction_id' depends on axioms: [propext, Classical.choice, Quot.sound]
2026-10-08T09:49:02.5747794Z info: AxiomAudit.lean:451:0: 'ASGinzburg.ZAlgebra.rightRegularCoproductAction_comp_off' depends on axioms: [propext, Classical.choice, Quot.sound]
2026-10-08T09:49:02.5749577Z info: AxiomAudit.lean:452:0: 'ASGinzburg.ZAlgebra.leftModuleTotalAction' depends on axioms: [propext, Classical.choice, Quot.sound]
2026-10-08T09:49:02.5751254Z info: AxiomAudit.lean:453:0: 'ASGinzburg.ZAlgebra.leftModuleTotalAction_lof' depends on axioms: [propext, Classical.choice, Quot.sound]
2026-10-08T09:49:02.5752978Z info: AxiomAudit.lean:454:0: 'ASGinzburg.ZAlgebra.leftModuleTotalAction_lof_off' depends on axioms: [propext, Classical.choice, Quot.sound]
2026-10-08T09:49:02.5775132Z info: AxiomAudit.lean:455:0: 'ASGinzburg.ZAlgebra.leftModuleTotalAction_zero_of_map_zero' depends on axioms: [propext, Classical.choice, Quot.sound]
2026-10-08T09:49:02.5776955Z info: AxiomAudit.lean:456:0: 'ASGinzburg.ZAlgebra.ASResolution.extRegularCoproductEquiv_inclusion' depends on axioms: [propext,
2026-10-08T09:49:02.5778065Z  Classical.choice,
2026-10-08T09:49:02.5778415Z  Quot.sound]
2026-10-08T09:49:02.5779356Z info: AxiomAudit.lean:457:0: 'ASGinzburg.ZAlgebra.ASResolution.extRegularCoproductEquiv_action' depends on axioms: [propext,
2026-10-08T09:49:02.5780440Z  Classical.choice,
2026-10-08T09:49:02.5780786Z  Quot.sound]
2026-10-08T09:49:02.5781778Z info: AxiomAudit.lean:458:0: 'ASGinzburg.ZAlgebra.ASRegular.extRegularCoproductThree_positive_action_zero' depends on axioms: [propext,
2026-10-08T09:49:02.5782915Z  Classical.choice,
2026-10-08T09:49:02.5783255Z  Quot.sound]
2026-10-08T09:49:02.5784474Z info: AxiomAudit.lean:459:0: 'ASGinzburg.ZAlgebra.representableHomEvaluationIso' depends on axioms: [propext, Classical.choice, Quot.sound]
2026-10-08T09:49:02.5786287Z info: AxiomAudit.lean:460:0: 'ASGinzburg.ZAlgebra.rightModuleEvaluationPreservesColimitsOfShape' depends on axioms: [propext,
2026-10-08T09:49:02.5787395Z  Classical.choice,
2026-10-08T09:49:02.5787808Z  Quot.sound]
2026-10-08T09:49:02.5788988Z info: AxiomAudit.lean:461:0: 'ASGinzburg.ZAlgebra.representableHomPreservesColimitsOfShape' depends on axioms: [propext,
2026-10-08T09:49:02.5790036Z  Classical.choice,
2026-10-08T09:49:02.5790370Z  Quot.sound]
2026-10-08T09:49:02.5791346Z info: AxiomAudit.lean:462:0: 'ASGinzburg.ZAlgebra.representableHomColimitIso' depends on axioms: [propext, Classical.choice, Quot.sound]
2026-10-08T09:49:02.5793127Z info: AxiomAudit.lean:463:0: 'ASGinzburg.ZAlgebra.rightModuleExtZeroFunctorIso' depends on axioms: [propext, Classical.choice, Quot.sound]
2026-10-08T09:49:02.5815242Z info: AxiomAudit.lean:464:0: 'ASGinzburg.ZAlgebra.representableExtZeroPreservesColimitsOfShape' depends on axioms: [propext,
2026-10-08T09:49:02.5816350Z  Classical.choice,
2026-10-08T09:49:02.5816694Z  Quot.sound]
2026-10-08T09:49:02.5817711Z info: AxiomAudit.lean:465:0: 'ASGinzburg.ZAlgebra.representableExtZeroColimitIso' depends on axioms: [propext, Classical.choice, Quot.sound]
2026-10-08T09:49:02.5819320Z info: AxiomAudit.lean:466:0: 'ASGinzburg.ZAlgebra.Obj' depends on axioms: [propext, Classical.choice, Quot.sound]
2026-10-08T09:49:02.5820745Z info: AxiomAudit.lean:467:0: 'ASGinzburg.ZAlgebra.objCategory' depends on axioms: [propext, Classical.choice, Quot.sound]
2026-10-08T09:49:02.5822208Z info: AxiomAudit.lean:468:0: 'ASGinzburg.ZAlgebra.objHomAdd' depends on axioms: [propext, Classical.choice, Quot.sound]
2026-10-08T09:49:02.5823695Z info: AxiomAudit.lean:469:0: 'ASGinzburg.ZAlgebra.objHomModule' depends on axioms: [propext, Classical.choice, Quot.sound]
2026-10-08T09:49:02.5825443Z info: AxiomAudit.lean:470:0: 'ASGinzburg.ZAlgebra.objPreadditive' depends on axioms: [propext, Classical.choice, Quot.sound]
2026-10-08T09:49:02.5826931Z info: AxiomAudit.lean:471:0: 'ASGinzburg.ZAlgebra.objLinear' depends on axioms: [propext, Classical.choice, Quot.sound]
2026-10-08T09:49:02.5828477Z info: AxiomAudit.lean:472:0: 'ASGinzburg.ZAlgebra.objOppositeHomModule' depends on axioms: [propext, Classical.choice, Quot.sound]
2026-10-08T09:49:02.5830315Z info: AxiomAudit.lean:473:0: 'ASGinzburg.ZAlgebra.objOppositeLinear' depends on axioms: [propext, Classical.choice, Quot.sound]
2026-10-08T09:49:02.5831973Z info: AxiomAudit.lean:474:0: 'ASGinzburg.ZAlgebra.representableLinear' depends on axioms: [propext, Classical.choice, Quot.sound]
2026-10-08T09:49:02.5833604Z info: AxiomAudit.lean:475:0: 'ASGinzburg.ZAlgebra.linearYonedaAdditive' depends on axioms: [propext, Classical.choice, Quot.sound]
2026-10-08T09:49:02.5855591Z info: AxiomAudit.lean:476:0: 'ASGinzburg.ZAlgebra.linearYonedaLinear' depends on axioms: [propext, Classical.choice, Quot.sound]
2026-10-08T09:49:02.5857230Z info: AxiomAudit.lean:477:0: 'ASGinzburg.ZAlgebra.rightModuleProperty' depends on axioms: [propext, Classical.choice, Quot.sound]
2026-10-08T09:49:02.5858787Z info: AxiomAudit.lean:478:0: 'ASGinzburg.ZAlgebra.RightModule' depends on axioms: [propext, Classical.choice, Quot.sound]
2026-10-08T09:49:02.5860303Z info: AxiomAudit.lean:479:0: 'ASGinzburg.ZAlgebra.representable' depends on axioms: [propext, Classical.choice, Quot.sound]
2026-10-08T09:49:02.5861918Z info: AxiomAudit.lean:480:0: 'ASGinzburg.ZAlgebra.representableHomEquiv' depends on axioms: [propext, Classical.choice, Quot.sound]
2026-10-08T09:49:02.5863589Z info: AxiomAudit.lean:481:0: 'ASGinzburg.ZAlgebra.representableHom_vanishes' depends on axioms: [propext, Classical.choice, Quot.sound]
2026-10-08T09:49:02.5865440Z info: AxiomAudit.lean:482:0: 'ASGinzburg.ZAlgebra.scalarEndEquiv' depends on axioms: [propext, Classical.choice, Quot.sound]
2026-10-08T09:49:02.5867052Z info: AxiomAudit.lean:483:0: 'ASGinzburg.ZAlgebra.representableEnd_finrank' depends on axioms: [propext, Classical.choice, Quot.sound]
2026-10-08T09:49:02.5868852Z info: AxiomAudit.lean:484:0: 'ASGinzburg.ZAlgebra.rightModuleProperty_closedUnderLimits' depends on axioms: [propext, Classical.choice, Quot.sound]
2026-10-08T09:49:02.5870764Z info: AxiomAudit.lean:485:0: 'ASGinzburg.ZAlgebra.rightModuleProperty_closedUnderColimits' depends on axioms: [propext, Classical.choice, Quot.sound]
2026-10-08T09:49:02.5872896Z info: AxiomAudit.lean:486:0: 'ASGinzburg.ZAlgebra.rightModuleHasLimitsOfShape' depends on axioms: [propext, Classical.choice, Quot.sound]
2026-10-08T09:49:02.5895052Z info: AxiomAudit.lean:487:0: 'ASGinzburg.ZAlgebra.rightModuleHasColimitsOfShape' depends on axioms: [propext, Classical.choice, Quot.sound]
2026-10-08T09:49:02.5896824Z info: AxiomAudit.lean:488:0: 'ASGinzburg.ZAlgebra.rightModuleInclusionCreatesLimitsOfShape' depends on axioms: [propext,
2026-10-08T09:49:02.5897894Z  Classical.choice,
2026-10-08T09:49:02.5898233Z  Quot.sound]
2026-10-08T09:49:02.5899166Z info: AxiomAudit.lean:489:0: 'ASGinzburg.ZAlgebra.rightModuleInclusionCreatesColimitsOfShape' depends on axioms: [propext,
2026-10-08T09:49:02.5900232Z  Classical.choice,
2026-10-08T09:49:02.5900568Z  Quot.sound]
2026-10-08T09:49:02.5901587Z info: AxiomAudit.lean:490:0: 'ASGinzburg.ZAlgebra.rightModuleHasFiniteProducts' depends on axioms: [propext, Classical.choice, Quot.sound]
2026-10-08T09:49:02.5903536Z info: AxiomAudit.lean:491:0: 'ASGinzburg.ZAlgebra.rightModuleCoimageImageComparisonIsIso' depends on axioms: [propext, Classical.choice, Quot.sound]
2026-10-08T09:49:02.5905579Z info: AxiomAudit.lean:492:0: 'ASGinzburg.ZAlgebra.rightModuleAbelian' depends on axioms: [propext, Classical.choice, Quot.sound]
2026-10-08T09:49:02.5907218Z info: AxiomAudit.lean:493:0: 'ASGinzburg.ZAlgebra.rightModuleInclusionPreservesFiniteLimits' depends on axioms: [propext,
2026-10-08T09:49:02.5908281Z  Classical.choice,
2026-10-08T09:49:02.5908620Z  Quot.sound]
2026-10-08T09:49:02.5909557Z info: AxiomAudit.lean:494:0: 'ASGinzburg.ZAlgebra.rightModuleInclusionPreservesFiniteColimits' depends on axioms: [propext,
2026-10-08T09:49:02.5910630Z  Classical.choice,
2026-10-08T09:49:02.5910968Z  Quot.sound]
2026-10-08T09:49:02.5911900Z info: AxiomAudit.lean:495:0: 'ASGinzburg.ZAlgebra.rightModuleGenerators' depends on axioms: [propext, Classical.choice, Quot.sound]
2026-10-08T09:49:02.5913741Z info: AxiomAudit.lean:496:0: 'ASGinzburg.ZAlgebra.freeRightModule' depends on axioms: [propext, Classical.choice, Quot.sound]
2026-10-08T09:49:02.5936103Z info: AxiomAudit.lean:497:0: 'ASGinzburg.ZAlgebra.freeRightModuleπ' depends on axioms: [propext, Classical.choice, Quot.sound]
2026-10-08T09:49:02.5937803Z info: AxiomAudit.lean:498:0: 'ASGinzburg.ZAlgebra.freeRightModuleProjective' depends on axioms: [propext, Classical.choice, Quot.sound]
2026-10-08T09:49:02.5939715Z info: AxiomAudit.lean:499:0: 'ASGinzburg.ZAlgebra.freeRightModuleπEpi' depends on axioms: [propext, Classical.choice, Quot.sound]
2026-10-08T09:49:02.5941449Z info: AxiomAudit.lean:500:0: 'ASGinzburg.ZAlgebra.rightModuleEnoughProjectives' depends on axioms: [propext, Classical.choice, Quot.sound]
2026-10-08T09:49:02.5943286Z info: AxiomAudit.lean:501:0: 'ASGinzburg.ZAlgebra.rightModuleProjectiveResolution' depends on axioms: [propext, Classical.choice, Quot.sound]
2026-10-08T09:49:02.5945327Z info: AxiomAudit.lean:502:0: 'ASGinzburg.ZAlgebra.rightModuleProjectiveResolution_exactAt_succ' depends on axioms: [propext,
2026-10-08T09:49:02.5946410Z  Classical.choice,
2026-10-08T09:49:02.5946762Z  Quot.sound]
2026-10-08T09:49:02.5947655Z info: AxiomAudit.lean:503:0: 'ASGinzburg.ZAlgebra.rightModuleHasExt' depends on axioms: [propext, Classical.choice, Quot.sound]
2026-10-08T09:49:02.5949332Z info: AxiomAudit.lean:504:0: 'ASGinzburg.ZAlgebra.representableExtZeroEquiv' depends on axioms: [propext, Classical.choice, Quot.sound]
2026-10-08T09:49:02.5951091Z info: AxiomAudit.lean:505:0: 'ASGinzburg.ZAlgebra.representable_higher_ext_eq_zero' depends on axioms: [propext, Classical.choice, Quot.sound]
2026-10-08T09:49:02.5952814Z info: AxiomAudit.lean:506:0: 'ASGinzburg.ZAlgebra.rightModuleExtPostcomp' depends on axioms: [propext, Classical.choice, Quot.sound]
2026-10-08T09:49:02.5966080Z info: AxiomAudit.lean:507:0: 'ASGinzburg.ZAlgebra.rightModuleExtCovariant' depends on axioms: [propext, Classical.choice, Quot.sound]
2026-10-08T09:49:02.5967882Z info: AxiomAudit.lean:508:0: 'ASGinzburg.ZAlgebra.rightModuleExtCovariantAdditive' depends on axioms: [propext, Classical.choice, Quot.sound]
2026-10-08T09:49:02.5969931Z info: AxiomAudit.lean:509:0: 'ASGinzburg.ZAlgebra.rightModuleExtCovariantLinear' depends on axioms: [propext, Classical.choice, Quot.sound]
2026-10-08T09:49:02.5971608Z info: AxiomAudit.lean:510:0: 'ASGinzburg.ZAlgebra.rightModuleExtLeft' depends on axioms: [propext, Classical.choice, Quot.sound]
2026-10-08T09:49:02.5973214Z info: AxiomAudit.lean:511:0: 'ASGinzburg.ZAlgebra.rightModuleExtLeft_obj' depends on axioms: [propext, Classical.choice, Quot.sound]
2026-10-08T09:49:02.5988942Z info: AxiomAudit.lean:512:0: 'ASGinzburg.ZAlgebra.rightModuleExtLeftZeroIso' depends on axioms: [propext, Classical.choice, Quot.sound]
2026-10-08T09:49:02.5990592Z info: AxiomAudit.lean:513:0: 'ASGinzburg.ZAlgebra.shiftedHomModule' depends on axioms: [propext, Classical.choice, Quot.sound]
2026-10-08T09:49:02.5992233Z info: AxiomAudit.lean:514:0: 'ASGinzburg.ZAlgebra.rightModuleDerivedLinear' depends on axioms: [propext, Classical.choice, Quot.sound]
2026-10-08T09:49:02.5994332Z info: AxiomAudit.lean:515:0: 'ASGinzburg.ZAlgebra.rightModuleDerivedQhLinear' depends on axioms: [propext, Classical.choice, Quot.sound]
2026-10-08T09:49:02.5996141Z info: AxiomAudit.lean:516:0: 'ASGinzburg.ZAlgebra.rightModuleDerivedSingleLinear' depends on axioms: [propext, Classical.choice, Quot.sound]
2026-10-08T09:49:02.5997926Z info: AxiomAudit.lean:517:0: 'ASGinzburg.ZAlgebra.rightModuleExtHomAddEquiv' depends on axioms: [propext, Classical.choice, Quot.sound]
2026-10-08T09:49:02.5999598Z info: AxiomAudit.lean:518:0: 'ASGinzburg.ZAlgebra.rightModuleExtModule' depends on axioms: [propext, Classical.choice, Quot.sound]
2026-10-08T09:49:02.6001378Z info: AxiomAudit.lean:519:0: 'ASGinzburg.ZAlgebra.rightModuleExtHomLinearEquiv' depends on axioms: [propext, Classical.choice, Quot.sound]
2026-10-08T09:49:02.6003365Z info: AxiomAudit.lean:520:0: 'ASGinzburg.ZAlgebra.rightModuleExt_mk₀_smul' depends on axioms: [propext, Classical.choice, Quot.sound]
2026-10-08T09:49:02.6005567Z info: AxiomAudit.lean:521:0: 'ASGinzburg.ZAlgebra.rightModuleExtZeroLinearEquiv' depends on axioms: [propext, Classical.choice, Quot.sound]
2026-10-08T09:49:02.6007393Z info: AxiomAudit.lean:522:0: 'ASGinzburg.ZAlgebra.representableExtZeroLinearEquiv' depends on axioms: [propext, Classical.choice, Quot.sound]
2026-10-08T09:49:02.6009135Z info: AxiomAudit.lean:523:0: 'ASGinzburg.ZAlgebra.rightModuleExtPrecomp' depends on axioms: [propext, Classical.choice, Quot.sound]
2026-10-08T09:49:02.6010833Z info: AxiomAudit.lean:524:0: 'ASGinzburg.ZAlgebra.rightModuleExtPrecompNat' depends on axioms: [propext, Classical.choice, Quot.sound]
2026-10-08T09:49:02.6012544Z info: AxiomAudit.lean:525:0: 'ASGinzburg.ZAlgebra.rightModuleExtBoundaryNat' depends on axioms: [propext, Classical.choice, Quot.sound]
2026-10-08T09:49:02.6022238Z info: AxiomAudit.lean:526:0: 'ASGinzburg.ZAlgebra.rightModuleExtDimensionShiftNatIso' depends on axioms: [propext, Classical.choice, Quot.sound]
2026-10-08T09:49:02.6045200Z info: AxiomAudit.lean:527:0: 'ASGinzburg.ZAlgebra.rightModuleExtPrecompNat_boundary_zero' depends on axioms: [propext, Classical.choice, Quot.sound]
2026-10-08T09:49:02.6047164Z info: AxiomAudit.lean:528:0: 'ASGinzburg.ZAlgebra.rightModuleExtBoundaryShortComplex' depends on axioms: [propext, Classical.choice, Quot.sound]
2026-10-08T09:49:02.6049033Z info: AxiomAudit.lean:529:0: 'ASGinzburg.ZAlgebra.rightModuleExtBoundaryShortComplex_exact_component' depends on axioms: [propext,
2026-10-08T09:49:02.6050179Z  Classical.choice,
2026-10-08T09:49:02.6050562Z  Quot.sound]
2026-10-08T09:49:02.6051622Z info: AxiomAudit.lean:530:0: 'ASGinzburg.ZAlgebra.rightModuleExtBoundaryNatAppEpi' depends on axioms: [propext, Classical.choice, Quot.sound]
2026-10-08T09:49:02.6053499Z info: AxiomAudit.lean:531:0: 'ASGinzburg.ZAlgebra.rightModuleExtBoundaryNatEpi' depends on axioms: [propext, Classical.choice, Quot.sound]
2026-10-08T09:49:02.6055686Z info: AxiomAudit.lean:532:0: 'ASGinzburg.ZAlgebra.rightModuleExtBoundaryCoforkIsColimit' depends on axioms: [propext, Classical.choice, Quot.sound]
2026-10-08T09:49:02.6057852Z info: AxiomAudit.lean:533:0: 'ASGinzburg.ZAlgebra.rightModuleExtCokernelNatIso' depends on axioms: [propext, Classical.choice, Quot.sound]
2026-10-08T09:49:02.6060018Z info: AxiomAudit.lean:534:0: 'ASGinzburg.ZAlgebra.rightModuleExtCokernelNatIso_π_hom' depends on axioms: [propext, Classical.choice, Quot.sound]
2026-10-08T09:49:02.6061928Z info: AxiomAudit.lean:535:0: 'ASGinzburg.ZAlgebra.rightModuleDerivedShiftLinear' depends on axioms: [propext, Classical.choice, Quot.sound]
2026-10-08T09:49:02.6063717Z info: AxiomAudit.lean:536:0: 'ASGinzburg.ZAlgebra.rightModuleExt_smul_comp' depends on axioms: [propext, Classical.choice, Quot.sound]
2026-10-08T09:49:02.6081224Z info: AxiomAudit.lean:537:0: 'ASGinzburg.ZAlgebra.rightModuleExt_comp_smul' depends on axioms: [propext, Classical.choice, Quot.sound]
2026-10-08T09:49:02.6082946Z info: AxiomAudit.lean:538:0: 'ASGinzburg.ZAlgebra.rightModuleExtBoundary' depends on axioms: [propext, Classical.choice, Quot.sound]
2026-10-08T09:49:02.6084938Z info: AxiomAudit.lean:539:0: 'ASGinzburg.ZAlgebra.rightModuleExtBoundary_bijective' depends on axioms: [propext, Classical.choice, Quot.sound]
2026-10-08T09:49:02.6086760Z info: AxiomAudit.lean:540:0: 'ASGinzburg.ZAlgebra.rightModuleExtDimensionShift' depends on axioms: [propext, Classical.choice, Quot.sound]
2026-10-08T09:49:02.6088670Z info: AxiomAudit.lean:541:0: 'ASGinzburg.ZAlgebra.rightModuleExtZeroBoundary_bijective' depends on axioms: [propext, Classical.choice, Quot.sound]
2026-10-08T09:49:02.6090548Z info: AxiomAudit.lean:542:0: 'ASGinzburg.ZAlgebra.rightModuleExtZeroDimensionShift' depends on axioms: [propext, Classical.choice, Quot.sound]
2026-10-08T09:49:02.6092387Z info: AxiomAudit.lean:543:0: 'ASGinzburg.ZAlgebra.rightModuleHomPrecomp' depends on axioms: [propext, Classical.choice, Quot.sound]
2026-10-08T09:49:02.6105175Z info: AxiomAudit.lean:544:0: 'ASGinzburg.ZAlgebra.rightModuleHomPrecomp_injective' depends on axioms: [propext, Classical.choice, Quot.sound]
2026-10-08T09:49:02.6107079Z info: AxiomAudit.lean:545:0: 'ASGinzburg.ZAlgebra.rightModuleHomFinite_of_epi' depends on axioms: [propext, Classical.choice, Quot.sound]
2026-10-08T09:49:02.6108923Z info: AxiomAudit.lean:546:0: 'ASGinzburg.ZAlgebra.rightModuleCoproductHomLinearEquiv' depends on axioms: [propext, Classical.choice, Quot.sound]
2026-10-08T09:49:02.6110874Z info: AxiomAudit.lean:547:0: 'ASGinzburg.ZAlgebra.rightModuleCoproductHomFinite' depends on axioms: [propext, Classical.choice, Quot.sound]
2026-10-08T09:49:02.6112697Z info: AxiomAudit.lean:548:0: 'ASGinzburg.ZAlgebra.representableHomFinite' depends on axioms: [propext, Classical.choice, Quot.sound]
2026-10-08T09:49:02.6114731Z info: AxiomAudit.lean:549:0: 'ASGinzburg.ZAlgebra.representableHomRepresentableFinite' depends on axioms: [propext, Classical.choice, Quot.sound]
2026-10-08T09:49:02.6116905Z info: AxiomAudit.lean:550:0: 'ASGinzburg.ZAlgebra.asResolutionTerm₁HomFinite' depends on axioms: [propext, Classical.choice, Quot.sound]
2026-10-08T09:49:02.6119127Z info: AxiomAudit.lean:551:0: 'ASGinzburg.ZAlgebra.asResolutionTerm₂HomFinite' depends on axioms: [propext, Classical.choice, Quot.sound]
2026-10-08T09:49:02.6121021Z info: AxiomAudit.lean:552:0: 'ASGinzburg.ZAlgebra.rightModuleHomPrecompNat' depends on axioms: [propext, Classical.choice, Quot.sound]
2026-10-08T09:49:02.6122868Z info: AxiomAudit.lean:553:0: 'ASGinzburg.ZAlgebra.rightModuleHomPrecompNat_comp_zero' depends on axioms: [propext, Classical.choice, Quot.sound]
2026-10-08T09:49:02.6145472Z info: AxiomAudit.lean:554:0: 'ASGinzburg.ZAlgebra.rightModuleHomShortComplex' depends on axioms: [propext, Classical.choice, Quot.sound]
2026-10-08T09:49:02.6147258Z info: AxiomAudit.lean:555:0: 'ASGinzburg.ZAlgebra.rightModuleHomShortComplex_exact_component' depends on axioms: [propext,
2026-10-08T09:49:02.6148466Z  Classical.choice,
2026-10-08T09:49:02.6148911Z  Quot.sound]
2026-10-08T09:49:02.6150319Z info: AxiomAudit.lean:556:0: 'ASGinzburg.ZAlgebra.rightModuleHomPrecompNatAppMono' depends on axioms: [propext, Classical.choice, Quot.sound]
2026-10-08T09:49:02.6152316Z info: AxiomAudit.lean:557:0: 'ASGinzburg.ZAlgebra.rightModuleHomPrecompNatMono' depends on axioms: [propext, Classical.choice, Quot.sound]
2026-10-08T09:49:02.6154473Z info: AxiomAudit.lean:558:0: 'ASGinzburg.ZAlgebra.rightModuleHomKernelForkIsLimit' depends on axioms: [propext, Classical.choice, Quot.sound]
2026-10-08T09:49:02.6156421Z info: AxiomAudit.lean:559:0: 'ASGinzburg.ZAlgebra.rightModuleHomKernelNatIso' depends on axioms: [propext, Classical.choice, Quot.sound]
2026-10-08T09:49:02.6158531Z info: AxiomAudit.lean:560:0: 'ASGinzburg.ZAlgebra.rightModuleHomKernelNatIso_hom_ι' depends on axioms: [propext, Classical.choice, Quot.sound]
2026-10-08T09:49:02.6160536Z info: AxiomAudit.lean:561:0: 'ASGinzburg.ZAlgebra.rightModuleHomPreservesExactColimits' depends on axioms: [propext, Classical.choice, Quot.sound]
2026-10-08T09:49:02.6162538Z info: AxiomAudit.lean:562:0: 'ASGinzburg.ZAlgebra.rightModuleEvaluation' depends on axioms: [propext, Classical.choice, Quot.sound]
2026-10-08T09:49:02.6184690Z info: AxiomAudit.lean:563:0: 'ASGinzburg.ZAlgebra.rightModuleEvaluationAdditive' depends on axioms: [propext, Classical.choice, Quot.sound]
2026-10-08T09:49:02.6186701Z info: AxiomAudit.lean:564:0: 'ASGinzburg.ZAlgebra.rightModuleEvaluationPreservesFiniteLimits' depends on axioms: [propext,
2026-10-08T09:49:02.6187935Z  Classical.choice,
2026-10-08T09:49:02.6188414Z  Quot.sound]
2026-10-08T09:49:02.6346422Z info: AxiomAudit.lean:565:0: 'ASGinzburg.ZAlgebra.rightModuleEvaluationPreservesFiniteColimits' depends on axioms: [propext,
2026-10-08T09:49:02.6347410Z  Classical.choice,
2026-10-08T09:49:02.6347719Z  Quot.sound]
2026-10-08T09:49:02.6348706Z info: AxiomAudit.lean:566:0: 'ASGinzburg.ZAlgebra.rightModuleInclusionPreservesHomology' depends on axioms: [propext, Classical.choice, Quot.sound]
2026-10-08T09:49:02.6350882Z info: AxiomAudit.lean:567:0: 'ASGinzburg.ZAlgebra.rightModuleEvaluationPreservesHomology' depends on axioms: [propext, Classical.choice, Quot.sound]
2026-10-08T09:49:02.6352598Z info: AxiomAudit.lean:568:0: 'ASGinzburg.ZAlgebra.rightModuleKernelObjIso' depends on axioms: [propext, Classical.choice, Quot.sound]
2026-10-08T09:49:02.6354668Z info: AxiomAudit.lean:569:0: 'ASGinzburg.ZAlgebra.rightModuleCokernelObjIso' depends on axioms: [propext, Classical.choice, Quot.sound]
2026-10-08T09:49:02.6356247Z info: AxiomAudit.lean:570:0: 'ASGinzburg.ZAlgebra.rightModuleHomologyObjIso' depends on axioms: [propext, Classical.choice, Quot.sound]
2026-10-08T09:49:02.6357618Z info: AxiomAudit.lean:571:0: 'ASGinzburg.ZAlgebra.rightModule_exact_iff_inclusion' depends on axioms: [propext, Classical.choice, Quot.sound]
2026-10-08T09:49:02.6359348Z info: AxiomAudit.lean:572:0: 'ASGinzburg.ZAlgebra.rightModuleKernelObjIso_inv_ι' depends on axioms: [propext, Classical.choice, Quot.sound]
2026-10-08T09:49:02.6360501Z info: AxiomAudit.lean:573:0: 'ASGinzburg.ZAlgebra.rightModuleCokernelObjIso_π_hom' depends on axioms: [propext, Classical.choice, Quot.sound]
2026-10-08T09:49:02.6361480Z info: AxiomAudit.lean:574:0: 'ASGinzburg.ZAlgebra.rightModule_mono_iff' depends on axioms: [propext, Classical.choice, Quot.sound]
2026-10-08T09:49:02.6362365Z info: AxiomAudit.lean:575:0: 'ASGinzburg.ZAlgebra.rightModule_epi_iff' depends on axioms: [propext, Classical.choice, Quot.sound]
2026-10-08T09:49:02.6363257Z info: AxiomAudit.lean:576:0: 'ASGinzburg.ZAlgebra.rightModule_mono_iff_injective' depends on axioms: [propext, Classical.choice, Quot.sound]
2026-10-08T09:49:02.6364759Z info: AxiomAudit.lean:577:0: 'ASGinzburg.ZAlgebra.rightModule_epi_iff_surjective' depends on axioms: [propext, Classical.choice, Quot.sound]
2026-10-08T09:49:02.6366495Z info: AxiomAudit.lean:578:0: 'ASGinzburg.ZAlgebra.rightModule_exact_iff' depends on axioms: [propext, Classical.choice, Quot.sound]
2026-10-08T09:49:02.6368232Z info: AxiomAudit.lean:579:0: 'ASGinzburg.ZAlgebra.rightModule_exact_iff_range_eq_ker' depends on axioms: [propext, Classical.choice, Quot.sound]
2026-10-08T09:49:02.6370239Z info: AxiomAudit.lean:580:0: 'ASGinzburg.ZAlgebra.rightModule_shortExact_iff' depends on axioms: [propext, Classical.choice, Quot.sound]
2026-10-08T09:49:02.6371926Z info: AxiomAudit.lean:581:0: 'ASGinzburg.ZAlgebra.IsMinimalMorphism' depends on axioms: [propext, Classical.choice, Quot.sound]
2026-10-08T09:49:02.6373621Z info: AxiomAudit.lean:582:0: 'ASGinzburg.ZAlgebra.isMinimalMorphism_iff_range_le' depends on axioms: [propext, Classical.choice, Quot.sound]
2026-10-08T09:49:02.6375729Z info: AxiomAudit.lean:583:0: 'ASGinzburg.ZAlgebra.minimalMorphismLift' depends on axioms: [propext, Classical.choice, Quot.sound]
2026-10-08T09:49:02.6377473Z info: AxiomAudit.lean:584:0: 'ASGinzburg.ZAlgebra.minimalMorphismLift_inclusion' depends on axioms: [propext, Classical.choice, Quot.sound]
2026-10-08T09:49:02.6379222Z info: AxiomAudit.lean:585:0: 'ASGinzburg.ZAlgebra.isMinimalMorphism_of_factor' depends on axioms: [propext, Classical.choice, Quot.sound]
2026-10-08T09:49:02.6380993Z info: AxiomAudit.lean:586:0: 'ASGinzburg.ZAlgebra.isMinimalMorphism_iff_factors' depends on axioms: [propext, Classical.choice, Quot.sound]
2026-10-08T09:49:02.6382715Z info: AxiomAudit.lean:587:0: 'ASGinzburg.ZAlgebra.isMinimalMorphism_zero' depends on axioms: [propext, Classical.choice, Quot.sound]
2026-10-08T09:49:02.6384718Z info: AxiomAudit.lean:588:0: 'ASGinzburg.ZAlgebra.isMinimalMorphism_comp_left' depends on axioms: [propext, Classical.choice, Quot.sound]
2026-10-08T09:49:02.6386469Z info: AxiomAudit.lean:589:0: 'ASGinzburg.ZAlgebra.isMinimalMorphism_comp_right' depends on axioms: [propext, Classical.choice, Quot.sound]
2026-10-08T09:49:02.6388274Z info: AxiomAudit.lean:590:0: 'ASGinzburg.ZAlgebra.representableToElement' depends on axioms: [propext, Classical.choice, Quot.sound]
2026-10-08T09:49:02.6389990Z info: AxiomAudit.lean:591:0: 'ASGinzburg.ZAlgebra.representableYonedaEquiv' depends on axioms: [propext, Classical.choice, Quot.sound]
2026-10-08T09:49:02.6392009Z info: AxiomAudit.lean:592:0: 'ASGinzburg.ZAlgebra.representableYonedaEquiv_apply' depends on axioms: [propext, Classical.choice, Quot.sound]
2026-10-08T09:49:02.6393839Z info: AxiomAudit.lean:593:0: 'ASGinzburg.ZAlgebra.representableYonedaEquiv_comp' depends on axioms: [propext, Classical.choice, Quot.sound]
2026-10-08T09:49:02.6395897Z info: AxiomAudit.lean:594:0: 'ASGinzburg.ZAlgebra.representableYonedaEquiv_symm_app' depends on axioms: [propext, Classical.choice, Quot.sound]
2026-10-08T09:49:02.6397671Z info: AxiomAudit.lean:595:0: 'ASGinzburg.ZAlgebra.representableProjective' depends on axioms: [propext, Classical.choice, Quot.sound]
2026-10-08T09:49:02.6399430Z info: AxiomAudit.lean:596:0: 'ASGinzburg.ZAlgebra.positiveActionSpan_action_mem' depends on axioms: [propext, Classical.choice, Quot.sound]
2026-10-08T09:49:02.6401128Z info: AxiomAudit.lean:597:0: 'ASGinzburg.ZAlgebra.rightModuleRadical' depends on axioms: [propext, Classical.choice, Quot.sound]
2026-10-08T09:49:02.6402825Z info: AxiomAudit.lean:598:0: 'ASGinzburg.ZAlgebra.positiveActionSpan_map_mem' depends on axioms: [propext, Classical.choice, Quot.sound]
2026-10-08T09:49:02.6404747Z info: AxiomAudit.lean:599:0: 'ASGinzburg.ZAlgebra.rightModuleRadicalMap' depends on axioms: [propext, Classical.choice, Quot.sound]
2026-10-08T09:49:02.6406504Z info: AxiomAudit.lean:600:0: 'ASGinzburg.ZAlgebra.rightModuleRadicalMap_inclusion' depends on axioms: [propext, Classical.choice, Quot.sound]
2026-10-08T09:49:02.6408296Z info: AxiomAudit.lean:601:0: 'ASGinzburg.ZAlgebra.rightModuleRadicalFunctor' depends on axioms: [propext, Classical.choice, Quot.sound]
2026-10-08T09:49:02.6410138Z info: AxiomAudit.lean:602:0: 'ASGinzburg.ZAlgebra.rightModuleRadicalFunctorAdditive' depends on axioms: [propext, Classical.choice, Quot.sound]
2026-10-08T09:49:02.6412014Z info: AxiomAudit.lean:603:0: 'ASGinzburg.ZAlgebra.rightModuleRadicalFunctorLinear' depends on axioms: [propext, Classical.choice, Quot.sound]
2026-10-08T09:49:02.6413741Z info: AxiomAudit.lean:604:0: 'ASGinzburg.ZAlgebra.rightModuleRadical_representable_component' depends on axioms: [propext,
2026-10-08T09:49:02.6415457Z  Classical.choice,
2026-10-08T09:49:02.6415810Z  Quot.sound]
2026-10-08T09:49:02.6416820Z info: AxiomAudit.lean:605:0: 'ASGinzburg.ZAlgebra.positiveActionSpan_simple_eq_bot' depends on axioms: [propext, Classical.choice, Quot.sound]
2026-10-08T09:49:02.6418653Z info: AxiomAudit.lean:606:0: 'ASGinzburg.ZAlgebra.radical_inclusion_comp_simple_eq_zero' depends on axioms: [propext, Classical.choice, Quot.sound]
2026-10-08T09:49:02.6420487Z info: AxiomAudit.lean:607:0: 'ASGinzburg.ZAlgebra.minimalMorphism_comp_simple_eq_zero' depends on axioms: [propext, Classical.choice, Quot.sound]
2026-10-08T09:49:02.6422171Z info: AxiomAudit.lean:608:0: 'ASGinzburg.ZAlgebra.RightSubmodule' depends on axioms: [propext, Classical.choice, Quot.sound]
2026-10-08T09:49:02.6423801Z info: AxiomAudit.lean:609:0: 'ASGinzburg.ZAlgebra.RightSubmodule.presheaf' depends on axioms: [propext, Classical.choice, Quot.sound]
2026-10-08T09:49:02.6425950Z info: AxiomAudit.lean:610:0: 'ASGinzburg.ZAlgebra.RightSubmodule.presheafAdditive' depends on axioms: [propext, Classical.choice, Quot.sound]
2026-10-08T09:49:02.6427844Z info: AxiomAudit.lean:611:0: 'ASGinzburg.ZAlgebra.RightSubmodule.presheafLinear' depends on axioms: [propext, Classical.choice, Quot.sound]
2026-10-08T09:49:02.6429612Z info: AxiomAudit.lean:612:0: 'ASGinzburg.ZAlgebra.RightSubmodule.object' depends on axioms: [propext, Classical.choice, Quot.sound]
2026-10-08T09:49:02.6431350Z info: AxiomAudit.lean:613:0: 'ASGinzburg.ZAlgebra.RightSubmodule.inclusion' depends on axioms: [propext, Classical.choice, Quot.sound]
2026-10-08T09:49:02.6433132Z info: AxiomAudit.lean:614:0: 'ASGinzburg.ZAlgebra.RightSubmodule.inclusionMono' depends on axioms: [propext, Classical.choice, Quot.sound]
2026-10-08T09:49:02.6435113Z info: AxiomAudit.lean:615:0: 'ASGinzburg.ZAlgebra.RightSubmodule.quotient' depends on axioms: [propext, Classical.choice, Quot.sound]
2026-10-08T09:49:02.6437458Z info: AxiomAudit.lean:616:0: 'ASGinzburg.ZAlgebra.RightSubmodule.quotientπ' depends on axioms: [propext, Classical.choice, Quot.sound]
2026-10-08T09:49:02.6439497Z info: AxiomAudit.lean:617:0: 'ASGinzburg.ZAlgebra.RightSubmodule.quotientπEpi' depends on axioms: [propext, Classical.choice, Quot.sound]
2026-10-08T09:49:02.6441405Z info: AxiomAudit.lean:618:0: 'ASGinzburg.ZAlgebra.RightSubmodule.quotientShortComplex' depends on axioms: [propext, Classical.choice, Quot.sound]
2026-10-08T09:49:02.6443375Z info: AxiomAudit.lean:619:0: 'ASGinzburg.ZAlgebra.RightSubmodule.quotientShortExact' depends on axioms: [propext, Classical.choice, Quot.sound]
2026-10-08T09:49:02.6445594Z info: AxiomAudit.lean:620:0: 'ASGinzburg.ZAlgebra.leftRepresentableRadical' depends on axioms: [propext, Classical.choice, Quot.sound]
2026-10-08T09:49:02.6447359Z info: AxiomAudit.lean:621:0: 'ASGinzburg.ZAlgebra.positiveLeftActionSpan' depends on axioms: [propext, Classical.choice, Quot.sound]
2026-10-08T09:49:02.6449123Z info: AxiomAudit.lean:622:0: 'ASGinzburg.ZAlgebra.leftRepresentableRadical_eq_positiveLeftActionSpan' depends on axioms: [propext,
2026-10-08T09:49:02.6450242Z  Classical.choice,
2026-10-08T09:49:02.6450595Z  Quot.sound]
2026-10-08T09:49:02.6451497Z info: AxiomAudit.lean:623:0: 'ASGinzburg.ZAlgebra.simpleLeftModule' depends on axioms: [propext, Classical.choice, Quot.sound]
2026-10-08T09:49:02.6453357Z info: AxiomAudit.lean:624:0: 'ASGinzburg.ZAlgebra.simpleLeftModuleπ' depends on axioms: [propext, Classical.choice, Quot.sound]
2026-10-08T09:49:02.6455601Z info: AxiomAudit.lean:625:0: 'ASGinzburg.ZAlgebra.simpleLeftModuleπEpi' depends on axioms: [propext, Classical.choice, Quot.sound]
2026-10-08T09:49:02.6457445Z info: AxiomAudit.lean:626:0: 'ASGinzburg.ZAlgebra.leftRepresentableRadical_diagonal_zero' depends on axioms: [propext, Classical.choice, Quot.sound]
2026-10-08T09:49:02.6459371Z info: AxiomAudit.lean:627:0: 'ASGinzburg.ZAlgebra.simpleLeftModuleDiagonalIso' depends on axioms: [propext, Classical.choice, Quot.sound]
2026-10-08T09:49:02.6461440Z info: AxiomAudit.lean:628:0: 'ASGinzburg.ZAlgebra.simpleLeftModule_off_diagonal' depends on axioms: [propext, Classical.choice, Quot.sound]
2026-10-08T09:49:02.6463266Z info: AxiomAudit.lean:629:0: 'ASGinzburg.ZAlgebra.simpleLeftModule_diagonal_finrank' depends on axioms: [propext, Classical.choice, Quot.sound]
2026-10-08T09:49:02.6465471Z info: AxiomAudit.lean:630:0: 'ASGinzburg.ZAlgebra.simpleLeftModuleDiagonalSimple' depends on axioms: [propext, Classical.choice, Quot.sound]
2026-10-08T09:49:02.6467302Z info: AxiomAudit.lean:631:0: 'ASGinzburg.ZAlgebra.simpleLeftModule_hom_eq_zero_iff' depends on axioms: [propext, Classical.choice, Quot.sound]
2026-10-08T09:49:02.6469044Z info: AxiomAudit.lean:632:0: 'ASGinzburg.ZAlgebra.simpleLeftModuleSimple' depends on axioms: [propext, Classical.choice, Quot.sound]
2026-10-08T09:49:02.6470763Z info: AxiomAudit.lean:633:0: 'ASGinzburg.ZAlgebra.simpleLeftModule_shortExact' depends on axioms: [propext, Classical.choice, Quot.sound]
2026-10-08T09:49:02.6472520Z info: AxiomAudit.lean:634:0: 'ASGinzburg.ZAlgebra.representableRadical' depends on axioms: [propext, Classical.choice, Quot.sound]
2026-10-08T09:49:02.6474501Z info: AxiomAudit.lean:635:0: 'ASGinzburg.ZAlgebra.positiveActionSpan' depends on axioms: [propext, Classical.choice, Quot.sound]
2026-10-08T09:49:02.6476146Z info: AxiomAudit.lean:636:0: 'ASGinzburg.ZAlgebra.representableRadical_eq_positiveActionSpan' depends on axioms: [propext,
2026-10-08T09:49:02.6477184Z  Classical.choice,
2026-10-08T09:49:02.6477532Z  Quot.sound]
2026-10-08T09:49:02.6478440Z info: AxiomAudit.lean:637:0: 'ASGinzburg.ZAlgebra.simpleRightModule' depends on axioms: [propext, Classical.choice, Quot.sound]
2026-10-08T09:49:02.6480294Z info: AxiomAudit.lean:638:0: 'ASGinzburg.ZAlgebra.simpleRightModuleπ' depends on axioms: [propext, Classical.choice, Quot.sound]
2026-10-08T09:49:02.6482152Z info: AxiomAudit.lean:639:0: 'ASGinzburg.ZAlgebra.simpleRightModuleπEpi' depends on axioms: [propext, Classical.choice, Quot.sound]
2026-10-08T09:49:02.6484389Z info: AxiomAudit.lean:640:0: 'ASGinzburg.ZAlgebra.representableRadical_diagonal_zero' depends on axioms: [propext, Classical.choice, Quot.sound]
2026-10-08T09:49:02.6486294Z info: AxiomAudit.lean:641:0: 'ASGinzburg.ZAlgebra.simpleRightModuleDiagonalIso' depends on axioms: [propext, Classical.choice, Quot.sound]
2026-10-08T09:49:02.6488191Z info: AxiomAudit.lean:642:0: 'ASGinzburg.ZAlgebra.simpleRightModule_off_diagonal' depends on axioms: [propext, Classical.choice, Quot.sound]
2026-10-08T09:49:02.6490029Z info: AxiomAudit.lean:643:0: 'ASGinzburg.ZAlgebra.simpleRightModule_diagonal_finrank' depends on axioms: [propext, Classical.choice, Quot.sound]
2026-10-08T09:49:02.6491918Z info: AxiomAudit.lean:644:0: 'ASGinzburg.ZAlgebra.simpleRightModuleDiagonalSimple' depends on axioms: [propext, Classical.choice, Quot.sound]
2026-10-08T09:49:02.6493796Z info: AxiomAudit.lean:645:0: 'ASGinzburg.ZAlgebra.simpleRightModule_hom_eq_zero_iff' depends on axioms: [propext, Classical.choice, Quot.sound]
2026-10-08T09:49:02.6495949Z info: AxiomAudit.lean:646:0: 'ASGinzburg.ZAlgebra.simpleRightModuleSimple' depends on axioms: [propext, Classical.choice, Quot.sound]
2026-10-08T09:49:02.6497734Z info: AxiomAudit.lean:647:0: 'ASGinzburg.ZAlgebra.simpleRightModule_shortExact' depends on axioms: [propext, Classical.choice, Quot.sound]
2026-10-08T09:49:02.6499136Z info: AxiomAudit.lean:648:0: 'ASGinzburg.ArrowSpace333' does not depend on any axioms
2026-10-08T09:49:02.6500342Z info: AxiomAudit.lean:649:0: 'ASGinzburg.CubicTensor333' depends on axioms: [propext, Classical.choice, Quot.sound]
2026-10-08T09:49:02.6501531Z info: AxiomAudit.lean:650:0: 'ASGinzburg.Triple333' does not depend on any axioms
2026-10-08T09:49:02.6502555Z info: AxiomAudit.lean:651:0: 'ASGinzburg.CubicCoefficients333' does not depend on any axioms
2026-10-08T09:49:02.6503629Z info: AxiomAudit.lean:652:0: 'ASGinzburg.CutRelations333' does not depend on any axioms
2026-10-08T09:49:02.6505084Z info: AxiomAudit.lean:653:0: 'ASGinzburg.cubicBasis333' depends on axioms: [propext, Classical.choice, Quot.sound]
2026-10-08T09:49:02.6506776Z info: AxiomAudit.lean:654:0: 'ASGinzburg.cubicCoordinates333' depends on axioms: [propext, Classical.choice, Quot.sound]
2026-10-08T09:49:02.6508344Z info: AxiomAudit.lean:655:0: 'ASGinzburg.cutRelationCoordinates333' depends on axioms: [propext, Classical.choice, Quot.sound]
2026-10-08T09:49:02.6509945Z info: AxiomAudit.lean:656:0: 'ASGinzburg.tensorToCutRelations333' depends on axioms: [propext, Classical.choice, Quot.sound]
2026-10-08T09:49:02.6511600Z info: AxiomAudit.lean:657:0: 'ASGinzburg.tensor_recovered_from_cut_relations333' depends on axioms: [propext, Classical.choice, Quot.sound]
2026-10-08T09:49:02.6513217Z info: AxiomAudit.lean:658:0: 'ASGinzburg.cubicTensor333_finrank' depends on axioms: [propext, Classical.choice, Quot.sound]
2026-10-08T09:49:02.6515087Z info: AxiomAudit.lean:659:0: 'ASGinzburg.arrowBasisChange333' depends on axioms: [propext, Classical.choice, Quot.sound]
2026-10-08T09:49:02.6516649Z info: AxiomAudit.lean:660:0: 'ASGinzburg.arrowBasisChange333_tmul' depends on axioms: [propext, Classical.choice, Quot.sound]
2026-10-08T09:49:02.6518123Z info: AxiomAudit.lean:661:0: 'ASGinzburg.TopCohomology' depends on axioms: [propext, Classical.choice, Quot.sound]
2026-10-08T09:49:02.6519485Z info: AxiomAudit.lean:662:0: 'ASGinzburg.map_from_zero_domain_eq_zero' depends on axioms: [propext, Quot.sound]
2026-10-08T09:49:02.6520886Z info: AxiomAudit.lean:663:0: 'ASGinzburg.topCohomologyEquiv' depends on axioms: [propext, Classical.choice, Quot.sound]
2026-10-08T09:49:02.6522382Z info: AxiomAudit.lean:664:0: 'ASGinzburg.topCohomology_finrank' depends on axioms: [propext, Classical.choice, Quot.sound]
2026-10-08T09:49:02.6524137Z info: AxiomAudit.lean:665:0: 'ASGinzburg.topCohomology_field_finrank' depends on axioms: [propext, Classical.choice, Quot.sound]
2026-10-08T09:49:02.6525884Z info: AxiomAudit.lean:666:0: 'ASGinzburg.ZAlgebra.totalAlgebraRepresentation_mul_mem' depends on axioms: [propext, Classical.choice, Quot.sound]
2026-10-08T09:49:02.6527793Z info: AxiomAudit.lean:667:0: 'ASGinzburg.ZAlgebra.totalAlgebra' depends on axioms: [propext, Classical.choice, Quot.sound]
2026-10-08T09:49:02.6529450Z info: AxiomAudit.lean:668:0: 'ASGinzburg.ZAlgebra.totalAlgebraNonUnitalRing' depends on axioms: [propext, Classical.choice, Quot.sound]
2026-10-08T09:49:02.6531196Z info: AxiomAudit.lean:669:0: 'ASGinzburg.ZAlgebra.totalAlgebraAddCommGroup' depends on axioms: [propext, Classical.choice, Quot.sound]
2026-10-08T09:49:02.6532952Z info: AxiomAudit.lean:670:0: 'ASGinzburg.ZAlgebra.totalAlgebraAddCommMonoid' depends on axioms: [propext, Classical.choice, Quot.sound]
2026-10-08T09:49:02.6534871Z info: AxiomAudit.lean:671:0: 'ASGinzburg.ZAlgebra.totalAlgebraModule' depends on axioms: [propext, Classical.choice, Quot.sound]
2026-10-08T09:49:02.6536506Z info: AxiomAudit.lean:672:0: 'ASGinzburg.ZAlgebra.totalAlgebraEquiv' depends on axioms: [propext, Classical.choice, Quot.sound]
2026-10-08T09:49:02.6538182Z info: AxiomAudit.lean:673:0: 'ASGinzburg.ZAlgebra.totalAlgebraComponent' depends on axioms: [propext, Classical.choice, Quot.sound]
2026-10-08T09:49:02.6539893Z info: AxiomAudit.lean:674:0: 'ASGinzburg.ZAlgebra.totalAlgebraComponent_coe' depends on axioms: [propext, Classical.choice, Quot.sound]
2026-10-08T09:49:02.6541618Z info: AxiomAudit.lean:675:0: 'ASGinzburg.ZAlgebra.totalAlgebraComponent_mul' depends on axioms: [propext, Classical.choice, Quot.sound]
2026-10-08T09:49:02.6543340Z info: AxiomAudit.lean:676:0: 'ASGinzburg.ZAlgebra.totalAlgebraComponent_mul_off' depends on axioms: [propext, Classical.choice, Quot.sound]
2026-10-08T09:49:02.6545263Z info: AxiomAudit.lean:677:0: 'ASGinzburg.ZAlgebra.totalAlgebraSpace' depends on axioms: [propext, Classical.choice, Quot.sound]
2026-10-08T09:49:02.6546997Z info: AxiomAudit.lean:678:0: 'ASGinzburg.ZAlgebra.regularComponentActionLinear' depends on axioms: [propext, Classical.choice, Quot.sound]
2026-10-08T09:49:02.6548810Z info: AxiomAudit.lean:679:0: 'ASGinzburg.ZAlgebra.totalAlgebraRepresentation' depends on axioms: [propext, Classical.choice, Quot.sound]
2026-10-08T09:49:02.6550854Z info: AxiomAudit.lean:680:0: 'ASGinzburg.ZAlgebra.totalAlgebraRepresentation_single' depends on axioms: [propext, Classical.choice, Quot.sound]
2026-10-08T09:49:02.6552612Z info: AxiomAudit.lean:681:0: 'ASGinzburg.ZAlgebra.regularMatrixEntry' depends on axioms: [propext, Classical.choice, Quot.sound]
2026-10-08T09:49:02.6554620Z info: AxiomAudit.lean:682:0: 'ASGinzburg.ZAlgebra.regularMatrixEntry_action' depends on axioms: [propext, Classical.choice, Quot.sound]
2026-10-08T09:49:02.6556398Z info: AxiomAudit.lean:683:0: 'ASGinzburg.ZAlgebra.regularMatrixEntry_action_off' depends on axioms: [propext, Classical.choice, Quot.sound]
2026-10-08T09:49:02.6558103Z info: AxiomAudit.lean:684:0: 'ASGinzburg.ZAlgebra.totalAlgebraEntry' depends on axioms: [propext, Classical.choice, Quot.sound]
2026-10-08T09:49:02.6559831Z info: AxiomAudit.lean:685:0: 'ASGinzburg.ZAlgebra.totalAlgebraEntry_representation' depends on axioms: [propext, Classical.choice, Quot.sound]
2026-10-08T09:49:02.6561714Z info: AxiomAudit.lean:686:0: 'ASGinzburg.ZAlgebra.totalAlgebraRepresentation_injective' depends on axioms: [propext, Classical.choice, Quot.sound]
2026-10-08T09:49:02.6563552Z info: AxiomAudit.lean:687:0: 'ASGinzburg.ZAlgebra.totalAlgebraAddZeroClass' depends on axioms: [propext, Classical.choice, Quot.sound]
2026-10-08T09:49:02.6565489Z info: AxiomAudit.lean:688:0: 'ASGinzburg.ZAlgebra.totalAlgebraLiftLinear' depends on axioms: [propext, Classical.choice, Quot.sound]
2026-10-08T09:49:02.6567270Z info: AxiomAudit.lean:689:0: 'ASGinzburg.ZAlgebra.totalAlgebraLiftLinear_component' depends on axioms: [propext, Classical.choice, Quot.sound]
2026-10-08T09:49:02.6569070Z info: AxiomAudit.lean:690:0: 'ASGinzburg.ZAlgebra.totalAlgebraLiftLinear_mul' depends on axioms: [propext, Classical.choice, Quot.sound]
2026-10-08T09:49:02.6570735Z info: AxiomAudit.lean:691:0: 'ASGinzburg.ZAlgebra.totalAlgebraLift' depends on axioms: [propext, Classical.choice, Quot.sound]
2026-10-08T09:49:02.6572610Z info: AxiomAudit.lean:692:0: 'ASGinzburg.ZAlgebra.totalAlgebraComponent_id_mul' depends on axioms: [propext, Classical.choice, Quot.sound]
2026-10-08T09:49:02.6574597Z info: AxiomAudit.lean:693:0: 'ASGinzburg.ZAlgebra.totalAlgebraComponent_mul_id' depends on axioms: [propext, Classical.choice, Quot.sound]
2026-10-08T09:49:02.6576324Z info: AxiomAudit.lean:694:0: 'ASGinzburg.ZAlgebra.totalAlgebraLocalUnit' depends on axioms: [propext, Classical.choice, Quot.sound]
2026-10-08T09:49:02.6578105Z info: AxiomAudit.lean:695:0: 'ASGinzburg.ZAlgebra.totalAlgebraLocalUnit_mul_component' depends on axioms: [propext, Classical.choice, Quot.sound]
2026-10-08T09:49:02.6579967Z info: AxiomAudit.lean:696:0: 'ASGinzburg.ZAlgebra.totalAlgebraComponent_mul_localUnit' depends on axioms: [propext, Classical.choice, Quot.sound]
2026-10-08T09:49:02.6581817Z info: AxiomAudit.lean:697:0: 'ASGinzburg.ZAlgebra.totalAlgebraLocalUnit_idempotent' depends on axioms: [propext, Classical.choice, Quot.sound]
2026-10-08T09:49:02.6583636Z info: AxiomAudit.lean:698:0: 'ASGinzburg.ZAlgebra.totalAlgebra_eq_sum_components' depends on axioms: [propext, Classical.choice, Quot.sound]
2026-10-08T09:49:02.6585546Z info: AxiomAudit.lean:699:0: 'ASGinzburg.ZAlgebra.totalAlgebraSupport' depends on axioms: [propext, Classical.choice, Quot.sound]
2026-10-08T09:49:02.6587278Z info: AxiomAudit.lean:700:0: 'ASGinzburg.ZAlgebra.totalAlgebraLocalUnit_mul_eq_self' depends on axioms: [propext, Classical.choice, Quot.sound]
2026-10-08T09:49:02.6589199Z info: AxiomAudit.lean:701:0: 'ASGinzburg.ZAlgebra.totalAlgebraLocalUnit_right_eq_self' depends on axioms: [propext, Classical.choice, Quot.sound]
2026-10-08T09:49:02.6590998Z info: AxiomAudit.lean:702:0: 'ASGinzburg.ZAlgebra.totalAlgebra_common_local_unit' depends on axioms: [propext, Classical.choice, Quot.sound]
2026-10-08T09:49:02.6592739Z info: AxiomAudit.lean:703:0: 'ASGinzburg.ZAlgebra.leftModuleTotalAction_add' depends on axioms: [propext, Classical.choice, Quot.sound]
2026-10-08T09:49:02.6595056Z info: AxiomAudit.lean:704:0: 'ASGinzburg.ZAlgebra.leftModuleTotalAction_smul' depends on axioms: [propext, Classical.choice, Quot.sound]
2026-10-08T09:49:02.6596805Z info: AxiomAudit.lean:705:0: 'ASGinzburg.ZAlgebra.leftModuleTotalAction_comp' depends on axioms: [propext, Classical.choice, Quot.sound]
2026-10-08T09:49:02.6598576Z info: AxiomAudit.lean:706:0: 'ASGinzburg.ZAlgebra.leftModuleTotalAction_comp_off' depends on axioms: [propext, Classical.choice, Quot.sound]
2026-10-08T09:49:02.6600348Z info: AxiomAudit.lean:707:0: 'ASGinzburg.ZAlgebra.rightModuleTotalAction_add' depends on axioms: [propext, Classical.choice, Quot.sound]
2026-10-08T09:49:02.6602106Z info: AxiomAudit.lean:708:0: 'ASGinzburg.ZAlgebra.rightModuleTotalAction_smul' depends on axioms: [propext, Classical.choice, Quot.sound]
2026-10-08T09:49:02.6603852Z info: AxiomAudit.lean:709:0: 'ASGinzburg.ZAlgebra.rightModuleTotalAction_comp' depends on axioms: [propext, Classical.choice, Quot.sound]
2026-10-08T09:49:02.6605878Z info: AxiomAudit.lean:710:0: 'ASGinzburg.ZAlgebra.rightModuleTotalAction_comp_off' depends on axioms: [propext, Classical.choice, Quot.sound]
2026-10-08T09:49:02.6607741Z info: AxiomAudit.lean:711:0: 'ASGinzburg.ZAlgebra.leftTotalComponentRepresentation' depends on axioms: [propext, Classical.choice, Quot.sound]
2026-10-08T09:49:02.6609658Z info: AxiomAudit.lean:712:0: 'ASGinzburg.ZAlgebra.rightTotalComponentRepresentation' depends on axioms: [propext, Classical.choice, Quot.sound]
2026-10-08T09:49:02.6611453Z info: AxiomAudit.lean:713:0: 'ASGinzburg.ZAlgebra.leftTotalUnitalRepresentation_algebraMap_apply' depends on axioms: [propext,
2026-10-08T09:49:02.6612536Z  Classical.choice,
2026-10-08T09:49:02.6612886Z  Quot.sound]
2026-10-08T09:49:02.6613829Z info: AxiomAudit.lean:714:0: 'ASGinzburg.ZAlgebra.rightTotalUnitalRepresentation_algebraMap_apply' depends on axioms: [propext,
2026-10-08T09:49:02.6615126Z  Classical.choice,
2026-10-08T09:49:02.6615477Z  Quot.sound]
2026-10-08T09:49:02.6616600Z info: AxiomAudit.lean:715:0: 'ASGinzburg.ZAlgebra.leftTotalHomToLinear' depends on axioms: [propext, Classical.choice, Quot.sound]
2026-10-08T09:49:02.6618286Z info: AxiomAudit.lean:716:0: 'ASGinzburg.ZAlgebra.rightTotalHomToLinear' depends on axioms: [propext, Classical.choice, Quot.sound]
2026-10-08T09:49:02.6619982Z info: AxiomAudit.lean:717:0: 'ASGinzburg.ZAlgebra.leftTotalHomComponent' depends on axioms: [propext, Classical.choice, Quot.sound]
2026-10-08T09:49:02.6621665Z info: AxiomAudit.lean:718:0: 'ASGinzburg.ZAlgebra.rightTotalHomComponent' depends on axioms: [propext, Classical.choice, Quot.sound]
2026-10-08T09:49:02.6623366Z info: AxiomAudit.lean:719:0: 'ASGinzburg.ZAlgebra.leftTotalHomToLinear_lof' depends on axioms: [propext, Classical.choice, Quot.sound]
2026-10-08T09:49:02.6625304Z info: AxiomAudit.lean:720:0: 'ASGinzburg.ZAlgebra.rightTotalHomToLinear_lof' depends on axioms: [propext, Classical.choice, Quot.sound]
2026-10-08T09:49:02.6627014Z info: AxiomAudit.lean:721:0: 'ASGinzburg.ZAlgebra.leftTotalHomNatTrans' depends on axioms: [propext, Classical.choice, Quot.sound]
2026-10-08T09:49:02.6628699Z info: AxiomAudit.lean:722:0: 'ASGinzburg.ZAlgebra.rightTotalHomNatTrans' depends on axioms: [propext, Classical.choice, Quot.sound]
2026-10-08T09:49:02.6630434Z info: AxiomAudit.lean:723:0: 'ASGinzburg.ZAlgebra.leftTotalHomNatTrans_recover' depends on axioms: [propext, Classical.choice, Quot.sound]
2026-10-08T09:49:02.6632215Z info: AxiomAudit.lean:724:0: 'ASGinzburg.ZAlgebra.rightTotalHomNatTrans_recover' depends on axioms: [propext, Classical.choice, Quot.sound]
2026-10-08T09:49:02.6634394Z info: AxiomAudit.lean:725:0: 'ASGinzburg.ZAlgebra.leftTotalLocallyUnitalFunctorFull' depends on axioms: [propext, Classical.choice, Quot.sound]
2026-10-08T09:49:02.6636363Z info: AxiomAudit.lean:726:0: 'ASGinzburg.ZAlgebra.rightTotalLocallyUnitalFunctorFull' depends on axioms: [propext, Classical.choice, Quot.sound]
2026-10-08T09:49:02.6638155Z info: AxiomAudit.lean:727:0: 'ASGinzburg.ZAlgebra.leftTotalLinearMap' depends on axioms: [propext, Classical.choice, Quot.sound]
2026-10-08T09:49:02.6640002Z info: AxiomAudit.lean:728:0: 'ASGinzburg.ZAlgebra.rightTotalLinearMap' depends on axioms: [propext, Classical.choice, Quot.sound]
2026-10-08T09:49:02.6641673Z info: AxiomAudit.lean:729:0: 'ASGinzburg.ZAlgebra.leftTotalLinearMap_lof' depends on axioms: [propext, Classical.choice, Quot.sound]
2026-10-08T09:49:02.6643359Z info: AxiomAudit.lean:730:0: 'ASGinzburg.ZAlgebra.rightTotalLinearMap_lof' depends on axioms: [propext, Classical.choice, Quot.sound]
2026-10-08T09:49:02.6645284Z info: AxiomAudit.lean:731:0: 'ASGinzburg.ZAlgebra.leftTotalLinearMap_action' depends on axioms: [propext, Classical.choice, Quot.sound]
2026-10-08T09:49:02.6647015Z info: AxiomAudit.lean:732:0: 'ASGinzburg.ZAlgebra.rightTotalLinearMap_action' depends on axioms: [propext, Classical.choice, Quot.sound]
2026-10-08T09:49:02.6648812Z info: AxiomAudit.lean:733:0: 'ASGinzburg.ZAlgebra.leftTotalLinearMap_representation' depends on axioms: [propext, Classical.choice, Quot.sound]
2026-10-08T09:49:02.6650672Z info: AxiomAudit.lean:734:0: 'ASGinzburg.ZAlgebra.rightTotalLinearMap_representation' depends on axioms: [propext, Classical.choice, Quot.sound]
2026-10-08T09:49:02.6652430Z info: AxiomAudit.lean:735:0: 'ASGinzburg.ZAlgebra.leftTotalModuleMap' depends on axioms: [propext, Classical.choice, Quot.sound]
2026-10-08T09:49:02.6654284Z info: AxiomAudit.lean:736:0: 'ASGinzburg.ZAlgebra.rightTotalModuleMap' depends on axioms: [propext, Classical.choice, Quot.sound]
2026-10-08T09:49:02.6656028Z info: AxiomAudit.lean:737:0: 'ASGinzburg.ZAlgebra.leftTotalLocallyUnitalFunctor' depends on axioms: [propext, Classical.choice, Quot.sound]
2026-10-08T09:49:02.6657880Z info: AxiomAudit.lean:738:0: 'ASGinzburg.ZAlgebra.rightTotalLocallyUnitalFunctor' depends on axioms: [propext, Classical.choice, Quot.sound]
2026-10-08T09:49:02.6659790Z info: AxiomAudit.lean:739:0: 'ASGinzburg.ZAlgebra.leftTotalLocallyUnitalFunctorFaithful' depends on axioms: [propext, Classical.choice, Quot.sound]
2026-10-08T09:49:02.6661995Z info: AxiomAudit.lean:740:0: 'ASGinzburg.ZAlgebra.rightTotalLocallyUnitalFunctorFaithful' depends on axioms: [propext, Classical.choice, Quot.sound]
2026-10-08T09:49:02.6663803Z info: AxiomAudit.lean:741:0: 'ASGinzburg.finiteTotalProjection' depends on axioms: [propext, Classical.choice, Quot.sound]
2026-10-08T09:49:02.6665600Z info: AxiomAudit.lean:742:0: 'ASGinzburg.finiteTotalProjection_apply' depends on axioms: [propext, Classical.choice, Quot.sound]
2026-10-08T09:49:02.6667284Z info: AxiomAudit.lean:743:0: 'ASGinzburg.finiteTotalProjection_apply_component' depends on axioms: [propext, Classical.choice, Quot.sound]
2026-10-08T09:49:02.6669016Z info: AxiomAudit.lean:744:0: 'ASGinzburg.finiteTotalProjection_idempotent' depends on axioms: [propext, Classical.choice, Quot.sound]
2026-10-08T09:49:02.6670687Z info: AxiomAudit.lean:745:0: 'ASGinzburg.finiteTotalProjection_support' depends on axioms: [propext, Classical.choice, Quot.sound]
2026-10-08T09:49:02.6672453Z info: AxiomAudit.lean:746:0: 'ASGinzburg.finiteTotalProjection_eq_self_of_support_subset' depends on axioms: [propext, Classical.choice, Quot.sound]
2026-10-08T09:49:02.6674609Z info: AxiomAudit.lean:747:0: 'ASGinzburg.finiteTotalProjection_common_local_unit' depends on axioms: [propext, Classical.choice, Quot.sound]
2026-10-08T09:49:02.6676760Z info: AxiomAudit.lean:748:0: 'ASGinzburg.ZAlgebra.leftModuleTotalAction_id' depends on axioms: [propext, Classical.choice, Quot.sound]
2026-10-08T09:49:02.6678561Z info: AxiomAudit.lean:749:0: 'ASGinzburg.ZAlgebra.leftModuleTotalSpace_local_units' depends on axioms: [propext, Classical.choice, Quot.sound]
2026-10-08T09:49:02.6680328Z info: AxiomAudit.lean:750:0: 'ASGinzburg.ZAlgebra.rightModuleTotalAction' depends on axioms: [propext, Classical.choice, Quot.sound]
2026-10-08T09:49:02.6682049Z info: AxiomAudit.lean:751:0: 'ASGinzburg.ZAlgebra.rightModuleTotalAction_id' depends on axioms: [propext, Classical.choice, Quot.sound]
2026-10-08T09:49:02.6684267Z info: AxiomAudit.lean:752:0: 'ASGinzburg.ZAlgebra.rightModuleTotalSpace_local_units' depends on axioms: [propext, Classical.choice, Quot.sound]
2026-10-08T09:49:02.6686167Z info: AxiomAudit.lean:753:0: 'ASGinzburg.ZAlgebra.leftModuleTotalSpace_common_local_unit' depends on axioms: [propext, Classical.choice, Quot.sound]
2026-10-08T09:49:02.6688141Z info: AxiomAudit.lean:754:0: 'ASGinzburg.ZAlgebra.rightModuleTotalSpace_common_local_unit' depends on axioms: [propext, Classical.choice, Quot.sound]
2026-10-08T09:49:02.6689971Z info: AxiomAudit.lean:755:0: 'ASGinzburg.ZAlgebra.rightModuleTotalAction_lof' depends on axioms: [propext, Classical.choice, Quot.sound]
2026-10-08T09:49:02.6691734Z info: AxiomAudit.lean:756:0: 'ASGinzburg.ZAlgebra.rightModuleTotalAction_lof_off' depends on axioms: [propext, Classical.choice, Quot.sound]
2026-10-08T09:49:02.6693499Z info: AxiomAudit.lean:757:0: 'ASGinzburg.ZAlgebra.leftTotalRepresentation' depends on axioms: [propext, Classical.choice, Quot.sound]
2026-10-08T09:49:02.6695521Z info: AxiomAudit.lean:758:0: 'ASGinzburg.ZAlgebra.leftTotalRepresentation_component' depends on axioms: [propext, Classical.choice, Quot.sound]
2026-10-08T09:49:02.6697308Z info: AxiomAudit.lean:759:0: 'ASGinzburg.ZAlgebra.rightTotalComponentOppositeRepresentation' depends on axioms: [propext,
2026-10-08T09:49:02.6698381Z  Classical.choice,
2026-10-08T09:49:02.6698729Z  Quot.sound]
2026-10-08T09:49:02.6699670Z info: AxiomAudit.lean:760:0: 'ASGinzburg.ZAlgebra.rightTotalRepresentation' depends on axioms: [propext, Classical.choice, Quot.sound]
2026-10-08T09:49:02.6701527Z info: AxiomAudit.lean:761:0: 'ASGinzburg.ZAlgebra.rightTotalRepresentation_component' depends on axioms: [propext, Classical.choice, Quot.sound]
2026-10-08T09:49:02.6703254Z info: AxiomAudit.lean:762:0: 'ASGinzburg.discreteColimitFaithful' depends on axioms: [propext, Classical.choice, Quot.sound]
2026-10-08T09:49:02.6705256Z info: AxiomAudit.lean:763:0: 'ASGinzburg.ZAlgebra.rightModuleComponents' depends on axioms: [propext, Classical.choice, Quot.sound]
2026-10-08T09:49:02.6707159Z info: AxiomAudit.lean:764:0: 'ASGinzburg.ZAlgebra.leftModuleComponents' depends on axioms: [propext, Classical.choice, Quot.sound]
2026-10-08T09:49:02.6708929Z info: AxiomAudit.lean:765:0: 'ASGinzburg.ZAlgebra.rightModuleComponentsFaithful' depends on axioms: [propext, Classical.choice, Quot.sound]
2026-10-08T09:49:02.6710753Z info: AxiomAudit.lean:766:0: 'ASGinzburg.ZAlgebra.leftModuleComponentsFaithful' depends on axioms: [propext, Classical.choice, Quot.sound]
2026-10-08T09:49:02.6712516Z info: AxiomAudit.lean:767:0: 'ASGinzburg.ZAlgebra.rightModuleTotalFunctor' depends on axioms: [propext, Classical.choice, Quot.sound]
2026-10-08T09:49:02.6714458Z info: AxiomAudit.lean:768:0: 'ASGinzburg.ZAlgebra.leftModuleTotalFunctor' depends on axioms: [propext, Classical.choice, Quot.sound]
2026-10-08T09:49:02.6716250Z info: AxiomAudit.lean:769:0: 'ASGinzburg.ZAlgebra.rightModuleTotalFunctorFaithful' depends on axioms: [propext, Classical.choice, Quot.sound]
2026-10-08T09:49:02.6718141Z info: AxiomAudit.lean:770:0: 'ASGinzburg.ZAlgebra.leftModuleTotalFunctorFaithful' depends on axioms: [propext, Classical.choice, Quot.sound]
2026-10-08T09:49:02.6719939Z info: AxiomAudit.lean:771:0: 'ASGinzburg.ZAlgebra.rightModuleTotalFunctorPreservesFiniteLimits' depends on axioms: [propext,
2026-10-08T09:49:02.6721038Z  Classical.choice,
2026-10-08T09:49:02.6721383Z  Quot.sound]
2026-10-08T09:49:02.6722328Z info: AxiomAudit.lean:772:0: 'ASGinzburg.ZAlgebra.leftModuleTotalFunctorPreservesFiniteLimits' depends on axioms: [propext,
2026-10-08T09:49:02.6723414Z  Classical.choice,
2026-10-08T09:49:02.6723758Z  Quot.sound]
2026-10-08T09:49:02.6724961Z info: AxiomAudit.lean:773:0: 'ASGinzburg.ZAlgebra.rightModuleTotalFunctorPreservesColimitsOfShape' depends on axioms: [propext,
2026-10-08T09:49:02.6726105Z  Classical.choice,
2026-10-08T09:49:02.6726452Z  Quot.sound]
2026-10-08T09:49:02.6727421Z info: AxiomAudit.lean:774:0: 'ASGinzburg.ZAlgebra.leftModuleTotalFunctorPreservesColimitsOfShape' depends on axioms: [propext,
2026-10-08T09:49:02.6728760Z  Classical.choice,
2026-10-08T09:49:02.6729103Z  Quot.sound]
2026-10-08T09:49:02.6730106Z info: AxiomAudit.lean:775:0: 'ASGinzburg.ZAlgebra.leftModuleTotalFunctorObjIso' depends on axioms: [propext, Classical.choice, Quot.sound]
2026-10-08T09:49:02.6731870Z info: AxiomAudit.lean:776:0: 'ASGinzburg.ZAlgebra.rightModuleTotalSpace' depends on axioms: [propext, Classical.choice, Quot.sound]
2026-10-08T09:49:02.6733633Z info: AxiomAudit.lean:777:0: 'ASGinzburg.ZAlgebra.rightModuleTotalFunctorObjIso' depends on axioms: [propext, Classical.choice, Quot.sound]
2026-10-08T09:49:02.6735657Z info: AxiomAudit.lean:778:0: 'ASGinzburg.ZAlgebra.rightModuleTotalFunctorPreservesFiniteColimits' depends on axioms: [propext,
2026-10-08T09:49:02.6736786Z  Classical.choice,
2026-10-08T09:49:02.6737128Z  Quot.sound]
2026-10-08T09:49:02.6738083Z info: AxiomAudit.lean:779:0: 'ASGinzburg.ZAlgebra.leftModuleTotalFunctorPreservesFiniteColimits' depends on axioms: [propext,
2026-10-08T09:49:02.6739205Z  Classical.choice,
2026-10-08T09:49:02.6739550Z  Quot.sound]
2026-10-08T09:49:02.6740568Z info: AxiomAudit.lean:780:0: 'ASGinzburg.ZAlgebra.rightModuleTotalFunctor_shortExact' depends on axioms: [propext, Classical.choice, Quot.sound]
2026-10-08T09:49:02.6742437Z info: AxiomAudit.lean:781:0: 'ASGinzburg.ZAlgebra.leftModuleTotalFunctor_shortExact' depends on axioms: [propext, Classical.choice, Quot.sound]
2026-10-08T09:49:02.6744644Z info: AxiomAudit.lean:782:0: 'ASGinzburg.ZAlgebra.rightModuleTotalFunctor_exact_iff' depends on axioms: [propext, Classical.choice, Quot.sound]
2026-10-08T09:49:02.6746588Z info: AxiomAudit.lean:783:0: 'ASGinzburg.ZAlgebra.leftModuleTotalFunctor_exact_iff' depends on axioms: [propext, Classical.choice, Quot.sound]
2026-10-08T09:49:02.6748843Z info: AxiomAudit.lean:784:0: 'ASGinzburg.ZAlgebra.leftModuleTotalFunctor_ι_objIso_hom' depends on axioms: [propext, Classical.choice, Quot.sound]
2026-10-08T09:49:02.6751163Z info: AxiomAudit.lean:785:0: 'ASGinzburg.ZAlgebra.rightModuleTotalFunctor_ι_objIso_hom' depends on axioms: [propext, Classical.choice, Quot.sound]
2026-10-08T09:49:02.6752711Z info: AxiomAudit.lean:786:0: 'ASGinzburg.triangle333' depends on axioms: [propext, Quot.sound]
2026-10-08T09:49:02.6753820Z info: AxiomAudit.lean:787:0: 'ASGinzburg.triangleX' depends on axioms: [propext, Quot.sound]
2026-10-08T09:49:02.6755235Z info: AxiomAudit.lean:788:0: 'ASGinzburg.triangleY' depends on axioms: [propext, Quot.sound]
2026-10-08T09:49:02.6756307Z info: AxiomAudit.lean:789:0: 'ASGinzburg.triangleZ' depends on axioms: [propext, Quot.sound]
2026-10-08T09:49:02.6757423Z info: AxiomAudit.lean:790:0: 'ASGinzburg.triangleX_cut' depends on axioms: [propext, Quot.sound]
2026-10-08T09:49:02.6758561Z info: AxiomAudit.lean:791:0: 'ASGinzburg.triangleY_cut' depends on axioms: [propext, Quot.sound]
2026-10-08T09:49:02.6759810Z info: AxiomAudit.lean:792:0: 'ASGinzburg.triangleZ_cut' depends on axioms: [propext, Classical.choice, Quot.sound]
2026-10-08T09:49:02.6761269Z info: AxiomAudit.lean:793:0: 'ASGinzburg.triangle_arrow_winding' depends on axioms: [propext, Classical.choice, Quot.sound]
2026-10-08T09:49:02.6762760Z info: AxiomAudit.lean:794:0: 'ASGinzburg.triangle_path_winding' depends on axioms: [propext, Classical.choice, Quot.sound]
2026-10-08T09:49:02.6764633Z info: AxiomAudit.lean:795:0: 'ASGinzburg.triangle_cut_one_cycle_is_cubic' depends on axioms: [propext, Classical.choice, Quot.sound]
2026-10-08T09:49:02.6766297Z info: AxiomAudit.lean:796:0: 'ASGinzburg.triangle_same_winding_as_arrow_is_linear' depends on axioms: [propext, Classical.choice, Quot.sound]
2026-10-08T09:49:02.6767885Z info: AxiomAudit.lean:797:0: 'ASGinzburg.trianglePotential' depends on axioms: [propext, Classical.choice, Quot.sound]
2026-10-08T09:49:02.6769511Z info: AxiomAudit.lean:798:0: 'ASGinzburg.trianglePotential_cut_derivative_identity' depends on axioms: [propext, Classical.choice, Quot.sound]
2026-10-08T09:49:02.6771360Z info: AxiomAudit.lean:799:0: 'ASGinzburg.ZAlgebra.totalUnitizationComponentLinear' depends on axioms: [propext, Classical.choice, Quot.sound]
2026-10-08T09:49:02.6773537Z info: AxiomAudit.lean:800:0: 'ASGinzburg.ZAlgebra.totalUnitizationComponentLinear_apply' depends on axioms: [propext, Classical.choice, Quot.sound]
2026-10-08T09:49:02.6776561Z info: AxiomAudit.lean:801:0: 'ASGinzburg.ZAlgebra.leftUnitizationComponentAction' depends on axioms: [propext, Classical.choice, Quot.sound]
2026-10-08T09:49:02.6778423Z info: AxiomAudit.lean:802:0: 'ASGinzburg.ZAlgebra.rightUnitizationComponentAction' depends on axioms: [propext, Classical.choice, Quot.sound]
2026-10-08T09:49:02.6780312Z info: AxiomAudit.lean:803:0: 'ASGinzburg.ZAlgebra.leftUnitizationComponentAction_comp' depends on axioms: [propext, Classical.choice, Quot.sound]
2026-10-08T09:49:02.6782194Z info: AxiomAudit.lean:804:0: 'ASGinzburg.ZAlgebra.rightUnitizationComponentAction_comp' depends on axioms: [propext, Classical.choice, Quot.sound]
2026-10-08T09:49:02.6783870Z info: AxiomAudit.lean:805:0: 'ASGinzburg.ZAlgebra.leftUnitizationComponentAction_comp_off' depends on axioms: [propext, Classical.choice, Quot.sound]
2026-10-08T09:49:02.6785902Z info: AxiomAudit.lean:806:0: 'ASGinzburg.ZAlgebra.rightUnitizationComponentAction_comp_off' depends on axioms: [propext,
2026-10-08T09:49:02.6786940Z  Classical.choice,
2026-10-08T09:49:02.6787284Z  Quot.sound]
2026-10-08T09:49:02.6788327Z info: AxiomAudit.lean:807:0: 'ASGinzburg.ZAlgebra.leftUnitizationProjection' depends on axioms: [propext, Classical.choice, Quot.sound]
2026-10-08T09:49:02.6790097Z info: AxiomAudit.lean:808:0: 'ASGinzburg.ZAlgebra.rightUnitizationProjection' depends on axioms: [propext, Classical.choice, Quot.sound]
2026-10-08T09:49:02.6791931Z info: AxiomAudit.lean:809:0: 'ASGinzburg.ZAlgebra.leftUnitizationProjection_idempotent' depends on axioms: [propext, Classical.choice, Quot.sound]
2026-10-08T09:49:02.6793856Z info: AxiomAudit.lean:810:0: 'ASGinzburg.ZAlgebra.rightUnitizationProjection_idempotent' depends on axioms: [propext, Classical.choice, Quot.sound]
2026-10-08T09:49:02.6796218Z info: AxiomAudit.lean:811:0: 'ASGinzburg.ZAlgebra.leftUnitizationProjection_orthogonal' depends on axioms: [propext, Classical.choice, Quot.sound]
2026-10-08T09:49:02.6798164Z info: AxiomAudit.lean:812:0: 'ASGinzburg.ZAlgebra.rightUnitizationProjection_orthogonal' depends on axioms: [propext, Classical.choice, Quot.sound]
2026-10-08T09:49:02.6800028Z info: AxiomAudit.lean:813:0: 'ASGinzburg.ZAlgebra.leftUnitizationComponentHom' depends on axioms: [propext, Classical.choice, Quot.sound]
2026-10-08T09:49:02.6801822Z info: AxiomAudit.lean:814:0: 'ASGinzburg.ZAlgebra.rightUnitizationComponentHom' depends on axioms: [propext, Classical.choice, Quot.sound]
2026-10-08T09:49:02.6803687Z info: AxiomAudit.lean:815:0: 'ASGinzburg.ZAlgebra.unitizationLeftComponentModuleMap' depends on axioms: [propext, Classical.choice, Quot.sound]
2026-10-08T09:49:02.6805825Z info: AxiomAudit.lean:816:0: 'ASGinzburg.ZAlgebra.unitizationRightComponentModuleMap' depends on axioms: [propext, Classical.choice, Quot.sound]
2026-10-08T09:49:02.6807823Z info: AxiomAudit.lean:817:0: 'ASGinzburg.ZAlgebra.unitizationLeftComponentModuleFunctor' depends on axioms: [propext, Classical.choice, Quot.sound]
2026-10-08T09:49:02.6809820Z info: AxiomAudit.lean:818:0: 'ASGinzburg.ZAlgebra.unitizationRightComponentModuleFunctor' depends on axioms: [propext, Classical.choice, Quot.sound]
2026-10-08T09:49:02.6811757Z info: AxiomAudit.lean:819:0: 'ASGinzburg.ZAlgebra.leftLocallyUnitalComponentFunctor' depends on axioms: [propext, Classical.choice, Quot.sound]
2026-10-08T09:49:02.6813648Z info: AxiomAudit.lean:820:0: 'ASGinzburg.ZAlgebra.rightLocallyUnitalComponentFunctor' depends on axioms: [propext, Classical.choice, Quot.sound]
2026-10-08T09:49:02.6815941Z info: AxiomAudit.lean:821:0: 'ASGinzburg.ZAlgebra.leftUnitizationComponentSpace' depends on axioms: [propext, Classical.choice, Quot.sound]
2026-10-08T09:49:02.6817796Z info: AxiomAudit.lean:822:0: 'ASGinzburg.ZAlgebra.rightUnitizationComponentSpace' depends on axioms: [propext, Classical.choice, Quot.sound]
2026-10-08T09:49:02.6819907Z info: AxiomAudit.lean:823:0: 'ASGinzburg.ZAlgebra.leftUnitizationProjection_range_fixed' depends on axioms: [propext, Classical.choice, Quot.sound]
2026-10-08T09:49:02.6821824Z info: AxiomAudit.lean:824:0: 'ASGinzburg.ZAlgebra.rightUnitizationProjection_range_fixed' depends on axioms: [propext, Classical.choice, Quot.sound]
2026-10-08T09:49:02.6823681Z info: AxiomAudit.lean:825:0: 'ASGinzburg.ZAlgebra.leftUnitizationComponentMap' depends on axioms: [propext, Classical.choice, Quot.sound]
2026-10-08T09:49:02.6825714Z info: AxiomAudit.lean:826:0: 'ASGinzburg.ZAlgebra.rightUnitizationComponentMap' depends on axioms: [propext, Classical.choice, Quot.sound]
2026-10-08T09:49:02.6827548Z info: AxiomAudit.lean:827:0: 'ASGinzburg.ZAlgebra.leftUnitizationComponentMap_id' depends on axioms: [propext, Classical.choice, Quot.sound]
2026-10-08T09:49:02.6829389Z info: AxiomAudit.lean:828:0: 'ASGinzburg.ZAlgebra.rightUnitizationComponentMap_id' depends on axioms: [propext, Classical.choice, Quot.sound]
2026-10-08T09:49:02.6831274Z info: AxiomAudit.lean:829:0: 'ASGinzburg.ZAlgebra.leftUnitizationComponentMap_comp' depends on axioms: [propext, Classical.choice, Quot.sound]
2026-10-08T09:49:02.6833148Z info: AxiomAudit.lean:830:0: 'ASGinzburg.ZAlgebra.rightUnitizationComponentMap_comp' depends on axioms: [propext, Classical.choice, Quot.sound]
2026-10-08T09:49:02.6835190Z info: AxiomAudit.lean:831:0: 'ASGinzburg.ZAlgebra.leftUnitizationActionLinear' depends on axioms: [propext, Classical.choice, Quot.sound]
2026-10-08T09:49:02.6836988Z info: AxiomAudit.lean:832:0: 'ASGinzburg.ZAlgebra.rightUnitizationActionLinear' depends on axioms: [propext, Classical.choice, Quot.sound]
2026-10-08T09:49:02.6838837Z info: AxiomAudit.lean:833:0: 'ASGinzburg.ZAlgebra.leftUnitizationRangeActionLinear' depends on axioms: [propext, Classical.choice, Quot.sound]
2026-10-08T09:49:02.6840749Z info: AxiomAudit.lean:834:0: 'ASGinzburg.ZAlgebra.rightUnitizationRangeActionLinear' depends on axioms: [propext, Classical.choice, Quot.sound]
2026-10-08T09:49:02.6842849Z info: AxiomAudit.lean:835:0: 'ASGinzburg.ZAlgebra.unitizationLeftComponentFunctor' depends on axioms: [propext, Classical.choice, Quot.sound]
2026-10-08T09:49:02.6844966Z info: AxiomAudit.lean:836:0: 'ASGinzburg.ZAlgebra.unitizationRightComponentFunctor' depends on axioms: [propext, Classical.choice, Quot.sound]
2026-10-08T09:49:02.6846926Z info: AxiomAudit.lean:837:0: 'ASGinzburg.ZAlgebra.unitizationLeftComponentFunctorAdditive' depends on axioms: [propext, Classical.choice, Quot.sound]
2026-10-08T09:49:02.6848769Z info: AxiomAudit.lean:838:0: 'ASGinzburg.ZAlgebra.unitizationRightComponentFunctorAdditive' depends on axioms: [propext,
2026-10-08T09:49:02.6849838Z  Classical.choice,
2026-10-08T09:49:02.6850186Z  Quot.sound]
2026-10-08T09:49:02.6851279Z info: AxiomAudit.lean:839:0: 'ASGinzburg.ZAlgebra.unitizationLeftComponentFunctorLinear' depends on axioms: [propext, Classical.choice, Quot.sound]
2026-10-08T09:49:02.6853279Z info: AxiomAudit.lean:840:0: 'ASGinzburg.ZAlgebra.unitizationRightComponentFunctorLinear' depends on axioms: [propext, Classical.choice, Quot.sound]
2026-10-08T09:49:02.6855544Z info: AxiomAudit.lean:841:0: 'ASGinzburg.ZAlgebra.unitizationLeftComponentModule' depends on axioms: [propext, Classical.choice, Quot.sound]
2026-10-08T09:49:02.6857427Z info: AxiomAudit.lean:842:0: 'ASGinzburg.ZAlgebra.unitizationRightComponentModule' depends on axioms: [propext, Classical.choice, Quot.sound]
2026-10-08T09:49:02.6858238Z info: AxiomAudit.lean:843:0: 'ASGinzburg.ZAlgebra.leftUnitizationComponentSum' depends on axioms: [propext, Classical.choice, Quot.sound]
2026-10-08T09:49:02.6859052Z info: AxiomAudit.lean:844:0: 'ASGinzburg.ZAlgebra.rightUnitizationComponentSum' depends on axioms: [propext, Classical.choice, Quot.sound]
2026-10-08T09:49:02.6859883Z info: AxiomAudit.lean:845:0: 'ASGinzburg.ZAlgebra.leftUnitizationComponentSum_lof' depends on axioms: [propext, Classical.choice, Quot.sound]
2026-10-08T09:49:02.6860740Z info: AxiomAudit.lean:846:0: 'ASGinzburg.ZAlgebra.rightUnitizationComponentSum_lof' depends on axioms: [propext, Classical.choice, Quot.sound]
2026-10-08T09:49:02.6861805Z info: AxiomAudit.lean:847:0: 'ASGinzburg.ZAlgebra.leftUnitizationProjection_range_off' depends on axioms: [propext, Classical.choice, Quot.sound]
2026-10-08T09:49:02.6862675Z info: AxiomAudit.lean:848:0: 'ASGinzburg.ZAlgebra.rightUnitizationProjection_range_off' depends on axioms: [propext, Classical.choice, Quot.sound]
2026-10-08T09:49:02.6863548Z info: AxiomAudit.lean:849:0: 'ASGinzburg.ZAlgebra.leftUnitizationProjection_componentSum' depends on axioms: [propext, Classical.choice, Quot.sound]
2026-10-08T09:49:02.6864672Z info: AxiomAudit.lean:850:0: 'ASGinzburg.ZAlgebra.rightUnitizationProjection_componentSum' depends on axioms: [propext, Classical.choice, Quot.sound]
2026-10-08T09:49:02.6865557Z info: AxiomAudit.lean:851:0: 'ASGinzburg.ZAlgebra.leftUnitizationComponentSum_injective' depends on axioms: [propext, Classical.choice, Quot.sound]
2026-10-08T09:49:02.6866462Z info: AxiomAudit.lean:852:0: 'ASGinzburg.ZAlgebra.rightUnitizationComponentSum_injective' depends on axioms: [propext, Classical.choice, Quot.sound]
2026-10-08T09:49:02.6867278Z info: AxiomAudit.lean:853:0: 'ASGinzburg.ZAlgebra.leftUnitizationLocalUnit_smul' depends on axioms: [propext, Classical.choice, Quot.sound]
2026-10-08T09:49:02.6868102Z info: AxiomAudit.lean:854:0: 'ASGinzburg.ZAlgebra.rightUnitizationLocalUnit_smul' depends on axioms: [propext, Classical.choice, Quot.sound]
2026-10-08T09:49:02.6868987Z info: AxiomAudit.lean:855:0: 'ASGinzburg.ZAlgebra.leftUnitizationComponentSum_surjective' depends on axioms: [propext, Classical.choice, Quot.sound]
2026-10-08T09:49:02.6869874Z info: AxiomAudit.lean:856:0: 'ASGinzburg.ZAlgebra.rightUnitizationComponentSum_surjective' depends on axioms: [propext, Classical.choice, Quot.sound]
2026-10-08T09:49:02.6870724Z info: AxiomAudit.lean:857:0: 'ASGinzburg.ZAlgebra.leftUnitizationComponentSumEquiv' depends on axioms: [propext, Classical.choice, Quot.sound]
2026-10-08T09:49:02.6871812Z info: AxiomAudit.lean:858:0: 'ASGinzburg.ZAlgebra.rightUnitizationComponentSumEquiv' depends on axioms: [propext, Classical.choice, Quot.sound]
2026-10-08T09:49:02.6872288Z info: AxiomAudit.lean:859:0: 'ASGinzburg.ZAlgebra.InWindow' does not depend on any axioms
2026-10-08T09:49:02.6872955Z info: AxiomAudit.lean:860:0: 'ASGinzburg.ZAlgebra.InWindow.mono' depends on axioms: [propext, Classical.choice, Quot.sound]
2026-10-08T09:49:02.6873624Z info: AxiomAudit.lean:861:0: 'ASGinzburg.ZAlgebra.WindowSystem' depends on axioms: [propext, Classical.choice, Quot.sound]
2026-10-08T09:49:02.6874596Z info: AxiomAudit.lean:862:0: 'ASGinzburg.ZAlgebra.WindowSystem.globalMap' depends on axioms: [propext, Classical.choice, Quot.sound]
2026-10-08T09:49:02.6875418Z info: AxiomAudit.lean:863:0: 'ASGinzburg.ZAlgebra.WindowSystem.globalMap_eq_window' depends on axioms: [propext, Classical.choice, Quot.sound]
2026-10-08T09:49:02.6876180Z info: AxiomAudit.lean:864:0: 'ASGinzburg.ZAlgebra.WindowSystem.periodIso' depends on axioms: [propext, Classical.choice, Quot.sound]
2026-10-08T09:49:02.6876943Z info: AxiomAudit.lean:865:0: 'ASGinzburg.ZAlgebra.WindowSystem.isPeriodic' depends on axioms: [propext, Classical.choice, Quot.sound]
2026-10-08T09:49:02.6877510Z info: AxiomAudit.lean:866:0: 'ASGinzburg.ZAlgebra' depends on axioms: [propext, Classical.choice, Quot.sound]
2026-10-08T09:49:02.6878155Z info: AxiomAudit.lean:867:0: 'ASGinzburg.ZAlgebra.PeriodIso' depends on axioms: [propext, Classical.choice, Quot.sound]
2026-10-08T09:49:02.6878807Z info: AxiomAudit.lean:868:0: 'ASGinzburg.ZAlgebra.IsPeriodic' depends on axioms: [propext, Classical.choice, Quot.sound]
2026-10-08T09:49:02.6879523Z info: AxiomAudit.lean:869:0: 'ASGinzburg.ZAlgebra.LinearSubcategory' depends on axioms: [propext, Classical.choice, Quot.sound]
2026-10-08T09:49:02.6880181Z info: AxiomAudit.lean:870:0: 'ASGinzburg.ZAlgebra.products' depends on axioms: [propext, Classical.choice, Quot.sound]
2026-10-08T09:49:02.6880940Z info: AxiomAudit.lean:871:0: 'ASGinzburg.ZAlgebra.generated_of_decomposition' depends on axioms: [propext, Classical.choice, Quot.sound]
2026-10-08T09:49:02.6881347Z Build completed successfully (3421 jobs).
2026-10-08T09:49:02.6881630Z [2026-10-08T09:49:02.499533+00:00] build: exit=0, elapsed=636.031065s
2026-10-08T09:49:02.6882442Z [2026-10-08T09:49:02.500565+00:00] axioms: bash /home/runner/work/as-ginzburg-lean/as-ginzburg-lean/scripts/with_lean.sh lake env lean AxiomAudit.lean
2026-10-08T09:49:30.6229493Z 'ASGinzburg.cardinal_sum_one_other_zero' depends on axioms: [propext, Classical.choice, Quot.sound]
2026-10-08T09:49:30.6257302Z 'ASGinzburg.ZAlgebra.ASRegular.extRank_other_zero' depends on axioms: [propext, Classical.choice, Quot.sound]
2026-10-08T09:49:30.6266624Z 'ASGinzburg.ZAlgebra.ASRegular.ext_other_eq_zero' depends on axioms: [propext, Classical.choice, Quot.sound]
2026-10-08T09:49:30.6268479Z 'ASGinzburg.ZAlgebra.ASRegular.ext_finrank' depends on axioms: [propext, Classical.choice, Quot.sound]
2026-10-08T09:49:30.6275319Z 'ASGinzburg.ZAlgebra.ASResolution.homologyExtThreeEquiv' depends on axioms: [propext, Classical.choice, Quot.sound]
2026-10-08T09:49:30.6277030Z 'ASGinzburg.ZAlgebra.ASRegular.extDimensionTable' depends on axioms: [propext, Classical.choice, Quot.sound]
2026-10-08T09:49:30.6278663Z 'ASGinzburg.ZAlgebra.ASRegular.extDimensionTable_apply' depends on axioms: [propext, Classical.choice, Quot.sound]
2026-10-08T09:49:30.6280359Z 'ASGinzburg.ZAlgebra.ASRegular.extDimensionTable_eq_single' depends on axioms: [propext, Classical.choice, Quot.sound]
2026-10-08T09:49:30.6282045Z 'ASGinzburg.ZAlgebra.ASRegular.extDimensionTable_total' depends on axioms: [propext, Classical.choice, Quot.sound]
2026-10-08T09:49:30.6283572Z 'ASGinzburg.cardinal_sum_eq_one_of_single' depends on axioms: [propext, Classical.choice, Quot.sound]
2026-10-08T09:49:30.6285380Z 'ASGinzburg.ZAlgebra.asExtTotalRank_eq_one_of_finrank' depends on axioms: [propext, Classical.choice, Quot.sound]
2026-10-08T09:49:30.6287420Z 'ASGinzburg.ZAlgebra.asRegular_iff_ext_finrank' depends on axioms: [propext, Classical.choice, Quot.sound]
2026-10-08T09:49:30.6289182Z 'ASGinzburg.ZAlgebra.ASResolution.asDualityExtThreeEquiv' depends on axioms: [propext, Classical.choice, Quot.sound]
2026-10-08T09:49:30.6290821Z 'ASGinzburg.ZAlgebra.ASRegular.extThreeEquiv' depends on axioms: [propext, Classical.choice, Quot.sound]
2026-10-08T09:49:30.6292343Z 'ASGinzburg.ZAlgebra.ASRegular.extThree_finrank' depends on axioms: [propext, Classical.choice, Quot.sound]
2026-10-08T09:49:30.6293843Z 'ASGinzburg.ZAlgebra.ASRegular.extThree_rank' depends on axioms: [propext, Classical.choice, Quot.sound]
2026-10-08T09:49:30.6295723Z 'ASGinzburg.ZAlgebra.ASResolution.homComplex_isZero_ge_four' depends on axioms: [propext, Classical.choice, Quot.sound]
2026-10-08T09:49:30.6297385Z 'ASGinzburg.ZAlgebra.ASResolution.homComplex_tau_representable_low_terms_isZero' depends on axioms: [propext,
2026-10-08T09:49:30.6298508Z  Classical.choice,
2026-10-08T09:49:30.6299032Z  Quot.sound]
2026-10-08T09:49:30.6300075Z 'ASGinzburg.ZAlgebra.ASResolution.homComplex_tau_representable_top_homologyLinearEquiv' depends on axioms: [propext,
2026-10-08T09:49:30.6301261Z  Classical.choice,
2026-10-08T09:49:30.6301773Z  Quot.sound]
2026-10-08T09:49:30.6302752Z 'ASGinzburg.ZAlgebra.ASResolution.homComplex_tau_representable_low_homology_isZero' depends on axioms: [propext,
2026-10-08T09:49:30.6303882Z  Classical.choice,
2026-10-08T09:49:30.6304679Z  Quot.sound]
2026-10-08T09:49:30.6305672Z 'ASGinzburg.ZAlgebra.ASResolution.homComplex_tau_representable_high_homology_isZero' depends on axioms: [propext,
2026-10-08T09:49:30.6306808Z  Classical.choice,
2026-10-08T09:49:30.6307321Z  Quot.sound]
2026-10-08T09:49:30.6308300Z 'ASGinzburg.ZAlgebra.ASResolution.homComplex_tau_representable_top_homology_finrank' depends on axioms: [propext,
2026-10-08T09:49:30.6309443Z  Classical.choice,
2026-10-08T09:49:30.6309953Z  Quot.sound]
2026-10-08T09:49:30.6310895Z 'ASGinzburg.CutQuiver.tau_incomingSource_height_gt' depends on axioms: [propext, Classical.choice, Quot.sound]
2026-10-08T09:49:30.6313066Z 'ASGinzburg.ZAlgebra.asDualityHomTerm₀_zero' depends on axioms: [propext, Classical.choice, Quot.sound]
2026-10-08T09:49:30.6314991Z 'ASGinzburg.ZAlgebra.asDualityHomTerm₁_zero' depends on axioms: [propext, Classical.choice, Quot.sound]
2026-10-08T09:49:30.6316663Z 'ASGinzburg.ZAlgebra.asDualityHomTerm₂_zero' depends on axioms: [propext, Classical.choice, Quot.sound]
2026-10-08T09:49:30.6318303Z 'ASGinzburg.ZAlgebra.asDualityHomTerm₃Equiv' depends on axioms: [propext, Classical.choice, Quot.sound]
2026-10-08T09:49:30.6319834Z 'ASGinzburg.ZAlgebra.leftModule_isZero_of_components' depends on axioms: [propext, Classical.choice, Quot.sound]
2026-10-08T09:49:30.6321420Z 'ASGinzburg.ZAlgebra.leftModuleIsoOfSingleSupport' depends on axioms: [propext, Classical.choice, Quot.sound]
2026-10-08T09:49:30.6323031Z 'ASGinzburg.ZAlgebra.ASRegular.extLeft_off_degree_three' depends on axioms: [propext, Classical.choice, Quot.sound]
2026-10-08T09:49:30.6324846Z 'ASGinzburg.ZAlgebra.ASRegular.extLeftThree_off_vertex' depends on axioms: [propext, Classical.choice, Quot.sound]
2026-10-08T09:49:30.6327305Z 'ASGinzburg.ZAlgebra.ASRegular.extLeftThreeIsoSimple' depends on axioms: [propext, Classical.choice, Quot.sound]
2026-10-08T09:49:30.6328820Z 'ASGinzburg.ZAlgebra.ASRegular.extLeftThree_positive_action_zero' depends on axioms: [propext,
2026-10-08T09:49:30.6329819Z  Classical.choice,
2026-10-08T09:49:30.6330311Z  Quot.sound]
2026-10-08T09:49:30.6331234Z 'ASGinzburg.directSumSingleSupportLinearEquiv' depends on axioms: [propext, Classical.choice, Quot.sound]
2026-10-08T09:49:30.6332826Z 'ASGinzburg.ZAlgebra.rightRegularCoproduct' depends on axioms: [propext, Classical.choice, Quot.sound]
2026-10-08T09:49:50.3687066Z 'ASGinzburg.ZAlgebra.rightRegularCoproductComponentIso' depends on axioms: [propext, Classical.choice, Quot.sound]
2026-10-08T09:49:50.3705095Z 'ASGinzburg.ZAlgebra.leftModuleTotalSpace' depends on axioms: [propext, Classical.choice, Quot.sound]
2026-10-08T09:49:50.3725194Z 'ASGinzburg.ZAlgebra.leftModuleTotalIso' depends on axioms: [propext, Classical.choice, Quot.sound]
2026-10-08T09:49:50.3726925Z 'ASGinzburg.ZAlgebra.ASResolution.extRegularCoproductLinearEquiv' depends on axioms: [propext,
2026-10-08T09:49:50.3728021Z  Classical.choice,
2026-10-08T09:49:50.3728542Z  Quot.sound]
2026-10-08T09:49:50.3729595Z 'ASGinzburg.ZAlgebra.leftModuleTotalSpace_eq_zero_of_isZero' depends on axioms: [propext, Classical.choice, Quot.sound]
2026-10-08T09:49:50.3731239Z 'ASGinzburg.ZAlgebra.simpleLeftModuleTotalEquiv' depends on axioms: [propext, Classical.choice, Quot.sound]
2026-10-08T09:49:50.3732778Z 'ASGinzburg.ZAlgebra.ASRegular.extRegularCoproduct_off_three_eq_zero' depends on axioms: [propext,
2026-10-08T09:49:50.3733833Z  Classical.choice,
2026-10-08T09:49:50.3734579Z  Quot.sound]
2026-10-08T09:49:50.3735662Z 'ASGinzburg.ZAlgebra.ASRegular.extRegularCoproductThreeEquiv' depends on axioms: [propext, Classical.choice, Quot.sound]
2026-10-08T09:49:50.3737297Z 'ASGinzburg.ZAlgebra.ASRegular.extRegularCoproductThree_finrank' depends on axioms: [propext,
2026-10-08T09:49:50.3738346Z  Classical.choice,
2026-10-08T09:49:50.3738867Z  Quot.sound]
2026-10-08T09:49:50.3739805Z 'ASGinzburg.ZAlgebra.ASRegular.extRegularCoproductThreeScalarEquiv' depends on axioms: [propext,
2026-10-08T09:49:50.3740890Z  Classical.choice,
2026-10-08T09:49:50.3741403Z  Quot.sound]
2026-10-08T09:49:50.3742451Z 'ASGinzburg.ZAlgebra.ASRegular.extRegularCoproductFinite' depends on axioms: [propext, Classical.choice, Quot.sound]
2026-10-08T09:49:50.3744354Z 'ASGinzburg.ZAlgebra.ASRegular.extRegularCoproduct_finrank' depends on axioms: [propext, Classical.choice, Quot.sound]
2026-10-08T09:49:50.3745922Z 'ASGinzburg.ZAlgebra.asExtTotalRank' depends on axioms: [propext, Classical.choice, Quot.sound]
2026-10-08T09:49:50.3747260Z 'ASGinzburg.ZAlgebra.ASRegular' depends on axioms: [propext, Classical.choice, Quot.sound]
2026-10-08T09:49:50.3748723Z 'ASGinzburg.ZAlgebra.ASRegular.resolution' depends on axioms: [propext, Classical.choice, Quot.sound]
2026-10-08T09:49:50.3750570Z 'ASGinzburg.ZAlgebra.ASRegular.projectiveResolution' depends on axioms: [propext, Classical.choice, Quot.sound]
2026-10-08T09:49:50.3752123Z 'ASGinzburg.ZAlgebra.ASRegular.projectiveResolution_isZero_ge_four' depends on axioms: [propext,
2026-10-08T09:49:50.3753180Z  Classical.choice,
2026-10-08T09:49:50.3753701Z  Quot.sound]
2026-10-08T09:49:50.3754797Z 'ASGinzburg.ZAlgebra.asExtRank_le_total' depends on axioms: [propext, Classical.choice, Quot.sound]
2026-10-08T09:49:50.3756246Z 'ASGinzburg.ZAlgebra.ASRegular.extRank_le_one' depends on axioms: [propext, Classical.choice, Quot.sound]
2026-10-08T09:49:50.3757702Z 'ASGinzburg.ZAlgebra.ASRegular.extFinite' depends on axioms: [propext, Classical.choice, Quot.sound]
2026-10-08T09:49:50.3759180Z 'ASGinzburg.ZAlgebra.ASRegular.extFinrank_le_one' depends on axioms: [propext, Classical.choice, Quot.sound]
2026-10-08T09:49:50.3760641Z 'ASGinzburg.ZAlgebra.asExtRank_zero_iff' depends on axioms: [propext, Classical.choice, Quot.sound]
2026-10-08T09:49:50.3761870Z 'ASGinzburg.CutQuiver.incomingArrows' does not depend on any axioms
2026-10-08T09:49:50.3762890Z 'ASGinzburg.CutQuiver.outgoingArrows' does not depend on any axioms
2026-10-08T09:49:50.3764310Z 'ASGinzburg.CutQuiver.incomingArrowsFintype' depends on axioms: [propext, Classical.choice, Quot.sound]
2026-10-08T09:49:50.3765846Z 'ASGinzburg.CutQuiver.outgoingArrowsFintype' depends on axioms: [propext, Classical.choice, Quot.sound]
2026-10-08T09:49:50.3767102Z 'ASGinzburg.CutQuiver.incomingSource' does not depend on any axioms
2026-10-08T09:49:50.3768114Z 'ASGinzburg.CutQuiver.outgoingTarget' does not depend on any axioms
2026-10-08T09:49:50.3769151Z 'ASGinzburg.CutQuiver.incoming_liftedTarget' depends on axioms: [propext]
2026-10-08T09:49:50.3770239Z 'ASGinzburg.CutQuiver.outgoing_liftedSource' does not depend on any axioms
2026-10-08T09:49:50.3771547Z 'ASGinzburg.CutQuiver.incomingSource_height_lt' depends on axioms: [propext, Classical.choice, Quot.sound]
2026-10-08T09:49:50.3773255Z 'ASGinzburg.CutQuiver.outgoingTarget_height_gt' depends on axioms: [propext, Classical.choice, Quot.sound]
2026-10-08T09:49:50.3775016Z 'ASGinzburg.ZAlgebra.rightModule_coproduct_projective' depends on axioms: [propext, Classical.choice, Quot.sound]
2026-10-08T09:49:50.3776877Z 'ASGinzburg.ZAlgebra.asResolutionTerm₁' depends on axioms: [propext, Classical.choice, Quot.sound]
2026-10-08T09:49:50.3778463Z 'ASGinzburg.ZAlgebra.asResolutionTerm₂' depends on axioms: [propext, Classical.choice, Quot.sound]
2026-10-08T09:49:50.3780116Z 'ASGinzburg.ZAlgebra.asResolutionTerm₁Projective' depends on axioms: [propext, Classical.choice, Quot.sound]
2026-10-08T09:49:50.3781873Z 'ASGinzburg.ZAlgebra.asResolutionTerm₂Projective' depends on axioms: [propext, Classical.choice, Quot.sound]
2026-10-08T09:49:50.3783342Z 'ASGinzburg.ZAlgebra.ASResolution' depends on axioms: [propext, Classical.choice, Quot.sound]
2026-10-08T09:49:50.3785222Z 'ASGinzburg.ZAlgebra.ASResolution.hom_d₁_simple_zero' depends on axioms: [propext, Classical.choice, Quot.sound]
2026-10-08T09:50:11.3871233Z 'ASGinzburg.ZAlgebra.ASResolution.hom_d₂_simple_zero' depends on axioms: [propext, Classical.choice, Quot.sound]
2026-10-08T09:50:11.3895489Z 'ASGinzburg.ZAlgebra.ASResolution.hom_d₃_simple_zero' depends on axioms: [propext, Classical.choice, Quot.sound]
2026-10-08T09:50:11.3910653Z 'ASGinzburg.ZAlgebra.ASResolution.complexTerm' depends on axioms: [propext, Classical.choice, Quot.sound]
2026-10-08T09:50:11.3912434Z 'ASGinzburg.ZAlgebra.ASResolution.complexDifferential' depends on axioms: [propext, Classical.choice, Quot.sound]
2026-10-08T09:50:11.3914282Z 'ASGinzburg.ZAlgebra.ASResolution.complexDifferential_sq' depends on axioms: [propext, Classical.choice, Quot.sound]
2026-10-08T09:50:11.3915811Z 'ASGinzburg.ZAlgebra.ASResolution.complex' depends on axioms: [propext, Classical.choice, Quot.sound]
2026-10-08T09:50:11.3917316Z 'ASGinzburg.ZAlgebra.ASResolution.complexTermProjective' depends on axioms: [propext, Classical.choice, Quot.sound]
2026-10-08T09:50:11.3919327Z 'ASGinzburg.ZAlgebra.ASResolution.complex_exactAt_succ' depends on axioms: [propext, Classical.choice, Quot.sound]
2026-10-08T09:50:11.3920830Z 'ASGinzburg.ZAlgebra.ASResolution.augmentation' depends on axioms: [propext, Classical.choice, Quot.sound]
2026-10-08T09:50:11.3922366Z 'ASGinzburg.ZAlgebra.ASResolution.augmentationQuasiIso' depends on axioms: [propext, Classical.choice, Quot.sound]
2026-10-08T09:50:11.3924162Z 'ASGinzburg.ZAlgebra.ASResolution.toProjectiveResolution' depends on axioms: [propext, Classical.choice, Quot.sound]
2026-10-08T09:50:11.3925788Z 'ASGinzburg.ZAlgebra.ASResolution.complex_isZero_ge_four' depends on axioms: [propext, Classical.choice, Quot.sound]
2026-10-08T09:50:11.3927293Z 'ASGinzburg.ZAlgebra.ASResolution.extShiftThree' depends on axioms: [propext, Classical.choice, Quot.sound]
2026-10-08T09:50:11.3928760Z 'ASGinzburg.ZAlgebra.ASResolution.ext_ge_four_eq_zero' depends on axioms: [propext, Classical.choice, Quot.sound]
2026-10-08T09:50:11.3930269Z 'ASGinzburg.ZAlgebra.ASResolution.ext_ge_four_rank_zero' depends on axioms: [propext, Classical.choice, Quot.sound]
2026-10-08T09:50:11.3931912Z 'ASGinzburg.ZAlgebra.rightModuleExtZeroPreservesColimits' depends on axioms: [propext, Classical.choice, Quot.sound]
2026-10-08T09:50:11.3933595Z 'ASGinzburg.ZAlgebra.rightModuleExtSuccPreservesColimits' depends on axioms: [propext, Classical.choice, Quot.sound]
2026-10-08T09:50:11.3935333Z 'ASGinzburg.ZAlgebra.ASResolution.secondSyzygyHomPreservesColimits' depends on axioms: [propext,
2026-10-08T09:50:11.3936332Z  Classical.choice,
2026-10-08T09:50:11.3936769Z  Quot.sound]
2026-10-08T09:50:11.3937624Z 'ASGinzburg.ZAlgebra.ASResolution.firstSyzygyHomPreservesColimits' depends on axioms: [propext,
2026-10-08T09:50:11.3938612Z  Classical.choice,
2026-10-08T09:50:11.3939035Z  Quot.sound]
2026-10-08T09:50:11.3940032Z 'ASGinzburg.ZAlgebra.ASResolution.simpleHomPreservesColimits' depends on axioms: [propext, Classical.choice, Quot.sound]
2026-10-08T09:50:11.3941896Z 'ASGinzburg.ZAlgebra.ASResolution.secondSyzygyExtOnePreservesColimits' depends on axioms: [propext,
2026-10-08T09:50:11.3942966Z  Classical.choice,
2026-10-08T09:50:11.3943394Z  Quot.sound]
2026-10-08T09:50:11.3944454Z 'ASGinzburg.ZAlgebra.ASResolution.firstSyzygyExtOnePreservesColimits' depends on axioms: [propext,
2026-10-08T09:50:11.3945491Z  Classical.choice,
2026-10-08T09:50:11.3945917Z  Quot.sound]
2026-10-08T09:50:11.3946736Z 'ASGinzburg.ZAlgebra.ASResolution.simpleExtOnePreservesColimits' depends on axioms: [propext,
2026-10-08T09:50:11.3947688Z  Classical.choice,
2026-10-08T09:50:11.3948111Z  Quot.sound]
2026-10-08T09:50:11.3948933Z 'ASGinzburg.ZAlgebra.ASResolution.simpleExtTwoPreservesColimits' depends on axioms: [propext,
2026-10-08T09:50:11.3949885Z  Classical.choice,
2026-10-08T09:50:11.3950312Z  Quot.sound]
2026-10-08T09:50:11.3951160Z 'ASGinzburg.ZAlgebra.ASResolution.simpleExtThreePreservesColimits' depends on axioms: [propext,
2026-10-08T09:50:11.3952149Z  Classical.choice,
2026-10-08T09:50:11.3952576Z  Quot.sound]
2026-10-08T09:50:11.3953388Z 'ASGinzburg.ZAlgebra.ASResolution.simpleHigherExtFunctorIsZero' depends on axioms: [propext,
2026-10-08T09:50:11.3954537Z  Classical.choice,
2026-10-08T09:50:11.3954971Z  Quot.sound]
2026-10-08T09:50:11.3955813Z 'ASGinzburg.ZAlgebra.ASResolution.simpleExtPreservesExactColimits' depends on axioms: [propext,
2026-10-08T09:50:11.3956780Z  Classical.choice,
2026-10-08T09:50:11.3957209Z  Quot.sound]
2026-10-08T09:50:11.3958128Z 'ASGinzburg.ZAlgebra.ASResolution.simpleExtColimitIso' depends on axioms: [propext, Classical.choice, Quot.sound]
2026-10-08T09:50:11.3959579Z 'ASGinzburg.ZAlgebra.ASResolution.simpleExtPreservesCoproducts' depends on axioms: [propext,
2026-10-08T09:50:11.3960532Z  Classical.choice,
2026-10-08T09:50:11.3960953Z  Quot.sound]
2026-10-08T09:50:11.3961902Z 'ASGinzburg.ZAlgebra.ASResolution.simpleExtCoproductIso' depends on axioms: [propext, Classical.choice, Quot.sound]
2026-10-08T09:50:11.3963423Z 'ASGinzburg.ZAlgebra.ASResolution.simpleExtCoproductIso_inclusion_hom' depends on axioms: [propext,
2026-10-08T09:50:11.3964915Z  Classical.choice,
2026-10-08T09:50:11.3965343Z  Quot.sound]
2026-10-08T09:50:11.3966171Z 'ASGinzburg.ZAlgebra.ASResolution.simpleExtDirectSumLinearEquiv' depends on axioms: [propext,
2026-10-08T09:50:11.3967132Z  Classical.choice,
2026-10-08T09:50:11.3967562Z  Quot.sound]
2026-10-08T09:50:11.3968526Z 'ASGinzburg.ZAlgebra.ASResolution.simpleExtDirectSumLinearEquiv_postcomp_inclusion' depends on axioms: [propext,
2026-10-08T09:50:11.3969633Z  Classical.choice,
2026-10-08T09:50:11.3970054Z  Quot.sound]
2026-10-08T09:50:11.3970927Z 'ASGinzburg.ZAlgebra.rightModuleExtZeroFinite' depends on axioms: [propext, Classical.choice, Quot.sound]
2026-10-08T09:50:11.3972401Z 'ASGinzburg.ZAlgebra.rightModuleExtOneFinite' depends on axioms: [propext, Classical.choice, Quot.sound]
2026-10-08T09:50:17.5080893Z 'ASGinzburg.ZAlgebra.ASResolution.extFinite_representable' depends on axioms: [propext, Classical.choice, Quot.sound]
2026-10-08T09:50:17.5105241Z 'ASGinzburg.ZAlgebra.ASResolution.homDifferential' depends on axioms: [propext, Classical.choice, Quot.sound]
2026-10-08T09:50:17.5119016Z 'ASGinzburg.ZAlgebra.ASResolution.homDifferential_sq' depends on axioms: [propext, Classical.choice, Quot.sound]
2026-10-08T09:50:17.5120773Z 'ASGinzburg.ZAlgebra.ASResolution.homComplex' depends on axioms: [propext, Classical.choice, Quot.sound]
2026-10-08T09:50:17.5122289Z 'ASGinzburg.ZAlgebra.ASResolution.complexDifferential_minimal' depends on axioms: [propext,
2026-10-08T09:50:17.5123326Z  Classical.choice,
2026-10-08T09:50:17.5123852Z  Quot.sound]
2026-10-08T09:50:17.5124999Z 'ASGinzburg.ZAlgebra.ASResolution.homDifferential_simple_zero' depends on axioms: [propext,
2026-10-08T09:50:17.5126005Z  Classical.choice,
2026-10-08T09:50:17.5126609Z  Quot.sound]
2026-10-08T09:50:17.5127639Z 'ASGinzburg.ZAlgebra.ASResolution.homComplex_simple_d_zero' depends on axioms: [propext, Classical.choice, Quot.sound]
2026-10-08T09:50:17.5129477Z 'ASGinzburg.ZAlgebra.ASResolution.homComplex_simple_d_all_zero' depends on axioms: [propext,
2026-10-08T09:50:17.5130516Z  Classical.choice,
2026-10-08T09:50:17.5131037Z  Quot.sound]
2026-10-08T09:50:17.5131913Z 'ASGinzburg.ZAlgebra.ASResolution.homComplex_simple_homologyIso' depends on axioms: [propext,
2026-10-08T09:50:17.5132912Z  Classical.choice,
2026-10-08T09:50:17.5133420Z  Quot.sound]
2026-10-08T09:50:17.5134582Z 'ASGinzburg.ZAlgebra.rightModule_exact_comp_mono_iff' depends on axioms: [propext, Classical.choice, Quot.sound]
2026-10-08T09:50:17.5136122Z 'ASGinzburg.ZAlgebra.ASResolution.firstCover' depends on axioms: [propext, Classical.choice, Quot.sound]
2026-10-08T09:50:17.5138004Z 'ASGinzburg.ZAlgebra.ASResolution.firstCover_ι' depends on axioms: [propext, Classical.choice, Quot.sound]
2026-10-08T09:50:17.5139568Z 'ASGinzburg.ZAlgebra.ASResolution.firstCoverEpi' depends on axioms: [propext, Classical.choice, Quot.sound]
2026-10-08T09:50:17.5141294Z 'ASGinzburg.ZAlgebra.ASResolution.d₂_firstCover' depends on axioms: [propext, Classical.choice, Quot.sound]
2026-10-08T09:50:17.5143060Z 'ASGinzburg.ZAlgebra.ASResolution.exact_d₂_firstCover' depends on axioms: [propext, Classical.choice, Quot.sound]
2026-10-08T09:50:17.5144850Z 'ASGinzburg.ZAlgebra.ASResolution.secondCover' depends on axioms: [propext, Classical.choice, Quot.sound]
2026-10-08T09:50:17.5146550Z 'ASGinzburg.ZAlgebra.ASResolution.secondCover_ι' depends on axioms: [propext, Classical.choice, Quot.sound]
2026-10-08T09:50:17.5148090Z 'ASGinzburg.ZAlgebra.ASResolution.secondCoverEpi' depends on axioms: [propext, Classical.choice, Quot.sound]
2026-10-08T09:50:17.5149803Z 'ASGinzburg.ZAlgebra.ASResolution.d₃_secondCover' depends on axioms: [propext, Classical.choice, Quot.sound]
2026-10-08T09:50:17.5151530Z 'ASGinzburg.ZAlgebra.ASResolution.exact_d₃_secondCover' depends on axioms: [propext, Classical.choice, Quot.sound]
2026-10-08T09:50:17.5153237Z 'ASGinzburg.ZAlgebra.ASResolution.shortExact₀' depends on axioms: [propext, Classical.choice, Quot.sound]
2026-10-08T09:50:17.5155408Z 'ASGinzburg.ZAlgebra.ASResolution.shortExact₁' depends on axioms: [propext, Classical.choice, Quot.sound]
2026-10-08T09:50:17.5157090Z 'ASGinzburg.ZAlgebra.ASResolution.shortExact₂' depends on axioms: [propext, Classical.choice, Quot.sound]
2026-10-08T09:50:17.5158484Z 'ASGinzburg.conjugateHom' depends on axioms: [propext, Classical.choice, Quot.sound]
2026-10-08T09:50:17.5159721Z 'ASGinzburg.conjugateHom_apply' depends on axioms: [propext, Classical.choice, Quot.sound]
2026-10-08T09:50:17.5160963Z 'ASGinzburg.conjugateHom_id' depends on axioms: [propext, Classical.choice, Quot.sound]
2026-10-08T09:50:17.5162188Z 'ASGinzburg.conjugateHom_comp' depends on axioms: [propext, Classical.choice, Quot.sound]
2026-10-08T09:50:17.5163286Z 'ASGinzburg.CyclicWord' depends on axioms: [propext, Quot.sound]
2026-10-08T09:50:17.5164570Z 'ASGinzburg.WordPolynomial' depends on axioms: [propext, Classical.choice, Quot.sound]
2026-10-08T09:50:17.5165819Z 'ASGinzburg.CyclicPolynomial' depends on axioms: [propext, Classical.choice, Quot.sound]
2026-10-08T09:50:17.5166956Z 'ASGinzburg.wordClass' depends on axioms: [propext, Quot.sound]
2026-10-08T09:50:17.5167987Z 'ASGinzburg.traceWord' depends on axioms: [propext, Classical.choice, Quot.sound]
2026-10-08T09:50:17.5169097Z 'ASGinzburg.wordClass_append_swap' depends on axioms: [propext, Quot.sound]
2026-10-08T09:50:17.5170279Z 'ASGinzburg.traceWord_append_swap' depends on axioms: [propext, Classical.choice, Quot.sound]
2026-10-08T09:50:17.5171378Z 'ASGinzburg.wordCutDegree' does not depend on any axioms
2026-10-08T09:50:17.5172258Z 'ASGinzburg.wordCutDegree_append' depends on axioms: [propext]
2026-10-08T09:50:17.5173214Z 'ASGinzburg.unique_cut_split' depends on axioms: [propext, Quot.sound]
2026-10-08T09:50:17.5174491Z 'ASGinzburg.reconstructAux' depends on axioms: [propext, Classical.choice, Quot.sound]
2026-10-08T09:50:17.5175841Z 'ASGinzburg.reconstructAux_euler' depends on axioms: [propext, Classical.choice, Quot.sound]
2026-10-08T09:50:17.5177266Z 'ASGinzburg.cyclicTrace' depends on axioms: [propext, Classical.choice, Quot.sound]
2026-10-08T09:50:17.5178532Z 'ASGinzburg.cutReconstruction' depends on axioms: [propext, Classical.choice, Quot.sound]
2026-10-08T09:50:20.4995941Z 'ASGinzburg.cut_euler_identity' depends on axioms: [propext, Classical.choice, Quot.sound]
2026-10-08T09:50:20.5014909Z 'ASGinzburg.cut_normal_form' depends on axioms: [propext, Quot.sound]
2026-10-08T09:50:20.5034665Z 'ASGinzburg.path_word_cutDegree' depends on axioms: [propext]
2026-10-08T09:50:20.5037218Z 'ASGinzburg.CutQuiver' does not depend on any axioms
2026-10-08T09:50:20.5038109Z 'ASGinzburg.CutQuiver.Arrow' does not depend on any axioms
2026-10-08T09:50:20.5039005Z 'ASGinzburg.CutQuiver.Vertex' does not depend on any axioms
2026-10-08T09:50:20.5039933Z 'ASGinzburg.CutQuiver.LiftVertex' does not depend on any axioms
2026-10-08T09:50:20.5040877Z 'ASGinzburg.CutQuiver.cutDegree' does not depend on any axioms
2026-10-08T09:50:20.5041790Z 'ASGinzburg.CutQuiver.winding' does not depend on any axioms
2026-10-08T09:50:20.5042723Z 'ASGinzburg.CutQuiver.height' does not depend on any axioms
2026-10-08T09:50:20.5043725Z 'ASGinzburg.CutQuiver.periodNeZero' depends on axioms: [propext, Quot.sound]
2026-10-08T09:50:20.5045220Z 'ASGinzburg.CutQuiver.heightEquiv' depends on axioms: [propext, Classical.choice, Quot.sound]
2026-10-08T09:50:20.5046597Z 'ASGinzburg.CutQuiver.heightEquiv_apply' depends on axioms: [propext, Classical.choice, Quot.sound]
2026-10-08T09:50:20.5047970Z 'ASGinzburg.CutQuiver.height_bijective' depends on axioms: [propext, Classical.choice, Quot.sound]
2026-10-08T09:50:20.5049107Z 'ASGinzburg.CutQuiver.shift' does not depend on any axioms
2026-10-08T09:50:20.5049969Z 'ASGinzburg.CutQuiver.tau' depends on axioms: [propext]
2026-10-08T09:50:20.5050867Z 'ASGinzburg.CutQuiver.liftedSource' does not depend on any axioms
2026-10-08T09:50:20.5051837Z 'ASGinzburg.CutQuiver.liftedTarget' does not depend on any axioms
2026-10-08T09:50:20.5052815Z 'ASGinzburg.CutQuiver.cutDegree_false' depends on axioms: [propext]
2026-10-08T09:50:20.5054360Z 'ASGinzburg.CutQuiver.cutDegree_true' depends on axioms: [propext]
2026-10-08T09:50:20.5055530Z 'ASGinzburg.CutQuiver.winding_pos' depends on axioms: [propext, Classical.choice, Quot.sound]
2026-10-08T09:50:20.5056865Z 'ASGinzburg.CutQuiver.winding_lt_period' depends on axioms: [propext, Classical.choice, Quot.sound]
2026-10-08T09:50:20.5058027Z 'ASGinzburg.CutQuiver.height_shift' depends on axioms: [propext]
2026-10-08T09:50:20.5059025Z 'ASGinzburg.CutQuiver.height_tau' depends on axioms: [propext, Quot.sound]
2026-10-08T09:50:20.5060181Z 'ASGinzburg.CutQuiver.lifted_height_difference' depends on axioms: [propext, Quot.sound]
2026-10-08T09:50:20.5061588Z 'ASGinzburg.CutQuiver.lifted_arrow_increases_height' depends on axioms: [propext, Classical.choice, Quot.sound]
2026-10-08T09:50:20.5063106Z 'ASGinzburg.CutQuiver.intermediate_in_interval' depends on axioms: [propext, Classical.choice, Quot.sound]
2026-10-08T09:50:20.5064494Z 'ASGinzburg.CutQuiver.Path' does not depend on any axioms
2026-10-08T09:50:20.5065449Z 'ASGinzburg.CutQuiver.Path.length' does not depend on any axioms
2026-10-08T09:50:20.5066446Z 'ASGinzburg.CutQuiver.Path.cutDegree' does not depend on any axioms
2026-10-08T09:50:20.5067433Z 'ASGinzburg.CutQuiver.Path.winding' does not depend on any axioms
2026-10-08T09:50:20.5068402Z 'ASGinzburg.CutQuiver.Path.toList' does not depend on any axioms
2026-10-08T09:50:20.5069400Z 'ASGinzburg.CutQuiver.Path.length_toList' depends on axioms: [propext]
2026-10-08T09:50:20.5070601Z 'ASGinzburg.CutQuiver.Path.winding_eq' depends on axioms: [propext, Classical.choice, Quot.sound]
2026-10-08T09:50:20.5072005Z 'ASGinzburg.CutQuiver.Path.winding_nonneg' depends on axioms: [propext, Classical.choice, Quot.sound]
2026-10-08T09:50:20.5073549Z 'ASGinzburg.CutQuiver.Path.winding_pos_of_length_pos' depends on axioms: [propext, Classical.choice, Quot.sound]
2026-10-08T09:50:20.5075331Z 'ASGinzburg.CutQuiver.Path.zero_cut_increases_vertex' depends on axioms: [propext, Classical.choice, Quot.sound]
2026-10-08T09:50:20.5077149Z 'ASGinzburg.CutQuiver.Path.zero_cut_has_no_nonempty_cycle' depends on axioms: [propext, Classical.choice, Quot.sound]
2026-10-08T09:50:20.5078758Z 'ASGinzburg.CutQuiver.Path.cut_one_cycle_winding' depends on axioms: [propext, Classical.choice, Quot.sound]
2026-10-08T09:50:20.5080126Z 'ASGinzburg.derivativeAux' depends on axioms: [propext, Classical.choice, Quot.sound]
2026-10-08T09:50:20.5081332Z 'ASGinzburg.derivativeWord' depends on axioms: [propext, Classical.choice, Quot.sound]
2026-10-08T09:50:20.5082585Z 'ASGinzburg.derivativeAux_append' depends on axioms: [propext, Classical.choice, Quot.sound]
2026-10-08T09:50:20.5084104Z 'ASGinzburg.derivativeWord_append_swap' depends on axioms: [propext, Classical.choice, Quot.sound]
2026-10-08T09:50:20.5085472Z 'ASGinzburg.derivativeWord_rotate' depends on axioms: [propext, Classical.choice, Quot.sound]
2026-10-08T09:50:20.5086774Z 'ASGinzburg.derivativeCyclicWord' depends on axioms: [propext, Classical.choice, Quot.sound]
2026-10-08T09:50:20.5088097Z 'ASGinzburg.derivativeCyclicWord_mk' depends on axioms: [propext, Classical.choice, Quot.sound]
2026-10-08T09:50:20.5089371Z 'ASGinzburg.cyclicDerivative' depends on axioms: [propext, Classical.choice, Quot.sound]
2026-10-08T09:50:20.5090568Z 'ASGinzburg.prependTrace' depends on axioms: [propext, Classical.choice, Quot.sound]
2026-10-08T09:50:20.5091773Z 'ASGinzburg.prependTrace_single' depends on axioms: [propext, Classical.choice, Quot.sound]
2026-10-08T09:50:20.5093090Z 'ASGinzburg.cyclicDerivative_traceWord' depends on axioms: [propext, Classical.choice, Quot.sound]
2026-10-08T09:50:31.2278204Z 'ASGinzburg.derivativeAux_reconstruction' depends on axioms: [propext, Classical.choice, Quot.sound]
2026-10-08T09:50:31.2295261Z 'ASGinzburg.cyclicCutReconstruction' depends on axioms: [propext, Classical.choice, Quot.sound]
2026-10-08T09:50:31.2310126Z 'ASGinzburg.ite_linearMap_apply' depends on axioms: [propext]
2026-10-08T09:50:31.2334978Z 'ASGinzburg.cyclicCutReconstruction_traceWord' depends on axioms: [propext, Classical.choice, Quot.sound]
2026-10-08T09:50:31.2337003Z 'ASGinzburg.cyclicCutReconstruction_comp_trace' depends on axioms: [propext, Classical.choice, Quot.sound]
2026-10-08T09:50:31.2355137Z 'ASGinzburg.cut_cyclic_derivative_identity' depends on axioms: [propext, Classical.choice, Quot.sound]
2026-10-08T09:50:31.2374954Z 'ASGinzburg.equivalenceMapDerivedIsEquivalence' depends on axioms: [propext, Classical.choice, Quot.sound]
2026-10-08T09:50:31.2394133Z 'ASGinzburg.exactDerivedEquivalence' depends on axioms: [propext, Classical.choice, Quot.sound]
2026-10-08T09:50:31.2414929Z 'ASGinzburg.exactDerivedSingleIso' depends on axioms: [propext, Classical.choice, Quot.sound]
2026-10-08T09:50:31.2416464Z 'ASGinzburg.exactDerivedShiftedHomAddEquiv' depends on axioms: [propext, Classical.choice, Quot.sound]
2026-10-08T09:50:31.2435105Z 'ASGinzburg.derivedShiftedHomCongrAddEquiv' depends on axioms: [propext, Classical.choice, Quot.sound]
2026-10-08T09:50:31.2444474Z 'ASGinzburg.exactEquivalenceExtAddEquiv' depends on axioms: [propext, Classical.choice, Quot.sound]
2026-10-08T09:50:31.2445954Z 'ASGinzburg.exactDerivedLinear' depends on axioms: [propext, Classical.choice, Quot.sound]
2026-10-08T09:50:31.2447289Z 'ASGinzburg.exactDerivedQhLinear' depends on axioms: [propext, Classical.choice, Quot.sound]
2026-10-08T09:50:31.2448595Z 'ASGinzburg.exactDerivedQLinear' depends on axioms: [propext, Classical.choice, Quot.sound]
2026-10-08T09:50:31.2449946Z 'ASGinzburg.exactDerivedShiftLinear' depends on axioms: [propext, Classical.choice, Quot.sound]
2026-10-08T09:50:31.2451318Z 'ASGinzburg.exactDerivedMapLinear' depends on axioms: [propext, Classical.choice, Quot.sound]
2026-10-08T09:50:31.2452767Z 'ASGinzburg.exactDerivedShiftedHomLinearEquiv' depends on axioms: [propext, Classical.choice, Quot.sound]
2026-10-08T09:50:31.2454633Z 'ASGinzburg.derivedShiftedHomCongrLinearEquiv' depends on axioms: [propext, Classical.choice, Quot.sound]
2026-10-08T09:50:31.2458436Z 'ASGinzburg.exactExtModule' depends on axioms: [propext, Classical.choice, Quot.sound]
2026-10-08T09:50:31.2459655Z 'ASGinzburg.exactExtHomLinearEquiv' depends on axioms: [propext, Classical.choice, Quot.sound]
2026-10-08T09:50:31.2460904Z 'ASGinzburg.exactEquivalenceExtLinearEquiv' depends on axioms: [propext, Classical.choice, Quot.sound]
2026-10-08T09:50:31.2461985Z 'ASGinzburg.totalDimension' depends on axioms: [propext, Quot.sound]
2026-10-08T09:50:31.2462940Z 'ASGinzburg.dimension_table_eq_single' depends on axioms: [propext, Classical.choice, Quot.sound]
2026-10-08T09:50:31.2465766Z 'ASGinzburg.total_dimension_single' depends on axioms: [propext, Classical.choice, Quot.sound]
2026-10-08T09:50:31.2466705Z 'ASGinzburg.total_one_iff_single' depends on axioms: [propext, Classical.choice, Quot.sound]
2026-10-08T09:50:31.2467778Z 'ASGinzburg.ext_dimension_delta' depends on axioms: [propext, Classical.choice, Quot.sound]
2026-10-08T09:50:31.2468965Z 'ASGinzburg.ZAlgebra.rightModuleHomDiagram' depends on axioms: [propext, Classical.choice, Quot.sound]
2026-10-08T09:50:31.2483713Z 'ASGinzburg.ZAlgebra.rightModuleCoproductHomLimitComponentIso' depends on axioms: [propext,
2026-10-08T09:50:31.2485037Z  Classical.choice,
2026-10-08T09:50:31.2485353Z  Quot.sound]
2026-10-08T09:50:31.2486386Z 'ASGinzburg.ZAlgebra.rightModuleCoproductHomLimitComponentIso_hom_π' depends on axioms: [propext,
2026-10-08T09:50:31.2487262Z  Classical.choice,
2026-10-08T09:50:31.2487584Z  Quot.sound]
2026-10-08T09:50:31.2488398Z 'ASGinzburg.ZAlgebra.rightModuleCoproductHomLimitIso' depends on axioms: [propext, Classical.choice, Quot.sound]
2026-10-08T09:50:31.2489740Z 'ASGinzburg.ZAlgebra.finiteLimitFunctorPreservesColimitsOfShape' depends on axioms: [propext,
2026-10-08T09:50:31.2490600Z  Classical.choice,
2026-10-08T09:50:31.2490946Z  Quot.sound]
2026-10-08T09:50:31.2491798Z 'ASGinzburg.ZAlgebra.rightModuleHomDiagramPreservesColimitsOfShape' depends on axioms: [propext,
2026-10-08T09:50:31.2492704Z  Classical.choice,
2026-10-08T09:50:31.2493035Z  Quot.sound]
2026-10-08T09:50:31.2495609Z 'ASGinzburg.ZAlgebra.finiteCoproductHomPreservesColimitsOfShape' depends on axioms: [propext,
2026-10-08T09:50:31.2496536Z  Classical.choice,
2026-10-08T09:50:31.2496878Z  Quot.sound]
2026-10-08T09:50:31.2497766Z 'ASGinzburg.ZAlgebra.finiteRepresentableCoproductHomPreservesColimitsOfShape' depends on axioms: [propext,
2026-10-08T09:50:31.2498784Z  Classical.choice,
2026-10-08T09:50:31.2499115Z  Quot.sound]
2026-10-08T09:50:31.2500034Z 'ASGinzburg.ZAlgebra.asResolutionTerm₁HomPreservesColimitsOfShape' depends on axioms: [propext,
2026-10-08T09:50:31.2500902Z  Classical.choice,
2026-10-08T09:50:31.2501232Z  Quot.sound]
2026-10-08T09:50:31.2502090Z 'ASGinzburg.ZAlgebra.asResolutionTerm₂HomPreservesColimitsOfShape' depends on axioms: [propext,
2026-10-08T09:50:31.2502958Z  Classical.choice,
2026-10-08T09:50:31.2503285Z  Quot.sound]
2026-10-08T09:50:31.2504351Z 'ASGinzburg.ZAlgebra.finiteRepresentableCoproductHomColimitIso' depends on axioms: [propext,
2026-10-08T09:50:31.2505526Z  Classical.choice,
2026-10-08T09:50:31.2505896Z  Quot.sound]
2026-10-08T09:50:31.2506852Z 'ASGinzburg.ZAlgebra.finiteRepresentableCoproductExtZeroPreservesColimitsOfShape' depends on axioms: [propext,
2026-10-08T09:50:31.2507905Z  Classical.choice,
2026-10-08T09:50:31.2508236Z  Quot.sound]
2026-10-08T09:50:33.8607917Z 'ASGinzburg.CutQuiver.GinzburgArrow' does not depend on any axioms
2026-10-08T09:50:33.8624977Z 'ASGinzburg.CutQuiver.GinzburgArrow.source' does not depend on any axioms
2026-10-08T09:50:33.8644693Z 'ASGinzburg.CutQuiver.GinzburgArrow.target' does not depend on any axioms
2026-10-08T09:50:33.8646534Z 'ASGinzburg.CutQuiver.GinzburgArrow.cohomologicalDegree' does not depend on any axioms
2026-10-08T09:50:33.8647820Z 'ASGinzburg.CutQuiver.GinzburgArrow.cutDegree' does not depend on any axioms
2026-10-08T09:50:33.8648987Z 'ASGinzburg.CutQuiver.GinzburgArrow.winding' does not depend on any axioms
2026-10-08T09:50:33.8650329Z 'ASGinzburg.CutQuiver.GinzburgArrow.winding_pos' depends on axioms: [propext, Classical.choice, Quot.sound]
2026-10-08T09:50:33.8652128Z 'ASGinzburg.CutQuiver.GinzburgArrow.winding_formula' depends on axioms: [propext, Quot.sound]
2026-10-08T09:50:33.8653541Z 'ASGinzburg.CutQuiver.GinzburgArrow.original_dual_winding_sum' depends on axioms: [propext]
2026-10-08T09:50:33.8655111Z 'ASGinzburg.CutQuiver.GinzburgArrow.original_dual_cut_sum' depends on axioms: [propext]
2026-10-08T09:50:33.8656527Z 'ASGinzburg.CutQuiver.GinzburgArrow.loop_differential_cohomological_degree' does not depend on any axioms
2026-10-08T09:50:33.8657886Z 'ASGinzburg.positive_recurrence_unique' depends on axioms: [propext, Quot.sound]
2026-10-08T09:50:33.8658927Z 'ASGinzburg.quadraticHilbert' does not depend on any axioms
2026-10-08T09:50:33.8659945Z 'ASGinzburg.quadraticHilbert_closed' depends on axioms: [propext, Quot.sound]
2026-10-08T09:50:33.8661001Z 'ASGinzburg.quadraticHilbert_double' depends on axioms: [propext]
2026-10-08T09:50:33.8662231Z 'ASGinzburg.quadraticHilbert_third_difference' depends on axioms: [propext, Classical.choice, Quot.sound]
2026-10-08T09:50:33.8663673Z 'ASGinzburg.quadraticHilbert_unique' depends on axioms: [propext, Classical.choice, Quot.sound]
2026-10-08T09:50:33.8665291Z 'ASGinzburg.quadraticHilbert_polynomial_bound' depends on axioms: [propext, Classical.choice, Quot.sound]
2026-10-08T09:50:33.8666706Z 'ASGinzburg.colimitLimitExchangeIso' depends on axioms: [propext, Classical.choice, Quot.sound]
2026-10-08T09:50:33.8668422Z 'ASGinzburg.ι_colimitLimitExchangeIso_π' depends on axioms: [propext, Classical.choice, Quot.sound]
2026-10-08T09:50:33.8669943Z 'ASGinzburg.limitPreservesColimitsOfExactShape' depends on axioms: [propext, Classical.choice, Quot.sound]
2026-10-08T09:50:33.8671565Z 'ASGinzburg.parallelPairDiagramPreservesColimits' depends on axioms: [propext, Classical.choice, Quot.sound]
2026-10-08T09:50:33.8673203Z 'ASGinzburg.kernelFunctorPreservesExactColimits' depends on axioms: [propext, Classical.choice, Quot.sound]
2026-10-08T09:50:33.8675000Z 'ASGinzburg.cokernelFunctorPreservesColimits' depends on axioms: [propext, Classical.choice, Quot.sound]
2026-10-08T09:50:33.8676738Z 'ASGinzburg.moduleCatExactCoproducts' depends on axioms: [propext, Classical.choice, Quot.sound]
2026-10-08T09:50:33.8678215Z 'ASGinzburg.ZAlgebra.leftRepresentableFunctor' depends on axioms: [propext, Classical.choice, Quot.sound]
2026-10-08T09:50:33.8679830Z 'ASGinzburg.ZAlgebra.leftRepresentableFunctorAdditive' depends on axioms: [propext, Classical.choice, Quot.sound]
2026-10-08T09:50:33.8681515Z 'ASGinzburg.ZAlgebra.leftRepresentableFunctorLinear' depends on axioms: [propext, Classical.choice, Quot.sound]
2026-10-08T09:50:33.8683112Z 'ASGinzburg.ZAlgebra.leftModuleCoyonedaLinear' depends on axioms: [propext, Classical.choice, Quot.sound]
2026-10-08T09:50:33.8684781Z 'ASGinzburg.ZAlgebra.leftModuleADual' depends on axioms: [propext, Classical.choice, Quot.sound]
2026-10-08T09:50:33.8686200Z 'ASGinzburg.ZAlgebra.leftModuleADual_obj' depends on axioms: [propext, Classical.choice, Quot.sound]
2026-10-08T09:50:33.8687662Z 'ASGinzburg.ZAlgebra.leftModuleADualMap' depends on axioms: [propext, Classical.choice, Quot.sound]
2026-10-08T09:50:33.8689172Z 'ASGinzburg.ZAlgebra.leftModuleADualFunctor' depends on axioms: [propext, Classical.choice, Quot.sound]
2026-10-08T09:50:33.8690744Z 'ASGinzburg.ZAlgebra.leftRepresentableADualIso' depends on axioms: [propext, Classical.choice, Quot.sound]
2026-10-08T09:50:33.8692307Z 'ASGinzburg.ZAlgebra.representableBidualIso' depends on axioms: [propext, Classical.choice, Quot.sound]
2026-10-08T09:50:33.8693859Z 'ASGinzburg.ZAlgebra.leftRepresentableBidualIso' depends on axioms: [propext, Classical.choice, Quot.sound]
2026-10-08T09:50:33.8695703Z 'ASGinzburg.ZAlgebra.leftModuleProperty_closedUnderLimits' depends on axioms: [propext, Classical.choice, Quot.sound]
2026-10-08T09:50:33.8697492Z 'ASGinzburg.ZAlgebra.leftModuleProperty_closedUnderColimits' depends on axioms: [propext, Classical.choice, Quot.sound]
2026-10-08T09:50:33.8699122Z 'ASGinzburg.ZAlgebra.leftModuleHasLimitsOfShape' depends on axioms: [propext, Classical.choice, Quot.sound]
2026-10-08T09:50:33.8700921Z 'ASGinzburg.ZAlgebra.leftModuleHasColimitsOfShape' depends on axioms: [propext, Classical.choice, Quot.sound]
2026-10-08T09:50:33.8702661Z 'ASGinzburg.ZAlgebra.leftModuleInclusionCreatesLimitsOfShape' depends on axioms: [propext, Classical.choice, Quot.sound]
2026-10-08T09:50:33.8704502Z 'ASGinzburg.ZAlgebra.leftModuleInclusionCreatesColimitsOfShape' depends on axioms: [propext,
2026-10-08T09:50:33.8705660Z  Classical.choice,
2026-10-08T09:50:33.8706181Z  Quot.sound]
2026-10-08T09:50:43.1772599Z 'ASGinzburg.ZAlgebra.leftModuleHasFiniteProducts' depends on axioms: [propext, Classical.choice, Quot.sound]
2026-10-08T09:50:43.1795261Z 'ASGinzburg.ZAlgebra.leftModuleCoimageImageComparisonIsIso' depends on axioms: [propext, Classical.choice, Quot.sound]
2026-10-08T09:50:43.1811758Z 'ASGinzburg.ZAlgebra.leftModuleAbelian' depends on axioms: [propext, Classical.choice, Quot.sound]
2026-10-08T09:50:43.1813529Z 'ASGinzburg.ZAlgebra.leftModuleInclusionPreservesFiniteLimits' depends on axioms: [propext,
2026-10-08T09:50:43.1814875Z  Classical.choice,
2026-10-08T09:50:43.1815420Z  Quot.sound]
2026-10-08T09:50:43.1816349Z 'ASGinzburg.ZAlgebra.leftModuleInclusionPreservesFiniteColimits' depends on axioms: [propext,
2026-10-08T09:50:43.1817411Z  Classical.choice,
2026-10-08T09:50:43.1817931Z  Quot.sound]
2026-10-08T09:50:43.1818869Z 'ASGinzburg.ZAlgebra.leftModuleGenerators' depends on axioms: [propext, Classical.choice, Quot.sound]
2026-10-08T09:50:43.1820291Z 'ASGinzburg.ZAlgebra.freeLeftModule' depends on axioms: [propext, Classical.choice, Quot.sound]
2026-10-08T09:50:43.1822023Z 'ASGinzburg.ZAlgebra.freeLeftModuleπ' depends on axioms: [propext, Classical.choice, Quot.sound]
2026-10-08T09:50:43.1823531Z 'ASGinzburg.ZAlgebra.freeLeftModuleProjective' depends on axioms: [propext, Classical.choice, Quot.sound]
2026-10-08T09:50:43.1825383Z 'ASGinzburg.ZAlgebra.freeLeftModuleπEpi' depends on axioms: [propext, Classical.choice, Quot.sound]
2026-10-08T09:50:43.1827249Z 'ASGinzburg.ZAlgebra.leftModuleEnoughProjectives' depends on axioms: [propext, Classical.choice, Quot.sound]
2026-10-08T09:50:43.1828941Z 'ASGinzburg.ZAlgebra.leftModuleProjectiveResolution' depends on axioms: [propext, Classical.choice, Quot.sound]
2026-10-08T09:50:43.1830493Z 'ASGinzburg.ZAlgebra.leftModuleProjectiveResolution_exactAt_succ' depends on axioms: [propext,
2026-10-08T09:50:43.1831527Z  Classical.choice,
2026-10-08T09:50:43.1832035Z  Quot.sound]
2026-10-08T09:50:43.1832913Z 'ASGinzburg.ZAlgebra.leftModuleHasExt' depends on axioms: [propext, Classical.choice, Quot.sound]
2026-10-08T09:50:43.1834611Z 'ASGinzburg.ZAlgebra.leftRepresentableExtZeroEquiv' depends on axioms: [propext, Classical.choice, Quot.sound]
2026-10-08T09:50:43.1836283Z 'ASGinzburg.ZAlgebra.leftRepresentable_higher_ext_eq_zero' depends on axioms: [propext, Classical.choice, Quot.sound]
2026-10-08T09:50:43.1837866Z 'ASGinzburg.ZAlgebra.leftModuleEvaluation' depends on axioms: [propext, Classical.choice, Quot.sound]
2026-10-08T09:50:43.1839432Z 'ASGinzburg.ZAlgebra.leftModuleEvaluationAdditive' depends on axioms: [propext, Classical.choice, Quot.sound]
2026-10-08T09:50:43.1840988Z 'ASGinzburg.ZAlgebra.leftModuleEvaluationPreservesFiniteLimits' depends on axioms: [propext,
2026-10-08T09:50:43.1842049Z  Classical.choice,
2026-10-08T09:50:43.1842566Z  Quot.sound]
2026-10-08T09:50:43.1843502Z 'ASGinzburg.ZAlgebra.leftModuleEvaluationPreservesFiniteColimits' depends on axioms: [propext,
2026-10-08T09:50:43.1844769Z  Classical.choice,
2026-10-08T09:50:43.1845281Z  Quot.sound]
2026-10-08T09:50:43.1846347Z 'ASGinzburg.ZAlgebra.leftModuleInclusionPreservesHomology' depends on axioms: [propext, Classical.choice, Quot.sound]
2026-10-08T09:50:43.1848127Z 'ASGinzburg.ZAlgebra.leftModuleEvaluationPreservesHomology' depends on axioms: [propext, Classical.choice, Quot.sound]
2026-10-08T09:50:43.1849784Z 'ASGinzburg.ZAlgebra.leftModuleKernelObjIso' depends on axioms: [propext, Classical.choice, Quot.sound]
2026-10-08T09:50:43.1851558Z 'ASGinzburg.ZAlgebra.leftModuleCokernelObjIso' depends on axioms: [propext, Classical.choice, Quot.sound]
2026-10-08T09:50:43.1853139Z 'ASGinzburg.ZAlgebra.leftModuleHomologyObjIso' depends on axioms: [propext, Classical.choice, Quot.sound]
2026-10-08T09:50:43.1854897Z 'ASGinzburg.ZAlgebra.leftModule_exact_iff_inclusion' depends on axioms: [propext, Classical.choice, Quot.sound]
2026-10-08T09:50:43.1856676Z 'ASGinzburg.ZAlgebra.leftModuleKernelObjIso_inv_ι' depends on axioms: [propext, Classical.choice, Quot.sound]
2026-10-08T09:50:43.1858465Z 'ASGinzburg.ZAlgebra.leftModuleCokernelObjIso_π_hom' depends on axioms: [propext, Classical.choice, Quot.sound]
2026-10-08T09:50:43.1859995Z 'ASGinzburg.ZAlgebra.leftModule_mono_iff' depends on axioms: [propext, Classical.choice, Quot.sound]
2026-10-08T09:50:43.1861378Z 'ASGinzburg.ZAlgebra.leftModule_epi_iff' depends on axioms: [propext, Classical.choice, Quot.sound]
2026-10-08T09:50:43.1862825Z 'ASGinzburg.ZAlgebra.leftModule_mono_iff_injective' depends on axioms: [propext, Classical.choice, Quot.sound]
2026-10-08T09:50:43.1864553Z 'ASGinzburg.ZAlgebra.leftModule_epi_iff_surjective' depends on axioms: [propext, Classical.choice, Quot.sound]
2026-10-08T09:50:43.1866117Z 'ASGinzburg.ZAlgebra.leftModule_exact_iff' depends on axioms: [propext, Classical.choice, Quot.sound]
2026-10-08T09:50:43.1867621Z 'ASGinzburg.ZAlgebra.leftModule_exact_iff_range_eq_ker' depends on axioms: [propext, Classical.choice, Quot.sound]
2026-10-08T09:50:43.1869165Z 'ASGinzburg.ZAlgebra.leftModule_shortExact_iff' depends on axioms: [propext, Classical.choice, Quot.sound]
2026-10-08T09:50:43.1870712Z 'ASGinzburg.ZAlgebra.leftRepresentableToElement' depends on axioms: [propext, Classical.choice, Quot.sound]
2026-10-08T09:50:43.1872350Z 'ASGinzburg.ZAlgebra.leftRepresentableYonedaEquiv' depends on axioms: [propext, Classical.choice, Quot.sound]
2026-10-08T09:50:47.6329021Z 'ASGinzburg.ZAlgebra.leftRepresentableYonedaEquiv_apply' depends on axioms: [propext, Classical.choice, Quot.sound]
2026-10-08T09:50:47.6348511Z 'ASGinzburg.ZAlgebra.leftRepresentableYonedaEquiv_comp' depends on axioms: [propext, Classical.choice, Quot.sound]
2026-10-08T09:50:47.6350627Z 'ASGinzburg.ZAlgebra.leftRepresentableYonedaEquiv_symm_app' depends on axioms: [propext, Classical.choice, Quot.sound]
2026-10-08T09:50:47.6352372Z 'ASGinzburg.ZAlgebra.leftRepresentableProjective' depends on axioms: [propext, Classical.choice, Quot.sound]
2026-10-08T09:50:47.6354128Z 'ASGinzburg.ZAlgebra.leftModuleProperty' depends on axioms: [propext, Classical.choice, Quot.sound]
2026-10-08T09:50:47.6355547Z 'ASGinzburg.ZAlgebra.LeftModule' depends on axioms: [propext, Classical.choice, Quot.sound]
2026-10-08T09:50:47.6356979Z 'ASGinzburg.ZAlgebra.leftRepresentableLinear' depends on axioms: [propext, Classical.choice, Quot.sound]
2026-10-08T09:50:47.6358453Z 'ASGinzburg.ZAlgebra.leftRepresentable' depends on axioms: [propext, Classical.choice, Quot.sound]
2026-10-08T09:50:47.6359894Z 'ASGinzburg.ZAlgebra.representableFunctor' depends on axioms: [propext, Classical.choice, Quot.sound]
2026-10-08T09:50:47.6361478Z 'ASGinzburg.ZAlgebra.representableFunctorAdditive' depends on axioms: [propext, Classical.choice, Quot.sound]
2026-10-08T09:50:47.6363088Z 'ASGinzburg.ZAlgebra.representableFunctorLinear' depends on axioms: [propext, Classical.choice, Quot.sound]
2026-10-08T09:50:47.6364865Z 'ASGinzburg.ZAlgebra.rightModuleCoyonedaLinear' depends on axioms: [propext, Classical.choice, Quot.sound]
2026-10-08T09:50:47.6366362Z 'ASGinzburg.ZAlgebra.rightModuleADual' depends on axioms: [propext, Classical.choice, Quot.sound]
2026-10-08T09:50:47.6367790Z 'ASGinzburg.ZAlgebra.rightModuleADual_obj' depends on axioms: [propext, Classical.choice, Quot.sound]
2026-10-08T09:50:47.6369236Z 'ASGinzburg.ZAlgebra.rightModuleADualMap' depends on axioms: [propext, Classical.choice, Quot.sound]
2026-10-08T09:50:47.6370709Z 'ASGinzburg.ZAlgebra.rightModuleADualFunctor' depends on axioms: [propext, Classical.choice, Quot.sound]
2026-10-08T09:50:47.6372527Z 'ASGinzburg.ZAlgebra.representableADualComponentEquiv' depends on axioms: [propext, Classical.choice, Quot.sound]
2026-10-08T09:50:47.6374339Z 'ASGinzburg.ZAlgebra.representableADualIso' depends on axioms: [propext, Classical.choice, Quot.sound]
2026-10-08T09:50:47.6375775Z 'ASGinzburg.ZAlgebra.LeftSubmodule' depends on axioms: [propext, Classical.choice, Quot.sound]
2026-10-08T09:50:47.6377195Z 'ASGinzburg.ZAlgebra.LeftSubmodule.presheaf' depends on axioms: [propext, Classical.choice, Quot.sound]
2026-10-08T09:50:47.6378767Z 'ASGinzburg.ZAlgebra.LeftSubmodule.presheafAdditive' depends on axioms: [propext, Classical.choice, Quot.sound]
2026-10-08T09:50:47.6380399Z 'ASGinzburg.ZAlgebra.LeftSubmodule.presheafLinear' depends on axioms: [propext, Classical.choice, Quot.sound]
2026-10-08T09:50:47.6381951Z 'ASGinzburg.ZAlgebra.LeftSubmodule.object' depends on axioms: [propext, Classical.choice, Quot.sound]
2026-10-08T09:50:47.6383514Z 'ASGinzburg.ZAlgebra.LeftSubmodule.inclusion' depends on axioms: [propext, Classical.choice, Quot.sound]
2026-10-08T09:50:47.6385280Z 'ASGinzburg.ZAlgebra.LeftSubmodule.inclusionMono' depends on axioms: [propext, Classical.choice, Quot.sound]
2026-10-08T09:50:47.6386827Z 'ASGinzburg.ZAlgebra.LeftSubmodule.quotient' depends on axioms: [propext, Classical.choice, Quot.sound]
2026-10-08T09:50:47.6388738Z 'ASGinzburg.ZAlgebra.LeftSubmodule.quotientπ' depends on axioms: [propext, Classical.choice, Quot.sound]
2026-10-08T09:50:47.6390504Z 'ASGinzburg.ZAlgebra.LeftSubmodule.quotientπEpi' depends on axioms: [propext, Classical.choice, Quot.sound]
2026-10-08T09:50:47.6392180Z 'ASGinzburg.ZAlgebra.LeftSubmodule.quotientShortComplex' depends on axioms: [propext, Classical.choice, Quot.sound]
2026-10-08T09:50:47.6394088Z 'ASGinzburg.ZAlgebra.LeftSubmodule.quotientShortExact' depends on axioms: [propext, Classical.choice, Quot.sound]
2026-10-08T09:50:47.6395896Z 'ASGinzburg.ZAlgebra.leftTotalLocallyUnitalFunctorAdditive' depends on axioms: [propext, Classical.choice, Quot.sound]
2026-10-08T09:50:47.6397744Z 'ASGinzburg.ZAlgebra.rightTotalLocallyUnitalFunctorAdditive' depends on axioms: [propext, Classical.choice, Quot.sound]
2026-10-08T09:50:47.6399644Z 'ASGinzburg.ZAlgebra.leftLocallyUnitalComponentFunctorAdditive' depends on axioms: [propext,
2026-10-08T09:50:47.6400722Z  Classical.choice,
2026-10-08T09:50:47.6401246Z  Quot.sound]
2026-10-08T09:50:47.6402181Z 'ASGinzburg.ZAlgebra.rightLocallyUnitalComponentFunctorAdditive' depends on axioms: [propext,
2026-10-08T09:50:47.6403267Z  Classical.choice,
2026-10-08T09:50:47.6403775Z  Quot.sound]
2026-10-08T09:50:47.6405061Z 'ASGinzburg.ZAlgebra.leftTotalLocallyUnitalFunctorLinear' depends on axioms: [propext, Classical.choice, Quot.sound]
2026-10-08T09:50:47.6406861Z 'ASGinzburg.ZAlgebra.rightTotalLocallyUnitalFunctorLinear' depends on axioms: [propext, Classical.choice, Quot.sound]
2026-10-08T09:50:47.6408701Z 'ASGinzburg.ZAlgebra.leftLocallyUnitalComponentFunctorLinear' depends on axioms: [propext, Classical.choice, Quot.sound]
2026-10-08T09:50:47.6410437Z 'ASGinzburg.ZAlgebra.rightLocallyUnitalComponentFunctorLinear' depends on axioms: [propext,
2026-10-08T09:50:47.6411518Z  Classical.choice,
2026-10-08T09:51:01.1448920Z  Quot.sound]
2026-10-08T09:51:01.1464995Z 'ASGinzburg.ZAlgebra.leftLocallyUnitalComponentFunctorIsEquivalence' depends on axioms: [propext,
2026-10-08T09:51:01.1469577Z  Classical.choice,
2026-10-08T09:51:01.1470170Z  Quot.sound]
2026-10-08T09:51:01.1471156Z 'ASGinzburg.ZAlgebra.rightLocallyUnitalComponentFunctorIsEquivalence' depends on axioms: [propext,
2026-10-08T09:51:01.1472284Z  Classical.choice,
2026-10-08T09:51:01.1472802Z  Quot.sound]
2026-10-08T09:51:01.1473872Z 'ASGinzburg.ZAlgebra.leftLocallyUnitalHasFiniteProducts' depends on axioms: [propext, Classical.choice, Quot.sound]
2026-10-08T09:51:01.1475879Z 'ASGinzburg.ZAlgebra.rightLocallyUnitalHasFiniteProducts' depends on axioms: [propext, Classical.choice, Quot.sound]
2026-10-08T09:51:01.1477541Z 'ASGinzburg.ZAlgebra.leftLocallyUnitalAbelian' depends on axioms: [propext, Classical.choice, Quot.sound]
2026-10-08T09:51:01.1479418Z 'ASGinzburg.ZAlgebra.rightLocallyUnitalAbelian' depends on axioms: [propext, Classical.choice, Quot.sound]
2026-10-08T09:51:01.1481093Z 'ASGinzburg.ZAlgebra.leftLocallyUnitalEnoughProjectives' depends on axioms: [propext, Classical.choice, Quot.sound]
2026-10-08T09:51:01.1482907Z 'ASGinzburg.ZAlgebra.rightLocallyUnitalEnoughProjectives' depends on axioms: [propext, Classical.choice, Quot.sound]
2026-10-08T09:51:01.1484753Z 'ASGinzburg.ZAlgebra.leftLocallyUnitalHasExt' depends on axioms: [propext, Classical.choice, Quot.sound]
2026-10-08T09:51:01.1486309Z 'ASGinzburg.ZAlgebra.rightLocallyUnitalHasExt' depends on axioms: [propext, Classical.choice, Quot.sound]
2026-10-08T09:51:01.1487925Z 'ASGinzburg.ZAlgebra.leftUnitizationComponentSum_action' depends on axioms: [propext, Classical.choice, Quot.sound]
2026-10-08T09:51:01.1489630Z 'ASGinzburg.ZAlgebra.rightUnitizationComponentSum_action' depends on axioms: [propext, Classical.choice, Quot.sound]
2026-10-08T09:51:01.1491185Z 'ASGinzburg.ZAlgebra.leftUnitizationComponentSum_representation' depends on axioms: [propext,
2026-10-08T09:51:01.1492212Z  Classical.choice,
2026-10-08T09:51:01.1492723Z  Quot.sound]
2026-10-08T09:51:01.1493616Z 'ASGinzburg.ZAlgebra.rightUnitizationComponentSum_representation' depends on axioms: [propext,
2026-10-08T09:51:01.1494846Z  Classical.choice,
2026-10-08T09:51:01.1495360Z  Quot.sound]
2026-10-08T09:51:01.1496357Z 'ASGinzburg.ZAlgebra.leftUnitization_smul_decomposition' depends on axioms: [propext, Classical.choice, Quot.sound]
2026-10-08T09:51:01.1498004Z 'ASGinzburg.ZAlgebra.rightUnitization_smul_decomposition' depends on axioms: [propext, Classical.choice, Quot.sound]
2026-10-08T09:51:01.1499728Z 'ASGinzburg.ZAlgebra.leftUnitizationComponentSumModuleMap' depends on axioms: [propext, Classical.choice, Quot.sound]
2026-10-08T09:51:01.1501534Z 'ASGinzburg.ZAlgebra.rightUnitizationComponentSumModuleMap' depends on axioms: [propext, Classical.choice, Quot.sound]
2026-10-08T09:51:01.1503318Z 'ASGinzburg.ZAlgebra.leftLocallyUnitalComponentSumIso' depends on axioms: [propext, Classical.choice, Quot.sound]
2026-10-08T09:51:01.1505483Z 'ASGinzburg.ZAlgebra.rightLocallyUnitalComponentSumIso' depends on axioms: [propext, Classical.choice, Quot.sound]
2026-10-08T09:51:01.1507095Z 'ASGinzburg.ZAlgebra.leftUnitizationComponentSumModuleMap_natural' depends on axioms: [propext,
2026-10-08T09:51:01.1508159Z  Classical.choice,
2026-10-08T09:51:01.1508674Z  Quot.sound]
2026-10-08T09:51:01.1509613Z 'ASGinzburg.ZAlgebra.rightUnitizationComponentSumModuleMap_natural' depends on axioms: [propext,
2026-10-08T09:51:01.1510684Z  Classical.choice,
2026-10-08T09:51:01.1511193Z  Quot.sound]
2026-10-08T09:51:01.1512168Z 'ASGinzburg.ZAlgebra.leftLocallyUnitalCounitIso' depends on axioms: [propext, Classical.choice, Quot.sound]
2026-10-08T09:51:01.1513760Z 'ASGinzburg.ZAlgebra.rightLocallyUnitalCounitIso' depends on axioms: [propext, Classical.choice, Quot.sound]
2026-10-08T09:51:01.1515519Z 'ASGinzburg.ZAlgebra.leftLocallyUnitalUnitIso' depends on axioms: [propext, Classical.choice, Quot.sound]
2026-10-08T09:51:01.1517085Z 'ASGinzburg.ZAlgebra.rightLocallyUnitalUnitIso' depends on axioms: [propext, Classical.choice, Quot.sound]
2026-10-08T09:51:01.1518687Z 'ASGinzburg.ZAlgebra.leftLocallyUnitalEquivalence' depends on axioms: [propext, Classical.choice, Quot.sound]
2026-10-08T09:51:01.1520320Z 'ASGinzburg.ZAlgebra.rightLocallyUnitalEquivalence' depends on axioms: [propext, Classical.choice, Quot.sound]
2026-10-08T09:51:01.1521862Z 'ASGinzburg.ZAlgebra.leftTotalLocallyUnitalFunctorIsEquivalence' depends on axioms: [propext,
2026-10-08T09:51:01.1522905Z  Classical.choice,
2026-10-08T09:51:01.1523410Z  Quot.sound]
2026-10-08T09:51:01.1524499Z 'ASGinzburg.ZAlgebra.rightTotalLocallyUnitalFunctorIsEquivalence' depends on axioms: [propext,
2026-10-08T09:51:01.1525588Z  Classical.choice,
2026-10-08T09:51:01.1526107Z  Quot.sound]
2026-10-08T09:51:01.1527011Z 'ASGinzburg.ZAlgebra.leftModuleExtModule' depends on axioms: [propext, Classical.choice, Quot.sound]
2026-10-08T09:51:01.1528746Z 'ASGinzburg.ZAlgebra.leftLocallyUnitalExtModule' depends on axioms: [propext, Classical.choice, Quot.sound]
2026-10-08T09:51:01.1530371Z 'ASGinzburg.ZAlgebra.rightLocallyUnitalExtModule' depends on axioms: [propext, Classical.choice, Quot.sound]
2026-10-08T09:51:01.1532026Z 'ASGinzburg.ZAlgebra.leftLocallyUnitalExtAddEquiv' depends on axioms: [propext, Classical.choice, Quot.sound]
2026-10-08T09:51:01.1533669Z 'ASGinzburg.ZAlgebra.rightLocallyUnitalExtAddEquiv' depends on axioms: [propext, Classical.choice, Quot.sound]
2026-10-08T09:51:13.6669645Z 'ASGinzburg.ZAlgebra.leftLocallyUnitalExtLinearEquiv' depends on axioms: [propext, Classical.choice, Quot.sound]
2026-10-08T09:51:13.6691521Z 'ASGinzburg.ZAlgebra.rightLocallyUnitalExtLinearEquiv' depends on axioms: [propext, Classical.choice, Quot.sound]
2026-10-08T09:51:13.6693607Z 'ASGinzburg.exactEquivalenceExtAddEquiv_hom' depends on axioms: [propext, Classical.choice, Quot.sound]
2026-10-08T09:51:13.6695486Z 'ASGinzburg.exactEquivalenceExtAddEquiv_precomp' depends on axioms: [propext, Classical.choice, Quot.sound]
2026-10-08T09:51:13.6697116Z 'ASGinzburg.exactEquivalenceExtAddEquiv_postcomp' depends on axioms: [propext, Classical.choice, Quot.sound]
2026-10-08T09:51:13.6698757Z 'ASGinzburg.exactEquivalenceExtLinearEquiv_toAddEquiv' depends on axioms: [propext, Classical.choice, Quot.sound]
2026-10-08T09:51:13.6700323Z 'ASGinzburg.ZAlgebra.leftLocallyUnitalExtLinearEquiv_toAddEquiv' depends on axioms: [propext,
2026-10-08T09:51:13.6701367Z  Classical.choice,
2026-10-08T09:51:13.6701889Z  Quot.sound]
2026-10-08T09:51:13.6702978Z 'ASGinzburg.ZAlgebra.leftLocallyUnitalExtLinearEquiv_precomp' depends on axioms: [propext, Classical.choice, Quot.sound]
2026-10-08T09:51:13.6704782Z 'ASGinzburg.ZAlgebra.leftLocallyUnitalExtLinearEquiv_postcomp' depends on axioms: [propext,
2026-10-08T09:51:13.6705819Z  Classical.choice,
2026-10-08T09:51:13.6706347Z  Quot.sound]
2026-10-08T09:51:13.6707261Z 'ASGinzburg.ZAlgebra.rightLocallyUnitalExtLinearEquiv_toAddEquiv' depends on axioms: [propext,
2026-10-08T09:51:13.6708628Z  Classical.choice,
2026-10-08T09:51:13.6709142Z  Quot.sound]
2026-10-08T09:51:13.6710030Z 'ASGinzburg.ZAlgebra.rightLocallyUnitalExtLinearEquiv_precomp' depends on axioms: [propext,
2026-10-08T09:51:13.6711057Z  Classical.choice,
2026-10-08T09:51:13.6711570Z  Quot.sound]
2026-10-08T09:51:13.6712470Z 'ASGinzburg.ZAlgebra.rightLocallyUnitalExtLinearEquiv_postcomp' depends on axioms: [propext,
2026-10-08T09:51:13.6713503Z  Classical.choice,
2026-10-08T09:51:13.6714192Z  Quot.sound]
2026-10-08T09:51:13.6715110Z 'ASGinzburg.ZAlgebra.totalUnitization' depends on axioms: [propext, Classical.choice, Quot.sound]
2026-10-08T09:51:13.6716584Z 'ASGinzburg.ZAlgebra.totalUnitizationRing' depends on axioms: [propext, Classical.choice, Quot.sound]
2026-10-08T09:51:13.6718127Z 'ASGinzburg.ZAlgebra.totalUnitizationSemiring' depends on axioms: [propext, Classical.choice, Quot.sound]
2026-10-08T09:51:13.6719748Z 'ASGinzburg.ZAlgebra.leftTotalUnitalRepresentation' depends on axioms: [propext, Classical.choice, Quot.sound]
2026-10-08T09:51:13.6721487Z 'ASGinzburg.ZAlgebra.rightTotalUnitalOppositeRepresentation' depends on axioms: [propext, Classical.choice, Quot.sound]
2026-10-08T09:51:13.6723249Z 'ASGinzburg.ZAlgebra.rightTotalUnitalRepresentation' depends on axioms: [propext, Classical.choice, Quot.sound]
2026-10-08T09:51:13.6725059Z 'ASGinzburg.ZAlgebra.leftTotalUnitizationModule' depends on axioms: [propext, Classical.choice, Quot.sound]
2026-10-08T09:51:13.6726667Z 'ASGinzburg.ZAlgebra.rightTotalUnitizationModule' depends on axioms: [propext, Classical.choice, Quot.sound]
2026-10-08T09:51:13.6728329Z 'ASGinzburg.ZAlgebra.leftTotalUnitalRepresentation_coe' depends on axioms: [propext, Classical.choice, Quot.sound]
2026-10-08T09:51:13.6730045Z 'ASGinzburg.ZAlgebra.rightTotalUnitalRepresentation_op_coe' depends on axioms: [propext, Classical.choice, Quot.sound]
2026-10-08T09:51:13.6731586Z 'ASGinzburg.ZAlgebra.leftTotalModule' depends on axioms: [propext, Classical.choice, Quot.sound]
2026-10-08T09:51:13.6733166Z 'ASGinzburg.ZAlgebra.rightTotalModule' depends on axioms: [propext, Classical.choice, Quot.sound]
2026-10-08T09:51:13.6734852Z 'ASGinzburg.ZAlgebra.leftTotalModule_component_smul' depends on axioms: [propext, Classical.choice, Quot.sound]
2026-10-08T09:51:13.6736420Z 'ASGinzburg.ZAlgebra.rightTotalModule_component_smul' depends on axioms: [propext, Classical.choice, Quot.sound]
2026-10-08T09:51:13.6737988Z 'ASGinzburg.ZAlgebra.leftLocallyUnitalProperty' depends on axioms: [propext, Classical.choice, Quot.sound]
2026-10-08T09:51:13.6739520Z 'ASGinzburg.ZAlgebra.rightLocallyUnitalProperty' depends on axioms: [propext, Classical.choice, Quot.sound]
2026-10-08T09:51:13.6741035Z 'ASGinzburg.ZAlgebra.LeftLocallyUnitalModule' depends on axioms: [propext, Classical.choice, Quot.sound]
2026-10-08T09:51:13.6742543Z 'ASGinzburg.ZAlgebra.RightLocallyUnitalModule' depends on axioms: [propext, Classical.choice, Quot.sound]
2026-10-08T09:51:13.6744253Z 'ASGinzburg.ZAlgebra.leftTotalModule_locally_unital' depends on axioms: [propext, Classical.choice, Quot.sound]
2026-10-08T09:51:13.6745863Z 'ASGinzburg.ZAlgebra.rightTotalModule_locally_unital' depends on axioms: [propext, Classical.choice, Quot.sound]
2026-10-08T09:51:13.6747445Z 'ASGinzburg.ZAlgebra.leftTotalLocallyUnitalModule' depends on axioms: [propext, Classical.choice, Quot.sound]
2026-10-08T09:51:13.6749048Z 'ASGinzburg.ZAlgebra.rightTotalLocallyUnitalModule' depends on axioms: [propext, Classical.choice, Quot.sound]
2026-10-08T09:51:13.6750338Z 'ASGinzburg.CutQuiver.Path.comp' does not depend on any axioms
2026-10-08T09:51:13.6751282Z 'ASGinzburg.CutQuiver.Path.comp_nil' does not depend on any axioms
2026-10-08T09:51:13.6752267Z 'ASGinzburg.CutQuiver.Path.nil_comp' depends on axioms: [propext]
2026-10-08T09:51:13.6753263Z 'ASGinzburg.CutQuiver.Path.comp_assoc' depends on axioms: [propext]
2026-10-08T09:51:13.6754499Z 'ASGinzburg.CutQuiver.Path.cutDegree_comp' depends on axioms: [propext]
2026-10-08T09:51:21.5068723Z 'ASGinzburg.CutQuiver.Path.winding_comp' depends on axioms: [propext]
2026-10-08T09:51:21.5084960Z 'ASGinzburg.CutQuiver.PathComponent' depends on axioms: [propext, Classical.choice, Quot.sound]
2026-10-08T09:51:21.5094963Z 'ASGinzburg.CutQuiver.pathComp' depends on axioms: [propext, Classical.choice, Quot.sound]
2026-10-08T09:51:21.5098545Z 'ASGinzburg.CutQuiver.pathId' depends on axioms: [propext, Classical.choice, Quot.sound]
2026-10-08T09:51:21.5099828Z 'ASGinzburg.CutQuiver.pathComp_single' depends on axioms: [propext, Classical.choice, Quot.sound]
2026-10-08T09:51:21.5101143Z 'ASGinzburg.CutQuiver.pathComp_id' depends on axioms: [propext, Classical.choice, Quot.sound]
2026-10-08T09:51:21.5102418Z 'ASGinzburg.CutQuiver.id_pathComp' depends on axioms: [propext, Classical.choice, Quot.sound]
2026-10-08T09:51:21.5103680Z 'ASGinzburg.CutQuiver.pathComp_assoc' depends on axioms: [propext, Classical.choice, Quot.sound]
2026-10-08T09:51:21.5105510Z 'ASGinzburg.ZAlgebra.rightRegularCoproductProjection' depends on axioms: [propext, Classical.choice, Quot.sound]
2026-10-08T09:51:21.5107033Z 'ASGinzburg.ZAlgebra.rightRegularCoproduct_inclusion_projection' depends on axioms: [propext,
2026-10-08T09:51:21.5108004Z  Classical.choice,
2026-10-08T09:51:21.5108442Z  Quot.sound]
2026-10-08T09:51:21.5109273Z 'ASGinzburg.ZAlgebra.rightRegularCoproduct_inclusion_projection_off' depends on axioms: [propext,
2026-10-08T09:51:21.5110242Z  Classical.choice,
2026-10-08T09:51:21.5110677Z  Quot.sound]
2026-10-08T09:51:21.5111600Z 'ASGinzburg.ZAlgebra.rightRegularCoproductAction' depends on axioms: [propext, Classical.choice, Quot.sound]
2026-10-08T09:51:21.5113202Z 'ASGinzburg.ZAlgebra.rightRegularCoproduct_inclusion_action' depends on axioms: [propext, Classical.choice, Quot.sound]
2026-10-08T09:51:21.5114902Z 'ASGinzburg.ZAlgebra.rightRegularCoproduct_inclusion_action_off' depends on axioms: [propext,
2026-10-08T09:51:21.5115863Z  Classical.choice,
2026-10-08T09:51:21.5116296Z  Quot.sound]
2026-10-08T09:51:21.5117511Z 'ASGinzburg.ZAlgebra.rightRegularCoproductAction_add' depends on axioms: [propext, Classical.choice, Quot.sound]
2026-10-08T09:51:21.5119141Z 'ASGinzburg.ZAlgebra.rightRegularCoproductAction_smul' depends on axioms: [propext, Classical.choice, Quot.sound]
2026-10-08T09:51:21.5120740Z 'ASGinzburg.ZAlgebra.rightRegularCoproductAction_comp' depends on axioms: [propext, Classical.choice, Quot.sound]
2026-10-08T09:51:21.5122325Z 'ASGinzburg.ZAlgebra.rightRegularCoproductAction_id' depends on axioms: [propext, Classical.choice, Quot.sound]
2026-10-08T09:51:21.5124114Z 'ASGinzburg.ZAlgebra.rightRegularCoproductAction_comp_off' depends on axioms: [propext, Classical.choice, Quot.sound]
2026-10-08T09:51:21.5125786Z 'ASGinzburg.ZAlgebra.leftModuleTotalAction' depends on axioms: [propext, Classical.choice, Quot.sound]
2026-10-08T09:51:21.5127242Z 'ASGinzburg.ZAlgebra.leftModuleTotalAction_lof' depends on axioms: [propext, Classical.choice, Quot.sound]
2026-10-08T09:51:21.5128736Z 'ASGinzburg.ZAlgebra.leftModuleTotalAction_lof_off' depends on axioms: [propext, Classical.choice, Quot.sound]
2026-10-08T09:51:21.5130334Z 'ASGinzburg.ZAlgebra.leftModuleTotalAction_zero_of_map_zero' depends on axioms: [propext, Classical.choice, Quot.sound]
2026-10-08T09:51:21.5131875Z 'ASGinzburg.ZAlgebra.ASResolution.extRegularCoproductEquiv_inclusion' depends on axioms: [propext,
2026-10-08T09:51:21.5132892Z  Classical.choice,
2026-10-08T09:51:21.5133328Z  Quot.sound]
2026-10-08T09:51:21.5134385Z 'ASGinzburg.ZAlgebra.ASResolution.extRegularCoproductEquiv_action' depends on axioms: [propext,
2026-10-08T09:51:21.5135387Z  Classical.choice,
2026-10-08T09:51:21.5135819Z  Quot.sound]
2026-10-08T09:51:21.5136752Z 'ASGinzburg.ZAlgebra.ASRegular.extRegularCoproductThree_positive_action_zero' depends on axioms: [propext,
2026-10-08T09:51:21.5137815Z  Classical.choice,
2026-10-08T09:51:21.5138245Z  Quot.sound]
2026-10-08T09:51:21.5139170Z 'ASGinzburg.ZAlgebra.representableHomEvaluationIso' depends on axioms: [propext, Classical.choice, Quot.sound]
2026-10-08T09:51:21.5140971Z 'ASGinzburg.ZAlgebra.rightModuleEvaluationPreservesColimitsOfShape' depends on axioms: [propext,
2026-10-08T09:51:21.5141998Z  Classical.choice,
2026-10-08T09:51:21.5142436Z  Quot.sound]
2026-10-08T09:51:21.5143265Z 'ASGinzburg.ZAlgebra.representableHomPreservesColimitsOfShape' depends on axioms: [propext,
2026-10-08T09:51:21.5144441Z  Classical.choice,
2026-10-08T09:51:21.5144873Z  Quot.sound]
2026-10-08T09:51:21.5145771Z 'ASGinzburg.ZAlgebra.representableHomColimitIso' depends on axioms: [propext, Classical.choice, Quot.sound]
2026-10-08T09:51:21.5147310Z 'ASGinzburg.ZAlgebra.rightModuleExtZeroFunctorIso' depends on axioms: [propext, Classical.choice, Quot.sound]
2026-10-08T09:51:21.5148814Z 'ASGinzburg.ZAlgebra.representableExtZeroPreservesColimitsOfShape' depends on axioms: [propext,
2026-10-08T09:51:21.5149825Z  Classical.choice,
2026-10-08T09:51:21.5150255Z  Quot.sound]
2026-10-08T09:51:21.5151183Z 'ASGinzburg.ZAlgebra.representableExtZeroColimitIso' depends on axioms: [propext, Classical.choice, Quot.sound]
2026-10-08T09:51:21.5152551Z 'ASGinzburg.ZAlgebra.Obj' depends on axioms: [propext, Classical.choice, Quot.sound]
2026-10-08T09:51:21.5153738Z 'ASGinzburg.ZAlgebra.objCategory' depends on axioms: [propext, Classical.choice, Quot.sound]
2026-10-08T09:51:21.5155147Z 'ASGinzburg.ZAlgebra.objHomAdd' depends on axioms: [propext, Classical.choice, Quot.sound]
2026-10-08T09:51:21.5156389Z 'ASGinzburg.ZAlgebra.objHomModule' depends on axioms: [propext, Classical.choice, Quot.sound]
2026-10-08T09:51:30.2991440Z 'ASGinzburg.ZAlgebra.objPreadditive' depends on axioms: [propext, Classical.choice, Quot.sound]
2026-10-08T09:51:30.3015015Z 'ASGinzburg.ZAlgebra.objLinear' depends on axioms: [propext, Classical.choice, Quot.sound]
2026-10-08T09:51:30.3016621Z 'ASGinzburg.ZAlgebra.objOppositeHomModule' depends on axioms: [propext, Classical.choice, Quot.sound]
2026-10-08T09:51:30.3032306Z 'ASGinzburg.ZAlgebra.objOppositeLinear' depends on axioms: [propext, Classical.choice, Quot.sound]
2026-10-08T09:51:30.3034550Z 'ASGinzburg.ZAlgebra.representableLinear' depends on axioms: [propext, Classical.choice, Quot.sound]
2026-10-08T09:51:30.3036113Z 'ASGinzburg.ZAlgebra.linearYonedaAdditive' depends on axioms: [propext, Classical.choice, Quot.sound]
2026-10-08T09:51:30.3037624Z 'ASGinzburg.ZAlgebra.linearYonedaLinear' depends on axioms: [propext, Classical.choice, Quot.sound]
2026-10-08T09:51:30.3039111Z 'ASGinzburg.ZAlgebra.rightModuleProperty' depends on axioms: [propext, Classical.choice, Quot.sound]
2026-10-08T09:51:30.3040526Z 'ASGinzburg.ZAlgebra.RightModule' depends on axioms: [propext, Classical.choice, Quot.sound]
2026-10-08T09:51:30.3041873Z 'ASGinzburg.ZAlgebra.representable' depends on axioms: [propext, Classical.choice, Quot.sound]
2026-10-08T09:51:30.3043292Z 'ASGinzburg.ZAlgebra.representableHomEquiv' depends on axioms: [propext, Classical.choice, Quot.sound]
2026-10-08T09:51:30.3045003Z 'ASGinzburg.ZAlgebra.representableHom_vanishes' depends on axioms: [propext, Classical.choice, Quot.sound]
2026-10-08T09:51:30.3046489Z 'ASGinzburg.ZAlgebra.scalarEndEquiv' depends on axioms: [propext, Classical.choice, Quot.sound]
2026-10-08T09:51:30.3047926Z 'ASGinzburg.ZAlgebra.representableEnd_finrank' depends on axioms: [propext, Classical.choice, Quot.sound]
2026-10-08T09:51:30.3049544Z 'ASGinzburg.ZAlgebra.rightModuleProperty_closedUnderLimits' depends on axioms: [propext, Classical.choice, Quot.sound]
2026-10-08T09:51:30.3051285Z 'ASGinzburg.ZAlgebra.rightModuleProperty_closedUnderColimits' depends on axioms: [propext, Classical.choice, Quot.sound]
2026-10-08T09:51:30.3052971Z 'ASGinzburg.ZAlgebra.rightModuleHasLimitsOfShape' depends on axioms: [propext, Classical.choice, Quot.sound]
2026-10-08T09:51:30.3054767Z 'ASGinzburg.ZAlgebra.rightModuleHasColimitsOfShape' depends on axioms: [propext, Classical.choice, Quot.sound]
2026-10-08T09:51:30.3056319Z 'ASGinzburg.ZAlgebra.rightModuleInclusionCreatesLimitsOfShape' depends on axioms: [propext,
2026-10-08T09:51:30.3057369Z  Classical.choice,
2026-10-08T09:51:30.3057887Z  Quot.sound]
2026-10-08T09:51:30.3059061Z 'ASGinzburg.ZAlgebra.rightModuleInclusionCreatesColimitsOfShape' depends on axioms: [propext,
2026-10-08T09:51:30.3060123Z  Classical.choice,
2026-10-08T09:51:30.3060646Z  Quot.sound]
2026-10-08T09:51:30.3061646Z 'ASGinzburg.ZAlgebra.rightModuleHasFiniteProducts' depends on axioms: [propext, Classical.choice, Quot.sound]
2026-10-08T09:51:30.3063364Z 'ASGinzburg.ZAlgebra.rightModuleCoimageImageComparisonIsIso' depends on axioms: [propext, Classical.choice, Quot.sound]
2026-10-08T09:51:30.3065221Z 'ASGinzburg.ZAlgebra.rightModuleAbelian' depends on axioms: [propext, Classical.choice, Quot.sound]
2026-10-08T09:51:30.3066709Z 'ASGinzburg.ZAlgebra.rightModuleInclusionPreservesFiniteLimits' depends on axioms: [propext,
2026-10-08T09:51:30.3067785Z  Classical.choice,
2026-10-08T09:51:30.3068307Z  Quot.sound]
2026-10-08T09:51:30.3069244Z 'ASGinzburg.ZAlgebra.rightModuleInclusionPreservesFiniteColimits' depends on axioms: [propext,
2026-10-08T09:51:30.3070321Z  Classical.choice,
2026-10-08T09:51:30.3070853Z  Quot.sound]
2026-10-08T09:51:30.3071787Z 'ASGinzburg.ZAlgebra.rightModuleGenerators' depends on axioms: [propext, Classical.choice, Quot.sound]
2026-10-08T09:51:30.3073233Z 'ASGinzburg.ZAlgebra.freeRightModule' depends on axioms: [propext, Classical.choice, Quot.sound]
2026-10-08T09:51:30.3075232Z 'ASGinzburg.ZAlgebra.freeRightModuleπ' depends on axioms: [propext, Classical.choice, Quot.sound]
2026-10-08T09:51:30.3076782Z 'ASGinzburg.ZAlgebra.freeRightModuleProjective' depends on axioms: [propext, Classical.choice, Quot.sound]
2026-10-08T09:51:30.3078455Z 'ASGinzburg.ZAlgebra.freeRightModuleπEpi' depends on axioms: [propext, Classical.choice, Quot.sound]
2026-10-08T09:51:30.3080020Z 'ASGinzburg.ZAlgebra.rightModuleEnoughProjectives' depends on axioms: [propext, Classical.choice, Quot.sound]
2026-10-08T09:51:30.3081680Z 'ASGinzburg.ZAlgebra.rightModuleProjectiveResolution' depends on axioms: [propext, Classical.choice, Quot.sound]
2026-10-08T09:51:30.3083555Z 'ASGinzburg.ZAlgebra.rightModuleProjectiveResolution_exactAt_succ' depends on axioms: [propext,
2026-10-08T09:51:30.3084873Z  Classical.choice,
2026-10-08T09:51:30.3085400Z  Quot.sound]
2026-10-08T09:51:30.3086291Z 'ASGinzburg.ZAlgebra.rightModuleHasExt' depends on axioms: [propext, Classical.choice, Quot.sound]
2026-10-08T09:51:30.3087832Z 'ASGinzburg.ZAlgebra.representableExtZeroEquiv' depends on axioms: [propext, Classical.choice, Quot.sound]
2026-10-08T09:51:30.3089377Z 'ASGinzburg.ZAlgebra.representable_higher_ext_eq_zero' depends on axioms: [propext, Classical.choice, Quot.sound]
2026-10-08T09:51:30.3090902Z 'ASGinzburg.ZAlgebra.rightModuleExtPostcomp' depends on axioms: [propext, Classical.choice, Quot.sound]
2026-10-08T09:51:30.3092412Z 'ASGinzburg.ZAlgebra.rightModuleExtCovariant' depends on axioms: [propext, Classical.choice, Quot.sound]
2026-10-08T09:51:55.0868003Z 'ASGinzburg.ZAlgebra.rightModuleExtCovariantAdditive' depends on axioms: [propext, Classical.choice, Quot.sound]
2026-10-08T09:51:55.0869842Z 'ASGinzburg.ZAlgebra.rightModuleExtCovariantLinear' depends on axioms: [propext, Classical.choice, Quot.sound]
2026-10-08T09:51:55.0873335Z 'ASGinzburg.ZAlgebra.rightModuleExtLeft' depends on axioms: [propext, Classical.choice, Quot.sound]
2026-10-08T09:51:55.0874865Z 'ASGinzburg.ZAlgebra.rightModuleExtLeft_obj' depends on axioms: [propext, Classical.choice, Quot.sound]
2026-10-08T09:51:55.0876174Z 'ASGinzburg.ZAlgebra.rightModuleExtLeftZeroIso' depends on axioms: [propext, Classical.choice, Quot.sound]
2026-10-08T09:51:55.0877454Z 'ASGinzburg.ZAlgebra.shiftedHomModule' depends on axioms: [propext, Classical.choice, Quot.sound]
2026-10-08T09:51:55.0878729Z 'ASGinzburg.ZAlgebra.rightModuleDerivedLinear' depends on axioms: [propext, Classical.choice, Quot.sound]
2026-10-08T09:51:55.0880082Z 'ASGinzburg.ZAlgebra.rightModuleDerivedQhLinear' depends on axioms: [propext, Classical.choice, Quot.sound]
2026-10-08T09:51:55.0881485Z 'ASGinzburg.ZAlgebra.rightModuleDerivedSingleLinear' depends on axioms: [propext, Classical.choice, Quot.sound]
2026-10-08T09:51:55.0883268Z 'ASGinzburg.ZAlgebra.rightModuleExtHomAddEquiv' depends on axioms: [propext, Classical.choice, Quot.sound]
2026-10-08T09:51:55.0884785Z 'ASGinzburg.ZAlgebra.rightModuleExtModule' depends on axioms: [propext, Classical.choice, Quot.sound]
2026-10-08T09:51:55.0886138Z 'ASGinzburg.ZAlgebra.rightModuleExtHomLinearEquiv' depends on axioms: [propext, Classical.choice, Quot.sound]
2026-10-08T09:51:55.0887864Z 'ASGinzburg.ZAlgebra.rightModuleExt_mk₀_smul' depends on axioms: [propext, Classical.choice, Quot.sound]
2026-10-08T09:51:55.0889256Z 'ASGinzburg.ZAlgebra.rightModuleExtZeroLinearEquiv' depends on axioms: [propext, Classical.choice, Quot.sound]
2026-10-08T09:51:55.0890690Z 'ASGinzburg.ZAlgebra.representableExtZeroLinearEquiv' depends on axioms: [propext, Classical.choice, Quot.sound]
2026-10-08T09:51:55.0892073Z 'ASGinzburg.ZAlgebra.rightModuleExtPrecomp' depends on axioms: [propext, Classical.choice, Quot.sound]
2026-10-08T09:51:55.0893400Z 'ASGinzburg.ZAlgebra.rightModuleExtPrecompNat' depends on axioms: [propext, Classical.choice, Quot.sound]
2026-10-08T09:51:55.0894945Z 'ASGinzburg.ZAlgebra.rightModuleExtBoundaryNat' depends on axioms: [propext, Classical.choice, Quot.sound]
2026-10-08T09:51:55.0896398Z 'ASGinzburg.ZAlgebra.rightModuleExtDimensionShiftNatIso' depends on axioms: [propext, Classical.choice, Quot.sound]
2026-10-08T09:51:55.0897943Z 'ASGinzburg.ZAlgebra.rightModuleExtPrecompNat_boundary_zero' depends on axioms: [propext, Classical.choice, Quot.sound]
2026-10-08T09:51:55.0899496Z 'ASGinzburg.ZAlgebra.rightModuleExtBoundaryShortComplex' depends on axioms: [propext, Classical.choice, Quot.sound]
2026-10-08T09:51:55.0900955Z 'ASGinzburg.ZAlgebra.rightModuleExtBoundaryShortComplex_exact_component' depends on axioms: [propext,
2026-10-08T09:51:55.0901878Z  Classical.choice,
2026-10-08T09:51:55.0902221Z  Quot.sound]
2026-10-08T09:51:55.0903068Z 'ASGinzburg.ZAlgebra.rightModuleExtBoundaryNatAppEpi' depends on axioms: [propext, Classical.choice, Quot.sound]
2026-10-08T09:51:55.0904905Z 'ASGinzburg.ZAlgebra.rightModuleExtBoundaryNatEpi' depends on axioms: [propext, Classical.choice, Quot.sound]
2026-10-08T09:51:55.0906433Z 'ASGinzburg.ZAlgebra.rightModuleExtBoundaryCoforkIsColimit' depends on axioms: [propext, Classical.choice, Quot.sound]
2026-10-08T09:51:55.0907943Z 'ASGinzburg.ZAlgebra.rightModuleExtCokernelNatIso' depends on axioms: [propext, Classical.choice, Quot.sound]
2026-10-08T09:51:55.0909582Z 'ASGinzburg.ZAlgebra.rightModuleExtCokernelNatIso_π_hom' depends on axioms: [propext, Classical.choice, Quot.sound]
2026-10-08T09:51:55.0911072Z 'ASGinzburg.ZAlgebra.rightModuleDerivedShiftLinear' depends on axioms: [propext, Classical.choice, Quot.sound]
2026-10-08T09:51:55.0912485Z 'ASGinzburg.ZAlgebra.rightModuleExt_smul_comp' depends on axioms: [propext, Classical.choice, Quot.sound]
2026-10-08T09:51:55.0913791Z 'ASGinzburg.ZAlgebra.rightModuleExt_comp_smul' depends on axioms: [propext, Classical.choice, Quot.sound]
2026-10-08T09:51:55.0915297Z 'ASGinzburg.ZAlgebra.rightModuleExtBoundary' depends on axioms: [propext, Classical.choice, Quot.sound]
2026-10-08T09:51:55.0916693Z 'ASGinzburg.ZAlgebra.rightModuleExtBoundary_bijective' depends on axioms: [propext, Classical.choice, Quot.sound]
2026-10-08T09:51:55.0918138Z 'ASGinzburg.ZAlgebra.rightModuleExtDimensionShift' depends on axioms: [propext, Classical.choice, Quot.sound]
2026-10-08T09:51:55.0919591Z 'ASGinzburg.ZAlgebra.rightModuleExtZeroBoundary_bijective' depends on axioms: [propext, Classical.choice, Quot.sound]
2026-10-08T09:51:55.0921067Z 'ASGinzburg.ZAlgebra.rightModuleExtZeroDimensionShift' depends on axioms: [propext, Classical.choice, Quot.sound]
2026-10-08T09:51:55.0922447Z 'ASGinzburg.ZAlgebra.rightModuleHomPrecomp' depends on axioms: [propext, Classical.choice, Quot.sound]
2026-10-08T09:51:55.0923777Z 'ASGinzburg.ZAlgebra.rightModuleHomPrecomp_injective' depends on axioms: [propext, Classical.choice, Quot.sound]
2026-10-08T09:52:02.4449624Z 'ASGinzburg.ZAlgebra.rightModuleHomFinite_of_epi' depends on axioms: [propext, Classical.choice, Quot.sound]
2026-10-08T09:52:02.4468484Z 'ASGinzburg.ZAlgebra.rightModuleCoproductHomLinearEquiv' depends on axioms: [propext, Classical.choice, Quot.sound]
2026-10-08T09:52:02.4470578Z 'ASGinzburg.ZAlgebra.rightModuleCoproductHomFinite' depends on axioms: [propext, Classical.choice, Quot.sound]
2026-10-08T09:52:02.4472192Z 'ASGinzburg.ZAlgebra.representableHomFinite' depends on axioms: [propext, Classical.choice, Quot.sound]
2026-10-08T09:52:02.4473864Z 'ASGinzburg.ZAlgebra.representableHomRepresentableFinite' depends on axioms: [propext, Classical.choice, Quot.sound]
2026-10-08T09:52:02.4476139Z 'ASGinzburg.ZAlgebra.asResolutionTerm₁HomFinite' depends on axioms: [propext, Classical.choice, Quot.sound]
2026-10-08T09:52:02.4477869Z 'ASGinzburg.ZAlgebra.asResolutionTerm₂HomFinite' depends on axioms: [propext, Classical.choice, Quot.sound]
2026-10-08T09:52:02.4479425Z 'ASGinzburg.ZAlgebra.rightModuleHomPrecompNat' depends on axioms: [propext, Classical.choice, Quot.sound]
2026-10-08T09:52:02.4481064Z 'ASGinzburg.ZAlgebra.rightModuleHomPrecompNat_comp_zero' depends on axioms: [propext, Classical.choice, Quot.sound]
2026-10-08T09:52:02.4482687Z 'ASGinzburg.ZAlgebra.rightModuleHomShortComplex' depends on axioms: [propext, Classical.choice, Quot.sound]
2026-10-08T09:52:02.4484375Z 'ASGinzburg.ZAlgebra.rightModuleHomShortComplex_exact_component' depends on axioms: [propext,
2026-10-08T09:52:02.4485418Z  Classical.choice,
2026-10-08T09:52:02.4485939Z  Quot.sound]
2026-10-08T09:52:02.4486973Z 'ASGinzburg.ZAlgebra.rightModuleHomPrecompNatAppMono' depends on axioms: [propext, Classical.choice, Quot.sound]
2026-10-08T09:52:02.4488624Z 'ASGinzburg.ZAlgebra.rightModuleHomPrecompNatMono' depends on axioms: [propext, Classical.choice, Quot.sound]
2026-10-08T09:52:02.4490259Z 'ASGinzburg.ZAlgebra.rightModuleHomKernelForkIsLimit' depends on axioms: [propext, Classical.choice, Quot.sound]
2026-10-08T09:52:02.4491866Z 'ASGinzburg.ZAlgebra.rightModuleHomKernelNatIso' depends on axioms: [propext, Classical.choice, Quot.sound]
2026-10-08T09:52:02.4494116Z 'ASGinzburg.ZAlgebra.rightModuleHomKernelNatIso_hom_ι' depends on axioms: [propext, Classical.choice, Quot.sound]
2026-10-08T09:52:02.4495897Z 'ASGinzburg.ZAlgebra.rightModuleHomPreservesExactColimits' depends on axioms: [propext, Classical.choice, Quot.sound]
2026-10-08T09:52:02.4497541Z 'ASGinzburg.ZAlgebra.rightModuleEvaluation' depends on axioms: [propext, Classical.choice, Quot.sound]
2026-10-08T09:52:02.4499110Z 'ASGinzburg.ZAlgebra.rightModuleEvaluationAdditive' depends on axioms: [propext, Classical.choice, Quot.sound]
2026-10-08T09:52:02.4500678Z 'ASGinzburg.ZAlgebra.rightModuleEvaluationPreservesFiniteLimits' depends on axioms: [propext,
2026-10-08T09:52:02.4501742Z  Classical.choice,
2026-10-08T09:52:02.4502253Z  Quot.sound]
2026-10-08T09:52:02.4503206Z 'ASGinzburg.ZAlgebra.rightModuleEvaluationPreservesFiniteColimits' depends on axioms: [propext,
2026-10-08T09:52:02.4504527Z  Classical.choice,
2026-10-08T09:52:02.4505047Z  Quot.sound]
2026-10-08T09:52:02.4506155Z 'ASGinzburg.ZAlgebra.rightModuleInclusionPreservesHomology' depends on axioms: [propext, Classical.choice, Quot.sound]
2026-10-08T09:52:02.4507966Z 'ASGinzburg.ZAlgebra.rightModuleEvaluationPreservesHomology' depends on axioms: [propext, Classical.choice, Quot.sound]
2026-10-08T09:52:02.4509629Z 'ASGinzburg.ZAlgebra.rightModuleKernelObjIso' depends on axioms: [propext, Classical.choice, Quot.sound]
2026-10-08T09:52:02.4511194Z 'ASGinzburg.ZAlgebra.rightModuleCokernelObjIso' depends on axioms: [propext, Classical.choice, Quot.sound]
2026-10-08T09:52:02.4512753Z 'ASGinzburg.ZAlgebra.rightModuleHomologyObjIso' depends on axioms: [propext, Classical.choice, Quot.sound]
2026-10-08T09:52:02.4514489Z 'ASGinzburg.ZAlgebra.rightModule_exact_iff_inclusion' depends on axioms: [propext, Classical.choice, Quot.sound]
2026-10-08T09:52:02.4516260Z 'ASGinzburg.ZAlgebra.rightModuleKernelObjIso_inv_ι' depends on axioms: [propext, Classical.choice, Quot.sound]
2026-10-08T09:52:02.4518034Z 'ASGinzburg.ZAlgebra.rightModuleCokernelObjIso_π_hom' depends on axioms: [propext, Classical.choice, Quot.sound]
2026-10-08T09:52:02.4519794Z 'ASGinzburg.ZAlgebra.rightModule_mono_iff' depends on axioms: [propext, Classical.choice, Quot.sound]
2026-10-08T09:52:02.4521202Z 'ASGinzburg.ZAlgebra.rightModule_epi_iff' depends on axioms: [propext, Classical.choice, Quot.sound]
2026-10-08T09:52:02.4522644Z 'ASGinzburg.ZAlgebra.rightModule_mono_iff_injective' depends on axioms: [propext, Classical.choice, Quot.sound]
2026-10-08T09:52:02.4524352Z 'ASGinzburg.ZAlgebra.rightModule_epi_iff_surjective' depends on axioms: [propext, Classical.choice, Quot.sound]
2026-10-08T09:52:02.4525849Z 'ASGinzburg.ZAlgebra.rightModule_exact_iff' depends on axioms: [propext, Classical.choice, Quot.sound]
2026-10-08T09:52:02.4527441Z 'ASGinzburg.ZAlgebra.rightModule_exact_iff_range_eq_ker' depends on axioms: [propext, Classical.choice, Quot.sound]
2026-10-08T09:52:02.4529027Z 'ASGinzburg.ZAlgebra.rightModule_shortExact_iff' depends on axioms: [propext, Classical.choice, Quot.sound]
2026-10-08T09:52:02.4530580Z 'ASGinzburg.ZAlgebra.IsMinimalMorphism' depends on axioms: [propext, Classical.choice, Quot.sound]
2026-10-08T09:52:06.4569927Z 'ASGinzburg.ZAlgebra.isMinimalMorphism_iff_range_le' depends on axioms: [propext, Classical.choice, Quot.sound]
2026-10-08T09:52:06.4595075Z 'ASGinzburg.ZAlgebra.minimalMorphismLift' depends on axioms: [propext, Classical.choice, Quot.sound]
2026-10-08T09:52:06.4596755Z 'ASGinzburg.ZAlgebra.minimalMorphismLift_inclusion' depends on axioms: [propext, Classical.choice, Quot.sound]
2026-10-08T09:52:06.4610000Z 'ASGinzburg.ZAlgebra.isMinimalMorphism_of_factor' depends on axioms: [propext, Classical.choice, Quot.sound]
2026-10-08T09:52:06.4611643Z 'ASGinzburg.ZAlgebra.isMinimalMorphism_iff_factors' depends on axioms: [propext, Classical.choice, Quot.sound]
2026-10-08T09:52:06.4613162Z 'ASGinzburg.ZAlgebra.isMinimalMorphism_zero' depends on axioms: [propext, Classical.choice, Quot.sound]
2026-10-08T09:52:06.4615356Z 'ASGinzburg.ZAlgebra.isMinimalMorphism_comp_left' depends on axioms: [propext, Classical.choice, Quot.sound]
2026-10-08T09:52:06.4619315Z 'ASGinzburg.ZAlgebra.isMinimalMorphism_comp_right' depends on axioms: [propext, Classical.choice, Quot.sound]
2026-10-08T09:52:06.4621322Z 'ASGinzburg.ZAlgebra.representableToElement' depends on axioms: [propext, Classical.choice, Quot.sound]
2026-10-08T09:52:06.4622882Z 'ASGinzburg.ZAlgebra.representableYonedaEquiv' depends on axioms: [propext, Classical.choice, Quot.sound]
2026-10-08T09:52:06.4624789Z 'ASGinzburg.ZAlgebra.representableYonedaEquiv_apply' depends on axioms: [propext, Classical.choice, Quot.sound]
2026-10-08T09:52:06.4626550Z 'ASGinzburg.ZAlgebra.representableYonedaEquiv_comp' depends on axioms: [propext, Classical.choice, Quot.sound]
2026-10-08T09:52:06.4628189Z 'ASGinzburg.ZAlgebra.representableYonedaEquiv_symm_app' depends on axioms: [propext, Classical.choice, Quot.sound]
2026-10-08T09:52:06.4630179Z 'ASGinzburg.ZAlgebra.representableProjective' depends on axioms: [propext, Classical.choice, Quot.sound]
2026-10-08T09:52:06.4633147Z 'ASGinzburg.ZAlgebra.positiveActionSpan_action_mem' depends on axioms: [propext, Classical.choice, Quot.sound]
2026-10-08T09:52:06.4635014Z 'ASGinzburg.ZAlgebra.rightModuleRadical' depends on axioms: [propext, Classical.choice, Quot.sound]
2026-10-08T09:52:06.4636551Z 'ASGinzburg.ZAlgebra.positiveActionSpan_map_mem' depends on axioms: [propext, Classical.choice, Quot.sound]
2026-10-08T09:52:06.4638110Z 'ASGinzburg.ZAlgebra.rightModuleRadicalMap' depends on axioms: [propext, Classical.choice, Quot.sound]
2026-10-08T09:52:06.4639696Z 'ASGinzburg.ZAlgebra.rightModuleRadicalMap_inclusion' depends on axioms: [propext, Classical.choice, Quot.sound]
2026-10-08T09:52:06.4641322Z 'ASGinzburg.ZAlgebra.rightModuleRadicalFunctor' depends on axioms: [propext, Classical.choice, Quot.sound]
2026-10-08T09:52:06.4642992Z 'ASGinzburg.ZAlgebra.rightModuleRadicalFunctorAdditive' depends on axioms: [propext, Classical.choice, Quot.sound]
2026-10-08T09:52:06.4644934Z 'ASGinzburg.ZAlgebra.rightModuleRadicalFunctorLinear' depends on axioms: [propext, Classical.choice, Quot.sound]
2026-10-08T09:52:06.4646813Z 'ASGinzburg.ZAlgebra.rightModuleRadical_representable_component' depends on axioms: [propext,
2026-10-08T09:52:06.4647849Z  Classical.choice,
2026-10-08T09:52:06.4648404Z  Quot.sound]
2026-10-08T09:52:06.4649438Z 'ASGinzburg.ZAlgebra.positiveActionSpan_simple_eq_bot' depends on axioms: [propext, Classical.choice, Quot.sound]
2026-10-08T09:52:06.4651105Z 'ASGinzburg.ZAlgebra.radical_inclusion_comp_simple_eq_zero' depends on axioms: [propext, Classical.choice, Quot.sound]
2026-10-08T09:52:06.4652763Z 'ASGinzburg.ZAlgebra.minimalMorphism_comp_simple_eq_zero' depends on axioms: [propext, Classical.choice, Quot.sound]
2026-10-08T09:52:06.4654927Z 'ASGinzburg.ZAlgebra.RightSubmodule' depends on axioms: [propext, Classical.choice, Quot.sound]
2026-10-08T09:52:06.4656443Z 'ASGinzburg.ZAlgebra.RightSubmodule.presheaf' depends on axioms: [propext, Classical.choice, Quot.sound]
2026-10-08T09:52:06.4658067Z 'ASGinzburg.ZAlgebra.RightSubmodule.presheafAdditive' depends on axioms: [propext, Classical.choice, Quot.sound]
2026-10-08T09:52:06.4659728Z 'ASGinzburg.ZAlgebra.RightSubmodule.presheafLinear' depends on axioms: [propext, Classical.choice, Quot.sound]
2026-10-08T09:52:06.4661291Z 'ASGinzburg.ZAlgebra.RightSubmodule.object' depends on axioms: [propext, Classical.choice, Quot.sound]
2026-10-08T09:52:06.4662807Z 'ASGinzburg.ZAlgebra.RightSubmodule.inclusion' depends on axioms: [propext, Classical.choice, Quot.sound]
2026-10-08T09:52:06.4664599Z 'ASGinzburg.ZAlgebra.RightSubmodule.inclusionMono' depends on axioms: [propext, Classical.choice, Quot.sound]
2026-10-08T09:52:06.4666307Z 'ASGinzburg.ZAlgebra.RightSubmodule.quotient' depends on axioms: [propext, Classical.choice, Quot.sound]
2026-10-08T09:52:06.4668195Z 'ASGinzburg.ZAlgebra.RightSubmodule.quotientπ' depends on axioms: [propext, Classical.choice, Quot.sound]
2026-10-08T09:52:06.4670194Z 'ASGinzburg.ZAlgebra.RightSubmodule.quotientπEpi' depends on axioms: [propext, Classical.choice, Quot.sound]
2026-10-08T09:52:06.4671943Z 'ASGinzburg.ZAlgebra.RightSubmodule.quotientShortComplex' depends on axioms: [propext, Classical.choice, Quot.sound]
2026-10-08T09:52:14.8266907Z 'ASGinzburg.ZAlgebra.RightSubmodule.quotientShortExact' depends on axioms: [propext, Classical.choice, Quot.sound]
2026-10-08T09:52:14.8295213Z 'ASGinzburg.ZAlgebra.leftRepresentableRadical' depends on axioms: [propext, Classical.choice, Quot.sound]
2026-10-08T09:52:14.8297012Z 'ASGinzburg.ZAlgebra.positiveLeftActionSpan' depends on axioms: [propext, Classical.choice, Quot.sound]
2026-10-08T09:52:14.8309760Z 'ASGinzburg.ZAlgebra.leftRepresentableRadical_eq_positiveLeftActionSpan' depends on axioms: [propext,
2026-10-08T09:52:14.8310897Z  Classical.choice,
2026-10-08T09:52:14.8311422Z  Quot.sound]
2026-10-08T09:52:14.8312320Z 'ASGinzburg.ZAlgebra.simpleLeftModule' depends on axioms: [propext, Classical.choice, Quot.sound]
2026-10-08T09:52:14.8314370Z 'ASGinzburg.ZAlgebra.simpleLeftModuleπ' depends on axioms: [propext, Classical.choice, Quot.sound]
2026-10-08T09:52:14.8316060Z 'ASGinzburg.ZAlgebra.simpleLeftModuleπEpi' depends on axioms: [propext, Classical.choice, Quot.sound]
2026-10-08T09:52:14.8317668Z 'ASGinzburg.ZAlgebra.leftRepresentableRadical_diagonal_zero' depends on axioms: [propext, Classical.choice, Quot.sound]
2026-10-08T09:52:14.8319422Z 'ASGinzburg.ZAlgebra.simpleLeftModuleDiagonalIso' depends on axioms: [propext, Classical.choice, Quot.sound]
2026-10-08T09:52:14.8321023Z 'ASGinzburg.ZAlgebra.simpleLeftModule_off_diagonal' depends on axioms: [propext, Classical.choice, Quot.sound]
2026-10-08T09:52:14.8322612Z 'ASGinzburg.ZAlgebra.simpleLeftModule_diagonal_finrank' depends on axioms: [propext, Classical.choice, Quot.sound]
2026-10-08T09:52:14.8324453Z 'ASGinzburg.ZAlgebra.simpleLeftModuleDiagonalSimple' depends on axioms: [propext, Classical.choice, Quot.sound]
2026-10-08T09:52:14.8326110Z 'ASGinzburg.ZAlgebra.simpleLeftModule_hom_eq_zero_iff' depends on axioms: [propext, Classical.choice, Quot.sound]
2026-10-08T09:52:14.8328359Z 'ASGinzburg.ZAlgebra.simpleLeftModuleSimple' depends on axioms: [propext, Classical.choice, Quot.sound]
2026-10-08T09:52:14.8329903Z 'ASGinzburg.ZAlgebra.simpleLeftModule_shortExact' depends on axioms: [propext, Classical.choice, Quot.sound]
2026-10-08T09:52:14.8331402Z 'ASGinzburg.ZAlgebra.representableRadical' depends on axioms: [propext, Classical.choice, Quot.sound]
2026-10-08T09:52:14.8332869Z 'ASGinzburg.ZAlgebra.positiveActionSpan' depends on axioms: [propext, Classical.choice, Quot.sound]
2026-10-08T09:52:14.8334470Z 'ASGinzburg.ZAlgebra.representableRadical_eq_positiveActionSpan' depends on axioms: [propext,
2026-10-08T09:52:14.8335539Z  Classical.choice,
2026-10-08T09:52:14.8336064Z  Quot.sound]
2026-10-08T09:52:14.8336979Z 'ASGinzburg.ZAlgebra.simpleRightModule' depends on axioms: [propext, Classical.choice, Quot.sound]
2026-10-08T09:52:14.8338606Z 'ASGinzburg.ZAlgebra.simpleRightModuleπ' depends on axioms: [propext, Classical.choice, Quot.sound]
2026-10-08T09:52:14.8340266Z 'ASGinzburg.ZAlgebra.simpleRightModuleπEpi' depends on axioms: [propext, Classical.choice, Quot.sound]
2026-10-08T09:52:14.8341848Z 'ASGinzburg.ZAlgebra.representableRadical_diagonal_zero' depends on axioms: [propext, Classical.choice, Quot.sound]
2026-10-08T09:52:14.8343497Z 'ASGinzburg.ZAlgebra.simpleRightModuleDiagonalIso' depends on axioms: [propext, Classical.choice, Quot.sound]
2026-10-08T09:52:14.8345313Z 'ASGinzburg.ZAlgebra.simpleRightModule_off_diagonal' depends on axioms: [propext, Classical.choice, Quot.sound]
2026-10-08T09:52:14.8346932Z 'ASGinzburg.ZAlgebra.simpleRightModule_diagonal_finrank' depends on axioms: [propext, Classical.choice, Quot.sound]
2026-10-08T09:52:14.8348606Z 'ASGinzburg.ZAlgebra.simpleRightModuleDiagonalSimple' depends on axioms: [propext, Classical.choice, Quot.sound]
2026-10-08T09:52:14.8350243Z 'ASGinzburg.ZAlgebra.simpleRightModule_hom_eq_zero_iff' depends on axioms: [propext, Classical.choice, Quot.sound]
2026-10-08T09:52:14.8352072Z 'ASGinzburg.ZAlgebra.simpleRightModuleSimple' depends on axioms: [propext, Classical.choice, Quot.sound]
2026-10-08T09:52:14.8353666Z 'ASGinzburg.ZAlgebra.simpleRightModule_shortExact' depends on axioms: [propext, Classical.choice, Quot.sound]
2026-10-08T09:52:14.8355759Z 'ASGinzburg.ArrowSpace333' does not depend on any axioms
2026-10-08T09:52:14.8356795Z 'ASGinzburg.CubicTensor333' depends on axioms: [propext, Classical.choice, Quot.sound]
2026-10-08T09:52:14.8357826Z 'ASGinzburg.Triple333' does not depend on any axioms
2026-10-08T09:52:14.8358690Z 'ASGinzburg.CubicCoefficients333' does not depend on any axioms
2026-10-08T09:52:14.8359611Z 'ASGinzburg.CutRelations333' does not depend on any axioms
2026-10-08T09:52:14.8360632Z 'ASGinzburg.cubicBasis333' depends on axioms: [propext, Classical.choice, Quot.sound]
2026-10-08T09:52:14.8361900Z 'ASGinzburg.cubicCoordinates333' depends on axioms: [propext, Classical.choice, Quot.sound]
2026-10-08T09:52:14.8363263Z 'ASGinzburg.cutRelationCoordinates333' depends on axioms: [propext, Classical.choice, Quot.sound]
2026-10-08T09:52:14.8364885Z 'ASGinzburg.tensorToCutRelations333' depends on axioms: [propext, Classical.choice, Quot.sound]
2026-10-08T09:52:14.8366337Z 'ASGinzburg.tensor_recovered_from_cut_relations333' depends on axioms: [propext, Classical.choice, Quot.sound]
2026-10-08T09:52:14.8367771Z 'ASGinzburg.cubicTensor333_finrank' depends on axioms: [propext, Classical.choice, Quot.sound]
2026-10-08T09:52:14.8369085Z 'ASGinzburg.arrowBasisChange333' depends on axioms: [propext, Classical.choice, Quot.sound]
2026-10-08T09:52:21.0761127Z 'ASGinzburg.arrowBasisChange333_tmul' depends on axioms: [propext, Classical.choice, Quot.sound]
2026-10-08T09:52:21.0785295Z 'ASGinzburg.TopCohomology' depends on axioms: [propext, Classical.choice, Quot.sound]
2026-10-08T09:52:21.0786739Z 'ASGinzburg.map_from_zero_domain_eq_zero' depends on axioms: [propext, Quot.sound]
2026-10-08T09:52:21.0805095Z 'ASGinzburg.topCohomologyEquiv' depends on axioms: [propext, Classical.choice, Quot.sound]
2026-10-08T09:52:21.0809677Z 'ASGinzburg.topCohomology_finrank' depends on axioms: [propext, Classical.choice, Quot.sound]
2026-10-08T09:52:21.0811100Z 'ASGinzburg.topCohomology_field_finrank' depends on axioms: [propext, Classical.choice, Quot.sound]
2026-10-08T09:52:21.0812648Z 'ASGinzburg.ZAlgebra.totalAlgebraRepresentation_mul_mem' depends on axioms: [propext, Classical.choice, Quot.sound]
2026-10-08T09:52:21.0814443Z 'ASGinzburg.ZAlgebra.totalAlgebra' depends on axioms: [propext, Classical.choice, Quot.sound]
2026-10-08T09:52:21.0815890Z 'ASGinzburg.ZAlgebra.totalAlgebraNonUnitalRing' depends on axioms: [propext, Classical.choice, Quot.sound]
2026-10-08T09:52:21.0817446Z 'ASGinzburg.ZAlgebra.totalAlgebraAddCommGroup' depends on axioms: [propext, Classical.choice, Quot.sound]
2026-10-08T09:52:21.0819000Z 'ASGinzburg.ZAlgebra.totalAlgebraAddCommMonoid' depends on axioms: [propext, Classical.choice, Quot.sound]
2026-10-08T09:52:21.0820511Z 'ASGinzburg.ZAlgebra.totalAlgebraModule' depends on axioms: [propext, Classical.choice, Quot.sound]
2026-10-08T09:52:21.0821970Z 'ASGinzburg.ZAlgebra.totalAlgebraEquiv' depends on axioms: [propext, Classical.choice, Quot.sound]
2026-10-08T09:52:21.0823435Z 'ASGinzburg.ZAlgebra.totalAlgebraComponent' depends on axioms: [propext, Classical.choice, Quot.sound]
2026-10-08T09:52:21.0825187Z 'ASGinzburg.ZAlgebra.totalAlgebraComponent_coe' depends on axioms: [propext, Classical.choice, Quot.sound]
2026-10-08T09:52:21.0826717Z 'ASGinzburg.ZAlgebra.totalAlgebraComponent_mul' depends on axioms: [propext, Classical.choice, Quot.sound]
2026-10-08T09:52:21.0828285Z 'ASGinzburg.ZAlgebra.totalAlgebraComponent_mul_off' depends on axioms: [propext, Classical.choice, Quot.sound]
2026-10-08T09:52:21.0829790Z 'ASGinzburg.ZAlgebra.totalAlgebraSpace' depends on axioms: [propext, Classical.choice, Quot.sound]
2026-10-08T09:52:21.0831315Z 'ASGinzburg.ZAlgebra.regularComponentActionLinear' depends on axioms: [propext, Classical.choice, Quot.sound]
2026-10-08T09:52:21.0833270Z 'ASGinzburg.ZAlgebra.totalAlgebraRepresentation' depends on axioms: [propext, Classical.choice, Quot.sound]
2026-10-08T09:52:21.0835171Z 'ASGinzburg.ZAlgebra.totalAlgebraRepresentation_single' depends on axioms: [propext, Classical.choice, Quot.sound]
2026-10-08T09:52:21.0836732Z 'ASGinzburg.ZAlgebra.regularMatrixEntry' depends on axioms: [propext, Classical.choice, Quot.sound]
2026-10-08T09:52:21.0838246Z 'ASGinzburg.ZAlgebra.regularMatrixEntry_action' depends on axioms: [propext, Classical.choice, Quot.sound]
2026-10-08T09:52:21.0839815Z 'ASGinzburg.ZAlgebra.regularMatrixEntry_action_off' depends on axioms: [propext, Classical.choice, Quot.sound]
2026-10-08T09:52:21.0841299Z 'ASGinzburg.ZAlgebra.totalAlgebraEntry' depends on axioms: [propext, Classical.choice, Quot.sound]
2026-10-08T09:52:21.0842845Z 'ASGinzburg.ZAlgebra.totalAlgebraEntry_representation' depends on axioms: [propext, Classical.choice, Quot.sound]
2026-10-08T09:52:21.0844706Z 'ASGinzburg.ZAlgebra.totalAlgebraRepresentation_injective' depends on axioms: [propext, Classical.choice, Quot.sound]
2026-10-08T09:52:21.0846397Z 'ASGinzburg.ZAlgebra.totalAlgebraAddZeroClass' depends on axioms: [propext, Classical.choice, Quot.sound]
2026-10-08T09:52:21.0847927Z 'ASGinzburg.ZAlgebra.totalAlgebraLiftLinear' depends on axioms: [propext, Classical.choice, Quot.sound]
2026-10-08T09:52:21.0849498Z 'ASGinzburg.ZAlgebra.totalAlgebraLiftLinear_component' depends on axioms: [propext, Classical.choice, Quot.sound]
2026-10-08T09:52:21.0851100Z 'ASGinzburg.ZAlgebra.totalAlgebraLiftLinear_mul' depends on axioms: [propext, Classical.choice, Quot.sound]
2026-10-08T09:52:21.0852583Z 'ASGinzburg.ZAlgebra.totalAlgebraLift' depends on axioms: [propext, Classical.choice, Quot.sound]
2026-10-08T09:52:21.0854234Z 'ASGinzburg.ZAlgebra.totalAlgebraComponent_id_mul' depends on axioms: [propext, Classical.choice, Quot.sound]
2026-10-08T09:52:21.0855922Z 'ASGinzburg.ZAlgebra.totalAlgebraComponent_mul_id' depends on axioms: [propext, Classical.choice, Quot.sound]
2026-10-08T09:52:21.0857472Z 'ASGinzburg.ZAlgebra.totalAlgebraLocalUnit' depends on axioms: [propext, Classical.choice, Quot.sound]
2026-10-08T09:52:21.0859362Z 'ASGinzburg.ZAlgebra.totalAlgebraLocalUnit_mul_component' depends on axioms: [propext, Classical.choice, Quot.sound]
2026-10-08T09:52:21.0860996Z 'ASGinzburg.ZAlgebra.totalAlgebraComponent_mul_localUnit' depends on axioms: [propext, Classical.choice, Quot.sound]
2026-10-08T09:52:21.0862626Z 'ASGinzburg.ZAlgebra.totalAlgebraLocalUnit_idempotent' depends on axioms: [propext, Classical.choice, Quot.sound]
2026-10-08T09:52:21.0864523Z 'ASGinzburg.ZAlgebra.totalAlgebra_eq_sum_components' depends on axioms: [propext, Classical.choice, Quot.sound]
2026-10-08T09:52:26.1426700Z 'ASGinzburg.ZAlgebra.totalAlgebraSupport' depends on axioms: [propext, Classical.choice, Quot.sound]
2026-10-08T09:52:26.1445294Z 'ASGinzburg.ZAlgebra.totalAlgebraLocalUnit_mul_eq_self' depends on axioms: [propext, Classical.choice, Quot.sound]
2026-10-08T09:52:26.1465016Z 'ASGinzburg.ZAlgebra.totalAlgebraLocalUnit_right_eq_self' depends on axioms: [propext, Classical.choice, Quot.sound]
2026-10-08T09:52:26.1469601Z 'ASGinzburg.ZAlgebra.totalAlgebra_common_local_unit' depends on axioms: [propext, Classical.choice, Quot.sound]
2026-10-08T09:52:26.1471221Z 'ASGinzburg.ZAlgebra.leftModuleTotalAction_add' depends on axioms: [propext, Classical.choice, Quot.sound]
2026-10-08T09:52:26.1472729Z 'ASGinzburg.ZAlgebra.leftModuleTotalAction_smul' depends on axioms: [propext, Classical.choice, Quot.sound]
2026-10-08T09:52:26.1474395Z 'ASGinzburg.ZAlgebra.leftModuleTotalAction_comp' depends on axioms: [propext, Classical.choice, Quot.sound]
2026-10-08T09:52:26.1475894Z 'ASGinzburg.ZAlgebra.leftModuleTotalAction_comp_off' depends on axioms: [propext, Classical.choice, Quot.sound]
2026-10-08T09:52:26.1479909Z 'ASGinzburg.ZAlgebra.rightModuleTotalAction_add' depends on axioms: [propext, Classical.choice, Quot.sound]
2026-10-08T09:52:26.1481814Z 'ASGinzburg.ZAlgebra.rightModuleTotalAction_smul' depends on axioms: [propext, Classical.choice, Quot.sound]
2026-10-08T09:52:26.1483677Z 'ASGinzburg.ZAlgebra.rightModuleTotalAction_comp' depends on axioms: [propext, Classical.choice, Quot.sound]
2026-10-08T09:52:26.1485643Z 'ASGinzburg.ZAlgebra.rightModuleTotalAction_comp_off' depends on axioms: [propext, Classical.choice, Quot.sound]
2026-10-08T09:52:26.1487269Z 'ASGinzburg.ZAlgebra.leftTotalComponentRepresentation' depends on axioms: [propext, Classical.choice, Quot.sound]
2026-10-08T09:52:26.1488995Z 'ASGinzburg.ZAlgebra.rightTotalComponentRepresentation' depends on axioms: [propext, Classical.choice, Quot.sound]
2026-10-08T09:52:26.1490588Z 'ASGinzburg.ZAlgebra.leftTotalUnitalRepresentation_algebraMap_apply' depends on axioms: [propext,
2026-10-08T09:52:26.1491627Z  Classical.choice,
2026-10-08T09:52:26.1492105Z  Quot.sound]
2026-10-08T09:52:26.1493006Z 'ASGinzburg.ZAlgebra.rightTotalUnitalRepresentation_algebraMap_apply' depends on axioms: [propext,
2026-10-08T09:52:26.1494220Z  Classical.choice,
2026-10-08T09:52:26.1494708Z  Quot.sound]
2026-10-08T09:52:26.1495594Z 'ASGinzburg.ZAlgebra.leftTotalHomToLinear' depends on axioms: [propext, Classical.choice, Quot.sound]
2026-10-08T09:52:26.1497122Z 'ASGinzburg.ZAlgebra.rightTotalHomToLinear' depends on axioms: [propext, Classical.choice, Quot.sound]
2026-10-08T09:52:26.1505845Z 'ASGinzburg.ZAlgebra.leftTotalHomComponent' depends on axioms: [propext, Classical.choice, Quot.sound]
2026-10-08T09:52:26.1507496Z 'ASGinzburg.ZAlgebra.rightTotalHomComponent' depends on axioms: [propext, Classical.choice, Quot.sound]
2026-10-08T09:52:26.1509033Z 'ASGinzburg.ZAlgebra.leftTotalHomToLinear_lof' depends on axioms: [propext, Classical.choice, Quot.sound]
2026-10-08T09:52:26.1510533Z 'ASGinzburg.ZAlgebra.rightTotalHomToLinear_lof' depends on axioms: [propext, Classical.choice, Quot.sound]
2026-10-08T09:52:26.1512016Z 'ASGinzburg.ZAlgebra.leftTotalHomNatTrans' depends on axioms: [propext, Classical.choice, Quot.sound]
2026-10-08T09:52:26.1513471Z 'ASGinzburg.ZAlgebra.rightTotalHomNatTrans' depends on axioms: [propext, Classical.choice, Quot.sound]
2026-10-08T09:52:26.1515658Z 'ASGinzburg.ZAlgebra.leftTotalHomNatTrans_recover' depends on axioms: [propext, Classical.choice, Quot.sound]
2026-10-08T09:52:26.1517233Z 'ASGinzburg.ZAlgebra.rightTotalHomNatTrans_recover' depends on axioms: [propext, Classical.choice, Quot.sound]
2026-10-08T09:52:26.1518880Z 'ASGinzburg.ZAlgebra.leftTotalLocallyUnitalFunctorFull' depends on axioms: [propext, Classical.choice, Quot.sound]
2026-10-08T09:52:26.1520574Z 'ASGinzburg.ZAlgebra.rightTotalLocallyUnitalFunctorFull' depends on axioms: [propext, Classical.choice, Quot.sound]
2026-10-08T09:52:26.1522160Z 'ASGinzburg.ZAlgebra.leftTotalLinearMap' depends on axioms: [propext, Classical.choice, Quot.sound]
2026-10-08T09:52:26.1523583Z 'ASGinzburg.ZAlgebra.rightTotalLinearMap' depends on axioms: [propext, Classical.choice, Quot.sound]
2026-10-08T09:52:26.1525229Z 'ASGinzburg.ZAlgebra.leftTotalLinearMap_lof' depends on axioms: [propext, Classical.choice, Quot.sound]
2026-10-08T09:52:26.1526711Z 'ASGinzburg.ZAlgebra.rightTotalLinearMap_lof' depends on axioms: [propext, Classical.choice, Quot.sound]
2026-10-08T09:52:26.1528192Z 'ASGinzburg.ZAlgebra.leftTotalLinearMap_action' depends on axioms: [propext, Classical.choice, Quot.sound]
2026-10-08T09:52:26.1529695Z 'ASGinzburg.ZAlgebra.rightTotalLinearMap_action' depends on axioms: [propext, Classical.choice, Quot.sound]
2026-10-08T09:52:26.1531251Z 'ASGinzburg.ZAlgebra.leftTotalLinearMap_representation' depends on axioms: [propext, Classical.choice, Quot.sound]
2026-10-08T09:52:26.1532851Z 'ASGinzburg.ZAlgebra.rightTotalLinearMap_representation' depends on axioms: [propext, Classical.choice, Quot.sound]
2026-10-08T09:52:26.1534651Z 'ASGinzburg.ZAlgebra.leftTotalModuleMap' depends on axioms: [propext, Classical.choice, Quot.sound]
2026-10-08T09:52:30.4605103Z 'ASGinzburg.ZAlgebra.rightTotalModuleMap' depends on axioms: [propext, Classical.choice, Quot.sound]
2026-10-08T09:52:30.4625507Z 'ASGinzburg.ZAlgebra.leftTotalLocallyUnitalFunctor' depends on axioms: [propext, Classical.choice, Quot.sound]
2026-10-08T09:52:30.4645521Z 'ASGinzburg.ZAlgebra.rightTotalLocallyUnitalFunctor' depends on axioms: [propext, Classical.choice, Quot.sound]
2026-10-08T09:52:30.4647554Z 'ASGinzburg.ZAlgebra.leftTotalLocallyUnitalFunctorFaithful' depends on axioms: [propext, Classical.choice, Quot.sound]
2026-10-08T09:52:30.4655716Z 'ASGinzburg.ZAlgebra.rightTotalLocallyUnitalFunctorFaithful' depends on axioms: [propext, Classical.choice, Quot.sound]
2026-10-08T09:52:30.4657419Z 'ASGinzburg.finiteTotalProjection' depends on axioms: [propext, Classical.choice, Quot.sound]
2026-10-08T09:52:30.4658845Z 'ASGinzburg.finiteTotalProjection_apply' depends on axioms: [propext, Classical.choice, Quot.sound]
2026-10-08T09:52:30.4660380Z 'ASGinzburg.finiteTotalProjection_apply_component' depends on axioms: [propext, Classical.choice, Quot.sound]
2026-10-08T09:52:30.4661940Z 'ASGinzburg.finiteTotalProjection_idempotent' depends on axioms: [propext, Classical.choice, Quot.sound]
2026-10-08T09:52:30.4663451Z 'ASGinzburg.finiteTotalProjection_support' depends on axioms: [propext, Classical.choice, Quot.sound]
2026-10-08T09:52:30.4665215Z 'ASGinzburg.finiteTotalProjection_eq_self_of_support_subset' depends on axioms: [propext, Classical.choice, Quot.sound]
2026-10-08T09:52:30.4666826Z 'ASGinzburg.finiteTotalProjection_common_local_unit' depends on axioms: [propext, Classical.choice, Quot.sound]
2026-10-08T09:52:30.4668368Z 'ASGinzburg.ZAlgebra.leftModuleTotalAction_id' depends on axioms: [propext, Classical.choice, Quot.sound]
2026-10-08T09:52:30.4669942Z 'ASGinzburg.ZAlgebra.leftModuleTotalSpace_local_units' depends on axioms: [propext, Classical.choice, Quot.sound]
2026-10-08T09:52:30.4671525Z 'ASGinzburg.ZAlgebra.rightModuleTotalAction' depends on axioms: [propext, Classical.choice, Quot.sound]
2026-10-08T09:52:30.4673071Z 'ASGinzburg.ZAlgebra.rightModuleTotalAction_id' depends on axioms: [propext, Classical.choice, Quot.sound]
2026-10-08T09:52:30.4674892Z 'ASGinzburg.ZAlgebra.rightModuleTotalSpace_local_units' depends on axioms: [propext, Classical.choice, Quot.sound]
2026-10-08T09:52:30.4676928Z 'ASGinzburg.ZAlgebra.leftModuleTotalSpace_common_local_unit' depends on axioms: [propext, Classical.choice, Quot.sound]
2026-10-08T09:52:30.4678632Z 'ASGinzburg.ZAlgebra.rightModuleTotalSpace_common_local_unit' depends on axioms: [propext, Classical.choice, Quot.sound]
2026-10-08T09:52:30.4680264Z 'ASGinzburg.ZAlgebra.rightModuleTotalAction_lof' depends on axioms: [propext, Classical.choice, Quot.sound]
2026-10-08T09:52:30.4681837Z 'ASGinzburg.ZAlgebra.rightModuleTotalAction_lof_off' depends on axioms: [propext, Classical.choice, Quot.sound]
2026-10-08T09:52:30.4683399Z 'ASGinzburg.ZAlgebra.leftTotalRepresentation' depends on axioms: [propext, Classical.choice, Quot.sound]
2026-10-08T09:52:30.4685363Z 'ASGinzburg.ZAlgebra.leftTotalRepresentation_component' depends on axioms: [propext, Classical.choice, Quot.sound]
2026-10-08T09:52:30.4687261Z 'ASGinzburg.ZAlgebra.rightTotalComponentOppositeRepresentation' depends on axioms: [propext,
2026-10-08T09:52:30.4688375Z  Classical.choice,
2026-10-08T09:52:30.4688900Z  Quot.sound]
2026-10-08T09:52:30.4689858Z 'ASGinzburg.ZAlgebra.rightTotalRepresentation' depends on axioms: [propext, Classical.choice, Quot.sound]
2026-10-08T09:52:30.4691490Z 'ASGinzburg.ZAlgebra.rightTotalRepresentation_component' depends on axioms: [propext, Classical.choice, Quot.sound]
2026-10-08T09:52:30.4693016Z 'ASGinzburg.discreteColimitFaithful' depends on axioms: [propext, Classical.choice, Quot.sound]
2026-10-08T09:52:30.4694711Z 'ASGinzburg.ZAlgebra.rightModuleComponents' depends on axioms: [propext, Classical.choice, Quot.sound]
2026-10-08T09:52:30.4696994Z 'ASGinzburg.ZAlgebra.leftModuleComponents' depends on axioms: [propext, Classical.choice, Quot.sound]
2026-10-08T09:52:30.4698538Z 'ASGinzburg.ZAlgebra.rightModuleComponentsFaithful' depends on axioms: [propext, Classical.choice, Quot.sound]
2026-10-08T09:52:30.4700142Z 'ASGinzburg.ZAlgebra.leftModuleComponentsFaithful' depends on axioms: [propext, Classical.choice, Quot.sound]
2026-10-08T09:52:30.4702031Z 'ASGinzburg.ZAlgebra.rightModuleTotalFunctor' depends on axioms: [propext, Classical.choice, Quot.sound]
2026-10-08T09:52:30.4703579Z 'ASGinzburg.ZAlgebra.leftModuleTotalFunctor' depends on axioms: [propext, Classical.choice, Quot.sound]
2026-10-08T09:52:30.4705499Z 'ASGinzburg.ZAlgebra.rightModuleTotalFunctorFaithful' depends on axioms: [propext, Classical.choice, Quot.sound]
2026-10-08T09:52:30.4707199Z 'ASGinzburg.ZAlgebra.leftModuleTotalFunctorFaithful' depends on axioms: [propext, Classical.choice, Quot.sound]
2026-10-08T09:52:30.4708810Z 'ASGinzburg.ZAlgebra.rightModuleTotalFunctorPreservesFiniteLimits' depends on axioms: [propext,
2026-10-08T09:52:30.4709865Z  Classical.choice,
2026-10-08T09:52:30.4710388Z  Quot.sound]
2026-10-08T09:52:30.4711310Z 'ASGinzburg.ZAlgebra.leftModuleTotalFunctorPreservesFiniteLimits' depends on axioms: [propext,
2026-10-08T09:52:30.4712371Z  Classical.choice,
2026-10-08T09:52:30.4712885Z  Quot.sound]
2026-10-08T09:52:36.9508365Z 'ASGinzburg.ZAlgebra.rightModuleTotalFunctorPreservesColimitsOfShape' depends on axioms: [propext,
2026-10-08T09:52:36.9524658Z  Classical.choice,
2026-10-08T09:52:36.9544482Z  Quot.sound]
2026-10-08T09:52:36.9545983Z 'ASGinzburg.ZAlgebra.leftModuleTotalFunctorPreservesColimitsOfShape' depends on axioms: [propext,
2026-10-08T09:52:36.9547125Z  Classical.choice,
2026-10-08T09:52:36.9547646Z  Quot.sound]
2026-10-08T09:52:36.9548663Z 'ASGinzburg.ZAlgebra.leftModuleTotalFunctorObjIso' depends on axioms: [propext, Classical.choice, Quot.sound]
2026-10-08T09:52:36.9550247Z 'ASGinzburg.ZAlgebra.rightModuleTotalSpace' depends on axioms: [propext, Classical.choice, Quot.sound]
2026-10-08T09:52:36.9551809Z 'ASGinzburg.ZAlgebra.rightModuleTotalFunctorObjIso' depends on axioms: [propext, Classical.choice, Quot.sound]
2026-10-08T09:52:36.9553394Z 'ASGinzburg.ZAlgebra.rightModuleTotalFunctorPreservesFiniteColimits' depends on axioms: [propext,
2026-10-08T09:52:36.9554724Z  Classical.choice,
2026-10-08T09:52:36.9555620Z  Quot.sound]
2026-10-08T09:52:36.9556586Z 'ASGinzburg.ZAlgebra.leftModuleTotalFunctorPreservesFiniteColimits' depends on axioms: [propext,
2026-10-08T09:52:36.9557668Z  Classical.choice,
2026-10-08T09:52:36.9558185Z  Quot.sound]
2026-10-08T09:52:36.9559224Z 'ASGinzburg.ZAlgebra.rightModuleTotalFunctor_shortExact' depends on axioms: [propext, Classical.choice, Quot.sound]
2026-10-08T09:52:36.9560903Z 'ASGinzburg.ZAlgebra.leftModuleTotalFunctor_shortExact' depends on axioms: [propext, Classical.choice, Quot.sound]
2026-10-08T09:52:36.9562558Z 'ASGinzburg.ZAlgebra.rightModuleTotalFunctor_exact_iff' depends on axioms: [propext, Classical.choice, Quot.sound]
2026-10-08T09:52:36.9564402Z 'ASGinzburg.ZAlgebra.leftModuleTotalFunctor_exact_iff' depends on axioms: [propext, Classical.choice, Quot.sound]
2026-10-08T09:52:36.9566414Z 'ASGinzburg.ZAlgebra.leftModuleTotalFunctor_ι_objIso_hom' depends on axioms: [propext, Classical.choice, Quot.sound]
2026-10-08T09:52:36.9568267Z 'ASGinzburg.ZAlgebra.rightModuleTotalFunctor_ι_objIso_hom' depends on axioms: [propext, Classical.choice, Quot.sound]
2026-10-08T09:52:36.9569607Z 'ASGinzburg.triangle333' depends on axioms: [propext, Quot.sound]
2026-10-08T09:52:36.9570566Z 'ASGinzburg.triangleX' depends on axioms: [propext, Quot.sound]
2026-10-08T09:52:36.9571508Z 'ASGinzburg.triangleY' depends on axioms: [propext, Quot.sound]
2026-10-08T09:52:36.9572444Z 'ASGinzburg.triangleZ' depends on axioms: [propext, Quot.sound]
2026-10-08T09:52:36.9573381Z 'ASGinzburg.triangleX_cut' depends on axioms: [propext, Quot.sound]
2026-10-08T09:52:36.9574542Z 'ASGinzburg.triangleY_cut' depends on axioms: [propext, Quot.sound]
2026-10-08T09:52:36.9575652Z 'ASGinzburg.triangleZ_cut' depends on axioms: [propext, Classical.choice, Quot.sound]
2026-10-08T09:52:36.9576927Z 'ASGinzburg.triangle_arrow_winding' depends on axioms: [propext, Classical.choice, Quot.sound]
2026-10-08T09:52:36.9578238Z 'ASGinzburg.triangle_path_winding' depends on axioms: [propext, Classical.choice, Quot.sound]
2026-10-08T09:52:36.9579871Z 'ASGinzburg.triangle_cut_one_cycle_is_cubic' depends on axioms: [propext, Classical.choice, Quot.sound]
2026-10-08T09:52:36.9581364Z 'ASGinzburg.triangle_same_winding_as_arrow_is_linear' depends on axioms: [propext, Classical.choice, Quot.sound]
2026-10-08T09:52:36.9582771Z 'ASGinzburg.trianglePotential' depends on axioms: [propext, Classical.choice, Quot.sound]
2026-10-08T09:52:36.9584401Z 'ASGinzburg.trianglePotential_cut_derivative_identity' depends on axioms: [propext, Classical.choice, Quot.sound]
2026-10-08T09:52:36.9586081Z 'ASGinzburg.ZAlgebra.totalUnitizationComponentLinear' depends on axioms: [propext, Classical.choice, Quot.sound]
2026-10-08T09:52:36.9587812Z 'ASGinzburg.ZAlgebra.totalUnitizationComponentLinear_apply' depends on axioms: [propext, Classical.choice, Quot.sound]
2026-10-08T09:52:36.9589524Z 'ASGinzburg.ZAlgebra.leftUnitizationComponentAction' depends on axioms: [propext, Classical.choice, Quot.sound]
2026-10-08T09:52:36.9591206Z 'ASGinzburg.ZAlgebra.rightUnitizationComponentAction' depends on axioms: [propext, Classical.choice, Quot.sound]
2026-10-08T09:52:36.9592914Z 'ASGinzburg.ZAlgebra.leftUnitizationComponentAction_comp' depends on axioms: [propext, Classical.choice, Quot.sound]
2026-10-08T09:52:36.9594862Z 'ASGinzburg.ZAlgebra.rightUnitizationComponentAction_comp' depends on axioms: [propext, Classical.choice, Quot.sound]
2026-10-08T09:52:36.9596622Z 'ASGinzburg.ZAlgebra.leftUnitizationComponentAction_comp_off' depends on axioms: [propext, Classical.choice, Quot.sound]
2026-10-08T09:52:36.9598191Z 'ASGinzburg.ZAlgebra.rightUnitizationComponentAction_comp_off' depends on axioms: [propext,
2026-10-08T09:52:36.9599270Z  Classical.choice,
2026-10-08T09:52:36.9599796Z  Quot.sound]
2026-10-08T09:52:36.9600747Z 'ASGinzburg.ZAlgebra.leftUnitizationProjection' depends on axioms: [propext, Classical.choice, Quot.sound]
2026-10-08T09:52:36.9602310Z 'ASGinzburg.ZAlgebra.rightUnitizationProjection' depends on axioms: [propext, Classical.choice, Quot.sound]
2026-10-08T09:52:36.9604414Z 'ASGinzburg.ZAlgebra.leftUnitizationProjection_idempotent' depends on axioms: [propext, Classical.choice, Quot.sound]
2026-10-08T09:52:36.9606263Z 'ASGinzburg.ZAlgebra.rightUnitizationProjection_idempotent' depends on axioms: [propext, Classical.choice, Quot.sound]
2026-10-08T09:52:36.9608058Z 'ASGinzburg.ZAlgebra.leftUnitizationProjection_orthogonal' depends on axioms: [propext, Classical.choice, Quot.sound]
2026-10-08T09:52:43.8284930Z 'ASGinzburg.ZAlgebra.rightUnitizationProjection_orthogonal' depends on axioms: [propext, Classical.choice, Quot.sound]
2026-10-08T09:52:43.8305350Z 'ASGinzburg.ZAlgebra.leftUnitizationComponentHom' depends on axioms: [propext, Classical.choice, Quot.sound]
2026-10-08T09:52:43.8307152Z 'ASGinzburg.ZAlgebra.rightUnitizationComponentHom' depends on axioms: [propext, Classical.choice, Quot.sound]
2026-10-08T09:52:43.8325150Z 'ASGinzburg.ZAlgebra.unitizationLeftComponentModuleMap' depends on axioms: [propext, Classical.choice, Quot.sound]
2026-10-08T09:52:43.8328305Z 'ASGinzburg.ZAlgebra.unitizationRightComponentModuleMap' depends on axioms: [propext, Classical.choice, Quot.sound]
2026-10-08T09:52:43.8330141Z 'ASGinzburg.ZAlgebra.unitizationLeftComponentModuleFunctor' depends on axioms: [propext, Classical.choice, Quot.sound]
2026-10-08T09:52:43.8331943Z 'ASGinzburg.ZAlgebra.unitizationRightComponentModuleFunctor' depends on axioms: [propext, Classical.choice, Quot.sound]
2026-10-08T09:52:43.8333702Z 'ASGinzburg.ZAlgebra.leftLocallyUnitalComponentFunctor' depends on axioms: [propext, Classical.choice, Quot.sound]
2026-10-08T09:52:43.8335656Z 'ASGinzburg.ZAlgebra.rightLocallyUnitalComponentFunctor' depends on axioms: [propext, Classical.choice, Quot.sound]
2026-10-08T09:52:43.8337353Z 'ASGinzburg.ZAlgebra.leftUnitizationComponentSpace' depends on axioms: [propext, Classical.choice, Quot.sound]
2026-10-08T09:52:43.8339005Z 'ASGinzburg.ZAlgebra.rightUnitizationComponentSpace' depends on axioms: [propext, Classical.choice, Quot.sound]
2026-10-08T09:52:43.8340985Z 'ASGinzburg.ZAlgebra.leftUnitizationProjection_range_fixed' depends on axioms: [propext, Classical.choice, Quot.sound]
2026-10-08T09:52:43.8342767Z 'ASGinzburg.ZAlgebra.rightUnitizationProjection_range_fixed' depends on axioms: [propext, Classical.choice, Quot.sound]
2026-10-08T09:52:43.8344643Z 'ASGinzburg.ZAlgebra.leftUnitizationComponentMap' depends on axioms: [propext, Classical.choice, Quot.sound]
2026-10-08T09:52:43.8346276Z 'ASGinzburg.ZAlgebra.rightUnitizationComponentMap' depends on axioms: [propext, Classical.choice, Quot.sound]
2026-10-08T09:52:43.8347910Z 'ASGinzburg.ZAlgebra.leftUnitizationComponentMap_id' depends on axioms: [propext, Classical.choice, Quot.sound]
2026-10-08T09:52:43.8349563Z 'ASGinzburg.ZAlgebra.rightUnitizationComponentMap_id' depends on axioms: [propext, Classical.choice, Quot.sound]
2026-10-08T09:52:43.8351205Z 'ASGinzburg.ZAlgebra.leftUnitizationComponentMap_comp' depends on axioms: [propext, Classical.choice, Quot.sound]
2026-10-08T09:52:43.8352884Z 'ASGinzburg.ZAlgebra.rightUnitizationComponentMap_comp' depends on axioms: [propext, Classical.choice, Quot.sound]
2026-10-08T09:52:43.8354743Z 'ASGinzburg.ZAlgebra.leftUnitizationActionLinear' depends on axioms: [propext, Classical.choice, Quot.sound]
2026-10-08T09:52:43.8356375Z 'ASGinzburg.ZAlgebra.rightUnitizationActionLinear' depends on axioms: [propext, Classical.choice, Quot.sound]
2026-10-08T09:52:43.8358028Z 'ASGinzburg.ZAlgebra.leftUnitizationRangeActionLinear' depends on axioms: [propext, Classical.choice, Quot.sound]
2026-10-08T09:52:43.8359744Z 'ASGinzburg.ZAlgebra.rightUnitizationRangeActionLinear' depends on axioms: [propext, Classical.choice, Quot.sound]
2026-10-08T09:52:43.8361437Z 'ASGinzburg.ZAlgebra.unitizationLeftComponentFunctor' depends on axioms: [propext, Classical.choice, Quot.sound]
2026-10-08T09:52:43.8363111Z 'ASGinzburg.ZAlgebra.unitizationRightComponentFunctor' depends on axioms: [propext, Classical.choice, Quot.sound]
2026-10-08T09:52:43.8365071Z 'ASGinzburg.ZAlgebra.unitizationLeftComponentFunctorAdditive' depends on axioms: [propext, Classical.choice, Quot.sound]
2026-10-08T09:52:43.8366976Z 'ASGinzburg.ZAlgebra.unitizationRightComponentFunctorAdditive' depends on axioms: [propext,
2026-10-08T09:52:43.8368021Z  Classical.choice,
2026-10-08T09:52:43.8368591Z  Quot.sound]
2026-10-08T09:52:43.8369668Z 'ASGinzburg.ZAlgebra.unitizationLeftComponentFunctorLinear' depends on axioms: [propext, Classical.choice, Quot.sound]
2026-10-08T09:52:43.8371477Z 'ASGinzburg.ZAlgebra.unitizationRightComponentFunctorLinear' depends on axioms: [propext, Classical.choice, Quot.sound]
2026-10-08T09:52:43.8373211Z 'ASGinzburg.ZAlgebra.unitizationLeftComponentModule' depends on axioms: [propext, Classical.choice, Quot.sound]
2026-10-08T09:52:43.8375042Z 'ASGinzburg.ZAlgebra.unitizationRightComponentModule' depends on axioms: [propext, Classical.choice, Quot.sound]
2026-10-08T09:52:43.8376654Z 'ASGinzburg.ZAlgebra.leftUnitizationComponentSum' depends on axioms: [propext, Classical.choice, Quot.sound]
2026-10-08T09:52:43.8378256Z 'ASGinzburg.ZAlgebra.rightUnitizationComponentSum' depends on axioms: [propext, Classical.choice, Quot.sound]
2026-10-08T09:52:43.8379896Z 'ASGinzburg.ZAlgebra.leftUnitizationComponentSum_lof' depends on axioms: [propext, Classical.choice, Quot.sound]
2026-10-08T09:52:43.8381537Z 'ASGinzburg.ZAlgebra.rightUnitizationComponentSum_lof' depends on axioms: [propext, Classical.choice, Quot.sound]
2026-10-08T09:52:43.8383269Z 'ASGinzburg.ZAlgebra.leftUnitizationProjection_range_off' depends on axioms: [propext, Classical.choice, Quot.sound]
2026-10-08T09:52:46.0686782Z 'ASGinzburg.ZAlgebra.rightUnitizationProjection_range_off' depends on axioms: [propext, Classical.choice, Quot.sound]
2026-10-08T09:52:46.0689691Z 'ASGinzburg.ZAlgebra.leftUnitizationProjection_componentSum' depends on axioms: [propext, Classical.choice, Quot.sound]
2026-10-08T09:52:46.0691285Z 'ASGinzburg.ZAlgebra.rightUnitizationProjection_componentSum' depends on axioms: [propext, Classical.choice, Quot.sound]
2026-10-08T09:52:46.0693034Z 'ASGinzburg.ZAlgebra.leftUnitizationComponentSum_injective' depends on axioms: [propext, Classical.choice, Quot.sound]
2026-10-08T09:52:46.0695556Z 'ASGinzburg.ZAlgebra.rightUnitizationComponentSum_injective' depends on axioms: [propext, Classical.choice, Quot.sound]
2026-10-08T09:52:46.0697298Z 'ASGinzburg.ZAlgebra.leftUnitizationLocalUnit_smul' depends on axioms: [propext, Classical.choice, Quot.sound]
2026-10-08T09:52:46.0698920Z 'ASGinzburg.ZAlgebra.rightUnitizationLocalUnit_smul' depends on axioms: [propext, Classical.choice, Quot.sound]
2026-10-08T09:52:46.0700593Z 'ASGinzburg.ZAlgebra.leftUnitizationComponentSum_surjective' depends on axioms: [propext, Classical.choice, Quot.sound]
2026-10-08T09:52:46.0702341Z 'ASGinzburg.ZAlgebra.rightUnitizationComponentSum_surjective' depends on axioms: [propext, Classical.choice, Quot.sound]
2026-10-08T09:52:46.0704208Z 'ASGinzburg.ZAlgebra.leftUnitizationComponentSumEquiv' depends on axioms: [propext, Classical.choice, Quot.sound]
2026-10-08T09:52:46.0705941Z 'ASGinzburg.ZAlgebra.rightUnitizationComponentSumEquiv' depends on axioms: [propext, Classical.choice, Quot.sound]
2026-10-08T09:52:46.0707250Z 'ASGinzburg.ZAlgebra.InWindow' does not depend on any axioms
2026-10-08T09:52:46.0708350Z 'ASGinzburg.ZAlgebra.InWindow.mono' depends on axioms: [propext, Classical.choice, Quot.sound]
2026-10-08T09:52:46.0709678Z 'ASGinzburg.ZAlgebra.WindowSystem' depends on axioms: [propext, Classical.choice, Quot.sound]
2026-10-08T09:52:46.0711071Z 'ASGinzburg.ZAlgebra.WindowSystem.globalMap' depends on axioms: [propext, Classical.choice, Quot.sound]
2026-10-08T09:52:46.0712734Z 'ASGinzburg.ZAlgebra.WindowSystem.globalMap_eq_window' depends on axioms: [propext, Classical.choice, Quot.sound]
2026-10-08T09:52:46.0714568Z 'ASGinzburg.ZAlgebra.WindowSystem.periodIso' depends on axioms: [propext, Classical.choice, Quot.sound]
2026-10-08T09:52:46.0716069Z 'ASGinzburg.ZAlgebra.WindowSystem.isPeriodic' depends on axioms: [propext, Classical.choice, Quot.sound]
2026-10-08T09:52:46.0717298Z 'ASGinzburg.ZAlgebra' depends on axioms: [propext, Classical.choice, Quot.sound]
2026-10-08T09:52:46.0718721Z 'ASGinzburg.ZAlgebra.PeriodIso' depends on axioms: [propext, Classical.choice, Quot.sound]
2026-10-08T09:52:46.0719936Z 'ASGinzburg.ZAlgebra.IsPeriodic' depends on axioms: [propext, Classical.choice, Quot.sound]
2026-10-08T09:52:46.0721160Z 'ASGinzburg.ZAlgebra.LinearSubcategory' depends on axioms: [propext, Classical.choice, Quot.sound]
2026-10-08T09:52:46.0722377Z 'ASGinzburg.ZAlgebra.products' depends on axioms: [propext, Classical.choice, Quot.sound]
2026-10-08T09:52:46.0723754Z 'ASGinzburg.ZAlgebra.generated_of_decomposition' depends on axioms: [propext, Classical.choice, Quot.sound]
2026-10-08T09:52:46.1610689Z [2026-10-08T09:52:46.157951+00:00] axioms: exit=0, elapsed=223.657411s
2026-10-08T09:52:46.1617144Z [2026-10-08T09:52:46.160589+00:00] report: /usr/bin/python3 scripts/report_verification.py --run-dir /home/runner/work/as-ginzburg-lean/as-ginzburg-lean/verification/runs/20261008T093652Z-c5dce001
2026-10-08T09:52:46.3936613Z Kernel axiom audit passed for 869 distinct declarations including all 367 theorems; main results remain incomplete.
2026-10-08T09:52:46.3996467Z [2026-10-08T09:52:46.399001+00:00] report: exit=0, elapsed=0.238426s
2026-10-08T09:52:46.4022512Z {
2026-10-08T09:52:46.4022974Z   "run_id": "20261008T093652Z-c5dce001",
2026-10-08T09:52:46.4023498Z   "exit_code": 0,
2026-10-08T09:52:46.4024214Z   "started_at_utc": "2026-10-08T09:36:52.242839+00:00",
2026-10-08T09:52:46.4024860Z   "ended_at_utc": "2026-10-08T09:52:46.399567+00:00",
2026-10-08T09:52:46.4025438Z   "elapsed_seconds": 954.156724839
2026-10-08T09:52:46.4025901Z }
2026-10-08T09:52:46.4230646Z ##[group]Run actions/upload-artifact@ea165f8d65b6e75b540449e92b4886f43607fa02
2026-10-08T09:52:46.4231097Z with:
2026-10-08T09:52:46.4231320Z   name: lean-verification-37757829131-1
2026-10-08T09:52:46.4231733Z   path: verification/runs/20261008T093652Z-c5dce001
work/toolchain-setup.log

2026-10-08T09:52:46.4232149Z   if-no-files-found: error
2026-10-08T09:52:46.4232397Z   retention-days: 30
2026-10-08T09:52:46.4232612Z   compression-level: 6
2026-10-08T09:52:46.4232827Z   overwrite: false
2026-10-08T09:52:46.4233036Z   include-hidden-files: false
2026-10-08T09:52:46.4233266Z ##[endgroup]
2026-10-08T09:52:46.7425153Z (node:3346) [DEP0040] DeprecationWarning: The `punycode` module is deprecated. Please use a userland alternative instead.
2026-10-08T09:52:46.7455265Z (Use `node --trace-deprecation ...` to show where the warning was created)
2026-10-08T09:52:46.7598261Z Multiple search paths detected. Calculating the least common ancestor of all paths
2026-10-08T09:52:46.7601203Z The least common ancestor is /home/runner/work/as-ginzburg-lean/as-ginzburg-lean. This will be the root directory of the artifact
2026-10-08T09:52:46.7602603Z With the provided path, there will be 12 files uploaded
2026-10-08T09:52:46.7608719Z Artifact name is valid!
2026-10-08T09:52:46.7609318Z Root directory input is valid!
2026-10-08T09:52:47.1893067Z Beginning upload of artifact content to blob storage
2026-10-08T09:52:47.2470552Z (node:3346) [DEP0169] DeprecationWarning: `url.parse()` behavior is not standardized and prone to errors that have security implications. Use the WHATWG URL API instead. CVEs are not issued for `url.parse()` vulnerabilities.
2026-10-08T09:52:47.6594559Z Uploaded bytes 42030
2026-10-08T09:52:47.7391636Z Finished uploading artifact content to blob storage!
2026-10-08T09:52:47.7393241Z SHA256 digest of uploaded artifact zip is 83dc77bd590ef75d741ca34d1052587094ae5d697a52966297da60c06fce75fa
2026-10-08T09:52:47.7394704Z Finalizing artifact upload
2026-10-08T09:52:48.0181894Z Artifact lean-verification-37757829131-1.zip successfully finalized. Artifact ID 11541801492
2026-10-08T09:52:48.0183743Z Artifact lean-verification-37757829131-1 has been successfully uploaded! Final size is 42030 bytes. Artifact ID is 11541801492
2026-10-08T09:52:48.0190154Z Artifact download URL: https://github.com/uedakazushi/as-ginzburg-lean/actions/runs/37757829131/artifacts/11541801492
2026-10-08T09:52:48.0410248Z Post job cleanup.
2026-10-08T09:52:48.1487365Z [command]/usr/bin/git version
2026-10-08T09:52:48.1535603Z git version 2.55.0
2026-10-08T09:52:48.1541303Z Temporarily overriding HOME='/home/runner/work/_temp/e32d68b4-d5c8-43e9-aba5-b5329bf48b6f' before making global git config changes
2026-10-08T09:52:48.1542954Z Adding repository directory to the temporary git global config as a safe directory
2026-10-08T09:52:48.1548341Z [command]/usr/bin/git config --global --add safe.directory /home/runner/work/as-ginzburg-lean/as-ginzburg-lean
2026-10-08T09:52:48.1752215Z [command]/usr/bin/git config --local --name-only --get-regexp core\.sshCommand
2026-10-08T09:52:48.1763831Z [command]/usr/bin/git submodule foreach --recursive sh -c "git config --local --name-only --get-regexp 'core\.sshCommand' && git config --local --unset-all 'core.sshCommand' || :"
2026-10-08T09:52:48.2554326Z [command]/usr/bin/git config --local --name-only --get-regexp http\.https\:\/\/github\.com\/\.extraheader
2026-10-08T09:52:48.2566337Z http.https://github.com/.extraheader
2026-10-08T09:52:48.2567717Z [command]/usr/bin/git config --local --unset-all http.https://github.com/.extraheader
2026-10-08T09:52:48.2570081Z [command]/usr/bin/git submodule foreach --recursive sh -c "git config --local --name-only --get-regexp 'http\.https\:\/\/github\.com\/\.extraheader' && git config --local --unset-all 'http.https://github.com/.extraheader' || :"
2026-10-08T09:52:48.2829661Z Cleaning up orphan processes
2026-10-08T09:52:48.3190878Z ##[warning]Node.js 20 is deprecated. The following actions target Node.js 20 but are being forced to run on Node.js 24: actions/checkout@11bd71901bbe5b1630ceea73d27597364c9af683, actions/upload-artifact@ea165f8d65b6e75b540449e92b4886f43607fa02. For more information see: https://github.blog/changelog/2025-09-19-deprecation-of-node-20-on-github-actions-runners/

