2026-10-08T23:25:59.9872898Z Current runner version: '2.337.0'
2026-10-08T23:25:59.9892507Z ##[group]Runner Image Provisioner
2026-10-08T23:25:59.9893226Z Hosted Compute Agent
2026-10-08T23:25:59.9893620Z Version: 20261002.596
2026-10-08T23:25:59.9894045Z Commit: c3d12f3313a95f25162a1503be624f3b0617f8c0
2026-10-08T23:25:59.9894531Z Build Date: 2026-10-02T22:28:27Z
2026-10-08T23:25:59.9894950Z Worker ID: {1038678d-e9a6-499a-a6e3-f67dddf6a3bf}
2026-10-08T23:25:59.9895413Z Region: centralus
2026-10-08T23:25:59.9895755Z Cloud: Azure
2026-10-08T23:25:59.9896079Z ##[endgroup]
2026-10-08T23:25:59.9896921Z ##[group]Operating System
2026-10-08T23:25:59.9897326Z Ubuntu
2026-10-08T23:25:59.9897684Z 24.04.5
2026-10-08T23:25:59.9898045Z LTS
2026-10-08T23:25:59.9898352Z ##[endgroup]
2026-10-08T23:25:59.9899069Z ##[group]Runner Image
2026-10-08T23:25:59.9899433Z Image: ubuntu-24.04
2026-10-08T23:25:59.9899813Z Version: 20261004.327.1
2026-10-08T23:25:59.9900610Z Included Software: https://github.com/actions/runner-images/blob/ubuntu24/20261004.327/images/ubuntu/Ubuntu2404-Readme.md
2026-10-08T23:25:59.9901576Z Image Release: https://github.com/actions/runner-images/releases/tag/ubuntu24%2F20261004.327
2026-10-08T23:25:59.9902152Z ##[endgroup]
2026-10-08T23:25:59.9902957Z ##[group]GITHUB_TOKEN Permissions
2026-10-08T23:25:59.9904233Z Contents: read
2026-10-08T23:25:59.9904934Z Metadata: read
2026-10-08T23:25:59.9905323Z ##[endgroup]
2026-10-08T23:25:59.9906755Z Secret source: Actions
2026-10-08T23:25:59.9907377Z Cache mode: write
2026-10-08T23:25:59.9907807Z Prepare workflow directory
2026-10-08T23:26:00.0127490Z Prepare all required actions
2026-10-08T23:26:00.0172314Z Getting action download info
2026-10-08T23:26:00.2958446Z Download action repository 'actions/checkout@11bd71901bbe5b1630ceea73d27597364c9af683' (SHA:11bd71901bbe5b1630ceea73d27597364c9af683)
2026-10-08T23:26:00.3806113Z Download action repository 'actions/upload-artifact@ea165f8d65b6e75b540449e92b4886f43607fa02' (SHA:ea165f8d65b6e75b540449e92b4886f43607fa02)
2026-10-08T23:26:00.6409130Z Complete job name: verify
2026-10-08T23:26:00.6900092Z ##[group]Run actions/checkout@11bd71901bbe5b1630ceea73d27597364c9af683
2026-10-08T23:26:00.6900676Z with:
2026-10-08T23:26:00.6900943Z   repository: uedakazushi/as-ginzburg-lean
2026-10-08T23:26:00.6903296Z   token: ***
2026-10-08T23:26:00.6903540Z   ssh-strict: true
2026-10-08T23:26:00.6903795Z   ssh-user: git
2026-10-08T23:26:00.6904048Z   persist-credentials: true
2026-10-08T23:26:00.6904329Z   clean: true
2026-10-08T23:26:00.6904589Z   sparse-checkout-cone-mode: true
2026-10-08T23:26:00.6904898Z   fetch-depth: 1
2026-10-08T23:26:00.6905146Z   fetch-tags: false
2026-10-08T23:26:00.6905401Z   show-progress: true
2026-10-08T23:26:00.6905660Z   lfs: false
2026-10-08T23:26:00.6905895Z   submodules: false
2026-10-08T23:26:00.6906150Z   set-safe-directory: true
2026-10-08T23:26:00.6906495Z ##[endgroup]
2026-10-08T23:26:00.7765155Z Syncing repository: uedakazushi/as-ginzburg-lean
2026-10-08T23:26:00.7767226Z ##[group]Getting Git version info
2026-10-08T23:26:00.7768465Z Working directory is '/home/runner/work/as-ginzburg-lean/as-ginzburg-lean'
2026-10-08T23:26:00.7775796Z [command]/usr/bin/git version
2026-10-08T23:26:00.7776618Z git version 2.55.0
2026-10-08T23:26:00.7837984Z ##[endgroup]
2026-10-08T23:26:00.7845598Z Temporarily overriding HOME='/home/runner/work/_temp/9e61db6a-3c34-445c-8f32-1acb2a320365' before making global git config changes
2026-10-08T23:26:00.7846879Z Adding repository directory to the temporary git global config as a safe directory
2026-10-08T23:26:00.7848834Z [command]/usr/bin/git config --global --add safe.directory /home/runner/work/as-ginzburg-lean/as-ginzburg-lean
2026-10-08T23:26:00.7912446Z Deleting the contents of '/home/runner/work/as-ginzburg-lean/as-ginzburg-lean'
2026-10-08T23:26:00.7913864Z ##[group]Initializing the repository
2026-10-08T23:26:00.7918751Z [command]/usr/bin/git init /home/runner/work/as-ginzburg-lean/as-ginzburg-lean
2026-10-08T23:26:00.8012610Z hint: Using 'master' as the name for the initial branch. This default branch name
2026-10-08T23:26:00.8016528Z hint: will change to "main" in Git 3.0. To configure the initial branch name
2026-10-08T23:26:00.8036381Z hint: to use in all of your new repositories, which will suppress this warning,
2026-10-08T23:26:00.8037212Z hint: call:
2026-10-08T23:26:00.8037614Z hint:
2026-10-08T23:26:00.8038123Z hint: 	git config --global init.defaultBranch <name>
2026-10-08T23:26:00.8038924Z hint:
2026-10-08T23:26:00.8039505Z hint: Names commonly chosen instead of 'master' are 'main', 'trunk' and
2026-10-08T23:26:00.8040383Z hint: 'development'. The just-created branch can be renamed via this command:
2026-10-08T23:26:00.8041098Z hint:
2026-10-08T23:26:00.8041534Z hint: 	git branch -m <name>
2026-10-08T23:26:00.8042012Z hint:
2026-10-08T23:26:00.8042630Z hint: Disable this message with "git config set advice.defaultBranchName false"
2026-10-08T23:26:00.8043755Z Initialized empty Git repository in /home/runner/work/as-ginzburg-lean/as-ginzburg-lean/.git/
2026-10-08T23:26:00.8045641Z [command]/usr/bin/git remote add origin https://github.com/uedakazushi/as-ginzburg-lean
2026-10-08T23:26:00.8095805Z ##[endgroup]
2026-10-08T23:26:00.8096594Z ##[group]Disabling automatic garbage collection
2026-10-08T23:26:00.8108834Z [command]/usr/bin/git config --local gc.auto 0
2026-10-08T23:26:00.8164657Z ##[endgroup]
2026-10-08T23:26:00.8165409Z ##[group]Setting up auth
2026-10-08T23:26:00.8166206Z [command]/usr/bin/git config --local --name-only --get-regexp core\.sshCommand
2026-10-08T23:26:00.8240066Z [command]/usr/bin/git submodule foreach --recursive sh -c "git config --local --name-only --get-regexp 'core\.sshCommand' && git config --local --unset-all 'core.sshCommand' || :"
2026-10-08T23:26:00.8562659Z [command]/usr/bin/git config --local --name-only --get-regexp http\.https\:\/\/github\.com\/\.extraheader
2026-10-08T23:26:00.8596531Z [command]/usr/bin/git submodule foreach --recursive sh -c "git config --local --name-only --get-regexp 'http\.https\:\/\/github\.com\/\.extraheader' && git config --local --unset-all 'http.https://github.com/.extraheader' || :"
2026-10-08T23:26:00.8791041Z [command]/usr/bin/git config --local http.https://github.com/.extraheader AUTHORIZATION: basic ***
2026-10-08T23:26:00.8827522Z ##[endgroup]
2026-10-08T23:26:00.8829050Z ##[group]Fetching the repository
2026-10-08T23:26:00.8834617Z [command]/usr/bin/git -c protocol.version=2 fetch --no-tags --prune --no-recurse-submodules --depth=1 origin +98af508f8d7ffeca0ff2f671abc1f48c0598efb2:refs/remotes/origin/main
2026-10-08T23:26:02.9859799Z From https://github.com/uedakazushi/as-ginzburg-lean
2026-10-08T23:26:02.9861953Z  * [new ref]         98af508f8d7ffeca0ff2f671abc1f48c0598efb2 -> origin/main
2026-10-08T23:26:02.9865953Z ##[endgroup]
2026-10-08T23:26:02.9867586Z ##[group]Determining the checkout info
2026-10-08T23:26:02.9870923Z ##[endgroup]
2026-10-08T23:26:02.9871948Z [command]/usr/bin/git sparse-checkout disable
2026-10-08T23:26:02.9911482Z [command]/usr/bin/git config --local --unset-all extensions.worktreeConfig
2026-10-08T23:26:02.9941814Z ##[group]Checking out the ref
2026-10-08T23:26:02.9944551Z [command]/usr/bin/git checkout --progress --force -B main refs/remotes/origin/main
2026-10-08T23:26:03.1081009Z Switched to a new branch 'main'
2026-10-08T23:26:03.1082912Z branch 'main' set up to track 'origin/main'.
2026-10-08T23:26:03.1107939Z ##[endgroup]
2026-10-08T23:26:03.1148777Z [command]/usr/bin/git log -1 --format=%H
2026-10-08T23:26:03.1174984Z 98af508f8d7ffeca0ff2f671abc1f48c0598efb2
2026-10-08T23:26:03.1411224Z ##[group]Run set -euo pipefail
2026-10-08T23:26:03.1412379Z [36;1mset -euo pipefail[0m
2026-10-08T23:26:03.1413218Z [36;1mmkdir -p work[0m
2026-10-08T23:26:03.1414164Z [36;1mexec > >(tee work/toolchain-setup.log) 2>&1[0m
2026-10-08T23:26:03.1415159Z [36;1mstarted=$(date --utc --iso-8601=ns)[0m
2026-10-08T23:26:03.1416396Z [36;1msetup_start_tick=$(python3 -c 'import time; print(time.monotonic_ns())')[0m
2026-10-08T23:26:03.1417679Z [36;1mprintf 'started_at_utc=%s\n' "$started"[0m
2026-10-08T23:26:03.1418877Z [36;1mfinish_setup() {[0m
2026-10-08T23:26:03.1419606Z [36;1m  setup_exit_code=$?[0m
2026-10-08T23:26:03.1420809Z [36;1m  printf 'ended_at_utc=%s\nexit_code=%s\n' "$(date --utc --iso-8601=ns)" "$setup_exit_code"[0m
2026-10-08T23:26:03.1422871Z [36;1m  python3 -c 'import sys,time; print("elapsed_seconds=%.9f" % ((time.monotonic_ns()-int(sys.argv[1]))/1e9))' "$setup_start_tick"[0m
2026-10-08T23:26:03.1424479Z [36;1m}[0m
2026-10-08T23:26:03.1425163Z [36;1mtrap finish_setup EXIT[0m
2026-10-08T23:26:03.1426881Z [36;1mcurl --proto '=https' --tlsv1.2 -fsSL https://raw.githubusercontent.com/leanprover/elan/v4.1.2/elan-init.sh -o work/elan-init.sh[0m
2026-10-08T23:26:03.1428981Z [36;1mbash work/elan-init.sh -y --no-modify-path --default-toolchain none[0m
2026-10-08T23:26:03.1430230Z [36;1mexport PATH="$HOME/.elan/bin:$PATH"[0m
2026-10-08T23:26:03.1431226Z [36;1mecho "$HOME/.elan/bin" >> "$GITHUB_PATH"[0m
2026-10-08T23:26:03.1432260Z [36;1melan toolchain install leanprover/lean4:v4.24.0[0m
2026-10-08T23:26:03.1433257Z [36;1mlean --version[0m
2026-10-08T23:26:03.1650346Z shell: /usr/bin/bash --noprofile --norc -e -o pipefail {0}
2026-10-08T23:26:03.1651454Z ##[endgroup]
2026-10-08T23:26:03.1906686Z started_at_utc=2026-10-08T23:26:03,178056339+00:00
2026-10-08T23:26:03.3356414Z info: downloading installer
2026-10-08T23:26:04.6461463Z info: downloading https://releases.lean-lang.org/lean4/v4.24.0/lean-4.24.0-linux.tar.zst
2026-10-08T23:26:10.7803439Z info: installing /home/runner/.elan/toolchains/leanprover--lean4---v4.24.0
2026-10-08T23:26:23.5102720Z 
2026-10-08T23:26:23.5583241Z leanprover/lean4:v4.24.0 installed - Lean (version 4.24.0, x86_64-unknown-linux-gnu, commit 797c613eb9b6d4ec95db23e3e00af9ac6657f24b, Release)
2026-10-08T23:26:23.5584445Z 
2026-10-08T23:26:24.0840328Z Lean (version 4.24.0, x86_64-unknown-linux-gnu, commit 797c613eb9b6d4ec95db23e3e00af9ac6657f24b, Release)
2026-10-08T23:26:24.0890702Z ended_at_utc=2026-10-08T23:26:24,087975624+00:00
2026-10-08T23:26:24.0909496Z exit_code=0
2026-10-08T23:26:24.1003753Z elapsed_seconds=20.911964110
2026-10-08T23:26:24.2901820Z ##[group]Run bash scripts/check.sh --prepare-cache
2026-10-08T23:26:24.2902192Z [36;1mbash scripts/check.sh --prepare-cache[0m
2026-10-08T23:26:24.2970350Z shell: /usr/bin/bash -e {0}
2026-10-08T23:26:24.2970563Z ##[endgroup]
2026-10-08T23:26:24.6775767Z [2026-10-08T23:26:24.677211+00:00] regression_tests: /usr/bin/python3 -m unittest discover -s tests -v
2026-10-08T23:26:24.7194962Z test_aggregate_placeholder_rejected (test_audit.AuditTests.test_aggregate_placeholder_rejected) ... ok
2026-10-08T23:26:24.7199407Z test_allowed_and_forbidden_axioms (test_audit.AuditTests.test_allowed_and_forbidden_axioms) ... ok
2026-10-08T23:26:24.7202654Z test_completed_run_cannot_be_reused (test_audit.AuditTests.test_completed_run_cannot_be_reused) ... ok
2026-10-08T23:26:24.7212531Z test_dotted_name_comments_scopes_and_future_addition (test_audit.AuditTests.test_dotted_name_comments_scopes_and_future_addition) ... ok
2026-10-08T23:26:24.7213999Z test_duplicate_inventory_and_logs_rejected (test_audit.AuditTests.test_duplicate_inventory_and_logs_rejected) ... ok
2026-10-08T23:26:24.7219138Z test_duplicate_sources_rejected (test_audit.AuditTests.test_duplicate_sources_rejected) ... ok
2026-10-08T23:26:26.1013604Z test_failed_build_exit_propagates_despite_success_text (test_audit.AuditTests.test_failed_build_exit_propagates_despite_success_text) ... ok
2026-10-08T23:26:26.1015295Z test_missing_extra_and_malformed_log_rejected (test_audit.AuditTests.test_missing_extra_and_malformed_log_rejected) ... ok
2026-10-08T23:26:26.1029500Z test_nested_comments_strings_and_placeholders (test_audit.AuditTests.test_nested_comments_strings_and_placeholders) ... ok
2026-10-08T23:26:26.1041784Z test_unsupported_theorem_rejected (test_audit.AuditTests.test_unsupported_theorem_rejected) ... ok
2026-10-08T23:26:26.1049319Z test_wrapped_axiom_lists_preserve_strict_coverage (test_audit.AuditTests.test_wrapped_axiom_lists_preserve_strict_coverage) ... ok
2026-10-08T23:26:26.1050950Z 
2026-10-08T23:26:26.1051259Z ----------------------------------------------------------------------
2026-10-08T23:26:26.1051752Z Ran 11 tests in 1.385s
2026-10-08T23:26:26.1052010Z 
2026-10-08T23:26:26.1052257Z OK
2026-10-08T23:26:26.2020069Z [2026-10-08T23:26:26.111758+00:00] regression_tests: exit=0, elapsed=1.434573s
2026-10-08T23:26:26.4220521Z [2026-10-08T23:26:26.200744+00:00] source_audit: /usr/bin/python3 scripts/audit_sources.py --output-dir /home/runner/work/as-ginzburg-lean/as-ginzburg-lean/verification/runs/20261008T232624Z-2856a4bd
2026-10-08T23:26:26.9227129Z {
2026-10-08T23:26:26.9227776Z   "declarations": 2685,
2026-10-08T23:26:26.9228394Z   "unique_names": 2685,
2026-10-08T23:26:26.9228946Z   "definitions_theorems_and_types": 2391,
2026-10-08T23:26:26.9229330Z   "by_kind": {
2026-10-08T23:26:26.9229712Z     "theorem": 1365,
2026-10-08T23:26:26.9230053Z     "def": 949,
2026-10-08T23:26:26.9313146Z     "abbrev": 54,
2026-10-08T23:26:26.9313404Z     "instance": 294,
2026-10-08T23:26:26.9315986Z     "inductive": 6,
2026-10-08T23:26:26.9316651Z     "structure": 17
2026-10-08T23:26:26.9316939Z   }
2026-10-08T23:26:26.9317210Z }
2026-10-08T23:26:27.0910962Z [2026-10-08T23:26:26.929049+00:00] source_audit: exit=0, elapsed=0.728343s
2026-10-08T23:26:27.0960689Z [2026-10-08T23:26:27.090587+00:00] cache: bash /home/runner/work/as-ginzburg-lean/as-ginzburg-lean/scripts/with_lean.sh lake exe cache get Mathlib.Algebra.Algebra.Basic Mathlib.Algebra.Algebra.Equiv Mathlib.Algebra.Algebra.NonUnitalSubalgebra Mathlib.Algebra.Algebra.Opposite Mathlib.Algebra.Algebra.Unitization Mathlib.Algebra.Category.ModuleCat.AB Mathlib.Algebra.Category.ModuleCat.Abelian Mathlib.Algebra.Category.ModuleCat.Free Mathlib.Algebra.Category.ModuleCat.Products Mathlib.Algebra.Category.ModuleCat.Simple Mathlib.Algebra.Field.Power Mathlib.Algebra.Homology.DerivedCategory.ExactFunctor Mathlib.Algebra.Homology.DerivedCategory.Ext.Basic Mathlib.Algebra.Homology.DerivedCategory.Ext.EnoughProjectives Mathlib.Algebra.Homology.DerivedCategory.Ext.ExtClass Mathlib.Algebra.Homology.DerivedCategory.Linear Mathlib.Algebra.Homology.Embedding.Extend Mathlib.Algebra.Homology.HomologicalComplexAbelian Mathlib.Algebra.Homology.HomologicalComplexLimits Mathlib.Algebra.Homology.HomologySequence Mathlib.Algebra.Homology.HomotopyCategory Mathlib.Algebra.Homology.Opposite Mathlib.Algebra.Homology.QuasiIso Mathlib.Algebra.Homology.ShortComplex.Abelian Mathlib.Algebra.Homology.ShortComplex.HomologicalComplex Mathlib.Algebra.Homology.ShortComplex.ModuleCat Mathlib.Algebra.Homology.ShortComplex.ShortExact Mathlib.Algebra.Homology.ShortComplex.SnakeLemma Mathlib.Algebra.Homology.SingleHomology Mathlib.Algebra.Module.RingHom Mathlib.Algebra.Module.TransferInstance Mathlib.CategoryTheory.Abelian.Exact Mathlib.CategoryTheory.Abelian.FunctorCategory Mathlib.CategoryTheory.Abelian.GrothendieckAxioms.FunctorCategory Mathlib.CategoryTheory.Abelian.Projective.Dimension Mathlib.CategoryTheory.Abelian.Projective.Resolution Mathlib.CategoryTheory.Abelian.Transfer Mathlib.CategoryTheory.Equivalence Mathlib.CategoryTheory.Limits.FullSubcategory Mathlib.CategoryTheory.Limits.FunctorCategory.EpiMono Mathlib.CategoryTheory.Limits.Opposites Mathlib.CategoryTheory.Limits.Preserves.FunctorCategory Mathlib.CategoryTheory.Limits.Preserves.Shapes.AbelianImages Mathlib.CategoryTheory.Linear.FunctorCategory Mathlib.CategoryTheory.Linear.LinearFunctor Mathlib.CategoryTheory.Linear.Yoneda Mathlib.CategoryTheory.ObjectProperty.FullSubcategory Mathlib.CategoryTheory.ObjectProperty.Opposite Mathlib.CategoryTheory.Preadditive.AdditiveFunctor Mathlib.CategoryTheory.Preadditive.Opposite Mathlib.CategoryTheory.Preadditive.Projective.Basic Mathlib.CategoryTheory.Preadditive.Schur Mathlib.CategoryTheory.Retract Mathlib.CategoryTheory.Whiskering Mathlib.Data.Finset.Max Mathlib.Data.Finsupp.Order Mathlib.Data.Fintype.Vector Mathlib.Data.List.Rotate Mathlib.Data.Nat.Choose.Basic Mathlib.LinearAlgebra.Dimension.Constructions Mathlib.LinearAlgebra.Dimension.DivisionRing Mathlib.LinearAlgebra.Dimension.Finite Mathlib.LinearAlgebra.Dimension.Free Mathlib.LinearAlgebra.Dimension.RankNullity Mathlib.LinearAlgebra.Dual.Lemmas Mathlib.LinearAlgebra.FiniteDimensional.Basic Mathlib.LinearAlgebra.FiniteDimensional.Defs Mathlib.LinearAlgebra.Finsupp.LinearCombination Mathlib.LinearAlgebra.Finsupp.Pi Mathlib.LinearAlgebra.Finsupp.SumProd Mathlib.LinearAlgebra.Finsupp.Supported Mathlib.LinearAlgebra.Isomorphisms Mathlib.LinearAlgebra.LinearIndependent.Defs Mathlib.LinearAlgebra.Pi Mathlib.LinearAlgebra.Quotient.Basic Mathlib.LinearAlgebra.Quotient.Pi Mathlib.LinearAlgebra.TensorProduct.Basis Mathlib.Logic.Equiv.Fin.Basic Mathlib.RingTheory.Ideal.Quotient.Operations Mathlib.SetTheory.Cardinal.Basic Mathlib.Tactic
2026-10-08T23:26:27.4722779Z info: mathlib: cloning https://github.com/leanprover-community/mathlib4.git
2026-10-08T23:27:00.5369984Z info: mathlib: checking out revision 'f897ebcf72cd16f89ab4577d0c826cd14afaafc7'
2026-10-08T23:27:01.8500049Z info: plausible: cloning https://github.com/leanprover-community/plausible
2026-10-08T23:27:02.2502252Z info: plausible: checking out revision 'dfd06ebfe8d0e8fa7faba9cb5e5a2e74e7bd2805'
2026-10-08T23:27:02.2619997Z info: LeanSearchClient: cloning https://github.com/leanprover-community/LeanSearchClient
2026-10-08T23:27:02.7860047Z info: LeanSearchClient: checking out revision '99657ad92e23804e279f77ea6dbdeebaa1317b98'
2026-10-08T23:27:02.7939961Z info: importGraph: cloning https://github.com/leanprover-community/import-graph
2026-10-08T23:27:03.2443240Z info: importGraph: checking out revision 'd768126816be17600904726ca7976b185786e6b9'
2026-10-08T23:27:03.2579935Z info: proofwidgets: cloning https://github.com/leanprover-community/ProofWidgets4
2026-10-08T23:27:04.0697731Z info: proofwidgets: checking out revision '556caed0eadb7901e068131d1be208dd907d07a2'
2026-10-08T23:27:04.5491067Z info: aesop: cloning https://github.com/leanprover-community/aesop
2026-10-08T23:27:05.5179342Z info: aesop: checking out revision '725ac8cd67acd70a7beaf47c3725e23484c1ef50'
2026-10-08T23:27:05.5427818Z info: Qq: cloning https://github.com/leanprover-community/quote4
2026-10-08T23:27:05.9699735Z info: Qq: checking out revision 'dea6a3361fa36d5a13f87333dc506ada582e025c'
2026-10-08T23:27:05.9809949Z info: batteries: cloning https://github.com/leanprover-community/batteries
2026-10-08T23:27:08.7229896Z info: batteries: checking out revision '8da40b72fece29b7d3fe3d768bac4c8910ce9bee'
2026-10-08T23:27:08.7512276Z info: Cli: cloning https://github.com/leanprover/lean4-cli
2026-10-08T23:27:09.0689703Z info: Cli: checking out revision '91c18fa62838ad0ab7384c03c9684d99d306e1da'
2026-10-08T23:27:09.3774758Z ✔ [2/20] Built Cache.Lean (253ms)
2026-10-08T23:27:09.4776239Z ✔ [3/20] Built Cache.Lean:c.o (82ms)
2026-10-08T23:27:10.6808173Z ✔ [4/20] Built Cache.IO (1.2s)
2026-10-08T23:27:12.0832952Z ✔ [5/20] Built Cache.IO:c.o (1.5s)
2026-10-08T23:27:12.9850293Z ✔ [10/20] Built Cache.Hashing (865ms)
2026-10-08T23:27:12.9879714Z ✔ [11/20] Built Batteries.Data.String.Basic:c.o (85ms)
2026-10-08T23:27:13.1835077Z ✔ [13/20] Built Batteries.Data.Array.Match:c.o (241ms)
2026-10-08T23:27:13.3839951Z ✔ [14/20] Built Batteries.Data.String.Matcher:c.o (192ms)
2026-10-08T23:27:13.4840079Z ✔ [15/20] Built Cache.Hashing:c.o (559ms)
2026-10-08T23:27:14.4900401Z ✔ [16/20] Built Cache.Requests (1.1s)
2026-10-08T23:27:15.1907715Z ✔ [17/20] Built Cache.Main (707ms)
2026-10-08T23:27:15.7927989Z ✔ [18/20] Built Cache.Main:c.o (596ms)
2026-10-08T23:27:15.8923277Z ✔ [19/20] Built Cache.Requests:c.o (1.4s)
2026-10-08T23:27:16.1940215Z ✔ [20/20] Built cache:exe (366ms)
2026-10-08T23:27:17.9107788Z   % Total    % Received % Xferd  Average Speed   Time    Time     Time  Current
2026-10-08T23:27:17.9108767Z                                  Dload  Upload   Total   Spent    Left  Speed
2026-10-08T23:27:17.9109248Z 
2026-10-08T23:27:17.9114248Z   0     0    0     0    0     0      0      0 --:--:-- --:--:-- --:--:--     0
2026-10-08T23:27:17.9114756Z   0     0    0     0    0     0      0      0 --:--:-- --:--:-- --:--:--     0
2026-10-08T23:27:17.9115412Z 
2026-10-08T23:27:17.9115704Z 100 1075k  100 1075k    0     0  5980k      0 --:--:-- --:--:-- --:--:-- 5980k
2026-10-08T23:27:17.9116286Z 
2026-10-08T23:27:19.3312624Z installing leantar 0.1.15
2026-10-08T23:27:19.3319601Z Fetching ProofWidgets cloud release... done!
2026-10-08T23:27:19.3328955Z Current branch: HEAD
2026-10-08T23:27:19.3329581Z Using cache (Azure) from origin: leanprover-community/mathlib4
2026-10-08T23:27:19.3330139Z Attempting to download 3331 file(s) from leanprover-community/mathlib4 cache
2026-10-08T23:27:20.0668948Z 
2026-10-08T23:27:20.1675827Z Downloaded: 1 file(s) [attempted 1/3331 = 0%, 38 KB/s]
2026-10-08T23:27:20.2655280Z Downloaded: 345 file(s) [attempted 345/3331 = 10%, 11970 KB/s]
2026-10-08T23:27:20.3651418Z Downloaded: 758 file(s) [attempted 758/3331 = 22%, 16683 KB/s]
2026-10-08T23:27:20.4739708Z Downloaded: 1157 file(s) [attempted 1157/3331 = 34%, 9851 KB/s]
2026-10-08T23:27:20.5759444Z Downloaded: 1555 file(s) [attempted 1555/3331 = 46%, 5163 KB/s]
2026-10-08T23:27:20.6799609Z Downloaded: 1943 file(s) [attempted 1943/3331 = 58%, 6711 KB/s]
2026-10-08T23:27:20.7803407Z Downloaded: 2347 file(s) [attempted 2347/3331 = 70%, 3543 KB/s]
2026-10-08T23:27:20.8809659Z Downloaded: 2758 file(s) [attempted 2758/3331 = 82%, 763 KB/s]
2026-10-08T23:27:20.9700394Z Downloaded: 3161 file(s) [attempted 3161/3331 = 94%, 2093 KB/s]
2026-10-08T23:27:20.9701034Z Downloaded: 3331 file(s) [attempted 3331/3331 = 100%, 2093 KB/s]
2026-10-08T23:27:42.6391922Z Decompressing 3331 file(s)
2026-10-08T23:27:42.6392204Z Unpacked in 21657 ms
2026-10-08T23:27:42.6392380Z Completed successfully!
2026-10-08T23:27:42.6931322Z [2026-10-08T23:27:42.673010+00:00] cache: exit=0, elapsed=75.582455s
2026-10-08T23:27:42.7330458Z [2026-10-08T23:27:42.693186+00:00] environment: /usr/bin/python3 scripts/check_environment.py --output-dir /home/runner/work/as-ginzburg-lean/as-ginzburg-lean/verification/runs/20261008T232624Z-2856a4bd
2026-10-08T23:27:43.6542913Z {
2026-10-08T23:27:43.6559290Z   "lean_toolchain": "leanprover/lean4:v4.24.0",
2026-10-08T23:27:43.6579580Z   "mathlib_revision": "f897ebcf72cd16f89ab4577d0c826cd14afaafc7",
2026-10-08T23:27:43.6589241Z   "executable_versions": {
2026-10-08T23:27:43.6589883Z     "lean": "Lean (version 4.24.0, x86_64-unknown-linux-gnu, commit 797c613eb9b6d4ec95db23e3e00af9ac6657f24b, Release)",
2026-10-08T23:27:43.6590620Z     "lake": "Lake version 5.0.0-src+797c613 (Lean version 4.24.0)"
2026-10-08T23:27:43.6591042Z   },
2026-10-08T23:27:43.6591363Z   "dependency_revisions": {
2026-10-08T23:27:43.6591778Z     "plausible": "dfd06ebfe8d0e8fa7faba9cb5e5a2e74e7bd2805",
2026-10-08T23:27:43.6592262Z     "LeanSearchClient": "99657ad92e23804e279f77ea6dbdeebaa1317b98",
2026-10-08T23:27:43.6592777Z     "importGraph": "d768126816be17600904726ca7976b185786e6b9",
2026-10-08T23:27:43.6593281Z     "proofwidgets": "556caed0eadb7901e068131d1be208dd907d07a2",
2026-10-08T23:27:43.6593768Z     "aesop": "725ac8cd67acd70a7beaf47c3725e23484c1ef50",
2026-10-08T23:27:43.6594213Z     "Qq": "dea6a3361fa36d5a13f87333dc506ada582e025c",
2026-10-08T23:27:43.6594665Z     "batteries": "8da40b72fece29b7d3fe3d768bac4c8910ce9bee",
2026-10-08T23:27:43.6595115Z     "Cli": "91c18fa62838ad0ab7384c03c9684d99d306e1da",
2026-10-08T23:27:43.6595558Z     "mathlib": "f897ebcf72cd16f89ab4577d0c826cd14afaafc7"
2026-10-08T23:27:43.6595942Z   }
2026-10-08T23:27:43.6596265Z }
2026-10-08T23:27:43.6732223Z [2026-10-08T23:27:43.659734+00:00] environment: exit=0, elapsed=0.966572s
2026-10-08T23:27:43.8760080Z [2026-10-08T23:27:43.673089+00:00] build: bash /home/runner/work/as-ginzburg-lean/as-ginzburg-lean/scripts/with_lean.sh lake build
2026-10-08T23:27:52.5325497Z ✔ [3297/3389] Built ASGinzburg.ZAlgebra (7.3s)
2026-10-08T23:27:52.5326074Z ✔ [3299/3389] Built ASGinzburg.CutQuiver (7.2s)
2026-10-08T23:27:55.7356061Z ✔ [3338/3402] Built ASGinzburg.HomologicalColimitClosure (3.2s)
2026-10-08T23:27:57.2379725Z ✔ [3340/3428] Built ASGinzburg.Representables (4.8s)
2026-10-08T23:27:58.3398694Z ✔ [3342/3448] Built ASGinzburg.ExtDimension (2.6s)
2026-10-08T23:28:02.0536583Z ✔ [3344/3448] Built ASGinzburg.CutPotential (3.7s)
2026-10-08T23:28:05.2615211Z ✔ [3345/3448] Built ASGinzburg.TopCohomology (3.1s)
2026-10-08T23:28:08.0686608Z ✔ [3346/3448] Built ASGinzburg.WindowPeriodicity (2.8s)
2026-10-08T23:28:08.6705089Z ✔ [3347/3448] Built ASGinzburg.RightModuleAbelian (11s)
2026-10-08T23:28:10.5779842Z ✔ [3348/3448] Built ASGinzburg.Conjugation (2.5s)
2026-10-08T23:28:12.8869979Z ✔ [3349/3448] Built ASGinzburg.Hilbert (4.2s)
2026-10-08T23:28:13.5861776Z ✔ [3350/3448] Built ASGinzburg.Tensor333 (3.0s)
2026-10-08T23:28:15.5909944Z ✔ [3351/3448] Built ASGinzburg.GinzburgGrading (2.7s)
2026-10-08T23:28:16.3900218Z ✔ [3352/3450] Built ASGinzburg.HomotopyOpposite (2.8s)
2026-10-08T23:28:17.1920303Z ✔ [3354/3450] Built ASGinzburg.HomotopyEquivalence (1.7s)
2026-10-08T23:28:18.2939591Z ✔ [3355/3450] Built ASGinzburg.ComplexDegreeReverse (1.0s)
2026-10-08T23:28:19.3995938Z ✔ [3356/3450] Built ASGinzburg.ProjectiveResolutionSyzygies (2.2s)
2026-10-08T23:28:22.8065264Z ⚠ [3357/3450] Built ASGinzburg.PathAlgebra (4.5s)
2026-10-08T23:28:22.8079573Z warning: ASGinzburg/PathAlgebra.lean:97:42: This simp argument is unused:
2026-10-08T23:28:22.8099040Z   LinearMap.add_apply
2026-10-08T23:28:22.8118773Z 
2026-10-08T23:28:22.8119014Z Hint: Omit it from the simp argument list.
2026-10-08T23:28:22.8139602Z   simp [map_add, L̵i̵n̵e̵a̵r̵M̵a̵p̵.̵a̵d̵d̵_̵a̵p̵p̵l̵y̵,̵ ̵ih, ih']
2026-10-08T23:28:22.8158745Z 
2026-10-08T23:28:22.8159049Z Note: This linter can be disabled with `set_option linter.unusedSimpArgs false`
2026-10-08T23:28:23.4075452Z ✔ [3358/3450] Built ASGinzburg.CyclicDerivative (3.9s)
2026-10-08T23:28:24.6089953Z ✔ [3360/3450] Built ASGinzburg.FullSubcategoryEquivalence (1.3s)
2026-10-08T23:28:26.4180060Z ✔ [3361/3450] Built ASGinzburg.RightModuleHomology (3.6s)
2026-10-08T23:28:27.0185401Z ✔ [3362/3450] Built ASGinzburg.HomotopyDegreeReverse (2.4s)
2026-10-08T23:28:29.4250937Z ✔ [3363/3458] Built ASGinzburg.ProjectiveResolutionHomComplex (3.0s)
2026-10-08T23:28:30.2353582Z ✔ [3364/3687] Built ASGinzburg.Triangle333 (3.2s)
2026-10-08T23:28:31.8410885Z ✔ [3368/3687] Built ASGinzburg.ShortExactKernels (1.6s)
2026-10-08T23:28:33.0486604Z ✔ [3369/3687] Built ASGinzburg.RightModuleProjectives (3.6s)
2026-10-08T23:28:34.4532604Z ✔ [3370/3687] Built ASGinzburg.FourTermProjectiveResolution (2.6s)
2026-10-08T23:28:35.3553054Z ✔ [3371/3687] Built ASGinzburg.ProjectiveResolutionHomExactness (2.3s)
2026-10-08T23:28:37.0653137Z ✔ [3372/3687] Built ASGinzburg.ExtClassNaturality (2.7s)
2026-10-08T23:28:38.0701536Z ✔ [3375/3689] Built ASGinzburg.ProjectiveResolutionSyzygyNaturality (2.7s)
2026-10-08T23:28:39.9720369Z ✔ [3377/3689] Built ASGinzburg.FreeLinearKernelSupport (1.8s)
2026-10-08T23:28:40.1738044Z ✔ [3378/3689] Built ASGinzburg.PeriodInverse (3.1s)
2026-10-08T23:28:42.6800099Z ✔ [3379/3689] Built ASGinzburg.PathWordEmbeddings (2.5s)
2026-10-08T23:28:42.7800178Z ✔ [3380/3689] Built ASGinzburg.ClosedPathPotentials (2.8s)
2026-10-08T23:28:45.4063372Z ✔ [3381/3689] Built ASGinzburg.CyclicDerivativeDegrees (2.8s)
2026-10-08T23:28:46.2980144Z ✔ [3382/3689] Built ASGinzburg.CyclicDerivativeCommutators (3.5s)
2026-10-08T23:28:49.3039958Z ✔ [3383/3689] Built ASGinzburg.GinzburgPaths (3.9s)
2026-10-08T23:28:49.4050232Z ✔ [3384/3689] Built ASGinzburg.PathLinearIdeals (3.2s)
2026-10-08T23:28:51.2135372Z ✔ [3385/3689] Built ASGinzburg.HomologyAugmentation (1.9s)
2026-10-08T23:28:52.1159975Z ✔ [3386/3689] Built ASGinzburg.FinsuppSupportedQuotient (2.7s)
2026-10-08T23:28:53.4196663Z ✔ [3387/3689] Built ASGinzburg.ProjectiveExtensionCovers (2.2s)
2026-10-08T23:28:54.9240067Z ✔ [3388/3689] Built ASGinzburg.NormalizedProjectiveCovers (2.8s)
2026-10-08T23:28:56.4280109Z ✔ [3389/3689] Built ASGinzburg.RightModuleEnoughProjectives (3.0s)
2026-10-08T23:28:58.9385362Z ✔ [3390/3689] Built ASGinzburg.LeftModules (4.0s)
2026-10-08T23:28:59.5461205Z ✔ [3391/3689] Built ASGinzburg.PathCyclicDerivativeSupport (3.1s)
2026-10-08T23:29:03.9618684Z ✔ [3392/3689] Built ASGinzburg.GinzburgPathAlgebra (5.0s)
2026-10-08T23:29:07.3749873Z ✔ [3393/3689] Built ASGinzburg.PathQuotientProducts (7.8s)
2026-10-08T23:29:08.2806140Z ✔ [3394/3689] Built ASGinzburg.RightSubmodules (4.2s)
2026-10-08T23:29:10.0859896Z ✔ [3395/3689] Built ASGinzburg.RightModuleExt (2.7s)
2026-10-08T23:29:13.3990385Z ✔ [3396/3689] Built ASGinzburg.PathCyclicDerivatives (3.2s)
2026-10-08T23:29:16.0040597Z ✔ [3397/3689] Built ASGinzburg.GinzburgPathWords (2.7s)
2026-10-08T23:29:20.7210010Z ✔ [3398/3689] Built ASGinzburg.LeftModuleAbelian (12s)
2026-10-08T23:29:21.0205524Z ✔ [3399/3689] Built ASGinzburg.FiniteComponentAlgebra (5.0s)
2026-10-08T23:29:25.1356152Z ✔ [3400/3689] Built ASGinzburg.SimpleRightModules (4.4s)
2026-10-08T23:29:25.2349780Z ✔ [3401/3689] Built ASGinzburg.RightModuleExtLinear (4.2s)
2026-10-08T23:29:28.2500228Z ✔ [3402/3689] Built ASGinzburg.PathCyclicDerivativeDegrees (3.1s)
2026-10-08T23:29:28.9509926Z ✔ [3403/3689] Built ASGinzburg.GinzburgDegreeZeroAlgebra (3.7s)
2026-10-08T23:29:32.0612098Z ✔ [3404/3689] Built ASGinzburg.LeftModuleHomology (3.8s)
2026-10-08T23:29:32.1609993Z ✔ [3405/3689] Built ASGinzburg.FiniteComponentAlgebraEquiv (3.2s)
2026-10-08T23:29:36.0732916Z ✔ [3406/3689] Built ASGinzburg.RightModuleRadical (4.0s)
2026-10-08T23:29:37.2756710Z ✔ [3407/3689] Built ASGinzburg.ExactEquivalenceExt (5.1s)
2026-10-08T23:29:41.3959670Z ✔ [3408/3689] Built ASGinzburg.RightModuleExtSequence (5.3s)
2026-10-08T23:29:41.7005260Z ✔ [3409/3689] Built ASGinzburg.VertexCyclicCommutators (4.4s)
2026-10-08T23:29:44.3073383Z ✔ [3410/3689] Built ASGinzburg.GinzburgGeneratorDifferentials (2.8s)
2026-10-08T23:29:45.3090169Z ✔ [3411/3689] Built ASGinzburg.LeftModuleProjectives (3.6s)
2026-10-08T23:29:48.4193953Z ✔ [3412/3689] Built ASGinzburg.LeftSubmodules (4.1s)
2026-10-08T23:29:48.5229023Z ✔ [3413/3689] Built ASGinzburg.RightModuleMinimality (3.2s)
2026-10-08T23:29:52.4376523Z ✔ [3414/3689] Built ASGinzburg.LinearExtTransport (4.1s)
2026-10-08T23:29:52.5380951Z ✔ [3415/3689] Built ASGinzburg.RightModuleExtLeftAction (4.1s)
2026-10-08T23:29:55.7495454Z ✔ [3416/3689] Built ASGinzburg.GinzburgGeneratorGradings (3.2s)
2026-10-08T23:29:55.8510103Z ✔ [3417/3689] Built ASGinzburg.GinzburgPathDifferential (3.4s)
2026-10-08T23:29:58.8610113Z ✔ [3418/3689] Built ASGinzburg.LeftModuleEnoughProjectives (3.1s)
2026-10-08T23:29:59.8623322Z ✔ [3419/3689] Built ASGinzburg.SimpleLeftModules (3.0s)
2026-10-08T23:30:01.8717518Z ✔ [3420/3689] Built ASGinzburg.RightModuleSimpleHom (3.0s)
2026-10-08T23:30:04.1795721Z ✔ [3421/3689] Built ASGinzburg.LeftModuleADual (4.3s)
2026-10-08T23:30:05.1870158Z ✔ [3422/3689] Built ASGinzburg.RepresentableHomColimits (3.3s)
2026-10-08T23:30:07.3949196Z ✔ [3423/3689] Built ASGinzburg.GinzburgPathFiniteness (3.1s)
2026-10-08T23:30:08.6021265Z ✔ [3424/3689] Built ASGinzburg.GinzburgSupportedProducts (3.4s)
2026-10-08T23:30:11.6099879Z ✔ [3425/3689] Built ASGinzburg.LeftModuleExt (3.0s)
2026-10-08T23:30:12.6129773Z ✔ [3426/3689] Built ASGinzburg.GinzburgLeibniz (5.3s)
2026-10-08T23:30:15.1229967Z ✔ [3427/3689] Built ASGinzburg.ASResolution (3.4s)
2026-10-08T23:30:18.4401287Z ✔ [3428/3689] Built ASGinzburg.ModuleBidualEvaluation (5.8s)
2026-10-08T23:30:22.0570262Z ✔ [3429/3689] Built ASGinzburg.CoproductRadicals (6.0s)
2026-10-08T23:30:22.8581643Z ✔ [3430/3689] Built ASGinzburg.RightModuleExtNaturalSequence (4.4s)
2026-10-08T23:30:24.8628434Z ✔ [3431/3689] Built ASGinzburg.GinzburgLastGenerator (2.8s)
2026-10-08T23:30:26.1890672Z ✔ [3432/3689] Built ASGinzburg.GinzburgDifferentialGradings (3.3s)
2026-10-08T23:30:29.0809858Z ✔ [3433/3689] Built ASGinzburg.ASResolutionComplex (4.3s)
2026-10-08T23:30:29.3838519Z ✔ [3434/3689] Built ASGinzburg.ASDualityHomTerms (3.3s)
2026-10-08T23:30:32.9009936Z ✔ [3435/3689] Built ASGinzburg.ASResolutionSyzygies (3.8s)
2026-10-08T23:30:33.0015671Z ✔ [3436/3689] Built ASGinzburg.RightModuleHomFinite (3.6s)
2026-10-08T23:30:36.5095970Z ✔ [3437/3689] Built ASGinzburg.CoproductRadicalQuotients (3.5s)
2026-10-08T23:30:39.2220249Z ✔ [3438/3689] Built ASGinzburg.FiniteProjectiveBidual (6.3s)
2026-10-08T23:30:40.0245924Z ✔ [3439/3689] Built ASGinzburg.RightModuleExtLeftSequence (3.5s)
2026-10-08T23:30:42.0300495Z ✔ [3440/3689] Built ASGinzburg.GinzburgAugmentationBasis (2.8s)
2026-10-08T23:30:43.3389953Z ✔ [3441/3689] Built ASGinzburg.GinzburgDifferentialSign (3.3s)
2026-10-08T23:30:45.8480110Z ✔ [3442/3689] Built ASGinzburg.GinzburgCutProjections (3.8s)
2026-10-08T23:30:46.1510260Z ✔ [3443/3689] Built ASGinzburg.GinzburgDegreeZeroDifferential (2.8s)
2026-10-08T23:30:49.4621024Z ✔ [3444/3689] Built ASGinzburg.ASRegular (3.3s)
2026-10-08T23:30:49.4649865Z ✔ [3445/3689] Built ASGinzburg.ASResolutionHomComplex (3.6s)
2026-10-08T23:30:52.6663103Z ✔ [3446/3689] Built ASGinzburg.RightModuleHomKernel (3.2s)
2026-10-08T23:30:52.7670016Z ✔ [3447/3689] Built ASGinzburg.ASResolutionExtBounds (3.3s)
2026-10-08T23:30:58.2874978Z ✔ [3448/3689] Built ASGinzburg.FiniteCoproductHomColimits (5.6s)
2026-10-08T23:31:00.4970729Z ✔ [3449/3689] Built ASGinzburg.FiniteProjectiveDuality (7.8s)
2026-10-08T23:31:01.8049902Z ✔ [3450/3689] Built ASGinzburg.ASDualityTopCokernel (3.5s)
2026-10-08T23:31:03.1103690Z ✔ [3451/3689] Built ASGinzburg.GinzburgLastGeneratorGradings (2.5s)
2026-10-08T23:31:04.9201677Z ✔ [3452/3689] Built ASGinzburg.GinzburgSquareProducts (3.1s)
2026-10-08T23:31:05.7190555Z ✔ [3453/3689] Built ASGinzburg.GinzburgCutDecomposition (2.7s)
2026-10-08T23:31:08.3330201Z ✔ [3454/3689] Built ASGinzburg.PathCutGrading (3.4s)
2026-10-08T23:31:09.4389969Z ✔ [3455/3689] Built ASGinzburg.ASDualityExt (3.7s)
2026-10-08T23:31:12.9487235Z ✔ [3456/3689] Built ASGinzburg.ASDualityHomCohomology (3.5s)
2026-10-08T23:31:13.5493324Z ✔ [3457/3689] Built ASGinzburg.ASGenerators (5.2s)
2026-10-08T23:31:17.6669931Z ✔ [3458/3689] Built ASGinzburg.ASResolutionExtFinite (4.7s)
2026-10-08T23:31:20.4728138Z ✔ [3459/3689] Built ASGinzburg.FiniteProjectiveHomColimits (2.9s)
2026-10-08T23:31:21.0734373Z ✔ [3460/3689] Built ASGinzburg.ASResolutionExtColimits (7.6s)
2026-10-08T23:31:23.6828204Z ✔ [3461/3689] Built ASGinzburg.FiniteProjectiveClosure (3.1s)
2026-10-08T23:31:25.0882754Z ✔ [3462/3689] Built ASGinzburg.FiniteProjectiveComplexDuality (4.0s)
2026-10-08T23:31:26.1930124Z ✔ [3463/3689] Built ASGinzburg.PathCutProducts (2.6s)
2026-10-08T23:31:27.8978141Z ✔ [3464/3689] Built ASGinzburg.ASDualityDimension (2.8s)
2026-10-08T23:31:29.5030038Z ✔ [3465/3689] Built ASGinzburg.ASMinimalGenerators (3.3s)
2026-10-08T23:31:32.0109783Z ✔ [3466/3689] Built ASGinzburg.ASPathPresentation (4.1s)
2026-10-08T23:31:35.5222938Z ✔ [3467/3689] Built ASGinzburg.RightResolutionDuality (6.0s)
2026-10-08T23:31:36.4281471Z ✔ [3468/3689] Built ASGinzburg.FiniteProjectiveExtensionClosure (4.4s)
2026-10-08T23:31:38.2343154Z ✔ [3469/3689] Built ASGinzburg.BoundedCochainDuality (2.7s)
2026-10-08T23:31:39.0391243Z ✔ [3470/3689] Built ASGinzburg.ASDualityEquivalence (2.6s)
2026-10-08T23:31:41.5420118Z ✔ [3471/3689] Built ASGinzburg.ASIndecomposables (3.4s)
2026-10-08T23:31:41.9421349Z ✔ [3472/3689] Built ASGinzburg.UnrolledPathFiniteness (2.0s)
2026-10-08T23:31:46.2651414Z ✔ [3473/3689] Built ASGinzburg.FiniteProjectiveResolutionLength (4.3s)
2026-10-08T23:31:47.0679359Z ✔ [3474/3689] Built ASGinzburg.UnrolledPathAlgebra (5.5s)
2026-10-08T23:31:49.0735942Z ✔ [3475/3689] Built ASGinzburg.ASFiniteProjectiveComplex (2.8s)
2026-10-08T23:31:50.9809872Z ✔ [3476/3689] Built ASGinzburg.ASDualityLeftComponents (3.0s)
2026-10-08T23:31:52.9911579Z ✔ [3477/3689] Built ASGinzburg.ASGeneratorDimensions (3.9s)
2026-10-08T23:31:55.0971181Z ✔ [3478/3689] Built ASGinzburg.PathUnrolling (4.1s)
2026-10-08T23:31:55.8015631Z ✔ [3479/3689] Built ASGinzburg.FiniteProjectiveFourTermResolution (2.8s)
2026-10-08T23:31:58.4080360Z ✔ [3480/3689] Built ASGinzburg.UnrolledPathFiltration (3.3s)
2026-10-08T23:31:58.6094212Z ✔ [3481/3689] Built ASGinzburg.UnrolledPathZAlgebra (2.9s)
2026-10-08T23:32:03.0230128Z ✔ [3482/3689] Built ASGinzburg.ASDualityRegularCoproduct (4.6s)
2026-10-08T23:32:03.4217769Z ✔ [3483/3689] Built ASGinzburg.ASDualityComplexExactness (4.8s)
2026-10-08T23:32:06.8297196Z ✔ [3484/3689] Built ASGinzburg.ASGeneratorBasis (3.9s)
2026-10-08T23:32:07.3335420Z ✔ [3485/3689] Built ASGinzburg.PathCyclicCommutators (3.8s)
2026-10-08T23:32:09.3387858Z ✔ [3486/3689] Built ASGinzburg.PathDegreeUnrolling (2.5s)
2026-10-08T23:32:10.2420077Z ✔ [3487/3689] Built ASGinzburg.UnrolledPathPresentationMorphism (2.0s)
2026-10-08T23:32:13.8492034Z ✔ [3488/3689] Built ASGinzburg.TotalModuleSpaces (4.5s)
2026-10-08T23:32:16.9592311Z ✔ [3489/3689] Built ASGinzburg.ASLeftResolution (6.7s)
2026-10-08T23:32:17.0586329Z ✔ [3490/3689] Built ASGinzburg.UnrolledPathIndecomposables (3.2s)
2026-10-08T23:32:19.5851732Z ✔ [3491/3689] Built ASGinzburg.UnrolledSingleArrows (2.6s)
2026-10-08T23:32:20.8688154Z ✔ [3492/3689] Built ASGinzburg.GinzburgLoopSquare (3.8s)
2026-10-08T23:32:22.4718032Z ✔ [3493/3689] Built ASGinzburg.UnrolledPathWords (2.0s)
2026-10-08T23:32:23.8777798Z ✔ [3494/3689] Built ASGinzburg.ZAlgebraHomomorphisms (2.0s)
2026-10-08T23:32:29.6921585Z ✔ [3495/3689] Built ASGinzburg.ASLeftBidualComplex (5.8s)
2026-10-08T23:32:32.2990146Z ✔ [3496/3689] Built ASGinzburg.UnrolledPathArrowClasses (2.7s)
2026-10-08T23:32:33.7985760Z ✔ [3497/3689] Built ASGinzburg.RegularCoproductActions (11s)
2026-10-08T23:32:35.3077326Z ✔ [3498/3689] Built ASGinzburg.GinzburgDegreeNegOnePaths (2.0s)
2026-10-08T23:32:36.8073472Z ✔ [3499/3689] Built ASGinzburg.GinzburgSquareZero (3.0s)
2026-10-08T23:32:38.2140116Z ✔ [3500/3689] Built ASGinzburg.PathCutUnrollingEquiv (2.9s)
2026-10-08T23:32:39.4171050Z ✔ [3501/3689] Built ASGinzburg.PathBetweenSheets (2.5s)
2026-10-08T23:32:41.6212981Z ✔ [3502/3689] Built ASGinzburg.UnrolledPathErasure (3.4s)
2026-10-08T23:32:42.3244221Z ✔ [3503/3689] Built ASGinzburg.LinearIdealProducts (2.0s)
2026-10-08T23:32:45.9346136Z ✔ [3504/3689] Built ASGinzburg.ASLeftExtConcentration (4.3s)
2026-10-08T23:32:45.9369342Z ✔ [3505/3689] Built ASGinzburg.UnrolledPathKernelSquare (3.6s)
2026-10-08T23:32:49.4540265Z ✔ [3506/3689] Built ASGinzburg.GinzburgAugmentationIdeal (3.5s)
2026-10-08T23:32:50.0581920Z ✔ [3507/3689] Built ASGinzburg.TotalModuleLocalUnits (4.1s)
2026-10-08T23:32:52.7676650Z ✔ [3508/3689] Built ASGinzburg.GinzburgCochainComplex (3.3s)
2026-10-08T23:32:53.3695830Z ✔ [3509/3689] Built ASGinzburg.BetweenSheetLinearEquiv (3.3s)
2026-10-08T23:32:55.4733809Z ✔ [3510/3689] Built ASGinzburg.UnrolledErasureIdeals (2.7s)
2026-10-08T23:32:56.0779910Z ✔ [3511/3689] Built ASGinzburg.UnrolledPathIdeals (2.7s)
2026-10-08T23:32:57.7802676Z ✔ [3512/3689] Built ASGinzburg.GeneratedLinearIdeals (2.3s)
2026-10-08T23:33:00.0891953Z ✔ [3513/3689] Built ASGinzburg.QuotientZAlgebra (4.0s)
2026-10-08T23:33:00.5914132Z ✔ [3514/3689] Built ASGinzburg.GinzburgGeneratorFiltration (2.8s)
2026-10-08T23:33:04.0040084Z ✔ [3515/3689] Built ASGinzburg.TotalAlgebraEmbedding (3.9s)
2026-10-08T23:33:04.4020032Z ✔ [3516/3689] Built ASGinzburg.GinzburgCutCochainComplex (3.9s)
2026-10-08T23:33:06.7049876Z ✔ [3517/3689] Built ASGinzburg.GinzburgBoundarySpaces (2.8s)
2026-10-08T23:33:07.5069787Z ✔ [3518/3689] Built ASGinzburg.GinzburgRegularity (3.1s)
2026-10-08T23:33:09.4095709Z ✔ [3519/3689] Built ASGinzburg.ASPresentationKernel (2.7s)
2026-10-08T23:33:10.3121194Z ✔ [3520/3689] Built ASGinzburg.UnrolledJacobianRelations (2.8s)
2026-10-08T23:33:12.3189958Z ✔ [3521/3689] Built ASGinzburg.UnrolledComponentHeights (2.9s)
2026-10-08T23:33:13.5235266Z ✔ [3522/3689] Built ASGinzburg.ZAlgebraIsomorphisms (3.2s)
2026-10-08T23:33:15.2291195Z ✔ [3523/3689] Built ASGinzburg.GinzburgGeneratorFiltrationDifferential (2.9s)
2026-10-08T23:33:17.0399874Z ✔ [3524/3689] Built ASGinzburg.TotalAlgebra (3.5s)
2026-10-08T23:33:18.4460265Z ✔ [3525/3689] Built ASGinzburg.GinzburgAugmentationGradedFree (3.2s)
2026-10-08T23:33:19.9467968Z ✔ [3526/3689] Built ASGinzburg.GinzburgCycleBoundary (2.9s)
2026-10-08T23:33:23.0555027Z ✔ [3527/3689] Built ASGinzburg.GinzburgCutBounds (3.1s)
2026-10-08T23:33:24.6591100Z ✔ [3528/3689] Built ASGinzburg.GinzburgCutHomologyFinite (6.3s)
2026-10-08T23:33:26.5660063Z ✔ [3529/3689] Built ASGinzburg.GinzburgDualContexts (3.6s)
2026-10-08T23:33:28.2730069Z ✔ [3530/3689] Built ASGinzburg.GinzburgBoundaryProducts (3.6s)
2026-10-08T23:33:30.4796657Z ✔ [3531/3689] Built ASGinzburg.GinzburgCutRetracts (3.9s)
2026-10-08T23:33:31.0789973Z ✔ [3532/3689] Built ASGinzburg.GinzburgPositiveHomology (2.8s)
2026-10-08T23:33:33.4830041Z ✔ [3533/3689] Built ASGinzburg.UnrolledJacobianErasure (3.0s)
2026-10-08T23:33:33.7852802Z ✔ [3534/3689] Built ASGinzburg.ASPresentationQuotient (2.7s)
2026-10-08T23:33:36.1909852Z ✔ [3535/3689] Built ASGinzburg.GinzburgGeneratorFiltrationBounds (2.7s)
2026-10-08T23:33:38.9999566Z ✔ [3536/3689] Built ASGinzburg.TotalComponentActions (5.2s)
2026-10-08T23:33:40.0045837Z ✔ [3537/3689] Built ASGinzburg.TotalAlgebraLocalUnits (3.8s)
2026-10-08T23:33:42.0082739Z ✔ [3538/3689] Built ASGinzburg.GinzburgCutDegreeZero (3.0s)
2026-10-08T23:33:42.7109770Z ✔ [3539/3689] Built ASGinzburg.PathJacobianIdeal (2.7s)
2026-10-08T23:33:45.1160036Z ✔ [3540/3689] Built ASGinzburg.GinzburgAugmentationComplex (3.1s)
2026-10-08T23:33:45.4147995Z ✔ [3541/3689] Built ASGinzburg.GinzburgCutRegularity (2.6s)
2026-10-08T23:33:48.1262319Z ✔ [3542/3689] Built ASGinzburg.PathCutUnrollingComparison (3.0s)
2026-10-08T23:33:48.2259835Z ✔ [3543/3689] Built ASGinzburg.UnrolledJacobianAlgebra (2.8s)
2026-10-08T23:33:52.5570612Z ✔ [3544/3689] Built ASGinzburg.TotalAlgebraLift (4.4s)
2026-10-08T23:33:53.1390481Z ✔ [3545/3689] Built ASGinzburg.PathJacobianRing (4.9s)
2026-10-08T23:33:55.7455051Z ✔ [3546/3689] Built ASGinzburg.GinzburgGeneratorLayers (2.6s)
2026-10-08T23:33:55.9470512Z ✔ [3547/3689] Built ASGinzburg.GinzburgJacobianBoundaries (3.4s)
2026-10-08T23:33:58.4537854Z ✔ [3548/3689] Built ASGinzburg.UnrolledJacobianIdealErasure (2.4s)
2026-10-08T23:33:58.7545482Z ✔ [3549/3689] Built ASGinzburg.GinzburgAugmentationHomology (3.0s)
2026-10-08T23:34:03.0702137Z ✔ [3550/3689] Built ASGinzburg.PathJacobianRingQuotient (4.3s)
2026-10-08T23:34:03.1699922Z ✔ [3551/3689] Built ASGinzburg.TotalModuleRepresentations (4.7s)
2026-10-08T23:34:06.1759926Z ✔ [3552/3689] Built ASGinzburg.PathJacobianGrading (3.0s)
2026-10-08T23:34:06.4780183Z ✔ [3553/3689] Built ASGinzburg.GinzburgGeneratorLayerQuotients (3.4s)
2026-10-08T23:34:09.6899850Z ✔ [3554/3689] Built ASGinzburg.PathJacobianContexts (3.5s)
2026-10-08T23:34:11.5902766Z ✔ [3555/3689] Built ASGinzburg.GinzburgHomologyZero (5.2s)
2026-10-08T23:34:12.9978666Z ✔ [3556/3689] Built ASGinzburg.UnrolledJacobianLiftIdeal (3.3s)
2026-10-08T23:34:14.5016513Z ✔ [3557/3689] Built ASGinzburg.GinzburgAugmentationRegularity (2.9s)
2026-10-08T23:34:21.8282252Z ✔ [3558/3689] Built ASGinzburg.RegularTotalAlgebra (8.9s)
2026-10-08T23:34:27.7466022Z ✔ [3559/3689] Built ASGinzburg.GinzburgCutHomologyZero (5.9s)
2026-10-08T23:34:28.9473865Z ✔ [3560/3689] Built ASGinzburg.LocallyUnitalModules (14s)
2026-10-08T23:34:30.4492174Z ✔ [3561/3689] Built ASGinzburg.GinzburgGeneratorLayerBasis (2.7s)
2026-10-08T23:34:32.1583969Z ✔ [3562/3689] Built ASGinzburg.GinzburgGeneratorFilteredComplex (3.2s)
2026-10-08T23:34:33.4594683Z ✔ [3563/3689] Built ASGinzburg.PathJacobianHomogeneousContexts (3.0s)
2026-10-08T23:34:35.0821368Z ✔ [3564/3689] Built ASGinzburg.GinzburgAugmentation (2.9s)
2026-10-08T23:34:37.4031021Z ✔ [3565/3689] Built ASGinzburg.GinzburgZeroProducts (3.9s)
2026-10-08T23:34:37.8921076Z ✔ [3566/3689] Built ASGinzburg.GinzburgTotalHomologyZero (2.8s)
2026-10-08T23:34:40.5736693Z ✔ [3567/3689] Built ASGinzburg.GinzburgCutAugmentation (3.2s)
2026-10-08T23:34:44.9909899Z ✔ [3568/3689] Built ASGinzburg.GinzburgGeneratorPrefixComplex (4.5s)
2026-10-08T23:34:47.8121896Z ✔ [3569/3689] Built ASGinzburg.TotalModuleFunctors (9.9s)
2026-10-08T23:34:48.0113639Z ✔ [3570/3689] Built ASGinzburg.GinzburgLastGeneratorDifferential (2.0s)
2026-10-08T23:34:51.6239983Z ✔ [3571/3689] Built ASGinzburg.UnrolledJacobianContexts (3.6s)
2026-10-08T23:34:53.9309959Z ✔ [3572/3689] Built ASGinzburg.GinzburgAssociatedGradedComplex (6.1s)
2026-10-08T23:34:55.6342806Z ✔ [3573/3689] Built ASGinzburg.GinzburgCutZeroProducts (3.0s)
2026-10-08T23:34:59.9469852Z ✔ [3574/3689] Built ASGinzburg.GinzburgGeneratorPrefixHomology (4.3s)
2026-10-08T23:35:06.9669978Z ✔ [3575/3689] Built ASGinzburg.GinzburgZeroQuotientProducts (13s)
2026-10-08T23:35:07.5688829Z ✔ [3576/3689] Built ASGinzburg.TotalModuleFullness (7.6s)
2026-10-08T23:35:10.0760062Z ✔ [3577/3689] Built ASGinzburg.BetweenSheetJacobianIdeals (3.1s)
2026-10-08T23:35:12.0819869Z ✔ [3578/3689] Built ASGinzburg.GinzburgGeneratorLayerClasses (4.6s)
2026-10-08T23:35:16.8977573Z ✔ [3579/3689] Built ASGinzburg.GinzburgGeneratorPrefixTopQuotient (4.8s)
2026-10-08T23:35:19.9054261Z ✔ [3580/3689] Built ASGinzburg.GinzburgGeneratorLayerCoefficients (2.0s)
2026-10-08T23:35:22.6122424Z ✔ [3581/3689] Built ASGinzburg.GinzburgCutZeroQuotientProducts (12s)
2026-10-08T23:35:26.6214003Z ✔ [3582/3689] Built ASGinzburg.GinzburgHomologyZeroProducts (6.7s)
2026-10-08T23:35:40.2494448Z ✔ [3583/3689] Built ASGinzburg.JacobianCutQuotientProducts (13s)
2026-10-08T23:35:42.1523923Z ✔ [3584/3689] Built ASGinzburg.UnitizationComponentActions (19s)
2026-10-08T23:35:43.9569037Z ✔ [3585/3689] Built ASGinzburg.JacobianUnrollingQuotient (3.7s)
2026-10-08T23:35:45.5603812Z ✔ [3586/3689] Built ASGinzburg.GinzburgGeneratorShiftAppend (3.4s)
2026-10-08T23:35:50.8722408Z ✔ [3587/3689] Built ASGinzburg.GinzburgCutHomologyZeroProducts (6.9s)
2026-10-08T23:35:51.7736173Z ✔ [3588/3689] Built ASGinzburg.GinzburgJacobianProducts (6.3s)
2026-10-08T23:35:54.9819950Z ✔ [3589/3689] Built ASGinzburg.GinzburgUnrolledAugmentation (3.2s)
2026-10-08T23:36:05.5080657Z ✔ [3590/3689] Built ASGinzburg.JacobianUnrollingProducts (10s)
2026-10-08T23:36:14.8276220Z ✔ [3591/3689] Built ASGinzburg.GinzburgGeneratorLayerComparison (9.3s)
2026-10-08T23:36:18.6340205Z ✔ [3592/3689] Built ASGinzburg.GinzburgHomologyUnits (3.8s)
2026-10-08T23:36:31.7579834Z ✔ [3593/3689] Built ASGinzburg.GinzburgCutJacobianProducts (13s)
2026-10-08T23:36:34.4631914Z ✔ [3594/3689] Built ASGinzburg.GinzburgGeneratorAppendCoefficients (2.7s)
2026-10-08T23:36:37.3710065Z ✔ [3595/3689] Built ASGinzburg.UnitizationComponentModules (46s)
2026-10-08T23:36:37.5709859Z ✔ [3596/3689] Built ASGinzburg.GinzburgHomologyRing (3.1s)
2026-10-08T23:36:41.1817976Z ✔ [3597/3689] Built ASGinzburg.GinzburgCutHomologyUnits (3.8s)
2026-10-08T23:36:42.0853063Z ✔ [3598/3689] Built ASGinzburg.GinzburgGeneratorLayerInverse (4.6s)
2026-10-08T23:37:01.7298967Z ✔ [3599/3689] Built ASGinzburg.UnitizationComponentFunctors (19s)
2026-10-08T23:37:04.8363969Z ✔ [3600/3689] Built ASGinzburg.GinzburgHomologyZAlgebra (3.1s)
2026-10-08T23:37:06.8389843Z ✔ [3601/3689] Built ASGinzburg.UnitizationComponentSums (25s)
2026-10-08T23:37:07.4415725Z ✔ [3602/3689] Built ASGinzburg.GinzburgGeneratorLayerHomology (2.6s)
2026-10-08T23:37:10.2469924Z ✔ [3603/3689] Built ASGinzburg.GinzburgGeneratorLayerConcentration (2.8s)
2026-10-08T23:37:14.0610060Z ✔ [3604/3689] Built ASGinzburg.GinzburgGeneratorLayerAugmentation (3.9s)
2026-10-08T23:37:18.7041072Z ✔ [3605/3689] Built ASGinzburg.GinzburgGeneratorFiltrationShortExact (4.6s)
2026-10-08T23:37:22.2860037Z ✔ [3606/3689] Built ASGinzburg.GinzburgGeneratorFiltrationHomologySequence (3.6s)
2026-10-08T23:37:25.6932182Z ✔ [3607/3689] Built ASGinzburg.GinzburgGeneratorFilteredAugmentation (3.5s)
2026-10-08T23:37:27.9970096Z ✔ [3608/3689] Built ASGinzburg.GinzburgGeneratorFiltrationSyzygy (2.3s)
2026-10-08T23:37:31.2087593Z ✔ [3609/3689] Built ASGinzburg.GinzburgGeneratorUpperFiltration (3.1s)
2026-10-08T23:37:31.9096297Z ✔ [3610/3689] Built ASGinzburg.LocallyUnitalEquivalence (25s)
2026-10-08T23:37:34.0119619Z ✔ [3611/3689] Built ASGinzburg.GinzburgGeneratorFiltrationKernel (2.9s)
2026-10-08T23:37:37.5230127Z ✔ [3612/3689] Built ASGinzburg.GinzburgGeneratorFiltrationRadical (3.5s)
2026-10-08T23:37:39.7265936Z ✔ [3613/3689] Built ASGinzburg.LocallyUnitalAbelian (7.8s)
2026-10-08T23:37:40.9301377Z ✔ [3614/3689] Built ASGinzburg.GinzburgGeneratorFiltrationCokernel (3.4s)
2026-10-08T23:37:45.3442146Z ✔ [3615/3689] Built ASGinzburg.LocallyUnitalExtComparison (5.5s)
2026-10-08T23:37:45.8441067Z ✔ [3616/3689] Built ASGinzburg.GinzburgGeneratorHomologyComplex (4.9s)
2026-10-08T23:37:51.1598083Z ✔ [3617/3689] Built ASGinzburg.LocallyUnitalExtNaturality (5.9s)
2026-10-08T23:37:51.5595548Z ✔ [3618/3689] Built ASGinzburg.LeftModuleExtSequence (5.6s)
2026-10-08T23:37:55.3709267Z ✔ [3619/3689] Built ASGinzburg.LeftModuleExtNaturalSequence (3.8s)
2026-10-08T23:38:00.0843191Z ✔ [3620/3689] Built ASGinzburg.RegularRightModule (8.9s)
2026-10-08T23:38:03.1887479Z ✔ [3621/3689] Built ASGinzburg.LeftHomColimits (7.9s)
2026-10-08T23:38:03.6925875Z ✔ [3622/3689] Built ASGinzburg.LeftModuleExtRightSequence (3.6s)
2026-10-08T23:38:06.8009924Z ✔ [3623/3689] Built ASGinzburg.RegularLeftMultiplication (3.6s)
2026-10-08T23:38:07.7036998Z ✔ [3624/3689] Built ASGinzburg.LeftRegularCoproduct (4.0s)
2026-10-08T23:38:11.8171390Z ✔ [3625/3689] Built ASGinzburg.ASLeftExtReciprocity (5.0s)
2026-10-08T23:38:12.2200321Z ✔ [3626/3689] Built ASGinzburg.ExtComponentContravariance (4.5s)
2026-10-08T23:38:20.6390037Z ✔ [3627/3689] Built ASGinzburg.RegularExtComparison (8.8s)
2026-10-08T23:38:20.7360404Z ✔ [3628/3689] Built ASGinzburg.LeftRegularTotalAlgebra (8.6s)
2026-10-08T23:38:26.5482912Z ✔ [3629/3689] Built ASGinzburg.RightResolutionExtBidual (5.9s)
2026-10-08T23:38:26.6499978Z ✔ [3630/3689] Built ASGinzburg.FiniteDimensionalModules (6.0s)
2026-10-08T23:38:30.1525781Z ✔ [3631/3689] Built ASGinzburg.ExtComponentShortExact (3.5s)
2026-10-08T23:38:31.6559856Z ✔ [3632/3689] Built ASGinzburg.LeftResolutionDuality (5.0s)
2026-10-08T23:38:35.1669934Z ✔ [3633/3689] Built ASGinzburg.RegularExtLeftModule (5.0s)
2026-10-08T23:38:40.4769945Z ✔ [3634/3689] Built ASGinzburg.FiniteProjectivePresentations (5.3s)
2026-10-08T23:38:40.6782793Z ✔ [3635/3689] Built ASGinzburg.RegularLeftModule (9.0s)
2026-10-08T23:38:44.7909922Z ✔ [3636/3689] Built ASGinzburg.ResolutionExtBoundaryNaturality (4.2s)
2026-10-08T23:38:46.5921901Z ✔ [3637/3689] Built ASGinzburg.FiniteVertexFiltration (6.1s)
2026-10-08T23:38:49.4002891Z ✔ [3638/3689] Built ASGinzburg.RightSingleSupportIsomorphism (2.8s)
2026-10-08T23:38:50.1060089Z ✔ [3639/3689] Built ASGinzburg.LeftResolutionExtBidual (5.2s)
2026-10-08T23:38:53.9150561Z ✔ [3640/3689] Built ASGinzburg.SmallVectorDuality (4.5s)
2026-10-08T23:38:54.7330257Z ✔ [3641/3689] Built ASGinzburg.RegularRightMultiplication (4.7s)
2026-10-08T23:38:57.1199915Z ✔ [3642/3689] Built ASGinzburg.LeftRegularExtComparison (3.3s)
2026-10-08T23:39:00.6299910Z ✔ [3643/3689] Built ASGinzburg.ASFiniteDimensionalResolutionLength (3.5s)
2026-10-08T23:39:03.3356834Z ✔ [3644/3689] Built ASGinzburg.FiniteDimensionalProjectiveDimension (2.7s)
2026-10-08T23:39:03.8360010Z ✔ [3645/3689] Built ASGinzburg.DualResolutionComparisonMaps (9.1s)
2026-10-08T23:39:06.0416849Z ✔ [3646/3689] Built ASGinzburg.FiniteDimensionalExtConcentration (2.7s)
2026-10-08T23:39:08.0485080Z ✔ [3647/3689] Built ASGinzburg.DirectSumDuality (4.2s)
2026-10-08T23:39:10.5550200Z ✔ [3648/3689] Built ASGinzburg.ASFiniteDimensionalProjectiveResolution (2.4s)
2026-10-08T23:39:12.6569836Z ✔ [3649/3689] Built ASGinzburg.ModuleVectorDuality (6.6s)
2026-10-08T23:39:14.9619998Z ✔ [3650/3689] Built ASGinzburg.FiniteProjectiveResolutionExtColimits (4.5s)
2026-10-08T23:39:19.2729819Z ✔ [3651/3689] Built ASGinzburg.ResolutionExtBidualNaturality (6.7s)
2026-10-08T23:39:19.7729857Z ✔ [3652/3689] Built ASGinzburg.FiniteDimensionalExtDuality (4.8s)
2026-10-08T23:39:21.6760427Z ✔ [3653/3689] Built ASGinzburg.FiniteDimensionalExtBidual (2.3s)
2026-10-08T23:39:23.8819805Z ✔ [3654/3689] Built ASGinzburg.TotalVectorDuality (4.1s)
2026-10-08T23:39:24.9816773Z ✔ [3655/3689] Built ASGinzburg.SimpleVectorDuality (3.3s)
2026-10-08T23:39:28.3864685Z ✔ [3656/3689] Built ASGinzburg.LeftFiniteExtColimits (4.5s)
2026-10-08T23:39:32.1949839Z ✔ [3657/3689] Built ASGinzburg.FiniteDimensionalVectorDuality (3.8s)
2026-10-08T23:39:34.4979857Z ✔ [3658/3689] Built ASGinzburg.FiniteDiagramClosureMaps (2.3s)
2026-10-08T23:39:37.4009945Z ✔ [3659/3689] Built ASGinzburg.FiniteDimensionalExtEquivalence (2.9s)
2026-10-08T23:39:40.4100114Z ✔ [3660/3689] Built ASGinzburg.FiniteDimensionalRegularExtComparison (15s)
2026-10-08T23:39:45.5194738Z ✔ [3661/3689] Built ASGinzburg.TotalVectorDualActions (8.1s)
2026-10-08T23:39:52.9350028Z ✔ [3662/3689] Built ASGinzburg.LeftFiniteRegularExtComparison (12s)
2026-10-08T23:40:01.5463745Z ✔ [3663/3689] Built ASGinzburg.LeftFiniteTotalExt (8.6s)
2026-10-08T23:40:08.9569934Z ✔ [3664/3689] Built ASGinzburg.FiniteDimensionalAbelian (23s)
2026-10-08T23:40:12.3026395Z ✔ [3665/3689] Built ASGinzburg.FiniteDimensionalNakayama (3.3s)
2026-10-08T23:40:14.6647559Z ✔ [3666/3689] Built ASGinzburg.FiniteDimensionalSimpleTranslation (2.5s)
2026-10-08T23:40:20.2712123Z ✔ [3667/3689] Built ASGinzburg.FiniteDimensionalWindows (11s)
2026-10-08T23:40:21.9736641Z ✔ [3668/3689] Built ASGinzburg.FiniteDimensionalWindowSequences (1.7s)
2026-10-08T23:40:24.6819982Z ✔ [3669/3689] Built ASGinzburg.NakayamaWindowSupport (2.7s)
2026-10-08T23:40:25.9830128Z ✔ [3670/3689] Built ASGinzburg.TruncatedRepresentables (4.0s)
2026-10-08T23:40:28.0848426Z ✔ [3671/3689] Built ASGinzburg.NakayamaInverseWindowSupport (3.4s)
2026-10-08T23:40:29.0848761Z ✔ [3672/3689] Built ASGinzburg.TruncatedRepresentableHom (3.1s)
2026-10-08T23:40:31.1869496Z ✔ [3673/3689] Built ASGinzburg.FiniteWindowProjectives (3.2s)
2026-10-08T23:40:32.8913570Z ✔ [3674/3689] Built ASGinzburg.NakayamaWindowEquivalence (3.9s)
2026-10-08T23:40:33.7949910Z ✔ [3675/3689] Built ASGinzburg.TruncatedRepresentableRestrictions (2.6s)
2026-10-08T23:40:35.7982683Z ✔ [3676/3689] Built ASGinzburg.NakayamaWindowProjectives (2.9s)
2026-10-08T23:40:36.5980761Z ✔ [3677/3689] Built ASGinzburg.TruncatedCoverComponents (2.8s)
2026-10-08T23:40:37.9002657Z ✔ [3678/3689] Built ASGinzburg.NakayamaWindowComparisons (2.1s)
2026-10-08T23:40:39.6027617Z ✔ [3679/3689] Built ASGinzburg.NakayamaUnderlyingMaps (1.7s)
2026-10-08T23:40:41.3051110Z ✔ [3680/3689] Built ASGinzburg.NakayamaRepresentableUnderlying (1.7s)
2026-10-08T23:40:43.2084774Z ✔ [3681/3689] Built ASGinzburg.NakayamaWindowNormalization (1.0s)
2026-10-08T23:41:13.7426204Z ✔ [3682/3689] Built ASGinzburg.NakayamaWindowComponents (30s)
2026-10-08T23:41:15.6414819Z ✔ [3683/3689] Built ASGinzburg.NakayamaWindowCoherence (1.8s)
2026-10-08T23:41:17.2432474Z ✔ [3684/3689] Built ASGinzburg.ASPeriodicity (1.7s)
2026-10-08T23:41:18.8452726Z ✔ [3685/3689] Built ASGinzburg.TrianglePeriodicity (1.5s)
2026-10-08T23:41:20.3469667Z ✔ [3686/3689] Built ASGinzburg (1.6s)
2026-10-08T23:51:54.5967101Z ℹ [3688/3689] Built AxiomAudit (634s)
2026-10-08T23:51:54.5979415Z info: AxiomAudit.lean:3:0: 'ASGinzburg.ZAlgebra.rightModule_hom_extension_of_ext_one_zero' depends on axioms: [propext,
2026-10-08T23:51:54.5980066Z  Classical.choice,
2026-10-08T23:51:54.5980605Z  Quot.sound]
2026-10-08T23:51:54.5981170Z info: AxiomAudit.lean:4:0: 'ASGinzburg.ZAlgebra.ASResolution.homComplex_exactAt_one_of_ext_zero' depends on axioms: [propext,
2026-10-08T23:51:54.5981786Z  Classical.choice,
2026-10-08T23:51:54.5982073Z  Quot.sound]
2026-10-08T23:51:54.5982803Z info: AxiomAudit.lean:5:0: 'ASGinzburg.ZAlgebra.ASResolution.homComplex_exactAt_two_of_ext_zero' depends on axioms: [propext,
2026-10-08T23:51:54.5983448Z  Classical.choice,
2026-10-08T23:51:54.5983745Z  Quot.sound]
2026-10-08T23:51:54.5984310Z info: AxiomAudit.lean:6:0: 'ASGinzburg.ZAlgebra.ASResolution.homDifferential_zero_kernel_of_ext_zero' depends on axioms: [propext,
2026-10-08T23:51:54.5985105Z  Classical.choice,
2026-10-08T23:51:54.5985384Z  Quot.sound]
2026-10-08T23:51:54.5985928Z info: AxiomAudit.lean:7:0: 'ASGinzburg.ZAlgebra.ASResolution.homComplex_exactAt_zero_of_ext_zero' depends on axioms: [propext,
2026-10-08T23:51:54.5986536Z  Classical.choice,
2026-10-08T23:51:54.5986814Z  Quot.sound]
2026-10-08T23:51:54.5987542Z info: AxiomAudit.lean:8:0: 'ASGinzburg.ZAlgebra.ASResolution.homComplex_representable_exactAt_low' depends on axioms: [propext,
2026-10-08T23:51:54.5988164Z  Classical.choice,
2026-10-08T23:51:54.5988441Z  Quot.sound]
2026-10-08T23:51:54.5989117Z info: AxiomAudit.lean:9:0: 'ASGinzburg.ZAlgebra.ASResolution.dualComplex' depends on axioms: [propext, Classical.choice, Quot.sound]
2026-10-08T23:51:54.5990105Z info: AxiomAudit.lean:10:0: 'ASGinzburg.ZAlgebra.ASResolution.dualComplexEvaluationIso' depends on axioms: [propext, Classical.choice, Quot.sound]
2026-10-08T23:51:54.5991318Z info: AxiomAudit.lean:11:0: 'ASGinzburg.ZAlgebra.ASResolution.dualComplex_exactAt_low' depends on axioms: [propext, Classical.choice, Quot.sound]
2026-10-08T23:51:54.5992144Z info: AxiomAudit.lean:12:0: 'ASGinzburg.cardinal_sum_one_other_zero' depends on axioms: [propext, Classical.choice, Quot.sound]
2026-10-08T23:51:54.5992921Z info: AxiomAudit.lean:13:0: 'ASGinzburg.ZAlgebra.ASRegular.extRank_other_zero' depends on axioms: [propext, Classical.choice, Quot.sound]
2026-10-08T23:51:54.5993736Z info: AxiomAudit.lean:14:0: 'ASGinzburg.ZAlgebra.ASRegular.ext_other_eq_zero' depends on axioms: [propext, Classical.choice, Quot.sound]
2026-10-08T23:51:54.5994570Z info: AxiomAudit.lean:15:0: 'ASGinzburg.ZAlgebra.ASRegular.ext_finrank' depends on axioms: [propext, Classical.choice, Quot.sound]
2026-10-08T23:51:54.5995415Z info: AxiomAudit.lean:16:0: 'ASGinzburg.ZAlgebra.ASResolution.homologyExtThreeEquiv' depends on axioms: [propext, Classical.choice, Quot.sound]
2026-10-08T23:51:54.5996282Z info: AxiomAudit.lean:17:0: 'ASGinzburg.ZAlgebra.ASRegular.extDimensionTable' depends on axioms: [propext, Classical.choice, Quot.sound]
2026-10-08T23:51:54.5997141Z info: AxiomAudit.lean:18:0: 'ASGinzburg.ZAlgebra.ASRegular.extDimensionTable_apply' depends on axioms: [propext, Classical.choice, Quot.sound]
2026-10-08T23:51:54.5998027Z info: AxiomAudit.lean:19:0: 'ASGinzburg.ZAlgebra.ASRegular.extDimensionTable_eq_single' depends on axioms: [propext, Classical.choice, Quot.sound]
2026-10-08T23:51:54.5999013Z info: AxiomAudit.lean:20:0: 'ASGinzburg.ZAlgebra.ASRegular.extDimensionTable_total' depends on axioms: [propext, Classical.choice, Quot.sound]
2026-10-08T23:51:54.5999822Z info: AxiomAudit.lean:21:0: 'ASGinzburg.cardinal_sum_eq_one_of_single' depends on axioms: [propext, Classical.choice, Quot.sound]
2026-10-08T23:51:54.6000832Z info: AxiomAudit.lean:22:0: 'ASGinzburg.ZAlgebra.asExtTotalRank_eq_one_of_finrank' depends on axioms: [propext, Classical.choice, Quot.sound]
2026-10-08T23:51:54.6001649Z info: AxiomAudit.lean:23:0: 'ASGinzburg.ZAlgebra.asRegular_iff_ext_finrank' depends on axioms: [propext, Classical.choice, Quot.sound]
2026-10-08T23:51:54.6002506Z info: AxiomAudit.lean:24:0: 'ASGinzburg.ZAlgebra.ASResolution.asDualityExtThreeEquiv' depends on axioms: [propext, Classical.choice, Quot.sound]
2026-10-08T23:51:54.6003363Z info: AxiomAudit.lean:25:0: 'ASGinzburg.ZAlgebra.ASRegular.extThreeEquiv' depends on axioms: [propext, Classical.choice, Quot.sound]
2026-10-08T23:51:54.6004179Z info: AxiomAudit.lean:26:0: 'ASGinzburg.ZAlgebra.ASRegular.extThree_finrank' depends on axioms: [propext, Classical.choice, Quot.sound]
2026-10-08T23:51:54.6004977Z info: AxiomAudit.lean:27:0: 'ASGinzburg.ZAlgebra.ASRegular.extThree_rank' depends on axioms: [propext, Classical.choice, Quot.sound]
2026-10-08T23:51:54.6005827Z info: AxiomAudit.lean:28:0: 'ASGinzburg.ZAlgebra.ASResolution.homComplex_isZero_ge_four' depends on axioms: [propext, Classical.choice, Quot.sound]
2026-10-08T23:51:54.6006699Z info: AxiomAudit.lean:29:0: 'ASGinzburg.ZAlgebra.ASResolution.homComplex_tau_representable_low_terms_isZero' depends on axioms: [propext,
2026-10-08T23:51:54.6007243Z  Classical.choice,
2026-10-08T23:51:54.6007421Z  Quot.sound]
2026-10-08T23:51:54.6007923Z info: AxiomAudit.lean:30:0: 'ASGinzburg.ZAlgebra.ASResolution.homComplex_tau_representable_top_homologyLinearEquiv' depends on axioms: [propext,
2026-10-08T23:51:54.6014313Z  Classical.choice,
2026-10-08T23:51:54.6014510Z  Quot.sound]
2026-10-08T23:51:54.6015016Z info: AxiomAudit.lean:31:0: 'ASGinzburg.ZAlgebra.ASResolution.homComplex_tau_representable_low_homology_isZero' depends on axioms: [propext,
2026-10-08T23:51:54.6015566Z  Classical.choice,
2026-10-08T23:51:54.6015743Z  Quot.sound]
2026-10-08T23:51:54.6016218Z info: AxiomAudit.lean:32:0: 'ASGinzburg.ZAlgebra.ASResolution.homComplex_tau_representable_high_homology_isZero' depends on axioms: [propext,
2026-10-08T23:51:54.6016928Z  Classical.choice,
2026-10-08T23:51:54.6017110Z  Quot.sound]
2026-10-08T23:51:54.6017617Z info: AxiomAudit.lean:33:0: 'ASGinzburg.ZAlgebra.ASResolution.homComplex_tau_representable_top_homology_finrank' depends on axioms: [propext,
2026-10-08T23:51:54.6018164Z  Classical.choice,
2026-10-08T23:51:54.6018337Z  Quot.sound]
2026-10-08T23:51:54.6018953Z info: AxiomAudit.lean:34:0: 'ASGinzburg.CutQuiver.tau_incomingSource_height_gt' depends on axioms: [propext, Classical.choice, Quot.sound]
2026-10-08T23:51:54.6020089Z info: AxiomAudit.lean:35:0: 'ASGinzburg.ZAlgebra.asDualityHomTerm₀_zero' depends on axioms: [propext, Classical.choice, Quot.sound]
2026-10-08T23:51:54.6020997Z info: AxiomAudit.lean:36:0: 'ASGinzburg.ZAlgebra.asDualityHomTerm₁_zero' depends on axioms: [propext, Classical.choice, Quot.sound]
2026-10-08T23:51:54.6021879Z info: AxiomAudit.lean:37:0: 'ASGinzburg.ZAlgebra.asDualityHomTerm₂_zero' depends on axioms: [propext, Classical.choice, Quot.sound]
2026-10-08T23:51:54.6022780Z info: AxiomAudit.lean:38:0: 'ASGinzburg.ZAlgebra.asDualityHomTerm₃Equiv' depends on axioms: [propext, Classical.choice, Quot.sound]
2026-10-08T23:51:54.6023599Z info: AxiomAudit.lean:39:0: 'ASGinzburg.ZAlgebra.leftModule_isZero_of_components' depends on axioms: [propext, Classical.choice, Quot.sound]
2026-10-08T23:51:54.6024447Z info: AxiomAudit.lean:40:0: 'ASGinzburg.ZAlgebra.leftModuleIsoOfSingleSupport' depends on axioms: [propext, Classical.choice, Quot.sound]
2026-10-08T23:51:54.6025304Z info: AxiomAudit.lean:41:0: 'ASGinzburg.ZAlgebra.ASRegular.extLeft_off_degree_three' depends on axioms: [propext, Classical.choice, Quot.sound]
2026-10-08T23:51:54.6026160Z info: AxiomAudit.lean:42:0: 'ASGinzburg.ZAlgebra.ASRegular.extLeftThree_off_vertex' depends on axioms: [propext, Classical.choice, Quot.sound]
2026-10-08T23:51:54.6027029Z info: AxiomAudit.lean:43:0: 'ASGinzburg.ZAlgebra.ASRegular.extLeftThreeIsoSimple' depends on axioms: [propext, Classical.choice, Quot.sound]
2026-10-08T23:51:54.6027958Z info: AxiomAudit.lean:44:0: 'ASGinzburg.ZAlgebra.ASRegular.extLeftThree_positive_action_zero' depends on axioms: [propext,
2026-10-08T23:51:54.6028470Z  Classical.choice,
2026-10-08T23:51:54.6030043Z  Quot.sound]
2026-10-08T23:51:54.6030519Z info: AxiomAudit.lean:45:0: 'ASGinzburg.directSumSingleSupportLinearEquiv' depends on axioms: [propext, Classical.choice, Quot.sound]
2026-10-08T23:51:54.6031338Z info: AxiomAudit.lean:46:0: 'ASGinzburg.ZAlgebra.rightRegularCoproduct' depends on axioms: [propext, Classical.choice, Quot.sound]
2026-10-08T23:51:54.6032186Z info: AxiomAudit.lean:47:0: 'ASGinzburg.ZAlgebra.rightRegularCoproductComponentIso' depends on axioms: [propext, Classical.choice, Quot.sound]
2026-10-08T23:51:54.6033029Z info: AxiomAudit.lean:48:0: 'ASGinzburg.ZAlgebra.leftModuleTotalSpace' depends on axioms: [propext, Classical.choice, Quot.sound]
2026-10-08T23:51:54.6033806Z info: AxiomAudit.lean:49:0: 'ASGinzburg.ZAlgebra.leftModuleTotalIso' depends on axioms: [propext, Classical.choice, Quot.sound]
2026-10-08T23:51:54.6034599Z info: AxiomAudit.lean:50:0: 'ASGinzburg.ZAlgebra.ASResolution.extRegularCoproductLinearEquiv' depends on axioms: [propext,
2026-10-08T23:51:54.6035112Z  Classical.choice,
2026-10-08T23:51:54.6035288Z  Quot.sound]
2026-10-08T23:51:54.6035783Z info: AxiomAudit.lean:51:0: 'ASGinzburg.ZAlgebra.leftModuleTotalSpace_eq_zero_of_isZero' depends on axioms: [propext, Classical.choice, Quot.sound]
2026-10-08T23:51:54.6036641Z info: AxiomAudit.lean:52:0: 'ASGinzburg.ZAlgebra.simpleLeftModuleTotalEquiv' depends on axioms: [propext, Classical.choice, Quot.sound]
2026-10-08T23:51:54.6037452Z info: AxiomAudit.lean:53:0: 'ASGinzburg.ZAlgebra.ASRegular.extRegularCoproduct_off_three_eq_zero' depends on axioms: [propext,
2026-10-08T23:51:54.6037958Z  Classical.choice,
2026-10-08T23:51:54.6038131Z  Quot.sound]
2026-10-08T23:51:54.6038796Z info: AxiomAudit.lean:54:0: 'ASGinzburg.ZAlgebra.ASRegular.extRegularCoproductThreeEquiv' depends on axioms: [propext, Classical.choice, Quot.sound]
2026-10-08T23:51:54.6039774Z info: AxiomAudit.lean:55:0: 'ASGinzburg.ZAlgebra.ASRegular.extRegularCoproductThree_finrank' depends on axioms: [propext,
2026-10-08T23:51:54.6040285Z  Classical.choice,
2026-10-08T23:51:54.6040458Z  Quot.sound]
2026-10-08T23:51:54.6040916Z info: AxiomAudit.lean:56:0: 'ASGinzburg.ZAlgebra.ASRegular.extRegularCoproductThreeScalarEquiv' depends on axioms: [propext,
2026-10-08T23:51:54.6041431Z  Classical.choice,
2026-10-08T23:51:54.6041603Z  Quot.sound]
2026-10-08T23:51:54.6042109Z info: AxiomAudit.lean:57:0: 'ASGinzburg.ZAlgebra.ASRegular.extRegularCoproductFinite' depends on axioms: [propext, Classical.choice, Quot.sound]
2026-10-08T23:51:54.6043009Z info: AxiomAudit.lean:58:0: 'ASGinzburg.ZAlgebra.ASRegular.extRegularCoproduct_finrank' depends on axioms: [propext, Classical.choice, Quot.sound]
2026-10-08T23:51:54.6043894Z info: AxiomAudit.lean:59:0: 'ASGinzburg.ZAlgebra.ASResolution.dualTopProjection' depends on axioms: [propext, Classical.choice, Quot.sound]
2026-10-08T23:51:54.6044778Z info: AxiomAudit.lean:60:0: 'ASGinzburg.ZAlgebra.ASResolution.dualTopProjectionEpi' depends on axioms: [propext, Classical.choice, Quot.sound]
2026-10-08T23:51:54.6045828Z info: AxiomAudit.lean:61:0: 'ASGinzburg.ZAlgebra.ASResolution.dualTopProjection_dual_d₃' depends on axioms: [propext, Classical.choice, Quot.sound]
2026-10-08T23:51:54.6046734Z info: AxiomAudit.lean:62:0: 'ASGinzburg.ZAlgebra.ASResolution.dualTopProjection_exact' depends on axioms: [propext, Classical.choice, Quot.sound]
2026-10-08T23:51:54.6047584Z info: AxiomAudit.lean:63:0: 'ASGinzburg.ZAlgebra.rightFiniteDimensionalProjectiveResolution' depends on axioms: [propext,
2026-10-08T23:51:54.6048095Z  Classical.choice,
2026-10-08T23:51:54.6048269Z  Quot.sound]
2026-10-08T23:51:54.6048958Z info: AxiomAudit.lean:64:0: 'ASGinzburg.ZAlgebra.rightFiniteDimensionalProjectiveResolution_finite' depends on axioms: [propext,
2026-10-08T23:51:54.6049495Z  Classical.choice,
2026-10-08T23:51:54.6049668Z  Quot.sound]
2026-10-08T23:51:54.6050272Z info: AxiomAudit.lean:65:0: 'ASGinzburg.ZAlgebra.rightFiniteDimensionalProjectiveResolution_isZero_ge_four' depends on axioms: [propext,
2026-10-08T23:51:54.6050835Z  Classical.choice,
2026-10-08T23:51:54.6051009Z  Quot.sound]
2026-10-08T23:51:54.6051453Z info: AxiomAudit.lean:66:0: 'ASGinzburg.ZAlgebra.leftFiniteDimensionalProjectiveResolution' depends on axioms: [propext,
2026-10-08T23:51:54.6051956Z  Classical.choice,
2026-10-08T23:51:54.6052129Z  Quot.sound]
2026-10-08T23:51:54.6052586Z info: AxiomAudit.lean:67:0: 'ASGinzburg.ZAlgebra.leftFiniteDimensionalProjectiveResolution_finite' depends on axioms: [propext,
2026-10-08T23:51:54.6053102Z  Classical.choice,
2026-10-08T23:51:54.6053272Z  Quot.sound]
2026-10-08T23:51:54.6053753Z info: AxiomAudit.lean:68:0: 'ASGinzburg.ZAlgebra.leftFiniteDimensionalProjectiveResolution_isZero_ge_four' depends on axioms: [propext,
2026-10-08T23:51:54.6054291Z  Classical.choice,
2026-10-08T23:51:54.6054461Z  Quot.sound]
2026-10-08T23:51:54.6054901Z info: AxiomAudit.lean:69:0: 'ASGinzburg.ZAlgebra.rightSimple_hasFiniteProjectiveResolutionLength' depends on axioms: [propext,
2026-10-08T23:51:54.6055398Z  Classical.choice,
2026-10-08T23:51:54.6055568Z  Quot.sound]
2026-10-08T23:51:54.6055997Z info: AxiomAudit.lean:70:0: 'ASGinzburg.ZAlgebra.leftSimple_hasFiniteProjectiveResolutionLength' depends on axioms: [propext,
2026-10-08T23:51:54.6056497Z  Classical.choice,
2026-10-08T23:51:54.6056669Z  Quot.sound]
2026-10-08T23:51:54.6057158Z info: AxiomAudit.lean:71:0: 'ASGinzburg.ZAlgebra.rightVertexFiltration_hasFiniteProjectiveResolutionLength' depends on axioms: [propext,
2026-10-08T23:51:54.6057701Z  Classical.choice,
2026-10-08T23:51:54.6057875Z  Quot.sound]
2026-10-08T23:51:54.6058355Z info: AxiomAudit.lean:72:0: 'ASGinzburg.ZAlgebra.leftVertexFiltration_hasFiniteProjectiveResolutionLength' depends on axioms: [propext,
2026-10-08T23:51:54.6058988Z  Classical.choice,
2026-10-08T23:51:54.6059161Z  Quot.sound]
2026-10-08T23:51:54.6059657Z info: AxiomAudit.lean:73:0: 'ASGinzburg.ZAlgebra.rightFiniteDimensional_hasFiniteProjectiveResolutionLength' depends on axioms: [propext,
2026-10-08T23:51:54.6060310Z  Classical.choice,
2026-10-08T23:51:54.6060478Z  Quot.sound]
2026-10-08T23:51:54.6060963Z info: AxiomAudit.lean:74:0: 'ASGinzburg.ZAlgebra.leftFiniteDimensional_hasFiniteProjectiveResolutionLength' depends on axioms: [propext,
2026-10-08T23:51:54.6061497Z  Classical.choice,
2026-10-08T23:51:54.6061669Z  Quot.sound]
2026-10-08T23:51:54.6062097Z info: AxiomAudit.lean:75:0: 'ASGinzburg.ZAlgebra.ASResolution.complexTermFiniteProjective' depends on axioms: [propext,
2026-10-08T23:51:54.6062584Z  Classical.choice,
2026-10-08T23:51:54.6062754Z  Quot.sound]
2026-10-08T23:51:54.6063252Z info: AxiomAudit.lean:76:0: 'ASGinzburg.ZAlgebra.ASResolution.finiteProjectiveComplex' depends on axioms: [propext, Classical.choice, Quot.sound]
2026-10-08T23:51:54.6064106Z info: AxiomAudit.lean:77:0: 'ASGinzburg.ZAlgebra.ASResolution.finiteProjectiveComplex_isZero_ge_four' depends on axioms: [propext,
2026-10-08T23:51:54.6064630Z  Classical.choice,
2026-10-08T23:51:54.6064804Z  Quot.sound]
2026-10-08T23:51:54.6065243Z info: AxiomAudit.lean:78:0: 'ASGinzburg.ZAlgebra.ASResolution.finiteProjectiveCochainComplex' depends on axioms: [propext,
2026-10-08T23:51:54.6065743Z  Classical.choice,
2026-10-08T23:51:54.6065916Z  Quot.sound]
2026-10-08T23:51:54.6066413Z info: AxiomAudit.lean:79:0: 'ASGinzburg.ZAlgebra.ASResolution.finiteProjectiveCochainComplex_isZero_outside' depends on axioms: [propext,
2026-10-08T23:51:54.6066970Z  Classical.choice,
2026-10-08T23:51:54.6067144Z  Quot.sound]
2026-10-08T23:51:54.6067619Z info: AxiomAudit.lean:80:0: 'ASGinzburg.ZAlgebra.ASResolution.boundedFiniteProjectiveCochainObject' depends on axioms: [propext,
2026-10-08T23:51:54.6068157Z  Classical.choice,
2026-10-08T23:51:54.6068334Z  Quot.sound]
2026-10-08T23:51:54.6069849Z info: AxiomAudit.lean:81:0: 'ASGinzburg.ZAlgebra.ASResolution.GeneratorIndex' does not depend on any axioms
2026-10-08T23:51:54.6070703Z info: AxiomAudit.lean:82:0: 'ASGinzburg.ZAlgebra.ASResolution.incomingGenerator' depends on axioms: [propext, Classical.choice, Quot.sound]
2026-10-08T23:51:54.6071585Z info: AxiomAudit.lean:83:0: 'ASGinzburg.ZAlgebra.ASResolution.indecomposableGenerator' depends on axioms: [propext, Classical.choice, Quot.sound]
2026-10-08T23:51:54.6072451Z info: AxiomAudit.lean:84:0: 'ASGinzburg.ZAlgebra.ASResolution.incomingMultiplication_diagonal_span' depends on axioms: [propext,
2026-10-08T23:51:54.6072971Z  Classical.choice,
2026-10-08T23:51:54.6073147Z  Quot.sound]
2026-10-08T23:51:54.6073582Z info: AxiomAudit.lean:85:0: 'ASGinzburg.ZAlgebra.ASResolution.indecomposableGenerator_span' depends on axioms: [propext,
2026-10-08T23:51:54.6074082Z  Classical.choice,
2026-10-08T23:51:54.6074258Z  Quot.sound]
2026-10-08T23:51:54.6074695Z info: AxiomAudit.lean:86:0: 'ASGinzburg.ZAlgebra.ASResolution.indecomposableGeneratorBasis' depends on axioms: [propext,
2026-10-08T23:51:54.6075192Z  Classical.choice,
2026-10-08T23:51:54.6075366Z  Quot.sound]
2026-10-08T23:51:54.6075831Z info: AxiomAudit.lean:87:0: 'ASGinzburg.ZAlgebra.ASResolution.indecomposableGeneratorBasis_apply' depends on axioms: [propext,
2026-10-08T23:51:54.6076350Z  Classical.choice,
2026-10-08T23:51:54.6076523Z  Quot.sound]
2026-10-08T23:51:54.6076961Z info: AxiomAudit.lean:88:0: 'ASGinzburg.ZAlgebra.ASResolution.incomingGenerator_decomposition' depends on axioms: [propext,
2026-10-08T23:51:54.6077469Z  Classical.choice,
2026-10-08T23:51:54.6077641Z  Quot.sound]
2026-10-08T23:51:54.6078113Z info: AxiomAudit.lean:89:0: 'ASGinzburg.ZAlgebra.representable_top_component_finrank' depends on axioms: [propext, Classical.choice, Quot.sound]
2026-10-08T23:51:54.6079319Z info: AxiomAudit.lean:90:0: 'ASGinzburg.ZAlgebra.ASResolution.indecomposables_finrank' depends on axioms: [propext, Classical.choice, Quot.sound]
2026-10-08T23:51:54.6080178Z info: AxiomAudit.lean:91:0: 'ASGinzburg.ZAlgebra.ASRegular.indecomposables_finrank' depends on axioms: [propext, Classical.choice, Quot.sound]
2026-10-08T23:51:54.6081190Z info: AxiomAudit.lean:92:0: 'ASGinzburg.ZAlgebra.ASResolution.d₁_component_surjective' depends on axioms: [propext, Classical.choice, Quot.sound]
2026-10-08T23:51:54.6082158Z info: AxiomAudit.lean:93:0: 'ASGinzburg.ZAlgebra.ASResolution.incomingElement' depends on axioms: [propext, Classical.choice, Quot.sound]
2026-10-08T23:51:54.6083023Z info: AxiomAudit.lean:94:0: 'ASGinzburg.ZAlgebra.ASResolution.incomingElement_component' depends on axioms: [propext, Classical.choice, Quot.sound]
2026-10-08T23:51:54.6084011Z info: AxiomAudit.lean:95:0: 'ASGinzburg.ZAlgebra.ASResolution.term₁ComponentIso' depends on axioms: [propext, Classical.choice, Quot.sound]
2026-10-08T23:51:54.6084986Z info: AxiomAudit.lean:96:0: 'ASGinzburg.ZAlgebra.ASResolution.term₁ComponentIso_lof_inv' depends on axioms: [propext, Classical.choice, Quot.sound]
2026-10-08T23:51:54.6085943Z info: AxiomAudit.lean:97:0: 'ASGinzburg.ZAlgebra.ASResolution.d₁_component_lof' depends on axioms: [propext, Classical.choice, Quot.sound]
2026-10-08T23:51:54.6086820Z info: AxiomAudit.lean:98:0: 'ASGinzburg.ZAlgebra.ASResolution.incomingMultiplication' depends on axioms: [propext, Classical.choice, Quot.sound]
2026-10-08T23:51:54.6087702Z info: AxiomAudit.lean:99:0: 'ASGinzburg.ZAlgebra.ASResolution.incomingMultiplication_eq' depends on axioms: [propext, Classical.choice, Quot.sound]
2026-10-08T23:51:54.6088766Z info: AxiomAudit.lean:100:0: 'ASGinzburg.ZAlgebra.ASResolution.incomingMultiplication_surjective' depends on axioms: [propext,
2026-10-08T23:51:54.6089285Z  Classical.choice,
2026-10-08T23:51:54.6089462Z  Quot.sound]
2026-10-08T23:51:54.6089915Z info: AxiomAudit.lean:101:0: 'ASGinzburg.ZAlgebra.generated_of_asResolution' depends on axioms: [propext, Classical.choice, Quot.sound]
2026-10-08T23:51:54.6090711Z info: AxiomAudit.lean:102:0: 'ASGinzburg.surjectiveQuotientImageEquiv' depends on axioms: [propext, Classical.choice, Quot.sound]
2026-10-08T23:51:54.6091531Z info: AxiomAudit.lean:103:0: 'ASGinzburg.ZAlgebra.ASResolution.indecomposablesEquiv' depends on axioms: [propext, Classical.choice, Quot.sound]
2026-10-08T23:51:54.6092553Z info: AxiomAudit.lean:104:0: 'ASGinzburg.ZAlgebra.ASResolution.leftResolutionDualComplex' depends on axioms: [propext, Classical.choice, Quot.sound]
2026-10-08T23:51:54.6093433Z info: AxiomAudit.lean:105:0: 'ASGinzburg.ZAlgebra.ASResolution.reversedRightTerm' depends on axioms: [propext, Classical.choice, Quot.sound]
2026-10-08T23:51:54.6094375Z info: AxiomAudit.lean:106:0: 'ASGinzburg.ZAlgebra.ASResolution.reversedRightDifferential' depends on axioms: [propext, Classical.choice, Quot.sound]
2026-10-08T23:51:54.6095231Z info: AxiomAudit.lean:107:0: 'ASGinzburg.ZAlgebra.ASResolution.reversedRightDifferential_sq' depends on axioms: [propext,
2026-10-08T23:51:54.6095735Z  Classical.choice,
2026-10-08T23:51:54.6095911Z  Quot.sound]
2026-10-08T23:51:54.6096413Z info: AxiomAudit.lean:108:0: 'ASGinzburg.ZAlgebra.ASResolution.reversedRightComplex' depends on axioms: [propext, Classical.choice, Quot.sound]
2026-10-08T23:51:54.6097258Z info: AxiomAudit.lean:109:0: 'ASGinzburg.ZAlgebra.ASResolution.leftResolutionBidualTermIso' depends on axioms: [propext,
2026-10-08T23:51:54.6097760Z  Classical.choice,
2026-10-08T23:51:54.6097934Z  Quot.sound]
2026-10-08T23:51:54.6098416Z info: AxiomAudit.lean:110:0: 'ASGinzburg.ZAlgebra.ASResolution.leftResolutionDualComplex_d' depends on axioms: [propext,
2026-10-08T23:51:54.6099311Z  Classical.choice,
2026-10-08T23:51:54.6111558Z  Quot.sound]
2026-10-08T23:51:54.6112067Z info: AxiomAudit.lean:111:0: 'ASGinzburg.ZAlgebra.ASResolution.leftResolutionBidualComplexIso' depends on axioms: [propext,
2026-10-08T23:51:54.6112600Z  Classical.choice,
2026-10-08T23:51:54.6112781Z  Quot.sound]
2026-10-08T23:51:54.6113236Z info: AxiomAudit.lean:112:0: 'ASGinzburg.ZAlgebra.ASResolution.reversedRightComplex_exactAt_low' depends on axioms: [propext,
2026-10-08T23:51:54.6113752Z  Classical.choice,
2026-10-08T23:51:54.6113931Z  Quot.sound]
2026-10-08T23:51:54.6114408Z info: AxiomAudit.lean:113:0: 'ASGinzburg.ZAlgebra.ASResolution.leftResolutionDualComplex_exactAt_low' depends on axioms: [propext,
2026-10-08T23:51:54.6115087Z  Classical.choice,
2026-10-08T23:51:54.6115263Z  Quot.sound]
2026-10-08T23:51:54.6115756Z info: AxiomAudit.lean:114:0: 'ASGinzburg.ZAlgebra.ASResolution.leftResolutionDualComplexEvaluationIso' depends on axioms: [propext,
2026-10-08T23:51:54.6116311Z  Classical.choice,
2026-10-08T23:51:54.6116490Z  Quot.sound]
2026-10-08T23:51:54.6116955Z info: AxiomAudit.lean:115:0: 'ASGinzburg.ZAlgebra.ASResolution.leftResolutionHomComplex_exactAt_low' depends on axioms: [propext,
2026-10-08T23:51:54.6117486Z  Classical.choice,
2026-10-08T23:51:54.6117664Z  Quot.sound]
2026-10-08T23:51:54.6118150Z info: AxiomAudit.lean:116:0: 'ASGinzburg.ZAlgebra.ASResolution.leftExt_low_eq_zero' depends on axioms: [propext, Classical.choice, Quot.sound]
2026-10-08T23:51:54.6121452Z info: AxiomAudit.lean:117:0: 'ASGinzburg.ZAlgebra.ASResolution.leftExt_ge_four_eq_zero' depends on axioms: [propext, Classical.choice, Quot.sound]
2026-10-08T23:51:54.6122274Z info: AxiomAudit.lean:118:0: 'ASGinzburg.ZAlgebra.ASResolution.leftExt_other_eq_zero' depends on axioms: [propext, Classical.choice, Quot.sound]
2026-10-08T23:51:54.6123024Z info: AxiomAudit.lean:119:0: 'ASGinzburg.ZAlgebra.leftResolutionExtTopProjection' depends on axioms: [propext, Classical.choice, Quot.sound]
2026-10-08T23:51:54.6123787Z info: AxiomAudit.lean:120:0: 'ASGinzburg.ZAlgebra.leftResolutionExtTopProjectionEpi' depends on axioms: [propext, Classical.choice, Quot.sound]
2026-10-08T23:51:54.6124751Z info: AxiomAudit.lean:121:0: 'ASGinzburg.ZAlgebra.leftResolutionExtTopProjection_dual_d₃' depends on axioms: [propext, Classical.choice, Quot.sound]
2026-10-08T23:51:54.6125546Z info: AxiomAudit.lean:122:0: 'ASGinzburg.ZAlgebra.leftResolutionExtTopProjection_exact' depends on axioms: [propext, Classical.choice, Quot.sound]
2026-10-08T23:51:54.6126330Z info: AxiomAudit.lean:123:0: 'ASGinzburg.ZAlgebra.ASResolution.leftBidualTopProjection' depends on axioms: [propext, Classical.choice, Quot.sound]
2026-10-08T23:51:54.6127260Z info: AxiomAudit.lean:124:0: 'ASGinzburg.ZAlgebra.ASResolution.leftBidualTopProjectionEpi' depends on axioms: [propext, Classical.choice, Quot.sound]
2026-10-08T23:51:54.6128000Z info: AxiomAudit.lean:125:0: 'ASGinzburg.ZAlgebra.ASResolution.leftBidualTopDifferential_comm' depends on axioms: [propext,
2026-10-08T23:51:54.6128442Z  Classical.choice,
2026-10-08T23:51:54.6128974Z  Quot.sound]
2026-10-08T23:51:54.6129375Z info: AxiomAudit.lean:126:0: 'ASGinzburg.ZAlgebra.ASResolution.leftBidualTopProjection_differential' depends on axioms: [propext,
2026-10-08T23:51:54.6129828Z  Classical.choice,
2026-10-08T23:51:54.6129981Z  Quot.sound]
2026-10-08T23:51:54.6130359Z info: AxiomAudit.lean:127:0: 'ASGinzburg.ZAlgebra.ASResolution.leftBidualTopProjection_exact' depends on axioms: [propext,
2026-10-08T23:51:54.6130791Z  Classical.choice,
2026-10-08T23:51:54.6130943Z  Quot.sound]
2026-10-08T23:51:54.6131375Z info: AxiomAudit.lean:128:0: 'ASGinzburg.ZAlgebra.ASResolution.leftExtThreeIsoSimple' depends on axioms: [propext, Classical.choice, Quot.sound]
2026-10-08T23:51:54.6132144Z info: AxiomAudit.lean:129:0: 'ASGinzburg.ZAlgebra.ASRegular.leftExtThreeIsoSimple' depends on axioms: [propext, Classical.choice, Quot.sound]
2026-10-08T23:51:54.6132878Z info: AxiomAudit.lean:130:0: 'ASGinzburg.ZAlgebra.ASRegular.leftExt_other_eq_zero' depends on axioms: [propext, Classical.choice, Quot.sound]
2026-10-08T23:51:54.6133600Z info: AxiomAudit.lean:131:0: 'ASGinzburg.ZAlgebra.ASRegular.leftExt_other_isZero' depends on axioms: [propext, Classical.choice, Quot.sound]
2026-10-08T23:51:54.6134312Z info: AxiomAudit.lean:132:0: 'ASGinzburg.ZAlgebra.ASResolution.dualComplex_d' depends on axioms: [propext, Classical.choice, Quot.sound]
2026-10-08T23:51:54.6135039Z info: AxiomAudit.lean:133:0: 'ASGinzburg.ZAlgebra.ASResolution.leftResolutionTerm' depends on axioms: [propext, Classical.choice, Quot.sound]
2026-10-08T23:51:54.6135820Z info: AxiomAudit.lean:134:0: 'ASGinzburg.ZAlgebra.ASResolution.leftResolutionDifferential' depends on axioms: [propext, Classical.choice, Quot.sound]
2026-10-08T23:51:54.6136666Z info: AxiomAudit.lean:135:0: 'ASGinzburg.ZAlgebra.ASResolution.leftResolutionDifferential_sq' depends on axioms: [propext,
2026-10-08T23:51:54.6137101Z  Classical.choice,
2026-10-08T23:51:54.6137255Z  Quot.sound]
2026-10-08T23:51:54.6137690Z info: AxiomAudit.lean:136:0: 'ASGinzburg.ZAlgebra.ASResolution.leftResolutionComplex' depends on axioms: [propext, Classical.choice, Quot.sound]
2026-10-08T23:51:54.6138411Z info: AxiomAudit.lean:137:0: 'ASGinzburg.ZAlgebra.ASResolution.leftResolutionTermProjective' depends on axioms: [propext,
2026-10-08T23:51:54.6138970Z  Classical.choice,
2026-10-08T23:51:54.6139124Z  Quot.sound]
2026-10-08T23:51:54.6139616Z info: AxiomAudit.lean:138:0: 'ASGinzburg.ZAlgebra.ASResolution.dual_d₁_mono' depends on axioms: [propext, Classical.choice, Quot.sound]
2026-10-08T23:51:54.6140493Z info: AxiomAudit.lean:139:0: 'ASGinzburg.ZAlgebra.ASResolution.leftResolutionComplex_exactAt_succ' depends on axioms: [propext,
2026-10-08T23:51:54.6140951Z  Classical.choice,
2026-10-08T23:51:54.6141105Z  Quot.sound]
2026-10-08T23:51:54.6141554Z info: AxiomAudit.lean:140:0: 'ASGinzburg.ZAlgebra.ASResolution.leftResolutionProjection' depends on axioms: [propext, Classical.choice, Quot.sound]
2026-10-08T23:51:54.6142282Z info: AxiomAudit.lean:141:0: 'ASGinzburg.ZAlgebra.ASResolution.leftResolutionProjectionEpi' depends on axioms: [propext,
2026-10-08T23:51:54.6142713Z  Classical.choice,
2026-10-08T23:51:54.6142868Z  Quot.sound]
2026-10-08T23:51:54.6143274Z info: AxiomAudit.lean:142:0: 'ASGinzburg.ZAlgebra.ASResolution.leftResolutionProjection_differential' depends on axioms: [propext,
2026-10-08T23:51:54.6143730Z  Classical.choice,
2026-10-08T23:51:54.6143883Z  Quot.sound]
2026-10-08T23:51:54.6144267Z info: AxiomAudit.lean:143:0: 'ASGinzburg.ZAlgebra.ASResolution.leftResolutionProjection_exact' depends on axioms: [propext,
2026-10-08T23:51:54.6144707Z  Classical.choice,
2026-10-08T23:51:54.6144862Z  Quot.sound]
2026-10-08T23:51:54.6145426Z info: AxiomAudit.lean:144:0: 'ASGinzburg.ZAlgebra.ASResolution.leftResolutionAugmentation' depends on axioms: [propext, Classical.choice, Quot.sound]
2026-10-08T23:51:54.6146190Z info: AxiomAudit.lean:145:0: 'ASGinzburg.ZAlgebra.ASResolution.leftResolutionAugmentationQuasiIso' depends on axioms: [propext,
2026-10-08T23:51:54.6146649Z  Classical.choice,
2026-10-08T23:51:54.6146802Z  Quot.sound]
2026-10-08T23:51:54.6147251Z info: AxiomAudit.lean:146:0: 'ASGinzburg.ZAlgebra.ASResolution.toLeftProjectiveResolution' depends on axioms: [propext, Classical.choice, Quot.sound]
2026-10-08T23:51:54.6148007Z info: AxiomAudit.lean:147:0: 'ASGinzburg.ZAlgebra.ASResolution.leftResolutionTermFiniteProjective' depends on axioms: [propext,
2026-10-08T23:51:54.6148461Z  Classical.choice,
2026-10-08T23:51:54.6148870Z  Quot.sound]
2026-10-08T23:51:54.6149262Z info: AxiomAudit.lean:148:0: 'ASGinzburg.ZAlgebra.ASResolution.leftResolutionComplex_isZero_ge_four' depends on axioms: [propext,
2026-10-08T23:51:54.6149715Z  Classical.choice,
2026-10-08T23:51:54.6149871Z  Quot.sound]
2026-10-08T23:51:54.6150247Z info: AxiomAudit.lean:149:0: 'ASGinzburg.ZAlgebra.ASRegular.leftSimpleProjectiveResolution' depends on axioms: [propext,
2026-10-08T23:51:54.6150679Z  Classical.choice,
2026-10-08T23:51:54.6150834Z  Quot.sound]
2026-10-08T23:51:54.6151299Z info: AxiomAudit.lean:150:0: 'ASGinzburg.ZAlgebra.ASResolution.d₁_component_ker_le_radical' depends on axioms: [propext,
2026-10-08T23:51:54.6151716Z  Classical.choice,
2026-10-08T23:51:54.6151878Z  Quot.sound]
2026-10-08T23:51:54.6152402Z info: AxiomAudit.lean:151:0: 'ASGinzburg.ZAlgebra.ASResolution.d₁_component_eq_zero_of_ge' depends on axioms: [propext, Classical.choice, Quot.sound]
2026-10-08T23:51:54.6153232Z info: AxiomAudit.lean:152:0: 'ASGinzburg.ZAlgebra.ASResolution.d₁_component_action' depends on axioms: [propext, Classical.choice, Quot.sound]
2026-10-08T23:51:54.6154039Z info: AxiomAudit.lean:153:0: 'ASGinzburg.ZAlgebra.ASResolution.d₁_radical_image' depends on axioms: [propext, Classical.choice, Quot.sound]
2026-10-08T23:51:54.6154758Z info: AxiomAudit.lean:154:0: 'ASGinzburg.CutQuiver.UnrolledPath' does not depend on any axioms
2026-10-08T23:51:54.6155259Z info: AxiomAudit.lean:155:0: 'ASGinzburg.CutQuiver.UnrolledPath.comp' does not depend on any axioms
2026-10-08T23:51:54.6155780Z info: AxiomAudit.lean:156:0: 'ASGinzburg.CutQuiver.UnrolledPath.comp_nil' does not depend on any axioms
2026-10-08T23:51:54.6156314Z info: AxiomAudit.lean:157:0: 'ASGinzburg.CutQuiver.UnrolledPath.nil_comp' depends on axioms: [propext]
2026-10-08T23:51:54.6156847Z info: AxiomAudit.lean:158:0: 'ASGinzburg.CutQuiver.UnrolledPath.comp_assoc' depends on axioms: [propext]
2026-10-08T23:51:54.6157461Z info: AxiomAudit.lean:159:0: 'ASGinzburg.ZAlgebra.unrolledPathEvaluation' depends on axioms: [propext, Classical.choice, Quot.sound]
2026-10-08T23:51:54.6158164Z info: AxiomAudit.lean:160:0: 'ASGinzburg.ZAlgebra.unrolledPathEvaluation_comp' depends on axioms: [propext, Classical.choice, Quot.sound]
2026-10-08T23:51:54.6159037Z info: AxiomAudit.lean:161:0: 'ASGinzburg.ZAlgebra.unrolledPathLinearEvaluation' depends on axioms: [propext, Classical.choice, Quot.sound]
2026-10-08T23:51:54.6159855Z info: AxiomAudit.lean:162:0: 'ASGinzburg.ZAlgebra.unrolledPathLinearEvaluation_single' depends on axioms: [propext, Classical.choice, Quot.sound]
2026-10-08T23:51:54.6160735Z info: AxiomAudit.lean:163:0: 'ASGinzburg.ZAlgebra.unrolledPathLinearEvaluation_snoc' depends on axioms: [propext, Classical.choice, Quot.sound]
2026-10-08T23:51:54.6161639Z info: AxiomAudit.lean:164:0: 'ASGinzburg.ZAlgebra.unrolledPathLinearEvaluation_surjective' depends on axioms: [propext, Classical.choice, Quot.sound]
2026-10-08T23:51:54.6162504Z info: AxiomAudit.lean:165:0: 'ASGinzburg.ZAlgebra.ASRegular.nakayamaWindowSystem' depends on axioms: [propext, Classical.choice, Quot.sound]
2026-10-08T23:51:54.6163371Z info: AxiomAudit.lean:166:0: 'ASGinzburg.ZAlgebra.ASRegular.negativePeriodIso' depends on axioms: [propext, Classical.choice, Quot.sound]
2026-10-08T23:51:54.6164227Z info: AxiomAudit.lean:167:0: 'ASGinzburg.ZAlgebra.ASRegular.isPeriodic_negative' depends on axioms: [propext, Classical.choice, Quot.sound]
2026-10-08T23:51:54.6164925Z info: AxiomAudit.lean:168:0: 'ASGinzburg.ZAlgebra.ASRegular.periodIso' depends on axioms: [propext, Classical.choice, Quot.sound]
2026-10-08T23:51:54.6165596Z info: AxiomAudit.lean:169:0: 'ASGinzburg.ZAlgebra.ASRegular.isPeriodic' depends on axioms: [propext, Classical.choice, Quot.sound]
2026-10-08T23:51:54.6166269Z info: AxiomAudit.lean:170:0: 'ASGinzburg.ZAlgebra.unrolledPathPresentation_kernel_le_arrow_square' depends on axioms: [propext,
2026-10-08T23:51:54.6166706Z  Classical.choice,
2026-10-08T23:51:54.6166863Z  Quot.sound]
2026-10-08T23:51:54.6167281Z info: AxiomAudit.lean:171:0: 'ASGinzburg.ZAlgebra.ASRegular.unrolledPathPresentation_kernel_le_arrow_square' depends on axioms: [propext,
2026-10-08T23:51:54.6167748Z  Classical.choice,
2026-10-08T23:51:54.6167905Z  Quot.sound]
2026-10-08T23:51:54.6168318Z info: AxiomAudit.lean:172:0: 'ASGinzburg.ZAlgebra.MinimalPathPresentation' depends on axioms: [propext, Classical.choice, Quot.sound]
2026-10-08T23:51:54.6169287Z info: AxiomAudit.lean:173:0: 'ASGinzburg.ZAlgebra.ASRegular.minimalPathPresentation' depends on axioms: [propext, Classical.choice, Quot.sound]
2026-10-08T23:51:54.6169989Z info: AxiomAudit.lean:174:0: 'ASGinzburg.ZAlgebra.ASRegular.exists_minimalPathPresentation' depends on axioms: [propext,
2026-10-08T23:51:54.6170411Z  Classical.choice,
2026-10-08T23:51:54.6170565Z  Quot.sound]
2026-10-08T23:51:54.6170995Z info: AxiomAudit.lean:175:0: 'ASGinzburg.ZAlgebra.ASRegular.presentationQuotientIso' depends on axioms: [propext, Classical.choice, Quot.sound]
2026-10-08T23:51:54.6171707Z info: AxiomAudit.lean:176:0: 'ASGinzburg.ZAlgebra.ASRegular.presentationQuotientIso_apply_mk' depends on axioms: [propext,
2026-10-08T23:51:54.6172135Z  Classical.choice,
2026-10-08T23:51:54.6172288Z  Quot.sound]
2026-10-08T23:51:54.6172715Z info: AxiomAudit.lean:177:0: 'ASGinzburg.CutQuiver.unrolledPathIdeal_diagonal_eq_bot' depends on axioms: [propext, Classical.choice, Quot.sound]
2026-10-08T23:51:54.6173560Z info: AxiomAudit.lean:178:0: 'ASGinzburg.CutQuiver.ideal_diagonal_eq_bot_of_le_arrow_square' depends on axioms: [propext,
2026-10-08T23:51:54.6173963Z  Classical.choice,
2026-10-08T23:51:54.6174116Z  Quot.sound]
2026-10-08T23:51:54.6174485Z info: AxiomAudit.lean:179:0: 'ASGinzburg.ZAlgebra.asExtTotalRank' depends on axioms: [propext, Classical.choice, Quot.sound]
2026-10-08T23:51:54.6175112Z info: AxiomAudit.lean:180:0: 'ASGinzburg.ZAlgebra.ASRegular' depends on axioms: [propext, Classical.choice, Quot.sound]
2026-10-08T23:51:54.6175756Z info: AxiomAudit.lean:181:0: 'ASGinzburg.ZAlgebra.ASRegular.resolution' depends on axioms: [propext, Classical.choice, Quot.sound]
2026-10-08T23:51:54.6176472Z info: AxiomAudit.lean:182:0: 'ASGinzburg.ZAlgebra.ASRegular.projectiveResolution' depends on axioms: [propext, Classical.choice, Quot.sound]
2026-10-08T23:51:54.6177186Z info: AxiomAudit.lean:183:0: 'ASGinzburg.ZAlgebra.ASRegular.projectiveResolution_isZero_ge_four' depends on axioms: [propext,
2026-10-08T23:51:54.6177623Z  Classical.choice,
2026-10-08T23:51:54.6177780Z  Quot.sound]
2026-10-08T23:51:54.6178153Z info: AxiomAudit.lean:184:0: 'ASGinzburg.ZAlgebra.asExtRank_le_total' depends on axioms: [propext, Classical.choice, Quot.sound]
2026-10-08T23:51:54.6178959Z info: AxiomAudit.lean:185:0: 'ASGinzburg.ZAlgebra.ASRegular.extRank_le_one' depends on axioms: [propext, Classical.choice, Quot.sound]
2026-10-08T23:51:54.6179751Z info: AxiomAudit.lean:186:0: 'ASGinzburg.ZAlgebra.ASRegular.extFinite' depends on axioms: [propext, Classical.choice, Quot.sound]
2026-10-08T23:51:54.6180554Z info: AxiomAudit.lean:187:0: 'ASGinzburg.ZAlgebra.ASRegular.extFinrank_le_one' depends on axioms: [propext, Classical.choice, Quot.sound]
2026-10-08T23:51:54.6181345Z info: AxiomAudit.lean:188:0: 'ASGinzburg.ZAlgebra.asExtRank_zero_iff' depends on axioms: [propext, Classical.choice, Quot.sound]
2026-10-08T23:51:54.6182124Z info: AxiomAudit.lean:189:0: 'ASGinzburg.CutQuiver.incomingArrows' does not depend on any axioms
2026-10-08T23:51:54.6182700Z info: AxiomAudit.lean:190:0: 'ASGinzburg.CutQuiver.outgoingArrows' does not depend on any axioms
2026-10-08T23:51:54.6183396Z info: AxiomAudit.lean:191:0: 'ASGinzburg.CutQuiver.incomingArrowsFintype' depends on axioms: [propext, Classical.choice, Quot.sound]
2026-10-08T23:51:54.6184209Z info: AxiomAudit.lean:192:0: 'ASGinzburg.CutQuiver.outgoingArrowsFintype' depends on axioms: [propext, Classical.choice, Quot.sound]
2026-10-08T23:51:54.6184895Z info: AxiomAudit.lean:193:0: 'ASGinzburg.CutQuiver.incomingSource' does not depend on any axioms
2026-10-08T23:51:54.6185464Z info: AxiomAudit.lean:194:0: 'ASGinzburg.CutQuiver.outgoingTarget' does not depend on any axioms
2026-10-08T23:51:54.6186056Z info: AxiomAudit.lean:195:0: 'ASGinzburg.CutQuiver.incoming_liftedTarget' depends on axioms: [propext]
2026-10-08T23:51:54.6186669Z info: AxiomAudit.lean:196:0: 'ASGinzburg.CutQuiver.outgoing_liftedSource' does not depend on any axioms
2026-10-08T23:51:54.6187389Z info: AxiomAudit.lean:197:0: 'ASGinzburg.CutQuiver.incomingSource_height_lt' depends on axioms: [propext, Classical.choice, Quot.sound]
2026-10-08T23:51:54.6188201Z info: AxiomAudit.lean:198:0: 'ASGinzburg.CutQuiver.outgoingTarget_height_gt' depends on axioms: [propext, Classical.choice, Quot.sound]
2026-10-08T23:51:54.6189253Z info: AxiomAudit.lean:199:0: 'ASGinzburg.ZAlgebra.rightModule_coproduct_projective' depends on axioms: [propext, Classical.choice, Quot.sound]
2026-10-08T23:51:54.6190184Z info: AxiomAudit.lean:200:0: 'ASGinzburg.ZAlgebra.asResolutionTerm₁' depends on axioms: [propext, Classical.choice, Quot.sound]
2026-10-08T23:51:54.6191054Z info: AxiomAudit.lean:201:0: 'ASGinzburg.ZAlgebra.asResolutionTerm₂' depends on axioms: [propext, Classical.choice, Quot.sound]
2026-10-08T23:51:54.6191963Z info: AxiomAudit.lean:202:0: 'ASGinzburg.ZAlgebra.asResolutionTerm₁Projective' depends on axioms: [propext, Classical.choice, Quot.sound]
2026-10-08T23:51:54.6193020Z info: AxiomAudit.lean:203:0: 'ASGinzburg.ZAlgebra.asResolutionTerm₂Projective' depends on axioms: [propext, Classical.choice, Quot.sound]
2026-10-08T23:51:54.6193781Z info: AxiomAudit.lean:204:0: 'ASGinzburg.ZAlgebra.ASResolution' depends on axioms: [propext, Classical.choice, Quot.sound]
2026-10-08T23:51:54.6194594Z info: AxiomAudit.lean:205:0: 'ASGinzburg.ZAlgebra.ASResolution.hom_d₁_simple_zero' depends on axioms: [propext, Classical.choice, Quot.sound]
2026-10-08T23:51:54.6195388Z info: AxiomAudit.lean:206:0: 'ASGinzburg.ZAlgebra.ASResolution.hom_d₂_simple_zero' depends on axioms: [propext, Classical.choice, Quot.sound]
2026-10-08T23:51:54.6196179Z info: AxiomAudit.lean:207:0: 'ASGinzburg.ZAlgebra.ASResolution.hom_d₃_simple_zero' depends on axioms: [propext, Classical.choice, Quot.sound]
2026-10-08T23:51:54.6196890Z info: AxiomAudit.lean:208:0: 'ASGinzburg.ZAlgebra.ASResolution.complexTerm' depends on axioms: [propext, Classical.choice, Quot.sound]
2026-10-08T23:51:54.6197630Z info: AxiomAudit.lean:209:0: 'ASGinzburg.ZAlgebra.ASResolution.complexDifferential' depends on axioms: [propext, Classical.choice, Quot.sound]
2026-10-08T23:51:54.6198395Z info: AxiomAudit.lean:210:0: 'ASGinzburg.ZAlgebra.ASResolution.complexDifferential_sq' depends on axioms: [propext, Classical.choice, Quot.sound]
2026-10-08T23:51:54.6199264Z info: AxiomAudit.lean:211:0: 'ASGinzburg.ZAlgebra.ASResolution.complex' depends on axioms: [propext, Classical.choice, Quot.sound]
2026-10-08T23:51:54.6199986Z info: AxiomAudit.lean:212:0: 'ASGinzburg.ZAlgebra.ASResolution.complexTermProjective' depends on axioms: [propext, Classical.choice, Quot.sound]
2026-10-08T23:51:54.6200739Z info: AxiomAudit.lean:213:0: 'ASGinzburg.ZAlgebra.ASResolution.complex_exactAt_succ' depends on axioms: [propext, Classical.choice, Quot.sound]
2026-10-08T23:51:54.6201458Z info: AxiomAudit.lean:214:0: 'ASGinzburg.ZAlgebra.ASResolution.augmentation' depends on axioms: [propext, Classical.choice, Quot.sound]
2026-10-08T23:51:54.6202304Z info: AxiomAudit.lean:215:0: 'ASGinzburg.ZAlgebra.ASResolution.augmentationQuasiIso' depends on axioms: [propext, Classical.choice, Quot.sound]
2026-10-08T23:51:54.6203068Z info: AxiomAudit.lean:216:0: 'ASGinzburg.ZAlgebra.ASResolution.toProjectiveResolution' depends on axioms: [propext, Classical.choice, Quot.sound]
2026-10-08T23:51:54.6203823Z info: AxiomAudit.lean:217:0: 'ASGinzburg.ZAlgebra.ASResolution.complex_isZero_ge_four' depends on axioms: [propext, Classical.choice, Quot.sound]
2026-10-08T23:51:54.6204545Z info: AxiomAudit.lean:218:0: 'ASGinzburg.ZAlgebra.ASResolution.extShiftThree' depends on axioms: [propext, Classical.choice, Quot.sound]
2026-10-08T23:51:54.6205258Z info: AxiomAudit.lean:219:0: 'ASGinzburg.ZAlgebra.ASResolution.ext_ge_four_eq_zero' depends on axioms: [propext, Classical.choice, Quot.sound]
2026-10-08T23:51:54.6205982Z info: AxiomAudit.lean:220:0: 'ASGinzburg.ZAlgebra.ASResolution.ext_ge_four_rank_zero' depends on axioms: [propext, Classical.choice, Quot.sound]
2026-10-08T23:51:54.6206745Z info: AxiomAudit.lean:221:0: 'ASGinzburg.ZAlgebra.rightModuleExtZeroPreservesColimits' depends on axioms: [propext, Classical.choice, Quot.sound]
2026-10-08T23:51:54.6207526Z info: AxiomAudit.lean:222:0: 'ASGinzburg.ZAlgebra.rightModuleExtSuccPreservesColimits' depends on axioms: [propext, Classical.choice, Quot.sound]
2026-10-08T23:51:54.6208266Z info: AxiomAudit.lean:223:0: 'ASGinzburg.ZAlgebra.ASResolution.secondSyzygyHomPreservesColimits' depends on axioms: [propext,
2026-10-08T23:51:54.6208910Z  Classical.choice,
2026-10-08T23:51:54.6209065Z  Quot.sound]
2026-10-08T23:51:54.6209457Z info: AxiomAudit.lean:224:0: 'ASGinzburg.ZAlgebra.ASResolution.firstSyzygyHomPreservesColimits' depends on axioms: [propext,
2026-10-08T23:51:54.6209899Z  Classical.choice,
2026-10-08T23:51:54.6210053Z  Quot.sound]
2026-10-08T23:51:54.6210507Z info: AxiomAudit.lean:225:0: 'ASGinzburg.ZAlgebra.ASResolution.simpleHomPreservesColimits' depends on axioms: [propext, Classical.choice, Quot.sound]
2026-10-08T23:51:54.6211378Z info: AxiomAudit.lean:226:0: 'ASGinzburg.ZAlgebra.ASResolution.secondSyzygyExtOnePreservesColimits' depends on axioms: [propext,
2026-10-08T23:51:54.6211835Z  Classical.choice,
2026-10-08T23:51:54.6211985Z  Quot.sound]
2026-10-08T23:51:54.6212384Z info: AxiomAudit.lean:227:0: 'ASGinzburg.ZAlgebra.ASResolution.firstSyzygyExtOnePreservesColimits' depends on axioms: [propext,
2026-10-08T23:51:54.6212839Z  Classical.choice,
2026-10-08T23:51:54.6212989Z  Quot.sound]
2026-10-08T23:51:54.6213370Z info: AxiomAudit.lean:228:0: 'ASGinzburg.ZAlgebra.ASResolution.simpleExtOnePreservesColimits' depends on axioms: [propext,
2026-10-08T23:51:54.6213805Z  Classical.choice,
2026-10-08T23:51:54.6213954Z  Quot.sound]
2026-10-08T23:51:54.6214332Z info: AxiomAudit.lean:229:0: 'ASGinzburg.ZAlgebra.ASResolution.simpleExtTwoPreservesColimits' depends on axioms: [propext,
2026-10-08T23:51:54.6214764Z  Classical.choice,
2026-10-08T23:51:54.6214912Z  Quot.sound]
2026-10-08T23:51:54.6215304Z info: AxiomAudit.lean:230:0: 'ASGinzburg.ZAlgebra.ASResolution.simpleExtThreePreservesColimits' depends on axioms: [propext,
2026-10-08T23:51:54.6215745Z  Classical.choice,
2026-10-08T23:51:54.6215894Z  Quot.sound]
2026-10-08T23:51:54.6216271Z info: AxiomAudit.lean:231:0: 'ASGinzburg.ZAlgebra.ASResolution.simpleHigherExtFunctorIsZero' depends on axioms: [propext,
2026-10-08T23:51:54.6216706Z  Classical.choice,
2026-10-08T23:51:54.6216855Z  Quot.sound]
2026-10-08T23:51:54.6217243Z info: AxiomAudit.lean:232:0: 'ASGinzburg.ZAlgebra.ASResolution.simpleExtPreservesExactColimits' depends on axioms: [propext,
2026-10-08T23:51:54.6217682Z  Classical.choice,
2026-10-08T23:51:54.6217833Z  Quot.sound]
2026-10-08T23:51:54.6218256Z info: AxiomAudit.lean:233:0: 'ASGinzburg.ZAlgebra.ASResolution.simpleExtColimitIso' depends on axioms: [propext, Classical.choice, Quot.sound]
2026-10-08T23:51:54.6219060Z info: AxiomAudit.lean:234:0: 'ASGinzburg.ZAlgebra.ASResolution.simpleExtPreservesCoproducts' depends on axioms: [propext,
2026-10-08T23:51:54.6219489Z  Classical.choice,
2026-10-08T23:51:54.6219751Z  Quot.sound]
2026-10-08T23:51:54.6220188Z info: AxiomAudit.lean:235:0: 'ASGinzburg.ZAlgebra.ASResolution.simpleExtCoproductIso' depends on axioms: [propext, Classical.choice, Quot.sound]
2026-10-08T23:51:54.6220920Z info: AxiomAudit.lean:236:0: 'ASGinzburg.ZAlgebra.ASResolution.simpleExtCoproductIso_inclusion_hom' depends on axioms: [propext,
2026-10-08T23:51:54.6221362Z  Classical.choice,
2026-10-08T23:51:54.6221512Z  Quot.sound]
2026-10-08T23:51:54.6221893Z info: AxiomAudit.lean:237:0: 'ASGinzburg.ZAlgebra.ASResolution.simpleExtDirectSumLinearEquiv' depends on axioms: [propext,
2026-10-08T23:51:54.6222323Z  Classical.choice,
2026-10-08T23:51:54.6222470Z  Quot.sound]
2026-10-08T23:51:54.6222910Z info: AxiomAudit.lean:238:0: 'ASGinzburg.ZAlgebra.ASResolution.simpleExtDirectSumLinearEquiv_postcomp_inclusion' depends on axioms: [propext,
2026-10-08T23:51:54.6223399Z  Classical.choice,
2026-10-08T23:51:54.6223547Z  Quot.sound]
2026-10-08T23:51:54.6223951Z info: AxiomAudit.lean:239:0: 'ASGinzburg.ZAlgebra.rightModuleExtZeroFinite' depends on axioms: [propext, Classical.choice, Quot.sound]
2026-10-08T23:51:54.6224648Z info: AxiomAudit.lean:240:0: 'ASGinzburg.ZAlgebra.rightModuleExtOneFinite' depends on axioms: [propext, Classical.choice, Quot.sound]
2026-10-08T23:51:54.6225376Z info: AxiomAudit.lean:241:0: 'ASGinzburg.ZAlgebra.ASResolution.extFinite_representable' depends on axioms: [propext, Classical.choice, Quot.sound]
2026-10-08T23:51:54.6226118Z info: AxiomAudit.lean:242:0: 'ASGinzburg.ZAlgebra.ASResolution.homDifferential' depends on axioms: [propext, Classical.choice, Quot.sound]
2026-10-08T23:51:54.6226851Z info: AxiomAudit.lean:243:0: 'ASGinzburg.ZAlgebra.ASResolution.homDifferential_sq' depends on axioms: [propext, Classical.choice, Quot.sound]
2026-10-08T23:51:54.6227571Z info: AxiomAudit.lean:244:0: 'ASGinzburg.ZAlgebra.ASResolution.homComplex' depends on axioms: [propext, Classical.choice, Quot.sound]
2026-10-08T23:51:54.6228235Z info: AxiomAudit.lean:245:0: 'ASGinzburg.ZAlgebra.ASResolution.complexDifferential_minimal' depends on axioms: [propext,
2026-10-08T23:51:54.6228921Z  Classical.choice,
2026-10-08T23:51:54.6229072Z  Quot.sound]
2026-10-08T23:51:54.6229436Z info: AxiomAudit.lean:246:0: 'ASGinzburg.ZAlgebra.ASResolution.homDifferential_simple_zero' depends on axioms: [propext,
2026-10-08T23:51:54.6229856Z  Classical.choice,
2026-10-08T23:51:54.6230009Z  Quot.sound]
2026-10-08T23:51:54.6230436Z info: AxiomAudit.lean:247:0: 'ASGinzburg.ZAlgebra.ASResolution.homComplex_simple_d_zero' depends on axioms: [propext, Classical.choice, Quot.sound]
2026-10-08T23:51:54.6231140Z info: AxiomAudit.lean:248:0: 'ASGinzburg.ZAlgebra.ASResolution.homComplex_simple_d_all_zero' depends on axioms: [propext,
2026-10-08T23:51:54.6231557Z  Classical.choice,
2026-10-08T23:51:54.6231706Z  Quot.sound]
2026-10-08T23:51:54.6232074Z info: AxiomAudit.lean:249:0: 'ASGinzburg.ZAlgebra.ASResolution.homComplex_simple_homologyIso' depends on axioms: [propext,
2026-10-08T23:51:54.6232495Z  Classical.choice,
2026-10-08T23:51:54.6232646Z  Quot.sound]
2026-10-08T23:51:54.6233050Z info: AxiomAudit.lean:250:0: 'ASGinzburg.ZAlgebra.rightModule_exact_comp_mono_iff' depends on axioms: [propext, Classical.choice, Quot.sound]
2026-10-08T23:51:54.6233756Z info: AxiomAudit.lean:251:0: 'ASGinzburg.ZAlgebra.ASResolution.firstCover' depends on axioms: [propext, Classical.choice, Quot.sound]
2026-10-08T23:51:54.6234546Z info: AxiomAudit.lean:252:0: 'ASGinzburg.ZAlgebra.ASResolution.firstCover_ι' depends on axioms: [propext, Classical.choice, Quot.sound]
2026-10-08T23:51:54.6235251Z info: AxiomAudit.lean:253:0: 'ASGinzburg.ZAlgebra.ASResolution.firstCoverEpi' depends on axioms: [propext, Classical.choice, Quot.sound]
2026-10-08T23:51:54.6236039Z info: AxiomAudit.lean:254:0: 'ASGinzburg.ZAlgebra.ASResolution.d₂_firstCover' depends on axioms: [propext, Classical.choice, Quot.sound]
2026-10-08T23:51:54.6236835Z info: AxiomAudit.lean:255:0: 'ASGinzburg.ZAlgebra.ASResolution.exact_d₂_firstCover' depends on axioms: [propext, Classical.choice, Quot.sound]
2026-10-08T23:51:54.6237663Z info: AxiomAudit.lean:256:0: 'ASGinzburg.ZAlgebra.ASResolution.secondCover' depends on axioms: [propext, Classical.choice, Quot.sound]
2026-10-08T23:51:54.6238440Z info: AxiomAudit.lean:257:0: 'ASGinzburg.ZAlgebra.ASResolution.secondCover_ι' depends on axioms: [propext, Classical.choice, Quot.sound]
2026-10-08T23:51:54.6239246Z info: AxiomAudit.lean:258:0: 'ASGinzburg.ZAlgebra.ASResolution.secondCoverEpi' depends on axioms: [propext, Classical.choice, Quot.sound]
2026-10-08T23:51:54.6240035Z info: AxiomAudit.lean:259:0: 'ASGinzburg.ZAlgebra.ASResolution.d₃_secondCover' depends on axioms: [propext, Classical.choice, Quot.sound]
2026-10-08T23:51:54.6240835Z info: AxiomAudit.lean:260:0: 'ASGinzburg.ZAlgebra.ASResolution.exact_d₃_secondCover' depends on axioms: [propext, Classical.choice, Quot.sound]
2026-10-08T23:51:54.6241632Z info: AxiomAudit.lean:261:0: 'ASGinzburg.ZAlgebra.ASResolution.shortExact₀' depends on axioms: [propext, Classical.choice, Quot.sound]
2026-10-08T23:51:54.6242426Z info: AxiomAudit.lean:262:0: 'ASGinzburg.ZAlgebra.ASResolution.shortExact₁' depends on axioms: [propext, Classical.choice, Quot.sound]
2026-10-08T23:51:54.6243206Z info: AxiomAudit.lean:263:0: 'ASGinzburg.ZAlgebra.ASResolution.shortExact₂' depends on axioms: [propext, Classical.choice, Quot.sound]
2026-10-08T23:51:54.6243918Z info: AxiomAudit.lean:264:0: 'ASGinzburg.CutQuiver.betweenSheetProjectionMap' depends on axioms: [propext, Classical.choice, Quot.sound]
2026-10-08T23:51:54.6244653Z info: AxiomAudit.lean:265:0: 'ASGinzburg.CutQuiver.betweenSheetProjectionMap_on_cut' depends on axioms: [propext, Classical.choice, Quot.sound]
2026-10-08T23:51:54.6245414Z info: AxiomAudit.lean:266:0: 'ASGinzburg.CutQuiver.betweenSheetProjectionMap_on_other_cut' depends on axioms: [propext, Classical.choice, Quot.sound]
2026-10-08T23:51:54.6246120Z info: AxiomAudit.lean:267:0: 'ASGinzburg.CutQuiver.betweenSheetProjectionMap_mem_liftIdeal' depends on axioms: [propext,
2026-10-08T23:51:54.6246648Z  Classical.choice,
2026-10-08T23:51:54.6246802Z  Quot.sound]
2026-10-08T23:51:54.6247219Z info: AxiomAudit.lean:268:0: 'ASGinzburg.CutQuiver.betweenSheetJacobianIdeal_map' depends on axioms: [propext, Classical.choice, Quot.sound]
2026-10-08T23:51:54.6247941Z info: AxiomAudit.lean:269:0: 'ASGinzburg.CutQuiver.betweenSheetLinearEquiv' depends on axioms: [propext, Classical.choice, Quot.sound]
2026-10-08T23:51:54.6248838Z info: AxiomAudit.lean:270:0: 'ASGinzburg.CutQuiver.betweenSheetLinearEquiv_symm_coe' depends on axioms: [propext, Classical.choice, Quot.sound]
2026-10-08T23:51:54.6249573Z info: AxiomAudit.lean:271:0: 'ASGinzburg.CutQuiver.betweenSheetLinearEquiv_erase' depends on axioms: [propext, Classical.choice, Quot.sound]
2026-10-08T23:51:54.6250274Z info: AxiomAudit.lean:272:0: 'ASGinzburg.CutQuiver.pathCutCompBetween' depends on axioms: [propext, Classical.choice, Quot.sound]
2026-10-08T23:51:54.6250977Z info: AxiomAudit.lean:273:0: 'ASGinzburg.CutQuiver.betweenSheetLinearEquiv_comp' depends on axioms: [propext, Classical.choice, Quot.sound]
2026-10-08T23:51:54.6251705Z info: AxiomAudit.lean:274:0: 'ASGinzburg.reverseCochainHomotopyFunctor_bounded' depends on axioms: [propext, Classical.choice, Quot.sound]
2026-10-08T23:51:54.6252421Z info: AxiomAudit.lean:275:0: 'ASGinzburg.reverseChainHomotopyFunctor_bounded' depends on axioms: [propext, Classical.choice, Quot.sound]
2026-10-08T23:51:54.6253130Z info: AxiomAudit.lean:276:0: 'ASGinzburg.boundedReverseDegreeEquivalence' depends on axioms: [propext, Classical.choice, Quot.sound]
2026-10-08T23:51:54.6253838Z info: AxiomAudit.lean:277:0: 'ASGinzburg.ZAlgebra.boundedCochainFiniteProjectiveADualEquivalence' depends on axioms: [propext,
2026-10-08T23:51:54.6254292Z  Classical.choice,
2026-10-08T23:51:54.6254443Z  Quot.sound]
2026-10-08T23:51:54.6254813Z info: AxiomAudit.lean:278:0: 'ASGinzburg.CutQuiver.potentialClasses' depends on axioms: [propext, Quot.sound]
2026-10-08T23:51:54.6256379Z info: AxiomAudit.lean:279:0: 'ASGinzburg.CutQuiver.potentialSpace' depends on axioms: [propext, Classical.choice, Quot.sound]
2026-10-08T23:51:54.6257009Z info: AxiomAudit.lean:280:0: 'ASGinzburg.CutQuiver.Potential' depends on axioms: [propext, Classical.choice, Quot.sound]
2026-10-08T23:51:54.6257666Z info: AxiomAudit.lean:281:0: 'ASGinzburg.CutQuiver.traceWord_mem_potentialSpace' depends on axioms: [propext, Classical.choice, Quot.sound]
2026-10-08T23:51:54.6258360Z info: AxiomAudit.lean:282:0: 'ASGinzburg.CutQuiver.potentialSpace_eq_span' depends on axioms: [propext, Classical.choice, Quot.sound]
2026-10-08T23:51:54.6259171Z info: AxiomAudit.lean:283:0: 'ASGinzburg.CutQuiver.cyclicCutReconstruction_potential' depends on axioms: [propext, Classical.choice, Quot.sound]
2026-10-08T23:51:54.6259856Z info: AxiomAudit.lean:284:0: 'ASGinzburg.CutQuiver.cut_cyclic_derivative_potential_identity' depends on axioms: [propext,
2026-10-08T23:51:54.6260260Z  Classical.choice,
2026-10-08T23:51:54.6260415Z  Quot.sound]
2026-10-08T23:51:54.6260780Z info: AxiomAudit.lean:285:0: 'ASGinzburg.reverseCochainComplex' depends on axioms: [propext, Classical.choice, Quot.sound]
2026-10-08T23:51:54.6261401Z info: AxiomAudit.lean:286:0: 'ASGinzburg.reverseChainComplex' depends on axioms: [propext, Classical.choice, Quot.sound]
2026-10-08T23:51:54.6262020Z info: AxiomAudit.lean:287:0: 'ASGinzburg.reverseCochainFunctor' depends on axioms: [propext, Classical.choice, Quot.sound]
2026-10-08T23:51:54.6262638Z info: AxiomAudit.lean:288:0: 'ASGinzburg.reverseChainFunctor' depends on axioms: [propext, Classical.choice, Quot.sound]
2026-10-08T23:51:54.6263254Z info: AxiomAudit.lean:289:0: 'ASGinzburg.reverseCochainUnitIso' depends on axioms: [propext, Classical.choice, Quot.sound]
2026-10-08T23:51:54.6263870Z info: AxiomAudit.lean:290:0: 'ASGinzburg.reverseChainUnitIso' depends on axioms: [propext, Classical.choice, Quot.sound]
2026-10-08T23:51:54.6264496Z info: AxiomAudit.lean:291:0: 'ASGinzburg.reverseDegreeEquivalence' depends on axioms: [propext, Classical.choice, Quot.sound]
2026-10-08T23:51:54.6265206Z info: AxiomAudit.lean:292:0: 'ASGinzburg.conjugateHom' depends on axioms: [propext, Classical.choice, Quot.sound]
2026-10-08T23:51:54.6265788Z info: AxiomAudit.lean:293:0: 'ASGinzburg.conjugateHom_apply' depends on axioms: [propext, Classical.choice, Quot.sound]
2026-10-08T23:51:54.6266380Z info: AxiomAudit.lean:294:0: 'ASGinzburg.conjugateHom_id' depends on axioms: [propext, Classical.choice, Quot.sound]
2026-10-08T23:51:54.6266964Z info: AxiomAudit.lean:295:0: 'ASGinzburg.conjugateHom_comp' depends on axioms: [propext, Classical.choice, Quot.sound]
2026-10-08T23:51:54.6267631Z info: AxiomAudit.lean:296:0: 'ASGinzburg.ZAlgebra.rightFiniteCoproduct_radical_map' depends on axioms: [propext, Classical.choice, Quot.sound]
2026-10-08T23:51:54.6268369Z info: AxiomAudit.lean:297:0: 'ASGinzburg.ZAlgebra.rightFiniteCoproductTopEquiv' depends on axioms: [propext, Classical.choice, Quot.sound]
2026-10-08T23:51:54.6269284Z info: AxiomAudit.lean:298:0: 'ASGinzburg.ZAlgebra.rightFiniteCoproductProjection' depends on axioms: [propext, Classical.choice, Quot.sound]
2026-10-08T23:51:54.6269982Z info: AxiomAudit.lean:299:0: 'ASGinzburg.ZAlgebra.rightFiniteCoproduct_inclusion_projection' depends on axioms: [propext,
2026-10-08T23:51:54.6270403Z  Classical.choice,
2026-10-08T23:51:54.6270556Z  Quot.sound]
2026-10-08T23:51:54.6270945Z info: AxiomAudit.lean:300:0: 'ASGinzburg.ZAlgebra.rightFiniteCoproduct_inclusion_projection_off' depends on axioms: [propext,
2026-10-08T23:51:54.6271371Z  Classical.choice,
2026-10-08T23:51:54.6271521Z  Quot.sound]
2026-10-08T23:51:54.6271946Z info: AxiomAudit.lean:301:0: 'ASGinzburg.ZAlgebra.rightFiniteCoproductComponentIso' depends on axioms: [propext, Classical.choice, Quot.sound]
2026-10-08T23:51:54.6272649Z info: AxiomAudit.lean:302:0: 'ASGinzburg.ZAlgebra.rightFiniteCoproductComponentIso_lof_inv' depends on axioms: [propext,
2026-10-08T23:51:54.6273072Z  Classical.choice,
2026-10-08T23:51:54.6273224Z  Quot.sound]
2026-10-08T23:51:54.6273739Z info: AxiomAudit.lean:303:0: 'ASGinzburg.ZAlgebra.rightFiniteCoproductPiEquiv' depends on axioms: [propext, Classical.choice, Quot.sound]
2026-10-08T23:51:54.6274500Z info: AxiomAudit.lean:304:0: 'ASGinzburg.ZAlgebra.rightFiniteCoproductPiEquiv_projection' depends on axioms: [propext, Classical.choice, Quot.sound]
2026-10-08T23:51:54.6275285Z info: AxiomAudit.lean:305:0: 'ASGinzburg.ZAlgebra.rightFiniteCoproductPiEquiv_single_symm' depends on axioms: [propext, Classical.choice, Quot.sound]
2026-10-08T23:51:54.6276051Z info: AxiomAudit.lean:306:0: 'ASGinzburg.ZAlgebra.rightFiniteCoproduct_radical_iff' depends on axioms: [propext, Classical.choice, Quot.sound]
2026-10-08T23:51:54.6276650Z info: AxiomAudit.lean:307:0: 'ASGinzburg.CyclicWord' depends on axioms: [propext, Quot.sound]
2026-10-08T23:51:54.6277169Z info: AxiomAudit.lean:308:0: 'ASGinzburg.WordPolynomial' depends on axioms: [propext, Classical.choice, Quot.sound]
2026-10-08T23:51:54.6277757Z info: AxiomAudit.lean:309:0: 'ASGinzburg.CyclicPolynomial' depends on axioms: [propext, Classical.choice, Quot.sound]
2026-10-08T23:51:54.6278284Z info: AxiomAudit.lean:310:0: 'ASGinzburg.wordClass' depends on axioms: [propext, Quot.sound]
2026-10-08T23:51:54.6278876Z info: AxiomAudit.lean:311:0: 'ASGinzburg.traceWord' depends on axioms: [propext, Classical.choice, Quot.sound]
2026-10-08T23:51:54.6279408Z info: AxiomAudit.lean:312:0: 'ASGinzburg.wordClass_append_swap' depends on axioms: [propext, Quot.sound]
2026-10-08T23:51:54.6279968Z info: AxiomAudit.lean:313:0: 'ASGinzburg.traceWord_append_swap' depends on axioms: [propext, Classical.choice, Quot.sound]
2026-10-08T23:51:54.6280480Z info: AxiomAudit.lean:314:0: 'ASGinzburg.wordCutDegree' does not depend on any axioms
2026-10-08T23:51:54.6280916Z info: AxiomAudit.lean:315:0: 'ASGinzburg.wordCutDegree_append' depends on axioms: [propext]
2026-10-08T23:51:54.6281386Z info: AxiomAudit.lean:316:0: 'ASGinzburg.unique_cut_split' depends on axioms: [propext, Quot.sound]
2026-10-08T23:51:54.6281924Z info: AxiomAudit.lean:317:0: 'ASGinzburg.reconstructAux' depends on axioms: [propext, Classical.choice, Quot.sound]
2026-10-08T23:51:54.6282625Z info: AxiomAudit.lean:318:0: 'ASGinzburg.reconstructAux_euler' depends on axioms: [propext, Classical.choice, Quot.sound]
2026-10-08T23:51:54.6283206Z info: AxiomAudit.lean:319:0: 'ASGinzburg.cyclicTrace' depends on axioms: [propext, Classical.choice, Quot.sound]
2026-10-08T23:51:54.6283784Z info: AxiomAudit.lean:320:0: 'ASGinzburg.cutReconstruction' depends on axioms: [propext, Classical.choice, Quot.sound]
2026-10-08T23:51:54.6284374Z info: AxiomAudit.lean:321:0: 'ASGinzburg.cut_euler_identity' depends on axioms: [propext, Classical.choice, Quot.sound]
2026-10-08T23:51:54.6284906Z info: AxiomAudit.lean:322:0: 'ASGinzburg.cut_normal_form' depends on axioms: [propext, Quot.sound]
2026-10-08T23:51:54.6285366Z info: AxiomAudit.lean:323:0: 'ASGinzburg.path_word_cutDegree' depends on axioms: [propext]
2026-10-08T23:51:54.6285783Z info: AxiomAudit.lean:324:0: 'ASGinzburg.CutQuiver' does not depend on any axioms
2026-10-08T23:51:54.6286199Z info: AxiomAudit.lean:325:0: 'ASGinzburg.CutQuiver.Arrow' does not depend on any axioms
2026-10-08T23:51:54.6286631Z info: AxiomAudit.lean:326:0: 'ASGinzburg.CutQuiver.Vertex' does not depend on any axioms
2026-10-08T23:51:54.6287076Z info: AxiomAudit.lean:327:0: 'ASGinzburg.CutQuiver.LiftVertex' does not depend on any axioms
2026-10-08T23:51:54.6287531Z info: AxiomAudit.lean:328:0: 'ASGinzburg.CutQuiver.cutDegree' does not depend on any axioms
2026-10-08T23:51:54.6287979Z info: AxiomAudit.lean:329:0: 'ASGinzburg.CutQuiver.winding' does not depend on any axioms
2026-10-08T23:51:54.6288414Z info: AxiomAudit.lean:330:0: 'ASGinzburg.CutQuiver.height' does not depend on any axioms
2026-10-08T23:51:54.6289060Z info: AxiomAudit.lean:331:0: 'ASGinzburg.CutQuiver.periodNeZero' depends on axioms: [propext, Quot.sound]
2026-10-08T23:51:54.6289641Z info: AxiomAudit.lean:332:0: 'ASGinzburg.CutQuiver.heightEquiv' depends on axioms: [propext, Classical.choice, Quot.sound]
2026-10-08T23:51:54.6290386Z info: AxiomAudit.lean:333:0: 'ASGinzburg.CutQuiver.heightEquiv_apply' depends on axioms: [propext, Classical.choice, Quot.sound]
2026-10-08T23:51:54.6291034Z info: AxiomAudit.lean:334:0: 'ASGinzburg.CutQuiver.height_bijective' depends on axioms: [propext, Classical.choice, Quot.sound]
2026-10-08T23:51:54.6291569Z info: AxiomAudit.lean:335:0: 'ASGinzburg.CutQuiver.shift' does not depend on any axioms
2026-10-08T23:51:54.6291992Z info: AxiomAudit.lean:336:0: 'ASGinzburg.CutQuiver.tau' depends on axioms: [propext]
2026-10-08T23:51:54.6292437Z info: AxiomAudit.lean:337:0: 'ASGinzburg.CutQuiver.liftedSource' does not depend on any axioms
2026-10-08T23:51:54.6292912Z info: AxiomAudit.lean:338:0: 'ASGinzburg.CutQuiver.liftedTarget' does not depend on any axioms
2026-10-08T23:51:54.6293388Z info: AxiomAudit.lean:339:0: 'ASGinzburg.CutQuiver.cutDegree_false' depends on axioms: [propext]
2026-10-08T23:51:54.6293864Z info: AxiomAudit.lean:340:0: 'ASGinzburg.CutQuiver.cutDegree_true' depends on axioms: [propext]
2026-10-08T23:51:54.6294464Z info: AxiomAudit.lean:341:0: 'ASGinzburg.CutQuiver.winding_pos' depends on axioms: [propext, Classical.choice, Quot.sound]
2026-10-08T23:51:54.6295092Z info: AxiomAudit.lean:342:0: 'ASGinzburg.CutQuiver.winding_lt_period' depends on axioms: [propext, Classical.choice, Quot.sound]
2026-10-08T23:51:54.6295645Z info: AxiomAudit.lean:343:0: 'ASGinzburg.CutQuiver.height_shift' depends on axioms: [propext]
2026-10-08T23:51:54.6296137Z info: AxiomAudit.lean:344:0: 'ASGinzburg.CutQuiver.height_tau' depends on axioms: [propext, Quot.sound]
2026-10-08T23:51:54.6296699Z info: AxiomAudit.lean:345:0: 'ASGinzburg.CutQuiver.lifted_height_difference' depends on axioms: [propext, Quot.sound]
2026-10-08T23:51:54.6297349Z info: AxiomAudit.lean:346:0: 'ASGinzburg.CutQuiver.lifted_arrow_increases_height' depends on axioms: [propext, Classical.choice, Quot.sound]
2026-10-08T23:51:54.6298046Z info: AxiomAudit.lean:347:0: 'ASGinzburg.CutQuiver.intermediate_in_interval' depends on axioms: [propext, Classical.choice, Quot.sound]
2026-10-08T23:51:54.6298803Z info: AxiomAudit.lean:348:0: 'ASGinzburg.CutQuiver.Path' does not depend on any axioms
2026-10-08T23:51:54.6299247Z info: AxiomAudit.lean:349:0: 'ASGinzburg.CutQuiver.Path.length' does not depend on any axioms
2026-10-08T23:51:54.6299720Z info: AxiomAudit.lean:350:0: 'ASGinzburg.CutQuiver.Path.cutDegree' does not depend on any axioms
2026-10-08T23:51:54.6300198Z info: AxiomAudit.lean:351:0: 'ASGinzburg.CutQuiver.Path.winding' does not depend on any axioms
2026-10-08T23:51:54.6300665Z info: AxiomAudit.lean:352:0: 'ASGinzburg.CutQuiver.Path.toList' does not depend on any axioms
2026-10-08T23:51:54.6301148Z info: AxiomAudit.lean:353:0: 'ASGinzburg.CutQuiver.Path.length_toList' depends on axioms: [propext]
2026-10-08T23:51:54.6301724Z info: AxiomAudit.lean:354:0: 'ASGinzburg.CutQuiver.Path.winding_eq' depends on axioms: [propext, Classical.choice, Quot.sound]
2026-10-08T23:51:54.6302370Z info: AxiomAudit.lean:355:0: 'ASGinzburg.CutQuiver.Path.winding_nonneg' depends on axioms: [propext, Classical.choice, Quot.sound]
2026-10-08T23:51:54.6303062Z info: AxiomAudit.lean:356:0: 'ASGinzburg.CutQuiver.Path.winding_pos_of_length_pos' depends on axioms: [propext, Classical.choice, Quot.sound]
2026-10-08T23:51:54.6303773Z info: AxiomAudit.lean:357:0: 'ASGinzburg.CutQuiver.Path.zero_cut_increases_vertex' depends on axioms: [propext, Classical.choice, Quot.sound]
2026-10-08T23:51:54.6304498Z info: AxiomAudit.lean:358:0: 'ASGinzburg.CutQuiver.Path.zero_cut_has_no_nonempty_cycle' depends on axioms: [propext, Classical.choice, Quot.sound]
2026-10-08T23:51:54.6305208Z info: AxiomAudit.lean:359:0: 'ASGinzburg.CutQuiver.Path.cut_one_cycle_winding' depends on axioms: [propext, Classical.choice, Quot.sound]
2026-10-08T23:51:54.6305838Z info: AxiomAudit.lean:360:0: 'ASGinzburg.derivativeAux' depends on axioms: [propext, Classical.choice, Quot.sound]
2026-10-08T23:51:54.6306415Z info: AxiomAudit.lean:361:0: 'ASGinzburg.derivativeWord' depends on axioms: [propext, Classical.choice, Quot.sound]
2026-10-08T23:51:54.6307114Z info: AxiomAudit.lean:362:0: 'ASGinzburg.derivativeAux_append' depends on axioms: [propext, Classical.choice, Quot.sound]
2026-10-08T23:51:54.6307744Z info: AxiomAudit.lean:363:0: 'ASGinzburg.derivativeWord_append_swap' depends on axioms: [propext, Classical.choice, Quot.sound]
2026-10-08T23:51:54.6308374Z info: AxiomAudit.lean:364:0: 'ASGinzburg.derivativeWord_rotate' depends on axioms: [propext, Classical.choice, Quot.sound]
2026-10-08T23:51:54.6309189Z info: AxiomAudit.lean:365:0: 'ASGinzburg.derivativeCyclicWord' depends on axioms: [propext, Classical.choice, Quot.sound]
2026-10-08T23:51:54.6309812Z info: AxiomAudit.lean:366:0: 'ASGinzburg.derivativeCyclicWord_mk' depends on axioms: [propext, Classical.choice, Quot.sound]
2026-10-08T23:51:54.6310423Z info: AxiomAudit.lean:367:0: 'ASGinzburg.cyclicDerivative' depends on axioms: [propext, Classical.choice, Quot.sound]
2026-10-08T23:51:54.6311004Z info: AxiomAudit.lean:368:0: 'ASGinzburg.prependTrace' depends on axioms: [propext, Classical.choice, Quot.sound]
2026-10-08T23:51:54.6311596Z info: AxiomAudit.lean:369:0: 'ASGinzburg.prependTrace_single' depends on axioms: [propext, Classical.choice, Quot.sound]
2026-10-08T23:51:54.6312226Z info: AxiomAudit.lean:370:0: 'ASGinzburg.cyclicDerivative_traceWord' depends on axioms: [propext, Classical.choice, Quot.sound]
2026-10-08T23:51:54.6312881Z info: AxiomAudit.lean:371:0: 'ASGinzburg.derivativeAux_reconstruction' depends on axioms: [propext, Classical.choice, Quot.sound]
2026-10-08T23:51:54.6313526Z info: AxiomAudit.lean:372:0: 'ASGinzburg.cyclicCutReconstruction' depends on axioms: [propext, Classical.choice, Quot.sound]
2026-10-08T23:51:54.6314065Z info: AxiomAudit.lean:373:0: 'ASGinzburg.ite_linearMap_apply' depends on axioms: [propext]
2026-10-08T23:51:54.6314632Z info: AxiomAudit.lean:374:0: 'ASGinzburg.cyclicCutReconstruction_traceWord' depends on axioms: [propext, Classical.choice, Quot.sound]
2026-10-08T23:51:54.6315330Z info: AxiomAudit.lean:375:0: 'ASGinzburg.cyclicCutReconstruction_comp_trace' depends on axioms: [propext, Classical.choice, Quot.sound]
2026-10-08T23:51:54.6316158Z info: AxiomAudit.lean:376:0: 'ASGinzburg.cut_cyclic_derivative_identity' depends on axioms: [propext, Classical.choice, Quot.sound]
2026-10-08T23:51:54.6316765Z info: AxiomAudit.lean:377:0: 'ASGinzburg.prependWord' depends on axioms: [propext, Classical.choice, Quot.sound]
2026-10-08T23:51:54.6317321Z info: AxiomAudit.lean:378:0: 'ASGinzburg.appendWord' depends on axioms: [propext, Classical.choice, Quot.sound]
2026-10-08T23:51:54.6317882Z info: AxiomAudit.lean:379:0: 'ASGinzburg.wordCommutator' depends on axioms: [propext, Classical.choice, Quot.sound]
2026-10-08T23:51:54.6318475Z info: AxiomAudit.lean:380:0: 'ASGinzburg.wordCommutator_single' depends on axioms: [propext, Classical.choice, Quot.sound]
2026-10-08T23:51:54.6319191Z info: AxiomAudit.lean:381:0: 'ASGinzburg.derivativeAux_commutator' depends on axioms: [propext, Classical.choice, Quot.sound]
2026-10-08T23:51:54.6319836Z info: AxiomAudit.lean:382:0: 'ASGinzburg.derivativeWord_commutator' depends on axioms: [propext, Classical.choice, Quot.sound]
2026-10-08T23:51:54.6320487Z info: AxiomAudit.lean:383:0: 'ASGinzburg.cyclicDerivative_commutator' depends on axioms: [propext, Classical.choice, Quot.sound]
2026-10-08T23:51:54.6321147Z info: AxiomAudit.lean:384:0: 'ASGinzburg.derivativeAux_supported_degrees' depends on axioms: [propext, Classical.choice, Quot.sound]
2026-10-08T23:51:54.6321815Z info: AxiomAudit.lean:385:0: 'ASGinzburg.derivativeWord_supported_degrees' depends on axioms: [propext, Classical.choice, Quot.sound]
2026-10-08T23:51:54.6322451Z info: AxiomAudit.lean:386:0: 'ASGinzburg.directSumDualInto' depends on axioms: [propext, Classical.choice, Quot.sound]
2026-10-08T23:51:54.6323059Z info: AxiomAudit.lean:387:0: 'ASGinzburg.directSumDualInto_lof' depends on axioms: [propext, Classical.choice, Quot.sound]
2026-10-08T23:51:54.6323689Z info: AxiomAudit.lean:388:0: 'ASGinzburg.directSumDualInto_eval_lof' depends on axioms: [propext, Classical.choice, Quot.sound]
2026-10-08T23:51:54.6324443Z info: AxiomAudit.lean:389:0: 'ASGinzburg.directSumDualInto_injective' depends on axioms: [propext, Classical.choice, Quot.sound]
2026-10-08T23:51:54.6325097Z info: AxiomAudit.lean:390:0: 'ASGinzburg.directSumDualInto_surjective' depends on axioms: [propext, Classical.choice, Quot.sound]
2026-10-08T23:51:54.6325742Z info: AxiomAudit.lean:391:0: 'ASGinzburg.directSumDualIntoEquiv' depends on axioms: [propext, Classical.choice, Quot.sound]
2026-10-08T23:51:54.6326421Z info: AxiomAudit.lean:392:0: 'ASGinzburg.moduleCatDirectSumDualIntoLinearMap' depends on axioms: [propext, Classical.choice, Quot.sound]
2026-10-08T23:51:54.6327160Z info: AxiomAudit.lean:393:0: 'ASGinzburg.moduleCatDirectSumDualIntoLinearMap_eval_lof' depends on axioms: [propext, Classical.choice, Quot.sound]
2026-10-08T23:51:54.6327929Z info: AxiomAudit.lean:394:0: 'ASGinzburg.moduleCatDirectSumDualIntoLinearMap_bijective' depends on axioms: [propext, Classical.choice, Quot.sound]
2026-10-08T23:51:54.6328829Z info: AxiomAudit.lean:395:0: 'ASGinzburg.ZAlgebra.rightResolutionDualTermMap' depends on axioms: [propext, Classical.choice, Quot.sound]
2026-10-08T23:51:54.6329563Z info: AxiomAudit.lean:396:0: 'ASGinzburg.ZAlgebra.rightResolutionDualTermMap_comm' depends on axioms: [propext, Classical.choice, Quot.sound]
2026-10-08T23:51:54.6330303Z info: AxiomAudit.lean:397:0: 'ASGinzburg.ZAlgebra.rightResolutionDualComplexMap' depends on axioms: [propext, Classical.choice, Quot.sound]
2026-10-08T23:51:54.6330999Z info: AxiomAudit.lean:398:0: 'ASGinzburg.ZAlgebra.rightResolutionDualComplexMap_augmentation' depends on axioms: [propext,
2026-10-08T23:51:54.6331425Z  Classical.choice,
2026-10-08T23:51:54.6331580Z  Quot.sound]
2026-10-08T23:51:54.6331983Z info: AxiomAudit.lean:399:0: 'ASGinzburg.ZAlgebra.leftResolutionDualTermMap' depends on axioms: [propext, Classical.choice, Quot.sound]
2026-10-08T23:51:54.6332707Z info: AxiomAudit.lean:400:0: 'ASGinzburg.ZAlgebra.leftResolutionDualTermMap_comm' depends on axioms: [propext, Classical.choice, Quot.sound]
2026-10-08T23:51:54.6333551Z info: AxiomAudit.lean:401:0: 'ASGinzburg.ZAlgebra.leftResolutionDualComplexMap' depends on axioms: [propext, Classical.choice, Quot.sound]
2026-10-08T23:51:54.6334242Z info: AxiomAudit.lean:402:0: 'ASGinzburg.ZAlgebra.leftResolutionDualComplexMap_augmentation' depends on axioms: [propext,
2026-10-08T23:51:54.6334661Z  Classical.choice,
2026-10-08T23:51:54.6334814Z  Quot.sound]
2026-10-08T23:51:54.6335222Z info: AxiomAudit.lean:403:0: 'ASGinzburg.equivalenceMapDerivedIsEquivalence' depends on axioms: [propext, Classical.choice, Quot.sound]
2026-10-08T23:51:54.6335899Z info: AxiomAudit.lean:404:0: 'ASGinzburg.exactDerivedEquivalence' depends on axioms: [propext, Classical.choice, Quot.sound]
2026-10-08T23:51:54.6336536Z info: AxiomAudit.lean:405:0: 'ASGinzburg.exactDerivedSingleIso' depends on axioms: [propext, Classical.choice, Quot.sound]
2026-10-08T23:51:54.6337196Z info: AxiomAudit.lean:406:0: 'ASGinzburg.exactDerivedShiftedHomAddEquiv' depends on axioms: [propext, Classical.choice, Quot.sound]
2026-10-08T23:51:54.6337887Z info: AxiomAudit.lean:407:0: 'ASGinzburg.derivedShiftedHomCongrAddEquiv' depends on axioms: [propext, Classical.choice, Quot.sound]
2026-10-08T23:51:54.6338657Z info: AxiomAudit.lean:408:0: 'ASGinzburg.exactEquivalenceExtAddEquiv' depends on axioms: [propext, Classical.choice, Quot.sound]
2026-10-08T23:51:54.6339314Z info: AxiomAudit.lean:409:0: 'ASGinzburg.exactDerivedLinear' depends on axioms: [propext, Classical.choice, Quot.sound]
2026-10-08T23:51:54.6339925Z info: AxiomAudit.lean:410:0: 'ASGinzburg.exactDerivedQhLinear' depends on axioms: [propext, Classical.choice, Quot.sound]
2026-10-08T23:51:54.6340540Z info: AxiomAudit.lean:411:0: 'ASGinzburg.exactDerivedQLinear' depends on axioms: [propext, Classical.choice, Quot.sound]
2026-10-08T23:51:54.6341165Z info: AxiomAudit.lean:412:0: 'ASGinzburg.exactDerivedShiftLinear' depends on axioms: [propext, Classical.choice, Quot.sound]
2026-10-08T23:51:54.6341901Z info: AxiomAudit.lean:413:0: 'ASGinzburg.exactDerivedMapLinear' depends on axioms: [propext, Classical.choice, Quot.sound]
2026-10-08T23:51:54.6342569Z info: AxiomAudit.lean:414:0: 'ASGinzburg.exactDerivedShiftedHomLinearEquiv' depends on axioms: [propext, Classical.choice, Quot.sound]
2026-10-08T23:51:54.6343272Z info: AxiomAudit.lean:415:0: 'ASGinzburg.derivedShiftedHomCongrLinearEquiv' depends on axioms: [propext, Classical.choice, Quot.sound]
2026-10-08T23:51:54.6343908Z info: AxiomAudit.lean:416:0: 'ASGinzburg.exactExtModule' depends on axioms: [propext, Classical.choice, Quot.sound]
2026-10-08T23:51:54.6344511Z info: AxiomAudit.lean:417:0: 'ASGinzburg.exactExtHomLinearEquiv' depends on axioms: [propext, Classical.choice, Quot.sound]
2026-10-08T23:51:54.6345170Z info: AxiomAudit.lean:418:0: 'ASGinzburg.exactEquivalenceExtLinearEquiv' depends on axioms: [propext, Classical.choice, Quot.sound]
2026-10-08T23:51:54.6345859Z info: AxiomAudit.lean:419:0: 'ASGinzburg.mappingCone_descShortComplex_natural' depends on axioms: [propext, Classical.choice, Quot.sound]
2026-10-08T23:51:54.6346629Z info: AxiomAudit.lean:420:0: 'ASGinzburg.triangleOfSESδ_natural' depends on axioms: [propext, Classical.choice, Quot.sound]
2026-10-08T23:51:54.6347310Z info: AxiomAudit.lean:421:0: 'ASGinzburg.singleδ_natural' depends on axioms: [propext, Classical.choice, Quot.sound]
2026-10-08T23:51:54.6347892Z info: AxiomAudit.lean:422:0: 'ASGinzburg.extClass_natural' depends on axioms: [propext, Classical.choice, Quot.sound]
2026-10-08T23:51:54.6348480Z info: AxiomAudit.lean:423:0: 'ASGinzburg.extBoundary_natural' depends on axioms: [propext, Classical.choice, Quot.sound]
2026-10-08T23:51:54.6349213Z info: AxiomAudit.lean:424:0: 'ASGinzburg.oppositeLinear' depends on axioms: [propext, Quot.sound]
2026-10-08T23:51:54.6349809Z info: AxiomAudit.lean:425:0: 'ASGinzburg.ZAlgebra.rightModuleOppositeLinear' depends on axioms: [propext, Classical.choice, Quot.sound]
2026-10-08T23:51:54.6350511Z info: AxiomAudit.lean:426:0: 'ASGinzburg.ZAlgebra.leftModuleOppositeLinear' depends on axioms: [propext, Classical.choice, Quot.sound]
2026-10-08T23:51:54.6351330Z info: AxiomAudit.lean:427:0: 'ASGinzburg.ZAlgebra.rightModuleExtLeftFunctor' depends on axioms: [propext, Classical.choice, Quot.sound]
2026-10-08T23:51:54.6352071Z info: AxiomAudit.lean:428:0: 'ASGinzburg.ZAlgebra.rightModuleExtLeftFunctorAdditive' depends on axioms: [propext, Classical.choice, Quot.sound]
2026-10-08T23:51:54.6352834Z info: AxiomAudit.lean:429:0: 'ASGinzburg.ZAlgebra.rightModuleExtLeftFunctorLinear' depends on axioms: [propext, Classical.choice, Quot.sound]
2026-10-08T23:51:54.6353565Z info: AxiomAudit.lean:430:0: 'ASGinzburg.ZAlgebra.leftModuleExtRightFunctor' depends on axioms: [propext, Classical.choice, Quot.sound]
2026-10-08T23:51:54.6354305Z info: AxiomAudit.lean:431:0: 'ASGinzburg.ZAlgebra.leftModuleExtRightFunctorAdditive' depends on axioms: [propext, Classical.choice, Quot.sound]
2026-10-08T23:51:54.6355068Z info: AxiomAudit.lean:432:0: 'ASGinzburg.ZAlgebra.leftModuleExtRightFunctorLinear' depends on axioms: [propext, Classical.choice, Quot.sound]
2026-10-08T23:51:54.6355815Z info: AxiomAudit.lean:433:0: 'ASGinzburg.ZAlgebra.rightModuleExtPrecompLeft_zero' depends on axioms: [propext, Classical.choice, Quot.sound]
2026-10-08T23:51:54.6356556Z info: AxiomAudit.lean:434:0: 'ASGinzburg.ZAlgebra.rightModuleExtLeftShortComplex' depends on axioms: [propext, Classical.choice, Quot.sound]
2026-10-08T23:51:54.6357317Z info: AxiomAudit.lean:435:0: 'ASGinzburg.ZAlgebra.rightModuleExtLeftShortComplex_exact' depends on axioms: [propext, Classical.choice, Quot.sound]
2026-10-08T23:51:54.6358047Z info: AxiomAudit.lean:436:0: 'ASGinzburg.ZAlgebra.rightModuleExtLeftShortComplex_three_shortExact' depends on axioms: [propext,
2026-10-08T23:51:54.6358488Z  Classical.choice,
2026-10-08T23:51:54.6358737Z  Quot.sound]
2026-10-08T23:51:54.6359153Z info: AxiomAudit.lean:437:0: 'ASGinzburg.ZAlgebra.leftModuleExtPrecompRight_zero' depends on axioms: [propext, Classical.choice, Quot.sound]
2026-10-08T23:51:54.6360017Z info: AxiomAudit.lean:438:0: 'ASGinzburg.ZAlgebra.leftModuleExtRightShortComplex' depends on axioms: [propext, Classical.choice, Quot.sound]
2026-10-08T23:51:54.6360778Z info: AxiomAudit.lean:439:0: 'ASGinzburg.ZAlgebra.leftModuleExtRightShortComplex_exact' depends on axioms: [propext, Classical.choice, Quot.sound]
2026-10-08T23:51:54.6361504Z info: AxiomAudit.lean:440:0: 'ASGinzburg.ZAlgebra.leftModuleExtRightShortComplex_three_shortExact' depends on axioms: [propext,
2026-10-08T23:51:54.6361947Z  Classical.choice,
2026-10-08T23:51:54.6362098Z  Quot.sound]
2026-10-08T23:51:54.6362383Z info: AxiomAudit.lean:441:0: 'ASGinzburg.totalDimension' depends on axioms: [propext, Quot.sound]
2026-10-08T23:51:54.6362939Z info: AxiomAudit.lean:442:0: 'ASGinzburg.dimension_table_eq_single' depends on axioms: [propext, Classical.choice, Quot.sound]
2026-10-08T23:51:54.6363559Z info: AxiomAudit.lean:443:0: 'ASGinzburg.total_dimension_single' depends on axioms: [propext, Classical.choice, Quot.sound]
2026-10-08T23:51:54.6364163Z info: AxiomAudit.lean:444:0: 'ASGinzburg.total_one_iff_single' depends on axioms: [propext, Classical.choice, Quot.sound]
2026-10-08T23:51:54.6364756Z info: AxiomAudit.lean:445:0: 'ASGinzburg.ext_dimension_delta' depends on axioms: [propext, Classical.choice, Quot.sound]
2026-10-08T23:51:54.6365371Z info: AxiomAudit.lean:446:0: 'ASGinzburg.LinearComponentAlgebra' depends on axioms: [propext, Classical.choice, Quot.sound]
2026-10-08T23:51:54.6366021Z info: AxiomAudit.lean:447:0: 'ASGinzburg.LinearComponentAlgebra.Total' depends on axioms: [propext, Classical.choice, Quot.sound]
2026-10-08T23:51:54.6366701Z info: AxiomAudit.lean:448:0: 'ASGinzburg.LinearComponentAlgebra.totalMul' depends on axioms: [propext, Classical.choice, Quot.sound]
2026-10-08T23:51:54.6367388Z info: AxiomAudit.lean:449:0: 'ASGinzburg.LinearComponentAlgebra.totalOne' depends on axioms: [propext, Classical.choice, Quot.sound]
2026-10-08T23:51:54.6368107Z info: AxiomAudit.lean:450:0: 'ASGinzburg.LinearComponentAlgebra.totalOne_diag' depends on axioms: [propext, Classical.choice, Quot.sound]
2026-10-08T23:51:54.6369084Z info: AxiomAudit.lean:451:0: 'ASGinzburg.LinearComponentAlgebra.totalOne_offdiag' depends on axioms: [propext, Classical.choice, Quot.sound]
2026-10-08T23:51:54.6369808Z info: AxiomAudit.lean:452:0: 'ASGinzburg.LinearComponentAlgebra.totalOne_mul' depends on axioms: [propext, Classical.choice, Quot.sound]
2026-10-08T23:51:54.6370509Z info: AxiomAudit.lean:453:0: 'ASGinzburg.LinearComponentAlgebra.totalMul_one' depends on axioms: [propext, Classical.choice, Quot.sound]
2026-10-08T23:51:54.6371217Z info: AxiomAudit.lean:454:0: 'ASGinzburg.LinearComponentAlgebra.totalMul_assoc' depends on axioms: [propext, Classical.choice, Quot.sound]
2026-10-08T23:51:54.6371931Z info: AxiomAudit.lean:455:0: 'ASGinzburg.LinearComponentAlgebra.totalMul_add' depends on axioms: [propext, Classical.choice, Quot.sound]
2026-10-08T23:51:54.6372634Z info: AxiomAudit.lean:456:0: 'ASGinzburg.LinearComponentAlgebra.totalAdd_mul' depends on axioms: [propext, Classical.choice, Quot.sound]
2026-10-08T23:51:54.6373345Z info: AxiomAudit.lean:457:0: 'ASGinzburg.LinearComponentAlgebra.totalMulInst' depends on axioms: [propext, Classical.choice, Quot.sound]
2026-10-08T23:51:54.6374057Z info: AxiomAudit.lean:458:0: 'ASGinzburg.LinearComponentAlgebra.totalOneInst' depends on axioms: [propext, Classical.choice, Quot.sound]
2026-10-08T23:51:54.6374759Z info: AxiomAudit.lean:459:0: 'ASGinzburg.LinearComponentAlgebra.totalRing' depends on axioms: [propext, Classical.choice, Quot.sound]
2026-10-08T23:51:54.6375458Z info: AxiomAudit.lean:460:0: 'ASGinzburg.LinearComponentAlgebra.totalAlgebra' depends on axioms: [propext, Classical.choice, Quot.sound]
2026-10-08T23:51:54.6376167Z info: AxiomAudit.lean:461:0: 'ASGinzburg.LinearComponentAlgebra.Isomorphism' depends on axioms: [propext, Classical.choice, Quot.sound]
2026-10-08T23:51:54.6376858Z info: AxiomAudit.lean:462:0: 'ASGinzburg.LinearComponentAlgebra.Isomorphism.totalLinearEquiv' depends on axioms: [propext,
2026-10-08T23:51:54.6377295Z  Classical.choice,
2026-10-08T23:51:54.6377557Z  Quot.sound]
2026-10-08T23:51:54.6377955Z info: AxiomAudit.lean:463:0: 'ASGinzburg.LinearComponentAlgebra.Isomorphism.totalLinearEquiv_one' depends on axioms: [propext,
2026-10-08T23:51:54.6378399Z  Classical.choice,
2026-10-08T23:51:54.6378644Z  Quot.sound]
2026-10-08T23:51:54.6379035Z info: AxiomAudit.lean:464:0: 'ASGinzburg.LinearComponentAlgebra.Isomorphism.totalLinearEquiv_mul' depends on axioms: [propext,
2026-10-08T23:51:54.6379479Z  Classical.choice,
2026-10-08T23:51:54.6379629Z  Quot.sound]
2026-10-08T23:51:54.6380080Z info: AxiomAudit.lean:465:0: 'ASGinzburg.LinearComponentAlgebra.Isomorphism.totalAlgEquiv' depends on axioms: [propext, Classical.choice, Quot.sound]
2026-10-08T23:51:54.6380828Z info: AxiomAudit.lean:466:0: 'ASGinzburg.ZAlgebra.rightModuleHomDiagram' depends on axioms: [propext, Classical.choice, Quot.sound]
2026-10-08T23:51:54.6381506Z info: AxiomAudit.lean:467:0: 'ASGinzburg.ZAlgebra.rightModuleCoproductHomLimitComponentIso' depends on axioms: [propext,
2026-10-08T23:51:54.6381939Z  Classical.choice,
2026-10-08T23:51:54.6382089Z  Quot.sound]
2026-10-08T23:51:54.6382577Z info: AxiomAudit.lean:468:0: 'ASGinzburg.ZAlgebra.rightModuleCoproductHomLimitComponentIso_hom_π' depends on axioms: [propext,
2026-10-08T23:51:54.6383021Z  Classical.choice,
2026-10-08T23:51:54.6383169Z  Quot.sound]
2026-10-08T23:51:54.6383593Z info: AxiomAudit.lean:469:0: 'ASGinzburg.ZAlgebra.rightModuleCoproductHomLimitIso' depends on axioms: [propext, Classical.choice, Quot.sound]
2026-10-08T23:51:54.6384306Z info: AxiomAudit.lean:470:0: 'ASGinzburg.ZAlgebra.finiteLimitFunctorPreservesColimitsOfShape' depends on axioms: [propext,
2026-10-08T23:51:54.6384741Z  Classical.choice,
2026-10-08T23:51:54.6384893Z  Quot.sound]
2026-10-08T23:51:54.6385285Z info: AxiomAudit.lean:471:0: 'ASGinzburg.ZAlgebra.rightModuleHomDiagramPreservesColimitsOfShape' depends on axioms: [propext,
2026-10-08T23:51:54.6385732Z  Classical.choice,
2026-10-08T23:51:54.6385884Z  Quot.sound]
2026-10-08T23:51:54.6386383Z info: AxiomAudit.lean:472:0: 'ASGinzburg.ZAlgebra.finiteCoproductHomPreservesColimitsOfShape' depends on axioms: [propext,
2026-10-08T23:51:54.6386821Z  Classical.choice,
2026-10-08T23:51:54.6386974Z  Quot.sound]
2026-10-08T23:51:54.6387406Z info: AxiomAudit.lean:473:0: 'ASGinzburg.ZAlgebra.finiteRepresentableCoproductHomPreservesColimitsOfShape' depends on axioms: [propext,
2026-10-08T23:51:54.6387890Z  Classical.choice,
2026-10-08T23:51:54.6388044Z  Quot.sound]
2026-10-08T23:51:54.6388509Z info: AxiomAudit.lean:474:0: 'ASGinzburg.ZAlgebra.asResolutionTerm₁HomPreservesColimitsOfShape' depends on axioms: [propext,
2026-10-08T23:51:54.6389120Z  Classical.choice,
2026-10-08T23:51:54.6389271Z  Quot.sound]
2026-10-08T23:51:54.6389720Z info: AxiomAudit.lean:475:0: 'ASGinzburg.ZAlgebra.asResolutionTerm₂HomPreservesColimitsOfShape' depends on axioms: [propext,
2026-10-08T23:51:54.6390154Z  Classical.choice,
2026-10-08T23:51:54.6390303Z  Quot.sound]
2026-10-08T23:51:54.6390684Z info: AxiomAudit.lean:476:0: 'ASGinzburg.ZAlgebra.finiteRepresentableCoproductHomColimitIso' depends on axioms: [propext,
2026-10-08T23:51:54.6391117Z  Classical.choice,
2026-10-08T23:51:54.6391271Z  Quot.sound]
2026-10-08T23:51:54.6391720Z info: AxiomAudit.lean:477:0: 'ASGinzburg.ZAlgebra.finiteRepresentableCoproductExtZeroPreservesColimitsOfShape' depends on axioms: [propext,
2026-10-08T23:51:54.6392222Z  Classical.choice,
2026-10-08T23:51:54.6392370Z  Quot.sound]
2026-10-08T23:51:54.6392724Z info: AxiomAudit.lean:478:0: 'ASGinzburg.limitConeProductMono' depends on axioms: [propext, Classical.choice, Quot.sound]
2026-10-08T23:51:54.6393354Z info: AxiomAudit.lean:479:0: 'ASGinzburg.colimitCoconeCoproductEpi' depends on axioms: [propext, Classical.choice, Quot.sound]
2026-10-08T23:51:54.6394016Z info: AxiomAudit.lean:480:0: 'ASGinzburg.ZAlgebra.smallModuleCatLimits' depends on axioms: [propext, Classical.choice, Quot.sound]
2026-10-08T23:51:54.6394762Z info: AxiomAudit.lean:481:0: 'ASGinzburg.ZAlgebra.smallRightModuleLimits' depends on axioms: [propext, Classical.choice, Quot.sound]
2026-10-08T23:51:54.6395587Z info: AxiomAudit.lean:482:0: 'ASGinzburg.ZAlgebra.rightFiniteDimensional_product' depends on axioms: [propext, Classical.choice, Quot.sound]
2026-10-08T23:51:54.6396331Z info: AxiomAudit.lean:483:0: 'ASGinzburg.ZAlgebra.rightFiniteDimensional_coproduct' depends on axioms: [propext, Classical.choice, Quot.sound]
2026-10-08T23:51:54.6397063Z info: AxiomAudit.lean:484:0: 'ASGinzburg.ZAlgebra.rightFiniteDimensionalProperty_closedUnderFiniteLimits' depends on axioms: [propext,
2026-10-08T23:51:54.6397522Z  Classical.choice,
2026-10-08T23:51:54.6397671Z  Quot.sound]
2026-10-08T23:51:54.6398085Z info: AxiomAudit.lean:485:0: 'ASGinzburg.ZAlgebra.rightFiniteDimensionalProperty_closedUnderFiniteColimits' depends on axioms: [propext,
2026-10-08T23:51:54.6398639Z  Classical.choice,
2026-10-08T23:51:54.6398789Z  Quot.sound]
2026-10-08T23:51:54.6399246Z info: AxiomAudit.lean:486:0: 'ASGinzburg.ZAlgebra.rightFiniteDimensionalHasLimitsOfShape' depends on axioms: [propext, Classical.choice, Quot.sound]
2026-10-08T23:51:54.6399977Z info: AxiomAudit.lean:487:0: 'ASGinzburg.ZAlgebra.rightFiniteDimensionalHasColimitsOfShape' depends on axioms: [propext,
2026-10-08T23:51:54.6400406Z  Classical.choice,
2026-10-08T23:51:54.6400557Z  Quot.sound]
2026-10-08T23:51:54.6400973Z info: AxiomAudit.lean:488:0: 'ASGinzburg.ZAlgebra.rightFiniteDimensionalInclusionCreatesLimitsOfShape' depends on axioms: [propext,
2026-10-08T23:51:54.6401443Z  Classical.choice,
2026-10-08T23:51:54.6401592Z  Quot.sound]
2026-10-08T23:51:54.6402014Z info: AxiomAudit.lean:489:0: 'ASGinzburg.ZAlgebra.rightFiniteDimensionalInclusionCreatesColimitsOfShape' depends on axioms: [propext,
2026-10-08T23:51:54.6402491Z  Classical.choice,
2026-10-08T23:51:54.6402642Z  Quot.sound]
2026-10-08T23:51:54.6403108Z info: AxiomAudit.lean:490:0: 'ASGinzburg.ZAlgebra.rightFiniteDimensionalHasFiniteProducts' depends on axioms: [propext, Classical.choice, Quot.sound]
2026-10-08T23:51:54.6404007Z info: AxiomAudit.lean:491:0: 'ASGinzburg.ZAlgebra.rightFiniteDimensionalCoimageImageComparisonIsIso' depends on axioms: [propext,
2026-10-08T23:51:54.6404587Z  Classical.choice,
2026-10-08T23:51:54.6404740Z  Quot.sound]
2026-10-08T23:51:54.6405159Z info: AxiomAudit.lean:492:0: 'ASGinzburg.ZAlgebra.rightFiniteDimensionalAbelian' depends on axioms: [propext, Classical.choice, Quot.sound]
2026-10-08T23:51:54.6405903Z info: AxiomAudit.lean:493:0: 'ASGinzburg.ZAlgebra.rightFiniteDimensionalInclusionPreservesFiniteLimits' depends on axioms: [propext,
2026-10-08T23:51:54.6406381Z  Classical.choice,
2026-10-08T23:51:54.6406530Z  Quot.sound]
2026-10-08T23:51:54.6406958Z info: AxiomAudit.lean:494:0: 'ASGinzburg.ZAlgebra.rightFiniteDimensionalInclusionPreservesFiniteColimits' depends on axioms: [propext,
2026-10-08T23:51:54.6407439Z  Classical.choice,
2026-10-08T23:51:54.6407588Z  Quot.sound]
2026-10-08T23:51:54.6407974Z info: AxiomAudit.lean:495:0: 'ASGinzburg.ZAlgebra.smallLeftModuleLimits' depends on axioms: [propext, Classical.choice, Quot.sound]
2026-10-08T23:51:54.6408857Z info: AxiomAudit.lean:496:0: 'ASGinzburg.ZAlgebra.leftFiniteDimensional_product' depends on axioms: [propext, Classical.choice, Quot.sound]
2026-10-08T23:51:54.6409590Z info: AxiomAudit.lean:497:0: 'ASGinzburg.ZAlgebra.leftFiniteDimensional_coproduct' depends on axioms: [propext, Classical.choice, Quot.sound]
2026-10-08T23:51:54.6410320Z info: AxiomAudit.lean:498:0: 'ASGinzburg.ZAlgebra.leftFiniteDimensionalProperty_closedUnderFiniteLimits' depends on axioms: [propext,
2026-10-08T23:51:54.6410774Z  Classical.choice,
2026-10-08T23:51:54.6410926Z  Quot.sound]
2026-10-08T23:51:54.6411335Z info: AxiomAudit.lean:499:0: 'ASGinzburg.ZAlgebra.leftFiniteDimensionalProperty_closedUnderFiniteColimits' depends on axioms: [propext,
2026-10-08T23:51:54.6411797Z  Classical.choice,
2026-10-08T23:51:54.6411947Z  Quot.sound]
2026-10-08T23:51:54.6412390Z info: AxiomAudit.lean:500:0: 'ASGinzburg.ZAlgebra.leftFiniteDimensionalHasLimitsOfShape' depends on axioms: [propext, Classical.choice, Quot.sound]
2026-10-08T23:51:54.6413299Z info: AxiomAudit.lean:501:0: 'ASGinzburg.ZAlgebra.leftFiniteDimensionalHasColimitsOfShape' depends on axioms: [propext, Classical.choice, Quot.sound]
2026-10-08T23:51:54.6414150Z info: AxiomAudit.lean:502:0: 'ASGinzburg.ZAlgebra.leftFiniteDimensionalInclusionCreatesLimitsOfShape' depends on axioms: [propext,
2026-10-08T23:51:54.6414664Z  Classical.choice,
2026-10-08T23:51:54.6414818Z  Quot.sound]
2026-10-08T23:51:54.6415244Z info: AxiomAudit.lean:503:0: 'ASGinzburg.ZAlgebra.leftFiniteDimensionalInclusionCreatesColimitsOfShape' depends on axioms: [propext,
2026-10-08T23:51:54.6415715Z  Classical.choice,
2026-10-08T23:51:54.6415863Z  Quot.sound]
2026-10-08T23:51:54.6416314Z info: AxiomAudit.lean:504:0: 'ASGinzburg.ZAlgebra.leftFiniteDimensionalHasFiniteProducts' depends on axioms: [propext, Classical.choice, Quot.sound]
2026-10-08T23:51:54.6417079Z info: AxiomAudit.lean:505:0: 'ASGinzburg.ZAlgebra.leftFiniteDimensionalCoimageImageComparisonIsIso' depends on axioms: [propext,
2026-10-08T23:51:54.6417544Z  Classical.choice,
2026-10-08T23:51:54.6417694Z  Quot.sound]
2026-10-08T23:51:54.6418105Z info: AxiomAudit.lean:506:0: 'ASGinzburg.ZAlgebra.leftFiniteDimensionalAbelian' depends on axioms: [propext, Classical.choice, Quot.sound]
2026-10-08T23:51:54.6419040Z info: AxiomAudit.lean:507:0: 'ASGinzburg.ZAlgebra.leftFiniteDimensionalInclusionPreservesFiniteLimits' depends on axioms: [propext,
2026-10-08T23:51:54.6419507Z  Classical.choice,
2026-10-08T23:51:54.6419657Z  Quot.sound]
2026-10-08T23:51:54.6420078Z info: AxiomAudit.lean:508:0: 'ASGinzburg.ZAlgebra.leftFiniteDimensionalInclusionPreservesFiniteColimits' depends on axioms: [propext,
2026-10-08T23:51:54.6420550Z  Classical.choice,
2026-10-08T23:51:54.6420704Z  Quot.sound]
2026-10-08T23:51:54.6421143Z info: AxiomAudit.lean:509:0: 'ASGinzburg.ZAlgebra.rightFiniteDimensionalExtBidualIso' depends on axioms: [propext, Classical.choice, Quot.sound]
2026-10-08T23:51:54.6421916Z info: AxiomAudit.lean:510:0: 'ASGinzburg.ZAlgebra.leftFiniteDimensionalExtBidualIso' depends on axioms: [propext, Classical.choice, Quot.sound]
2026-10-08T23:51:54.6422791Z info: AxiomAudit.lean:511:0: 'ASGinzburg.ZAlgebra.rightVertexFiltration_ext_other_eq_zero' depends on axioms: [propext, Classical.choice, Quot.sound]
2026-10-08T23:51:54.6423482Z info: AxiomAudit.lean:512:0: 'ASGinzburg.ZAlgebra.rightFiniteDimensional_ext_other_eq_zero' depends on axioms: [propext,
2026-10-08T23:51:54.6423894Z  Classical.choice,
2026-10-08T23:51:54.6424044Z  Quot.sound]
2026-10-08T23:51:54.6424468Z info: AxiomAudit.lean:513:0: 'ASGinzburg.ZAlgebra.leftVertexFiltration_ext_other_eq_zero' depends on axioms: [propext, Classical.choice, Quot.sound]
2026-10-08T23:51:54.6425226Z info: AxiomAudit.lean:514:0: 'ASGinzburg.ZAlgebra.leftFiniteDimensional_ext_other_eq_zero' depends on axioms: [propext, Classical.choice, Quot.sound]
2026-10-08T23:51:54.6425928Z info: AxiomAudit.lean:515:0: 'ASGinzburg.ZAlgebra.rightFiniteDimensional_ext_three_shortExact' depends on axioms: [propext,
2026-10-08T23:51:54.6426356Z  Classical.choice,
2026-10-08T23:51:54.6426511Z  Quot.sound]
2026-10-08T23:51:54.6426941Z info: AxiomAudit.lean:516:0: 'ASGinzburg.ZAlgebra.rightVertexFiltration_ext_three_finite' depends on axioms: [propext, Classical.choice, Quot.sound]
2026-10-08T23:51:54.6427706Z info: AxiomAudit.lean:517:0: 'ASGinzburg.ZAlgebra.rightFiniteDimensional_ext_three_finite' depends on axioms: [propext, Classical.choice, Quot.sound]
2026-10-08T23:51:54.6428415Z info: AxiomAudit.lean:518:0: 'ASGinzburg.ZAlgebra.leftFiniteDimensional_ext_three_shortExact' depends on axioms: [propext,
2026-10-08T23:51:54.6428988Z  Classical.choice,
2026-10-08T23:51:54.6429139Z  Quot.sound]
2026-10-08T23:51:54.6429564Z info: AxiomAudit.lean:519:0: 'ASGinzburg.ZAlgebra.leftVertexFiltration_ext_three_finite' depends on axioms: [propext, Classical.choice, Quot.sound]
2026-10-08T23:51:54.6430325Z info: AxiomAudit.lean:520:0: 'ASGinzburg.ZAlgebra.leftFiniteDimensional_ext_three_finite' depends on axioms: [propext, Classical.choice, Quot.sound]
2026-10-08T23:51:54.6431163Z info: AxiomAudit.lean:521:0: 'ASGinzburg.ZAlgebra.RightFiniteDimensional' depends on axioms: [propext, Classical.choice, Quot.sound]
2026-10-08T23:51:54.6431843Z info: AxiomAudit.lean:522:0: 'ASGinzburg.ZAlgebra.LeftFiniteDimensional' depends on axioms: [propext, Classical.choice, Quot.sound]
2026-10-08T23:51:54.6432577Z info: AxiomAudit.lean:523:0: 'ASGinzburg.ZAlgebra.rightFiniteDimensionalOppositeLinear' depends on axioms: [propext, Classical.choice, Quot.sound]
2026-10-08T23:51:54.6433365Z info: AxiomAudit.lean:524:0: 'ASGinzburg.ZAlgebra.leftFiniteDimensionalOppositeLinear' depends on axioms: [propext, Classical.choice, Quot.sound]
2026-10-08T23:51:54.6434151Z info: AxiomAudit.lean:525:0: 'ASGinzburg.ZAlgebra.rightFiniteDimensionalExtThreeFunctor' depends on axioms: [propext, Classical.choice, Quot.sound]
2026-10-08T23:51:54.6434940Z info: AxiomAudit.lean:526:0: 'ASGinzburg.ZAlgebra.leftFiniteDimensionalExtThreeFunctor' depends on axioms: [propext, Classical.choice, Quot.sound]
2026-10-08T23:51:54.6435679Z info: AxiomAudit.lean:527:0: 'ASGinzburg.ZAlgebra.rightFiniteDimensionalExtThreeFunctorAdditive' depends on axioms: [propext,
2026-10-08T23:51:54.6436126Z  Classical.choice,
2026-10-08T23:51:54.6436278Z  Quot.sound]
2026-10-08T23:51:54.6436669Z info: AxiomAudit.lean:528:0: 'ASGinzburg.ZAlgebra.leftFiniteDimensionalExtThreeFunctorAdditive' depends on axioms: [propext,
2026-10-08T23:51:54.6437111Z  Classical.choice,
2026-10-08T23:51:54.6437263Z  Quot.sound]
2026-10-08T23:51:54.6437651Z info: AxiomAudit.lean:529:0: 'ASGinzburg.ZAlgebra.rightFiniteDimensionalExtThreeFunctorLinear' depends on axioms: [propext,
2026-10-08T23:51:54.6438090Z  Classical.choice,
2026-10-08T23:51:54.6438241Z  Quot.sound]
2026-10-08T23:51:54.6438849Z info: AxiomAudit.lean:530:0: 'ASGinzburg.ZAlgebra.leftFiniteDimensionalExtThreeFunctorLinear' depends on axioms: [propext,
2026-10-08T23:51:54.6439290Z  Classical.choice,
2026-10-08T23:51:54.6439441Z  Quot.sound]
2026-10-08T23:51:54.6439924Z info: AxiomAudit.lean:531:0: 'ASGinzburg.ZAlgebra.rightFiniteDimensionalExtBidualIso_natural' depends on axioms: [propext,
2026-10-08T23:51:54.6440352Z  Classical.choice,
2026-10-08T23:51:54.6440501Z  Quot.sound]
2026-10-08T23:51:54.6440870Z info: AxiomAudit.lean:532:0: 'ASGinzburg.ZAlgebra.leftFiniteDimensionalExtBidualIso_natural' depends on axioms: [propext,
2026-10-08T23:51:54.6441291Z  Classical.choice,
2026-10-08T23:51:54.6441440Z  Quot.sound]
2026-10-08T23:51:54.6441883Z info: AxiomAudit.lean:533:0: 'ASGinzburg.ZAlgebra.rightFiniteDimensionalExtBidualNatIso' depends on axioms: [propext, Classical.choice, Quot.sound]
2026-10-08T23:51:54.6442673Z info: AxiomAudit.lean:534:0: 'ASGinzburg.ZAlgebra.leftFiniteDimensionalExtBidualNatIso' depends on axioms: [propext, Classical.choice, Quot.sound]
2026-10-08T23:51:54.6443455Z info: AxiomAudit.lean:535:0: 'ASGinzburg.ZAlgebra.finiteDimensionalExtThreeEquivalence' depends on axioms: [propext, Classical.choice, Quot.sound]
2026-10-08T23:51:54.6444187Z info: AxiomAudit.lean:536:0: 'ASGinzburg.directSum_finite_support_of_finite' depends on axioms: [propext, Classical.choice, Quot.sound]
2026-10-08T23:51:54.6444892Z info: AxiomAudit.lean:537:0: 'ASGinzburg.ZAlgebra.rightFiniteDimensionalProperty' depends on axioms: [propext, Classical.choice, Quot.sound]
2026-10-08T23:51:54.6445630Z info: AxiomAudit.lean:538:0: 'ASGinzburg.ZAlgebra.leftFiniteDimensionalProperty' depends on axioms: [propext, Classical.choice, Quot.sound]
2026-10-08T23:51:54.6446396Z info: AxiomAudit.lean:539:0: 'ASGinzburg.ZAlgebra.rightFiniteDimensional_finite_support' depends on axioms: [propext, Classical.choice, Quot.sound]
2026-10-08T23:51:54.6447295Z info: AxiomAudit.lean:540:0: 'ASGinzburg.ZAlgebra.leftFiniteDimensional_finite_support' depends on axioms: [propext, Classical.choice, Quot.sound]
2026-10-08T23:51:54.6448114Z info: AxiomAudit.lean:541:0: 'ASGinzburg.ZAlgebra.rightFiniteDimensional_of_mono' depends on axioms: [propext, Classical.choice, Quot.sound]
2026-10-08T23:51:54.6449523Z info: AxiomAudit.lean:542:0: 'ASGinzburg.ZAlgebra.rightFiniteDimensional_of_epi' depends on axioms: [propext, Classical.choice, Quot.sound]
2026-10-08T23:51:54.6450345Z info: AxiomAudit.lean:543:0: 'ASGinzburg.ZAlgebra.rightFiniteDimensional_bounded_support' depends on axioms: [propext, Classical.choice, Quot.sound]
2026-10-08T23:51:54.6451246Z info: AxiomAudit.lean:544:0: 'ASGinzburg.ZAlgebra.leftFiniteDimensional_of_mono' depends on axioms: [propext, Classical.choice, Quot.sound]
2026-10-08T23:51:54.6452074Z info: AxiomAudit.lean:545:0: 'ASGinzburg.ZAlgebra.leftFiniteDimensional_of_epi' depends on axioms: [propext, Classical.choice, Quot.sound]
2026-10-08T23:51:54.6452876Z info: AxiomAudit.lean:546:0: 'ASGinzburg.ZAlgebra.leftFiniteDimensional_bounded_support' depends on axioms: [propext, Classical.choice, Quot.sound]
2026-10-08T23:51:54.6453717Z info: AxiomAudit.lean:547:0: 'ASGinzburg.moduleCat_finite_of_shortExact' depends on axioms: [propext, Classical.choice, Quot.sound]
2026-10-08T23:51:54.6454507Z info: AxiomAudit.lean:548:0: 'ASGinzburg.ZAlgebra.rightFiniteDimensional_of_shortExact' depends on axioms: [propext, Classical.choice, Quot.sound]
2026-10-08T23:51:54.6455348Z info: AxiomAudit.lean:549:0: 'ASGinzburg.ZAlgebra.rightFiniteDimensional_simple' depends on axioms: [propext, Classical.choice, Quot.sound]
2026-10-08T23:51:54.6456240Z info: AxiomAudit.lean:550:0: 'ASGinzburg.ZAlgebra.leftFiniteDimensional_of_shortExact' depends on axioms: [propext, Classical.choice, Quot.sound]
2026-10-08T23:51:54.6457038Z info: AxiomAudit.lean:551:0: 'ASGinzburg.ZAlgebra.leftFiniteDimensional_simple' depends on axioms: [propext, Classical.choice, Quot.sound]
2026-10-08T23:51:54.6457841Z info: AxiomAudit.lean:552:0: 'ASGinzburg.ext_eq_zero_of_isZero_source' depends on axioms: [propext, Classical.choice, Quot.sound]
2026-10-08T23:51:54.6458709Z info: AxiomAudit.lean:553:0: 'ASGinzburg.ZAlgebra.rightFiniteDimensional_of_isZero' depends on axioms: [propext, Classical.choice, Quot.sound]
2026-10-08T23:51:54.6459557Z info: AxiomAudit.lean:554:0: 'ASGinzburg.ZAlgebra.leftFiniteDimensional_of_isZero' depends on axioms: [propext, Classical.choice, Quot.sound]
2026-10-08T23:51:54.6460549Z info: AxiomAudit.lean:555:0: 'ASGinzburg.ZAlgebra.rightModuleExtLeft_isZero_of_isZero' depends on axioms: [propext, Classical.choice, Quot.sound]
2026-10-08T23:51:54.6461358Z info: AxiomAudit.lean:556:0: 'ASGinzburg.ZAlgebra.leftModuleExtRight_isZero_of_isZero' depends on axioms: [propext, Classical.choice, Quot.sound]
2026-10-08T23:51:54.6462189Z info: AxiomAudit.lean:557:0: 'ASGinzburg.ZAlgebra.rightFiniteDimensionalNakayamaEquivalence' depends on axioms: [propext,
2026-10-08T23:51:54.6462701Z  Classical.choice,
2026-10-08T23:51:54.6462990Z  Quot.sound]
2026-10-08T23:51:54.6463496Z info: AxiomAudit.lean:558:0: 'ASGinzburg.ZAlgebra.rightFiniteDimensionalExtThreeFunctorIsEquivalence' depends on axioms: [propext,
2026-10-08T23:51:54.6464039Z  Classical.choice,
2026-10-08T23:51:54.6464334Z  Quot.sound]
2026-10-08T23:51:54.6464833Z info: AxiomAudit.lean:559:0: 'ASGinzburg.ZAlgebra.rightFiniteDimensionalVectorDualFunctorIsEquivalence' depends on axioms: [propext,
2026-10-08T23:51:54.6465441Z  Classical.choice,
2026-10-08T23:51:54.6465683Z  Quot.sound]
2026-10-08T23:51:54.6466175Z info: AxiomAudit.lean:560:0: 'ASGinzburg.ZAlgebra.leftFiniteDimensionalVectorDualFunctorIsEquivalence' depends on axioms: [propext,
2026-10-08T23:51:54.6466763Z  Classical.choice,
2026-10-08T23:51:54.6466997Z  Quot.sound]
2026-10-08T23:51:54.6467490Z info: AxiomAudit.lean:561:0: 'ASGinzburg.ZAlgebra.rightFiniteDimensionalNakayamaFunctorAdditive' depends on axioms: [propext,
2026-10-08T23:51:54.6468096Z  Classical.choice,
2026-10-08T23:51:54.6468312Z  Quot.sound]
2026-10-08T23:51:54.6519156Z info: AxiomAudit.lean:562:0: 'ASGinzburg.ZAlgebra.rightFiniteDimensionalNakayamaFunctorLinear' depends on axioms: [propext,
2026-10-08T23:51:54.6519626Z  Classical.choice,
2026-10-08T23:51:54.6519787Z  Quot.sound]
2026-10-08T23:51:54.6520544Z info: AxiomAudit.lean:563:0: 'ASGinzburg.ZAlgebra.rightFiniteDimensionalNakayamaPreservesFiniteLimits' depends on axioms: [propext,
2026-10-08T23:51:54.6521027Z  Classical.choice,
2026-10-08T23:51:54.6521181Z  Quot.sound]
2026-10-08T23:51:54.6521611Z info: AxiomAudit.lean:564:0: 'ASGinzburg.ZAlgebra.rightFiniteDimensionalNakayamaPreservesFiniteColimits' depends on axioms: [propext,
2026-10-08T23:51:54.6522097Z  Classical.choice,
2026-10-08T23:51:54.6522254Z  Quot.sound]
2026-10-08T23:51:54.6522629Z info: AxiomAudit.lean:565:0: 'ASGinzburg.ZAlgebra.rightFiniteDimensionalNakayama_shortExact' depends on axioms: [propext,
2026-10-08T23:51:54.6523060Z  Classical.choice,
2026-10-08T23:51:54.6523228Z  Quot.sound]
2026-10-08T23:51:54.6523728Z info: AxiomAudit.lean:566:0: 'ASGinzburg.ZAlgebra.rightSimple_hasProjectiveDimensionLE' depends on axioms: [propext, Classical.choice, Quot.sound]
2026-10-08T23:51:54.6524562Z info: AxiomAudit.lean:567:0: 'ASGinzburg.ZAlgebra.leftSimple_hasProjectiveDimensionLE' depends on axioms: [propext, Classical.choice, Quot.sound]
2026-10-08T23:51:54.6525413Z info: AxiomAudit.lean:568:0: 'ASGinzburg.ZAlgebra.rightVertexFiltration_hasProjectiveDimensionLE' depends on axioms: [propext,
2026-10-08T23:51:54.6525880Z  Classical.choice,
2026-10-08T23:51:54.6526849Z  Quot.sound]
2026-10-08T23:51:54.6527250Z info: AxiomAudit.lean:569:0: 'ASGinzburg.ZAlgebra.leftVertexFiltration_hasProjectiveDimensionLE' depends on axioms: [propext,
2026-10-08T23:51:54.6527702Z  Classical.choice,
2026-10-08T23:51:54.6527858Z  Quot.sound]
2026-10-08T23:51:54.6528261Z info: AxiomAudit.lean:570:0: 'ASGinzburg.ZAlgebra.rightFiniteDimensional_hasProjectiveDimensionLE' depends on axioms: [propext,
2026-10-08T23:51:54.6528847Z  Classical.choice,
2026-10-08T23:51:54.6529009Z  Quot.sound]
2026-10-08T23:51:54.6529411Z info: AxiomAudit.lean:571:0: 'ASGinzburg.ZAlgebra.leftFiniteDimensional_hasProjectiveDimensionLE' depends on axioms: [propext,
2026-10-08T23:51:54.6529872Z  Classical.choice,
2026-10-08T23:51:54.6530036Z  Quot.sound]
2026-10-08T23:51:54.6530507Z info: AxiomAudit.lean:572:0: 'CategoryTheory.ProjectiveResolution.thirdSyzygy_projective' depends on axioms: [propext, Classical.choice, Quot.sound]
2026-10-08T23:51:54.6531430Z info: AxiomAudit.lean:573:0: 'ASGinzburg.ZAlgebra.rightFiniteDimensionalExtCoproductIso_inclusion_hom' depends on axioms: [propext,
2026-10-08T23:51:54.6531919Z  Classical.choice,
2026-10-08T23:51:54.6532081Z  Quot.sound]
2026-10-08T23:51:54.6532573Z info: AxiomAudit.lean:574:0: 'ASGinzburg.ZAlgebra.rightFiniteDimensionalExtDirectSumLinearEquiv_postcomp_inclusion' depends on axioms: [propext,
2026-10-08T23:51:54.6533125Z  Classical.choice,
2026-10-08T23:51:54.6533293Z  Quot.sound]
2026-10-08T23:51:54.6533751Z info: AxiomAudit.lean:575:0: 'ASGinzburg.ZAlgebra.rightFiniteDimensionalExtRegularCoproductLinearEquiv' depends on axioms: [propext,
2026-10-08T23:51:54.6534269Z  Classical.choice,
2026-10-08T23:51:54.6534437Z  Quot.sound]
2026-10-08T23:51:54.6534905Z info: AxiomAudit.lean:576:0: 'ASGinzburg.ZAlgebra.rightFiniteDimensionalExtRegularCoproductEquiv_inclusion' depends on axioms: [propext,
2026-10-08T23:51:54.6535435Z  Classical.choice,
2026-10-08T23:51:54.6535600Z  Quot.sound]
2026-10-08T23:51:54.6536053Z info: AxiomAudit.lean:577:0: 'ASGinzburg.ZAlgebra.rightFiniteDimensionalExtRegularCoproductEquiv_action' depends on axioms: [propext,
2026-10-08T23:51:54.6536566Z  Classical.choice,
2026-10-08T23:51:54.6536731Z  Quot.sound]
2026-10-08T23:51:54.6537178Z info: AxiomAudit.lean:578:0: 'ASGinzburg.ZAlgebra.rightFiniteDimensionalExtTotalAlgebraLinearEquiv' depends on axioms: [propext,
2026-10-08T23:51:54.6537683Z  Classical.choice,
2026-10-08T23:51:54.6537847Z  Quot.sound]
2026-10-08T23:51:54.6538310Z info: AxiomAudit.lean:579:0: 'ASGinzburg.ZAlgebra.rightFiniteDimensionalExtTotalAlgebraLinearEquiv_action' depends on axioms: [propext,
2026-10-08T23:51:54.6538928Z  Classical.choice,
2026-10-08T23:51:54.6539094Z  Quot.sound]
2026-10-08T23:51:54.6539586Z info: AxiomAudit.lean:580:0: 'ASGinzburg.ZAlgebra.rightFiniteDimensionalExtTotalAlgebraLinearEquiv_representation' depends on axioms: [propext,
2026-10-08T23:51:54.6540249Z  Classical.choice,
2026-10-08T23:51:54.6540413Z  Quot.sound]
2026-10-08T23:51:54.6540932Z info: AxiomAudit.lean:581:0: 'ASGinzburg.ZAlgebra.rightFiniteDimensionalSimple' depends on axioms: [propext, Classical.choice, Quot.sound]
2026-10-08T23:51:54.6541755Z info: AxiomAudit.lean:582:0: 'ASGinzburg.ZAlgebra.leftFiniteDimensionalSimple' depends on axioms: [propext, Classical.choice, Quot.sound]
2026-10-08T23:51:54.6542496Z info: AxiomAudit.lean:583:0: 'ASGinzburg.ZAlgebra.leftFiniteDimensionalSimpleVectorDualIso' depends on axioms: [propext,
2026-10-08T23:51:54.6542967Z  Classical.choice,
2026-10-08T23:51:54.6543136Z  Quot.sound]
2026-10-08T23:51:54.6543625Z info: AxiomAudit.lean:584:0: 'ASGinzburg.ZAlgebra.rightFiniteDimensionalExtThreeSimpleIso' depends on axioms: [propext, Classical.choice, Quot.sound]
2026-10-08T23:51:54.6544477Z info: AxiomAudit.lean:585:0: 'ASGinzburg.ZAlgebra.rightFiniteDimensionalNakayamaSimpleIso' depends on axioms: [propext, Classical.choice, Quot.sound]
2026-10-08T23:51:54.6545274Z info: AxiomAudit.lean:586:0: 'ASGinzburg.ZAlgebra.rightFiniteDimensionalNakayamaSimpleHeightIso' depends on axioms: [propext,
2026-10-08T23:51:54.6545758Z  Classical.choice,
2026-10-08T23:51:54.6545919Z  Quot.sound]
2026-10-08T23:51:54.6546399Z info: AxiomAudit.lean:587:0: 'ASGinzburg.ZAlgebra.rightFiniteDimensionalVectorDualFunctor' depends on axioms: [propext, Classical.choice, Quot.sound]
2026-10-08T23:51:54.6547251Z info: AxiomAudit.lean:588:0: 'ASGinzburg.ZAlgebra.leftFiniteDimensionalVectorDualFunctor' depends on axioms: [propext, Classical.choice, Quot.sound]
2026-10-08T23:51:54.6548025Z info: AxiomAudit.lean:589:0: 'ASGinzburg.ZAlgebra.rightFiniteDimensionalVectorBidualNatIso' depends on axioms: [propext,
2026-10-08T23:51:54.6548479Z  Classical.choice,
2026-10-08T23:51:54.6548864Z  Quot.sound]
2026-10-08T23:51:54.6549384Z info: AxiomAudit.lean:590:0: 'ASGinzburg.ZAlgebra.leftFiniteDimensionalVectorBidualNatIso' depends on axioms: [propext, Classical.choice, Quot.sound]
2026-10-08T23:51:54.6550406Z info: AxiomAudit.lean:591:0: 'ASGinzburg.ZAlgebra.finiteDimensionalVectorDualEquivalence' depends on axioms: [propext, Classical.choice, Quot.sound]
2026-10-08T23:51:54.6551250Z info: AxiomAudit.lean:592:0: 'ASGinzburg.ZAlgebra.rightFiniteDimensionalVectorDualFunctorAdditive' depends on axioms: [propext,
2026-10-08T23:51:54.6551760Z  Classical.choice,
2026-10-08T23:51:54.6551928Z  Quot.sound]
2026-10-08T23:51:54.6552369Z info: AxiomAudit.lean:593:0: 'ASGinzburg.ZAlgebra.rightFiniteDimensionalVectorDualFunctorLinear' depends on axioms: [propext,
2026-10-08T23:51:54.6552857Z  Classical.choice,
2026-10-08T23:51:54.6553022Z  Quot.sound]
2026-10-08T23:51:54.6553454Z info: AxiomAudit.lean:594:0: 'ASGinzburg.ZAlgebra.leftFiniteDimensionalVectorDualFunctorAdditive' depends on axioms: [propext,
2026-10-08T23:51:54.6553954Z  Classical.choice,
2026-10-08T23:51:54.6554123Z  Quot.sound]
2026-10-08T23:51:54.6554550Z info: AxiomAudit.lean:595:0: 'ASGinzburg.ZAlgebra.leftFiniteDimensionalVectorDualFunctorLinear' depends on axioms: [propext,
2026-10-08T23:51:54.6555038Z  Classical.choice,
2026-10-08T23:51:54.6555202Z  Quot.sound]
2026-10-08T23:51:54.6555621Z info: AxiomAudit.lean:596:0: 'ASGinzburg.ZAlgebra.leftFiniteDimensionalVectorDualEquivalence' depends on axioms: [propext,
2026-10-08T23:51:54.6556146Z  Classical.choice,
2026-10-08T23:51:54.6556357Z  Quot.sound]
2026-10-08T23:51:54.6556857Z info: AxiomAudit.lean:597:0: 'ASGinzburg.ZAlgebra.rightModuleWindow_simple' depends on axioms: [propext, Classical.choice, Quot.sound]
2026-10-08T23:51:54.6557720Z info: AxiomAudit.lean:598:0: 'ASGinzburg.ZAlgebra.rightModuleWindow_vertex_of_mono' depends on axioms: [propext, Classical.choice, Quot.sound]
2026-10-08T23:51:54.6558842Z info: AxiomAudit.lean:599:0: 'ASGinzburg.ZAlgebra.rightFiniteDimensionalShortComplex' depends on axioms: [propext, Classical.choice, Quot.sound]
2026-10-08T23:51:54.6559634Z info: AxiomAudit.lean:600:0: 'ASGinzburg.ZAlgebra.rightFiniteDimensionalShortComplex_shortExact' depends on axioms: [propext,
2026-10-08T23:51:54.6560232Z  Classical.choice,
2026-10-08T23:51:54.6560400Z  Quot.sound]
2026-10-08T23:51:54.6560838Z info: AxiomAudit.lean:601:0: 'ASGinzburg.ZAlgebra.rightModuleWindowProperty' depends on axioms: [propext, Classical.choice, Quot.sound]
2026-10-08T23:51:54.6561629Z info: AxiomAudit.lean:602:0: 'ASGinzburg.ZAlgebra.rightFiniteWindowProperty' depends on axioms: [propext, Classical.choice, Quot.sound]
2026-10-08T23:51:54.6562389Z info: AxiomAudit.lean:603:0: 'ASGinzburg.ZAlgebra.RightFiniteWindow' depends on axioms: [propext, Classical.choice, Quot.sound]
2026-10-08T23:51:54.6563142Z info: AxiomAudit.lean:604:0: 'ASGinzburg.ZAlgebra.rightModuleWindow_of_mono' depends on axioms: [propext, Classical.choice, Quot.sound]
2026-10-08T23:51:54.6563911Z info: AxiomAudit.lean:605:0: 'ASGinzburg.ZAlgebra.rightModuleWindow_of_epi' depends on axioms: [propext, Classical.choice, Quot.sound]
2026-10-08T23:51:54.6564680Z info: AxiomAudit.lean:606:0: 'ASGinzburg.ZAlgebra.rightModuleWindow_of_shortExact' depends on axioms: [propext, Classical.choice, Quot.sound]
2026-10-08T23:51:54.6565442Z info: AxiomAudit.lean:607:0: 'ASGinzburg.ZAlgebra.rightFiniteWindowProperty_closedUnderLimits' depends on axioms: [propext,
2026-10-08T23:51:54.6565917Z  Classical.choice,
2026-10-08T23:51:54.6566085Z  Quot.sound]
2026-10-08T23:51:54.6566567Z info: AxiomAudit.lean:608:0: 'ASGinzburg.ZAlgebra.rightFiniteWindowProperty_closedUnderColimits' depends on axioms: [propext,
2026-10-08T23:51:54.6567116Z  Classical.choice,
2026-10-08T23:51:54.6567301Z  Quot.sound]
2026-10-08T23:51:54.6567791Z info: AxiomAudit.lean:609:0: 'ASGinzburg.ZAlgebra.rightFiniteWindowHasLimitsOfShape' depends on axioms: [propext, Classical.choice, Quot.sound]
2026-10-08T23:51:54.6568888Z info: AxiomAudit.lean:610:0: 'ASGinzburg.ZAlgebra.rightFiniteWindowHasColimitsOfShape' depends on axioms: [propext, Classical.choice, Quot.sound]
2026-10-08T23:51:54.6569697Z info: AxiomAudit.lean:611:0: 'ASGinzburg.ZAlgebra.rightFiniteWindowInclusionCreatesLimitsOfShape' depends on axioms: [propext,
2026-10-08T23:51:54.6570306Z  Classical.choice,
2026-10-08T23:51:54.6570474Z  Quot.sound]
2026-10-08T23:51:54.6570914Z info: AxiomAudit.lean:612:0: 'ASGinzburg.ZAlgebra.rightFiniteWindowInclusionCreatesColimitsOfShape' depends on axioms: [propext,
2026-10-08T23:51:54.6571408Z  Classical.choice,
2026-10-08T23:51:54.6571575Z  Quot.sound]
2026-10-08T23:51:54.6572043Z info: AxiomAudit.lean:613:0: 'ASGinzburg.ZAlgebra.rightFiniteWindowHasFiniteProducts' depends on axioms: [propext, Classical.choice, Quot.sound]
2026-10-08T23:51:54.6572826Z info: AxiomAudit.lean:614:0: 'ASGinzburg.ZAlgebra.rightFiniteWindowCoimageImageComparisonIsIso' depends on axioms: [propext,
2026-10-08T23:51:54.6573332Z  Classical.choice,
2026-10-08T23:51:54.6573499Z  Quot.sound]
2026-10-08T23:51:54.6573935Z info: AxiomAudit.lean:615:0: 'ASGinzburg.ZAlgebra.rightFiniteWindowAbelian' depends on axioms: [propext, Classical.choice, Quot.sound]
2026-10-08T23:51:54.6574712Z info: AxiomAudit.lean:616:0: 'ASGinzburg.ZAlgebra.rightFiniteWindowInclusionPreservesFiniteLimits' depends on axioms: [propext,
2026-10-08T23:51:54.6575211Z  Classical.choice,
2026-10-08T23:51:54.6575380Z  Quot.sound]
2026-10-08T23:51:54.6575827Z info: AxiomAudit.lean:617:0: 'ASGinzburg.ZAlgebra.rightFiniteWindowInclusionPreservesFiniteColimits' depends on axioms: [propext,
2026-10-08T23:51:54.6576335Z  Classical.choice,
2026-10-08T23:51:54.6576504Z  Quot.sound]
2026-10-08T23:51:54.6576899Z info: AxiomAudit.lean:618:0: 'ASGinzburg.isIso_natTrans_app_retract' depends on axioms: [propext, Classical.choice, Quot.sound]
2026-10-08T23:51:54.6577594Z info: AxiomAudit.lean:619:0: 'ASGinzburg.isIso_natTrans_app_coproduct' depends on axioms: [propext, Classical.choice, Quot.sound]
2026-10-08T23:51:54.6578378Z info: AxiomAudit.lean:620:0: 'ASGinzburg.ZAlgebra.rightFiniteSumBidualEvaluationIsIso' depends on axioms: [propext, Classical.choice, Quot.sound]
2026-10-08T23:51:54.6579477Z info: AxiomAudit.lean:621:0: 'ASGinzburg.ZAlgebra.leftFiniteSumBidualEvaluationIsIso' depends on axioms: [propext, Classical.choice, Quot.sound]
2026-10-08T23:51:54.6580314Z info: AxiomAudit.lean:622:0: 'ASGinzburg.ZAlgebra.rightFiniteProjectiveProperty' depends on axioms: [propext, Classical.choice, Quot.sound]
2026-10-08T23:51:54.6581120Z info: AxiomAudit.lean:623:0: 'ASGinzburg.ZAlgebra.leftFiniteProjectiveProperty' depends on axioms: [propext, Classical.choice, Quot.sound]
2026-10-08T23:51:54.6581937Z info: AxiomAudit.lean:624:0: 'ASGinzburg.ZAlgebra.rightFiniteProjectiveProperty_bidual' depends on axioms: [propext, Classical.choice, Quot.sound]
2026-10-08T23:51:54.6582779Z info: AxiomAudit.lean:625:0: 'ASGinzburg.ZAlgebra.leftFiniteProjectiveProperty_bidual' depends on axioms: [propext, Classical.choice, Quot.sound]
2026-10-08T23:51:54.6583666Z info: AxiomAudit.lean:626:0: 'ASGinzburg.ZAlgebra.rightFiniteProjectiveProperty_of_isZero' depends on axioms: [propext, Classical.choice, Quot.sound]
2026-10-08T23:51:54.6584574Z info: AxiomAudit.lean:627:0: 'ASGinzburg.ZAlgebra.leftFiniteProjectiveProperty_of_isZero' depends on axioms: [propext, Classical.choice, Quot.sound]
2026-10-08T23:51:54.6585362Z info: AxiomAudit.lean:628:0: 'ASGinzburg.ZAlgebra.rightFiniteProjectiveProperty_representable' depends on axioms: [propext,
2026-10-08T23:51:54.6585842Z  Classical.choice,
2026-10-08T23:51:54.6586005Z  Quot.sound]
2026-10-08T23:51:54.6586412Z info: AxiomAudit.lean:629:0: 'ASGinzburg.ZAlgebra.leftFiniteProjectiveProperty_representable' depends on axioms: [propext,
2026-10-08T23:51:54.6586878Z  Classical.choice,
2026-10-08T23:51:54.6587040Z  Quot.sound]
2026-10-08T23:51:54.6587523Z info: AxiomAudit.lean:630:0: 'ASGinzburg.ZAlgebra.rightFiniteProjectiveProperty_coproduct' depends on axioms: [propext, Classical.choice, Quot.sound]
2026-10-08T23:51:54.6588384Z info: AxiomAudit.lean:631:0: 'ASGinzburg.ZAlgebra.leftFiniteProjectiveProperty_coproduct' depends on axioms: [propext, Classical.choice, Quot.sound]
2026-10-08T23:51:54.6589554Z info: AxiomAudit.lean:632:0: 'ASGinzburg.ZAlgebra.rightFiniteProjectiveHasZeroObject' depends on axioms: [propext, Classical.choice, Quot.sound]
2026-10-08T23:51:54.6590524Z info: AxiomAudit.lean:633:0: 'ASGinzburg.ZAlgebra.leftFiniteProjectiveHasZeroObject' depends on axioms: [propext, Classical.choice, Quot.sound]
2026-10-08T23:51:54.6591381Z info: AxiomAudit.lean:634:0: 'ASGinzburg.ZAlgebra.finiteProjectiveComplexADualEquivalence' depends on axioms: [propext, Classical.choice, Quot.sound]
2026-10-08T23:51:54.6592187Z info: AxiomAudit.lean:635:0: 'ASGinzburg.ZAlgebra.finiteProjectiveHomotopyADualEquivalence' depends on axioms: [propext,
2026-10-08T23:51:54.6592655Z  Classical.choice,
2026-10-08T23:51:54.6592820Z  Quot.sound]
2026-10-08T23:51:54.6593215Z info: AxiomAudit.lean:636:0: 'ASGinzburg.boundedHomotopyProperty' depends on axioms: [propext, Classical.choice, Quot.sound]
2026-10-08T23:51:54.6593906Z info: AxiomAudit.lean:637:0: 'ASGinzburg.BoundedHomotopyCategory' depends on axioms: [propext, Classical.choice, Quot.sound]
2026-10-08T23:51:54.6594699Z info: AxiomAudit.lean:638:0: 'ASGinzburg.ZAlgebra.finiteProjectiveHomotopyADualEquivalence_bounded' depends on axioms: [propext,
2026-10-08T23:51:54.6595190Z  Classical.choice,
2026-10-08T23:51:54.6595354Z  Quot.sound]
2026-10-08T23:51:54.6595812Z info: AxiomAudit.lean:639:0: 'ASGinzburg.ZAlgebra.finiteProjectiveHomotopyADualEquivalence_inverse_bounded' depends on axioms: [propext,
2026-10-08T23:51:54.6596326Z  Classical.choice,
2026-10-08T23:51:54.6596489Z  Quot.sound]
2026-10-08T23:51:54.6596978Z info: AxiomAudit.lean:640:0: 'ASGinzburg.ZAlgebra.boundedFiniteProjectiveADualEquivalence' depends on axioms: [propext, Classical.choice, Quot.sound]
2026-10-08T23:51:54.6597671Z info: AxiomAudit.lean:641:0: 'ASGinzburg.projective_of_retract' does not depend on any axioms
2026-10-08T23:51:54.6598256Z info: AxiomAudit.lean:642:0: 'ASGinzburg.coproduct_projective' depends on axioms: [propext, Classical.choice, Quot.sound]
2026-10-08T23:51:54.6599200Z info: AxiomAudit.lean:643:0: 'ASGinzburg.ZAlgebra.rightFiniteSumADualIso' depends on axioms: [propext, Classical.choice, Quot.sound]
2026-10-08T23:51:54.6599940Z info: AxiomAudit.lean:644:0: 'ASGinzburg.ZAlgebra.leftFiniteSumADualIso' depends on axioms: [propext, Classical.choice, Quot.sound]
2026-10-08T23:51:54.6600725Z info: AxiomAudit.lean:645:0: 'ASGinzburg.ZAlgebra.rightFiniteProjectiveProperty_dual' depends on axioms: [propext, Classical.choice, Quot.sound]
2026-10-08T23:51:54.6601543Z info: AxiomAudit.lean:646:0: 'ASGinzburg.ZAlgebra.leftFiniteProjectiveProperty_dual' depends on axioms: [propext, Classical.choice, Quot.sound]
2026-10-08T23:51:54.6602321Z info: AxiomAudit.lean:647:0: 'ASGinzburg.ZAlgebra.RightFiniteProjective' depends on axioms: [propext, Classical.choice, Quot.sound]
2026-10-08T23:51:54.6603058Z info: AxiomAudit.lean:648:0: 'ASGinzburg.ZAlgebra.LeftFiniteProjective' depends on axioms: [propext, Classical.choice, Quot.sound]
2026-10-08T23:51:54.6603774Z info: AxiomAudit.lean:649:0: 'ASGinzburg.ZAlgebra.rightFiniteProjectiveProperty_projective' depends on axioms: [propext,
2026-10-08T23:51:54.6604277Z  Classical.choice,
2026-10-08T23:51:54.6604448Z  Quot.sound]
2026-10-08T23:51:54.6604943Z info: AxiomAudit.lean:650:0: 'ASGinzburg.ZAlgebra.leftFiniteProjectiveProperty_projective' depends on axioms: [propext, Classical.choice, Quot.sound]
2026-10-08T23:51:54.6605820Z info: AxiomAudit.lean:651:0: 'ASGinzburg.ZAlgebra.rightFiniteProjectiveProjective' depends on axioms: [propext, Classical.choice, Quot.sound]
2026-10-08T23:51:54.6606636Z info: AxiomAudit.lean:652:0: 'ASGinzburg.ZAlgebra.leftFiniteProjectiveProjective' depends on axioms: [propext, Classical.choice, Quot.sound]
2026-10-08T23:51:54.6607463Z info: AxiomAudit.lean:653:0: 'ASGinzburg.ZAlgebra.rightFiniteProjectiveADualFunctor' depends on axioms: [propext, Classical.choice, Quot.sound]
2026-10-08T23:51:54.6608294Z info: AxiomAudit.lean:654:0: 'ASGinzburg.ZAlgebra.leftFiniteProjectiveADualFunctor' depends on axioms: [propext, Classical.choice, Quot.sound]
2026-10-08T23:51:54.6609385Z info: AxiomAudit.lean:655:0: 'ASGinzburg.ZAlgebra.rightFiniteProjectiveADualFunctorAdditive' depends on axioms: [propext,
2026-10-08T23:51:54.6609858Z  Classical.choice,
2026-10-08T23:51:54.6610024Z  Quot.sound]
2026-10-08T23:51:54.6610435Z info: AxiomAudit.lean:656:0: 'ASGinzburg.ZAlgebra.leftFiniteProjectiveADualFunctorAdditive' depends on axioms: [propext,
2026-10-08T23:51:54.6610906Z  Classical.choice,
2026-10-08T23:51:54.6611071Z  Quot.sound]
2026-10-08T23:51:54.6611529Z info: AxiomAudit.lean:657:0: 'ASGinzburg.ZAlgebra.rightFiniteProjectiveBidualIso' depends on axioms: [propext, Classical.choice, Quot.sound]
2026-10-08T23:51:54.6612334Z info: AxiomAudit.lean:658:0: 'ASGinzburg.ZAlgebra.leftFiniteProjectiveBidualIso' depends on axioms: [propext, Classical.choice, Quot.sound]
2026-10-08T23:51:54.6613144Z info: AxiomAudit.lean:659:0: 'ASGinzburg.ZAlgebra.rightFiniteProjectiveBidualUnit' depends on axioms: [propext, Classical.choice, Quot.sound]
2026-10-08T23:51:54.6613966Z info: AxiomAudit.lean:660:0: 'ASGinzburg.ZAlgebra.finiteProjectiveADualEquivalence' depends on axioms: [propext, Classical.choice, Quot.sound]
2026-10-08T23:51:54.6614723Z info: AxiomAudit.lean:661:0: 'ASGinzburg.boolCoproductIsoBiprod' depends on axioms: [propext, Classical.choice, Quot.sound]
2026-10-08T23:51:54.6615415Z info: AxiomAudit.lean:662:0: 'ASGinzburg.ZAlgebra.rightFiniteProjectiveProperty_of_retract' depends on axioms: [propext,
2026-10-08T23:51:54.6615878Z  Classical.choice,
2026-10-08T23:51:54.6616044Z  Quot.sound]
2026-10-08T23:51:54.6616510Z info: AxiomAudit.lean:663:0: 'ASGinzburg.ZAlgebra.rightFiniteProjectiveProperty_of_iso' depends on axioms: [propext, Classical.choice, Quot.sound]
2026-10-08T23:51:54.6617296Z info: AxiomAudit.lean:664:0: 'ASGinzburg.ZAlgebra.rightFiniteProjectiveProperty_finite_coproduct' depends on axioms: [propext,
2026-10-08T23:51:54.6617772Z  Classical.choice,
2026-10-08T23:51:54.6617936Z  Quot.sound]
2026-10-08T23:51:54.6618519Z info: AxiomAudit.lean:665:0: 'ASGinzburg.ZAlgebra.rightFiniteProjectiveProperty_biprod' depends on axioms: [propext, Classical.choice, Quot.sound]
2026-10-08T23:51:54.6619437Z info: AxiomAudit.lean:666:0: 'ASGinzburg.ZAlgebra.rightFiniteProjectiveProperty_of_shortExact' depends on axioms: [propext,
2026-10-08T23:51:54.6619907Z  Classical.choice,
2026-10-08T23:51:54.6620108Z  Quot.sound]
2026-10-08T23:51:54.6620603Z info: AxiomAudit.lean:667:0: 'ASGinzburg.ZAlgebra.leftFiniteProjectiveProperty_of_retract' depends on axioms: [propext, Classical.choice, Quot.sound]
2026-10-08T23:51:54.6621475Z info: AxiomAudit.lean:668:0: 'ASGinzburg.ZAlgebra.leftFiniteProjectiveProperty_of_iso' depends on axioms: [propext, Classical.choice, Quot.sound]
2026-10-08T23:51:54.6621805Z info: AxiomAudit.lean:669:0: 'ASGinzburg.ZAlgebra.leftFiniteProjectiveProperty_finite_coproduct' depends on axioms: [propext,
2026-10-08T23:51:54.6621874Z  Classical.choice,
2026-10-08T23:51:54.6621941Z  Quot.sound]
2026-10-08T23:51:54.6622319Z info: AxiomAudit.lean:670:0: 'ASGinzburg.ZAlgebra.leftFiniteProjectiveProperty_biprod' depends on axioms: [propext, Classical.choice, Quot.sound]
2026-10-08T23:51:54.6622639Z info: AxiomAudit.lean:671:0: 'ASGinzburg.ZAlgebra.leftFiniteProjectiveProperty_of_shortExact' depends on axioms: [propext,
2026-10-08T23:51:54.6622709Z  Classical.choice,
2026-10-08T23:51:54.6622778Z  Quot.sound]
2026-10-08T23:51:54.6623104Z info: AxiomAudit.lean:672:0: 'ASGinzburg.ZAlgebra.exists_rightFiniteProjectiveFourTermResolution' depends on axioms: [propext,
2026-10-08T23:51:54.6623174Z  Classical.choice,
2026-10-08T23:51:54.6623241Z  Quot.sound]
2026-10-08T23:51:54.6623644Z info: AxiomAudit.lean:673:0: 'ASGinzburg.ZAlgebra.rightFiniteProjectiveFourTermResolution' depends on axioms: [propext, Classical.choice, Quot.sound]
2026-10-08T23:51:54.6623983Z info: AxiomAudit.lean:674:0: 'ASGinzburg.ZAlgebra.rightFiniteProjectiveFourTermResolution_finite' depends on axioms: [propext,
2026-10-08T23:51:54.6624055Z  Classical.choice,
2026-10-08T23:51:54.6624121Z  Quot.sound]
2026-10-08T23:51:54.6624448Z info: AxiomAudit.lean:675:0: 'ASGinzburg.ZAlgebra.rightFiniteProjectiveProjectiveResolution' depends on axioms: [propext,
2026-10-08T23:51:54.6624629Z  Classical.choice,
2026-10-08T23:51:54.6624698Z  Quot.sound]
2026-10-08T23:51:54.6625039Z info: AxiomAudit.lean:676:0: 'ASGinzburg.ZAlgebra.rightFiniteProjectiveProjectiveResolution_finite' depends on axioms: [propext,
2026-10-08T23:51:54.6625111Z  Classical.choice,
2026-10-08T23:51:54.6625177Z  Quot.sound]
2026-10-08T23:51:54.6625550Z info: AxiomAudit.lean:677:0: 'ASGinzburg.ZAlgebra.rightFiniteProjectiveProjectiveResolution_isZero_ge_four' depends on axioms: [propext,
2026-10-08T23:51:54.6625623Z  Classical.choice,
2026-10-08T23:51:54.6625687Z  Quot.sound]
2026-10-08T23:51:54.6626009Z info: AxiomAudit.lean:678:0: 'ASGinzburg.ZAlgebra.exists_leftFiniteProjectiveFourTermResolution' depends on axioms: [propext,
2026-10-08T23:51:54.6626078Z  Classical.choice,
2026-10-08T23:51:54.6626145Z  Quot.sound]
2026-10-08T23:51:54.6626543Z info: AxiomAudit.lean:679:0: 'ASGinzburg.ZAlgebra.leftFiniteProjectiveFourTermResolution' depends on axioms: [propext, Classical.choice, Quot.sound]
2026-10-08T23:51:54.6626877Z info: AxiomAudit.lean:680:0: 'ASGinzburg.ZAlgebra.leftFiniteProjectiveFourTermResolution_finite' depends on axioms: [propext,
2026-10-08T23:51:54.6626949Z  Classical.choice,
2026-10-08T23:51:54.6627013Z  Quot.sound]
2026-10-08T23:51:54.6627333Z info: AxiomAudit.lean:681:0: 'ASGinzburg.ZAlgebra.leftFiniteProjectiveProjectiveResolution' depends on axioms: [propext,
2026-10-08T23:51:54.6627401Z  Classical.choice,
2026-10-08T23:51:54.6627469Z  Quot.sound]
2026-10-08T23:51:54.6627812Z info: AxiomAudit.lean:682:0: 'ASGinzburg.ZAlgebra.leftFiniteProjectiveProjectiveResolution_finite' depends on axioms: [propext,
2026-10-08T23:51:54.6627880Z  Classical.choice,
2026-10-08T23:51:54.6627945Z  Quot.sound]
2026-10-08T23:51:54.6628309Z info: AxiomAudit.lean:683:0: 'ASGinzburg.ZAlgebra.leftFiniteProjectiveProjectiveResolution_isZero_ge_four' depends on axioms: [propext,
2026-10-08T23:51:54.6628383Z  Classical.choice,
2026-10-08T23:51:54.6628755Z  Quot.sound]
2026-10-08T23:51:54.6629119Z info: AxiomAudit.lean:684:0: 'ASGinzburg.isIso_natTrans_app_retract_general' depends on axioms: [propext, Classical.choice, Quot.sound]
2026-10-08T23:51:54.6630291Z info: AxiomAudit.lean:685:0: 'ASGinzburg.colimitPostNatTrans' depends on axioms: [propext, Classical.choice, Quot.sound]
2026-10-08T23:51:54.6630623Z info: AxiomAudit.lean:686:0: 'ASGinzburg.preservesColimit_of_functor_retract' depends on axioms: [propext, Classical.choice, Quot.sound]
2026-10-08T23:51:54.6631653Z info: AxiomAudit.lean:687:0: 'ASGinzburg.preservesColimitsOfShape_of_functor_retract' depends on axioms: [propext, Classical.choice, Quot.sound]
2026-10-08T23:51:54.6632195Z info: AxiomAudit.lean:688:0: 'ASGinzburg.ZAlgebra.rightFiniteProjectiveHomPreservesColimits' depends on axioms: [propext,
2026-10-08T23:51:54.6632267Z  Classical.choice,
2026-10-08T23:51:54.6632336Z  Quot.sound]
2026-10-08T23:51:54.6632719Z info: AxiomAudit.lean:689:0: 'ASGinzburg.ZAlgebra.rightFiniteDimensional_component_finite' depends on axioms: [propext, Classical.choice, Quot.sound]
2026-10-08T23:51:54.6634275Z info: AxiomAudit.lean:690:0: 'ASGinzburg.ZAlgebra.finiteRightModuleSupport' depends on axioms: [propext, Classical.choice, Quot.sound]
2026-10-08T23:51:54.6634639Z info: AxiomAudit.lean:691:0: 'ASGinzburg.ZAlgebra.finiteRightModuleSupport_isZero' depends on axioms: [propext, Classical.choice, Quot.sound]
2026-10-08T23:51:54.6635509Z info: AxiomAudit.lean:692:0: 'ASGinzburg.ZAlgebra.finiteRightModuleComponentBasis' depends on axioms: [propext, Classical.choice, Quot.sound]
2026-10-08T23:51:54.6635882Z info: AxiomAudit.lean:693:0: 'ASGinzburg.ZAlgebra.finiteRightModuleGeneratorIndex' depends on axioms: [propext, Classical.choice, Quot.sound]
2026-10-08T23:51:54.6636280Z info: AxiomAudit.lean:694:0: 'ASGinzburg.ZAlgebra.finiteRightModuleGeneratorIndexFintype' depends on axioms: [propext, Classical.choice, Quot.sound]
2026-10-08T23:51:54.6637529Z info: AxiomAudit.lean:695:0: 'ASGinzburg.ZAlgebra.finiteFreeRightModule' depends on axioms: [propext, Classical.choice, Quot.sound]
2026-10-08T23:51:54.6639560Z info: AxiomAudit.lean:696:0: 'ASGinzburg.ZAlgebra.finiteFreeRightModuleπ' depends on axioms: [propext, Classical.choice, Quot.sound]
2026-10-08T23:51:54.6639964Z info: AxiomAudit.lean:697:0: 'ASGinzburg.ZAlgebra.finiteFreeRightModule_finiteProjective' depends on axioms: [propext, Classical.choice, Quot.sound]
2026-10-08T23:51:54.6641377Z info: AxiomAudit.lean:698:0: 'ASGinzburg.ZAlgebra.finiteFreeRightModuleProjective' depends on axioms: [propext, Classical.choice, Quot.sound]
2026-10-08T23:51:54.6642257Z info: AxiomAudit.lean:699:0: 'ASGinzburg.ZAlgebra.finiteFreeRightModuleπEpi' depends on axioms: [propext, Classical.choice, Quot.sound]
2026-10-08T23:51:54.6642994Z info: AxiomAudit.lean:700:0: 'ASGinzburg.ZAlgebra.leftFiniteDimensional_component_finite' depends on axioms: [propext, Classical.choice, Quot.sound]
2026-10-08T23:51:54.6643351Z info: AxiomAudit.lean:701:0: 'ASGinzburg.ZAlgebra.finiteLeftModuleSupport' depends on axioms: [propext, Classical.choice, Quot.sound]
2026-10-08T23:51:54.6643730Z info: AxiomAudit.lean:702:0: 'ASGinzburg.ZAlgebra.finiteLeftModuleSupport_isZero' depends on axioms: [propext, Classical.choice, Quot.sound]
2026-10-08T23:51:54.6644133Z info: AxiomAudit.lean:703:0: 'ASGinzburg.ZAlgebra.finiteLeftModuleComponentBasis' depends on axioms: [propext, Classical.choice, Quot.sound]
2026-10-08T23:51:54.6644537Z info: AxiomAudit.lean:704:0: 'ASGinzburg.ZAlgebra.finiteLeftModuleGeneratorIndex' depends on axioms: [propext, Classical.choice, Quot.sound]
2026-10-08T23:51:54.6644964Z info: AxiomAudit.lean:705:0: 'ASGinzburg.ZAlgebra.finiteLeftModuleGeneratorIndexFintype' depends on axioms: [propext, Classical.choice, Quot.sound]
2026-10-08T23:51:54.6646613Z info: AxiomAudit.lean:706:0: 'ASGinzburg.ZAlgebra.finiteFreeLeftModule' depends on axioms: [propext, Classical.choice, Quot.sound]
2026-10-08T23:51:54.6647172Z info: AxiomAudit.lean:707:0: 'ASGinzburg.ZAlgebra.finiteFreeLeftModuleπ' depends on axioms: [propext, Classical.choice, Quot.sound]
2026-10-08T23:51:54.6647564Z info: AxiomAudit.lean:708:0: 'ASGinzburg.ZAlgebra.finiteFreeLeftModule_finiteProjective' depends on axioms: [propext, Classical.choice, Quot.sound]
2026-10-08T23:51:54.6647937Z info: AxiomAudit.lean:709:0: 'ASGinzburg.ZAlgebra.finiteFreeLeftModuleProjective' depends on axioms: [propext, Classical.choice, Quot.sound]
2026-10-08T23:51:54.6648371Z info: AxiomAudit.lean:710:0: 'ASGinzburg.ZAlgebra.finiteFreeLeftModuleπEpi' depends on axioms: [propext, Classical.choice, Quot.sound]
2026-10-08T23:51:54.6648922Z info: AxiomAudit.lean:711:0: 'ASGinzburg.ZAlgebra.rightFiniteProjectiveHigherExtFunctorIsZero' depends on axioms: [propext,
2026-10-08T23:51:54.6648993Z  Classical.choice,
2026-10-08T23:51:54.6649062Z  Quot.sound]
2026-10-08T23:51:54.6649387Z info: AxiomAudit.lean:712:0: 'ASGinzburg.ZAlgebra.rightFiniteProjectiveExtPreservesColimits' depends on axioms: [propext,
2026-10-08T23:51:54.6649468Z  Classical.choice,
2026-10-08T23:51:54.6649533Z  Quot.sound]
2026-10-08T23:51:54.6649927Z info: AxiomAudit.lean:713:0: 'ASGinzburg.ZAlgebra.rightFiniteProjectiveResolutionExtPreservesExactColimits' depends on axioms: [propext,
2026-10-08T23:51:54.6649999Z  Classical.choice,
2026-10-08T23:51:54.6650064Z  Quot.sound]
2026-10-08T23:51:54.6650514Z info: AxiomAudit.lean:714:0: 'ASGinzburg.ZAlgebra.rightFiniteDimensionalExtPreservesExactColimits' depends on axioms: [propext,
2026-10-08T23:51:54.6650604Z  Classical.choice,
2026-10-08T23:51:54.6650673Z  Quot.sound]
2026-10-08T23:51:54.6651014Z info: AxiomAudit.lean:715:0: 'ASGinzburg.ZAlgebra.rightFiniteDimensionalExtPreservesCoproducts' depends on axioms: [propext,
2026-10-08T23:51:54.6651088Z  Classical.choice,
2026-10-08T23:51:54.6651156Z  Quot.sound]
2026-10-08T23:51:54.6651557Z info: AxiomAudit.lean:716:0: 'ASGinzburg.ZAlgebra.rightFiniteDimensionalExtCoproductIso' depends on axioms: [propext, Classical.choice, Quot.sound]
2026-10-08T23:51:54.6651903Z info: AxiomAudit.lean:717:0: 'ASGinzburg.ZAlgebra.rightFiniteDimensionalExtDirectSumLinearEquiv' depends on axioms: [propext,
2026-10-08T23:51:54.6652069Z  Classical.choice,
2026-10-08T23:51:54.6652137Z  Quot.sound]
2026-10-08T23:51:54.6653890Z info: AxiomAudit.lean:718:0: 'ASGinzburg.ZAlgebra.HasRightFiniteProjectiveResolutionLength' depends on axioms: [propext,
2026-10-08T23:51:54.6653966Z  Classical.choice,
2026-10-08T23:51:54.6654035Z  Quot.sound]
2026-10-08T23:51:54.6654399Z info: AxiomAudit.lean:719:0: 'ASGinzburg.ZAlgebra.hasRightFiniteProjectiveResolutionLength_of_iso' depends on axioms: [propext,
2026-10-08T23:51:54.6654913Z  Classical.choice,
2026-10-08T23:51:54.6655630Z  Quot.sound]
2026-10-08T23:51:54.6655989Z info: AxiomAudit.lean:720:0: 'ASGinzburg.ZAlgebra.hasRightFiniteProjectiveResolutionLength_of_isZero' depends on axioms: [propext,
2026-10-08T23:51:54.6656060Z  Classical.choice,
2026-10-08T23:51:54.6656128Z  Quot.sound]
2026-10-08T23:51:54.6657602Z info: AxiomAudit.lean:721:0: 'ASGinzburg.ZAlgebra.hasRightFiniteProjectiveResolutionLength_of_fourTermResolution' depends on axioms: [propext,
2026-10-08T23:51:54.6657677Z  Classical.choice,
2026-10-08T23:51:54.6657745Z  Quot.sound]
2026-10-08T23:51:54.6658113Z info: AxiomAudit.lean:722:0: 'ASGinzburg.ZAlgebra.hasRightFiniteProjectiveResolutionLength_of_shortExact' depends on axioms: [propext,
2026-10-08T23:51:54.6658186Z  Classical.choice,
2026-10-08T23:51:54.6658250Z  Quot.sound]
2026-10-08T23:51:54.6659920Z info: AxiomAudit.lean:723:0: 'ASGinzburg.ZAlgebra.HasLeftFiniteProjectiveResolutionLength' depends on axioms: [propext, Classical.choice, Quot.sound]
2026-10-08T23:51:54.6661233Z info: AxiomAudit.lean:724:0: 'ASGinzburg.ZAlgebra.hasLeftFiniteProjectiveResolutionLength_of_iso' depends on axioms: [propext,
2026-10-08T23:51:54.6661363Z  Classical.choice,
2026-10-08T23:51:54.6661433Z  Quot.sound]
2026-10-08T23:51:54.6661779Z info: AxiomAudit.lean:725:0: 'ASGinzburg.ZAlgebra.hasLeftFiniteProjectiveResolutionLength_of_isZero' depends on axioms: [propext,
2026-10-08T23:51:54.6661854Z  Classical.choice,
2026-10-08T23:51:54.6662017Z  Quot.sound]
2026-10-08T23:51:54.6663572Z info: AxiomAudit.lean:726:0: 'ASGinzburg.ZAlgebra.hasLeftFiniteProjectiveResolutionLength_of_fourTermResolution' depends on axioms: [propext,
2026-10-08T23:51:54.6663646Z  Classical.choice,
2026-10-08T23:51:54.6663712Z  Quot.sound]
2026-10-08T23:51:54.6664665Z info: AxiomAudit.lean:727:0: 'ASGinzburg.ZAlgebra.hasLeftFiniteProjectiveResolutionLength_of_shortExact' depends on axioms: [propext,
2026-10-08T23:51:54.6665454Z  Classical.choice,
2026-10-08T23:51:54.6665527Z  Quot.sound]
2026-10-08T23:51:54.6665887Z info: AxiomAudit.lean:728:0: 'ASGinzburg.ZAlgebra.rightModule_isZero_of_components' depends on axioms: [propext, Classical.choice, Quot.sound]
2026-10-08T23:51:54.6667055Z info: AxiomAudit.lean:729:0: 'ASGinzburg.ZAlgebra.rightFiniteDimensional_minimal_nonzero_component' depends on axioms: [propext,
2026-10-08T23:51:54.6667381Z  Classical.choice,
2026-10-08T23:51:54.6667449Z  Quot.sound]
2026-10-08T23:51:54.6667825Z info: AxiomAudit.lean:730:0: 'ASGinzburg.ZAlgebra.simpleRightModule_hom_of_low_support' depends on axioms: [propext, Classical.choice, Quot.sound]
2026-10-08T23:51:54.6668197Z info: AxiomAudit.lean:731:0: 'ASGinzburg.ZAlgebra.rightFiniteDimensional_exists_vertex_simple_subobject' depends on axioms: [propext,
2026-10-08T23:51:54.6668270Z  Classical.choice,
2026-10-08T23:51:54.6668361Z  Quot.sound]
2026-10-08T23:51:54.6668884Z info: AxiomAudit.lean:732:0: 'ASGinzburg.ZAlgebra.leftFiniteDimensional_maximal_nonzero_component' depends on axioms: [propext,
2026-10-08T23:51:54.6668957Z  Classical.choice,
2026-10-08T23:51:54.6670235Z  Quot.sound]
2026-10-08T23:51:54.6670782Z info: AxiomAudit.lean:733:0: 'ASGinzburg.ZAlgebra.simpleLeftModule_hom_of_high_support' depends on axioms: [propext, Classical.choice, Quot.sound]
2026-10-08T23:51:54.6671147Z info: AxiomAudit.lean:734:0: 'ASGinzburg.ZAlgebra.leftFiniteDimensional_exists_vertex_simple_subobject' depends on axioms: [propext,
2026-10-08T23:51:54.6671322Z  Classical.choice,
2026-10-08T23:51:54.6671392Z  Quot.sound]
2026-10-08T23:51:54.6671713Z info: AxiomAudit.lean:735:0: 'ASGinzburg.ZAlgebra.rightFiniteDimensional_cokernel_finrank_lt' depends on axioms: [propext,
2026-10-08T23:51:54.6671788Z  Classical.choice,
2026-10-08T23:51:54.6671853Z  Quot.sound]
2026-10-08T23:51:54.6672171Z info: AxiomAudit.lean:736:0: 'ASGinzburg.ZAlgebra.leftFiniteDimensional_cokernel_finrank_lt' depends on axioms: [propext,
2026-10-08T23:51:54.6672241Z  Classical.choice,
2026-10-08T23:51:54.6672308Z  Quot.sound]
2026-10-08T23:51:54.6672655Z info: AxiomAudit.lean:737:0: 'ASGinzburg.ZAlgebra.RightVertexFiltration' depends on axioms: [propext, Classical.choice, Quot.sound]
2026-10-08T23:51:54.6672977Z info: AxiomAudit.lean:738:0: 'ASGinzburg.ZAlgebra.rightFiniteDimensional_hasVertexFiltration' depends on axioms: [propext,
2026-10-08T23:51:54.6673047Z  Classical.choice,
2026-10-08T23:51:54.6673111Z  Quot.sound]
2026-10-08T23:51:54.6673519Z info: AxiomAudit.lean:739:0: 'ASGinzburg.ZAlgebra.rightFiniteDimensionalVertexFiltration' depends on axioms: [propext, Classical.choice, Quot.sound]
2026-10-08T23:51:54.6673854Z info: AxiomAudit.lean:740:0: 'ASGinzburg.ZAlgebra.LeftVertexFiltration' depends on axioms: [propext, Classical.choice, Quot.sound]
2026-10-08T23:51:54.6674162Z info: AxiomAudit.lean:741:0: 'ASGinzburg.ZAlgebra.leftFiniteDimensional_hasVertexFiltration' depends on axioms: [propext,
2026-10-08T23:51:54.6674234Z  Classical.choice,
2026-10-08T23:51:54.6674299Z  Quot.sound]
2026-10-08T23:51:54.6674700Z info: AxiomAudit.lean:742:0: 'ASGinzburg.ZAlgebra.leftFiniteDimensionalVertexFiltration' depends on axioms: [propext, Classical.choice, Quot.sound]
2026-10-08T23:51:54.6675071Z info: AxiomAudit.lean:743:0: 'ASGinzburg.ZAlgebra.rightFiniteWindowRepresentable' depends on axioms: [propext, Classical.choice, Quot.sound]
2026-10-08T23:51:54.6675429Z info: AxiomAudit.lean:744:0: 'ASGinzburg.ZAlgebra.rightFiniteWindowEvaluation' depends on axioms: [propext, Classical.choice, Quot.sound]
2026-10-08T23:51:54.6675891Z info: AxiomAudit.lean:745:0: 'ASGinzburg.ZAlgebra.rightFiniteWindowEvaluationPreservesFiniteLimits' depends on axioms: [propext,
2026-10-08T23:51:54.6675960Z  Classical.choice,
2026-10-08T23:51:54.6676028Z  Quot.sound]
2026-10-08T23:51:54.6676389Z info: AxiomAudit.lean:746:0: 'ASGinzburg.ZAlgebra.rightFiniteWindowEvaluationPreservesFiniteColimits' depends on axioms: [propext,
2026-10-08T23:51:54.6676459Z  Classical.choice,
2026-10-08T23:51:54.6676526Z  Quot.sound]
2026-10-08T23:51:54.6676854Z info: AxiomAudit.lean:747:0: 'ASGinzburg.ZAlgebra.rightFiniteWindowRepresentableYonedaEquiv' depends on axioms: [propext,
2026-10-08T23:51:54.6676925Z  Classical.choice,
2026-10-08T23:51:54.6676990Z  Quot.sound]
2026-10-08T23:51:54.6677339Z info: AxiomAudit.lean:748:0: 'ASGinzburg.ZAlgebra.rightFiniteWindowRepresentableYonedaEquiv_comp' depends on axioms: [propext,
2026-10-08T23:51:54.6677408Z  Classical.choice,
2026-10-08T23:51:54.6677475Z  Quot.sound]
2026-10-08T23:51:54.6677803Z info: AxiomAudit.lean:749:0: 'ASGinzburg.ZAlgebra.rightFiniteWindowRepresentableProjective' depends on axioms: [propext,
2026-10-08T23:51:54.6677874Z  Classical.choice,
2026-10-08T23:51:54.6677943Z  Quot.sound]
2026-10-08T23:51:54.6678348Z info: AxiomAudit.lean:750:0: 'ASGinzburg.ZAlgebra.rightTruncatedRepresentableSimpleCover' depends on axioms: [propext, Classical.choice, Quot.sound]
2026-10-08T23:51:54.6678900Z info: AxiomAudit.lean:751:0: 'ASGinzburg.ZAlgebra.rightTruncatedRepresentableπ_simpleCover' depends on axioms: [propext,
2026-10-08T23:51:54.6678969Z  Classical.choice,
2026-10-08T23:51:54.6679036Z  Quot.sound]
2026-10-08T23:51:54.6679364Z info: AxiomAudit.lean:752:0: 'ASGinzburg.ZAlgebra.rightTruncatedRepresentableSimpleCoverEpi' depends on axioms: [propext,
2026-10-08T23:51:54.6679434Z  Classical.choice,
2026-10-08T23:51:54.6679501Z  Quot.sound]
2026-10-08T23:51:54.6679887Z info: AxiomAudit.lean:753:0: 'ASGinzburg.ZAlgebra.rightTruncatedRepresentableEndEquiv' depends on axioms: [propext, Classical.choice, Quot.sound]
2026-10-08T23:51:54.6680390Z info: AxiomAudit.lean:754:0: 'ASGinzburg.ZAlgebra.rightTruncatedRepresentableEnd_finrank' depends on axioms: [propext, Classical.choice, Quot.sound]
2026-10-08T23:51:54.6680739Z info: AxiomAudit.lean:755:0: 'ASGinzburg.ZAlgebra.rightFiniteWindowSimple' depends on axioms: [propext, Classical.choice, Quot.sound]
2026-10-08T23:51:54.6681132Z info: AxiomAudit.lean:756:0: 'ASGinzburg.ZAlgebra.rightFiniteWindowRepresentableCover' depends on axioms: [propext, Classical.choice, Quot.sound]
2026-10-08T23:51:54.6681539Z info: AxiomAudit.lean:757:0: 'ASGinzburg.ZAlgebra.rightFiniteWindowRepresentableCoverEpi' depends on axioms: [propext, Classical.choice, Quot.sound]
2026-10-08T23:51:54.6681880Z info: AxiomAudit.lean:758:0: 'ASGinzburg.ZAlgebra.rightTruncatedRepresentableSimpleCover_nonzero' depends on axioms: [propext,
2026-10-08T23:51:54.6681955Z  Classical.choice,
2026-10-08T23:51:54.6682023Z  Quot.sound]
2026-10-08T23:51:54.6682345Z info: AxiomAudit.lean:759:0: 'ASGinzburg.ZAlgebra.rightTruncatedRepresentable_cover_rigidity' depends on axioms: [propext,
2026-10-08T23:51:54.6682417Z  Classical.choice,
2026-10-08T23:51:54.6682483Z  Quot.sound]
2026-10-08T23:51:54.6682814Z info: AxiomAudit.lean:760:0: 'ASGinzburg.ZAlgebra.rightFiniteWindowRepresentable_cover_rigidity' depends on axioms: [propext,
2026-10-08T23:51:54.6682882Z  Classical.choice,
2026-10-08T23:51:54.6682950Z  Quot.sound]
2026-10-08T23:51:54.6683283Z info: AxiomAudit.lean:761:0: 'ASGinzburg.ZAlgebra.rightFiniteWindowRepresentableCover_essential' depends on axioms: [propext,
2026-10-08T23:51:54.6683353Z  Classical.choice,
2026-10-08T23:51:54.6683421Z  Quot.sound]
2026-10-08T23:51:54.6683756Z info: AxiomAudit.lean:762:0: 'ASGinzburg.supportedDifferenceProjection' depends on axioms: [propext, Classical.choice, Quot.sound]
2026-10-08T23:51:54.6684125Z info: AxiomAudit.lean:763:0: 'ASGinzburg.supportedDifferenceProjection_surjective' depends on axioms: [propext, Classical.choice, Quot.sound]
2026-10-08T23:51:54.6684556Z info: AxiomAudit.lean:764:0: 'ASGinzburg.supportedDifferenceProjection_ker' depends on axioms: [propext, Classical.choice, Quot.sound]
2026-10-08T23:51:54.6684902Z info: AxiomAudit.lean:765:0: 'ASGinzburg.supportedQuotientDifferenceEquiv' depends on axioms: [propext, Classical.choice, Quot.sound]
2026-10-08T23:51:54.6685255Z info: AxiomAudit.lean:766:0: 'ASGinzburg.supportedQuotientDifferenceEquiv_mk' depends on axioms: [propext, Classical.choice, Quot.sound]
2026-10-08T23:51:54.6685537Z info: AxiomAudit.lean:767:0: 'ASGinzburg.exact_epi_comp_iff' depends on axioms: [propext, Classical.choice, Quot.sound]
2026-10-08T23:51:54.6685869Z info: AxiomAudit.lean:768:0: 'ASGinzburg.FourTermProjectiveResolution' depends on axioms: [propext, Classical.choice, Quot.sound]
2026-10-08T23:51:54.6686215Z info: AxiomAudit.lean:769:0: 'ASGinzburg.FourTermProjectiveResolution.term' depends on axioms: [propext, Classical.choice, Quot.sound]
2026-10-08T23:51:54.6686601Z info: AxiomAudit.lean:770:0: 'ASGinzburg.FourTermProjectiveResolution.differential' depends on axioms: [propext, Classical.choice, Quot.sound]
2026-10-08T23:51:54.6687023Z info: AxiomAudit.lean:771:0: 'ASGinzburg.FourTermProjectiveResolution.differential_sq' depends on axioms: [propext, Classical.choice, Quot.sound]
2026-10-08T23:51:54.6687393Z info: AxiomAudit.lean:772:0: 'ASGinzburg.FourTermProjectiveResolution.complex' depends on axioms: [propext, Classical.choice, Quot.sound]
2026-10-08T23:51:54.6687797Z info: AxiomAudit.lean:773:0: 'ASGinzburg.FourTermProjectiveResolution.termProjective' depends on axioms: [propext, Classical.choice, Quot.sound]
2026-10-08T23:51:54.6688127Z info: AxiomAudit.lean:774:0: 'ASGinzburg.FourTermProjectiveResolution.complex_exactAt_succ' depends on axioms: [propext,
2026-10-08T23:51:54.6688197Z  Classical.choice,
2026-10-08T23:51:54.6688266Z  Quot.sound]
2026-10-08T23:51:54.6688837Z info: AxiomAudit.lean:775:0: 'ASGinzburg.FourTermProjectiveResolution.augmentation' depends on axioms: [propext, Classical.choice, Quot.sound]
2026-10-08T23:51:54.6689268Z info: AxiomAudit.lean:776:0: 'ASGinzburg.FourTermProjectiveResolution.augmentationQuasiIso' depends on axioms: [propext,
2026-10-08T23:51:54.6689342Z  Classical.choice,
2026-10-08T23:51:54.6689406Z  Quot.sound]
2026-10-08T23:51:54.6689738Z info: AxiomAudit.lean:777:0: 'ASGinzburg.FourTermProjectiveResolution.toProjectiveResolution' depends on axioms: [propext,
2026-10-08T23:51:54.6689807Z  Classical.choice,
2026-10-08T23:51:54.6689875Z  Quot.sound]
2026-10-08T23:51:54.6690187Z info: AxiomAudit.lean:778:0: 'ASGinzburg.FourTermProjectiveResolution.complex_isZero_ge_four' depends on axioms: [propext,
2026-10-08T23:51:54.6690256Z  Classical.choice,
2026-10-08T23:51:54.6690323Z  Quot.sound]
2026-10-08T23:51:54.6690708Z info: AxiomAudit.lean:779:0: 'ASGinzburg.FourTermProjectiveResolution.ofKernelCovers' depends on axioms: [propext, Classical.choice, Quot.sound]
2026-10-08T23:51:54.6691047Z info: AxiomAudit.lean:780:0: 'ASGinzburg.linearCombination_ker_le_supported' depends on axioms: [propext, Classical.choice, Quot.sound]
2026-10-08T23:51:54.6691282Z info: AxiomAudit.lean:781:0: 'ASGinzburg.fullSubcategoryOpFunctor' depends on axioms: [propext]
2026-10-08T23:51:54.6691515Z info: AxiomAudit.lean:782:0: 'ASGinzburg.fullSubcategoryOpInverse' depends on axioms: [propext]
2026-10-08T23:51:54.6691846Z info: AxiomAudit.lean:783:0: 'ASGinzburg.fullSubcategoryOpEquivalence' depends on axioms: [propext, Classical.choice, Quot.sound]
2026-10-08T23:51:54.6692144Z info: AxiomAudit.lean:784:0: 'ASGinzburg.restrictEquivalence' depends on axioms: [propext, Classical.choice, Quot.sound]
2026-10-08T23:51:54.6692480Z info: AxiomAudit.lean:785:0: 'ASGinzburg.ZAlgebra.LinearIdeal.generated' depends on axioms: [propext, Classical.choice, Quot.sound]
2026-10-08T23:51:54.6692832Z info: AxiomAudit.lean:786:0: 'ASGinzburg.ZAlgebra.LinearIdeal.subset_generated' depends on axioms: [propext, Classical.choice, Quot.sound]
2026-10-08T23:51:54.6693171Z info: AxiomAudit.lean:787:0: 'ASGinzburg.ZAlgebra.LinearIdeal.generated_le' depends on axioms: [propext, Classical.choice, Quot.sound]
2026-10-08T23:51:54.6693628Z info: AxiomAudit.lean:788:0: 'ASGinzburg.CutQuiver.GinzburgAssociatedGraded' depends on axioms: [propext, Classical.choice, Quot.sound]
2026-10-08T23:51:54.6694029Z info: AxiomAudit.lean:789:0: 'ASGinzburg.CutQuiver.ginzburgAssociatedGradedDifferential' depends on axioms: [propext, Classical.choice, Quot.sound]
2026-10-08T23:51:54.6694412Z info: AxiomAudit.lean:790:0: 'ASGinzburg.CutQuiver.ginzburgAssociatedGradedDifferential_square' depends on axioms: [propext,
2026-10-08T23:51:54.6694482Z  Classical.choice,
2026-10-08T23:51:54.6694550Z  Quot.sound]
2026-10-08T23:51:54.6694928Z info: AxiomAudit.lean:791:0: 'ASGinzburg.CutQuiver.ginzburgAssociatedGradedComplex' depends on axioms: [propext, Classical.choice, Quot.sound]
2026-10-08T23:51:54.6695323Z info: AxiomAudit.lean:792:0: 'ASGinzburg.CutQuiver.ginzburgFilteredToAssociatedGraded' depends on axioms: [propext, Classical.choice, Quot.sound]
2026-10-08T23:51:54.6695686Z info: AxiomAudit.lean:793:0: 'ASGinzburg.CutQuiver.ginzburgCochainZero_outgoing' depends on axioms: [propext, Classical.choice, Quot.sound]
2026-10-08T23:51:54.6696051Z info: AxiomAudit.lean:794:0: 'ASGinzburg.CutQuiver.ginzburgHomologyAugmentation' depends on axioms: [propext, Classical.choice, Quot.sound]
2026-10-08T23:51:54.6696418Z info: AxiomAudit.lean:795:0: 'ASGinzburg.CutQuiver.ginzburgJacobianAugmentation' depends on axioms: [propext, Classical.choice, Quot.sound]
2026-10-08T23:51:54.6696741Z info: AxiomAudit.lean:796:0: 'ASGinzburg.CutQuiver.ginzburgHomologyAugmentation_quasiIso_iff' depends on axioms: [propext,
2026-10-08T23:51:54.6696811Z  Classical.choice,
2026-10-08T23:51:54.6696880Z  Quot.sound]
2026-10-08T23:51:54.6697518Z info: AxiomAudit.lean:797:0: 'ASGinzburg.CutQuiver.ginzburgJacobianAugmentation_quasiIso_iff' depends on axioms: [propext,
2026-10-08T23:51:54.6697590Z  Classical.choice,
2026-10-08T23:51:54.6697655Z  Quot.sound]
2026-10-08T23:51:54.6697965Z info: AxiomAudit.lean:798:0: 'ASGinzburg.CutQuiver.ginzburgRegular_iff_augmentation_quasiIso' depends on axioms: [propext,
2026-10-08T23:51:54.6698108Z  Classical.choice,
2026-10-08T23:51:54.6698172Z  Quot.sound]
2026-10-08T23:51:54.6698629Z info: AxiomAudit.lean:799:0: 'ASGinzburg.CutQuiver.ginzburgAugmentationSubmodule' depends on axioms: [propext, Classical.choice, Quot.sound]
2026-10-08T23:51:54.6698996Z info: AxiomAudit.lean:800:0: 'ASGinzburg.CutQuiver.ginzburgAugmentationLastEquiv' depends on axioms: [propext, Classical.choice, Quot.sound]
2026-10-08T23:51:54.6699379Z info: AxiomAudit.lean:801:0: 'ASGinzburg.CutQuiver.ginzburgAugmentationPrefixEquiv' depends on axioms: [propext, Classical.choice, Quot.sound]
2026-10-08T23:51:54.6699702Z info: AxiomAudit.lean:802:0: 'ASGinzburg.CutQuiver.ginzburgAugmentationLastEquiv_symm_single' depends on axioms: [propext,
2026-10-08T23:51:54.6699772Z  Classical.choice,
2026-10-08T23:51:54.6699840Z  Quot.sound]
2026-10-08T23:51:54.6700227Z info: AxiomAudit.lean:803:0: 'ASGinzburg.CutQuiver.ginzburgAugmentationAtDegree_eq_inf' depends on axioms: [propext, Classical.choice, Quot.sound]
2026-10-08T23:51:54.6700557Z info: AxiomAudit.lean:804:0: 'ASGinzburg.CutQuiver.ginzburgDifferential_mem_augmentationAtDegree' depends on axioms: [propext,
2026-10-08T23:51:54.6700625Z  Classical.choice,
2026-10-08T23:51:54.6700692Z  Quot.sound]
2026-10-08T23:51:54.6701100Z info: AxiomAudit.lean:805:0: 'ASGinzburg.CutQuiver.ginzburgAugmentationGradedDifferential' depends on axioms: [propext, Classical.choice, Quot.sound]
2026-10-08T23:51:54.6701437Z info: AxiomAudit.lean:806:0: 'ASGinzburg.CutQuiver.ginzburgAugmentationGradedDifferential_square' depends on axioms: [propext,
2026-10-08T23:51:54.6701508Z  Classical.choice,
2026-10-08T23:51:54.6701573Z  Quot.sound]
2026-10-08T23:51:54.6701966Z info: AxiomAudit.lean:807:0: 'ASGinzburg.CutQuiver.ginzburgAugmentationCochainComplex' depends on axioms: [propext, Classical.choice, Quot.sound]
2026-10-08T23:51:54.6702483Z info: AxiomAudit.lean:808:0: 'ASGinzburg.CutQuiver.ginzburgAugmentationCochainComplex_d' depends on axioms: [propext, Classical.choice, Quot.sound]
2026-10-08T23:51:54.6702889Z info: AxiomAudit.lean:809:0: 'ASGinzburg.CutQuiver.ginzburgAugmentationHomology' depends on axioms: [propext, Classical.choice, Quot.sound]
2026-10-08T23:51:54.6703240Z info: AxiomAudit.lean:810:0: 'ASGinzburg.CutQuiver.GinzburgLastGeneratorData.degreeSigmaEquiv' does not depend on any axioms
2026-10-08T23:51:54.6703620Z info: AxiomAudit.lean:811:0: 'ASGinzburg.CutQuiver.ginzburgAugmentationAtDegree' depends on axioms: [propext, Classical.choice, Quot.sound]
2026-10-08T23:51:54.6704010Z info: AxiomAudit.lean:812:0: 'ASGinzburg.CutQuiver.ginzburgCutComponentBasisEquiv' depends on axioms: [propext, Classical.choice, Quot.sound]
2026-10-08T23:51:54.6704423Z info: AxiomAudit.lean:813:0: 'ASGinzburg.CutQuiver.ginzburgAugmentationGradedFreeEquiv' depends on axioms: [propext, Classical.choice, Quot.sound]
2026-10-08T23:51:54.6704746Z info: AxiomAudit.lean:814:0: 'ASGinzburg.CutQuiver.ginzburgAugmentationAtDegree_eq_cut_of_neg' depends on axioms: [propext,
2026-10-08T23:51:54.6704823Z  Classical.choice,
2026-10-08T23:51:54.6704889Z  Quot.sound]
2026-10-08T23:51:54.6705239Z info: AxiomAudit.lean:815:0: 'ASGinzburg.CutQuiver.ginzburgAugmentationHomology_succ_isZero_iff_cycles' depends on axioms: [propext,
2026-10-08T23:51:54.6705309Z  Classical.choice,
2026-10-08T23:51:54.6705377Z  Quot.sound]
2026-10-08T23:51:54.6705640Z info: AxiomAudit.lean:816:0: 'ASGinzburg.CutQuiver.GinzburgPath.length_comp' depends on axioms: [propext]
2026-10-08T23:51:54.6705952Z info: AxiomAudit.lean:817:0: 'ASGinzburg.CutQuiver.ginzburgAugmentationSubmodule_comp_left' depends on axioms: [propext,
2026-10-08T23:51:54.6706023Z  Classical.choice,
2026-10-08T23:51:54.6706088Z  Quot.sound]
2026-10-08T23:51:54.6706405Z info: AxiomAudit.lean:818:0: 'ASGinzburg.CutQuiver.ginzburgAugmentationSubmodule_comp_right' depends on axioms: [propext,
2026-10-08T23:51:54.6706474Z  Classical.choice,
2026-10-08T23:51:54.6706542Z  Quot.sound]
2026-10-08T23:51:54.6706971Z info: AxiomAudit.lean:819:0: 'ASGinzburg.CutQuiver.GinzburgPath.differential_mem_augmentation' depends on axioms: [propext,
2026-10-08T23:51:54.6707040Z  Classical.choice,
2026-10-08T23:51:54.6707108Z  Quot.sound]
2026-10-08T23:51:54.6707495Z info: AxiomAudit.lean:820:0: 'ASGinzburg.CutQuiver.ginzburgDifferential_mem_augmentation' depends on axioms: [propext, Classical.choice, Quot.sound]
2026-10-08T23:51:54.6707883Z info: AxiomAudit.lean:821:0: 'ASGinzburg.CutQuiver.ginzburgAugmentationDifferential' depends on axioms: [propext, Classical.choice, Quot.sound]
2026-10-08T23:51:54.6708200Z info: AxiomAudit.lean:822:0: 'ASGinzburg.CutQuiver.ginzburgAugmentationDifferential_square' depends on axioms: [propext,
2026-10-08T23:51:54.6708270Z  Classical.choice,
2026-10-08T23:51:54.6708337Z  Quot.sound]
2026-10-08T23:51:54.6708894Z info: AxiomAudit.lean:823:0: 'ASGinzburg.CutQuiver.ginzburgAugmentationCochainInclusion' depends on axioms: [propext, Classical.choice, Quot.sound]
2026-10-08T23:51:54.6709241Z info: AxiomAudit.lean:824:0: 'ASGinzburg.CutQuiver.GinzburgRegular.augmentationHomology_succ_isZero' depends on axioms: [propext,
2026-10-08T23:51:54.6709312Z  Classical.choice,
2026-10-08T23:51:54.6709380Z  Quot.sound]
2026-10-08T23:51:54.6709712Z info: AxiomAudit.lean:825:0: 'ASGinzburg.CutQuiver.GinzburgRegular.augmentationHomology_isZero' depends on axioms: [propext,
2026-10-08T23:51:54.6709782Z  Classical.choice,
2026-10-08T23:51:54.6709852Z  Quot.sound]
2026-10-08T23:51:54.6710240Z info: AxiomAudit.lean:826:0: 'ASGinzburg.CutQuiver.originalGinzburgLinearMap_degreeZero' depends on axioms: [propext, Classical.choice, Quot.sound]
2026-10-08T23:51:54.6710609Z info: AxiomAudit.lean:827:0: 'ASGinzburg.CutQuiver.ginzburgBoundarySpace_comp_left' depends on axioms: [propext, Classical.choice, Quot.sound]
2026-10-08T23:51:54.6710978Z info: AxiomAudit.lean:828:0: 'ASGinzburg.CutQuiver.ginzburgBoundarySpace_comp_right' depends on axioms: [propext, Classical.choice, Quot.sound]
2026-10-08T23:51:54.6711413Z info: AxiomAudit.lean:829:0: 'ASGinzburg.CutQuiver.ginzburgBoundaryLift' depends on axioms: [propext, Classical.choice, Quot.sound]
2026-10-08T23:51:54.6711756Z info: AxiomAudit.lean:830:0: 'ASGinzburg.CutQuiver.ginzburgBoundarySpace' depends on axioms: [propext, Classical.choice, Quot.sound]
2026-10-08T23:51:54.6712150Z info: AxiomAudit.lean:831:0: 'ASGinzburg.CutQuiver.originalGinzburgLinearMap_boundaryLift' depends on axioms: [propext, Classical.choice, Quot.sound]
2026-10-08T23:51:54.6712511Z info: AxiomAudit.lean:832:0: 'ASGinzburg.CutQuiver.ginzburgBoundarySpace_mem_iff' depends on axioms: [propext, Classical.choice, Quot.sound]
2026-10-08T23:51:54.6712871Z info: AxiomAudit.lean:833:0: 'ASGinzburg.CutQuiver.ginzburgGradedDifferential' depends on axioms: [propext, Classical.choice, Quot.sound]
2026-10-08T23:51:54.6713241Z info: AxiomAudit.lean:834:0: 'ASGinzburg.CutQuiver.ginzburgGradedDifferential_coe' depends on axioms: [propext, Classical.choice, Quot.sound]
2026-10-08T23:51:54.6713625Z info: AxiomAudit.lean:835:0: 'ASGinzburg.CutQuiver.ginzburgGradedDifferential_square' depends on axioms: [propext, Classical.choice, Quot.sound]
2026-10-08T23:51:54.6713992Z info: AxiomAudit.lean:836:0: 'ASGinzburg.CutQuiver.ginzburgCochainDifferential' depends on axioms: [propext, Classical.choice, Quot.sound]
2026-10-08T23:51:54.6714378Z info: AxiomAudit.lean:837:0: 'ASGinzburg.CutQuiver.ginzburgCochainDifferential_square' depends on axioms: [propext, Classical.choice, Quot.sound]
2026-10-08T23:51:54.6714725Z info: AxiomAudit.lean:838:0: 'ASGinzburg.CutQuiver.ginzburgCochainComplex' depends on axioms: [propext, Classical.choice, Quot.sound]
2026-10-08T23:51:54.6715074Z info: AxiomAudit.lean:839:0: 'ASGinzburg.CutQuiver.ginzburgCochainComplex_d' depends on axioms: [propext, Classical.choice, Quot.sound]
2026-10-08T23:51:54.6715398Z info: AxiomAudit.lean:840:0: 'ASGinzburg.CutQuiver.ginzburgHomology' depends on axioms: [propext, Classical.choice, Quot.sound]
2026-10-08T23:51:54.6715768Z info: AxiomAudit.lean:841:0: 'ASGinzburg.CutQuiver.ginzburgCutCochainZero_outgoing' depends on axioms: [propext, Classical.choice, Quot.sound]
2026-10-08T23:51:54.6716238Z info: AxiomAudit.lean:842:0: 'ASGinzburg.CutQuiver.ginzburgCutHomologyAugmentation' depends on axioms: [propext, Classical.choice, Quot.sound]
2026-10-08T23:51:54.6716618Z info: AxiomAudit.lean:843:0: 'ASGinzburg.CutQuiver.ginzburgCutJacobianAugmentation' depends on axioms: [propext, Classical.choice, Quot.sound]
2026-10-08T23:51:54.6716952Z info: AxiomAudit.lean:844:0: 'ASGinzburg.CutQuiver.ginzburgCutHomologyAugmentation_quasiIso_iff' depends on axioms: [propext,
2026-10-08T23:51:54.6717024Z  Classical.choice,
2026-10-08T23:51:54.6717089Z  Quot.sound]
2026-10-08T23:51:54.6717420Z info: AxiomAudit.lean:845:0: 'ASGinzburg.CutQuiver.ginzburgCutJacobianAugmentation_quasiIso_iff' depends on axioms: [propext,
2026-10-08T23:51:54.6717493Z  Classical.choice,
2026-10-08T23:51:54.6717558Z  Quot.sound]
2026-10-08T23:51:54.6717873Z info: AxiomAudit.lean:846:0: 'ASGinzburg.CutQuiver.ginzburgRegular_iff_cutAugmentation_quasiIso' depends on axioms: [propext,
2026-10-08T23:51:54.6717947Z  Classical.choice,
2026-10-08T23:51:54.6718017Z  Quot.sound]
2026-10-08T23:51:54.6718351Z info: AxiomAudit.lean:847:0: 'ASGinzburg.CutQuiver.GinzburgPath.cohomologicalDegree_lower_length' depends on axioms: [propext,
2026-10-08T23:51:54.6718425Z  Classical.choice,
2026-10-08T23:51:54.6718493Z  Quot.sound]
2026-10-08T23:51:54.6718942Z info: AxiomAudit.lean:848:0: 'ASGinzburg.CutQuiver.GinzburgPath.cohomologicalDegree_lower_winding' depends on axioms: [propext,
2026-10-08T23:51:54.6719018Z  Classical.choice,
2026-10-08T23:51:54.6719085Z  Quot.sound]
2026-10-08T23:51:54.6719418Z info: AxiomAudit.lean:849:0: 'ASGinzburg.CutQuiver.GinzburgPath.cohomologicalDegree_lower_cut' depends on axioms: [propext,
2026-10-08T23:51:54.6719487Z  Classical.choice,
2026-10-08T23:51:54.6719557Z  Quot.sound]
2026-10-08T23:51:54.6719909Z info: AxiomAudit.lean:850:0: 'ASGinzburg.CutQuiver.ginzburgCutCohomologicalComponent_eq_bot_of_lt' depends on axioms: [propext,
2026-10-08T23:51:54.6720129Z  Classical.choice,
2026-10-08T23:51:54.6720199Z  Quot.sound]
2026-10-08T23:51:54.6720554Z info: AxiomAudit.lean:851:0: 'ASGinzburg.CutQuiver.ginzburgCutCohomologicalComponent_eq_bot_of_pos' depends on axioms: [propext,
2026-10-08T23:51:54.6720627Z  Classical.choice,
2026-10-08T23:51:54.6720692Z  Quot.sound]
2026-10-08T23:51:54.6721008Z info: AxiomAudit.lean:852:0: 'ASGinzburg.CutQuiver.ginzburgCutCochainTerm_isZero_of_outside' depends on axioms: [propext,
2026-10-08T23:51:54.6721080Z  Classical.choice,
2026-10-08T23:51:54.6721146Z  Quot.sound]
2026-10-08T23:51:54.6721534Z info: AxiomAudit.lean:853:0: 'ASGinzburg.CutQuiver.ginzburgCutHomology_isZero_of_outside' depends on axioms: [propext, Classical.choice, Quot.sound]
2026-10-08T23:51:54.6721925Z info: AxiomAudit.lean:854:0: 'ASGinzburg.CutQuiver.ginzburgCutCohomologicalComponent' depends on axioms: [propext, Classical.choice, Quot.sound]
2026-10-08T23:51:54.6722249Z info: AxiomAudit.lean:855:0: 'ASGinzburg.CutQuiver.ginzburgCutCohomologicalComponent_finite' depends on axioms: [propext,
2026-10-08T23:51:54.6722323Z  Classical.choice,
2026-10-08T23:51:54.6722388Z  Quot.sound]
2026-10-08T23:51:54.6724208Z info: AxiomAudit.lean:856:0: 'ASGinzburg.CutQuiver.ginzburgCutGradedDifferential' depends on axioms: [propext, Classical.choice, Quot.sound]
2026-10-08T23:51:54.6724591Z info: AxiomAudit.lean:857:0: 'ASGinzburg.CutQuiver.ginzburgCutGradedDifferential_coe' depends on axioms: [propext, Classical.choice, Quot.sound]
2026-10-08T23:51:54.6724986Z info: AxiomAudit.lean:858:0: 'ASGinzburg.CutQuiver.ginzburgCutGradedDifferential_square' depends on axioms: [propext, Classical.choice, Quot.sound]
2026-10-08T23:51:54.6725363Z info: AxiomAudit.lean:859:0: 'ASGinzburg.CutQuiver.ginzburgCutCochainDifferential' depends on axioms: [propext, Classical.choice, Quot.sound]
2026-10-08T23:51:54.6725880Z info: AxiomAudit.lean:860:0: 'ASGinzburg.CutQuiver.ginzburgCutCochainDifferential_square' depends on axioms: [propext, Classical.choice, Quot.sound]
2026-10-08T23:51:54.6726354Z info: AxiomAudit.lean:861:0: 'ASGinzburg.CutQuiver.ginzburgCutCochainComplex' depends on axioms: [propext, Classical.choice, Quot.sound]
2026-10-08T23:51:54.6726709Z info: AxiomAudit.lean:862:0: 'ASGinzburg.CutQuiver.ginzburgCutCochainComplex_d' depends on axioms: [propext, Classical.choice, Quot.sound]
2026-10-08T23:51:54.6727044Z info: AxiomAudit.lean:863:0: 'ASGinzburg.CutQuiver.ginzburgCutHomology' depends on axioms: [propext, Classical.choice, Quot.sound]
2026-10-08T23:51:54.6727403Z info: AxiomAudit.lean:864:0: 'ASGinzburg.CutQuiver.ginzburgCutProjection_apply' depends on axioms: [propext, Classical.choice, Quot.sound]
2026-10-08T23:51:54.6727734Z info: AxiomAudit.lean:865:0: 'ASGinzburg.CutQuiver.ginzburgCutSupport' depends on axioms: [propext, Classical.choice, Quot.sound]
2026-10-08T23:51:54.6728083Z info: AxiomAudit.lean:866:0: 'ASGinzburg.CutQuiver.ginzburgCutProjection_sum' depends on axioms: [propext, Classical.choice, Quot.sound]
2026-10-08T23:51:54.6728472Z info: AxiomAudit.lean:867:0: 'ASGinzburg.CutQuiver.originalGinzburgCutDegreeZeroMap' depends on axioms: [propext, Classical.choice, Quot.sound]
2026-10-08T23:51:54.6728957Z info: AxiomAudit.lean:868:0: 'ASGinzburg.CutQuiver.originalGinzburgCutDegreeZeroMap_bijective' depends on axioms: [propext,
2026-10-08T23:51:54.6729029Z  Classical.choice,
2026-10-08T23:51:54.6729094Z  Quot.sound]
2026-10-08T23:51:54.6729488Z info: AxiomAudit.lean:869:0: 'ASGinzburg.CutQuiver.originalGinzburgCutDegreeZeroEquiv' depends on axioms: [propext, Classical.choice, Quot.sound]
2026-10-08T23:51:54.6729889Z info: AxiomAudit.lean:870:0: 'ASGinzburg.CutQuiver.originalGinzburgCutDegreeZeroEquiv_coe' depends on axioms: [propext, Classical.choice, Quot.sound]
2026-10-08T23:51:54.6730227Z info: AxiomAudit.lean:871:0: 'ASGinzburg.CutQuiver.originalGinzburgCutDegreeZeroEquiv_symm_coe' depends on axioms: [propext,
2026-10-08T23:51:54.6730297Z  Classical.choice,
2026-10-08T23:51:54.6730361Z  Quot.sound]
2026-10-08T23:51:54.6730812Z info: AxiomAudit.lean:872:0: 'ASGinzburg.CutQuiver.ginzburgCutHomology_finite' depends on axioms: [propext, Classical.choice, Quot.sound]
2026-10-08T23:51:54.6731138Z info: AxiomAudit.lean:873:0: 'ASGinzburg.CutQuiver.ginzburgCutZeroId' depends on axioms: [propext, Classical.choice, Quot.sound]
2026-10-08T23:51:54.6731472Z info: AxiomAudit.lean:874:0: 'ASGinzburg.CutQuiver.ginzburgCutZeroId_val' depends on axioms: [propext, Classical.choice, Quot.sound]
2026-10-08T23:51:54.6731810Z info: AxiomAudit.lean:875:0: 'ASGinzburg.CutQuiver.ginzburgCutZeroComp_id' depends on axioms: [propext, Classical.choice, Quot.sound]
2026-10-08T23:51:54.6732141Z info: AxiomAudit.lean:876:0: 'ASGinzburg.CutQuiver.id_ginzburgCutZeroComp' depends on axioms: [propext, Classical.choice, Quot.sound]
2026-10-08T23:51:54.6732492Z info: AxiomAudit.lean:877:0: 'ASGinzburg.CutQuiver.ginzburgCutZeroComp_assoc' depends on axioms: [propext, Classical.choice, Quot.sound]
2026-10-08T23:51:54.6732846Z info: AxiomAudit.lean:878:0: 'ASGinzburg.CutQuiver.ginzburgCutHomologyZeroId' depends on axioms: [propext, Classical.choice, Quot.sound]
2026-10-08T23:51:54.6733219Z info: AxiomAudit.lean:879:0: 'ASGinzburg.CutQuiver.ginzburgCutHomologyZeroComp_id' depends on axioms: [propext, Classical.choice, Quot.sound]
2026-10-08T23:51:54.6733583Z info: AxiomAudit.lean:880:0: 'ASGinzburg.CutQuiver.id_ginzburgCutHomologyZeroComp' depends on axioms: [propext, Classical.choice, Quot.sound]
2026-10-08T23:51:54.6733961Z info: AxiomAudit.lean:881:0: 'ASGinzburg.CutQuiver.ginzburgCutHomologyZeroComp_assoc' depends on axioms: [propext, Classical.choice, Quot.sound]
2026-10-08T23:51:54.6734364Z info: AxiomAudit.lean:882:0: 'ASGinzburg.CutQuiver.ginzburgCutHomologyZeroUnrolledIso_id' depends on axioms: [propext, Classical.choice, Quot.sound]
2026-10-08T23:51:54.6734746Z info: AxiomAudit.lean:883:0: 'ASGinzburg.CutQuiver.ginzburgCutGradedDifferential_zero' depends on axioms: [propext, Classical.choice, Quot.sound]
2026-10-08T23:51:54.6735141Z info: AxiomAudit.lean:884:0: 'ASGinzburg.CutQuiver.ginzburgCutNegativeOneDifferential' depends on axioms: [propext, Classical.choice, Quot.sound]
2026-10-08T23:51:54.6735596Z info: AxiomAudit.lean:885:0: 'ASGinzburg.CutQuiver.ginzburgCutZeroShortComplex' depends on axioms: [propext, Classical.choice, Quot.sound]
2026-10-08T23:51:54.6736000Z info: AxiomAudit.lean:886:0: 'ASGinzburg.CutQuiver.ginzburgCutZeroShortComplex_g' depends on axioms: [propext, Classical.choice, Quot.sound]
2026-10-08T23:51:54.6736387Z info: AxiomAudit.lean:887:0: 'ASGinzburg.CutQuiver.ginzburgCutZeroShortComplexIso' depends on axioms: [propext, Classical.choice, Quot.sound]
2026-10-08T23:51:54.6736787Z info: AxiomAudit.lean:888:0: 'ASGinzburg.CutQuiver.ginzburgCutHomologyZeroQuotientIso' depends on axioms: [propext, Classical.choice, Quot.sound]
2026-10-08T23:51:54.6737170Z info: AxiomAudit.lean:889:0: 'ASGinzburg.CutQuiver.ginzburgCutGradedBoundary_map' depends on axioms: [propext, Classical.choice, Quot.sound]
2026-10-08T23:51:54.6737578Z info: AxiomAudit.lean:890:0: 'ASGinzburg.CutQuiver.ginzburgCutZeroQuotientJacobianEquiv' depends on axioms: [propext, Classical.choice, Quot.sound]
2026-10-08T23:51:54.6737970Z info: AxiomAudit.lean:891:0: 'ASGinzburg.CutQuiver.ginzburgCutHomologyZeroJacobianIso' depends on axioms: [propext, Classical.choice, Quot.sound]
2026-10-08T23:51:54.6738337Z info: AxiomAudit.lean:892:0: 'ASGinzburg.CutQuiver.ginzburgCutHomologyZeroComp' depends on axioms: [propext, Classical.choice, Quot.sound]
2026-10-08T23:51:54.6738797Z info: AxiomAudit.lean:893:0: 'ASGinzburg.CutQuiver.ginzburgCutZeroHomologyClass' depends on axioms: [propext, Classical.choice, Quot.sound]
2026-10-08T23:51:54.6739120Z info: AxiomAudit.lean:894:0: 'ASGinzburg.CutQuiver.ginzburgCutHomologyZeroQuotientIso_class' depends on axioms: [propext,
2026-10-08T23:51:54.6739191Z  Classical.choice,
2026-10-08T23:51:54.6739254Z  Quot.sound]
2026-10-08T23:51:54.6739570Z info: AxiomAudit.lean:895:0: 'ASGinzburg.CutQuiver.ginzburgCutZeroHomologyClass_surjective' depends on axioms: [propext,
2026-10-08T23:51:54.6739642Z  Classical.choice,
2026-10-08T23:51:54.6739810Z  Quot.sound]
2026-10-08T23:51:54.6740195Z info: AxiomAudit.lean:896:0: 'ASGinzburg.CutQuiver.ginzburgCutHomologyZeroComp_class' depends on axioms: [propext, Classical.choice, Quot.sound]
2026-10-08T23:51:54.6740513Z info: AxiomAudit.lean:897:0: 'ASGinzburg.CutQuiver.ginzburgCutHomologyZeroQuotientIso_comp' depends on axioms: [propext,
2026-10-08T23:51:54.6740585Z  Classical.choice,
2026-10-08T23:51:54.6740650Z  Quot.sound]
2026-10-08T23:51:54.6740987Z info: AxiomAudit.lean:898:0: 'ASGinzburg.CutQuiver.originalGinzburgCutDegreeZeroEquiv_symm_comp' depends on axioms: [propext,
2026-10-08T23:51:54.6741056Z  Classical.choice,
2026-10-08T23:51:54.6741124Z  Quot.sound]
2026-10-08T23:51:54.6741444Z info: AxiomAudit.lean:899:0: 'ASGinzburg.CutQuiver.ginzburgCutZeroQuotientJacobianEquiv_mk' depends on axioms: [propext,
2026-10-08T23:51:54.6741514Z  Classical.choice,
2026-10-08T23:51:54.6741581Z  Quot.sound]
2026-10-08T23:51:54.6741909Z info: AxiomAudit.lean:900:0: 'ASGinzburg.CutQuiver.ginzburgCutZeroQuotientJacobianEquiv_comp' depends on axioms: [propext,
2026-10-08T23:51:54.6741983Z  Classical.choice,
2026-10-08T23:51:54.6742048Z  Quot.sound]
2026-10-08T23:51:54.6742369Z info: AxiomAudit.lean:901:0: 'ASGinzburg.CutQuiver.ginzburgCutHomologyZeroJacobianIso_comp' depends on axioms: [propext,
2026-10-08T23:51:54.6742439Z  Classical.choice,
2026-10-08T23:51:54.6742503Z  Quot.sound]
2026-10-08T23:51:54.6742819Z info: AxiomAudit.lean:902:0: 'ASGinzburg.CutQuiver.ginzburgCutHomologyZeroUnrolledIso_comp' depends on axioms: [propext,
2026-10-08T23:51:54.6742887Z  Classical.choice,
2026-10-08T23:51:54.6742954Z  Quot.sound]
2026-10-08T23:51:54.6743291Z info: AxiomAudit.lean:903:0: 'ASGinzburg.CutQuiver.ginzburgCutProjection' depends on axioms: [propext, Classical.choice, Quot.sound]
2026-10-08T23:51:54.6743651Z info: AxiomAudit.lean:904:0: 'ASGinzburg.CutQuiver.ginzburgCutProjection_single' depends on axioms: [propext, Classical.choice, Quot.sound]
2026-10-08T23:51:54.6744103Z info: AxiomAudit.lean:905:0: 'ASGinzburg.CutQuiver.ginzburgCutProjection_on_cut' depends on axioms: [propext, Classical.choice, Quot.sound]
2026-10-08T23:51:54.6744471Z info: AxiomAudit.lean:906:0: 'ASGinzburg.CutQuiver.ginzburgCutProjection_cohomological' depends on axioms: [propext, Classical.choice, Quot.sound]
2026-10-08T23:51:54.6744806Z info: AxiomAudit.lean:907:0: 'ASGinzburg.CutQuiver.ginzburgCutProjection_mem' depends on axioms: [propext, Classical.choice, Quot.sound]
2026-10-08T23:51:54.6745171Z info: AxiomAudit.lean:908:0: 'ASGinzburg.CutQuiver.ginzburgDifferential_cutProjection' depends on axioms: [propext, Classical.choice, Quot.sound]
2026-10-08T23:51:54.6745541Z info: AxiomAudit.lean:909:0: 'ASGinzburg.CutQuiver.ginzburgHomology_succ_isZero_of_cut' depends on axioms: [propext, Classical.choice, Quot.sound]
2026-10-08T23:51:54.6745904Z info: AxiomAudit.lean:910:0: 'ASGinzburg.CutQuiver.ginzburgRegular_iff_cutHomology' depends on axioms: [propext, Classical.choice, Quot.sound]
2026-10-08T23:51:54.6746288Z info: AxiomAudit.lean:911:0: 'ASGinzburg.CutQuiver.ginzburgCutCochainProjectionTerm' depends on axioms: [propext, Classical.choice, Quot.sound]
2026-10-08T23:51:54.6746652Z info: AxiomAudit.lean:912:0: 'ASGinzburg.CutQuiver.ginzburgCutCochainInclusion' depends on axioms: [propext, Classical.choice, Quot.sound]
2026-10-08T23:51:54.6747018Z info: AxiomAudit.lean:913:0: 'ASGinzburg.CutQuiver.ginzburgCutCochainProjection' depends on axioms: [propext, Classical.choice, Quot.sound]
2026-10-08T23:51:54.6747410Z info: AxiomAudit.lean:914:0: 'ASGinzburg.CutQuiver.ginzburgCutCochainInclusion_projection' depends on axioms: [propext, Classical.choice, Quot.sound]
2026-10-08T23:51:54.6747777Z info: AxiomAudit.lean:915:0: 'ASGinzburg.CutQuiver.ginzburgCutHomologyInclusion' depends on axioms: [propext, Classical.choice, Quot.sound]
2026-10-08T23:51:54.6748144Z info: AxiomAudit.lean:916:0: 'ASGinzburg.CutQuiver.ginzburgCutHomologyProjection' depends on axioms: [propext, Classical.choice, Quot.sound]
2026-10-08T23:51:54.6748528Z info: AxiomAudit.lean:917:0: 'ASGinzburg.CutQuiver.ginzburgCutHomologyInclusion_projection' depends on axioms: [propext,
2026-10-08T23:51:54.6748788Z  Classical.choice,
2026-10-08T23:51:54.6748853Z  Quot.sound]
2026-10-08T23:51:54.6749237Z info: AxiomAudit.lean:918:0: 'ASGinzburg.CutQuiver.GinzburgRegular.cutHomology_isZero' depends on axioms: [propext, Classical.choice, Quot.sound]
2026-10-08T23:51:54.6749570Z info: AxiomAudit.lean:919:0: 'ASGinzburg.CutQuiver.ginzburgCutZeroComp' depends on axioms: [propext, Classical.choice, Quot.sound]
2026-10-08T23:51:54.6749943Z info: AxiomAudit.lean:920:0: 'ASGinzburg.CutQuiver.ginzburgCutZeroComp_boundary_left' depends on axioms: [propext, Classical.choice, Quot.sound]
2026-10-08T23:51:54.6750322Z info: AxiomAudit.lean:921:0: 'ASGinzburg.CutQuiver.ginzburgCutZeroComp_boundary_right' depends on axioms: [propext, Classical.choice, Quot.sound]
2026-10-08T23:51:54.6750673Z info: AxiomAudit.lean:922:0: 'ASGinzburg.CutQuiver.GinzburgCutZeroQuotient' depends on axioms: [propext, Classical.choice, Quot.sound]
2026-10-08T23:51:54.6751062Z info: AxiomAudit.lean:923:0: 'ASGinzburg.CutQuiver.ginzburgCutZeroQuotientCompRight' depends on axioms: [propext, Classical.choice, Quot.sound]
2026-10-08T23:51:54.6751455Z info: AxiomAudit.lean:924:0: 'ASGinzburg.CutQuiver.ginzburgCutZeroQuotientCompRight_mk' depends on axioms: [propext, Classical.choice, Quot.sound]
2026-10-08T23:51:54.6751862Z info: AxiomAudit.lean:925:0: 'ASGinzburg.CutQuiver.ginzburgCutZeroQuotientCompPre' depends on axioms: [propext, Classical.choice, Quot.sound]
2026-10-08T23:51:54.6752238Z info: AxiomAudit.lean:926:0: 'ASGinzburg.CutQuiver.ginzburgCutZeroQuotientComp' depends on axioms: [propext, Classical.choice, Quot.sound]
2026-10-08T23:51:54.6752613Z info: AxiomAudit.lean:927:0: 'ASGinzburg.CutQuiver.ginzburgCutZeroQuotientComp_mk' depends on axioms: [propext, Classical.choice, Quot.sound]
2026-10-08T23:51:54.6752927Z info: AxiomAudit.lean:928:0: 'ASGinzburg.CutQuiver.ginzburgCutHomology_succ_isZero_iff_cycles' depends on axioms: [propext,
2026-10-08T23:51:54.6753102Z  Classical.choice,
2026-10-08T23:51:54.6753199Z  Quot.sound]
2026-10-08T23:51:54.6754376Z info: AxiomAudit.lean:929:0: 'ASGinzburg.CutQuiver.ginzburgHomology_succ_isZero_iff_cycles' depends on axioms: [propext,
2026-10-08T23:51:54.6754445Z  Classical.choice,
2026-10-08T23:51:54.6754512Z  Quot.sound]
2026-10-08T23:51:54.6754824Z info: AxiomAudit.lean:930:0: 'ASGinzburg.CutQuiver.GinzburgPath.degreeNegOne_decomposition' depends on axioms: [propext,
2026-10-08T23:51:54.6754896Z  Classical.choice,
2026-10-08T23:51:54.6754961Z  Quot.sound]
2026-10-08T23:51:54.6755347Z info: AxiomAudit.lean:931:0: 'ASGinzburg.CutQuiver.ginzburgCohomologicalComponent' depends on axioms: [propext, Classical.choice, Quot.sound]
2026-10-08T23:51:54.6756679Z info: AxiomAudit.lean:932:0: 'ASGinzburg.CutQuiver.originalGinzburgLinearMap' depends on axioms: [propext, Classical.choice, Quot.sound]
2026-10-08T23:51:54.6757069Z info: AxiomAudit.lean:933:0: 'ASGinzburg.CutQuiver.originalGinzburgLinearMap_injective' depends on axioms: [propext, Classical.choice, Quot.sound]
2026-10-08T23:51:54.6757444Z info: AxiomAudit.lean:934:0: 'ASGinzburg.CutQuiver.originalGinzburgLinearMap_single' depends on axioms: [propext, Classical.choice, Quot.sound]
2026-10-08T23:51:54.6757812Z info: AxiomAudit.lean:935:0: 'ASGinzburg.CutQuiver.originalGinzburgLinearMap_range' depends on axioms: [propext, Classical.choice, Quot.sound]
2026-10-08T23:51:54.6759328Z info: AxiomAudit.lean:936:0: 'ASGinzburg.CutQuiver.originalGinzburgDegreeZeroEquiv' depends on axioms: [propext, Classical.choice, Quot.sound]
2026-10-08T23:51:54.6759715Z info: AxiomAudit.lean:937:0: 'ASGinzburg.CutQuiver.originalGinzburgDegreeZeroEquiv_coe' depends on axioms: [propext, Classical.choice, Quot.sound]
2026-10-08T23:51:54.6760020Z info: AxiomAudit.lean:938:0: 'ASGinzburg.CutQuiver.Path.originalGinzburg_comp' depends on axioms: [propext, Quot.sound]
2026-10-08T23:51:54.6760478Z info: AxiomAudit.lean:939:0: 'ASGinzburg.CutQuiver.originalGinzburgLinearMap_id' depends on axioms: [propext, Classical.choice, Quot.sound]
2026-10-08T23:51:54.6760850Z info: AxiomAudit.lean:940:0: 'ASGinzburg.CutQuiver.originalGinzburgLinearMap_comp' depends on axioms: [propext, Classical.choice, Quot.sound]
2026-10-08T23:51:54.6761181Z info: AxiomAudit.lean:941:0: 'ASGinzburg.CutQuiver.ginzburgCohomologicalComponent_eq_bot_of_pos' depends on axioms: [propext,
2026-10-08T23:51:54.6761254Z  Classical.choice,
2026-10-08T23:51:54.6761319Z  Quot.sound]
2026-10-08T23:51:54.6761691Z info: AxiomAudit.lean:942:0: 'ASGinzburg.CutQuiver.ginzburgDifferential_degreeZero' depends on axioms: [propext, Classical.choice, Quot.sound]
2026-10-08T23:51:54.6763123Z info: AxiomAudit.lean:943:0: 'ASGinzburg.CutQuiver.ginzburgDifferential_original' depends on axioms: [propext, Classical.choice, Quot.sound]
2026-10-08T23:51:54.6763462Z info: AxiomAudit.lean:944:0: 'ASGinzburg.CutQuiver.ginzburgGeneratorDifferential_original_square' depends on axioms: [propext,
2026-10-08T23:51:54.6763537Z  Classical.choice,
2026-10-08T23:51:54.6763605Z  Quot.sound]
2026-10-08T23:51:54.6765103Z info: AxiomAudit.lean:945:0: 'ASGinzburg.CutQuiver.ginzburgGeneratorDifferential_dual_square' depends on axioms: [propext,
2026-10-08T23:51:54.6765472Z  Classical.choice,
2026-10-08T23:51:54.6765550Z  Quot.sound]
2026-10-08T23:51:54.6765923Z info: AxiomAudit.lean:946:0: 'ASGinzburg.CutQuiver.GinzburgPath.differential_degree' depends on axioms: [propext, Classical.choice, Quot.sound]
2026-10-08T23:51:54.6766286Z info: AxiomAudit.lean:947:0: 'ASGinzburg.CutQuiver.GinzburgPath.differential_cut' depends on axioms: [propext, Classical.choice, Quot.sound]
2026-10-08T23:51:54.6766644Z info: AxiomAudit.lean:948:0: 'ASGinzburg.CutQuiver.ginzburgDifferential_degree' depends on axioms: [propext, Classical.choice, Quot.sound]
2026-10-08T23:51:54.6767011Z info: AxiomAudit.lean:949:0: 'ASGinzburg.CutQuiver.ginzburgDifferential_cut' depends on axioms: [propext, Classical.choice, Quot.sound]
2026-10-08T23:51:54.6768413Z info: AxiomAudit.lean:950:0: 'ASGinzburg.CutQuiver.GinzburgPath.differential_winding' depends on axioms: [propext, Classical.choice, Quot.sound]
2026-10-08T23:51:54.6769105Z info: AxiomAudit.lean:951:0: 'ASGinzburg.CutQuiver.ginzburgSign_succ' depends on axioms: [propext, Classical.choice, Quot.sound]
2026-10-08T23:51:54.6769453Z info: AxiomAudit.lean:952:0: 'ASGinzburg.CutQuiver.ginzburgSignMap_homogeneous' depends on axioms: [propext, Classical.choice, Quot.sound]
2026-10-08T23:51:54.6769822Z info: AxiomAudit.lean:953:0: 'ASGinzburg.CutQuiver.ginzburgDifferential_sign' depends on axioms: [propext, Classical.choice, Quot.sound]
2026-10-08T23:51:54.6770226Z info: AxiomAudit.lean:954:0: 'ASGinzburg.CutQuiver.ginzburgDifferential_comp_homogeneous' depends on axioms: [propext, Classical.choice, Quot.sound]
2026-10-08T23:51:54.6771479Z info: AxiomAudit.lean:955:0: 'ASGinzburg.CutQuiver.ginzburgDifferential_dualContext' depends on axioms: [propext, Classical.choice, Quot.sound]
2026-10-08T23:51:54.6771998Z info: AxiomAudit.lean:956:0: 'ASGinzburg.CutQuiver.ginzburgBoundaryLift_dualContext' depends on axioms: [propext, Classical.choice, Quot.sound]
2026-10-08T23:51:54.6772327Z info: AxiomAudit.lean:957:0: 'ASGinzburg.CutQuiver.ginzburgAppendGeneratorEmbedding' depends on axioms: [propext, Quot.sound]
2026-10-08T23:51:54.6772711Z info: AxiomAudit.lean:958:0: 'ASGinzburg.CutQuiver.ginzburgAppendGenerator_eq_embDomain' depends on axioms: [propext, Classical.choice, Quot.sound]
2026-10-08T23:51:54.6773092Z info: AxiomAudit.lean:959:0: 'ASGinzburg.CutQuiver.ginzburgAppendGenerator_coefficient' depends on axioms: [propext, Classical.choice, Quot.sound]
2026-10-08T23:51:54.6773411Z info: AxiomAudit.lean:960:0: 'ASGinzburg.CutQuiver.ginzburgAppendGenerator_coefficient_other' depends on axioms: [propext,
2026-10-08T23:51:54.6773482Z  Classical.choice,
2026-10-08T23:51:54.6773547Z  Quot.sound]
2026-10-08T23:51:54.6773808Z info: AxiomAudit.lean:961:0: 'ASGinzburg.CutQuiver.GinzburgPath.transport' does not depend on any axioms
2026-10-08T23:51:54.6774229Z info: AxiomAudit.lean:962:0: 'ASGinzburg.CutQuiver.GinzburgPath.cohomologicalDegree_transport' does not depend on any axioms
2026-10-08T23:51:54.6774527Z info: AxiomAudit.lean:963:0: 'ASGinzburg.CutQuiver.originalGinzburgArrowPath' does not depend on any axioms
2026-10-08T23:51:54.6776103Z info: AxiomAudit.lean:964:0: 'ASGinzburg.CutQuiver.dualGinzburgArrowPath' does not depend on any axioms
2026-10-08T23:51:54.6776557Z info: AxiomAudit.lean:965:0: 'ASGinzburg.CutQuiver.ginzburgLoopDifferential' depends on axioms: [propext, Classical.choice, Quot.sound]
2026-10-08T23:51:54.6776950Z info: AxiomAudit.lean:966:0: 'ASGinzburg.CutQuiver.ginzburgGeneratorDifferential' depends on axioms: [propext, Classical.choice, Quot.sound]
2026-10-08T23:51:54.6777355Z info: AxiomAudit.lean:967:0: 'ASGinzburg.CutQuiver.ginzburgLoopDifferential_degree' depends on axioms: [propext, Classical.choice, Quot.sound]
2026-10-08T23:51:54.6778119Z info: AxiomAudit.lean:968:0: 'ASGinzburg.CutQuiver.ginzburgGeneratorDifferential_degree' depends on axioms: [propext, Classical.choice, Quot.sound]
2026-10-08T23:51:54.6778479Z info: AxiomAudit.lean:969:0: 'ASGinzburg.CutQuiver.ginzburgGeneratorFiltrationAtDegree_le_augmentation' depends on axioms: [propext,
2026-10-08T23:51:54.6778631Z  Classical.choice,
2026-10-08T23:51:54.6778699Z  Quot.sound]
2026-10-08T23:51:54.6779077Z info: AxiomAudit.lean:970:0: 'ASGinzburg.CutQuiver.ginzburgGeneratorFilteredAugmentationInclusion' depends on axioms: [propext,
2026-10-08T23:51:54.6779150Z  Classical.choice,
2026-10-08T23:51:54.6779237Z  Quot.sound]
2026-10-08T23:51:54.6780478Z info: AxiomAudit.lean:971:0: 'ASGinzburg.CutQuiver.ginzburgGeneratorFilteredAugmentationInclusion_negTwo_f_isIso' depends on axioms: [propext,
2026-10-08T23:51:54.6780549Z  Classical.choice,
2026-10-08T23:51:54.6780637Z  Quot.sound]
2026-10-08T23:51:54.6781047Z info: AxiomAudit.lean:972:0: 'ASGinzburg.CutQuiver.ginzburgGeneratorFilteredAugmentationInclusion_negTwo_isIso' depends on axioms: [propext,
2026-10-08T23:51:54.6781223Z  Classical.choice,
2026-10-08T23:51:54.6781297Z  Quot.sound]
2026-10-08T23:51:54.6782344Z info: AxiomAudit.lean:973:0: 'ASGinzburg.CutQuiver.ginzburgGeneratorFilteredNegTwoIso' depends on axioms: [propext, Classical.choice, Quot.sound]
2026-10-08T23:51:54.6783108Z info: AxiomAudit.lean:974:0: 'ASGinzburg.CutQuiver.ginzburgGeneratorFilteredNegTwoHomologyIso' depends on axioms: [propext,
2026-10-08T23:51:54.6783181Z  Classical.choice,
2026-10-08T23:51:54.6783248Z  Quot.sound]
2026-10-08T23:51:54.6783639Z info: AxiomAudit.lean:975:0: 'ASGinzburg.CutQuiver.GinzburgRegular.generatorFilteredNegTwoHomology_isZero' depends on axioms: [propext,
2026-10-08T23:51:54.6783708Z  Classical.choice,
2026-10-08T23:51:54.6783776Z  Quot.sound]
2026-10-08T23:51:54.6784128Z info: AxiomAudit.lean:976:0: 'ASGinzburg.CutQuiver.ginzburgDifferential_mem_generatorFiltrationAtDegree' depends on axioms: [propext,
2026-10-08T23:51:54.6784198Z  Classical.choice,
2026-10-08T23:51:54.6784265Z  Quot.sound]
2026-10-08T23:51:54.6784671Z info: AxiomAudit.lean:977:0: 'ASGinzburg.CutQuiver.ginzburgGeneratorFilteredDifferential' depends on axioms: [propext, Classical.choice, Quot.sound]
2026-10-08T23:51:54.6785008Z info: AxiomAudit.lean:978:0: 'ASGinzburg.CutQuiver.ginzburgGeneratorFilteredDifferential_square' depends on axioms: [propext,
2026-10-08T23:51:54.6785078Z  Classical.choice,
2026-10-08T23:51:54.6785145Z  Quot.sound]
2026-10-08T23:51:54.6785531Z info: AxiomAudit.lean:979:0: 'ASGinzburg.CutQuiver.ginzburgGeneratorFilteredComplex' depends on axioms: [propext, Classical.choice, Quot.sound]
2026-10-08T23:51:54.6785899Z info: AxiomAudit.lean:980:0: 'ASGinzburg.CutQuiver.ginzburgGeneratorHigherLayer' depends on axioms: [propext, Classical.choice, Quot.sound]
2026-10-08T23:51:54.6786270Z info: AxiomAudit.lean:981:0: 'ASGinzburg.CutQuiver.ginzburgGeneratorFilteredDifferential_mem_higherLayer' depends on axioms: [propext,
2026-10-08T23:51:54.6786340Z  Classical.choice,
2026-10-08T23:51:54.6786408Z  Quot.sound]
2026-10-08T23:51:54.6786810Z info: AxiomAudit.lean:982:0: 'ASGinzburg.CutQuiver.ginzburgGeneratorFiltrationPaths' does not depend on any axioms
2026-10-08T23:51:54.6787174Z info: AxiomAudit.lean:983:0: 'ASGinzburg.CutQuiver.ginzburgGeneratorFiltrationPaths_nonempty' depends on axioms: [propext, Quot.sound]
2026-10-08T23:51:54.6787505Z info: AxiomAudit.lean:984:0: 'ASGinzburg.CutQuiver.ginzburgGeneratorFiltrationPaths_of_degree' depends on axioms: [propext,
2026-10-08T23:51:54.6787575Z  Classical.choice,
2026-10-08T23:51:54.6787643Z  Quot.sound]
2026-10-08T23:51:54.6787959Z info: AxiomAudit.lean:985:0: 'ASGinzburg.CutQuiver.ginzburgGeneratorFiltrationPaths_comp' does not depend on any axioms
2026-10-08T23:51:54.6788327Z info: AxiomAudit.lean:986:0: 'ASGinzburg.CutQuiver.ginzburgGeneratorFiltration' depends on axioms: [propext, Classical.choice, Quot.sound]
2026-10-08T23:51:54.6788848Z info: AxiomAudit.lean:987:0: 'ASGinzburg.CutQuiver.ginzburgGeneratorFiltration_le_augmentation' depends on axioms: [propext,
2026-10-08T23:51:54.6788920Z  Classical.choice,
2026-10-08T23:51:54.6788991Z  Quot.sound]
2026-10-08T23:51:54.6789367Z info: AxiomAudit.lean:988:0: 'ASGinzburg.CutQuiver.ginzburgGeneratorFiltration_comp' depends on axioms: [propext, Classical.choice, Quot.sound]
2026-10-08T23:51:54.6789685Z info: AxiomAudit.lean:989:0: 'ASGinzburg.CutQuiver.GinzburgArrow.cohomologicalDegree_lower' depends on axioms: [propext,
2026-10-08T23:51:54.6789757Z  Classical.choice,
2026-10-08T23:51:54.6789822Z  Quot.sound]
2026-10-08T23:51:54.6790138Z info: AxiomAudit.lean:990:0: 'ASGinzburg.CutQuiver.GinzburgArrow.cohomologicalDegree_upper' depends on axioms: [propext,
2026-10-08T23:51:54.6790206Z  Classical.choice,
2026-10-08T23:51:54.6790276Z  Quot.sound]
2026-10-08T23:51:54.6790589Z info: AxiomAudit.lean:991:0: 'ASGinzburg.CutQuiver.ginzburgGeneratorFiltrationPaths_negTwo' depends on axioms: [propext,
2026-10-08T23:51:54.6790661Z  Classical.choice,
2026-10-08T23:51:54.6790731Z  Quot.sound]
2026-10-08T23:51:54.6791127Z info: AxiomAudit.lean:992:0: 'ASGinzburg.CutQuiver.ginzburgGeneratorFiltrationPaths_one' depends on axioms: [propext, Classical.choice, Quot.sound]
2026-10-08T23:51:54.6791622Z info: AxiomAudit.lean:993:0: 'ASGinzburg.CutQuiver.ginzburgGeneratorFiltration_negTwo' depends on axioms: [propext, Classical.choice, Quot.sound]
2026-10-08T23:51:54.6791991Z info: AxiomAudit.lean:994:0: 'ASGinzburg.CutQuiver.ginzburgGeneratorFiltration_one' depends on axioms: [propext, Classical.choice, Quot.sound]
2026-10-08T23:51:54.6792314Z info: AxiomAudit.lean:995:0: 'ASGinzburg.CutQuiver.ginzburgGeneratorDualToOriginalHomology' depends on axioms: [propext,
2026-10-08T23:51:54.6792384Z  Classical.choice,
2026-10-08T23:51:54.6792448Z  Quot.sound]
2026-10-08T23:51:54.6792788Z info: AxiomAudit.lean:996:0: 'ASGinzburg.CutQuiver.ginzburgGeneratorDualToOriginalHomology_comp' depends on axioms: [propext,
2026-10-08T23:51:54.6792857Z  Classical.choice,
2026-10-08T23:51:54.6792925Z  Quot.sound]
2026-10-08T23:51:54.6793257Z info: AxiomAudit.lean:997:0: 'ASGinzburg.CutQuiver.ginzburgGeneratorDualOriginalShortComplex' depends on axioms: [propext,
2026-10-08T23:51:54.6793332Z  Classical.choice,
2026-10-08T23:51:54.6793397Z  Quot.sound]
2026-10-08T23:51:54.6793747Z info: AxiomAudit.lean:998:0: 'ASGinzburg.CutQuiver.ginzburgGeneratorDualOriginalShortComplex_exact' depends on axioms: [propext,
2026-10-08T23:51:54.6793818Z  Classical.choice,
2026-10-08T23:51:54.6793881Z  Quot.sound]
2026-10-08T23:51:54.6794232Z info: AxiomAudit.lean:999:0: 'ASGinzburg.CutQuiver.ginzburgGeneratorFiltrationRadicalMap_isCokernel' depends on axioms: [propext,
2026-10-08T23:51:54.6794301Z  Classical.choice,
2026-10-08T23:51:54.6794417Z  Quot.sound]
2026-10-08T23:51:54.6794745Z info: AxiomAudit.lean:1000:0: 'ASGinzburg.CutQuiver.ginzburgGeneratorFiltrationPaths_antitone' depends on axioms: [propext,
2026-10-08T23:51:54.6794817Z  Classical.choice,
2026-10-08T23:51:54.6794886Z  Quot.sound]
2026-10-08T23:51:54.6795205Z info: AxiomAudit.lean:1001:0: 'ASGinzburg.CutQuiver.ginzburgArrowPath_mem_generatorFiltration' does not depend on any axioms
2026-10-08T23:51:54.6795705Z info: AxiomAudit.lean:1002:0: 'ASGinzburg.CutQuiver.ginzburgGeneratorFiltration_antitone' depends on axioms: [propext, Classical.choice, Quot.sound]
2026-10-08T23:51:54.6796068Z info: AxiomAudit.lean:1003:0: 'ASGinzburg.CutQuiver.ginzburgGeneratorDifferential_mem_generatorFiltration' depends on axioms: [propext,
2026-10-08T23:51:54.6796142Z  Classical.choice,
2026-10-08T23:51:54.6796211Z  Quot.sound]
2026-10-08T23:51:54.6796555Z info: AxiomAudit.lean:1004:0: 'ASGinzburg.CutQuiver.GinzburgPath.differential_mem_generatorFiltration' depends on axioms: [propext,
2026-10-08T23:51:54.6796627Z  Classical.choice,
2026-10-08T23:51:54.6796693Z  Quot.sound]
2026-10-08T23:51:54.6797021Z info: AxiomAudit.lean:1005:0: 'ASGinzburg.CutQuiver.ginzburgDifferential_mem_generatorFiltration' depends on axioms: [propext,
2026-10-08T23:51:54.6797089Z  Classical.choice,
2026-10-08T23:51:54.6797158Z  Quot.sound]
2026-10-08T23:51:54.6797559Z info: AxiomAudit.lean:1006:0: 'ASGinzburg.CutQuiver.ginzburgGeneratorFilteredHomology' depends on axioms: [propext, Classical.choice, Quot.sound]
2026-10-08T23:51:54.6797931Z info: AxiomAudit.lean:1007:0: 'ASGinzburg.CutQuiver.ginzburgGeneratorFilteredInclusionHomology' depends on axioms: [propext,
2026-10-08T23:51:54.6798007Z  Classical.choice,
2026-10-08T23:51:54.6798074Z  Quot.sound]
2026-10-08T23:51:54.6799733Z info: AxiomAudit.lean:1008:0: 'ASGinzburg.CutQuiver.ginzburgGeneratorFilteredQuotientHomology' depends on axioms: [propext,
2026-10-08T23:51:54.6799816Z  Classical.choice,
2026-10-08T23:51:54.6799885Z  Quot.sound]
2026-10-08T23:51:54.6800305Z info: AxiomAudit.lean:1009:0: 'ASGinzburg.CutQuiver.ginzburgGeneratorFiltrationConnecting' depends on axioms: [propext, Classical.choice, Quot.sound]
2026-10-08T23:51:54.6800652Z info: AxiomAudit.lean:1010:0: 'ASGinzburg.CutQuiver.ginzburgGeneratorFiltrationConnecting_comp' depends on axioms: [propext,
2026-10-08T23:51:54.6800726Z  Classical.choice,
2026-10-08T23:51:54.6800792Z  Quot.sound]
2026-10-08T23:51:54.6801289Z info: AxiomAudit.lean:1011:0: 'ASGinzburg.CutQuiver.ginzburgGeneratorFilteredQuotientHomology_comp_connecting' depends on axioms: [propext,
2026-10-08T23:51:54.6801361Z  Classical.choice,
2026-10-08T23:51:54.6801425Z  Quot.sound]
2026-10-08T23:51:54.6801974Z info: AxiomAudit.lean:1012:0: 'ASGinzburg.CutQuiver.ginzburgGeneratorFiltrationHomology_exact₁' depends on axioms: [propext,
2026-10-08T23:51:54.6802043Z  Classical.choice,
2026-10-08T23:51:54.6802112Z  Quot.sound]
2026-10-08T23:51:54.6803177Z info: AxiomAudit.lean:1013:0: 'ASGinzburg.CutQuiver.ginzburgGeneratorFiltrationHomology_exact₂' depends on axioms: [propext,
2026-10-08T23:51:54.6803841Z  Classical.choice,
2026-10-08T23:51:54.6803906Z  Quot.sound]
2026-10-08T23:51:54.6804318Z info: AxiomAudit.lean:1014:0: 'ASGinzburg.CutQuiver.ginzburgGeneratorFiltrationHomology_exact₃' depends on axioms: [propext,
2026-10-08T23:51:54.6804389Z  Classical.choice,
2026-10-08T23:51:54.6804456Z  Quot.sound]
2026-10-08T23:51:54.6804806Z info: AxiomAudit.lean:1015:0: 'ASGinzburg.CutQuiver.GinzburgRegular.middleGeneratorQuotient_mono' depends on axioms: [propext,
2026-10-08T23:51:54.6804880Z  Classical.choice,
2026-10-08T23:51:54.6804948Z  Quot.sound]
2026-10-08T23:51:54.6805345Z info: AxiomAudit.lean:1016:0: 'ASGinzburg.CutQuiver.ginzburgGeneratorLoopToDualHomology' depends on axioms: [propext, Classical.choice, Quot.sound]
2026-10-08T23:51:54.6805670Z info: AxiomAudit.lean:1017:0: 'ASGinzburg.CutQuiver.ginzburgGeneratorLoopToDualHomology_comp' depends on axioms: [propext,
2026-10-08T23:51:54.6805740Z  Classical.choice,
2026-10-08T23:51:54.6805828Z  Quot.sound]
2026-10-08T23:51:54.6807163Z info: AxiomAudit.lean:1018:0: 'ASGinzburg.CutQuiver.ginzburgGeneratorLoopDualShortComplex' depends on axioms: [propext, Classical.choice, Quot.sound]
2026-10-08T23:51:54.6807483Z info: AxiomAudit.lean:1019:0: 'ASGinzburg.CutQuiver.GinzburgRegular.loopToDualHomology_mono' depends on axioms: [propext,
2026-10-08T23:51:54.6807555Z  Classical.choice,
2026-10-08T23:51:54.6807626Z  Quot.sound]
2026-10-08T23:51:54.6809554Z info: AxiomAudit.lean:1020:0: 'ASGinzburg.CutQuiver.GinzburgRegular.loopDualShortComplex_exact' depends on axioms: [propext,
2026-10-08T23:51:54.6809922Z  Classical.choice,
2026-10-08T23:51:54.6809989Z  Quot.sound]
2026-10-08T23:51:54.6810319Z info: AxiomAudit.lean:1021:0: 'ASGinzburg.CutQuiver.GinzburgRegular.loopToDualHomology_isKernel' depends on axioms: [propext,
2026-10-08T23:51:54.6810482Z  Classical.choice,
2026-10-08T23:51:54.6810626Z  Quot.sound]
2026-10-08T23:51:54.6811022Z info: AxiomAudit.lean:1022:0: 'ASGinzburg.CutQuiver.ginzburgGeneratorFilteredInclusionHomology_negTwo_zero_isIso' depends on axioms: [propext,
2026-10-08T23:51:54.6811115Z  Classical.choice,
2026-10-08T23:51:54.6811182Z  Quot.sound]
2026-10-08T23:51:54.6812046Z info: AxiomAudit.lean:1023:0: 'ASGinzburg.CutQuiver.ginzburgGeneratorMiddleAugmentationHomologyIso' depends on axioms: [propext,
2026-10-08T23:51:54.6812767Z  Classical.choice,
2026-10-08T23:51:54.6813153Z  Quot.sound]
2026-10-08T23:51:54.6813550Z info: AxiomAudit.lean:1024:0: 'ASGinzburg.CutQuiver.ginzburgGeneratorFilteredInclusionHomology_negOne_zero_epi' depends on axioms: [propext,
2026-10-08T23:51:54.6813621Z  Classical.choice,
2026-10-08T23:51:54.6813685Z  Quot.sound]
2026-10-08T23:51:54.6814092Z info: AxiomAudit.lean:1025:0: 'ASGinzburg.CutQuiver.ginzburgGeneratorFiltrationRadicalMap' depends on axioms: [propext, Classical.choice, Quot.sound]
2026-10-08T23:51:54.6814425Z info: AxiomAudit.lean:1026:0: 'ASGinzburg.CutQuiver.ginzburgGeneratorFiltrationRadicalMap_epi' depends on axioms: [propext,
2026-10-08T23:51:54.6814495Z  Classical.choice,
2026-10-08T23:51:54.6814560Z  Quot.sound]
2026-10-08T23:51:54.6814896Z info: AxiomAudit.lean:1027:0: 'ASGinzburg.CutQuiver.ginzburgGeneratorFiltrationAtDegree_step_le' depends on axioms: [propext,
2026-10-08T23:51:54.6814967Z  Classical.choice,
2026-10-08T23:51:54.6815031Z  Quot.sound]
2026-10-08T23:51:54.6816733Z info: AxiomAudit.lean:1028:0: 'ASGinzburg.CutQuiver.ginzburgGeneratorFilteredInclusion' depends on axioms: [propext, Classical.choice, Quot.sound]
2026-10-08T23:51:54.6817183Z info: AxiomAudit.lean:1029:0: 'ASGinzburg.CutQuiver.ginzburgGeneratorFilteredInclusion_comp_quotient' depends on axioms: [propext,
2026-10-08T23:51:54.6817256Z  Classical.choice,
2026-10-08T23:51:54.6817321Z  Quot.sound]
2026-10-08T23:51:54.6818382Z info: AxiomAudit.lean:1030:0: 'ASGinzburg.CutQuiver.ginzburgGeneratorFilteredShortComplex' depends on axioms: [propext, Classical.choice, Quot.sound]
2026-10-08T23:51:54.6819365Z info: AxiomAudit.lean:1031:0: 'ASGinzburg.CutQuiver.ginzburgGeneratorFilteredShortComplex_shortExact' depends on axioms: [propext,
2026-10-08T23:51:54.6819435Z  Classical.choice,
2026-10-08T23:51:54.6819503Z  Quot.sound]
2026-10-08T23:51:54.6819851Z info: AxiomAudit.lean:1032:0: 'ASGinzburg.CutQuiver.GinzburgRegular.lowestGeneratorConnecting_isIso' depends on axioms: [propext,
2026-10-08T23:51:54.6819924Z  Classical.choice,
2026-10-08T23:51:54.6819991Z  Quot.sound]
2026-10-08T23:51:54.6820335Z info: AxiomAudit.lean:1033:0: 'ASGinzburg.CutQuiver.GinzburgRegular.lowestGeneratorConnectingIso' depends on axioms: [propext,
2026-10-08T23:51:54.6820407Z  Classical.choice,
2026-10-08T23:51:54.6820472Z  Quot.sound]
2026-10-08T23:51:54.6820767Z info: AxiomAudit.lean:1034:0: 'ASGinzburg.CutQuiver.GinzburgPath.cutDegree_transport' does not depend on any axioms
2026-10-08T23:51:54.6821085Z info: AxiomAudit.lean:1035:0: 'ASGinzburg.CutQuiver.Path.originalGinzburg_cutDegree' depends on axioms: [propext, Quot.sound]
2026-10-08T23:51:54.6821428Z info: AxiomAudit.lean:1036:0: 'ASGinzburg.CutQuiver.ginzburgCutComponent' depends on axioms: [propext, Classical.choice, Quot.sound]
2026-10-08T23:51:54.6821785Z info: AxiomAudit.lean:1037:0: 'ASGinzburg.CutQuiver.ginzburgWindingComponent' depends on axioms: [propext, Classical.choice, Quot.sound]
2026-10-08T23:51:54.6822155Z info: AxiomAudit.lean:1038:0: 'ASGinzburg.CutQuiver.originalGinzburgLinearMap_cut' depends on axioms: [propext, Classical.choice, Quot.sound]
2026-10-08T23:51:54.6822621Z info: AxiomAudit.lean:1039:0: 'ASGinzburg.CutQuiver.ginzburgLoopDifferential_cut' depends on axioms: [propext, Classical.choice, Quot.sound]
2026-10-08T23:51:54.6823040Z info: AxiomAudit.lean:1040:0: 'ASGinzburg.CutQuiver.ginzburgGeneratorDifferential_cut' depends on axioms: [propext, Classical.choice, Quot.sound]
2026-10-08T23:51:54.6823427Z info: AxiomAudit.lean:1041:0: 'ASGinzburg.CutQuiver.ginzburgCutComponent_le_winding' depends on axioms: [propext, Classical.choice, Quot.sound]
2026-10-08T23:51:54.6823839Z info: AxiomAudit.lean:1042:0: 'ASGinzburg.CutQuiver.ginzburgGeneratorDifferential_winding' depends on axioms: [propext, Classical.choice, Quot.sound]
2026-10-08T23:51:54.6824259Z info: AxiomAudit.lean:1043:0: 'ASGinzburg.CutQuiver.ginzburgGeneratorLoopDualOriginal_comp' depends on axioms: [propext, Classical.choice, Quot.sound]
2026-10-08T23:51:54.6824645Z info: AxiomAudit.lean:1044:0: 'ASGinzburg.CutQuiver.ginzburgGeneratorHomologyTerm' depends on axioms: [propext, Classical.choice, Quot.sound]
2026-10-08T23:51:54.6825056Z info: AxiomAudit.lean:1045:0: 'ASGinzburg.CutQuiver.ginzburgGeneratorHomologyDifferential' depends on axioms: [propext, Classical.choice, Quot.sound]
2026-10-08T23:51:54.6825396Z info: AxiomAudit.lean:1046:0: 'ASGinzburg.CutQuiver.ginzburgGeneratorHomologyDifferential_square' depends on axioms: [propext,
2026-10-08T23:51:54.6825468Z  Classical.choice,
2026-10-08T23:51:54.6825534Z  Quot.sound]
2026-10-08T23:51:54.6825941Z info: AxiomAudit.lean:1047:0: 'ASGinzburg.CutQuiver.ginzburgGeneratorHomologyChainComplex' depends on axioms: [propext, Classical.choice, Quot.sound]
2026-10-08T23:51:54.6826335Z info: AxiomAudit.lean:1048:0: 'ASGinzburg.CutQuiver.GinzburgRegular.generatorHomologyChainComplex_exactAt_succ' depends on axioms: [propext,
2026-10-08T23:51:54.6826403Z  Classical.choice,
2026-10-08T23:51:54.6826471Z  Quot.sound]
2026-10-08T23:51:54.6826876Z info: AxiomAudit.lean:1049:0: 'ASGinzburg.CutQuiver.ginzburgGeneratorHomologyAugmentation' depends on axioms: [propext, Classical.choice, Quot.sound]
2026-10-08T23:51:54.6827359Z info: AxiomAudit.lean:1050:0: 'ASGinzburg.CutQuiver.GinzburgRegular.generatorHomologyAugmentation_quasiIso' depends on axioms: [propext,
2026-10-08T23:51:54.6827429Z  Classical.choice,
2026-10-08T23:51:54.6827497Z  Quot.sound]
2026-10-08T23:51:54.6827894Z info: AxiomAudit.lean:1051:0: 'ASGinzburg.CutQuiver.ginzburgGeneratorPrefixOutgoing_zero' depends on axioms: [propext, Classical.choice, Quot.sound]
2026-10-08T23:51:54.6828237Z info: AxiomAudit.lean:1052:0: 'ASGinzburg.CutQuiver.ginzburgGeneratorPrefixHomologyAugmentation' depends on axioms: [propext,
2026-10-08T23:51:54.6828308Z  Classical.choice,
2026-10-08T23:51:54.6828372Z  Quot.sound]
2026-10-08T23:51:54.6828920Z info: AxiomAudit.lean:1053:0: 'ASGinzburg.CutQuiver.GinzburgRegular.generatorPrefixAugmentation_quasiIso' depends on axioms: [propext,
2026-10-08T23:51:54.6828990Z  Classical.choice,
2026-10-08T23:51:54.6829059Z  Quot.sound]
2026-10-08T23:51:54.6829464Z info: AxiomAudit.lean:1054:0: 'ASGinzburg.CutQuiver.ginzburgAssociatedGradedAugmentation' depends on axioms: [propext, Classical.choice, Quot.sound]
2026-10-08T23:51:54.6829841Z info: AxiomAudit.lean:1055:0: 'ASGinzburg.CutQuiver.GinzburgRegular.associatedGradedAugmentation_quasiIso' depends on axioms: [propext,
2026-10-08T23:51:54.6829912Z  Classical.choice,
2026-10-08T23:51:54.6829978Z  Quot.sound]
2026-10-08T23:51:54.6830343Z info: AxiomAudit.lean:1056:0: 'ASGinzburg.CutQuiver.GinzburgLastGeneratorData.path_mem_layer_iff' depends on axioms: [propext, Quot.sound]
2026-10-08T23:51:54.6830738Z info: AxiomAudit.lean:1057:0: 'ASGinzburg.CutQuiver.ginzburgGeneratorLayerDegreeEquiv' depends on axioms: [propext, Classical.choice, Quot.sound]
2026-10-08T23:51:54.6831121Z info: AxiomAudit.lean:1058:0: 'ASGinzburg.CutQuiver.ginzburgGeneratorLayerFreeEquiv' depends on axioms: [propext, Classical.choice, Quot.sound]
2026-10-08T23:51:54.6831455Z info: AxiomAudit.lean:1059:0: 'ASGinzburg.CutQuiver.ginzburgGeneratorLayerAtDegree_le_filtration' depends on axioms: [propext,
2026-10-08T23:51:54.6831623Z  Classical.choice,
2026-10-08T23:51:54.6831693Z  Quot.sound]
2026-10-08T23:51:54.6832060Z info: AxiomAudit.lean:1060:0: 'ASGinzburg.CutQuiver.ginzburgGeneratorLayerClass' depends on axioms: [propext, Classical.choice, Quot.sound]
2026-10-08T23:51:54.6832392Z info: AxiomAudit.lean:1061:0: 'ASGinzburg.CutQuiver.ginzburgGeneratorLayerQuotientEquiv_coe_mk' depends on axioms: [propext,
2026-10-08T23:51:54.6832464Z  Classical.choice,
2026-10-08T23:51:54.6832529Z  Quot.sound]
2026-10-08T23:51:54.6832875Z info: AxiomAudit.lean:1062:0: 'ASGinzburg.CutQuiver.ginzburgGeneratorLayerQuotientEquiv_layerClass' depends on axioms: [propext,
2026-10-08T23:51:54.6832944Z  Classical.choice,
2026-10-08T23:51:54.6833012Z  Quot.sound]
2026-10-08T23:51:54.6833338Z info: AxiomAudit.lean:1063:0: 'ASGinzburg.CutQuiver.ginzburgGeneratorLayerQuotientEquiv_symm' depends on axioms: [propext,
2026-10-08T23:51:54.6833409Z  Classical.choice,
2026-10-08T23:51:54.6833476Z  Quot.sound]
2026-10-08T23:51:54.6833872Z info: AxiomAudit.lean:1064:0: 'ASGinzburg.CutQuiver.ginzburgCutComponentBasisEquiv_apply' depends on axioms: [propext, Classical.choice, Quot.sound]
2026-10-08T23:51:54.6834267Z info: AxiomAudit.lean:1065:0: 'ASGinzburg.CutQuiver.ginzburgGeneratorLayerFreeEquiv_apply' depends on axioms: [propext, Classical.choice, Quot.sound]
2026-10-08T23:51:54.6834657Z info: AxiomAudit.lean:1066:0: 'ASGinzburg.CutQuiver.ginzburgGeneratorPrefixSingleLayer' depends on axioms: [propext, Classical.choice, Quot.sound]
2026-10-08T23:51:54.6835053Z info: AxiomAudit.lean:1067:0: 'ASGinzburg.CutQuiver.ginzburgGeneratorPrefixSingleClass' depends on axioms: [propext, Classical.choice, Quot.sound]
2026-10-08T23:51:54.6835400Z info: AxiomAudit.lean:1068:0: 'ASGinzburg.CutQuiver.ginzburgGeneratorPrefixSingleClass_differential' depends on axioms: [propext,
2026-10-08T23:51:54.6835468Z  Classical.choice,
2026-10-08T23:51:54.6835535Z  Quot.sound]
2026-10-08T23:51:54.6835871Z info: AxiomAudit.lean:1069:0: 'ASGinzburg.CutQuiver.ginzburgGeneratorPrefixDifferential_piSingle' depends on axioms: [propext,
2026-10-08T23:51:54.6836035Z  Classical.choice,
2026-10-08T23:51:54.6836102Z  Quot.sound]
2026-10-08T23:51:54.6836491Z info: AxiomAudit.lean:1070:0: 'ASGinzburg.CutQuiver.ginzburgGeneratorPrefixToGradedRow' depends on axioms: [propext, Classical.choice, Quot.sound]
2026-10-08T23:51:54.6836822Z info: AxiomAudit.lean:1071:0: 'ASGinzburg.CutQuiver.ginzburgGeneratorPrefixToGradedRow_piSingle' depends on axioms: [propext,
2026-10-08T23:51:54.6836892Z  Classical.choice,
2026-10-08T23:51:54.6836958Z  Quot.sound]
2026-10-08T23:51:54.6837302Z info: AxiomAudit.lean:1072:0: 'ASGinzburg.CutQuiver.ginzburgGeneratorPrefixToGradedRow_differential' depends on axioms: [propext,
2026-10-08T23:51:54.6837373Z  Classical.choice,
2026-10-08T23:51:54.6837440Z  Quot.sound]
2026-10-08T23:51:54.6837771Z info: AxiomAudit.lean:1073:0: 'ASGinzburg.CutQuiver.ginzburgGeneratorPrefixToAssociatedGraded' depends on axioms: [propext,
2026-10-08T23:51:54.6837845Z  Classical.choice,
2026-10-08T23:51:54.6837912Z  Quot.sound]
2026-10-08T23:51:54.6838240Z info: AxiomAudit.lean:1074:0: 'ASGinzburg.CutQuiver.ginzburgGeneratorPrefixTerm_isZero_of_above' depends on axioms: [propext,
2026-10-08T23:51:54.6838309Z  Classical.choice,
2026-10-08T23:51:54.6838377Z  Quot.sound]
2026-10-08T23:51:54.6838847Z info: AxiomAudit.lean:1075:0: 'ASGinzburg.CutQuiver.ginzburgGeneratorPrefixHomology_isZero_of_above' depends on axioms: [propext,
2026-10-08T23:51:54.6838919Z  Classical.choice,
2026-10-08T23:51:54.6838988Z  Quot.sound]
2026-10-08T23:51:54.6839344Z info: AxiomAudit.lean:1076:0: 'ASGinzburg.CutQuiver.ginzburgAssociatedGradedHomology_isZero_of_above' depends on axioms: [propext,
2026-10-08T23:51:54.6839418Z  Classical.choice,
2026-10-08T23:51:54.6839484Z  Quot.sound]
2026-10-08T23:51:54.6839865Z info: AxiomAudit.lean:1077:0: 'ASGinzburg.CutQuiver.GinzburgRegular.associatedGradedHomology_isZero_of_ne' depends on axioms: [propext,
2026-10-08T23:51:54.6839938Z  Classical.choice,
2026-10-08T23:51:54.6840004Z  Quot.sound]
2026-10-08T23:51:54.6840481Z info: AxiomAudit.lean:1078:0: 'ASGinzburg.CutQuiver.ginzburgGeneratorPrefixToAssociatedGraded_f_isIso' depends on axioms: [propext,
2026-10-08T23:51:54.6840551Z  Classical.choice,
2026-10-08T23:51:54.6840619Z  Quot.sound]
2026-10-08T23:51:54.6840969Z info: AxiomAudit.lean:1079:0: 'ASGinzburg.CutQuiver.ginzburgGeneratorPrefixToAssociatedGraded_isIso' depends on axioms: [propext,
2026-10-08T23:51:54.6841040Z  Classical.choice,
2026-10-08T23:51:54.6841107Z  Quot.sound]
2026-10-08T23:51:54.6841493Z info: AxiomAudit.lean:1080:0: 'ASGinzburg.CutQuiver.ginzburgGeneratorPrefixGradedIso' depends on axioms: [propext, Classical.choice, Quot.sound]
2026-10-08T23:51:54.6841878Z info: AxiomAudit.lean:1081:0: 'ASGinzburg.CutQuiver.ginzburgAssociatedGradedHomology' depends on axioms: [propext, Classical.choice, Quot.sound]
2026-10-08T23:51:54.6842211Z info: AxiomAudit.lean:1082:0: 'ASGinzburg.CutQuiver.ginzburgAssociatedGradedPrefixHomologyIso' depends on axioms: [propext,
2026-10-08T23:51:54.6842287Z  Classical.choice,
2026-10-08T23:51:54.6842355Z  Quot.sound]
2026-10-08T23:51:54.6842718Z info: AxiomAudit.lean:1083:0: 'ASGinzburg.CutQuiver.GinzburgRegular.associatedGradedHomology_succ_isZero' depends on axioms: [propext,
2026-10-08T23:51:54.6842789Z  Classical.choice,
2026-10-08T23:51:54.6842855Z  Quot.sound]
2026-10-08T23:51:54.6843205Z info: AxiomAudit.lean:1084:0: 'ASGinzburg.CutQuiver.GinzburgRegular.associatedGradedHomology_isZero' depends on axioms: [propext,
2026-10-08T23:51:54.6843273Z  Classical.choice,
2026-10-08T23:51:54.6843341Z  Quot.sound]
2026-10-08T23:51:54.6843694Z info: AxiomAudit.lean:1085:0: 'ASGinzburg.CutQuiver.ginzburgGeneratorLayerFreeEquiv_prefixSingleLayer' depends on axioms: [propext,
2026-10-08T23:51:54.6843763Z  Classical.choice,
2026-10-08T23:51:54.6843831Z  Quot.sound]
2026-10-08T23:51:54.6844168Z info: AxiomAudit.lean:1086:0: 'ASGinzburg.CutQuiver.ginzburgGeneratorLayerFreeEquiv_symm_piSingle' depends on axioms: [propext,
2026-10-08T23:51:54.6844335Z  Classical.choice,
2026-10-08T23:51:54.6844403Z  Quot.sound]
2026-10-08T23:51:54.6844739Z info: AxiomAudit.lean:1087:0: 'ASGinzburg.CutQuiver.ginzburgGeneratorPrefixToGradedRow_eq_equiv' depends on axioms: [propext,
2026-10-08T23:51:54.6844813Z  Classical.choice,
2026-10-08T23:51:54.6844877Z  Quot.sound]
2026-10-08T23:51:54.6845215Z info: AxiomAudit.lean:1088:0: 'ASGinzburg.CutQuiver.ginzburgGeneratorPrefixToGradedRow_bijective' depends on axioms: [propext,
2026-10-08T23:51:54.6845284Z  Classical.choice,
2026-10-08T23:51:54.6845353Z  Quot.sound]
2026-10-08T23:51:54.6845684Z info: AxiomAudit.lean:1089:0: 'ASGinzburg.CutQuiver.ginzburgGeneratorFiltrationPaths_difference' depends on axioms: [propext,
2026-10-08T23:51:54.6845755Z  Classical.choice,
2026-10-08T23:51:54.6845820Z  Quot.sound]
2026-10-08T23:51:54.6846178Z info: AxiomAudit.lean:1090:0: 'ASGinzburg.CutQuiver.ginzburgGeneratorFiltrationDegreePaths_difference' depends on axioms: [propext,
2026-10-08T23:51:54.6846249Z  Classical.choice,
2026-10-08T23:51:54.6846317Z  Quot.sound]
2026-10-08T23:51:54.6846721Z info: AxiomAudit.lean:1091:0: 'ASGinzburg.CutQuiver.ginzburgGeneratorLayerQuotientEquiv' depends on axioms: [propext, Classical.choice, Quot.sound]
2026-10-08T23:51:54.6847073Z info: AxiomAudit.lean:1092:0: 'ASGinzburg.CutQuiver.GinzburgLastGeneratorData.path_injective' depends on axioms: [propext, Quot.sound]
2026-10-08T23:51:54.6847359Z info: AxiomAudit.lean:1093:0: 'ASGinzburg.CutQuiver.ginzburgGeneratorLayerPaths' does not depend on any axioms
2026-10-08T23:51:54.6847680Z info: AxiomAudit.lean:1094:0: 'ASGinzburg.CutQuiver.ginzburgGeneratorLayerPaths_le_filtration' depends on axioms: [propext,
2026-10-08T23:51:54.6847749Z  Classical.choice,
2026-10-08T23:51:54.6847816Z  Quot.sound]
2026-10-08T23:51:54.6848215Z info: AxiomAudit.lean:1095:0: 'ASGinzburg.CutQuiver.ginzburgGeneratorFiltrationPaths_step' depends on axioms: [propext, Classical.choice, Quot.sound]
2026-10-08T23:51:54.6848884Z info: AxiomAudit.lean:1096:0: 'ASGinzburg.CutQuiver.ginzburgGeneratorLayerPaths_disjoint' depends on axioms: [propext, Classical.choice, Quot.sound]
2026-10-08T23:51:54.6849232Z info: AxiomAudit.lean:1097:0: 'ASGinzburg.CutQuiver.ginzburgGeneratorLayer' depends on axioms: [propext, Classical.choice, Quot.sound]
2026-10-08T23:51:54.6849626Z info: AxiomAudit.lean:1098:0: 'ASGinzburg.CutQuiver.ginzburgGeneratorFiltrationAtDegree' depends on axioms: [propext, Classical.choice, Quot.sound]
2026-10-08T23:51:54.6850005Z info: AxiomAudit.lean:1099:0: 'ASGinzburg.CutQuiver.ginzburgGeneratorLayerAtDegree' depends on axioms: [propext, Classical.choice, Quot.sound]
2026-10-08T23:51:54.6850335Z info: AxiomAudit.lean:1100:0: 'ASGinzburg.CutQuiver.ginzburgGeneratorFiltrationAtDegree_eq_inf' depends on axioms: [propext,
2026-10-08T23:51:54.6850406Z  Classical.choice,
2026-10-08T23:51:54.6850474Z  Quot.sound]
2026-10-08T23:51:54.6850866Z info: AxiomAudit.lean:1101:0: 'ASGinzburg.CutQuiver.ginzburgGeneratorLayerAtDegree_eq_inf' depends on axioms: [propext, Classical.choice, Quot.sound]
2026-10-08T23:51:54.6851250Z info: AxiomAudit.lean:1102:0: 'ASGinzburg.CutQuiver.ginzburgGeneratorFiltration_step' depends on axioms: [propext, Classical.choice, Quot.sound]
2026-10-08T23:51:54.6851622Z info: AxiomAudit.lean:1103:0: 'ASGinzburg.CutQuiver.ginzburgGeneratorLayer_disjoint' depends on axioms: [propext, Classical.choice, Quot.sound]
2026-10-08T23:51:54.6851954Z info: AxiomAudit.lean:1104:0: 'ASGinzburg.CutQuiver.ginzburgGeneratorFiltrationAtDegree_negTwo' depends on axioms: [propext,
2026-10-08T23:51:54.6852026Z  Classical.choice,
2026-10-08T23:51:54.6852091Z  Quot.sound]
2026-10-08T23:51:54.6852415Z info: AxiomAudit.lean:1105:0: 'ASGinzburg.CutQuiver.ginzburgGeneratorFiltrationAtDegree_one' depends on axioms: [propext,
2026-10-08T23:51:54.6852484Z  Classical.choice,
2026-10-08T23:51:54.6852551Z  Quot.sound]
2026-10-08T23:51:54.6852933Z info: AxiomAudit.lean:1106:0: 'ASGinzburg.CutQuiver.GinzburgGeneratorPrefix' depends on axioms: [propext, Classical.choice, Quot.sound]
2026-10-08T23:51:54.6853476Z info: AxiomAudit.lean:1107:0: 'ASGinzburg.CutQuiver.ginzburgSignedShiftDifferential' depends on axioms: [propext, Classical.choice, Quot.sound]
2026-10-08T23:51:54.6853890Z info: AxiomAudit.lean:1108:0: 'ASGinzburg.CutQuiver.ginzburgGeneratorPrefixDifferential' depends on axioms: [propext, Classical.choice, Quot.sound]
2026-10-08T23:51:54.6854234Z info: AxiomAudit.lean:1109:0: 'ASGinzburg.CutQuiver.ginzburgGeneratorPrefixDifferential_square' depends on axioms: [propext,
2026-10-08T23:51:54.6854307Z  Classical.choice,
2026-10-08T23:51:54.6854374Z  Quot.sound]
2026-10-08T23:51:54.6854758Z info: AxiomAudit.lean:1110:0: 'ASGinzburg.CutQuiver.ginzburgGeneratorPrefixComplex' depends on axioms: [propext, Classical.choice, Quot.sound]
2026-10-08T23:51:54.6855087Z info: AxiomAudit.lean:1111:0: 'ASGinzburg.CutQuiver.ginzburgSign_ne_zero' depends on axioms: [propext, Classical.choice, Quot.sound]
2026-10-08T23:51:54.6855472Z info: AxiomAudit.lean:1112:0: 'ASGinzburg.CutQuiver.ginzburgGeneratorPrefixComplex_d' depends on axioms: [propext, Classical.choice, Quot.sound]
2026-10-08T23:51:54.6855856Z info: AxiomAudit.lean:1113:0: 'ASGinzburg.CutQuiver.ginzburgGeneratorPrefixHomology' depends on axioms: [propext, Classical.choice, Quot.sound]
2026-10-08T23:51:54.6856217Z info: AxiomAudit.lean:1114:0: 'ASGinzburg.CutQuiver.ginzburgGeneratorPrefixHomology_succ_isZero_iff_cycles' depends on axioms: [propext,
2026-10-08T23:51:54.6856289Z  Classical.choice,
2026-10-08T23:51:54.6856357Z  Quot.sound]
2026-10-08T23:51:54.6856717Z info: AxiomAudit.lean:1115:0: 'ASGinzburg.CutQuiver.GinzburgRegular.generatorPrefixHomology_succ_isZero' depends on axioms: [propext,
2026-10-08T23:51:54.6856789Z  Classical.choice,
2026-10-08T23:51:54.6856853Z  Quot.sound]
2026-10-08T23:51:54.6857194Z info: AxiomAudit.lean:1116:0: 'ASGinzburg.CutQuiver.ginzburgGeneratorPrefixDifferential_top_zero' depends on axioms: [propext,
2026-10-08T23:51:54.6857263Z  Classical.choice,
2026-10-08T23:51:54.6857331Z  Quot.sound]
2026-10-08T23:51:54.6857747Z info: AxiomAudit.lean:1117:0: 'ASGinzburg.CutQuiver.ginzburgGeneratorPrefixIncomingDifferential' depends on axioms: [propext,
2026-10-08T23:51:54.6857818Z  Classical.choice,
2026-10-08T23:51:54.6857885Z  Quot.sound]
2026-10-08T23:51:54.6858298Z info: AxiomAudit.lean:1118:0: 'ASGinzburg.CutQuiver.ginzburgGeneratorPrefixTopShortComplex' depends on axioms: [propext, Classical.choice, Quot.sound]
2026-10-08T23:51:54.6858721Z info: AxiomAudit.lean:1119:0: 'ASGinzburg.CutQuiver.ginzburgGeneratorPrefixTopShortComplex_g' depends on axioms: [propext,
2026-10-08T23:51:54.6858790Z  Classical.choice,
2026-10-08T23:51:54.6858858Z  Quot.sound]
2026-10-08T23:51:54.6859196Z info: AxiomAudit.lean:1120:0: 'ASGinzburg.CutQuiver.ginzburgGeneratorPrefixTopShortComplexIso' depends on axioms: [propext,
2026-10-08T23:51:54.6859265Z  Classical.choice,
2026-10-08T23:51:54.6859333Z  Quot.sound]
2026-10-08T23:51:54.6859684Z info: AxiomAudit.lean:1121:0: 'ASGinzburg.CutQuiver.ginzburgGeneratorPrefixTopHomologyQuotientIso' depends on axioms: [propext,
2026-10-08T23:51:54.6859761Z  Classical.choice,
2026-10-08T23:51:54.6859828Z  Quot.sound]
2026-10-08T23:51:54.6860151Z info: AxiomAudit.lean:1122:0: 'ASGinzburg.CutQuiver.ginzburgAppendGenerator_mem_layerAtDegree' depends on axioms: [propext,
2026-10-08T23:51:54.6860222Z  Classical.choice,
2026-10-08T23:51:54.6860287Z  Quot.sound]
2026-10-08T23:51:54.6860673Z info: AxiomAudit.lean:1123:0: 'ASGinzburg.CutQuiver.ginzburgAppendGeneratorAtDegree' depends on axioms: [propext, Classical.choice, Quot.sound]
2026-10-08T23:51:54.6861038Z info: AxiomAudit.lean:1124:0: 'ASGinzburg.CutQuiver.ginzburgAssociatedGradedDifferential_appendGenerator' depends on axioms: [propext,
2026-10-08T23:51:54.6861110Z  Classical.choice,
2026-10-08T23:51:54.6861176Z  Quot.sound]
2026-10-08T23:51:54.6861563Z info: AxiomAudit.lean:1125:0: 'ASGinzburg.CutQuiver.ginzburgGeneratorHigherLayer_zero' depends on axioms: [propext, Classical.choice, Quot.sound]
2026-10-08T23:51:54.6861915Z info: AxiomAudit.lean:1126:0: 'ASGinzburg.CutQuiver.ginzburgFilteredToAssociatedGraded_zero_f_isIso' depends on axioms: [propext,
2026-10-08T23:51:54.6862096Z  Classical.choice,
2026-10-08T23:51:54.6862164Z  Quot.sound]
2026-10-08T23:51:54.6862504Z info: AxiomAudit.lean:1127:0: 'ASGinzburg.CutQuiver.ginzburgFilteredToAssociatedGraded_zero_isIso' depends on axioms: [propext,
2026-10-08T23:51:54.6862576Z  Classical.choice,
2026-10-08T23:51:54.6862641Z  Quot.sound]
2026-10-08T23:51:54.6863029Z info: AxiomAudit.lean:1128:0: 'ASGinzburg.CutQuiver.ginzburgGeneratorFilteredZeroIso' depends on axioms: [propext, Classical.choice, Quot.sound]
2026-10-08T23:51:54.6863362Z info: AxiomAudit.lean:1129:0: 'ASGinzburg.CutQuiver.ginzburgGeneratorFilteredZeroHomologyIso' depends on axioms: [propext,
2026-10-08T23:51:54.6863431Z  Classical.choice,
2026-10-08T23:51:54.6863499Z  Quot.sound]
2026-10-08T23:51:54.6863868Z info: AxiomAudit.lean:1130:0: 'ASGinzburg.CutQuiver.GinzburgRegular.generatorFilteredZeroHomology_isZero' depends on axioms: [propext,
2026-10-08T23:51:54.6863942Z  Classical.choice,
2026-10-08T23:51:54.6864012Z  Quot.sound]
2026-10-08T23:51:54.6864242Z info: AxiomAudit.lean:1131:0: 'ASGinzburg.CutQuiver.GinzburgArrow' does not depend on any axioms
2026-10-08T23:51:54.6864489Z info: AxiomAudit.lean:1132:0: 'ASGinzburg.CutQuiver.GinzburgArrow.source' does not depend on any axioms
2026-10-08T23:51:54.6864731Z info: AxiomAudit.lean:1133:0: 'ASGinzburg.CutQuiver.GinzburgArrow.target' does not depend on any axioms
2026-10-08T23:51:54.6865034Z info: AxiomAudit.lean:1134:0: 'ASGinzburg.CutQuiver.GinzburgArrow.cohomologicalDegree' does not depend on any axioms
2026-10-08T23:51:54.6865298Z info: AxiomAudit.lean:1135:0: 'ASGinzburg.CutQuiver.GinzburgArrow.cutDegree' does not depend on any axioms
2026-10-08T23:51:54.6865557Z info: AxiomAudit.lean:1136:0: 'ASGinzburg.CutQuiver.GinzburgArrow.winding' does not depend on any axioms
2026-10-08T23:51:54.6865908Z info: AxiomAudit.lean:1137:0: 'ASGinzburg.CutQuiver.GinzburgArrow.winding_pos' depends on axioms: [propext, Classical.choice, Quot.sound]
2026-10-08T23:51:54.6866317Z info: AxiomAudit.lean:1138:0: 'ASGinzburg.CutQuiver.GinzburgArrow.winding_formula' depends on axioms: [propext, Quot.sound]
2026-10-08T23:51:54.6866629Z info: AxiomAudit.lean:1139:0: 'ASGinzburg.CutQuiver.GinzburgArrow.original_dual_winding_sum' depends on axioms: [propext]
2026-10-08T23:51:54.6866925Z info: AxiomAudit.lean:1140:0: 'ASGinzburg.CutQuiver.GinzburgArrow.original_dual_cut_sum' depends on axioms: [propext]
2026-10-08T23:51:54.6867314Z info: AxiomAudit.lean:1141:0: 'ASGinzburg.CutQuiver.GinzburgArrow.loop_differential_cohomological_degree' does not depend on any axioms
2026-10-08T23:51:54.6867717Z info: AxiomAudit.lean:1142:0: 'ASGinzburg.CutQuiver.ginzburgHomologyComponentAlgebra' depends on axioms: [propext, Classical.choice, Quot.sound]
2026-10-08T23:51:54.6868067Z info: AxiomAudit.lean:1143:0: 'ASGinzburg.CutQuiver.GinzburgHomologyRing' depends on axioms: [propext, Classical.choice, Quot.sound]
2026-10-08T23:51:54.6868431Z info: AxiomAudit.lean:1144:0: 'ASGinzburg.CutQuiver.ginzburgHomologyJacobianComponentIsomorphism' depends on axioms: [propext,
2026-10-08T23:51:54.6868504Z  Classical.choice,
2026-10-08T23:51:54.6868722Z  Quot.sound]
2026-10-08T23:51:54.6869114Z info: AxiomAudit.lean:1145:0: 'ASGinzburg.CutQuiver.ginzburgHomologyJacobianAlgEquiv' depends on axioms: [propext, Classical.choice, Quot.sound]
2026-10-08T23:51:54.6869482Z info: AxiomAudit.lean:1146:0: 'ASGinzburg.CutQuiver.finiteComponentCurryEquiv' depends on axioms: [propext, Classical.choice, Quot.sound]
2026-10-08T23:51:54.6869820Z info: AxiomAudit.lean:1147:0: 'ASGinzburg.CutQuiver.ginzburgTotalHomologyZeroComponentRingIso' depends on axioms: [propext,
2026-10-08T23:51:54.6869890Z  Classical.choice,
2026-10-08T23:51:54.6869958Z  Quot.sound]
2026-10-08T23:51:54.6870310Z info: AxiomAudit.lean:1148:0: 'ASGinzburg.CutQuiver.ginzburgTotalHomologyZeroJacobianRingIso' depends on axioms: [propext,
2026-10-08T23:51:54.6870384Z  Classical.choice,
2026-10-08T23:51:54.6870451Z  Quot.sound]
2026-10-08T23:51:54.6870912Z info: AxiomAudit.lean:1149:0: 'ASGinzburg.CutQuiver.ginzburgZeroId' depends on axioms: [propext, Classical.choice, Quot.sound]
2026-10-08T23:51:54.6871225Z info: AxiomAudit.lean:1150:0: 'ASGinzburg.CutQuiver.ginzburgZeroId_val' depends on axioms: [propext, Classical.choice, Quot.sound]
2026-10-08T23:51:54.6871543Z info: AxiomAudit.lean:1151:0: 'ASGinzburg.CutQuiver.ginzburgZeroComp_id' depends on axioms: [propext, Classical.choice, Quot.sound]
2026-10-08T23:51:54.6871853Z info: AxiomAudit.lean:1152:0: 'ASGinzburg.CutQuiver.id_ginzburgZeroComp' depends on axioms: [propext, Classical.choice, Quot.sound]
2026-10-08T23:51:54.6872177Z info: AxiomAudit.lean:1153:0: 'ASGinzburg.CutQuiver.ginzburgZeroComp_assoc' depends on axioms: [propext, Classical.choice, Quot.sound]
2026-10-08T23:51:54.6872503Z info: AxiomAudit.lean:1154:0: 'ASGinzburg.CutQuiver.ginzburgHomologyZeroId' depends on axioms: [propext, Classical.choice, Quot.sound]
2026-10-08T23:51:54.6872854Z info: AxiomAudit.lean:1155:0: 'ASGinzburg.CutQuiver.ginzburgHomologyZeroComp_id' depends on axioms: [propext, Classical.choice, Quot.sound]
2026-10-08T23:51:54.6873194Z info: AxiomAudit.lean:1156:0: 'ASGinzburg.CutQuiver.id_ginzburgHomologyZeroComp' depends on axioms: [propext, Classical.choice, Quot.sound]
2026-10-08T23:51:54.6873548Z info: AxiomAudit.lean:1157:0: 'ASGinzburg.CutQuiver.ginzburgHomologyZeroComp_assoc' depends on axioms: [propext, Classical.choice, Quot.sound]
2026-10-08T23:51:54.6873945Z info: AxiomAudit.lean:1158:0: 'ASGinzburg.CutQuiver.ginzburgHomologyZeroJacobianIso_id' depends on axioms: [propext, Classical.choice, Quot.sound]
2026-10-08T23:51:54.6874286Z info: AxiomAudit.lean:1159:0: 'ASGinzburg.CutQuiver.GinzburgHomologyComponent' depends on axioms: [propext, Classical.choice, Quot.sound]
2026-10-08T23:51:54.6874679Z info: AxiomAudit.lean:1160:0: 'ASGinzburg.CutQuiver.ginzburgHomologyComponentJacobianEquiv' depends on axioms: [propext, Classical.choice, Quot.sound]
2026-10-08T23:51:54.6875123Z info: AxiomAudit.lean:1161:0: 'ASGinzburg.CutQuiver.ginzburgHomologyComponentJacobianEquiv_id' depends on axioms: [propext,
2026-10-08T23:51:54.6875192Z  Classical.choice,
2026-10-08T23:51:54.6875257Z  Quot.sound]
2026-10-08T23:51:54.6875580Z info: AxiomAudit.lean:1162:0: 'ASGinzburg.CutQuiver.ginzburgHomologyComponentJacobianEquiv_comp' depends on axioms: [propext,
2026-10-08T23:51:54.6875649Z  Classical.choice,
2026-10-08T23:51:54.6875712Z  Quot.sound]
2026-10-08T23:51:54.6876052Z info: AxiomAudit.lean:1163:0: 'ASGinzburg.CutQuiver.ginzburgHomologyZAlgebra' depends on axioms: [propext, Classical.choice, Quot.sound]
2026-10-08T23:51:54.6876433Z info: AxiomAudit.lean:1164:0: 'ASGinzburg.CutQuiver.ginzburgHomologyJacobianIsomorphism' depends on axioms: [propext, Classical.choice, Quot.sound]
2026-10-08T23:51:54.6876814Z info: AxiomAudit.lean:1165:0: 'ASGinzburg.CutQuiver.ginzburgGradedDifferential_zero' depends on axioms: [propext, Classical.choice, Quot.sound]
2026-10-08T23:51:54.6877185Z info: AxiomAudit.lean:1166:0: 'ASGinzburg.CutQuiver.ginzburgNegativeOneDifferential' depends on axioms: [propext, Classical.choice, Quot.sound]
2026-10-08T23:51:54.6877524Z info: AxiomAudit.lean:1167:0: 'ASGinzburg.CutQuiver.ginzburgZeroShortComplex' depends on axioms: [propext, Classical.choice, Quot.sound]
2026-10-08T23:51:54.6877863Z info: AxiomAudit.lean:1168:0: 'ASGinzburg.CutQuiver.ginzburgZeroShortComplex_g' depends on axioms: [propext, Classical.choice, Quot.sound]
2026-10-08T23:51:54.6878215Z info: AxiomAudit.lean:1169:0: 'ASGinzburg.CutQuiver.ginzburgZeroShortComplexIso' depends on axioms: [propext, Classical.choice, Quot.sound]
2026-10-08T23:51:54.6878672Z info: AxiomAudit.lean:1170:0: 'ASGinzburg.CutQuiver.ginzburgHomologyZeroQuotientIso' depends on axioms: [propext, Classical.choice, Quot.sound]
2026-10-08T23:51:54.6879018Z info: AxiomAudit.lean:1171:0: 'ASGinzburg.CutQuiver.ginzburgGradedBoundary_map' depends on axioms: [propext, Classical.choice, Quot.sound]
2026-10-08T23:51:54.6879397Z info: AxiomAudit.lean:1172:0: 'ASGinzburg.CutQuiver.ginzburgZeroQuotientJacobianEquiv' depends on axioms: [propext, Classical.choice, Quot.sound]
2026-10-08T23:51:54.6879952Z info: AxiomAudit.lean:1173:0: 'ASGinzburg.CutQuiver.ginzburgHomologyZeroJacobianIso' depends on axioms: [propext, Classical.choice, Quot.sound]
2026-10-08T23:51:54.6881418Z info: AxiomAudit.lean:1174:0: 'ASGinzburg.CutQuiver.ginzburgHomologyZeroComp' depends on axioms: [propext, Classical.choice, Quot.sound]
2026-10-08T23:51:54.6881757Z info: AxiomAudit.lean:1175:0: 'ASGinzburg.CutQuiver.ginzburgZeroHomologyClass' depends on axioms: [propext, Classical.choice, Quot.sound]
2026-10-08T23:51:54.6882137Z info: AxiomAudit.lean:1176:0: 'ASGinzburg.CutQuiver.ginzburgHomologyZeroQuotientIso_class' depends on axioms: [propext, Classical.choice, Quot.sound]
2026-10-08T23:51:54.6882513Z info: AxiomAudit.lean:1177:0: 'ASGinzburg.CutQuiver.ginzburgZeroHomologyClass_surjective' depends on axioms: [propext, Classical.choice, Quot.sound]
2026-10-08T23:51:54.6882869Z info: AxiomAudit.lean:1178:0: 'ASGinzburg.CutQuiver.ginzburgHomologyZeroComp_class' depends on axioms: [propext, Classical.choice, Quot.sound]
2026-10-08T23:51:54.6883247Z info: AxiomAudit.lean:1179:0: 'ASGinzburg.CutQuiver.ginzburgHomologyZeroQuotientIso_comp' depends on axioms: [propext, Classical.choice, Quot.sound]
2026-10-08T23:51:54.6883551Z info: AxiomAudit.lean:1180:0: 'ASGinzburg.CutQuiver.ginzburgBoundaryLift_mem_pathJacobianIdeal' depends on axioms: [propext,
2026-10-08T23:51:54.6883621Z  Classical.choice,
2026-10-08T23:51:54.6883685Z  Quot.sound]
2026-10-08T23:51:54.6884014Z info: AxiomAudit.lean:1181:0: 'ASGinzburg.CutQuiver.ginzburgBoundarySpace_le_pathJacobianIdeal' depends on axioms: [propext,
2026-10-08T23:51:54.6884085Z  Classical.choice,
2026-10-08T23:51:54.6904927Z  Quot.sound]
2026-10-08T23:51:54.6905282Z info: AxiomAudit.lean:1182:0: 'ASGinzburg.CutQuiver.ginzburgBoundarySpace_eq_pathJacobianIdeal' depends on axioms: [propext,
2026-10-08T23:51:54.6905358Z  Classical.choice,
2026-10-08T23:51:54.6905426Z  Quot.sound]
2026-10-08T23:51:54.6905977Z info: AxiomAudit.lean:1183:0: 'ASGinzburg.CutQuiver.originalGinzburgDegreeZeroEquiv_comp' depends on axioms: [propext, Classical.choice, Quot.sound]
2026-10-08T23:51:54.6906299Z info: AxiomAudit.lean:1184:0: 'ASGinzburg.CutQuiver.originalGinzburgDegreeZeroEquiv_symm_comp' depends on axioms: [propext,
2026-10-08T23:51:54.6906369Z  Classical.choice,
2026-10-08T23:51:54.6906438Z  Quot.sound]
2026-10-08T23:51:54.6906860Z info: AxiomAudit.lean:1185:0: 'ASGinzburg.CutQuiver.ginzburgZeroQuotientJacobianEquiv_mk' depends on axioms: [propext, Classical.choice, Quot.sound]
2026-10-08T23:51:54.6907257Z info: AxiomAudit.lean:1186:0: 'ASGinzburg.CutQuiver.ginzburgZeroQuotientJacobianEquiv_comp' depends on axioms: [propext, Classical.choice, Quot.sound]
2026-10-08T23:51:54.6907644Z info: AxiomAudit.lean:1187:0: 'ASGinzburg.CutQuiver.ginzburgHomologyZeroJacobianIso_comp' depends on axioms: [propext, Classical.choice, Quot.sound]
2026-10-08T23:51:54.6907922Z info: AxiomAudit.lean:1188:0: 'ASGinzburg.CutQuiver.GinzburgPath.transport_toList' does not depend on any axioms
2026-10-08T23:51:54.6908201Z info: AxiomAudit.lean:1189:0: 'ASGinzburg.CutQuiver.GinzburgPath.transport_length' does not depend on any axioms
2026-10-08T23:51:54.6908467Z info: AxiomAudit.lean:1190:0: 'ASGinzburg.CutQuiver.GinzburgLastGeneratorData' does not depend on any axioms
2026-10-08T23:51:54.6908860Z info: AxiomAudit.lean:1191:0: 'ASGinzburg.CutQuiver.GinzburgLastGeneratorData.path' does not depend on any axioms
2026-10-08T23:51:54.6909168Z info: AxiomAudit.lean:1192:0: 'ASGinzburg.CutQuiver.GinzburgLastGeneratorData.path_length' depends on axioms: [propext]
2026-10-08T23:51:54.6909433Z info: AxiomAudit.lean:1193:0: 'ASGinzburg.CutQuiver.GinzburgPath.lastGenerator' depends on axioms: [propext]
2026-10-08T23:51:54.6909714Z info: AxiomAudit.lean:1194:0: 'ASGinzburg.CutQuiver.GinzburgPath.lastGenerator_path' depends on axioms: [propext]
2026-10-08T23:51:54.6910941Z info: AxiomAudit.lean:1195:0: 'ASGinzburg.CutQuiver.GinzburgLastGeneratorData.path_lastGenerator' depends on axioms: [propext, Quot.sound]
2026-10-08T23:51:54.6911923Z info: AxiomAudit.lean:1196:0: 'ASGinzburg.CutQuiver.ginzburgNonemptyLastEquiv' depends on axioms: [propext, Quot.sound]
2026-10-08T23:51:54.6912216Z info: AxiomAudit.lean:1197:0: 'ASGinzburg.CutQuiver.ginzburgGeneratorLayerPaths_comp' does not depend on any axioms
2026-10-08T23:51:54.6912566Z info: AxiomAudit.lean:1198:0: 'ASGinzburg.CutQuiver.ginzburgGeneratorLayer_comp' depends on axioms: [propext, Classical.choice, Quot.sound]
2026-10-08T23:51:54.6912939Z info: AxiomAudit.lean:1199:0: 'ASGinzburg.CutQuiver.ginzburgAppendGenerator_mem_layer' depends on axioms: [propext, Classical.choice, Quot.sound]
2026-10-08T23:51:54.6913281Z info: AxiomAudit.lean:1200:0: 'ASGinzburg.CutQuiver.ginzburgDifferential_appendGenerator_mod_filtration' depends on axioms: [propext,
2026-10-08T23:51:54.6913350Z  Classical.choice,
2026-10-08T23:51:54.6913419Z  Quot.sound]
2026-10-08T23:51:54.6913765Z info: AxiomAudit.lean:1201:0: 'ASGinzburg.CutQuiver.GinzburgLastGeneratorData.path_cohomologicalDegree' does not depend on any axioms
2026-10-08T23:51:54.6914086Z info: AxiomAudit.lean:1202:0: 'ASGinzburg.CutQuiver.GinzburgLastGeneratorData.path_cutDegree' does not depend on any axioms
2026-10-08T23:51:54.6914439Z info: AxiomAudit.lean:1203:0: 'ASGinzburg.CutQuiver.GinzburgLastGeneratorData.path_cohomologicalDegree_iff' depends on axioms: [propext,
2026-10-08T23:51:54.6914512Z  Classical.choice,
2026-10-08T23:51:54.6914580Z  Quot.sound]
2026-10-08T23:51:54.6914903Z info: AxiomAudit.lean:1204:0: 'ASGinzburg.CutQuiver.GinzburgLastGeneratorData.path_cutDegree_iff' depends on axioms: [propext,
2026-10-08T23:51:54.6914976Z  Classical.choice,
2026-10-08T23:51:54.6915040Z  Quot.sound]
2026-10-08T23:51:54.6915356Z info: AxiomAudit.lean:1205:0: 'ASGinzburg.CutQuiver.GinzburgLastGeneratorData.atDegreeEquiv' depends on axioms: [propext,
2026-10-08T23:51:54.6915426Z  Classical.choice,
2026-10-08T23:51:54.6915494Z  Quot.sound]
2026-10-08T23:51:54.6915912Z info: AxiomAudit.lean:1206:0: 'ASGinzburg.CutQuiver.ginzburgSignMap' depends on axioms: [propext, Classical.choice, Quot.sound]
2026-10-08T23:51:54.6916241Z info: AxiomAudit.lean:1207:0: 'ASGinzburg.CutQuiver.ginzburgSignMap_single' depends on axioms: [propext, Classical.choice, Quot.sound]
2026-10-08T23:51:54.6916605Z info: AxiomAudit.lean:1208:0: 'ASGinzburg.CutQuiver.GinzburgPath.differential_comp' depends on axioms: [propext, Classical.choice, Quot.sound]
2026-10-08T23:51:54.6916945Z info: AxiomAudit.lean:1209:0: 'ASGinzburg.CutQuiver.ginzburgDifferential_comp' depends on axioms: [propext, Classical.choice, Quot.sound]
2026-10-08T23:51:54.6917328Z info: AxiomAudit.lean:1210:0: 'ASGinzburg.CutQuiver.originalGinzburgLinearMap_baseArrow' depends on axioms: [propext, Classical.choice, Quot.sound]
2026-10-08T23:51:54.6917702Z info: AxiomAudit.lean:1211:0: 'ASGinzburg.CutQuiver.ginzburgDifferential_originalArrow' depends on axioms: [propext, Classical.choice, Quot.sound]
2026-10-08T23:51:54.6918064Z info: AxiomAudit.lean:1212:0: 'ASGinzburg.CutQuiver.ginzburgDifferential_dualArrow' depends on axioms: [propext, Classical.choice, Quot.sound]
2026-10-08T23:51:54.6918439Z info: AxiomAudit.lean:1213:0: 'ASGinzburg.CutQuiver.ginzburgDifferential_originalDual' depends on axioms: [propext, Classical.choice, Quot.sound]
2026-10-08T23:51:54.6919064Z info: AxiomAudit.lean:1214:0: 'ASGinzburg.CutQuiver.ginzburgDifferential_dualOriginal' depends on axioms: [propext, Classical.choice, Quot.sound]
2026-10-08T23:51:54.6919392Z info: AxiomAudit.lean:1215:0: 'ASGinzburg.CutQuiver.ginzburgLoopDifferential_square_as_commutator' depends on axioms: [propext,
2026-10-08T23:51:54.6919464Z  Classical.choice,
2026-10-08T23:51:54.6919529Z  Quot.sound]
2026-10-08T23:51:54.6919895Z info: AxiomAudit.lean:1216:0: 'ASGinzburg.CutQuiver.ginzburgLoopDifferential_square' depends on axioms: [propext, Classical.choice, Quot.sound]
2026-10-08T23:51:54.6920277Z info: AxiomAudit.lean:1217:0: 'ASGinzburg.CutQuiver.ginzburgGeneratorDifferential_square' depends on axioms: [propext, Classical.choice, Quot.sound]
2026-10-08T23:51:54.6920721Z info: AxiomAudit.lean:1218:0: 'ASGinzburg.CutQuiver.GinzburgPathComponent' depends on axioms: [propext, Classical.choice, Quot.sound]
2026-10-08T23:51:54.6921036Z info: AxiomAudit.lean:1219:0: 'ASGinzburg.CutQuiver.ginzburgPathComp' depends on axioms: [propext, Classical.choice, Quot.sound]
2026-10-08T23:51:54.6921370Z info: AxiomAudit.lean:1220:0: 'ASGinzburg.CutQuiver.ginzburgPathComp_single' depends on axioms: [propext, Classical.choice, Quot.sound]
2026-10-08T23:51:54.6921680Z info: AxiomAudit.lean:1221:0: 'ASGinzburg.CutQuiver.ginzburgPathId' depends on axioms: [propext, Classical.choice, Quot.sound]
2026-10-08T23:51:54.6922004Z info: AxiomAudit.lean:1222:0: 'ASGinzburg.CutQuiver.ginzburgPathComp_id' depends on axioms: [propext, Classical.choice, Quot.sound]
2026-10-08T23:51:54.6922323Z info: AxiomAudit.lean:1223:0: 'ASGinzburg.CutQuiver.id_ginzburgPathComp' depends on axioms: [propext, Classical.choice, Quot.sound]
2026-10-08T23:51:54.6922661Z info: AxiomAudit.lean:1224:0: 'ASGinzburg.CutQuiver.ginzburgPathComp_assoc' depends on axioms: [propext, Classical.choice, Quot.sound]
2026-10-08T23:51:54.6923019Z info: AxiomAudit.lean:1225:0: 'ASGinzburg.CutQuiver.ginzburgHomogeneousComponent' depends on axioms: [propext, Classical.choice, Quot.sound]
2026-10-08T23:51:54.6923397Z info: AxiomAudit.lean:1226:0: 'ASGinzburg.CutQuiver.ginzburgHomogeneousComponent_comp' depends on axioms: [propext, Classical.choice, Quot.sound]
2026-10-08T23:51:54.6923620Z info: AxiomAudit.lean:1227:0: 'ASGinzburg.CutQuiver.ginzburgSign' depends on axioms: [propext]
2026-10-08T23:51:54.6923851Z info: AxiomAudit.lean:1228:0: 'ASGinzburg.CutQuiver.ginzburgSign_zero' depends on axioms: [propext]
2026-10-08T23:51:54.6924164Z info: AxiomAudit.lean:1229:0: 'ASGinzburg.CutQuiver.ginzburgSign_add' depends on axioms: [propext, Classical.choice, Quot.sound]
2026-10-08T23:51:54.6924400Z info: AxiomAudit.lean:1230:0: 'ASGinzburg.CutQuiver.ginzburgArrowPath' does not depend on any axioms
2026-10-08T23:51:54.6924851Z info: AxiomAudit.lean:1231:0: 'ASGinzburg.CutQuiver.GinzburgPath.differential' depends on axioms: [propext, Classical.choice, Quot.sound]
2026-10-08T23:51:54.6925185Z info: AxiomAudit.lean:1232:0: 'ASGinzburg.CutQuiver.ginzburgDifferential' depends on axioms: [propext, Classical.choice, Quot.sound]
2026-10-08T23:51:54.6925533Z info: AxiomAudit.lean:1233:0: 'ASGinzburg.CutQuiver.ginzburgDifferential_single' depends on axioms: [propext, Classical.choice, Quot.sound]
2026-10-08T23:51:54.6925894Z info: AxiomAudit.lean:1234:0: 'ASGinzburg.CutQuiver.GinzburgPath.differential_nil' depends on axioms: [propext, Classical.choice, Quot.sound]
2026-10-08T23:51:54.6926227Z info: AxiomAudit.lean:1235:0: 'ASGinzburg.CutQuiver.ginzburgDifferential_id' depends on axioms: [propext, Classical.choice, Quot.sound]
2026-10-08T23:51:54.6926589Z info: AxiomAudit.lean:1236:0: 'ASGinzburg.CutQuiver.ginzburgDifferential_generator' depends on axioms: [propext, Classical.choice, Quot.sound]
2026-10-08T23:51:54.6926861Z info: AxiomAudit.lean:1237:0: 'ASGinzburg.CutQuiver.GinzburgArrow.finiteCode' does not depend on any axioms
2026-10-08T23:51:54.6927153Z info: AxiomAudit.lean:1238:0: 'ASGinzburg.CutQuiver.GinzburgArrow.finiteCode_injective' depends on axioms: [propext]
2026-10-08T23:51:54.6927485Z info: AxiomAudit.lean:1239:0: 'ASGinzburg.CutQuiver.GinzburgArrow.finite' depends on axioms: [propext, Classical.choice, Quot.sound]
2026-10-08T23:51:54.6927838Z info: AxiomAudit.lean:1240:0: 'ASGinzburg.CutQuiver.GinzburgPath.length_le_winding' depends on axioms: [propext, Classical.choice, Quot.sound]
2026-10-08T23:51:54.6928185Z info: AxiomAudit.lean:1241:0: 'ASGinzburg.CutQuiver.GinzburgPath.boundedWord' depends on axioms: [propext, Classical.choice, Quot.sound]
2026-10-08T23:51:54.6928683Z info: AxiomAudit.lean:1242:0: 'ASGinzburg.CutQuiver.GinzburgPath.boundedWord_injective' depends on axioms: [propext, Classical.choice, Quot.sound]
2026-10-08T23:51:54.6929053Z info: AxiomAudit.lean:1243:0: 'ASGinzburg.CutQuiver.GinzburgPath.finiteFixedWinding' depends on axioms: [propext, Classical.choice, Quot.sound]
2026-10-08T23:51:54.6929508Z info: AxiomAudit.lean:1244:0: 'ASGinzburg.CutQuiver.GinzburgPath.finiteFixedCut' depends on axioms: [propext, Classical.choice, Quot.sound]
2026-10-08T23:51:54.6929909Z info: AxiomAudit.lean:1245:0: 'ASGinzburg.CutQuiver.ginzburgCutComponent_finite' depends on axioms: [propext, Classical.choice, Quot.sound]
2026-10-08T23:51:54.6930238Z info: AxiomAudit.lean:1246:0: 'ASGinzburg.CutQuiver.GinzburgPath.toList_sigma_injective' depends on axioms: [propext]
2026-10-08T23:51:54.6930551Z info: AxiomAudit.lean:1247:0: 'ASGinzburg.CutQuiver.GinzburgPath.toList_injective' depends on axioms: [propext]
2026-10-08T23:51:54.6930933Z info: AxiomAudit.lean:1248:0: 'ASGinzburg.CutQuiver.ginzburgPathWordMap' depends on axioms: [propext, Classical.choice, Quot.sound]
2026-10-08T23:51:54.6931352Z info: AxiomAudit.lean:1249:0: 'ASGinzburg.CutQuiver.ginzburgPathWordMap_injective' depends on axioms: [propext, Classical.choice, Quot.sound]
2026-10-08T23:51:54.6931713Z info: AxiomAudit.lean:1250:0: 'ASGinzburg.CutQuiver.Path.originalGinzburg_toList' depends on axioms: [propext, Quot.sound]
2026-10-08T23:51:54.6932033Z info: AxiomAudit.lean:1251:0: 'ASGinzburg.CutQuiver.Path.originalGinzburg_injective' depends on axioms: [propext, Quot.sound]
2026-10-08T23:51:54.6932296Z info: AxiomAudit.lean:1252:0: 'ASGinzburg.CutQuiver.degreeZeroGinzburgPaths' does not depend on any axioms
2026-10-08T23:51:54.6932655Z info: AxiomAudit.lean:1253:0: 'ASGinzburg.CutQuiver.originalPathEquivDegreeZero' depends on axioms: [propext, Classical.choice, Quot.sound]
2026-10-08T23:51:54.6932882Z info: AxiomAudit.lean:1254:0: 'ASGinzburg.CutQuiver.GinzburgPath' does not depend on any axioms
2026-10-08T23:51:54.6933130Z info: AxiomAudit.lean:1255:0: 'ASGinzburg.CutQuiver.GinzburgPath.length' does not depend on any axioms
2026-10-08T23:51:54.6933372Z info: AxiomAudit.lean:1256:0: 'ASGinzburg.CutQuiver.GinzburgPath.toList' does not depend on any axioms
2026-10-08T23:51:54.6933775Z info: AxiomAudit.lean:1257:0: 'ASGinzburg.CutQuiver.GinzburgPath.cohomologicalDegree' does not depend on any axioms
2026-10-08T23:51:54.6934031Z info: AxiomAudit.lean:1258:0: 'ASGinzburg.CutQuiver.GinzburgPath.cutDegree' does not depend on any axioms
2026-10-08T23:51:54.6934281Z info: AxiomAudit.lean:1259:0: 'ASGinzburg.CutQuiver.GinzburgPath.winding' does not depend on any axioms
2026-10-08T23:51:54.6934516Z info: AxiomAudit.lean:1260:0: 'ASGinzburg.CutQuiver.GinzburgPath.comp' does not depend on any axioms
2026-10-08T23:51:54.6934767Z info: AxiomAudit.lean:1261:0: 'ASGinzburg.CutQuiver.GinzburgPath.comp_nil' does not depend on any axioms
2026-10-08T23:51:54.6935015Z info: AxiomAudit.lean:1262:0: 'ASGinzburg.CutQuiver.GinzburgPath.nil_comp' depends on axioms: [propext]
2026-10-08T23:51:54.6935917Z info: AxiomAudit.lean:1263:0: 'ASGinzburg.CutQuiver.GinzburgPath.comp_assoc' depends on axioms: [propext]
2026-10-08T23:51:54.6936500Z info: AxiomAudit.lean:1264:0: 'ASGinzburg.CutQuiver.GinzburgPath.toList_comp' depends on axioms: [propext]
2026-10-08T23:51:54.6936826Z info: AxiomAudit.lean:1265:0: 'ASGinzburg.CutQuiver.GinzburgPath.length_toList' depends on axioms: [propext]
2026-10-08T23:51:54.6937969Z info: AxiomAudit.lean:1266:0: 'ASGinzburg.CutQuiver.GinzburgPath.cohomologicalDegree_comp' depends on axioms: [propext]
2026-10-08T23:51:54.6938278Z info: AxiomAudit.lean:1267:0: 'ASGinzburg.CutQuiver.GinzburgPath.cutDegree_comp' depends on axioms: [propext]
2026-10-08T23:51:54.6938777Z info: AxiomAudit.lean:1268:0: 'ASGinzburg.CutQuiver.GinzburgPath.winding_comp' depends on axioms: [propext]
2026-10-08T23:51:54.6939126Z info: AxiomAudit.lean:1269:0: 'ASGinzburg.CutQuiver.GinzburgPath.cohomologicalDegree_nonpos' depends on axioms: [propext,
2026-10-08T23:51:54.6939202Z  Classical.choice,
2026-10-08T23:51:54.6939277Z  Quot.sound]
2026-10-08T23:51:54.6939653Z info: AxiomAudit.lean:1270:0: 'ASGinzburg.CutQuiver.GinzburgPath.winding_nonneg' depends on axioms: [propext, Classical.choice, Quot.sound]
2026-10-08T23:51:54.6940174Z info: AxiomAudit.lean:1271:0: 'ASGinzburg.CutQuiver.GinzburgPath.winding_pos_of_length_pos' depends on axioms: [propext, Classical.choice, Quot.sound]
2026-10-08T23:51:54.6940529Z info: AxiomAudit.lean:1272:0: 'ASGinzburg.CutQuiver.GinzburgPath.winding_formula' depends on axioms: [propext, Classical.choice, Quot.sound]
2026-10-08T23:51:54.6940811Z info: AxiomAudit.lean:1273:0: 'ASGinzburg.CutQuiver.Path.originalGinzburg' depends on axioms: [propext, Quot.sound]
2026-10-08T23:51:54.6941160Z info: AxiomAudit.lean:1274:0: 'ASGinzburg.CutQuiver.Path.originalGinzburg_cohomologicalDegree' depends on axioms: [propext, Quot.sound]
2026-10-08T23:51:54.6941549Z info: AxiomAudit.lean:1275:0: 'ASGinzburg.CutQuiver.GinzburgPath.degreeZero_existsOriginal' depends on axioms: [propext, Classical.choice, Quot.sound]
2026-10-08T23:51:54.6941912Z info: AxiomAudit.lean:1276:0: 'ASGinzburg.CutQuiver.ginzburgCochainTerm_isZero_of_pos' depends on axioms: [propext, Classical.choice, Quot.sound]
2026-10-08T23:51:54.6942271Z info: AxiomAudit.lean:1277:0: 'ASGinzburg.CutQuiver.ginzburgHomology_isZero_of_pos' depends on axioms: [propext, Classical.choice, Quot.sound]
2026-10-08T23:51:54.6942641Z info: AxiomAudit.lean:1278:0: 'ASGinzburg.CutQuiver.ginzburgTotalHomology_isZero_of_pos' depends on axioms: [propext, Classical.choice, Quot.sound]
2026-10-08T23:51:54.6943020Z info: AxiomAudit.lean:1279:0: 'ASGinzburg.CutQuiver.ginzburgRegular_iff_concentrated_zero' depends on axioms: [propext, Classical.choice, Quot.sound]
2026-10-08T23:51:54.6943381Z info: AxiomAudit.lean:1280:0: 'ASGinzburg.CutQuiver.ginzburgTotalCochainComplex' depends on axioms: [propext, Classical.choice, Quot.sound]
2026-10-08T23:51:54.6943768Z info: AxiomAudit.lean:1281:0: 'ASGinzburg.CutQuiver.ginzburgTotalCochainComplexTermIso' depends on axioms: [propext, Classical.choice, Quot.sound]
2026-10-08T23:51:54.6944114Z info: AxiomAudit.lean:1282:0: 'ASGinzburg.CutQuiver.ginzburgTotalHomology' depends on axioms: [propext, Classical.choice, Quot.sound]
2026-10-08T23:51:54.6944615Z info: AxiomAudit.lean:1283:0: 'ASGinzburg.CutQuiver.ginzburgTotalHomologyComponentIso' depends on axioms: [propext, Classical.choice, Quot.sound]
2026-10-08T23:51:54.6944970Z info: AxiomAudit.lean:1284:0: 'ASGinzburg.CutQuiver.ginzburgTotalHomology_isZero_iff' depends on axioms: [propext, Classical.choice, Quot.sound]
2026-10-08T23:51:54.6945288Z info: AxiomAudit.lean:1285:0: 'ASGinzburg.CutQuiver.GinzburgRegular' depends on axioms: [propext, Classical.choice, Quot.sound]
2026-10-08T23:51:54.6945636Z info: AxiomAudit.lean:1286:0: 'ASGinzburg.CutQuiver.ginzburgRegular_iff_components' depends on axioms: [propext, Classical.choice, Quot.sound]
2026-10-08T23:51:54.6945960Z info: AxiomAudit.lean:1287:0: 'ASGinzburg.CutQuiver.ginzburgSign_mul_self' depends on axioms: [propext, Classical.choice, Quot.sound]
2026-10-08T23:51:54.6946302Z info: AxiomAudit.lean:1288:0: 'ASGinzburg.CutQuiver.ginzburgSignMap_involutive' depends on axioms: [propext, Classical.choice, Quot.sound]
2026-10-08T23:51:54.6946664Z info: AxiomAudit.lean:1289:0: 'ASGinzburg.CutQuiver.ginzburgDifferential_square_comp' depends on axioms: [propext, Classical.choice, Quot.sound]
2026-10-08T23:51:54.6947031Z info: AxiomAudit.lean:1290:0: 'ASGinzburg.CutQuiver.ginzburgDifferential_square_single' depends on axioms: [propext, Classical.choice, Quot.sound]
2026-10-08T23:51:54.6947377Z info: AxiomAudit.lean:1291:0: 'ASGinzburg.CutQuiver.ginzburgDifferential_square' depends on axioms: [propext, Classical.choice, Quot.sound]
2026-10-08T23:51:54.6947733Z info: AxiomAudit.lean:1292:0: 'ASGinzburg.CutQuiver.ginzburgDifferential_comp_self' depends on axioms: [propext, Classical.choice, Quot.sound]
2026-10-08T23:51:54.6948066Z info: AxiomAudit.lean:1293:0: 'ASGinzburg.CutQuiver.ginzburgSupported_comp' depends on axioms: [propext, Classical.choice, Quot.sound]
2026-10-08T23:51:54.6948443Z info: AxiomAudit.lean:1294:0: 'ASGinzburg.CutQuiver.ginzburgCohomologicalComponent_comp' depends on axioms: [propext, Classical.choice, Quot.sound]
2026-10-08T23:51:54.6948958Z info: AxiomAudit.lean:1295:0: 'ASGinzburg.CutQuiver.ginzburgCutComponent_comp' depends on axioms: [propext, Classical.choice, Quot.sound]
2026-10-08T23:51:54.6949354Z info: AxiomAudit.lean:1296:0: 'ASGinzburg.CutQuiver.ginzburgTotalHomologyZeroJacobianIso' depends on axioms: [propext, Classical.choice, Quot.sound]
2026-10-08T23:51:54.6949712Z info: AxiomAudit.lean:1297:0: 'ASGinzburg.CutQuiver.ginzburgUnrolledAugmentation' depends on axioms: [propext, Classical.choice, Quot.sound]
2026-10-08T23:51:54.6950031Z info: AxiomAudit.lean:1298:0: 'ASGinzburg.CutQuiver.ginzburgUnrolledAugmentation_quasiIso_iff' depends on axioms: [propext,
2026-10-08T23:51:54.6950101Z  Classical.choice,
2026-10-08T23:51:54.6950171Z  Quot.sound]
2026-10-08T23:51:54.6950500Z info: AxiomAudit.lean:1299:0: 'ASGinzburg.CutQuiver.ginzburgRegular_iff_unrolledAugmentation_quasiIso' depends on axioms: [propext,
2026-10-08T23:51:54.6950573Z  Classical.choice,
2026-10-08T23:51:54.6950644Z  Quot.sound]
2026-10-08T23:51:54.6950963Z info: AxiomAudit.lean:1300:0: 'ASGinzburg.CutQuiver.ginzburgZeroComp' depends on axioms: [propext, Classical.choice, Quot.sound]
2026-10-08T23:51:54.6951327Z info: AxiomAudit.lean:1301:0: 'ASGinzburg.CutQuiver.ginzburgZeroComp_boundary_left' depends on axioms: [propext, Classical.choice, Quot.sound]
2026-10-08T23:51:54.6951723Z info: AxiomAudit.lean:1302:0: 'ASGinzburg.CutQuiver.ginzburgZeroComp_boundary_right' depends on axioms: [propext, Classical.choice, Quot.sound]
2026-10-08T23:51:54.6952094Z info: AxiomAudit.lean:1303:0: 'ASGinzburg.CutQuiver.GinzburgZeroQuotient' depends on axioms: [propext, Classical.choice, Quot.sound]
2026-10-08T23:51:54.6952493Z info: AxiomAudit.lean:1304:0: 'ASGinzburg.CutQuiver.ginzburgZeroQuotientCompRight' depends on axioms: [propext, Classical.choice, Quot.sound]
2026-10-08T23:51:54.6952933Z info: AxiomAudit.lean:1305:0: 'ASGinzburg.CutQuiver.ginzburgZeroQuotientCompRight_mk' depends on axioms: [propext, Classical.choice, Quot.sound]
2026-10-08T23:51:54.6953437Z info: AxiomAudit.lean:1306:0: 'ASGinzburg.CutQuiver.ginzburgZeroQuotientCompPre' depends on axioms: [propext, Classical.choice, Quot.sound]
2026-10-08T23:51:54.6953798Z info: AxiomAudit.lean:1307:0: 'ASGinzburg.CutQuiver.ginzburgZeroQuotientComp' depends on axioms: [propext, Classical.choice, Quot.sound]
2026-10-08T23:51:54.6954139Z info: AxiomAudit.lean:1308:0: 'ASGinzburg.CutQuiver.ginzburgZeroQuotientComp_mk' depends on axioms: [propext, Classical.choice, Quot.sound]
2026-10-08T23:51:54.6954391Z info: AxiomAudit.lean:1309:0: 'ASGinzburg.positive_recurrence_unique' depends on axioms: [propext, Quot.sound]
2026-10-08T23:51:54.6954585Z info: AxiomAudit.lean:1310:0: 'ASGinzburg.quadraticHilbert' does not depend on any axioms
2026-10-08T23:51:54.6954838Z info: AxiomAudit.lean:1311:0: 'ASGinzburg.quadraticHilbert_closed' depends on axioms: [propext, Quot.sound]
2026-10-08T23:51:54.6955054Z info: AxiomAudit.lean:1312:0: 'ASGinzburg.quadraticHilbert_double' depends on axioms: [propext]
2026-10-08T23:51:54.6955392Z info: AxiomAudit.lean:1313:0: 'ASGinzburg.quadraticHilbert_third_difference' depends on axioms: [propext, Classical.choice, Quot.sound]
2026-10-08T23:51:54.6955697Z info: AxiomAudit.lean:1314:0: 'ASGinzburg.quadraticHilbert_unique' depends on axioms: [propext, Classical.choice, Quot.sound]
2026-10-08T23:51:54.6956021Z info: AxiomAudit.lean:1315:0: 'ASGinzburg.quadraticHilbert_polynomial_bound' depends on axioms: [propext, Classical.choice, Quot.sound]
2026-10-08T23:51:54.6956329Z info: AxiomAudit.lean:1316:0: 'ASGinzburg.colimitLimitExchangeIso' depends on axioms: [propext, Classical.choice, Quot.sound]
2026-10-08T23:51:54.6956902Z info: AxiomAudit.lean:1317:0: 'ASGinzburg.ι_colimitLimitExchangeIso_π' depends on axioms: [propext, Classical.choice, Quot.sound]
2026-10-08T23:51:54.6957261Z info: AxiomAudit.lean:1318:0: 'ASGinzburg.limitPreservesColimitsOfExactShape' depends on axioms: [propext, Classical.choice, Quot.sound]
2026-10-08T23:51:54.6957628Z info: AxiomAudit.lean:1319:0: 'ASGinzburg.parallelPairDiagramPreservesColimits' depends on axioms: [propext, Classical.choice, Quot.sound]
2026-10-08T23:51:54.6958092Z info: AxiomAudit.lean:1320:0: 'ASGinzburg.kernelFunctorPreservesExactColimits' depends on axioms: [propext, Classical.choice, Quot.sound]
2026-10-08T23:51:54.6958432Z info: AxiomAudit.lean:1321:0: 'ASGinzburg.cokernelFunctorPreservesColimits' depends on axioms: [propext, Classical.choice, Quot.sound]
2026-10-08T23:51:54.6959002Z info: AxiomAudit.lean:1322:0: 'ASGinzburg.moduleCatExactCoproducts' depends on axioms: [propext, Classical.choice, Quot.sound]
2026-10-08T23:51:54.6959331Z info: AxiomAudit.lean:1323:0: 'ASGinzburg.homologyAugmentationProjection' depends on axioms: [propext, Classical.choice, Quot.sound]
2026-10-08T23:51:54.6960772Z info: AxiomAudit.lean:1324:0: 'ASGinzburg.d_homologyAugmentationProjection' depends on axioms: [propext, Classical.choice, Quot.sound]
2026-10-08T23:51:54.6961065Z info: AxiomAudit.lean:1325:0: 'ASGinzburg.homologyAugmentation' depends on axioms: [propext, Classical.choice, Quot.sound]
2026-10-08T23:51:54.6961852Z info: AxiomAudit.lean:1326:0: 'ASGinzburg.homologyAugmentation_map_self' depends on axioms: [propext, Classical.choice, Quot.sound]
2026-10-08T23:51:54.6962399Z info: AxiomAudit.lean:1327:0: 'ASGinzburg.homologyAugmentation_quasiIsoAt_self' depends on axioms: [propext, Classical.choice, Quot.sound]
2026-10-08T23:51:54.6962727Z info: AxiomAudit.lean:1328:0: 'ASGinzburg.homologyAugmentation_quasiIso_iff' depends on axioms: [propext, Classical.choice, Quot.sound]
2026-10-08T23:51:54.6963151Z info: AxiomAudit.lean:1329:0: 'ASGinzburg.reverseCochainHomotopy' depends on axioms: [propext, Classical.choice, Quot.sound]
2026-10-08T23:51:54.6963635Z info: AxiomAudit.lean:1330:0: 'ASGinzburg.reverseChainHomotopy' depends on axioms: [propext, Classical.choice, Quot.sound]
2026-10-08T23:51:54.6964170Z info: AxiomAudit.lean:1331:0: 'ASGinzburg.reverseCochainHomotopyFunctor' depends on axioms: [propext, Classical.choice, Quot.sound]
2026-10-08T23:51:54.6964605Z info: AxiomAudit.lean:1332:0: 'ASGinzburg.reverseChainHomotopyFunctor' depends on axioms: [propext, Classical.choice, Quot.sound]
2026-10-08T23:51:54.6964980Z info: AxiomAudit.lean:1333:0: 'ASGinzburg.reverseCochainHomotopyUnitIso' depends on axioms: [propext, Classical.choice, Quot.sound]
2026-10-08T23:51:54.6965302Z info: AxiomAudit.lean:1334:0: 'ASGinzburg.reverseChainHomotopyUnitIso' depends on axioms: [propext, Classical.choice, Quot.sound]
2026-10-08T23:51:54.6965636Z info: AxiomAudit.lean:1335:0: 'ASGinzburg.reverseDegreeHomotopyEquivalence' depends on axioms: [propext, Classical.choice, Quot.sound]
2026-10-08T23:51:54.6965926Z info: AxiomAudit.lean:1336:0: 'ASGinzburg.homotopyMapUnitIso' depends on axioms: [propext, Classical.choice, Quot.sound]
2026-10-08T23:51:54.6966221Z info: AxiomAudit.lean:1337:0: 'ASGinzburg.homotopyMapCounitIso' depends on axioms: [propext, Classical.choice, Quot.sound]
2026-10-08T23:51:54.6966519Z info: AxiomAudit.lean:1338:0: 'ASGinzburg.homotopyMapEquivalence' depends on axioms: [propext, Classical.choice, Quot.sound]
2026-10-08T23:51:54.6966816Z info: AxiomAudit.lean:1339:0: 'ASGinzburg.homotopyMapAdditive' depends on axioms: [propext, Classical.choice, Quot.sound]
2026-10-08T23:51:54.6967080Z info: AxiomAudit.lean:1340:0: 'ASGinzburg.homotopy_op' depends on axioms: [propext, Classical.choice, Quot.sound]
2026-10-08T23:51:54.6967359Z info: AxiomAudit.lean:1341:0: 'ASGinzburg.homotopy_unop_symm' depends on axioms: [propext, Classical.choice, Quot.sound]
2026-10-08T23:51:54.6967647Z info: AxiomAudit.lean:1342:0: 'ASGinzburg.homotopyOpFunctor' depends on axioms: [propext, Classical.choice, Quot.sound]
2026-10-08T23:51:54.6967930Z info: AxiomAudit.lean:1343:0: 'ASGinzburg.homotopyOpInverse' depends on axioms: [propext, Classical.choice, Quot.sound]
2026-10-08T23:51:54.6968214Z info: AxiomAudit.lean:1344:0: 'ASGinzburg.homotopyOpUnitIso' depends on axioms: [propext, Classical.choice, Quot.sound]
2026-10-08T23:51:54.6968509Z info: AxiomAudit.lean:1345:0: 'ASGinzburg.homotopyOpCounitIso' depends on axioms: [propext, Classical.choice, Quot.sound]
2026-10-08T23:51:54.6969015Z info: AxiomAudit.lean:1346:0: 'ASGinzburg.homotopyOpEquivalence' depends on axioms: [propext, Classical.choice, Quot.sound]
2026-10-08T23:51:54.6969367Z info: AxiomAudit.lean:1347:0: 'ASGinzburg.CutQuiver.pathCutCompBetweenLinear' depends on axioms: [propext, Classical.choice, Quot.sound]
2026-10-08T23:51:54.6969703Z info: AxiomAudit.lean:1348:0: 'ASGinzburg.CutQuiver.PathCutJacobianQuotient' depends on axioms: [propext, Classical.choice, Quot.sound]
2026-10-08T23:51:54.6970065Z info: AxiomAudit.lean:1349:0: 'ASGinzburg.CutQuiver.cutJacobianQuotientCompRight' depends on axioms: [propext, Classical.choice, Quot.sound]
2026-10-08T23:51:54.6970434Z info: AxiomAudit.lean:1350:0: 'ASGinzburg.CutQuiver.cutJacobianQuotientCompRight_mk' depends on axioms: [propext, Classical.choice, Quot.sound]
2026-10-08T23:51:54.6970783Z info: AxiomAudit.lean:1351:0: 'ASGinzburg.CutQuiver.cutJacobianQuotientCompPre' depends on axioms: [propext, Classical.choice, Quot.sound]
2026-10-08T23:51:54.6971127Z info: AxiomAudit.lean:1352:0: 'ASGinzburg.CutQuiver.cutJacobianQuotientComp' depends on axioms: [propext, Classical.choice, Quot.sound]
2026-10-08T23:51:54.6971468Z info: AxiomAudit.lean:1353:0: 'ASGinzburg.CutQuiver.cutJacobianQuotientComp_mk' depends on axioms: [propext, Classical.choice, Quot.sound]
2026-10-08T23:51:54.6971852Z info: AxiomAudit.lean:1354:0: 'ASGinzburg.CutQuiver.homogeneousJacobianUnrolledEquiv_mk' depends on axioms: [propext, Classical.choice, Quot.sound]
2026-10-08T23:51:54.6972242Z info: AxiomAudit.lean:1355:0: 'ASGinzburg.CutQuiver.homogeneousJacobianUnrolledEquiv_comp' depends on axioms: [propext, Classical.choice, Quot.sound]
2026-10-08T23:51:54.6972620Z info: AxiomAudit.lean:1356:0: 'ASGinzburg.CutQuiver.betweenSheetJacobianQuotientEquiv' depends on axioms: [propext, Classical.choice, Quot.sound]
2026-10-08T23:51:54.6973160Z info: AxiomAudit.lean:1357:0: 'ASGinzburg.CutQuiver.unrolledJacobianLiftIdeal_map_height' depends on axioms: [propext, Classical.choice, Quot.sound]
2026-10-08T23:51:54.6973480Z info: AxiomAudit.lean:1358:0: 'ASGinzburg.CutQuiver.unrolledJacobianLiftQuotientHeightEquiv' depends on axioms: [propext,
2026-10-08T23:51:54.6973555Z  Classical.choice,
2026-10-08T23:51:54.6973626Z  Quot.sound]
2026-10-08T23:51:54.6973998Z info: AxiomAudit.lean:1359:0: 'ASGinzburg.CutQuiver.homogeneousJacobianUnrolledEquiv' depends on axioms: [propext, Classical.choice, Quot.sound]
2026-10-08T23:51:54.6974384Z info: AxiomAudit.lean:1360:0: 'ASGinzburg.CutQuiver.ginzburgCutHomologyZeroUnrolledIso' depends on axioms: [propext, Classical.choice, Quot.sound]
2026-10-08T23:51:54.6974762Z info: AxiomAudit.lean:1361:0: 'ASGinzburg.ZAlgebra.leftModuleExtZeroPreservesColimits' depends on axioms: [propext, Classical.choice, Quot.sound]
2026-10-08T23:51:54.6975140Z info: AxiomAudit.lean:1362:0: 'ASGinzburg.ZAlgebra.leftModuleExtSuccPreservesColimits' depends on axioms: [propext, Classical.choice, Quot.sound]
2026-10-08T23:51:54.6975475Z info: AxiomAudit.lean:1363:0: 'ASGinzburg.ZAlgebra.leftFiniteProjectiveHigherExtFunctorIsZero' depends on axioms: [propext,
2026-10-08T23:51:54.6975544Z  Classical.choice,
2026-10-08T23:51:54.6975612Z  Quot.sound]
2026-10-08T23:51:54.6975926Z info: AxiomAudit.lean:1364:0: 'ASGinzburg.ZAlgebra.leftFiniteProjectiveExtPreservesColimits' depends on axioms: [propext,
2026-10-08T23:51:54.6975998Z  Classical.choice,
2026-10-08T23:51:54.6976061Z  Quot.sound]
2026-10-08T23:51:54.6976441Z info: AxiomAudit.lean:1365:0: 'ASGinzburg.ZAlgebra.leftFiniteProjectiveResolutionExtPreservesExactColimits' depends on axioms: [propext,
2026-10-08T23:51:54.6976513Z  Classical.choice,
2026-10-08T23:51:54.6976577Z  Quot.sound]
2026-10-08T23:51:54.6976920Z info: AxiomAudit.lean:1366:0: 'ASGinzburg.ZAlgebra.leftFiniteDimensionalExtPreservesExactColimits' depends on axioms: [propext,
2026-10-08T23:51:54.6976989Z  Classical.choice,
2026-10-08T23:51:54.6977057Z  Quot.sound]
2026-10-08T23:51:54.6977389Z info: AxiomAudit.lean:1367:0: 'ASGinzburg.ZAlgebra.leftFiniteDimensionalExtPreservesCoproducts' depends on axioms: [propext,
2026-10-08T23:51:54.6977560Z  Classical.choice,
2026-10-08T23:51:54.6977628Z  Quot.sound]
2026-10-08T23:51:54.6978010Z info: AxiomAudit.lean:1368:0: 'ASGinzburg.ZAlgebra.leftFiniteDimensionalExtCoproductIso' depends on axioms: [propext, Classical.choice, Quot.sound]
2026-10-08T23:51:54.6978347Z info: AxiomAudit.lean:1369:0: 'ASGinzburg.ZAlgebra.leftFiniteDimensionalExtDirectSumLinearEquiv' depends on axioms: [propext,
2026-10-08T23:51:54.6978415Z  Classical.choice,
2026-10-08T23:51:54.6978482Z  Quot.sound]
2026-10-08T23:51:54.6979011Z info: AxiomAudit.lean:1370:0: 'ASGinzburg.ZAlgebra.leftFiniteDimensionalExtCoproductIso_inclusion_hom' depends on axioms: [propext,
2026-10-08T23:51:54.6979078Z  Classical.choice,
2026-10-08T23:51:54.6979145Z  Quot.sound]
2026-10-08T23:51:54.6979588Z info: AxiomAudit.lean:1371:0: 'ASGinzburg.ZAlgebra.leftFiniteDimensionalExtDirectSumLinearEquiv_postcomp_inclusion' depends on axioms: [propext,
2026-10-08T23:51:54.6979666Z  Classical.choice,
2026-10-08T23:51:54.6979730Z  Quot.sound]
2026-10-08T23:51:54.6980094Z info: AxiomAudit.lean:1372:0: 'ASGinzburg.ZAlgebra.leftFiniteDimensionalExtRegularCoproductLinearEquiv' depends on axioms: [propext,
2026-10-08T23:51:54.6980165Z  Classical.choice,
2026-10-08T23:51:54.6980229Z  Quot.sound]
2026-10-08T23:51:54.6980596Z info: AxiomAudit.lean:1373:0: 'ASGinzburg.ZAlgebra.leftFiniteDimensionalExtRegularCoproductEquiv_inclusion' depends on axioms: [propext,
2026-10-08T23:51:54.6980667Z  Classical.choice,
2026-10-08T23:51:54.6980734Z  Quot.sound]
2026-10-08T23:51:54.6981089Z info: AxiomAudit.lean:1374:0: 'ASGinzburg.ZAlgebra.leftFiniteDimensionalExtRegularCoproductEquiv_action' depends on axioms: [propext,
2026-10-08T23:51:54.6981162Z  Classical.choice,
2026-10-08T23:51:54.6981230Z  Quot.sound]
2026-10-08T23:51:54.6981572Z info: AxiomAudit.lean:1375:0: 'ASGinzburg.ZAlgebra.leftFiniteDimensionalExtTotalAlgebraLinearEquiv' depends on axioms: [propext,
2026-10-08T23:51:54.6981645Z  Classical.choice,
2026-10-08T23:51:54.6981822Z  Quot.sound]
2026-10-08T23:51:54.6982188Z info: AxiomAudit.lean:1376:0: 'ASGinzburg.ZAlgebra.leftFiniteDimensionalExtTotalAlgebraLinearEquiv_action' depends on axioms: [propext,
2026-10-08T23:51:54.6982256Z  Classical.choice,
2026-10-08T23:51:54.6982324Z  Quot.sound]
2026-10-08T23:51:54.6982718Z info: AxiomAudit.lean:1377:0: 'ASGinzburg.ZAlgebra.leftFiniteDimensionalExtTotalAlgebraLinearEquiv_representation' depends on axioms: [propext,
2026-10-08T23:51:54.6982788Z  Classical.choice,
2026-10-08T23:51:54.6982855Z  Quot.sound]
2026-10-08T23:51:54.6983178Z info: AxiomAudit.lean:1378:0: 'ASGinzburg.ZAlgebra.leftModuleHomPrecomp' depends on axioms: [propext, Classical.choice, Quot.sound]
2026-10-08T23:51:54.6983533Z info: AxiomAudit.lean:1379:0: 'ASGinzburg.ZAlgebra.leftModuleHomPrecomp_injective' depends on axioms: [propext, Classical.choice, Quot.sound]
2026-10-08T23:51:54.6983910Z info: AxiomAudit.lean:1380:0: 'ASGinzburg.ZAlgebra.leftModuleCoproductHomLinearEquiv' depends on axioms: [propext, Classical.choice, Quot.sound]
2026-10-08T23:51:54.6984291Z info: AxiomAudit.lean:1381:0: 'ASGinzburg.ZAlgebra.leftRepresentableHomEvaluationIso' depends on axioms: [propext, Classical.choice, Quot.sound]
2026-10-08T23:51:54.6984627Z info: AxiomAudit.lean:1382:0: 'ASGinzburg.ZAlgebra.leftModuleEvaluationPreservesColimitsOfShape' depends on axioms: [propext,
2026-10-08T23:51:54.6984696Z  Classical.choice,
2026-10-08T23:51:54.6984764Z  Quot.sound]
2026-10-08T23:51:54.6985095Z info: AxiomAudit.lean:1383:0: 'ASGinzburg.ZAlgebra.leftRepresentableHomPreservesColimitsOfShape' depends on axioms: [propext,
2026-10-08T23:51:54.6985165Z  Classical.choice,
2026-10-08T23:51:54.6985233Z  Quot.sound]
2026-10-08T23:51:54.6985583Z info: AxiomAudit.lean:1384:0: 'ASGinzburg.ZAlgebra.leftModuleExtZeroFunctorIso' depends on axioms: [propext, Classical.choice, Quot.sound]
2026-10-08T23:51:54.6985922Z info: AxiomAudit.lean:1385:0: 'ASGinzburg.ZAlgebra.leftModuleHomPrecompNat' depends on axioms: [propext, Classical.choice, Quot.sound]
2026-10-08T23:51:54.6986389Z info: AxiomAudit.lean:1386:0: 'ASGinzburg.ZAlgebra.leftModuleHomPrecompNat_comp_zero' depends on axioms: [propext, Classical.choice, Quot.sound]
2026-10-08T23:51:54.6986730Z info: AxiomAudit.lean:1387:0: 'ASGinzburg.ZAlgebra.leftModuleHomShortComplex' depends on axioms: [propext, Classical.choice, Quot.sound]
2026-10-08T23:51:54.6987036Z info: AxiomAudit.lean:1388:0: 'ASGinzburg.ZAlgebra.leftModuleHomShortComplex_exact_component' depends on axioms: [propext,
2026-10-08T23:51:54.6987107Z  Classical.choice,
2026-10-08T23:51:54.6987171Z  Quot.sound]
2026-10-08T23:51:54.6987535Z info: AxiomAudit.lean:1389:0: 'ASGinzburg.ZAlgebra.leftModuleHomPrecompNatAppMono' depends on axioms: [propext, Classical.choice, Quot.sound]
2026-10-08T23:51:54.6987883Z info: AxiomAudit.lean:1390:0: 'ASGinzburg.ZAlgebra.leftModuleHomPrecompNatMono' depends on axioms: [propext, Classical.choice, Quot.sound]
2026-10-08T23:51:54.6988249Z info: AxiomAudit.lean:1391:0: 'ASGinzburg.ZAlgebra.leftModuleHomKernelForkIsLimit' depends on axioms: [propext, Classical.choice, Quot.sound]
2026-10-08T23:51:54.6988703Z info: AxiomAudit.lean:1392:0: 'ASGinzburg.ZAlgebra.leftModuleHomKernelNatIso' depends on axioms: [propext, Classical.choice, Quot.sound]
2026-10-08T23:51:54.6989224Z info: AxiomAudit.lean:1393:0: 'ASGinzburg.ZAlgebra.leftModuleHomKernelNatIso_hom_ι' depends on axioms: [propext, Classical.choice, Quot.sound]
2026-10-08T23:51:54.6989611Z info: AxiomAudit.lean:1394:0: 'ASGinzburg.ZAlgebra.leftModuleHomPreservesExactColimits' depends on axioms: [propext, Classical.choice, Quot.sound]
2026-10-08T23:51:54.6989936Z info: AxiomAudit.lean:1395:0: 'ASGinzburg.ZAlgebra.leftModuleHomDiagram' depends on axioms: [propext, Classical.choice, Quot.sound]
2026-10-08T23:51:54.6990335Z info: AxiomAudit.lean:1396:0: 'ASGinzburg.ZAlgebra.leftModuleCoproductHomLimitComponentIso' depends on axioms: [propext, Classical.choice, Quot.sound]
2026-10-08T23:51:54.6990858Z info: AxiomAudit.lean:1397:0: 'ASGinzburg.ZAlgebra.leftModuleCoproductHomLimitComponentIso_hom_π' depends on axioms: [propext,
2026-10-08T23:51:54.6990933Z  Classical.choice,
2026-10-08T23:51:54.6991000Z  Quot.sound]
2026-10-08T23:51:54.6991361Z info: AxiomAudit.lean:1398:0: 'ASGinzburg.ZAlgebra.leftModuleCoproductHomLimitIso' depends on axioms: [propext, Classical.choice, Quot.sound]
2026-10-08T23:51:54.6991694Z info: AxiomAudit.lean:1399:0: 'ASGinzburg.ZAlgebra.leftModuleHomDiagramPreservesColimitsOfShape' depends on axioms: [propext,
2026-10-08T23:51:54.6991764Z  Classical.choice,
2026-10-08T23:51:54.6991827Z  Quot.sound]
2026-10-08T23:51:54.6992170Z info: AxiomAudit.lean:1400:0: 'ASGinzburg.ZAlgebra.leftFiniteCoproductHomPreservesColimitsOfShape' depends on axioms: [propext,
2026-10-08T23:51:54.6992237Z  Classical.choice,
2026-10-08T23:51:54.6992304Z  Quot.sound]
2026-10-08T23:51:54.6992699Z info: AxiomAudit.lean:1401:0: 'ASGinzburg.ZAlgebra.leftFiniteRepresentableCoproductHomPreservesColimitsOfShape' depends on axioms: [propext,
2026-10-08T23:51:54.6992777Z  Classical.choice,
2026-10-08T23:51:54.6992843Z  Quot.sound]
2026-10-08T23:51:54.6993155Z info: AxiomAudit.lean:1402:0: 'ASGinzburg.ZAlgebra.leftFiniteProjectiveHomPreservesColimits' depends on axioms: [propext,
2026-10-08T23:51:54.6993225Z  Classical.choice,
2026-10-08T23:51:54.6993289Z  Quot.sound]
2026-10-08T23:51:54.6993625Z info: AxiomAudit.lean:1403:0: 'ASGinzburg.ZAlgebra.leftRepresentableFunctor' depends on axioms: [propext, Classical.choice, Quot.sound]
2026-10-08T23:51:54.6993997Z info: AxiomAudit.lean:1404:0: 'ASGinzburg.ZAlgebra.leftRepresentableFunctorAdditive' depends on axioms: [propext, Classical.choice, Quot.sound]
2026-10-08T23:51:54.6994358Z info: AxiomAudit.lean:1405:0: 'ASGinzburg.ZAlgebra.leftRepresentableFunctorLinear' depends on axioms: [propext, Classical.choice, Quot.sound]
2026-10-08T23:51:54.6994723Z info: AxiomAudit.lean:1406:0: 'ASGinzburg.ZAlgebra.leftModuleCoyonedaLinear' depends on axioms: [propext, Classical.choice, Quot.sound]
2026-10-08T23:51:54.6995131Z info: AxiomAudit.lean:1407:0: 'ASGinzburg.ZAlgebra.leftModuleADual' depends on axioms: [propext, Classical.choice, Quot.sound]
2026-10-08T23:51:54.6995449Z info: AxiomAudit.lean:1408:0: 'ASGinzburg.ZAlgebra.leftModuleADual_obj' depends on axioms: [propext, Classical.choice, Quot.sound]
2026-10-08T23:51:54.6995769Z info: AxiomAudit.lean:1409:0: 'ASGinzburg.ZAlgebra.leftModuleADualMap' depends on axioms: [propext, Classical.choice, Quot.sound]
2026-10-08T23:51:54.6996097Z info: AxiomAudit.lean:1410:0: 'ASGinzburg.ZAlgebra.leftModuleADualFunctor' depends on axioms: [propext, Classical.choice, Quot.sound]
2026-10-08T23:51:54.6996438Z info: AxiomAudit.lean:1411:0: 'ASGinzburg.ZAlgebra.leftRepresentableADualIso' depends on axioms: [propext, Classical.choice, Quot.sound]
2026-10-08T23:51:54.6996766Z info: AxiomAudit.lean:1412:0: 'ASGinzburg.ZAlgebra.representableBidualIso' depends on axioms: [propext, Classical.choice, Quot.sound]
2026-10-08T23:51:54.6997117Z info: AxiomAudit.lean:1413:0: 'ASGinzburg.ZAlgebra.leftRepresentableBidualIso' depends on axioms: [propext, Classical.choice, Quot.sound]
2026-10-08T23:51:54.6997493Z info: AxiomAudit.lean:1414:0: 'ASGinzburg.ZAlgebra.leftModuleProperty_closedUnderLimits' depends on axioms: [propext, Classical.choice, Quot.sound]
2026-10-08T23:51:54.6997861Z info: AxiomAudit.lean:1415:0: 'ASGinzburg.ZAlgebra.leftModuleProperty_closedUnderColimits' depends on axioms: [propext, Classical.choice, Quot.sound]
2026-10-08T23:51:54.6998197Z info: AxiomAudit.lean:1416:0: 'ASGinzburg.ZAlgebra.leftModuleHasLimitsOfShape' depends on axioms: [propext, Classical.choice, Quot.sound]
2026-10-08T23:51:54.6998766Z info: AxiomAudit.lean:1417:0: 'ASGinzburg.ZAlgebra.leftModuleHasColimitsOfShape' depends on axioms: [propext, Classical.choice, Quot.sound]
2026-10-08T23:51:54.6999161Z info: AxiomAudit.lean:1418:0: 'ASGinzburg.ZAlgebra.leftModuleInclusionCreatesLimitsOfShape' depends on axioms: [propext, Classical.choice, Quot.sound]
2026-10-08T23:51:54.6999597Z info: AxiomAudit.lean:1419:0: 'ASGinzburg.ZAlgebra.leftModuleInclusionCreatesColimitsOfShape' depends on axioms: [propext,
2026-10-08T23:51:54.6999665Z  Classical.choice,
2026-10-08T23:51:54.6999730Z  Quot.sound]
2026-10-08T23:51:54.7000064Z info: AxiomAudit.lean:1420:0: 'ASGinzburg.ZAlgebra.leftModuleHasFiniteProducts' depends on axioms: [propext, Classical.choice, Quot.sound]
2026-10-08T23:51:54.7000472Z info: AxiomAudit.lean:1421:0: 'ASGinzburg.ZAlgebra.leftModuleCoimageImageComparisonIsIso' depends on axioms: [propext, Classical.choice, Quot.sound]
2026-10-08T23:51:54.7000800Z info: AxiomAudit.lean:1422:0: 'ASGinzburg.ZAlgebra.leftModuleAbelian' depends on axioms: [propext, Classical.choice, Quot.sound]
2026-10-08T23:51:54.7001137Z info: AxiomAudit.lean:1423:0: 'ASGinzburg.ZAlgebra.leftModuleInclusionPreservesFiniteLimits' depends on axioms: [propext,
2026-10-08T23:51:54.7001209Z  Classical.choice,
2026-10-08T23:51:54.7001275Z  Quot.sound]
2026-10-08T23:51:54.7001618Z info: AxiomAudit.lean:1424:0: 'ASGinzburg.ZAlgebra.leftModuleInclusionPreservesFiniteColimits' depends on axioms: [propext,
2026-10-08T23:51:54.7001693Z  Classical.choice,
2026-10-08T23:51:54.7001760Z  Quot.sound]
2026-10-08T23:51:54.7002102Z info: AxiomAudit.lean:1425:0: 'ASGinzburg.ZAlgebra.leftModuleGenerators' depends on axioms: [propext, Classical.choice, Quot.sound]
2026-10-08T23:51:54.7002399Z info: AxiomAudit.lean:1426:0: 'ASGinzburg.ZAlgebra.freeLeftModule' depends on axioms: [propext, Classical.choice, Quot.sound]
2026-10-08T23:51:54.7002901Z info: AxiomAudit.lean:1427:0: 'ASGinzburg.ZAlgebra.freeLeftModuleπ' depends on axioms: [propext, Classical.choice, Quot.sound]
2026-10-08T23:51:54.7003277Z info: AxiomAudit.lean:1428:0: 'ASGinzburg.ZAlgebra.freeLeftModuleProjective' depends on axioms: [propext, Classical.choice, Quot.sound]
2026-10-08T23:51:54.7003712Z info: AxiomAudit.lean:1429:0: 'ASGinzburg.ZAlgebra.freeLeftModuleπEpi' depends on axioms: [propext, Classical.choice, Quot.sound]
2026-10-08T23:51:54.7004107Z info: AxiomAudit.lean:1430:0: 'ASGinzburg.ZAlgebra.leftModuleEnoughProjectives' depends on axioms: [propext, Classical.choice, Quot.sound]
2026-10-08T23:51:54.7004622Z info: AxiomAudit.lean:1431:0: 'ASGinzburg.ZAlgebra.leftModuleProjectiveResolution' depends on axioms: [propext, Classical.choice, Quot.sound]
2026-10-08T23:51:54.7004966Z info: AxiomAudit.lean:1432:0: 'ASGinzburg.ZAlgebra.leftModuleProjectiveResolution_exactAt_succ' depends on axioms: [propext,
2026-10-08T23:51:54.7005036Z  Classical.choice,
2026-10-08T23:51:54.7005097Z  Quot.sound]
2026-10-08T23:51:54.7005408Z info: AxiomAudit.lean:1433:0: 'ASGinzburg.ZAlgebra.leftModuleHasExt' depends on axioms: [propext, Classical.choice, Quot.sound]
2026-10-08T23:51:54.7005781Z info: AxiomAudit.lean:1434:0: 'ASGinzburg.ZAlgebra.leftRepresentableExtZeroEquiv' depends on axioms: [propext, Classical.choice, Quot.sound]
2026-10-08T23:51:54.7006176Z info: AxiomAudit.lean:1435:0: 'ASGinzburg.ZAlgebra.leftRepresentable_higher_ext_eq_zero' depends on axioms: [propext, Classical.choice, Quot.sound]
2026-10-08T23:51:54.7006536Z info: AxiomAudit.lean:1436:0: 'ASGinzburg.ZAlgebra.leftModuleExtPrecomp' depends on axioms: [propext, Classical.choice, Quot.sound]
2026-10-08T23:51:54.7006904Z info: AxiomAudit.lean:1437:0: 'ASGinzburg.ZAlgebra.leftModuleExtPrecompNat' depends on axioms: [propext, Classical.choice, Quot.sound]
2026-10-08T23:51:54.7007279Z info: AxiomAudit.lean:1438:0: 'ASGinzburg.ZAlgebra.leftModuleExtBoundaryNat' depends on axioms: [propext, Classical.choice, Quot.sound]
2026-10-08T23:51:54.7007688Z info: AxiomAudit.lean:1439:0: 'ASGinzburg.ZAlgebra.leftModuleExtDimensionShiftNatIso' depends on axioms: [propext, Classical.choice, Quot.sound]
2026-10-08T23:51:54.7008103Z info: AxiomAudit.lean:1440:0: 'ASGinzburg.ZAlgebra.leftModuleExtPrecompNat_boundary_zero' depends on axioms: [propext, Classical.choice, Quot.sound]
2026-10-08T23:51:54.7008528Z info: AxiomAudit.lean:1441:0: 'ASGinzburg.ZAlgebra.leftModuleExtBoundaryShortComplex' depends on axioms: [propext, Classical.choice, Quot.sound]
2026-10-08T23:51:54.7009138Z info: AxiomAudit.lean:1442:0: 'ASGinzburg.ZAlgebra.leftModuleExtBoundaryShortComplex_exact_component' depends on axioms: [propext,
2026-10-08T23:51:54.7009210Z  Classical.choice,
2026-10-08T23:51:54.7009274Z  Quot.sound]
2026-10-08T23:51:54.7009639Z info: AxiomAudit.lean:1443:0: 'ASGinzburg.ZAlgebra.leftModuleExtBoundaryNatAppEpi' depends on axioms: [propext, Classical.choice, Quot.sound]
2026-10-08T23:51:54.7009986Z info: AxiomAudit.lean:1444:0: 'ASGinzburg.ZAlgebra.leftModuleExtBoundaryNatEpi' depends on axioms: [propext, Classical.choice, Quot.sound]
2026-10-08T23:51:54.7010377Z info: AxiomAudit.lean:1445:0: 'ASGinzburg.ZAlgebra.leftModuleExtBoundaryCoforkIsColimit' depends on axioms: [propext, Classical.choice, Quot.sound]
2026-10-08T23:51:54.7010740Z info: AxiomAudit.lean:1446:0: 'ASGinzburg.ZAlgebra.leftModuleExtCokernelNatIso' depends on axioms: [propext, Classical.choice, Quot.sound]
2026-10-08T23:51:54.7011270Z info: AxiomAudit.lean:1447:0: 'ASGinzburg.ZAlgebra.leftModuleExtCokernelNatIso_π_hom' depends on axioms: [propext, Classical.choice, Quot.sound]
2026-10-08T23:51:54.7011598Z info: AxiomAudit.lean:1448:0: 'ASGinzburg.ZAlgebra.leftModuleExtRight' depends on axioms: [propext, Classical.choice, Quot.sound]
2026-10-08T23:51:54.7011930Z info: AxiomAudit.lean:1449:0: 'ASGinzburg.ZAlgebra.leftModuleExtRight_obj' depends on axioms: [propext, Classical.choice, Quot.sound]
2026-10-08T23:51:54.7012268Z info: AxiomAudit.lean:1450:0: 'ASGinzburg.ZAlgebra.leftModuleExtRightZeroIso' depends on axioms: [propext, Classical.choice, Quot.sound]
2026-10-08T23:51:54.7013712Z info: AxiomAudit.lean:1451:0: 'ASGinzburg.ZAlgebra.leftModuleExtBoundaryRight' depends on axioms: [propext, Classical.choice, Quot.sound]
2026-10-08T23:51:54.7014082Z info: AxiomAudit.lean:1452:0: 'ASGinzburg.ZAlgebra.leftModuleExtBoundaryRightEpi' depends on axioms: [propext, Classical.choice, Quot.sound]
2026-10-08T23:51:54.7015976Z info: AxiomAudit.lean:1453:0: 'ASGinzburg.ZAlgebra.leftModuleExtDimensionShiftRightIso' depends on axioms: [propext, Classical.choice, Quot.sound]
2026-10-08T23:51:54.7016550Z info: AxiomAudit.lean:1454:0: 'ASGinzburg.ZAlgebra.leftModuleExtDimensionShiftRightIso_hom' depends on axioms: [propext, Classical.choice, Quot.sound]
2026-10-08T23:51:54.7017885Z info: AxiomAudit.lean:1455:0: 'ASGinzburg.ZAlgebra.leftModuleExtPrecompRight' depends on axioms: [propext, Classical.choice, Quot.sound]
2026-10-08T23:51:54.7018295Z info: AxiomAudit.lean:1456:0: 'ASGinzburg.ZAlgebra.leftModuleExtPrecompRight_boundary_zero' depends on axioms: [propext, Classical.choice, Quot.sound]
2026-10-08T23:51:54.7020112Z info: AxiomAudit.lean:1457:0: 'ASGinzburg.ZAlgebra.leftModuleADualMap_extRightZeroIso_inv' depends on axioms: [propext, Classical.choice, Quot.sound]
2026-10-08T23:51:54.7020525Z info: AxiomAudit.lean:1458:0: 'ASGinzburg.ZAlgebra.leftModuleExtBoundaryRight_exact' depends on axioms: [propext, Classical.choice, Quot.sound]
2026-10-08T23:51:54.7021886Z info: AxiomAudit.lean:1459:0: 'ASGinzburg.ZAlgebra.leftModuleExt_mk₀_smul' depends on axioms: [propext, Classical.choice, Quot.sound]
2026-10-08T23:51:54.7022255Z info: AxiomAudit.lean:1460:0: 'ASGinzburg.ZAlgebra.leftModuleExt_smul_comp' depends on axioms: [propext, Classical.choice, Quot.sound]
2026-10-08T23:51:54.7023213Z info: AxiomAudit.lean:1461:0: 'ASGinzburg.ZAlgebra.leftModuleExt_comp_smul' depends on axioms: [propext, Classical.choice, Quot.sound]
2026-10-08T23:51:54.7023855Z info: AxiomAudit.lean:1462:0: 'ASGinzburg.ZAlgebra.leftModuleExtZeroLinearEquiv' depends on axioms: [propext, Classical.choice, Quot.sound]
2026-10-08T23:51:54.7024225Z info: AxiomAudit.lean:1463:0: 'ASGinzburg.ZAlgebra.leftModuleExtBoundary' depends on axioms: [propext, Classical.choice, Quot.sound]
2026-10-08T23:51:54.7025472Z info: AxiomAudit.lean:1464:0: 'ASGinzburg.ZAlgebra.leftModuleExtBoundary_bijective' depends on axioms: [propext, Classical.choice, Quot.sound]
2026-10-08T23:51:54.7025826Z info: AxiomAudit.lean:1465:0: 'ASGinzburg.ZAlgebra.leftModuleExtDimensionShift' depends on axioms: [propext, Classical.choice, Quot.sound]
2026-10-08T23:51:54.7027385Z info: AxiomAudit.lean:1466:0: 'ASGinzburg.ZAlgebra.leftModuleExtZeroBoundary_bijective' depends on axioms: [propext, Classical.choice, Quot.sound]
2026-10-08T23:51:54.7027759Z info: AxiomAudit.lean:1467:0: 'ASGinzburg.ZAlgebra.leftModuleExtZeroDimensionShift' depends on axioms: [propext, Classical.choice, Quot.sound]
2026-10-08T23:51:54.7028110Z info: AxiomAudit.lean:1468:0: 'ASGinzburg.ZAlgebra.leftModuleExtPostcomp' depends on axioms: [propext, Classical.choice, Quot.sound]
2026-10-08T23:51:54.7029414Z info: AxiomAudit.lean:1469:0: 'ASGinzburg.ZAlgebra.leftModuleExtCovariant' depends on axioms: [propext, Classical.choice, Quot.sound]
2026-10-08T23:51:54.7029786Z info: AxiomAudit.lean:1470:0: 'ASGinzburg.ZAlgebra.leftModuleExtCovariantAdditive' depends on axioms: [propext, Classical.choice, Quot.sound]
2026-10-08T23:51:54.7030168Z info: AxiomAudit.lean:1471:0: 'ASGinzburg.ZAlgebra.leftModuleExtCovariantLinear' depends on axioms: [propext, Classical.choice, Quot.sound]
2026-10-08T23:51:54.7031372Z info: AxiomAudit.lean:1472:0: 'ASGinzburg.ZAlgebra.leftModuleEvaluation' depends on axioms: [propext, Classical.choice, Quot.sound]
2026-10-08T23:51:54.7031739Z info: AxiomAudit.lean:1473:0: 'ASGinzburg.ZAlgebra.leftModuleEvaluationAdditive' depends on axioms: [propext, Classical.choice, Quot.sound]
2026-10-08T23:51:54.7033261Z info: AxiomAudit.lean:1474:0: 'ASGinzburg.ZAlgebra.leftModuleEvaluationPreservesFiniteLimits' depends on axioms: [propext,
2026-10-08T23:51:54.7033337Z  Classical.choice,
2026-10-08T23:51:54.7033404Z  Quot.sound]
2026-10-08T23:51:54.7034236Z info: AxiomAudit.lean:1475:0: 'ASGinzburg.ZAlgebra.leftModuleEvaluationPreservesFiniteColimits' depends on axioms: [propext,
2026-10-08T23:51:54.7034823Z  Classical.choice,
2026-10-08T23:51:54.7034942Z  Quot.sound]
2026-10-08T23:51:54.7035343Z info: AxiomAudit.lean:1476:0: 'ASGinzburg.ZAlgebra.leftModuleInclusionPreservesHomology' depends on axioms: [propext, Classical.choice, Quot.sound]
2026-10-08T23:51:54.7035842Z info: AxiomAudit.lean:1477:0: 'ASGinzburg.ZAlgebra.leftModuleEvaluationPreservesHomology' depends on axioms: [propext, Classical.choice, Quot.sound]
2026-10-08T23:51:54.7037302Z info: AxiomAudit.lean:1478:0: 'ASGinzburg.ZAlgebra.leftModuleKernelObjIso' depends on axioms: [propext, Classical.choice, Quot.sound]
2026-10-08T23:51:54.7037636Z info: AxiomAudit.lean:1479:0: 'ASGinzburg.ZAlgebra.leftModuleCokernelObjIso' depends on axioms: [propext, Classical.choice, Quot.sound]
2026-10-08T23:51:54.7039255Z info: AxiomAudit.lean:1480:0: 'ASGinzburg.ZAlgebra.leftModuleHomologyObjIso' depends on axioms: [propext, Classical.choice, Quot.sound]
2026-10-08T23:51:54.7039800Z info: AxiomAudit.lean:1481:0: 'ASGinzburg.ZAlgebra.leftModule_exact_iff_inclusion' depends on axioms: [propext, Classical.choice, Quot.sound]
2026-10-08T23:51:54.7040947Z info: AxiomAudit.lean:1482:0: 'ASGinzburg.ZAlgebra.leftModuleKernelObjIso_inv_ι' depends on axioms: [propext, Classical.choice, Quot.sound]
2026-10-08T23:51:54.7042470Z info: AxiomAudit.lean:1483:0: 'ASGinzburg.ZAlgebra.leftModuleCokernelObjIso_π_hom' depends on axioms: [propext, Classical.choice, Quot.sound]
2026-10-08T23:51:54.7042829Z info: AxiomAudit.lean:1484:0: 'ASGinzburg.ZAlgebra.leftModule_mono_iff' depends on axioms: [propext, Classical.choice, Quot.sound]
2026-10-08T23:51:54.7043351Z info: AxiomAudit.lean:1485:0: 'ASGinzburg.ZAlgebra.leftModule_epi_iff' depends on axioms: [propext, Classical.choice, Quot.sound]
2026-10-08T23:51:54.7044058Z info: AxiomAudit.lean:1486:0: 'ASGinzburg.ZAlgebra.leftModule_mono_iff_injective' depends on axioms: [propext, Classical.choice, Quot.sound]
2026-10-08T23:51:54.7044684Z info: AxiomAudit.lean:1487:0: 'ASGinzburg.ZAlgebra.leftModule_epi_iff_surjective' depends on axioms: [propext, Classical.choice, Quot.sound]
2026-10-08T23:51:54.7044994Z info: AxiomAudit.lean:1488:0: 'ASGinzburg.ZAlgebra.leftModule_exact_iff' depends on axioms: [propext, Classical.choice, Quot.sound]
2026-10-08T23:51:54.7045471Z info: AxiomAudit.lean:1489:0: 'ASGinzburg.ZAlgebra.leftModule_exact_iff_range_eq_ker' depends on axioms: [propext, Classical.choice, Quot.sound]
2026-10-08T23:51:54.7046148Z info: AxiomAudit.lean:1490:0: 'ASGinzburg.ZAlgebra.leftModule_shortExact_iff' depends on axioms: [propext, Classical.choice, Quot.sound]
2026-10-08T23:51:54.7047066Z info: AxiomAudit.lean:1491:0: 'ASGinzburg.ZAlgebra.leftRepresentableToElement' depends on axioms: [propext, Classical.choice, Quot.sound]
2026-10-08T23:51:54.7047422Z info: AxiomAudit.lean:1492:0: 'ASGinzburg.ZAlgebra.leftRepresentableYonedaEquiv' depends on axioms: [propext, Classical.choice, Quot.sound]
2026-10-08T23:51:54.7049071Z info: AxiomAudit.lean:1493:0: 'ASGinzburg.ZAlgebra.leftRepresentableYonedaEquiv_apply' depends on axioms: [propext, Classical.choice, Quot.sound]
2026-10-08T23:51:54.7049431Z info: AxiomAudit.lean:1494:0: 'ASGinzburg.ZAlgebra.leftRepresentableYonedaEquiv_comp' depends on axioms: [propext, Classical.choice, Quot.sound]
2026-10-08T23:51:54.7049809Z info: AxiomAudit.lean:1495:0: 'ASGinzburg.ZAlgebra.leftRepresentableYonedaEquiv_symm_app' depends on axioms: [propext, Classical.choice, Quot.sound]
2026-10-08T23:51:54.7050940Z info: AxiomAudit.lean:1496:0: 'ASGinzburg.ZAlgebra.leftRepresentableProjective' depends on axioms: [propext, Classical.choice, Quot.sound]
2026-10-08T23:51:54.7051581Z info: AxiomAudit.lean:1497:0: 'ASGinzburg.ZAlgebra.leftModuleProperty' depends on axioms: [propext, Classical.choice, Quot.sound]
2026-10-08T23:51:54.7051868Z info: AxiomAudit.lean:1498:0: 'ASGinzburg.ZAlgebra.LeftModule' depends on axioms: [propext, Classical.choice, Quot.sound]
2026-10-08T23:51:54.7053086Z info: AxiomAudit.lean:1499:0: 'ASGinzburg.ZAlgebra.leftRepresentableLinear' depends on axioms: [propext, Classical.choice, Quot.sound]
2026-10-08T23:51:54.7053427Z info: AxiomAudit.lean:1500:0: 'ASGinzburg.ZAlgebra.leftRepresentable' depends on axioms: [propext, Classical.choice, Quot.sound]
2026-10-08T23:51:54.7053946Z info: AxiomAudit.lean:1501:0: 'ASGinzburg.ZAlgebra.representableFunctor' depends on axioms: [propext, Classical.choice, Quot.sound]
2026-10-08T23:51:54.7055337Z info: AxiomAudit.lean:1502:0: 'ASGinzburg.ZAlgebra.representableFunctorAdditive' depends on axioms: [propext, Classical.choice, Quot.sound]
2026-10-08T23:51:54.7056655Z info: AxiomAudit.lean:1503:0: 'ASGinzburg.ZAlgebra.representableFunctorLinear' depends on axioms: [propext, Classical.choice, Quot.sound]
2026-10-08T23:51:54.7057006Z info: AxiomAudit.lean:1504:0: 'ASGinzburg.ZAlgebra.rightModuleCoyonedaLinear' depends on axioms: [propext, Classical.choice, Quot.sound]
2026-10-08T23:51:54.7058287Z info: AxiomAudit.lean:1505:0: 'ASGinzburg.ZAlgebra.rightModuleADual' depends on axioms: [propext, Classical.choice, Quot.sound]
2026-10-08T23:51:54.7059966Z info: AxiomAudit.lean:1506:0: 'ASGinzburg.ZAlgebra.rightModuleADual_obj' depends on axioms: [propext, Classical.choice, Quot.sound]
2026-10-08T23:51:54.7060294Z info: AxiomAudit.lean:1507:0: 'ASGinzburg.ZAlgebra.rightModuleADualMap' depends on axioms: [propext, Classical.choice, Quot.sound]
2026-10-08T23:51:54.7060647Z info: AxiomAudit.lean:1508:0: 'ASGinzburg.ZAlgebra.rightModuleADualFunctor' depends on axioms: [propext, Classical.choice, Quot.sound]
2026-10-08T23:51:54.7061031Z info: AxiomAudit.lean:1509:0: 'ASGinzburg.ZAlgebra.representableADualComponentEquiv' depends on axioms: [propext, Classical.choice, Quot.sound]
2026-10-08T23:51:54.7062430Z info: AxiomAudit.lean:1510:0: 'ASGinzburg.ZAlgebra.representableADualIso' depends on axioms: [propext, Classical.choice, Quot.sound]
2026-10-08T23:51:54.7062776Z info: AxiomAudit.lean:1511:0: 'ASGinzburg.ZAlgebra.leftRegularCoproduct' depends on axioms: [propext, Classical.choice, Quot.sound]
2026-10-08T23:51:54.7064055Z info: AxiomAudit.lean:1512:0: 'ASGinzburg.ZAlgebra.leftRegularCoproductComponentIso' depends on axioms: [propext, Classical.choice, Quot.sound]
2026-10-08T23:51:54.7064436Z info: AxiomAudit.lean:1513:0: 'ASGinzburg.ZAlgebra.leftRegularCoproductProjection' depends on axioms: [propext, Classical.choice, Quot.sound]
2026-10-08T23:51:54.7066192Z info: AxiomAudit.lean:1514:0: 'ASGinzburg.ZAlgebra.leftRegularCoproduct_inclusion_projection' depends on axioms: [propext,
2026-10-08T23:51:54.7066266Z  Classical.choice,
2026-10-08T23:51:54.7066338Z  Quot.sound]
2026-10-08T23:51:54.7067670Z info: AxiomAudit.lean:1515:0: 'ASGinzburg.ZAlgebra.leftRegularCoproduct_inclusion_projection_off' depends on axioms: [propext,
2026-10-08T23:51:54.7067750Z  Classical.choice,
2026-10-08T23:51:54.7067817Z  Quot.sound]
2026-10-08T23:51:54.7068181Z info: AxiomAudit.lean:1516:0: 'ASGinzburg.ZAlgebra.leftRegularCoproductAction' depends on axioms: [propext, Classical.choice, Quot.sound]
2026-10-08T23:51:54.7069615Z info: AxiomAudit.lean:1517:0: 'ASGinzburg.ZAlgebra.leftRegularCoproduct_inclusion_action' depends on axioms: [propext, Classical.choice, Quot.sound]
2026-10-08T23:51:54.7069929Z info: AxiomAudit.lean:1518:0: 'ASGinzburg.ZAlgebra.leftRegularCoproduct_inclusion_action_off' depends on axioms: [propext,
2026-10-08T23:51:54.7070002Z  Classical.choice,
2026-10-08T23:51:54.7070095Z  Quot.sound]
2026-10-08T23:51:54.7071412Z info: AxiomAudit.lean:1519:0: 'ASGinzburg.ZAlgebra.leftRegularCoproductAction_add' depends on axioms: [propext, Classical.choice, Quot.sound]
2026-10-08T23:51:54.7072703Z info: AxiomAudit.lean:1520:0: 'ASGinzburg.ZAlgebra.leftRegularCoproductAction_smul' depends on axioms: [propext, Classical.choice, Quot.sound]
2026-10-08T23:51:54.7073065Z info: AxiomAudit.lean:1521:0: 'ASGinzburg.ZAlgebra.leftRegularCoproductAction_comp' depends on axioms: [propext, Classical.choice, Quot.sound]
2026-10-08T23:51:54.7073824Z info: AxiomAudit.lean:1522:0: 'ASGinzburg.ZAlgebra.leftRegularCoproductAction_id' depends on axioms: [propext, Classical.choice, Quot.sound]
2026-10-08T23:51:54.7074568Z info: AxiomAudit.lean:1523:0: 'ASGinzburg.ZAlgebra.leftRegularCoproductAction_comp_off' depends on axioms: [propext, Classical.choice, Quot.sound]
2026-10-08T23:51:54.7074923Z info: AxiomAudit.lean:1524:0: 'ASGinzburg.ZAlgebra.leftLocallyUnitalExtIso' depends on axioms: [propext, Classical.choice, Quot.sound]
2026-10-08T23:51:54.7075435Z info: AxiomAudit.lean:1525:0: 'ASGinzburg.ZAlgebra.leftLocallyUnitalExtIso_conjugation' depends on axioms: [propext, Classical.choice, Quot.sound]
2026-10-08T23:51:54.7077031Z info: AxiomAudit.lean:1526:0: 'ASGinzburg.ZAlgebra.leftRegularExtGrLinearEquiv' depends on axioms: [propext, Classical.choice, Quot.sound]
2026-10-08T23:51:54.7077577Z info: AxiomAudit.lean:1527:0: 'ASGinzburg.ZAlgebra.leftRegularExtGrLinearEquiv_postcomp' depends on axioms: [propext, Classical.choice, Quot.sound]
2026-10-08T23:51:54.7078358Z info: AxiomAudit.lean:1528:0: 'ASGinzburg.ZAlgebra.leftRegularTotalComponentsEquiv' depends on axioms: [propext, Classical.choice, Quot.sound]
2026-10-08T23:51:54.7078964Z info: AxiomAudit.lean:1529:0: 'ASGinzburg.ZAlgebra.leftRegularTotalAlgebraEquiv' depends on axioms: [propext, Classical.choice, Quot.sound]
2026-10-08T23:51:54.7080289Z info: AxiomAudit.lean:1530:0: 'ASGinzburg.ZAlgebra.leftRegularComponentIso_lof_inv' depends on axioms: [propext, Classical.choice, Quot.sound]
2026-10-08T23:51:54.7080691Z info: AxiomAudit.lean:1531:0: 'ASGinzburg.ZAlgebra.leftRegularComponentIso_inclusion' depends on axioms: [propext, Classical.choice, Quot.sound]
2026-10-08T23:51:54.7082116Z info: AxiomAudit.lean:1532:0: 'ASGinzburg.ZAlgebra.leftRegularMatrixElement' depends on axioms: [propext, Classical.choice, Quot.sound]
2026-10-08T23:51:54.7082453Z info: AxiomAudit.lean:1533:0: 'ASGinzburg.ZAlgebra.leftRegularTotalComponentsEquiv_matrixElement' depends on axioms: [propext,
2026-10-08T23:51:54.7082523Z  Classical.choice,
2026-10-08T23:51:54.7082614Z  Quot.sound]
2026-10-08T23:51:54.7083817Z info: AxiomAudit.lean:1534:0: 'ASGinzburg.ZAlgebra.leftRegularTotalAlgebraEquiv_matrixElement' depends on axioms: [propext,
2026-10-08T23:51:54.7083893Z  Classical.choice,
2026-10-08T23:51:54.7083961Z  Quot.sound]
2026-10-08T23:51:54.7084321Z info: AxiomAudit.lean:1535:0: 'ASGinzburg.ZAlgebra.leftRegularTotalComponentsEquiv_symm_single' depends on axioms: [propext,
2026-10-08T23:51:54.7085713Z  Classical.choice,
2026-10-08T23:51:54.7085784Z  Quot.sound]
2026-10-08T23:51:54.7086183Z info: AxiomAudit.lean:1536:0: 'ASGinzburg.ZAlgebra.leftRegularMatrixElement_action' depends on axioms: [propext, Classical.choice, Quot.sound]
2026-10-08T23:51:54.7087551Z info: AxiomAudit.lean:1537:0: 'ASGinzburg.ZAlgebra.leftRegularMatrixElement_action_off' depends on axioms: [propext, Classical.choice, Quot.sound]
2026-10-08T23:51:54.7087938Z info: AxiomAudit.lean:1538:0: 'ASGinzburg.ZAlgebra.leftRegularTotalAlgebraEquiv_action' depends on axioms: [propext, Classical.choice, Quot.sound]
2026-10-08T23:51:54.7089274Z info: AxiomAudit.lean:1539:0: 'ASGinzburg.ZAlgebra.leftRegularTotalAlgebraEquiv_representation' depends on axioms: [propext,
2026-10-08T23:51:54.7089342Z  Classical.choice,
2026-10-08T23:51:54.7089410Z  Quot.sound]
2026-10-08T23:51:54.7089755Z info: AxiomAudit.lean:1540:0: 'ASGinzburg.ZAlgebra.leftResolutionDualComplex' depends on axioms: [propext, Classical.choice, Quot.sound]
2026-10-08T23:51:54.7090184Z info: AxiomAudit.lean:1541:0: 'ASGinzburg.ZAlgebra.leftResolutionDualComplexEvaluationIso' depends on axioms: [propext, Classical.choice, Quot.sound]
2026-10-08T23:51:54.7091654Z info: AxiomAudit.lean:1542:0: 'ASGinzburg.ZAlgebra.leftResolutionDualComplex_exactAt_low' depends on axioms: [propext, Classical.choice, Quot.sound]
2026-10-08T23:51:54.7097282Z info: AxiomAudit.lean:1543:0: 'ASGinzburg.ZAlgebra.leftResolutionDual_first_mono' depends on axioms: [propext, Classical.choice, Quot.sound]
2026-10-08T23:51:54.7098747Z info: AxiomAudit.lean:1544:0: 'ASGinzburg.ZAlgebra.leftResolutionDualFourTerm' depends on axioms: [propext, Classical.choice, Quot.sound]
2026-10-08T23:51:54.7100326Z info: AxiomAudit.lean:1545:0: 'ASGinzburg.ZAlgebra.leftResolutionDualFourTerm_finite' depends on axioms: [propext, Classical.choice, Quot.sound]
2026-10-08T23:51:54.7100687Z info: AxiomAudit.lean:1546:0: 'ASGinzburg.ZAlgebra.leftResolutionBidualTermIso' depends on axioms: [propext, Classical.choice, Quot.sound]
2026-10-08T23:51:54.7101228Z info: AxiomAudit.lean:1547:0: 'ASGinzburg.ZAlgebra.leftResolutionBidualTopProjection' depends on axioms: [propext, Classical.choice, Quot.sound]
2026-10-08T23:51:54.7102553Z info: AxiomAudit.lean:1548:0: 'ASGinzburg.ZAlgebra.leftResolutionBidualTopProjectionEpi' depends on axioms: [propext, Classical.choice, Quot.sound]
2026-10-08T23:51:54.7102884Z info: AxiomAudit.lean:1549:0: 'ASGinzburg.ZAlgebra.leftResolutionBidualTopDifferential_comm' depends on axioms: [propext,
2026-10-08T23:51:54.7102955Z  Classical.choice,
2026-10-08T23:51:54.7103022Z  Quot.sound]
2026-10-08T23:51:54.7104271Z info: AxiomAudit.lean:1550:0: 'ASGinzburg.ZAlgebra.leftResolutionBidualTopProjection_differential' depends on axioms: [propext,
2026-10-08T23:51:54.7104599Z  Classical.choice,
2026-10-08T23:51:54.7104669Z  Quot.sound]
2026-10-08T23:51:54.7105062Z info: AxiomAudit.lean:1551:0: 'ASGinzburg.ZAlgebra.leftResolutionBidualTopProjection_exact' depends on axioms: [propext, Classical.choice, Quot.sound]
2026-10-08T23:51:54.7105417Z info: AxiomAudit.lean:1552:0: 'ASGinzburg.ZAlgebra.leftResolutionExtBidualIso' depends on axioms: [propext, Classical.choice, Quot.sound]
2026-10-08T23:51:54.7105727Z info: AxiomAudit.lean:1553:0: 'ASGinzburg.ZAlgebra.LeftSubmodule' depends on axioms: [propext, Classical.choice, Quot.sound]
2026-10-08T23:51:54.7107183Z info: AxiomAudit.lean:1554:0: 'ASGinzburg.ZAlgebra.LeftSubmodule.presheaf' depends on axioms: [propext, Classical.choice, Quot.sound]
2026-10-08T23:51:54.7107559Z info: AxiomAudit.lean:1555:0: 'ASGinzburg.ZAlgebra.LeftSubmodule.presheafAdditive' depends on axioms: [propext, Classical.choice, Quot.sound]
2026-10-08T23:51:54.7108951Z info: AxiomAudit.lean:1556:0: 'ASGinzburg.ZAlgebra.LeftSubmodule.presheafLinear' depends on axioms: [propext, Classical.choice, Quot.sound]
2026-10-08T23:51:54.7109282Z info: AxiomAudit.lean:1557:0: 'ASGinzburg.ZAlgebra.LeftSubmodule.object' depends on axioms: [propext, Classical.choice, Quot.sound]
2026-10-08T23:51:54.7110915Z info: AxiomAudit.lean:1558:0: 'ASGinzburg.ZAlgebra.LeftSubmodule.inclusion' depends on axioms: [propext, Classical.choice, Quot.sound]
2026-10-08T23:51:54.7111408Z info: AxiomAudit.lean:1559:0: 'ASGinzburg.ZAlgebra.LeftSubmodule.inclusionMono' depends on axioms: [propext, Classical.choice, Quot.sound]
2026-10-08T23:51:54.7112234Z info: AxiomAudit.lean:1560:0: 'ASGinzburg.ZAlgebra.LeftSubmodule.quotient' depends on axioms: [propext, Classical.choice, Quot.sound]
2026-10-08T23:51:54.7112761Z info: AxiomAudit.lean:1561:0: 'ASGinzburg.ZAlgebra.LeftSubmodule.quotientπ' depends on axioms: [propext, Classical.choice, Quot.sound]
2026-10-08T23:51:54.7114163Z info: AxiomAudit.lean:1562:0: 'ASGinzburg.ZAlgebra.LeftSubmodule.quotientπEpi' depends on axioms: [propext, Classical.choice, Quot.sound]
2026-10-08T23:51:54.7114566Z info: AxiomAudit.lean:1563:0: 'ASGinzburg.ZAlgebra.LeftSubmodule.quotientShortComplex' depends on axioms: [propext, Classical.choice, Quot.sound]
2026-10-08T23:51:54.7115660Z info: AxiomAudit.lean:1564:0: 'ASGinzburg.ZAlgebra.LeftSubmodule.quotientShortExact' depends on axioms: [propext, Classical.choice, Quot.sound]
2026-10-08T23:51:54.7115991Z info: AxiomAudit.lean:1565:0: 'ASGinzburg.additiveModuleTransportEquiv' depends on axioms: [propext, Quot.sound]
2026-10-08T23:51:54.7116286Z info: AxiomAudit.lean:1566:0: 'ASGinzburg.exactExt_smul_comp' depends on axioms: [propext, Classical.choice, Quot.sound]
2026-10-08T23:51:54.7117504Z info: AxiomAudit.lean:1567:0: 'ASGinzburg.exactExt_comp_smul' depends on axioms: [propext, Classical.choice, Quot.sound]
2026-10-08T23:51:54.7117885Z info: AxiomAudit.lean:1568:0: 'ASGinzburg.exactExt_mk₀_smul' depends on axioms: [propext, Classical.choice, Quot.sound]
2026-10-08T23:51:54.7118182Z info: AxiomAudit.lean:1569:0: 'ASGinzburg.exactExtPostcomp' depends on axioms: [propext, Classical.choice, Quot.sound]
2026-10-08T23:51:54.7119771Z info: AxiomAudit.lean:1570:0: 'ASGinzburg.exactExtCovariant' depends on axioms: [propext, Classical.choice, Quot.sound]
2026-10-08T23:51:54.7120243Z info: AxiomAudit.lean:1571:0: 'ASGinzburg.exactExtCovariantAdditive' depends on axioms: [propext, Classical.choice, Quot.sound]
2026-10-08T23:51:54.7120569Z info: AxiomAudit.lean:1572:0: 'ASGinzburg.exactExtCovariantLinear' depends on axioms: [propext, Classical.choice, Quot.sound]
2026-10-08T23:51:54.7121659Z info: AxiomAudit.lean:1573:0: 'ASGinzburg.exactExtPostcompIso' depends on axioms: [propext, Classical.choice, Quot.sound]
2026-10-08T23:51:54.7122123Z info: AxiomAudit.lean:1574:0: 'ASGinzburg.exactExtPostcompIso_apply' depends on axioms: [propext, Classical.choice, Quot.sound]
2026-10-08T23:51:54.7122456Z info: AxiomAudit.lean:1575:0: 'ASGinzburg.exactExtPostcompIso_conjugation' depends on axioms: [propext, Classical.choice, Quot.sound]
2026-10-08T23:51:54.7123703Z info: AxiomAudit.lean:1576:0: 'ASGinzburg.ZAlgebra.LinearIdeal.productGenerators' depends on axioms: [propext, Classical.choice, Quot.sound]
2026-10-08T23:51:54.7124036Z info: AxiomAudit.lean:1577:0: 'ASGinzburg.ZAlgebra.LinearIdeal.mul' depends on axioms: [propext, Classical.choice, Quot.sound]
2026-10-08T23:51:54.7125444Z info: AxiomAudit.lean:1578:0: 'ASGinzburg.ZAlgebra.LinearIdeal.comp_mem_mul' depends on axioms: [propext, Classical.choice, Quot.sound]
2026-10-08T23:51:54.7125840Z info: AxiomAudit.lean:1579:0: 'ASGinzburg.ZAlgebra.leftTotalLocallyUnitalFunctorAdditive' depends on axioms: [propext, Classical.choice, Quot.sound]
2026-10-08T23:51:54.7126251Z info: AxiomAudit.lean:1580:0: 'ASGinzburg.ZAlgebra.rightTotalLocallyUnitalFunctorAdditive' depends on axioms: [propext, Classical.choice, Quot.sound]
2026-10-08T23:51:54.7126645Z info: AxiomAudit.lean:1581:0: 'ASGinzburg.ZAlgebra.leftLocallyUnitalComponentFunctorAdditive' depends on axioms: [propext,
2026-10-08T23:51:54.7127955Z  Classical.choice,
2026-10-08T23:51:54.7128046Z  Quot.sound]
2026-10-08T23:51:54.7128421Z info: AxiomAudit.lean:1582:0: 'ASGinzburg.ZAlgebra.rightLocallyUnitalComponentFunctorAdditive' depends on axioms: [propext,
2026-10-08T23:51:54.7129670Z  Classical.choice,
2026-10-08T23:51:54.7129863Z  Quot.sound]
2026-10-08T23:51:54.7130999Z info: AxiomAudit.lean:1583:0: 'ASGinzburg.ZAlgebra.leftTotalLocallyUnitalFunctorLinear' depends on axioms: [propext, Classical.choice, Quot.sound]
2026-10-08T23:51:54.7131544Z info: AxiomAudit.lean:1584:0: 'ASGinzburg.ZAlgebra.rightTotalLocallyUnitalFunctorLinear' depends on axioms: [propext, Classical.choice, Quot.sound]
2026-10-08T23:51:54.7132173Z info: AxiomAudit.lean:1585:0: 'ASGinzburg.ZAlgebra.leftLocallyUnitalComponentFunctorLinear' depends on axioms: [propext, Classical.choice, Quot.sound]
2026-10-08T23:51:54.7132962Z info: AxiomAudit.lean:1586:0: 'ASGinzburg.ZAlgebra.rightLocallyUnitalComponentFunctorLinear' depends on axioms: [propext,
2026-10-08T23:51:54.7133034Z  Classical.choice,
2026-10-08T23:51:54.7133104Z  Quot.sound]
2026-10-08T23:51:54.7133463Z info: AxiomAudit.lean:1587:0: 'ASGinzburg.ZAlgebra.leftLocallyUnitalComponentFunctorIsEquivalence' depends on axioms: [propext,
2026-10-08T23:51:54.7133543Z  Classical.choice,
2026-10-08T23:51:54.7133640Z  Quot.sound]
2026-10-08T23:51:54.7134357Z info: AxiomAudit.lean:1588:0: 'ASGinzburg.ZAlgebra.rightLocallyUnitalComponentFunctorIsEquivalence' depends on axioms: [propext,
2026-10-08T23:51:54.7134935Z  Classical.choice,
2026-10-08T23:51:54.7135004Z  Quot.sound]
2026-10-08T23:51:54.7135416Z info: AxiomAudit.lean:1589:0: 'ASGinzburg.ZAlgebra.leftLocallyUnitalHasFiniteProducts' depends on axioms: [propext, Classical.choice, Quot.sound]
2026-10-08T23:51:54.7135812Z info: AxiomAudit.lean:1590:0: 'ASGinzburg.ZAlgebra.rightLocallyUnitalHasFiniteProducts' depends on axioms: [propext, Classical.choice, Quot.sound]
2026-10-08T23:51:54.7136160Z info: AxiomAudit.lean:1591:0: 'ASGinzburg.ZAlgebra.leftLocallyUnitalAbelian' depends on axioms: [propext, Classical.choice, Quot.sound]
2026-10-08T23:51:54.7137791Z info: AxiomAudit.lean:1592:0: 'ASGinzburg.ZAlgebra.rightLocallyUnitalAbelian' depends on axioms: [propext, Classical.choice, Quot.sound]
2026-10-08T23:51:54.7138529Z info: AxiomAudit.lean:1593:0: 'ASGinzburg.ZAlgebra.leftLocallyUnitalEnoughProjectives' depends on axioms: [propext, Classical.choice, Quot.sound]
2026-10-08T23:51:54.7139915Z info: AxiomAudit.lean:1594:0: 'ASGinzburg.ZAlgebra.rightLocallyUnitalEnoughProjectives' depends on axioms: [propext, Classical.choice, Quot.sound]
2026-10-08T23:51:54.7140443Z info: AxiomAudit.lean:1595:0: 'ASGinzburg.ZAlgebra.leftLocallyUnitalHasExt' depends on axioms: [propext, Classical.choice, Quot.sound]
2026-10-08T23:51:54.7140789Z info: AxiomAudit.lean:1596:0: 'ASGinzburg.ZAlgebra.rightLocallyUnitalHasExt' depends on axioms: [propext, Classical.choice, Quot.sound]
2026-10-08T23:51:54.7141203Z info: AxiomAudit.lean:1597:0: 'ASGinzburg.ZAlgebra.leftUnitizationComponentSum_action' depends on axioms: [propext, Classical.choice, Quot.sound]
2026-10-08T23:51:54.7141600Z info: AxiomAudit.lean:1598:0: 'ASGinzburg.ZAlgebra.rightUnitizationComponentSum_action' depends on axioms: [propext, Classical.choice, Quot.sound]
2026-10-08T23:51:54.7141953Z info: AxiomAudit.lean:1599:0: 'ASGinzburg.ZAlgebra.leftUnitizationComponentSum_representation' depends on axioms: [propext,
2026-10-08T23:51:54.7142030Z  Classical.choice,
2026-10-08T23:51:54.7142099Z  Quot.sound]
2026-10-08T23:51:54.7142446Z info: AxiomAudit.lean:1600:0: 'ASGinzburg.ZAlgebra.rightUnitizationComponentSum_representation' depends on axioms: [propext,
2026-10-08T23:51:54.7142520Z  Classical.choice,
2026-10-08T23:51:54.7142593Z  Quot.sound]
2026-10-08T23:51:54.7142980Z info: AxiomAudit.lean:1601:0: 'ASGinzburg.ZAlgebra.leftUnitization_smul_decomposition' depends on axioms: [propext, Classical.choice, Quot.sound]
2026-10-08T23:51:54.7143377Z info: AxiomAudit.lean:1602:0: 'ASGinzburg.ZAlgebra.rightUnitization_smul_decomposition' depends on axioms: [propext, Classical.choice, Quot.sound]
2026-10-08T23:51:54.7143801Z info: AxiomAudit.lean:1603:0: 'ASGinzburg.ZAlgebra.leftUnitizationComponentSumModuleMap' depends on axioms: [propext, Classical.choice, Quot.sound]
2026-10-08T23:51:54.7144362Z info: AxiomAudit.lean:1604:0: 'ASGinzburg.ZAlgebra.rightUnitizationComponentSumModuleMap' depends on axioms: [propext, Classical.choice, Quot.sound]
2026-10-08T23:51:54.7144766Z info: AxiomAudit.lean:1605:0: 'ASGinzburg.ZAlgebra.leftLocallyUnitalComponentSumIso' depends on axioms: [propext, Classical.choice, Quot.sound]
2026-10-08T23:51:54.7145173Z info: AxiomAudit.lean:1606:0: 'ASGinzburg.ZAlgebra.rightLocallyUnitalComponentSumIso' depends on axioms: [propext, Classical.choice, Quot.sound]
2026-10-08T23:51:54.7145523Z info: AxiomAudit.lean:1607:0: 'ASGinzburg.ZAlgebra.leftUnitizationComponentSumModuleMap_natural' depends on axioms: [propext,
2026-10-08T23:51:54.7145601Z  Classical.choice,
2026-10-08T23:51:54.7145669Z  Quot.sound]
2026-10-08T23:51:54.7146028Z info: AxiomAudit.lean:1608:0: 'ASGinzburg.ZAlgebra.rightUnitizationComponentSumModuleMap_natural' depends on axioms: [propext,
2026-10-08T23:51:54.7146100Z  Classical.choice,
2026-10-08T23:51:54.7146171Z  Quot.sound]
2026-10-08T23:51:54.7146551Z info: AxiomAudit.lean:1609:0: 'ASGinzburg.ZAlgebra.leftLocallyUnitalCounitIso' depends on axioms: [propext, Classical.choice, Quot.sound]
2026-10-08T23:51:54.7146925Z info: AxiomAudit.lean:1610:0: 'ASGinzburg.ZAlgebra.rightLocallyUnitalCounitIso' depends on axioms: [propext, Classical.choice, Quot.sound]
2026-10-08T23:51:54.7147317Z info: AxiomAudit.lean:1611:0: 'ASGinzburg.ZAlgebra.leftLocallyUnitalUnitIso' depends on axioms: [propext, Classical.choice, Quot.sound]
2026-10-08T23:51:54.7147683Z info: AxiomAudit.lean:1612:0: 'ASGinzburg.ZAlgebra.rightLocallyUnitalUnitIso' depends on axioms: [propext, Classical.choice, Quot.sound]
2026-10-08T23:51:54.7148067Z info: AxiomAudit.lean:1613:0: 'ASGinzburg.ZAlgebra.leftLocallyUnitalEquivalence' depends on axioms: [propext, Classical.choice, Quot.sound]
2026-10-08T23:51:54.7148465Z info: AxiomAudit.lean:1614:0: 'ASGinzburg.ZAlgebra.rightLocallyUnitalEquivalence' depends on axioms: [propext, Classical.choice, Quot.sound]
2026-10-08T23:51:54.7148937Z info: AxiomAudit.lean:1615:0: 'ASGinzburg.ZAlgebra.leftTotalLocallyUnitalFunctorIsEquivalence' depends on axioms: [propext,
2026-10-08T23:51:54.7149126Z  Classical.choice,
2026-10-08T23:51:54.7149196Z  Quot.sound]
2026-10-08T23:51:54.7149567Z info: AxiomAudit.lean:1616:0: 'ASGinzburg.ZAlgebra.rightTotalLocallyUnitalFunctorIsEquivalence' depends on axioms: [propext,
2026-10-08T23:51:54.7149641Z  Classical.choice,
2026-10-08T23:51:54.7149706Z  Quot.sound]
2026-10-08T23:51:54.7150045Z info: AxiomAudit.lean:1617:0: 'ASGinzburg.ZAlgebra.leftModuleExtModule' depends on axioms: [propext, Classical.choice, Quot.sound]
2026-10-08T23:51:54.7150409Z info: AxiomAudit.lean:1618:0: 'ASGinzburg.ZAlgebra.leftLocallyUnitalExtModule' depends on axioms: [propext, Classical.choice, Quot.sound]
2026-10-08T23:51:54.7150792Z info: AxiomAudit.lean:1619:0: 'ASGinzburg.ZAlgebra.rightLocallyUnitalExtModule' depends on axioms: [propext, Classical.choice, Quot.sound]
2026-10-08T23:51:54.7151179Z info: AxiomAudit.lean:1620:0: 'ASGinzburg.ZAlgebra.leftLocallyUnitalExtAddEquiv' depends on axioms: [propext, Classical.choice, Quot.sound]
2026-10-08T23:51:54.7151569Z info: AxiomAudit.lean:1621:0: 'ASGinzburg.ZAlgebra.rightLocallyUnitalExtAddEquiv' depends on axioms: [propext, Classical.choice, Quot.sound]
2026-10-08T23:51:54.7151969Z info: AxiomAudit.lean:1622:0: 'ASGinzburg.ZAlgebra.leftLocallyUnitalExtLinearEquiv' depends on axioms: [propext, Classical.choice, Quot.sound]
2026-10-08T23:51:54.7152374Z info: AxiomAudit.lean:1623:0: 'ASGinzburg.ZAlgebra.rightLocallyUnitalExtLinearEquiv' depends on axioms: [propext, Classical.choice, Quot.sound]
2026-10-08T23:51:54.7152732Z info: AxiomAudit.lean:1624:0: 'ASGinzburg.exactEquivalenceExtAddEquiv_hom' depends on axioms: [propext, Classical.choice, Quot.sound]
2026-10-08T23:51:54.7153096Z info: AxiomAudit.lean:1625:0: 'ASGinzburg.exactEquivalenceExtAddEquiv_precomp' depends on axioms: [propext, Classical.choice, Quot.sound]
2026-10-08T23:51:54.7153571Z info: AxiomAudit.lean:1626:0: 'ASGinzburg.exactEquivalenceExtAddEquiv_postcomp' depends on axioms: [propext, Classical.choice, Quot.sound]
2026-10-08T23:51:54.7153960Z info: AxiomAudit.lean:1627:0: 'ASGinzburg.exactEquivalenceExtLinearEquiv_toAddEquiv' depends on axioms: [propext, Classical.choice, Quot.sound]
2026-10-08T23:51:54.7154302Z info: AxiomAudit.lean:1628:0: 'ASGinzburg.ZAlgebra.leftLocallyUnitalExtLinearEquiv_toAddEquiv' depends on axioms: [propext,
2026-10-08T23:51:54.7154376Z  Classical.choice,
2026-10-08T23:51:54.7154449Z  Quot.sound]
2026-10-08T23:51:54.7154858Z info: AxiomAudit.lean:1629:0: 'ASGinzburg.ZAlgebra.leftLocallyUnitalExtLinearEquiv_precomp' depends on axioms: [propext, Classical.choice, Quot.sound]
2026-10-08T23:51:54.7155179Z info: AxiomAudit.lean:1630:0: 'ASGinzburg.ZAlgebra.leftLocallyUnitalExtLinearEquiv_postcomp' depends on axioms: [propext,
2026-10-08T23:51:54.7155257Z  Classical.choice,
2026-10-08T23:51:54.7155320Z  Quot.sound]
2026-10-08T23:51:54.7155651Z info: AxiomAudit.lean:1631:0: 'ASGinzburg.ZAlgebra.rightLocallyUnitalExtLinearEquiv_toAddEquiv' depends on axioms: [propext,
2026-10-08T23:51:54.7155728Z  Classical.choice,
2026-10-08T23:51:54.7155794Z  Quot.sound]
2026-10-08T23:51:54.7156118Z info: AxiomAudit.lean:1632:0: 'ASGinzburg.ZAlgebra.rightLocallyUnitalExtLinearEquiv_precomp' depends on axioms: [propext,
2026-10-08T23:51:54.7156187Z  Classical.choice,
2026-10-08T23:51:54.7156257Z  Quot.sound]
2026-10-08T23:51:54.7156586Z info: AxiomAudit.lean:1633:0: 'ASGinzburg.ZAlgebra.rightLocallyUnitalExtLinearEquiv_postcomp' depends on axioms: [propext,
2026-10-08T23:51:54.7156658Z  Classical.choice,
2026-10-08T23:51:54.7156724Z  Quot.sound]
2026-10-08T23:51:54.7157055Z info: AxiomAudit.lean:1634:0: 'ASGinzburg.ZAlgebra.totalUnitization' depends on axioms: [propext, Classical.choice, Quot.sound]
2026-10-08T23:51:54.7157394Z info: AxiomAudit.lean:1635:0: 'ASGinzburg.ZAlgebra.totalUnitizationRing' depends on axioms: [propext, Classical.choice, Quot.sound]
2026-10-08T23:51:54.7157751Z info: AxiomAudit.lean:1636:0: 'ASGinzburg.ZAlgebra.totalUnitizationSemiring' depends on axioms: [propext, Classical.choice, Quot.sound]
2026-10-08T23:51:54.7158220Z info: AxiomAudit.lean:1637:0: 'ASGinzburg.ZAlgebra.leftTotalUnitalRepresentation' depends on axioms: [propext, Classical.choice, Quot.sound]
2026-10-08T23:51:54.7158948Z info: AxiomAudit.lean:1638:0: 'ASGinzburg.ZAlgebra.rightTotalUnitalOppositeRepresentation' depends on axioms: [propext, Classical.choice, Quot.sound]
2026-10-08T23:51:54.7159322Z info: AxiomAudit.lean:1639:0: 'ASGinzburg.ZAlgebra.rightTotalUnitalRepresentation' depends on axioms: [propext, Classical.choice, Quot.sound]
2026-10-08T23:51:54.7159686Z info: AxiomAudit.lean:1640:0: 'ASGinzburg.ZAlgebra.leftTotalUnitizationModule' depends on axioms: [propext, Classical.choice, Quot.sound]
2026-10-08T23:51:54.7160047Z info: AxiomAudit.lean:1641:0: 'ASGinzburg.ZAlgebra.rightTotalUnitizationModule' depends on axioms: [propext, Classical.choice, Quot.sound]
2026-10-08T23:51:54.7160434Z info: AxiomAudit.lean:1642:0: 'ASGinzburg.ZAlgebra.leftTotalUnitalRepresentation_coe' depends on axioms: [propext, Classical.choice, Quot.sound]
2026-10-08T23:51:54.7160838Z info: AxiomAudit.lean:1643:0: 'ASGinzburg.ZAlgebra.rightTotalUnitalRepresentation_op_coe' depends on axioms: [propext, Classical.choice, Quot.sound]
2026-10-08T23:51:54.7161167Z info: AxiomAudit.lean:1644:0: 'ASGinzburg.ZAlgebra.leftTotalModule' depends on axioms: [propext, Classical.choice, Quot.sound]
2026-10-08T23:51:54.7161498Z info: AxiomAudit.lean:1645:0: 'ASGinzburg.ZAlgebra.rightTotalModule' depends on axioms: [propext, Classical.choice, Quot.sound]
2026-10-08T23:51:54.7162875Z info: AxiomAudit.lean:1646:0: 'ASGinzburg.ZAlgebra.leftTotalModule_component_smul' depends on axioms: [propext, Classical.choice, Quot.sound]
2026-10-08T23:51:54.7163255Z info: AxiomAudit.lean:1647:0: 'ASGinzburg.ZAlgebra.rightTotalModule_component_smul' depends on axioms: [propext, Classical.choice, Quot.sound]
2026-10-08T23:51:54.7164394Z info: AxiomAudit.lean:1648:0: 'ASGinzburg.ZAlgebra.leftLocallyUnitalProperty' depends on axioms: [propext, Classical.choice, Quot.sound]
2026-10-08T23:51:54.7164944Z info: AxiomAudit.lean:1649:0: 'ASGinzburg.ZAlgebra.rightLocallyUnitalProperty' depends on axioms: [propext, Classical.choice, Quot.sound]
2026-10-08T23:51:54.7165312Z info: AxiomAudit.lean:1650:0: 'ASGinzburg.ZAlgebra.LeftLocallyUnitalModule' depends on axioms: [propext, Classical.choice, Quot.sound]
2026-10-08T23:51:54.7166611Z info: AxiomAudit.lean:1651:0: 'ASGinzburg.ZAlgebra.RightLocallyUnitalModule' depends on axioms: [propext, Classical.choice, Quot.sound]
2026-10-08T23:51:54.7166971Z info: AxiomAudit.lean:1652:0: 'ASGinzburg.ZAlgebra.leftTotalModule_locally_unital' depends on axioms: [propext, Classical.choice, Quot.sound]
2026-10-08T23:51:54.7168275Z info: AxiomAudit.lean:1653:0: 'ASGinzburg.ZAlgebra.rightTotalModule_locally_unital' depends on axioms: [propext, Classical.choice, Quot.sound]
2026-10-08T23:51:54.7168882Z info: AxiomAudit.lean:1654:0: 'ASGinzburg.ZAlgebra.leftTotalLocallyUnitalModule' depends on axioms: [propext, Classical.choice, Quot.sound]
2026-10-08T23:51:54.7169651Z info: AxiomAudit.lean:1655:0: 'ASGinzburg.ZAlgebra.rightTotalLocallyUnitalModule' depends on axioms: [propext, Classical.choice, Quot.sound]
2026-10-08T23:51:54.7169992Z info: AxiomAudit.lean:1656:0: 'ASGinzburg.ZAlgebra.rightModuleBidualElement' depends on axioms: [propext, Classical.choice, Quot.sound]
2026-10-08T23:51:54.7170954Z info: AxiomAudit.lean:1657:0: 'ASGinzburg.ZAlgebra.rightModuleBidualEvaluation' depends on axioms: [propext, Classical.choice, Quot.sound]
2026-10-08T23:51:54.7171527Z info: AxiomAudit.lean:1658:0: 'ASGinzburg.ZAlgebra.rightModuleBidualEvaluation_natural' depends on axioms: [propext, Classical.choice, Quot.sound]
2026-10-08T23:51:54.7171954Z info: AxiomAudit.lean:1659:0: 'ASGinzburg.ZAlgebra.representableBidualEvaluation_comp_iso' depends on axioms: [propext, Classical.choice, Quot.sound]
2026-10-08T23:51:54.7172392Z info: AxiomAudit.lean:1660:0: 'ASGinzburg.ZAlgebra.representableBidualEvaluationIsIso' depends on axioms: [propext, Classical.choice, Quot.sound]
2026-10-08T23:51:54.7172956Z info: AxiomAudit.lean:1661:0: 'ASGinzburg.ZAlgebra.leftModuleBidualElement' depends on axioms: [propext, Classical.choice, Quot.sound]
2026-10-08T23:51:54.7173467Z info: AxiomAudit.lean:1662:0: 'ASGinzburg.ZAlgebra.leftModuleBidualEvaluation' depends on axioms: [propext, Classical.choice, Quot.sound]
2026-10-08T23:51:54.7174379Z info: AxiomAudit.lean:1663:0: 'ASGinzburg.ZAlgebra.leftModuleBidualEvaluation_natural' depends on axioms: [propext, Classical.choice, Quot.sound]
2026-10-08T23:51:54.7174735Z info: AxiomAudit.lean:1664:0: 'ASGinzburg.ZAlgebra.leftRepresentableBidualEvaluation_comp_iso' depends on axioms: [propext,
2026-10-08T23:51:54.7174988Z  Classical.choice,
2026-10-08T23:51:54.7175374Z  Quot.sound]
2026-10-08T23:51:54.7175886Z info: AxiomAudit.lean:1665:0: 'ASGinzburg.ZAlgebra.leftRepresentableBidualEvaluationIsIso' depends on axioms: [propext, Classical.choice, Quot.sound]
2026-10-08T23:51:54.7176399Z info: AxiomAudit.lean:1666:0: 'ASGinzburg.ZAlgebra.rightModuleADualFunctorAdditive' depends on axioms: [propext, Classical.choice, Quot.sound]
2026-10-08T23:51:54.7176806Z info: AxiomAudit.lean:1667:0: 'ASGinzburg.ZAlgebra.leftModuleADualFunctorAdditive' depends on axioms: [propext, Classical.choice, Quot.sound]
2026-10-08T23:51:54.7177153Z info: AxiomAudit.lean:1668:0: 'ASGinzburg.ZAlgebra.rightModuleBidualFunctor' depends on axioms: [propext, Classical.choice, Quot.sound]
2026-10-08T23:51:54.7179273Z info: AxiomAudit.lean:1669:0: 'ASGinzburg.ZAlgebra.leftModuleBidualFunctor' depends on axioms: [propext, Classical.choice, Quot.sound]
2026-10-08T23:51:54.7179948Z info: AxiomAudit.lean:1670:0: 'ASGinzburg.ZAlgebra.rightModuleBidualEvaluationNatTrans' depends on axioms: [propext, Classical.choice, Quot.sound]
2026-10-08T23:51:54.7180303Z info: AxiomAudit.lean:1671:0: 'ASGinzburg.ZAlgebra.leftModuleBidualEvaluationNatTrans' depends on axioms: [propext, Classical.choice, Quot.sound]
2026-10-08T23:51:54.7180653Z info: AxiomAudit.lean:1672:0: 'ASGinzburg.ZAlgebra.rightModuleBidualFunctorAdditive' depends on axioms: [propext, Classical.choice, Quot.sound]
2026-10-08T23:51:54.7180895Z info: AxiomAudit.lean:1673:0: 'ASGinzburg.ZAlgebra.leftModuleBidualFunctorAdditive' depends on axioms: [propext, Classical.choice, Quot.sound]
2026-10-08T23:51:54.7181110Z info: AxiomAudit.lean:1674:0: 'ASGinzburg.ZAlgebra.rightModuleVectorDual' depends on axioms: [propext, Classical.choice, Quot.sound]
2026-10-08T23:51:54.7181323Z info: AxiomAudit.lean:1675:0: 'ASGinzburg.ZAlgebra.leftModuleVectorDual' depends on axioms: [propext, Classical.choice, Quot.sound]
2026-10-08T23:51:54.7181545Z info: AxiomAudit.lean:1676:0: 'ASGinzburg.ZAlgebra.rightModuleVectorDualMap' depends on axioms: [propext, Classical.choice, Quot.sound]
2026-10-08T23:51:54.7181766Z info: AxiomAudit.lean:1677:0: 'ASGinzburg.ZAlgebra.leftModuleVectorDualMap' depends on axioms: [propext, Classical.choice, Quot.sound]
2026-10-08T23:51:54.7182016Z info: AxiomAudit.lean:1678:0: 'ASGinzburg.ZAlgebra.rightModuleVectorBidualEvaluation' depends on axioms: [propext, Classical.choice, Quot.sound]
2026-10-08T23:51:54.7182396Z info: AxiomAudit.lean:1679:0: 'ASGinzburg.ZAlgebra.leftModuleVectorBidualEvaluation' depends on axioms: [propext, Classical.choice, Quot.sound]
2026-10-08T23:51:54.7182757Z info: AxiomAudit.lean:1680:0: 'ASGinzburg.ZAlgebra.rightModuleVectorDual_finite' depends on axioms: [propext, Classical.choice, Quot.sound]
2026-10-08T23:51:54.7183121Z info: AxiomAudit.lean:1681:0: 'ASGinzburg.ZAlgebra.leftModuleVectorDual_finite' depends on axioms: [propext, Classical.choice, Quot.sound]
2026-10-08T23:51:54.7183564Z info: AxiomAudit.lean:1682:0: 'ASGinzburg.ZAlgebra.rightModuleVectorBidualEvaluation_isIso' depends on axioms: [propext, Classical.choice, Quot.sound]
2026-10-08T23:51:54.7183979Z info: AxiomAudit.lean:1683:0: 'ASGinzburg.ZAlgebra.leftModuleVectorBidualEvaluation_isIso' depends on axioms: [propext, Classical.choice, Quot.sound]
2026-10-08T23:51:54.7184320Z info: AxiomAudit.lean:1684:0: 'ASGinzburg.ZAlgebra.rightModuleVectorBidualEvaluation_natural' depends on axioms: [propext,
2026-10-08T23:51:54.7184502Z  Classical.choice,
2026-10-08T23:51:54.7184575Z  Quot.sound]
2026-10-08T23:51:54.7184904Z info: AxiomAudit.lean:1685:0: 'ASGinzburg.ZAlgebra.leftModuleVectorBidualEvaluation_natural' depends on axioms: [propext,
2026-10-08T23:51:54.7184977Z  Classical.choice,
2026-10-08T23:51:54.7185047Z  Quot.sound]
2026-10-08T23:51:54.7185425Z info: AxiomAudit.lean:1686:0: 'ASGinzburg.ZAlgebra.rightModuleVectorDualFunctor' depends on axioms: [propext, Classical.choice, Quot.sound]
2026-10-08T23:51:54.7185798Z info: AxiomAudit.lean:1687:0: 'ASGinzburg.ZAlgebra.leftModuleVectorDualFunctor' depends on axioms: [propext, Classical.choice, Quot.sound]
2026-10-08T23:51:54.7186207Z info: AxiomAudit.lean:1688:0: 'ASGinzburg.ZAlgebra.rightModuleVectorDualFunctorAdditive' depends on axioms: [propext, Classical.choice, Quot.sound]
2026-10-08T23:51:54.7186615Z info: AxiomAudit.lean:1689:0: 'ASGinzburg.ZAlgebra.leftModuleVectorDualFunctorAdditive' depends on axioms: [propext, Classical.choice, Quot.sound]
2026-10-08T23:51:54.7187022Z info: AxiomAudit.lean:1690:0: 'ASGinzburg.ZAlgebra.rightModuleVectorDualFunctorLinear' depends on axioms: [propext, Classical.choice, Quot.sound]
2026-10-08T23:51:54.7187420Z info: AxiomAudit.lean:1691:0: 'ASGinzburg.ZAlgebra.leftModuleVectorDualFunctorLinear' depends on axioms: [propext, Classical.choice, Quot.sound]
2026-10-08T23:51:54.7187846Z info: AxiomAudit.lean:1692:0: 'ASGinzburg.ZAlgebra.rightFiniteDimensional_isZero_iff' depends on axioms: [propext, Classical.choice, Quot.sound]
2026-10-08T23:51:54.7188206Z info: AxiomAudit.lean:1693:0: 'ASGinzburg.ZAlgebra.rightFiniteDimensionalNakayamaInverseAdditive' depends on axioms: [propext,
2026-10-08T23:51:54.7188283Z  Classical.choice,
2026-10-08T23:51:54.7188349Z  Quot.sound]
2026-10-08T23:51:54.7188799Z info: AxiomAudit.lean:1694:0: 'ASGinzburg.ZAlgebra.rightFiniteDimensionalSimpleVectorDualIso' depends on axioms: [propext,
2026-10-08T23:51:54.7188878Z  Classical.choice,
2026-10-08T23:51:54.7189070Z  Quot.sound]
2026-10-08T23:51:54.7189503Z info: AxiomAudit.lean:1695:0: 'ASGinzburg.ZAlgebra.leftFiniteDimensionalExtThreeSimpleIso' depends on axioms: [propext, Classical.choice, Quot.sound]
2026-10-08T23:51:54.7189869Z info: AxiomAudit.lean:1696:0: 'ASGinzburg.ZAlgebra.rightFiniteDimensionalNakayamaInverseSimpleIso' depends on axioms: [propext,
2026-10-08T23:51:54.7189943Z  Classical.choice,
2026-10-08T23:51:54.7190013Z  Quot.sound]
2026-10-08T23:51:54.7190402Z info: AxiomAudit.lean:1697:0: 'ASGinzburg.ZAlgebra.rightFiniteDimensionalNakayamaInverseSimpleHeightIso' depends on axioms: [propext,
2026-10-08T23:51:54.7190475Z  Classical.choice,
2026-10-08T23:51:54.7190541Z  Quot.sound]
2026-10-08T23:51:54.7190908Z info: AxiomAudit.lean:1698:0: 'ASGinzburg.ZAlgebra.rightFiniteDimensionalNakayamaInverseUnderlying' depends on axioms: [propext,
2026-10-08T23:51:54.7190979Z  Classical.choice,
2026-10-08T23:51:54.7191049Z  Quot.sound]
2026-10-08T23:51:54.7191391Z info: AxiomAudit.lean:1699:0: 'ASGinzburg.ZAlgebra.rightVertexFiltration_nakayama_inverse_window' depends on axioms: [propext,
2026-10-08T23:51:54.7191463Z  Classical.choice,
2026-10-08T23:51:54.7191530Z  Quot.sound]
2026-10-08T23:51:54.7191873Z info: AxiomAudit.lean:1700:0: 'ASGinzburg.ZAlgebra.rightFiniteDimensional_nakayama_inverse_window' depends on axioms: [propext,
2026-10-08T23:51:54.7191948Z  Classical.choice,
2026-10-08T23:51:54.7192014Z  Quot.sound]
2026-10-08T23:51:54.7192383Z info: AxiomAudit.lean:1701:0: 'ASGinzburg.ZAlgebra.rightFiniteWindowNakayamaRepresentableModuleIso' depends on axioms: [propext,
2026-10-08T23:51:54.7192457Z  Classical.choice,
2026-10-08T23:51:54.7192523Z  Quot.sound]
2026-10-08T23:51:54.7192893Z info: AxiomAudit.lean:1702:0: 'ASGinzburg.ZAlgebra.rightFiniteWindowNakayamaRepresentableIso_hom_cover' depends on axioms: [propext,
2026-10-08T23:51:54.7192963Z  Classical.choice,
2026-10-08T23:51:54.7193031Z  Quot.sound]
2026-10-08T23:51:54.7193385Z info: AxiomAudit.lean:1703:0: 'ASGinzburg.ZAlgebra.rightFiniteDimensionalNakayamaUnderlyingMap' depends on axioms: [propext,
2026-10-08T23:51:54.7193619Z  Classical.choice,
2026-10-08T23:51:54.7193686Z  Quot.sound]
2026-10-08T23:51:54.7194038Z info: AxiomAudit.lean:1704:0: 'ASGinzburg.ZAlgebra.rightFiniteDimensionalNakayamaUnderlyingMap_comp' depends on axioms: [propext,
2026-10-08T23:51:54.7194109Z  Classical.choice,
2026-10-08T23:51:54.7194174Z  Quot.sound]
2026-10-08T23:51:54.7194575Z info: AxiomAudit.lean:1705:0: 'ASGinzburg.ZAlgebra.rightFiniteWindowNakayamaComponentEquiv_coherent' depends on axioms: [propext,
2026-10-08T23:51:54.7194645Z  Classical.choice,
2026-10-08T23:51:54.7194714Z  Quot.sound]
2026-10-08T23:51:54.7195035Z info: AxiomAudit.lean:1706:0: 'ASGinzburg.equivalenceMk_functor_eq' depends on axioms: [propext, Classical.choice, Quot.sound]
2026-10-08T23:51:54.7195367Z info: AxiomAudit.lean:1707:0: 'ASGinzburg.ZAlgebra.rightFiniteWindowNakayamaEquivalence_functor_eq' depends on axioms: [propext,
2026-10-08T23:51:54.7195442Z  Classical.choice,
2026-10-08T23:51:54.7195509Z  Quot.sound]
2026-10-08T23:51:54.7195910Z info: AxiomAudit.lean:1708:0: 'ASGinzburg.ZAlgebra.rightFiniteWindowNakayamaSimpleIsoWith' depends on axioms: [propext, Classical.choice, Quot.sound]
2026-10-08T23:51:54.7219051Z info: AxiomAudit.lean:1709:0: 'ASGinzburg.ZAlgebra.rightFiniteWindowNakayamaSimpleIsoWith_underlying_hom' depends on axioms: [propext,
2026-10-08T23:51:54.7219161Z  Classical.choice,
2026-10-08T23:51:54.7219235Z  Quot.sound]
2026-10-08T23:51:54.7219629Z info: AxiomAudit.lean:1710:0: 'ASGinzburg.ZAlgebra.rightFiniteWindowNakayamaSimpleIso_underlying_hom' depends on axioms: [propext,
2026-10-08T23:51:54.7219707Z  Classical.choice,
2026-10-08T23:51:54.7219776Z  Quot.sound]
2026-10-08T23:51:54.7220140Z info: AxiomAudit.lean:1711:0: 'ASGinzburg.ZAlgebra.rightFiniteWindowNakayamaFunctor_underlying_map' depends on axioms: [propext,
2026-10-08T23:51:54.7220215Z  Classical.choice,
2026-10-08T23:51:54.7220283Z  Quot.sound]
2026-10-08T23:51:54.7220932Z info: AxiomAudit.lean:1712:0: 'ASGinzburg.ZAlgebra.rightFiniteWindowNakayamaChosenRepresentableModuleIso_restriction' depends on axioms: [propext,
2026-10-08T23:51:54.7221005Z  Classical.choice,
2026-10-08T23:51:54.7221075Z  Quot.sound]
2026-10-08T23:51:54.7221512Z info: AxiomAudit.lean:1713:0: 'ASGinzburg.ZAlgebra.rightFiniteWindowNakayamaComponentEquiv' depends on axioms: [propext, Classical.choice, Quot.sound]
2026-10-08T23:51:54.7221871Z info: AxiomAudit.lean:1714:0: 'ASGinzburg.ZAlgebra.rightFiniteWindowNakayamaComponentEquiv_hom' depends on axioms: [propext,
2026-10-08T23:51:54.7221947Z  Classical.choice,
2026-10-08T23:51:54.7222016Z  Quot.sound]
2026-10-08T23:51:54.7222376Z info: AxiomAudit.lean:1715:0: 'ASGinzburg.ZAlgebra.rightFiniteWindowNakayamaComponentEquiv_id' depends on axioms: [propext,
2026-10-08T23:51:54.7222449Z  Classical.choice,
2026-10-08T23:51:54.7222519Z  Quot.sound]
2026-10-08T23:51:54.7222871Z info: AxiomAudit.lean:1716:0: 'ASGinzburg.ZAlgebra.rightFiniteWindowNakayamaComponentEquiv_comp' depends on axioms: [propext,
2026-10-08T23:51:54.7222950Z  Classical.choice,
2026-10-08T23:51:54.7223018Z  Quot.sound]
2026-10-08T23:51:54.7223419Z info: AxiomAudit.lean:1717:0: 'ASGinzburg.ZAlgebra.rightFiniteWindowNakayamaFunctor' depends on axioms: [propext, Classical.choice, Quot.sound]
2026-10-08T23:51:54.7223843Z info: AxiomAudit.lean:1718:0: 'ASGinzburg.ZAlgebra.rightFiniteWindowNakayamaInverseFunctor' depends on axioms: [propext, Classical.choice, Quot.sound]
2026-10-08T23:51:54.7224238Z info: AxiomAudit.lean:1719:0: 'ASGinzburg.ZAlgebra.rightFiniteWindowNakayamaUnitIso' depends on axioms: [propext, Classical.choice, Quot.sound]
2026-10-08T23:51:54.7224653Z info: AxiomAudit.lean:1720:0: 'ASGinzburg.ZAlgebra.rightFiniteWindowNakayamaCounitIso' depends on axioms: [propext, Classical.choice, Quot.sound]
2026-10-08T23:51:54.7225073Z info: AxiomAudit.lean:1721:0: 'ASGinzburg.ZAlgebra.rightFiniteWindowNakayamaEquivalence' depends on axioms: [propext, Classical.choice, Quot.sound]
2026-10-08T23:51:54.7225534Z info: AxiomAudit.lean:1722:0: 'ASGinzburg.ZAlgebra.rightFiniteWindowNakayamaFunctorAdditive' depends on axioms: [propext,
2026-10-08T23:51:54.7225607Z  Classical.choice,
2026-10-08T23:51:54.7225675Z  Quot.sound]
2026-10-08T23:51:54.7226109Z info: AxiomAudit.lean:1723:0: 'ASGinzburg.ZAlgebra.rightFiniteWindowNakayamaFunctorLinear' depends on axioms: [propext, Classical.choice, Quot.sound]
2026-10-08T23:51:54.7226504Z info: AxiomAudit.lean:1724:0: 'ASGinzburg.ZAlgebra.rightFiniteWindowNakayamaEquivalenceFunctorAdditive' depends on axioms: [propext,
2026-10-08T23:51:54.7226575Z  Classical.choice,
2026-10-08T23:51:54.7226647Z  Quot.sound]
2026-10-08T23:51:54.7227030Z info: AxiomAudit.lean:1725:0: 'ASGinzburg.ZAlgebra.rightFiniteWindowNakayamaEquivalenceFunctorLinear' depends on axioms: [propext,
2026-10-08T23:51:54.7227103Z  Classical.choice,
2026-10-08T23:51:54.7227172Z  Quot.sound]
2026-10-08T23:51:54.7227585Z info: AxiomAudit.lean:1726:0: 'ASGinzburg.ZAlgebra.rightFiniteWindowNakayama_shortExact' depends on axioms: [propext, Classical.choice, Quot.sound]
2026-10-08T23:51:54.7227961Z info: AxiomAudit.lean:1727:0: 'ASGinzburg.ZAlgebra.rightFiniteDimensionalNakayamaSimpleChosenIso' depends on axioms: [propext,
2026-10-08T23:51:54.7228034Z  Classical.choice,
2026-10-08T23:51:54.7228104Z  Quot.sound]
2026-10-08T23:51:54.7228455Z info: AxiomAudit.lean:1728:0: 'ASGinzburg.ZAlgebra.rightFiniteWindowNakayamaChosenSimpleIso' depends on axioms: [propext,
2026-10-08T23:51:54.7228532Z  Classical.choice,
2026-10-08T23:51:54.7228713Z  Quot.sound]
2026-10-08T23:51:54.7229079Z info: AxiomAudit.lean:1729:0: 'ASGinzburg.ZAlgebra.rightFiniteWindowNakayamaChosenSimpleIso_hom_eq' depends on axioms: [propext,
2026-10-08T23:51:54.7229155Z  Classical.choice,
2026-10-08T23:51:54.7229222Z  Quot.sound]
2026-10-08T23:51:54.7229608Z info: AxiomAudit.lean:1730:0: 'ASGinzburg.ZAlgebra.rightFiniteWindowNakayamaChosenRepresentableCover' depends on axioms: [propext,
2026-10-08T23:51:54.7229680Z  Classical.choice,
2026-10-08T23:51:54.7229751Z  Quot.sound]
2026-10-08T23:51:54.7230293Z info: AxiomAudit.lean:1731:0: 'ASGinzburg.ZAlgebra.rightFiniteWindowNakayamaChosenRepresentableCoverEpi' depends on axioms: [propext,
2026-10-08T23:51:54.7230369Z  Classical.choice,
2026-10-08T23:51:54.7230438Z  Quot.sound]
2026-10-08T23:51:54.7230841Z info: AxiomAudit.lean:1732:0: 'ASGinzburg.ZAlgebra.rightFiniteWindowNakayamaChosenRepresentableCover_nonzero' depends on axioms: [propext,
2026-10-08T23:51:54.7230913Z  Classical.choice,
2026-10-08T23:51:54.7230979Z  Quot.sound]
2026-10-08T23:51:54.7231385Z info: AxiomAudit.lean:1733:0: 'ASGinzburg.ZAlgebra.rightFiniteWindowNakayamaChosenRepresentable_cover_rigidity' depends on axioms: [propext,
2026-10-08T23:51:54.7231455Z  Classical.choice,
2026-10-08T23:51:54.7231523Z  Quot.sound]
2026-10-08T23:51:54.7231890Z info: AxiomAudit.lean:1734:0: 'ASGinzburg.ZAlgebra.rightFiniteWindowNakayamaChosenRepresentableIso' depends on axioms: [propext,
2026-10-08T23:51:54.7231960Z  Classical.choice,
2026-10-08T23:51:54.7232027Z  Quot.sound]
2026-10-08T23:51:54.7232431Z info: AxiomAudit.lean:1735:0: 'ASGinzburg.ZAlgebra.rightFiniteWindowNakayamaChosenRepresentableIso_hom_cover' depends on axioms: [propext,
2026-10-08T23:51:54.7232506Z  Classical.choice,
2026-10-08T23:51:54.7232573Z  Quot.sound]
2026-10-08T23:51:54.7232981Z info: AxiomAudit.lean:1736:0: 'ASGinzburg.ZAlgebra.rightFiniteWindowNakayamaChosenRepresentableModuleIso' depends on axioms: [propext,
2026-10-08T23:51:54.7233055Z  Classical.choice,
2026-10-08T23:51:54.7233123Z  Quot.sound]
2026-10-08T23:51:54.7233560Z info: AxiomAudit.lean:1737:0: 'ASGinzburg.ZAlgebra.rightFiniteWindowNakayamaChosenRepresentableModuleIso_hom_cover' depends on axioms: [propext,
2026-10-08T23:51:54.7233629Z  Classical.choice,
2026-10-08T23:51:54.7233698Z  Quot.sound]
2026-10-08T23:51:54.7234089Z info: AxiomAudit.lean:1738:0: 'ASGinzburg.ZAlgebra.rightFiniteWindowNakayamaSimpleIso' depends on axioms: [propext, Classical.choice, Quot.sound]
2026-10-08T23:51:54.7234460Z info: AxiomAudit.lean:1739:0: 'ASGinzburg.ZAlgebra.rightFiniteWindowNakayamaRepresentableCover' depends on axioms: [propext,
2026-10-08T23:51:54.7234653Z  Classical.choice,
2026-10-08T23:51:54.7234718Z  Quot.sound]
2026-10-08T23:51:54.7235067Z info: AxiomAudit.lean:1740:0: 'ASGinzburg.ZAlgebra.rightFiniteWindowNakayamaRepresentableCoverEpi' depends on axioms: [propext,
2026-10-08T23:51:54.7235135Z  Classical.choice,
2026-10-08T23:51:54.7235202Z  Quot.sound]
2026-10-08T23:51:54.7235556Z info: AxiomAudit.lean:1741:0: 'ASGinzburg.ZAlgebra.rightFiniteWindowNakayamaRepresentableProjective' depends on axioms: [propext,
2026-10-08T23:51:54.7235627Z  Classical.choice,
2026-10-08T23:51:54.7235693Z  Quot.sound]
2026-10-08T23:51:54.7236069Z info: AxiomAudit.lean:1742:0: 'ASGinzburg.ZAlgebra.rightFiniteWindowNakayamaRepresentableEnd_finrank' depends on axioms: [propext,
2026-10-08T23:51:54.7236138Z  Classical.choice,
2026-10-08T23:51:54.7236202Z  Quot.sound]
2026-10-08T23:51:54.7236583Z info: AxiomAudit.lean:1743:0: 'ASGinzburg.ZAlgebra.rightFiniteWindowNakayamaRepresentableCover_nonzero' depends on axioms: [propext,
2026-10-08T23:51:54.7236654Z  Classical.choice,
2026-10-08T23:51:54.7236722Z  Quot.sound]
2026-10-08T23:51:54.7237097Z info: AxiomAudit.lean:1744:0: 'ASGinzburg.ZAlgebra.rightFiniteWindowNakayamaRepresentable_cover_rigidity' depends on axioms: [propext,
2026-10-08T23:51:54.7237167Z  Classical.choice,
2026-10-08T23:51:54.7237233Z  Quot.sound]
2026-10-08T23:51:54.7237575Z info: AxiomAudit.lean:1745:0: 'ASGinzburg.ZAlgebra.rightFiniteWindowNakayamaRepresentableIso' depends on axioms: [propext,
2026-10-08T23:51:54.7237647Z  Classical.choice,
2026-10-08T23:51:54.7237713Z  Quot.sound]
2026-10-08T23:51:54.7238039Z info: AxiomAudit.lean:1746:0: 'ASGinzburg.ZAlgebra.rightFiniteDimensionalNakayamaUnderlying' depends on axioms: [propext,
2026-10-08T23:51:54.7238111Z  Classical.choice,
2026-10-08T23:51:54.7238175Z  Quot.sound]
2026-10-08T23:51:54.7247658Z info: AxiomAudit.lean:1747:0: 'ASGinzburg.ZAlgebra.rightVertexFiltration_nakayama_window' depends on axioms: [propext, Classical.choice, Quot.sound]
2026-10-08T23:51:54.7248228Z info: AxiomAudit.lean:1748:0: 'ASGinzburg.ZAlgebra.rightFiniteDimensional_nakayama_window' depends on axioms: [propext, Classical.choice, Quot.sound]
2026-10-08T23:51:54.7248887Z info: AxiomAudit.lean:1749:0: 'ASGinzburg.endomorphism_eq_id_of_preserves_nonzero_map' depends on axioms: [propext, Classical.choice, Quot.sound]
2026-10-08T23:51:54.7249185Z info: AxiomAudit.lean:1750:0: 'ASGinzburg.normalizedProjectiveIso' depends on axioms: [propext, Classical.choice]
2026-10-08T23:51:54.7249560Z info: AxiomAudit.lean:1751:0: 'ASGinzburg.normalizedProjectiveIso_hom_comp' depends on axioms: [propext, Classical.choice]
2026-10-08T23:51:54.7249913Z info: AxiomAudit.lean:1752:0: 'ASGinzburg.normalizedProjectiveIso_hom_unique' depends on axioms: [propext, Classical.choice, Quot.sound]
2026-10-08T23:51:54.7250215Z info: AxiomAudit.lean:1753:0: 'ASGinzburg.epi_of_comp_epi_of_rigid_projective' depends on axioms: [propext, Classical.choice]
2026-10-08T23:51:54.7250445Z info: AxiomAudit.lean:1754:0: 'ASGinzburg.CutQuiver.Path.comp' does not depend on any axioms
2026-10-08T23:51:54.7250677Z info: AxiomAudit.lean:1755:0: 'ASGinzburg.CutQuiver.Path.comp_nil' does not depend on any axioms
2026-10-08T23:51:54.7250903Z info: AxiomAudit.lean:1756:0: 'ASGinzburg.CutQuiver.Path.nil_comp' depends on axioms: [propext]
2026-10-08T23:51:54.7251144Z info: AxiomAudit.lean:1757:0: 'ASGinzburg.CutQuiver.Path.comp_assoc' depends on axioms: [propext]
2026-10-08T23:51:54.7251388Z info: AxiomAudit.lean:1758:0: 'ASGinzburg.CutQuiver.Path.cutDegree_comp' depends on axioms: [propext]
2026-10-08T23:51:54.7251641Z info: AxiomAudit.lean:1759:0: 'ASGinzburg.CutQuiver.Path.winding_comp' depends on axioms: [propext]
2026-10-08T23:51:54.7251957Z info: AxiomAudit.lean:1760:0: 'ASGinzburg.CutQuiver.PathComponent' depends on axioms: [propext, Classical.choice, Quot.sound]
2026-10-08T23:51:54.7252266Z info: AxiomAudit.lean:1761:0: 'ASGinzburg.CutQuiver.pathComp' depends on axioms: [propext, Classical.choice, Quot.sound]
2026-10-08T23:51:54.7252687Z info: AxiomAudit.lean:1762:0: 'ASGinzburg.CutQuiver.pathId' depends on axioms: [propext, Classical.choice, Quot.sound]
2026-10-08T23:51:54.7253016Z info: AxiomAudit.lean:1763:0: 'ASGinzburg.CutQuiver.pathComp_single' depends on axioms: [propext, Classical.choice, Quot.sound]
2026-10-08T23:51:54.7253330Z info: AxiomAudit.lean:1764:0: 'ASGinzburg.CutQuiver.pathComp_id' depends on axioms: [propext, Classical.choice, Quot.sound]
2026-10-08T23:51:54.7253655Z info: AxiomAudit.lean:1765:0: 'ASGinzburg.CutQuiver.id_pathComp' depends on axioms: [propext, Classical.choice, Quot.sound]
2026-10-08T23:51:54.7253987Z info: AxiomAudit.lean:1766:0: 'ASGinzburg.CutQuiver.pathComp_assoc' depends on axioms: [propext, Classical.choice, Quot.sound]
2026-10-08T23:51:54.7254284Z info: AxiomAudit.lean:1767:0: 'ASGinzburg.CutQuiver.Path.unrollBetween' depends on axioms: [propext, Quot.sound]
2026-10-08T23:51:54.7254652Z info: AxiomAudit.lean:1768:0: 'ASGinzburg.CutQuiver.Path.unrollBetween_erase' depends on axioms: [propext, Classical.choice, Quot.sound]
2026-10-08T23:51:54.7255033Z info: AxiomAudit.lean:1769:0: 'ASGinzburg.CutQuiver.UnrolledPath.eraseBetween' depends on axioms: [propext, Classical.choice, Quot.sound]
2026-10-08T23:51:54.7255403Z info: AxiomAudit.lean:1770:0: 'ASGinzburg.CutQuiver.Path.betweenSheetEquiv' depends on axioms: [propext, Classical.choice, Quot.sound]
2026-10-08T23:51:54.7255748Z info: AxiomAudit.lean:1771:0: 'ASGinzburg.CutQuiver.pathCutComponent' depends on axioms: [propext, Classical.choice, Quot.sound]
2026-10-08T23:51:54.7256103Z info: AxiomAudit.lean:1772:0: 'ASGinzburg.CutQuiver.pathCutProjection' depends on axioms: [propext, Classical.choice, Quot.sound]
2026-10-08T23:51:54.7256481Z info: AxiomAudit.lean:1773:0: 'ASGinzburg.CutQuiver.pathCutProjection_single' depends on axioms: [propext, Classical.choice, Quot.sound]
2026-10-08T23:51:54.7256830Z info: AxiomAudit.lean:1774:0: 'ASGinzburg.CutQuiver.originalGinzburgLinearMap_cutProjection' depends on axioms: [propext,
2026-10-08T23:51:54.7257024Z  Classical.choice,
2026-10-08T23:51:54.7257096Z  Quot.sound]
2026-10-08T23:51:54.7257464Z info: AxiomAudit.lean:1775:0: 'ASGinzburg.CutQuiver.pathCutProjection_mem' depends on axioms: [propext, Classical.choice, Quot.sound]
2026-10-08T23:51:54.7257878Z info: AxiomAudit.lean:1776:0: 'ASGinzburg.CutQuiver.originalGinzburgLinearMap_cut_iff' depends on axioms: [propext, Classical.choice, Quot.sound]
2026-10-08T23:51:54.7258251Z info: AxiomAudit.lean:1777:0: 'ASGinzburg.CutQuiver.pathCutComponent_finite' depends on axioms: [propext, Classical.choice, Quot.sound]
2026-10-08T23:51:54.7258717Z info: AxiomAudit.lean:1778:0: 'ASGinzburg.CutQuiver.pathCutComponent_comp' depends on axioms: [propext, Classical.choice, Quot.sound]
2026-10-08T23:51:54.7259050Z info: AxiomAudit.lean:1779:0: 'ASGinzburg.CutQuiver.pathCutProjection_on_cut' depends on axioms: [propext, Classical.choice, Quot.sound]
2026-10-08T23:51:54.7259481Z info: AxiomAudit.lean:1780:0: 'ASGinzburg.CutQuiver.pathCutComponentBasisEquiv_symm_single' depends on axioms: [propext, Classical.choice, Quot.sound]
2026-10-08T23:51:54.7259890Z info: AxiomAudit.lean:1781:0: 'ASGinzburg.CutQuiver.pathCutUnrollingEquiv_symm_coe' depends on axioms: [propext, Classical.choice, Quot.sound]
2026-10-08T23:51:54.7260273Z info: AxiomAudit.lean:1782:0: 'ASGinzburg.CutQuiver.pathCutUnrollingEquiv_erase' depends on axioms: [propext, Classical.choice, Quot.sound]
2026-10-08T23:51:54.7260661Z info: AxiomAudit.lean:1783:0: 'ASGinzburg.CutQuiver.pathCyclicDerivative_mem_pathCut' depends on axioms: [propext, Classical.choice, Quot.sound]
2026-10-08T23:51:54.7261064Z info: AxiomAudit.lean:1784:0: 'ASGinzburg.CutQuiver.pathCutUnrollingEquiv_jacobianRelation' depends on axioms: [propext, Classical.choice, Quot.sound]
2026-10-08T23:51:54.7261345Z info: AxiomAudit.lean:1785:0: 'ASGinzburg.CutQuiver.Path.castCutDegreeEquiv' depends on axioms: [propext]
2026-10-08T23:51:54.7261713Z info: AxiomAudit.lean:1786:0: 'ASGinzburg.CutQuiver.pathCutComponentBasisEquiv' depends on axioms: [propext, Classical.choice, Quot.sound]
2026-10-08T23:51:54.7262223Z info: AxiomAudit.lean:1787:0: 'ASGinzburg.CutQuiver.pathCutUnrollingEquiv' depends on axioms: [propext, Classical.choice, Quot.sound]
2026-10-08T23:51:54.7262592Z info: AxiomAudit.lean:1788:0: 'ASGinzburg.CutQuiver.unrollDegreeLinearEquiv_eq_map' depends on axioms: [propext, Classical.choice, Quot.sound]
2026-10-08T23:51:54.7262873Z info: AxiomAudit.lean:1789:0: 'ASGinzburg.CutQuiver.baseArrowPath' does not depend on any axioms
2026-10-08T23:51:54.7263226Z info: AxiomAudit.lean:1790:0: 'ASGinzburg.CutQuiver.transportPathComponent' depends on axioms: [propext, Classical.choice, Quot.sound]
2026-10-08T23:51:54.7263603Z info: AxiomAudit.lean:1791:0: 'ASGinzburg.CutQuiver.transportPathComponent_single' depends on axioms: [propext, Classical.choice, Quot.sound]
2026-10-08T23:51:54.7263962Z info: AxiomAudit.lean:1792:0: 'ASGinzburg.CutQuiver.pathWordMap_transport' depends on axioms: [propext, Classical.choice, Quot.sound]
2026-10-08T23:51:54.7264298Z info: AxiomAudit.lean:1793:0: 'ASGinzburg.CutQuiver.pathWordMap_prepend' depends on axioms: [propext, Classical.choice, Quot.sound]
2026-10-08T23:51:54.7264642Z info: AxiomAudit.lean:1794:0: 'ASGinzburg.CutQuiver.pathWordMap_append' depends on axioms: [propext, Classical.choice, Quot.sound]
2026-10-08T23:51:54.7265049Z info: AxiomAudit.lean:1795:0: 'ASGinzburg.CutQuiver.pathVertexCommutator' depends on axioms: [propext, Classical.choice, Quot.sound]
2026-10-08T23:51:54.7265596Z info: AxiomAudit.lean:1796:0: 'ASGinzburg.CutQuiver.pathVertexCommutator_zero' depends on axioms: [propext, Classical.choice, Quot.sound]
2026-10-08T23:51:54.7266063Z info: AxiomAudit.lean:1797:0: 'ASGinzburg.CutQuiver.cyclicDerivative_potential_supported_degrees' depends on axioms: [propext,
2026-10-08T23:51:54.7266144Z  Classical.choice,
2026-10-08T23:51:54.7266212Z  Quot.sound]
2026-10-08T23:51:54.7268155Z info: AxiomAudit.lean:1798:0: 'ASGinzburg.CutQuiver.pathCyclicDerivative_supported_degrees' depends on axioms: [propext, Classical.choice, Quot.sound]
2026-10-08T23:51:54.7270015Z info: AxiomAudit.lean:1799:0: 'ASGinzburg.CutQuiver.pathCyclicDerivative_cut_support' depends on axioms: [propext, Classical.choice, Quot.sound]
2026-10-08T23:51:54.7270443Z info: AxiomAudit.lean:1800:0: 'ASGinzburg.CutQuiver.pathWordSpace' depends on axioms: [propext, Classical.choice, Quot.sound]
2026-10-08T23:51:54.7271943Z info: AxiomAudit.lean:1801:0: 'ASGinzburg.CutQuiver.single_path_mem_wordSpace' depends on axioms: [propext, Classical.choice, Quot.sound]
2026-10-08T23:51:54.7272486Z info: AxiomAudit.lean:1802:0: 'ASGinzburg.CutQuiver.derivativeAux_closed_path_mem' depends on axioms: [propext, Classical.choice, Quot.sound]
2026-10-08T23:51:54.7273133Z info: AxiomAudit.lean:1803:0: 'ASGinzburg.CutQuiver.cyclicDerivative_closed_path_mem' depends on axioms: [propext, Classical.choice, Quot.sound]
2026-10-08T23:51:54.7274444Z info: AxiomAudit.lean:1804:0: 'ASGinzburg.CutQuiver.cyclicDerivative_potential_mem' depends on axioms: [propext, Classical.choice, Quot.sound]
2026-10-08T23:51:54.7274858Z info: AxiomAudit.lean:1805:0: 'ASGinzburg.CutQuiver.pathWordMap_range' depends on axioms: [propext, Classical.choice, Quot.sound]
2026-10-08T23:51:54.7275618Z info: AxiomAudit.lean:1806:0: 'ASGinzburg.CutQuiver.pathWordEquiv' depends on axioms: [propext, Classical.choice, Quot.sound]
2026-10-08T23:51:54.7276228Z info: AxiomAudit.lean:1807:0: 'ASGinzburg.CutQuiver.pathWordEquiv_coe' depends on axioms: [propext, Classical.choice, Quot.sound]
2026-10-08T23:51:54.7277386Z info: AxiomAudit.lean:1808:0: 'ASGinzburg.CutQuiver.pathCyclicDerivative' depends on axioms: [propext, Classical.choice, Quot.sound]
2026-10-08T23:51:54.7277996Z info: AxiomAudit.lean:1809:0: 'ASGinzburg.CutQuiver.pathWordMap_pathCyclicDerivative' depends on axioms: [propext, Classical.choice, Quot.sound]
2026-10-08T23:51:54.7278250Z info: AxiomAudit.lean:1810:0: 'ASGinzburg.CutQuiver.Path.CutDegreePath' does not depend on any axioms
2026-10-08T23:51:54.7279127Z info: AxiomAudit.lean:1811:0: 'ASGinzburg.CutQuiver.Path.unrollDegree' depends on axioms: [propext, Quot.sound]
2026-10-08T23:51:54.7280356Z info: AxiomAudit.lean:1812:0: 'ASGinzburg.CutQuiver.Path.unrollDegree_erase_toList' depends on axioms: [propext, Classical.choice, Quot.sound]
2026-10-08T23:51:54.7280984Z info: AxiomAudit.lean:1813:0: 'ASGinzburg.CutQuiver.Path.unrollDegree_injective' depends on axioms: [propext, Classical.choice, Quot.sound]
2026-10-08T23:51:54.7283093Z info: AxiomAudit.lean:1814:0: 'ASGinzburg.CutQuiver.UnrolledPath.eraseDegree' depends on axioms: [propext, Classical.choice, Quot.sound]
2026-10-08T23:51:54.7283468Z info: AxiomAudit.lean:1815:0: 'ASGinzburg.CutQuiver.Path.eraseDegree_unrollDegree' depends on axioms: [propext, Classical.choice, Quot.sound]
2026-10-08T23:51:54.7284836Z info: AxiomAudit.lean:1816:0: 'ASGinzburg.CutQuiver.unrollDegreeLinearMap' depends on axioms: [propext, Classical.choice, Quot.sound]
2026-10-08T23:51:54.7285367Z info: AxiomAudit.lean:1817:0: 'ASGinzburg.CutQuiver.unrollDegreeLinearMap_injective' depends on axioms: [propext, Classical.choice, Quot.sound]
2026-10-08T23:51:54.7286822Z info: AxiomAudit.lean:1818:0: 'ASGinzburg.CutQuiver.pathJacobianContexts' depends on axioms: [propext, Classical.choice, Quot.sound]
2026-10-08T23:51:54.7287315Z info: AxiomAudit.lean:1819:0: 'ASGinzburg.CutQuiver.pathJacobianContext_mem_ideal' depends on axioms: [propext, Classical.choice, Quot.sound]
2026-10-08T23:51:54.7287768Z info: AxiomAudit.lean:1820:0: 'ASGinzburg.CutQuiver.ginzburgBoundaryLift_mem_contextSpan' depends on axioms: [propext, Classical.choice, Quot.sound]
2026-10-08T23:51:54.7288310Z info: AxiomAudit.lean:1821:0: 'ASGinzburg.CutQuiver.pathJacobianIdeal_eq_contextSpan' depends on axioms: [propext, Classical.choice, Quot.sound]
2026-10-08T23:51:54.7289120Z info: AxiomAudit.lean:1822:0: 'ASGinzburg.CutQuiver.pathCutProjection_mem_pathJacobianIdeal' depends on axioms: [propext,
2026-10-08T23:51:54.7289696Z  Classical.choice,
2026-10-08T23:51:54.7290230Z  Quot.sound]
2026-10-08T23:51:54.7291985Z info: AxiomAudit.lean:1823:0: 'ASGinzburg.CutQuiver.pathJacobianCutIdeal' depends on axioms: [propext, Classical.choice, Quot.sound]
2026-10-08T23:51:54.7292391Z info: AxiomAudit.lean:1824:0: 'ASGinzburg.CutQuiver.ginzburgCutBoundaryLift' depends on axioms: [propext, Classical.choice, Quot.sound]
2026-10-08T23:51:54.7292985Z info: AxiomAudit.lean:1825:0: 'ASGinzburg.CutQuiver.ginzburgCutBoundaryLift_range' depends on axioms: [propext, Classical.choice, Quot.sound]
2026-10-08T23:51:54.7293382Z info: AxiomAudit.lean:1826:0: 'ASGinzburg.CutQuiver.pathJacobianContextDegree' does not depend on any axioms
2026-10-08T23:51:54.7294213Z info: AxiomAudit.lean:1827:0: 'ASGinzburg.CutQuiver.pathJacobianContext_mem_cut' depends on axioms: [propext, Classical.choice, Quot.sound]
2026-10-08T23:51:54.7294673Z info: AxiomAudit.lean:1828:0: 'ASGinzburg.CutQuiver.pathJacobianHomogeneousContexts' depends on axioms: [propext, Classical.choice, Quot.sound]
2026-10-08T23:51:54.7295106Z info: AxiomAudit.lean:1829:0: 'ASGinzburg.CutQuiver.pathCutProjection_mem_homogeneousContextSpan' depends on axioms: [propext,
2026-10-08T23:51:54.7295185Z  Classical.choice,
2026-10-08T23:51:54.7295255Z  Quot.sound]
2026-10-08T23:51:54.7295599Z info: AxiomAudit.lean:1830:0: 'ASGinzburg.CutQuiver.pathJacobianCut_mem_homogeneousContextSpan' depends on axioms: [propext,
2026-10-08T23:51:54.7295671Z  Classical.choice,
2026-10-08T23:51:54.7295741Z  Quot.sound]
2026-10-08T23:51:54.7296168Z info: AxiomAudit.lean:1831:0: 'ASGinzburg.CutQuiver.pathJacobianRelations' depends on axioms: [propext, Classical.choice, Quot.sound]
2026-10-08T23:51:54.7296522Z info: AxiomAudit.lean:1832:0: 'ASGinzburg.CutQuiver.pathJacobianIdeal' depends on axioms: [propext, Classical.choice, Quot.sound]
2026-10-08T23:51:54.7296871Z info: AxiomAudit.lean:1833:0: 'ASGinzburg.CutQuiver.pathCyclicDerivative_mem_pathJacobianIdeal' depends on axioms: [propext,
2026-10-08T23:51:54.7296966Z  Classical.choice,
2026-10-08T23:51:54.7297061Z  Quot.sound]
2026-10-08T23:51:54.7297923Z info: AxiomAudit.lean:1834:0: 'ASGinzburg.CutQuiver.ginzburgBoundaryIdeal' depends on axioms: [propext, Classical.choice, Quot.sound]
2026-10-08T23:51:54.7298332Z info: AxiomAudit.lean:1835:0: 'ASGinzburg.CutQuiver.pathCyclicDerivative_mem_boundary' depends on axioms: [propext, Classical.choice, Quot.sound]
2026-10-08T23:51:54.7298847Z info: AxiomAudit.lean:1836:0: 'ASGinzburg.CutQuiver.pathJacobianIdeal_le_boundary' depends on axioms: [propext, Classical.choice, Quot.sound]
2026-10-08T23:51:54.7299214Z info: AxiomAudit.lean:1837:0: 'ASGinzburg.CutQuiver.pathComponentAlgebra' depends on axioms: [propext, Classical.choice, Quot.sound]
2026-10-08T23:51:54.7299618Z info: AxiomAudit.lean:1838:0: 'ASGinzburg.CutQuiver.pathQuotientComponentAlgebra' depends on axioms: [propext, Classical.choice, Quot.sound]
2026-10-08T23:51:54.7300155Z info: AxiomAudit.lean:1839:0: 'ASGinzburg.CutQuiver.PathRing' depends on axioms: [propext, Classical.choice, Quot.sound]
2026-10-08T23:51:54.7300767Z info: AxiomAudit.lean:1840:0: 'ASGinzburg.CutQuiver.PathQuotientRing' depends on axioms: [propext, Classical.choice, Quot.sound]
2026-10-08T23:51:54.7301193Z info: AxiomAudit.lean:1841:0: 'ASGinzburg.CutQuiver.PathJacobianRing' depends on axioms: [propext, Classical.choice, Quot.sound]
2026-10-08T23:51:54.7301561Z info: AxiomAudit.lean:1842:0: 'ASGinzburg.CutQuiver.pathQuotientRingMap' depends on axioms: [propext, Classical.choice, Quot.sound]
2026-10-08T23:51:54.7302121Z info: AxiomAudit.lean:1843:0: 'ASGinzburg.CutQuiver.pathQuotientRingMap_surjective' depends on axioms: [propext, Classical.choice, Quot.sound]
2026-10-08T23:51:54.7302775Z info: AxiomAudit.lean:1844:0: 'ASGinzburg.CutQuiver.pathJacobianRingMap' depends on axioms: [propext, Classical.choice, Quot.sound]
2026-10-08T23:51:54.7303202Z info: AxiomAudit.lean:1845:0: 'ASGinzburg.CutQuiver.pathJacobianRingMap_surjective' depends on axioms: [propext, Classical.choice, Quot.sound]
2026-10-08T23:51:54.7303784Z info: AxiomAudit.lean:1846:0: 'ASGinzburg.CutQuiver.pathQuotientRingMap_eq_zero_iff' depends on axioms: [propext, Classical.choice, Quot.sound]
2026-10-08T23:51:54.7304656Z info: AxiomAudit.lean:1847:0: 'ASGinzburg.CutQuiver.pathQuotientRingKernelAlgEquiv' depends on axioms: [propext, Classical.choice, Quot.sound]
2026-10-08T23:51:54.7305273Z info: AxiomAudit.lean:1848:0: 'ASGinzburg.CutQuiver.pathJacobianRingMap_eq_zero_iff' depends on axioms: [propext, Classical.choice, Quot.sound]
2026-10-08T23:51:54.7305712Z info: AxiomAudit.lean:1849:0: 'ASGinzburg.CutQuiver.pathJacobianRingKernelAlgEquiv' depends on axioms: [propext, Classical.choice, Quot.sound]
2026-10-08T23:51:54.7306190Z info: AxiomAudit.lean:1850:0: 'ASGinzburg.CutQuiver.PathLinearIdeal' depends on axioms: [propext, Classical.choice, Quot.sound]
2026-10-08T23:51:54.7307034Z info: AxiomAudit.lean:1851:0: 'ASGinzburg.CutQuiver.PathLinearIdeal.top' depends on axioms: [propext, Classical.choice, Quot.sound]
2026-10-08T23:51:54.7307401Z info: AxiomAudit.lean:1852:0: 'ASGinzburg.CutQuiver.generatedPathIdeal' depends on axioms: [propext, Classical.choice, Quot.sound]
2026-10-08T23:51:54.7308095Z info: AxiomAudit.lean:1853:0: 'ASGinzburg.CutQuiver.subset_generatedPathIdeal' depends on axioms: [propext, Classical.choice, Quot.sound]
2026-10-08T23:51:54.7308490Z info: AxiomAudit.lean:1854:0: 'ASGinzburg.CutQuiver.generatedPathIdeal_le' depends on axioms: [propext, Classical.choice, Quot.sound]
2026-10-08T23:51:54.7309818Z info: AxiomAudit.lean:1855:0: 'ASGinzburg.CutQuiver.PathLinearIdeal.QuotientComponent' depends on axioms: [propext, Classical.choice, Quot.sound]
2026-10-08T23:51:54.7310247Z info: AxiomAudit.lean:1856:0: 'ASGinzburg.CutQuiver.PathLinearIdeal.quotientCompRight' depends on axioms: [propext, Classical.choice, Quot.sound]
2026-10-08T23:51:54.7310858Z info: AxiomAudit.lean:1857:0: 'ASGinzburg.CutQuiver.PathLinearIdeal.quotientCompRight_mk' depends on axioms: [propext, Classical.choice, Quot.sound]
2026-10-08T23:51:54.7311965Z info: AxiomAudit.lean:1858:0: 'ASGinzburg.CutQuiver.PathLinearIdeal.quotientCompPre' depends on axioms: [propext, Classical.choice, Quot.sound]
2026-10-08T23:51:54.7312717Z info: AxiomAudit.lean:1859:0: 'ASGinzburg.CutQuiver.PathLinearIdeal.quotientComp' depends on axioms: [propext, Classical.choice, Quot.sound]
2026-10-08T23:51:54.7313121Z info: AxiomAudit.lean:1860:0: 'ASGinzburg.CutQuiver.PathLinearIdeal.quotientComp_mk' depends on axioms: [propext, Classical.choice, Quot.sound]
2026-10-08T23:51:54.7313656Z info: AxiomAudit.lean:1861:0: 'ASGinzburg.CutQuiver.PathLinearIdeal.quotientComp_id' depends on axioms: [propext, Classical.choice, Quot.sound]
2026-10-08T23:51:54.7314288Z info: AxiomAudit.lean:1862:0: 'ASGinzburg.CutQuiver.PathLinearIdeal.id_quotientComp' depends on axioms: [propext, Classical.choice, Quot.sound]
2026-10-08T23:51:54.7316242Z info: AxiomAudit.lean:1863:0: 'ASGinzburg.CutQuiver.PathLinearIdeal.quotientComp_assoc' depends on axioms: [propext, Classical.choice, Quot.sound]
2026-10-08T23:51:54.7317802Z info: AxiomAudit.lean:1864:0: 'ASGinzburg.CutQuiver.Path.transport' does not depend on any axioms
2026-10-08T23:51:54.7318090Z info: AxiomAudit.lean:1865:0: 'ASGinzburg.CutQuiver.Path.length_transport' does not depend on any axioms
2026-10-08T23:51:54.7319548Z info: AxiomAudit.lean:1866:0: 'ASGinzburg.CutQuiver.Path.cutDegree_transport' does not depend on any axioms
2026-10-08T23:51:54.7319902Z info: AxiomAudit.lean:1867:0: 'ASGinzburg.CutQuiver.Path.toList_transport' does not depend on any axioms
2026-10-08T23:51:54.7320289Z info: AxiomAudit.lean:1868:0: 'ASGinzburg.CutQuiver.UnrolledPath.transport' does not depend on any axioms
2026-10-08T23:51:54.7320774Z info: AxiomAudit.lean:1869:0: 'ASGinzburg.CutQuiver.UnrolledPath.length_transport' does not depend on any axioms
2026-10-08T23:51:54.7321457Z info: AxiomAudit.lean:1870:0: 'ASGinzburg.CutQuiver.UnrolledPath.erase' depends on axioms: [propext, Classical.choice, Quot.sound]
2026-10-08T23:51:54.7322157Z info: AxiomAudit.lean:1871:0: 'ASGinzburg.CutQuiver.UnrolledPath.erase_transport' depends on axioms: [propext, Classical.choice, Quot.sound]
2026-10-08T23:51:54.7323279Z info: AxiomAudit.lean:1872:0: 'ASGinzburg.CutQuiver.UnrolledPath.erase_length' depends on axioms: [propext, Classical.choice, Quot.sound]
2026-10-08T23:51:54.7324131Z info: AxiomAudit.lean:1873:0: 'ASGinzburg.CutQuiver.UnrolledPath.erase_cutDegree' depends on axioms: [propext, Classical.choice, Quot.sound]
2026-10-08T23:51:54.7325104Z info: AxiomAudit.lean:1874:0: 'ASGinzburg.CutQuiver.incomingSource_unroll' depends on axioms: [propext]
2026-10-08T23:51:54.7325357Z info: AxiomAudit.lean:1875:0: 'ASGinzburg.CutQuiver.Path.unroll' depends on axioms: [propext, Quot.sound]
2026-10-08T23:51:54.7325945Z info: AxiomAudit.lean:1876:0: 'ASGinzburg.CutQuiver.Path.unroll_length' depends on axioms: [propext, Quot.sound]
2026-10-08T23:51:54.7326493Z info: AxiomAudit.lean:1877:0: 'ASGinzburg.CutQuiver.Path.unroll_erase_toList' depends on axioms: [propext, Classical.choice, Quot.sound]
2026-10-08T23:51:54.7327478Z info: AxiomAudit.lean:1878:0: 'ASGinzburg.CutQuiver.Path.unroll_sigma_injective' depends on axioms: [propext, Classical.choice, Quot.sound]
2026-10-08T23:51:54.7328256Z info: AxiomAudit.lean:1879:0: 'ASGinzburg.CutQuiver.Path.toList_comp' depends on axioms: [propext]
2026-10-08T23:51:54.7328798Z info: AxiomAudit.lean:1880:0: 'ASGinzburg.CutQuiver.Path.toList_sigma_injective' depends on axioms: [propext]
2026-10-08T23:51:54.7329674Z info: AxiomAudit.lean:1881:0: 'ASGinzburg.CutQuiver.Path.toList_injective' depends on axioms: [propext]
2026-10-08T23:51:54.7329992Z info: AxiomAudit.lean:1882:0: 'ASGinzburg.CutQuiver.pathWordMap' depends on axioms: [propext, Classical.choice, Quot.sound]
2026-10-08T23:51:54.7330375Z info: AxiomAudit.lean:1883:0: 'ASGinzburg.CutQuiver.pathWordMap_injective' depends on axioms: [propext, Classical.choice, Quot.sound]
2026-10-08T23:51:54.7331224Z info: AxiomAudit.lean:1884:0: 'ASGinzburg.ZAlgebra.homTransport' depends on axioms: [propext, Classical.choice, Quot.sound]
2026-10-08T23:51:54.7331687Z info: AxiomAudit.lean:1885:0: 'ASGinzburg.ZAlgebra.homTransport_id' depends on axioms: [propext, Classical.choice, Quot.sound]
2026-10-08T23:51:54.7332300Z info: AxiomAudit.lean:1886:0: 'ASGinzburg.ZAlgebra.homTransport_comp' depends on axioms: [propext, Classical.choice, Quot.sound]
2026-10-08T23:51:54.7333794Z info: AxiomAudit.lean:1887:0: 'ASGinzburg.ZAlgebra.PeriodIso.shiftedMap' depends on axioms: [propext, Classical.choice, Quot.sound]
2026-10-08T23:51:54.7334529Z info: AxiomAudit.lean:1888:0: 'ASGinzburg.ZAlgebra.PeriodIso.shiftedMap_id' depends on axioms: [propext, Classical.choice, Quot.sound]
2026-10-08T23:51:54.7335583Z info: AxiomAudit.lean:1889:0: 'ASGinzburg.ZAlgebra.PeriodIso.shiftedMap_comp' depends on axioms: [propext, Classical.choice, Quot.sound]
2026-10-08T23:51:54.7335987Z info: AxiomAudit.lean:1890:0: 'ASGinzburg.ZAlgebra.PeriodIso.inverseComponent' depends on axioms: [propext, Classical.choice, Quot.sound]
2026-10-08T23:51:54.7336509Z info: AxiomAudit.lean:1891:0: 'ASGinzburg.ZAlgebra.PeriodIso.inverseComponent_id' depends on axioms: [propext, Classical.choice, Quot.sound]
2026-10-08T23:51:54.7336939Z info: AxiomAudit.lean:1892:0: 'ASGinzburg.ZAlgebra.PeriodIso.inverseComponent_comp' depends on axioms: [propext, Classical.choice, Quot.sound]
2026-10-08T23:51:54.7337463Z info: AxiomAudit.lean:1893:0: 'ASGinzburg.ZAlgebra.PeriodIso.inverse' depends on axioms: [propext, Classical.choice, Quot.sound]
2026-10-08T23:51:54.7339232Z info: AxiomAudit.lean:1894:0: 'ASGinzburg.extensionProjectiveπ' depends on axioms: [propext, Classical.choice, Quot.sound]
2026-10-08T23:51:54.7339685Z info: AxiomAudit.lean:1895:0: 'ASGinzburg.extensionProjectiveπ_inl' depends on axioms: [propext, Classical.choice, Quot.sound]
2026-10-08T23:51:54.7340414Z info: AxiomAudit.lean:1896:0: 'ASGinzburg.extensionProjectiveπ_g' depends on axioms: [propext, Classical.choice, Quot.sound]
2026-10-08T23:51:54.7341332Z info: AxiomAudit.lean:1897:0: 'ASGinzburg.extensionProjectiveCoverHom' depends on axioms: [propext, Classical.choice, Quot.sound]
2026-10-08T23:51:54.7341878Z info: AxiomAudit.lean:1898:0: 'ASGinzburg.extensionProjectiveπEpi' depends on axioms: [propext, Classical.choice, Quot.sound]
2026-10-08T23:51:54.7342281Z info: AxiomAudit.lean:1899:0: 'ASGinzburg.extensionProjectiveKernel_shortExact' depends on axioms: [propext, Classical.choice, Quot.sound]
2026-10-08T23:51:54.7342670Z info: AxiomAudit.lean:1900:0: 'ASGinzburg.extensionProjectiveKernelLeftIso' depends on axioms: [propext, Classical.choice, Quot.sound]
2026-10-08T23:51:54.7343068Z info: AxiomAudit.lean:1901:0: 'ASGinzburg.extensionProjectiveKernelMiddleIso' depends on axioms: [propext, Classical.choice, Quot.sound]
2026-10-08T23:51:54.7343513Z info: AxiomAudit.lean:1902:0: 'ASGinzburg.extensionProjectiveKernelRightIso' depends on axioms: [propext, Classical.choice, Quot.sound]
2026-10-08T23:51:54.7343953Z info: AxiomAudit.lean:1903:0: 'ASGinzburg.ext_one_eq_zero_of_hom_extension' depends on axioms: [propext, Classical.choice, Quot.sound]
2026-10-08T23:51:54.7345719Z info: AxiomAudit.lean:1904:0: 'CategoryTheory.ProjectiveResolution.ext_zero_eq_zero_of_hom_exact' depends on axioms: [propext,
2026-10-08T23:51:54.7345824Z  Classical.choice,
2026-10-08T23:51:54.7346316Z  Quot.sound]
2026-10-08T23:51:54.7347284Z info: AxiomAudit.lean:1905:0: 'CategoryTheory.ProjectiveResolution.ext_one_eq_zero_of_hom_exact' depends on axioms: [propext,
2026-10-08T23:51:54.7347510Z  Classical.choice,
2026-10-08T23:51:54.7347584Z  Quot.sound]
2026-10-08T23:51:54.7348110Z info: AxiomAudit.lean:1906:0: 'CategoryTheory.ProjectiveResolution.ext_two_eq_zero_of_hom_exact' depends on axioms: [propext,
2026-10-08T23:51:54.7348190Z  Classical.choice,
2026-10-08T23:51:54.7348261Z  Quot.sound]
2026-10-08T23:51:54.7349016Z info: AxiomAudit.lean:1907:0: 'CategoryTheory.ProjectiveResolution.ext_ge_four_eq_zero' depends on axioms: [propext, Classical.choice, Quot.sound]
2026-10-08T23:51:54.7350422Z info: AxiomAudit.lean:1908:0: 'CategoryTheory.ProjectiveResolution.homDifferential' depends on axioms: [propext, Classical.choice, Quot.sound]
2026-10-08T23:51:54.7351225Z info: AxiomAudit.lean:1909:0: 'CategoryTheory.ProjectiveResolution.homDifferential_sq' depends on axioms: [propext, Classical.choice, Quot.sound]
2026-10-08T23:51:54.7351622Z info: AxiomAudit.lean:1910:0: 'CategoryTheory.ProjectiveResolution.homComplex' depends on axioms: [propext, Classical.choice, Quot.sound]
2026-10-08T23:51:54.7351962Z info: AxiomAudit.lean:1911:0: 'CategoryTheory.ProjectiveResolution.homComplex_exactAt_succ_iff' depends on axioms: [propext,
2026-10-08T23:51:54.7352075Z  Classical.choice,
2026-10-08T23:51:54.7352165Z  Quot.sound]
2026-10-08T23:51:54.7352603Z info: AxiomAudit.lean:1912:0: 'CategoryTheory.ProjectiveResolution.homComplex_exactAt_zero_iff' depends on axioms: [propext,
2026-10-08T23:51:54.7352699Z  Classical.choice,
2026-10-08T23:51:54.7352786Z  Quot.sound]
2026-10-08T23:51:54.7353234Z info: AxiomAudit.lean:1913:0: 'CategoryTheory.ProjectiveResolution.ext_low_eq_zero_of_homComplex_exact' depends on axioms: [propext,
2026-10-08T23:51:54.7353324Z  Classical.choice,
2026-10-08T23:51:54.7353417Z  Quot.sound]
2026-10-08T23:51:54.7354918Z info: AxiomAudit.lean:1914:0: 'ASGinzburg.hom_extension_of_ext_one_zero' depends on axioms: [propext, Classical.choice, Quot.sound]
2026-10-08T23:51:54.7355278Z info: AxiomAudit.lean:1915:0: 'CategoryTheory.ProjectiveResolution.homComplex_exactAt_zero_of_ext_zero' depends on axioms: [propext,
2026-10-08T23:51:54.7355351Z  Classical.choice,
2026-10-08T23:51:54.7355419Z  Quot.sound]
2026-10-08T23:51:54.7355793Z info: AxiomAudit.lean:1916:0: 'CategoryTheory.ProjectiveResolution.homComplex_exactAt_one_of_ext_zero' depends on axioms: [propext,
2026-10-08T23:51:54.7355868Z  Classical.choice,
2026-10-08T23:51:54.7355937Z  Quot.sound]
2026-10-08T23:51:54.7357632Z info: AxiomAudit.lean:1917:0: 'CategoryTheory.ProjectiveResolution.homComplex_exactAt_two_of_ext_zero' depends on axioms: [propext,
2026-10-08T23:51:54.7357707Z  Classical.choice,
2026-10-08T23:51:54.7357778Z  Quot.sound]
2026-10-08T23:51:54.7358318Z info: AxiomAudit.lean:1918:0: 'CategoryTheory.ProjectiveResolution.homComplex_exactAt_low_of_ext_zero' depends on axioms: [propext,
2026-10-08T23:51:54.7358415Z  Classical.choice,
2026-10-08T23:51:54.7358487Z  Quot.sound]
2026-10-08T23:51:54.7361060Z info: AxiomAudit.lean:1919:0: 'ASGinzburg.exact_comp_mono_iff' depends on axioms: [propext, Classical.choice, Quot.sound]
2026-10-08T23:51:54.7361914Z info: AxiomAudit.lean:1920:0: 'CategoryTheory.ProjectiveResolution.firstCover' depends on axioms: [propext, Classical.choice, Quot.sound]
2026-10-08T23:51:54.7362775Z info: AxiomAudit.lean:1921:0: 'CategoryTheory.ProjectiveResolution.firstCover_ι' depends on axioms: [propext, Classical.choice, Quot.sound]
2026-10-08T23:51:54.7363201Z info: AxiomAudit.lean:1922:0: 'CategoryTheory.ProjectiveResolution.firstCoverEpi' depends on axioms: [propext, Classical.choice, Quot.sound]
2026-10-08T23:51:54.7363727Z info: AxiomAudit.lean:1923:0: 'CategoryTheory.ProjectiveResolution.d₂_firstCover' depends on axioms: [propext, Classical.choice, Quot.sound]
2026-10-08T23:51:54.7364908Z info: AxiomAudit.lean:1924:0: 'CategoryTheory.ProjectiveResolution.exact_d₂_firstCover' depends on axioms: [propext, Classical.choice, Quot.sound]
2026-10-08T23:51:54.7365393Z info: AxiomAudit.lean:1925:0: 'CategoryTheory.ProjectiveResolution.secondCover' depends on axioms: [propext, Classical.choice, Quot.sound]
2026-10-08T23:51:54.7366104Z info: AxiomAudit.lean:1926:0: 'CategoryTheory.ProjectiveResolution.secondCover_ι' depends on axioms: [propext, Classical.choice, Quot.sound]
2026-10-08T23:51:54.7366644Z info: AxiomAudit.lean:1927:0: 'CategoryTheory.ProjectiveResolution.secondCoverEpi' depends on axioms: [propext, Classical.choice, Quot.sound]
2026-10-08T23:51:54.7367605Z info: AxiomAudit.lean:1928:0: 'CategoryTheory.ProjectiveResolution.d₃_secondCover' depends on axioms: [propext, Classical.choice, Quot.sound]
2026-10-08T23:51:54.7368544Z info: AxiomAudit.lean:1929:0: 'CategoryTheory.ProjectiveResolution.exact_d₃_secondCover' depends on axioms: [propext, Classical.choice, Quot.sound]
2026-10-08T23:51:54.7370473Z info: AxiomAudit.lean:1930:0: 'CategoryTheory.ProjectiveResolution.shortExact₀' depends on axioms: [propext, Classical.choice, Quot.sound]
2026-10-08T23:51:54.7371209Z info: AxiomAudit.lean:1931:0: 'CategoryTheory.ProjectiveResolution.shortExact₁' depends on axioms: [propext, Classical.choice, Quot.sound]
2026-10-08T23:51:54.7372094Z info: AxiomAudit.lean:1932:0: 'CategoryTheory.ProjectiveResolution.mono_d₃_of_isZero_four' depends on axioms: [propext, Classical.choice, Quot.sound]
2026-10-08T23:51:54.7372592Z info: AxiomAudit.lean:1933:0: 'CategoryTheory.ProjectiveResolution.shortExact₂' depends on axioms: [propext, Classical.choice, Quot.sound]
2026-10-08T23:51:54.7373117Z info: AxiomAudit.lean:1934:0: 'CategoryTheory.ProjectiveResolution.firstKernelMap' depends on axioms: [propext, Classical.choice, Quot.sound]
2026-10-08T23:51:54.7373797Z info: AxiomAudit.lean:1935:0: 'CategoryTheory.ProjectiveResolution.firstKernelMap_ι' depends on axioms: [propext, Classical.choice, Quot.sound]
2026-10-08T23:51:54.7374164Z info: AxiomAudit.lean:1936:0: 'CategoryTheory.ProjectiveResolution.firstCover_firstKernelMap' depends on axioms: [propext,
2026-10-08T23:51:54.7374242Z  Classical.choice,
2026-10-08T23:51:54.7374315Z  Quot.sound]
2026-10-08T23:51:54.7374752Z info: AxiomAudit.lean:1937:0: 'CategoryTheory.ProjectiveResolution.secondKernelMap' depends on axioms: [propext, Classical.choice, Quot.sound]
2026-10-08T23:51:54.7375286Z info: AxiomAudit.lean:1938:0: 'CategoryTheory.ProjectiveResolution.secondKernelMap_ι' depends on axioms: [propext, Classical.choice, Quot.sound]
2026-10-08T23:51:54.7375723Z info: AxiomAudit.lean:1939:0: 'CategoryTheory.ProjectiveResolution.secondCover_secondKernelMap' depends on axioms: [propext,
2026-10-08T23:51:54.7375819Z  Classical.choice,
2026-10-08T23:51:54.7375910Z  Quot.sound]
2026-10-08T23:51:54.7377291Z info: AxiomAudit.lean:1940:0: 'CategoryTheory.ProjectiveResolution.shortExact₀Hom' depends on axioms: [propext, Classical.choice, Quot.sound]
2026-10-08T23:51:54.7378100Z info: AxiomAudit.lean:1941:0: 'CategoryTheory.ProjectiveResolution.shortExact₁Hom' depends on axioms: [propext, Classical.choice, Quot.sound]
2026-10-08T23:51:54.7378952Z info: AxiomAudit.lean:1942:0: 'CategoryTheory.ProjectiveResolution.shortExact₂Hom' depends on axioms: [propext, Classical.choice, Quot.sound]
2026-10-08T23:51:54.7379952Z info: AxiomAudit.lean:1943:0: 'ASGinzburg.ZAlgebra.LinearIdeal.QuotientComponent' depends on axioms: [propext, Classical.choice, Quot.sound]
2026-10-08T23:51:54.7380349Z info: AxiomAudit.lean:1944:0: 'ASGinzburg.ZAlgebra.LinearIdeal.quotientCompRight' depends on axioms: [propext, Classical.choice, Quot.sound]
2026-10-08T23:51:54.7381008Z info: AxiomAudit.lean:1945:0: 'ASGinzburg.ZAlgebra.LinearIdeal.quotientCompRight_mk' depends on axioms: [propext, Classical.choice, Quot.sound]
2026-10-08T23:51:54.7381909Z info: AxiomAudit.lean:1946:0: 'ASGinzburg.ZAlgebra.LinearIdeal.quotientCompPre' depends on axioms: [propext, Classical.choice, Quot.sound]
2026-10-08T23:51:54.7382496Z info: AxiomAudit.lean:1947:0: 'ASGinzburg.ZAlgebra.LinearIdeal.quotientComp' depends on axioms: [propext, Classical.choice, Quot.sound]
2026-10-08T23:51:54.7383056Z info: AxiomAudit.lean:1948:0: 'ASGinzburg.ZAlgebra.LinearIdeal.quotientComp_mk' depends on axioms: [propext, Classical.choice, Quot.sound]
2026-10-08T23:51:54.7383727Z info: AxiomAudit.lean:1949:0: 'ASGinzburg.ZAlgebra.LinearIdeal.quotient' depends on axioms: [propext, Classical.choice, Quot.sound]
2026-10-08T23:51:54.7384314Z info: AxiomAudit.lean:1950:0: 'ASGinzburg.ZAlgebra.LinearIdeal.quotientMap' depends on axioms: [propext, Classical.choice, Quot.sound]
2026-10-08T23:51:54.7384730Z info: AxiomAudit.lean:1951:0: 'ASGinzburg.ZAlgebra.LinearIdeal.quotientMap_surjective' depends on axioms: [propext, Classical.choice, Quot.sound]
2026-10-08T23:51:54.7385255Z info: AxiomAudit.lean:1952:0: 'ASGinzburg.ZAlgebra.LinearIdeal.quotientMap_kernel' depends on axioms: [propext, Classical.choice, Quot.sound]
2026-10-08T23:51:54.7386658Z info: AxiomAudit.lean:1953:0: 'ASGinzburg.ZAlgebra.rightRegularCoproductProjection' depends on axioms: [propext, Classical.choice, Quot.sound]
2026-10-08T23:51:54.7387320Z info: AxiomAudit.lean:1954:0: 'ASGinzburg.ZAlgebra.rightRegularCoproduct_inclusion_projection' depends on axioms: [propext,
2026-10-08T23:51:54.7387602Z  Classical.choice,
2026-10-08T23:51:54.7388086Z  Quot.sound]
2026-10-08T23:51:54.7388778Z info: AxiomAudit.lean:1955:0: 'ASGinzburg.ZAlgebra.rightRegularCoproduct_inclusion_projection_off' depends on axioms: [propext,
2026-10-08T23:51:54.7388856Z  Classical.choice,
2026-10-08T23:51:54.7388926Z  Quot.sound]
2026-10-08T23:51:54.7389344Z info: AxiomAudit.lean:1956:0: 'ASGinzburg.ZAlgebra.rightRegularCoproductAction' depends on axioms: [propext, Classical.choice, Quot.sound]
2026-10-08T23:51:54.7389759Z info: AxiomAudit.lean:1957:0: 'ASGinzburg.ZAlgebra.rightRegularCoproduct_inclusion_action' depends on axioms: [propext, Classical.choice, Quot.sound]
2026-10-08T23:51:54.7390807Z info: AxiomAudit.lean:1958:0: 'ASGinzburg.ZAlgebra.rightRegularCoproduct_inclusion_action_off' depends on axioms: [propext,
2026-10-08T23:51:54.7391159Z  Classical.choice,
2026-10-08T23:51:54.7391231Z  Quot.sound]
2026-10-08T23:51:54.7391716Z info: AxiomAudit.lean:1959:0: 'ASGinzburg.ZAlgebra.rightRegularCoproductAction_add' depends on axioms: [propext, Classical.choice, Quot.sound]
2026-10-08T23:51:54.7392382Z info: AxiomAudit.lean:1960:0: 'ASGinzburg.ZAlgebra.rightRegularCoproductAction_smul' depends on axioms: [propext, Classical.choice, Quot.sound]
2026-10-08T23:51:54.7392967Z info: AxiomAudit.lean:1961:0: 'ASGinzburg.ZAlgebra.rightRegularCoproductAction_comp' depends on axioms: [propext, Classical.choice, Quot.sound]
2026-10-08T23:51:54.7393841Z info: AxiomAudit.lean:1962:0: 'ASGinzburg.ZAlgebra.rightRegularCoproductAction_id' depends on axioms: [propext, Classical.choice, Quot.sound]
2026-10-08T23:51:54.7394239Z info: AxiomAudit.lean:1963:0: 'ASGinzburg.ZAlgebra.rightRegularCoproductAction_comp_off' depends on axioms: [propext, Classical.choice, Quot.sound]
2026-10-08T23:51:54.7395241Z info: AxiomAudit.lean:1964:0: 'ASGinzburg.ZAlgebra.leftModuleTotalAction' depends on axioms: [propext, Classical.choice, Quot.sound]
2026-10-08T23:51:54.7395641Z info: AxiomAudit.lean:1965:0: 'ASGinzburg.ZAlgebra.leftModuleTotalAction_lof' depends on axioms: [propext, Classical.choice, Quot.sound]
2026-10-08T23:51:54.7396011Z info: AxiomAudit.lean:1966:0: 'ASGinzburg.ZAlgebra.leftModuleTotalAction_lof_off' depends on axioms: [propext, Classical.choice, Quot.sound]
2026-10-08T23:51:54.7396830Z info: AxiomAudit.lean:1967:0: 'ASGinzburg.ZAlgebra.leftModuleTotalAction_zero_of_map_zero' depends on axioms: [propext, Classical.choice, Quot.sound]
2026-10-08T23:51:54.7397181Z info: AxiomAudit.lean:1968:0: 'ASGinzburg.ZAlgebra.ASResolution.extRegularCoproductEquiv_inclusion' depends on axioms: [propext,
2026-10-08T23:51:54.7397420Z  Classical.choice,
2026-10-08T23:51:54.7397497Z  Quot.sound]
2026-10-08T23:51:54.7398127Z info: AxiomAudit.lean:1969:0: 'ASGinzburg.ZAlgebra.ASResolution.extRegularCoproductEquiv_action' depends on axioms: [propext,
2026-10-08T23:51:54.7398363Z  Classical.choice,
2026-10-08T23:51:54.7398431Z  Quot.sound]
2026-10-08T23:51:54.7399212Z info: AxiomAudit.lean:1970:0: 'ASGinzburg.ZAlgebra.ASRegular.extRegularCoproductThree_positive_action_zero' depends on axioms: [propext,
2026-10-08T23:51:54.7399290Z  Classical.choice,
2026-10-08T23:51:54.7399360Z  Quot.sound]
2026-10-08T23:51:54.7399748Z info: AxiomAudit.lean:1971:0: 'ASGinzburg.ZAlgebra.rightLocallyUnitalExtIso' depends on axioms: [propext, Classical.choice, Quot.sound]
2026-10-08T23:51:54.7400189Z info: AxiomAudit.lean:1972:0: 'ASGinzburg.ZAlgebra.rightLocallyUnitalExtIso_conjugation' depends on axioms: [propext, Classical.choice, Quot.sound]
2026-10-08T23:51:54.7400602Z info: AxiomAudit.lean:1973:0: 'ASGinzburg.ZAlgebra.rightRegularExtGrLinearEquiv' depends on axioms: [propext, Classical.choice, Quot.sound]
2026-10-08T23:51:54.7401104Z info: AxiomAudit.lean:1974:0: 'ASGinzburg.ZAlgebra.rightRegularExtGrLinearEquiv_postcomp' depends on axioms: [propext, Classical.choice, Quot.sound]
2026-10-08T23:51:54.7401893Z info: AxiomAudit.lean:1975:0: 'ASGinzburg.ZAlgebra.ASResolution.extTotalAlgebraLinearEquiv' depends on axioms: [propext, Classical.choice, Quot.sound]
2026-10-08T23:51:54.7402449Z info: AxiomAudit.lean:1976:0: 'ASGinzburg.ZAlgebra.ASResolution.extTotalAlgebraLinearEquiv_action' depends on axioms: [propext,
2026-10-08T23:51:54.7402685Z  Classical.choice,
2026-10-08T23:51:54.7403142Z  Quot.sound]
2026-10-08T23:51:54.7403717Z info: AxiomAudit.lean:1977:0: 'ASGinzburg.ZAlgebra.ASResolution.extTotalAlgebraLinearEquiv_representation' depends on axioms: [propext,
2026-10-08T23:51:54.7403807Z  Classical.choice,
2026-10-08T23:51:54.7404016Z  Quot.sound]
2026-10-08T23:51:54.7404414Z info: AxiomAudit.lean:1978:0: 'ASGinzburg.ZAlgebra.ASResolution.extTotalAlgebraUnitizationModule' depends on axioms: [propext,
2026-10-08T23:51:54.7404491Z  Classical.choice,
2026-10-08T23:51:54.7404559Z  Quot.sound]
2026-10-08T23:51:54.7405097Z info: AxiomAudit.lean:1979:0: 'ASGinzburg.ZAlgebra.ASResolution.extTotalAlgebraLeftModule' depends on axioms: [propext, Classical.choice, Quot.sound]
2026-10-08T23:51:54.7405444Z info: AxiomAudit.lean:1980:0: 'ASGinzburg.ZAlgebra.ASResolution.extTotalAlgebraLeftModule_smul' depends on axioms: [propext,
2026-10-08T23:51:54.7405762Z  Classical.choice,
2026-10-08T23:51:54.7405871Z  Quot.sound]
2026-10-08T23:51:54.7406208Z info: AxiomAudit.lean:1981:0: 'ASGinzburg.ZAlgebra.ASResolution.extTotalAlgebraLeftModuleIso' depends on axioms: [propext,
2026-10-08T23:51:54.7406283Z  Classical.choice,
2026-10-08T23:51:54.7406351Z  Quot.sound]
2026-10-08T23:51:54.7406727Z info: AxiomAudit.lean:1982:0: 'ASGinzburg.ZAlgebra.ASResolution.extTotalAlgebraLeftModule_locally_unital' depends on axioms: [propext,
2026-10-08T23:51:54.7406802Z  Classical.choice,
2026-10-08T23:51:54.7406871Z  Quot.sound]
2026-10-08T23:51:54.7408244Z info: AxiomAudit.lean:1983:0: 'ASGinzburg.ZAlgebra.ASResolution.extTotalAlgebraLeftLocallyUnitalModule' depends on axioms: [propext,
2026-10-08T23:51:54.7409004Z  Classical.choice,
2026-10-08T23:51:54.7409874Z  Quot.sound]
2026-10-08T23:51:54.7410490Z info: AxiomAudit.lean:1984:0: 'ASGinzburg.ZAlgebra.ASResolution.extTotalAlgebraLeftLocallyUnitalIso' depends on axioms: [propext,
2026-10-08T23:51:54.7410567Z  Classical.choice,
2026-10-08T23:51:54.7410638Z  Quot.sound]
2026-10-08T23:51:54.7411055Z info: AxiomAudit.lean:1985:0: 'ASGinzburg.ZAlgebra.ASRegular.extTotalAlgebraThreeIsoSimple' depends on axioms: [propext, Classical.choice, Quot.sound]
2026-10-08T23:51:54.7411558Z info: AxiomAudit.lean:1986:0: 'ASGinzburg.ZAlgebra.ASRegular.extTotalAlgebra_off_three_isZero' depends on axioms: [propext,
2026-10-08T23:51:54.7411629Z  Classical.choice,
2026-10-08T23:51:54.7411701Z  Quot.sound]
2026-10-08T23:51:54.7412261Z info: AxiomAudit.lean:1987:0: 'ASGinzburg.ZAlgebra.totalAlgebraLeftUnitizationModule' depends on axioms: [propext, Classical.choice, Quot.sound]
2026-10-08T23:51:54.7412801Z info: AxiomAudit.lean:1988:0: 'ASGinzburg.ZAlgebra.totalAlgebraLeftModule' depends on axioms: [propext, Classical.choice, Quot.sound]
2026-10-08T23:51:54.7413225Z info: AxiomAudit.lean:1989:0: 'ASGinzburg.ZAlgebra.totalAlgebraLeftModule_smul' depends on axioms: [propext, Classical.choice, Quot.sound]
2026-10-08T23:51:54.7413585Z info: AxiomAudit.lean:1990:0: 'ASGinzburg.ZAlgebra.leftRegularTotalModuleIso' depends on axioms: [propext, Classical.choice, Quot.sound]
2026-10-08T23:51:54.7414240Z info: AxiomAudit.lean:1991:0: 'ASGinzburg.ZAlgebra.totalAlgebraLeftModule_locally_unital' depends on axioms: [propext, Classical.choice, Quot.sound]
2026-10-08T23:51:54.7414644Z info: AxiomAudit.lean:1992:0: 'ASGinzburg.ZAlgebra.totalAlgebraLeftLocallyUnitalModule' depends on axioms: [propext, Classical.choice, Quot.sound]
2026-10-08T23:51:54.7415056Z info: AxiomAudit.lean:1993:0: 'ASGinzburg.ZAlgebra.leftRegularTotalLocallyUnitalIso' depends on axioms: [propext, Classical.choice, Quot.sound]
2026-10-08T23:51:54.7415993Z info: AxiomAudit.lean:1994:0: 'ASGinzburg.ZAlgebra.leftRegularMatrixElement_totalMap' depends on axioms: [propext, Classical.choice, Quot.sound]
2026-10-08T23:51:54.7416387Z info: AxiomAudit.lean:1995:0: 'ASGinzburg.ZAlgebra.leftRegularMatrixElement_totalMap_off' depends on axioms: [propext, Classical.choice, Quot.sound]
2026-10-08T23:51:54.7416816Z info: AxiomAudit.lean:1996:0: 'ASGinzburg.ZAlgebra.leftRegularTotalAlgebraEquiv_totalMap' depends on axioms: [propext, Classical.choice, Quot.sound]
2026-10-08T23:51:54.7417264Z info: AxiomAudit.lean:1997:0: 'ASGinzburg.ZAlgebra.totalAlgebraRightComponentMap' depends on axioms: [propext, Classical.choice, Quot.sound]
2026-10-08T23:51:54.7417722Z info: AxiomAudit.lean:1998:0: 'ASGinzburg.ZAlgebra.totalAlgebraRightComponentMap_apply' depends on axioms: [propext, Classical.choice, Quot.sound]
2026-10-08T23:51:54.7418081Z info: AxiomAudit.lean:1999:0: 'ASGinzburg.ZAlgebra.totalAlgebraLeftMap' depends on axioms: [propext, Classical.choice, Quot.sound]
2026-10-08T23:51:54.7419185Z info: AxiomAudit.lean:2000:0: 'ASGinzburg.ZAlgebra.totalAlgebraLeftMap_component' depends on axioms: [propext, Classical.choice, Quot.sound]
2026-10-08T23:51:54.7419574Z info: AxiomAudit.lean:2001:0: 'ASGinzburg.ZAlgebra.totalAlgebraLeftMap_add' depends on axioms: [propext, Classical.choice, Quot.sound]
2026-10-08T23:51:54.7420416Z info: AxiomAudit.lean:2002:0: 'ASGinzburg.ZAlgebra.totalAlgebraLeftMap_zero' depends on axioms: [propext, Classical.choice, Quot.sound]
2026-10-08T23:51:54.7420799Z info: AxiomAudit.lean:2003:0: 'ASGinzburg.ZAlgebra.totalAlgebraLeftMap_apply' depends on axioms: [propext, Classical.choice, Quot.sound]
2026-10-08T23:51:54.7421225Z info: AxiomAudit.lean:2004:0: 'ASGinzburg.ZAlgebra.totalAlgebraRightUnitizationModule' depends on axioms: [propext, Classical.choice, Quot.sound]
2026-10-08T23:51:54.7421593Z info: AxiomAudit.lean:2005:0: 'ASGinzburg.ZAlgebra.totalAlgebraRightModule' depends on axioms: [propext, Classical.choice, Quot.sound]
2026-10-08T23:51:54.7423174Z info: AxiomAudit.lean:2006:0: 'ASGinzburg.ZAlgebra.totalAlgebraRightModule_smul' depends on axioms: [propext, Classical.choice, Quot.sound]
2026-10-08T23:51:54.7423559Z info: AxiomAudit.lean:2007:0: 'ASGinzburg.ZAlgebra.rightRegularTotalModuleIso' depends on axioms: [propext, Classical.choice, Quot.sound]
2026-10-08T23:51:54.7424559Z info: AxiomAudit.lean:2008:0: 'ASGinzburg.ZAlgebra.totalAlgebraRightModule_locally_unital' depends on axioms: [propext, Classical.choice, Quot.sound]
2026-10-08T23:51:54.7425508Z info: AxiomAudit.lean:2009:0: 'ASGinzburg.ZAlgebra.totalAlgebraRightLocallyUnitalModule' depends on axioms: [propext, Classical.choice, Quot.sound]
2026-10-08T23:51:54.7426910Z info: AxiomAudit.lean:2010:0: 'ASGinzburg.ZAlgebra.rightRegularTotalLocallyUnitalIso' depends on axioms: [propext, Classical.choice, Quot.sound]
2026-10-08T23:51:54.7427310Z info: AxiomAudit.lean:2011:0: 'ASGinzburg.ZAlgebra.rightRegularMatrixElement_totalMap' depends on axioms: [propext, Classical.choice, Quot.sound]
2026-10-08T23:51:54.7427879Z info: AxiomAudit.lean:2012:0: 'ASGinzburg.ZAlgebra.rightRegularMatrixElement_totalMap_off' depends on axioms: [propext, Classical.choice, Quot.sound]
2026-10-08T23:51:54.7429217Z info: AxiomAudit.lean:2013:0: 'ASGinzburg.ZAlgebra.rightRegularTotalAlgebraEquiv_totalMap' depends on axioms: [propext, Classical.choice, Quot.sound]
2026-10-08T23:51:54.7429611Z info: AxiomAudit.lean:2014:0: 'ASGinzburg.ZAlgebra.totalAlgebraLeftComponentMap' depends on axioms: [propext, Classical.choice, Quot.sound]
2026-10-08T23:51:54.7431053Z info: AxiomAudit.lean:2015:0: 'ASGinzburg.ZAlgebra.totalAlgebraLeftComponentMap_apply' depends on axioms: [propext, Classical.choice, Quot.sound]
2026-10-08T23:51:54.7431422Z info: AxiomAudit.lean:2016:0: 'ASGinzburg.ZAlgebra.leftRegularCoproductComponentOppositeAction' depends on axioms: [propext,
2026-10-08T23:51:54.7431502Z  Classical.choice,
2026-10-08T23:51:54.7431572Z  Quot.sound]
2026-10-08T23:51:54.7432393Z info: AxiomAudit.lean:2017:0: 'ASGinzburg.ZAlgebra.leftRegularCoproductRightRepresentation' depends on axioms: [propext, Classical.choice, Quot.sound]
2026-10-08T23:51:54.7433619Z info: AxiomAudit.lean:2018:0: 'ASGinzburg.ZAlgebra.leftRegularCoproductRightRepresentation_component' depends on axioms: [propext,
2026-10-08T23:51:54.7433695Z  Classical.choice,
2026-10-08T23:51:54.7433769Z  Quot.sound]
2026-10-08T23:51:54.7434440Z info: AxiomAudit.lean:2019:0: 'ASGinzburg.ZAlgebra.totalAlgebraRightMap' depends on axioms: [propext, Classical.choice, Quot.sound]
2026-10-08T23:51:54.7435410Z info: AxiomAudit.lean:2020:0: 'ASGinzburg.ZAlgebra.totalAlgebraRightMap_component' depends on axioms: [propext, Classical.choice, Quot.sound]
2026-10-08T23:51:54.7435785Z info: AxiomAudit.lean:2021:0: 'ASGinzburg.ZAlgebra.totalAlgebraRightMap_add' depends on axioms: [propext, Classical.choice, Quot.sound]
2026-10-08T23:51:54.7436162Z info: AxiomAudit.lean:2022:0: 'ASGinzburg.ZAlgebra.totalAlgebraRightMap_zero' depends on axioms: [propext, Classical.choice, Quot.sound]
2026-10-08T23:51:54.7436555Z info: AxiomAudit.lean:2023:0: 'ASGinzburg.ZAlgebra.totalAlgebraRightMap_apply' depends on axioms: [propext, Classical.choice, Quot.sound]
2026-10-08T23:51:54.7437726Z info: AxiomAudit.lean:2024:0: 'ASGinzburg.ZAlgebra.rightRegularTotalComponentsEquiv' depends on axioms: [propext, Classical.choice, Quot.sound]
2026-10-08T23:51:54.7438708Z info: AxiomAudit.lean:2025:0: 'ASGinzburg.ZAlgebra.rightRegularTotalAlgebraEquiv' depends on axioms: [propext, Classical.choice, Quot.sound]
2026-10-08T23:51:54.7440198Z info: AxiomAudit.lean:2026:0: 'ASGinzburg.ZAlgebra.rightRegularComponentIso_lof_inv' depends on axioms: [propext, Classical.choice, Quot.sound]
2026-10-08T23:51:54.7440609Z info: AxiomAudit.lean:2027:0: 'ASGinzburg.ZAlgebra.rightRegularComponentIso_inclusion' depends on axioms: [propext, Classical.choice, Quot.sound]
2026-10-08T23:51:54.7440993Z info: AxiomAudit.lean:2028:0: 'ASGinzburg.ZAlgebra.rightRegularMatrixElement' depends on axioms: [propext, Classical.choice, Quot.sound]
2026-10-08T23:51:54.7441513Z info: AxiomAudit.lean:2029:0: 'ASGinzburg.ZAlgebra.rightRegularTotalComponentsEquiv_matrixElement' depends on axioms: [propext,
2026-10-08T23:51:54.7441594Z  Classical.choice,
2026-10-08T23:51:54.7441668Z  Quot.sound]
2026-10-08T23:51:54.7442023Z info: AxiomAudit.lean:2030:0: 'ASGinzburg.ZAlgebra.rightRegularTotalAlgebraEquiv_matrixElement' depends on axioms: [propext,
2026-10-08T23:51:54.7442101Z  Classical.choice,
2026-10-08T23:51:54.7442171Z  Quot.sound]
2026-10-08T23:51:54.7443606Z info: AxiomAudit.lean:2031:0: 'ASGinzburg.ZAlgebra.rightRegularTotalComponentsEquiv_symm_single' depends on axioms: [propext,
2026-10-08T23:51:54.7443680Z  Classical.choice,
2026-10-08T23:51:54.7443752Z  Quot.sound]
2026-10-08T23:51:54.7444157Z info: AxiomAudit.lean:2032:0: 'ASGinzburg.ZAlgebra.rightRegularMatrixElement_action' depends on axioms: [propext, Classical.choice, Quot.sound]
2026-10-08T23:51:54.7444574Z info: AxiomAudit.lean:2033:0: 'ASGinzburg.ZAlgebra.rightRegularMatrixElement_action_off' depends on axioms: [propext, Classical.choice, Quot.sound]
2026-10-08T23:51:54.7446127Z info: AxiomAudit.lean:2034:0: 'ASGinzburg.ZAlgebra.rightRegularTotalAlgebraEquiv_action' depends on axioms: [propext, Classical.choice, Quot.sound]
2026-10-08T23:51:54.7446480Z info: AxiomAudit.lean:2035:0: 'ASGinzburg.ZAlgebra.rightRegularTotalAlgebraEquiv_representation' depends on axioms: [propext,
2026-10-08T23:51:54.7446556Z  Classical.choice,
2026-10-08T23:51:54.7446628Z  Quot.sound]
2026-10-08T23:51:54.7447024Z info: AxiomAudit.lean:2036:0: 'ASGinzburg.ZAlgebra.representableHomEvaluationIso' depends on axioms: [propext, Classical.choice, Quot.sound]
2026-10-08T23:51:54.7448287Z info: AxiomAudit.lean:2037:0: 'ASGinzburg.ZAlgebra.rightModuleEvaluationPreservesColimitsOfShape' depends on axioms: [propext,
2026-10-08T23:51:54.7448752Z  Classical.choice,
2026-10-08T23:51:54.7448824Z  Quot.sound]
2026-10-08T23:51:54.7449198Z info: AxiomAudit.lean:2038:0: 'ASGinzburg.ZAlgebra.representableHomPreservesColimitsOfShape' depends on axioms: [propext,
2026-10-08T23:51:54.7450596Z  Classical.choice,
2026-10-08T23:51:54.7450671Z  Quot.sound]
2026-10-08T23:51:54.7451051Z info: AxiomAudit.lean:2039:0: 'ASGinzburg.ZAlgebra.representableHomColimitIso' depends on axioms: [propext, Classical.choice, Quot.sound]
2026-10-08T23:51:54.7451446Z info: AxiomAudit.lean:2040:0: 'ASGinzburg.ZAlgebra.rightModuleExtZeroFunctorIso' depends on axioms: [propext, Classical.choice, Quot.sound]
2026-10-08T23:51:54.7452282Z info: AxiomAudit.lean:2041:0: 'ASGinzburg.ZAlgebra.representableExtZeroPreservesColimitsOfShape' depends on axioms: [propext,
2026-10-08T23:51:54.7453069Z  Classical.choice,
2026-10-08T23:51:54.7453140Z  Quot.sound]
2026-10-08T23:51:54.7453545Z info: AxiomAudit.lean:2042:0: 'ASGinzburg.ZAlgebra.representableExtZeroColimitIso' depends on axioms: [propext, Classical.choice, Quot.sound]
2026-10-08T23:51:54.7454926Z info: AxiomAudit.lean:2043:0: 'ASGinzburg.ZAlgebra.Obj' depends on axioms: [propext, Classical.choice, Quot.sound]
2026-10-08T23:51:54.7455254Z info: AxiomAudit.lean:2044:0: 'ASGinzburg.ZAlgebra.objCategory' depends on axioms: [propext, Classical.choice, Quot.sound]
2026-10-08T23:51:54.7455573Z info: AxiomAudit.lean:2045:0: 'ASGinzburg.ZAlgebra.objHomAdd' depends on axioms: [propext, Classical.choice, Quot.sound]
2026-10-08T23:51:54.7456858Z info: AxiomAudit.lean:2046:0: 'ASGinzburg.ZAlgebra.objHomModule' depends on axioms: [propext, Classical.choice, Quot.sound]
2026-10-08T23:51:54.7457209Z info: AxiomAudit.lean:2047:0: 'ASGinzburg.ZAlgebra.objPreadditive' depends on axioms: [propext, Classical.choice, Quot.sound]
2026-10-08T23:51:54.7457526Z info: AxiomAudit.lean:2048:0: 'ASGinzburg.ZAlgebra.objLinear' depends on axioms: [propext, Classical.choice, Quot.sound]
2026-10-08T23:51:54.7457892Z info: AxiomAudit.lean:2049:0: 'ASGinzburg.ZAlgebra.objOppositeHomModule' depends on axioms: [propext, Classical.choice, Quot.sound]
2026-10-08T23:51:54.7458241Z info: AxiomAudit.lean:2050:0: 'ASGinzburg.ZAlgebra.objOppositeLinear' depends on axioms: [propext, Classical.choice, Quot.sound]
2026-10-08T23:51:54.7459949Z info: AxiomAudit.lean:2051:0: 'ASGinzburg.ZAlgebra.representableLinear' depends on axioms: [propext, Classical.choice, Quot.sound]
2026-10-08T23:51:54.7460309Z info: AxiomAudit.lean:2052:0: 'ASGinzburg.ZAlgebra.linearYonedaAdditive' depends on axioms: [propext, Classical.choice, Quot.sound]
2026-10-08T23:51:54.7460660Z info: AxiomAudit.lean:2053:0: 'ASGinzburg.ZAlgebra.linearYonedaLinear' depends on axioms: [propext, Classical.choice, Quot.sound]
2026-10-08T23:51:54.7461012Z info: AxiomAudit.lean:2054:0: 'ASGinzburg.ZAlgebra.rightModuleProperty' depends on axioms: [propext, Classical.choice, Quot.sound]
2026-10-08T23:51:54.7461338Z info: AxiomAudit.lean:2055:0: 'ASGinzburg.ZAlgebra.RightModule' depends on axioms: [propext, Classical.choice, Quot.sound]
2026-10-08T23:51:54.7461669Z info: AxiomAudit.lean:2056:0: 'ASGinzburg.ZAlgebra.representable' depends on axioms: [propext, Classical.choice, Quot.sound]
2026-10-08T23:51:54.7462532Z info: AxiomAudit.lean:2057:0: 'ASGinzburg.ZAlgebra.representableHomEquiv' depends on axioms: [propext, Classical.choice, Quot.sound]
2026-10-08T23:51:54.7463247Z info: AxiomAudit.lean:2058:0: 'ASGinzburg.ZAlgebra.representableHom_vanishes' depends on axioms: [propext, Classical.choice, Quot.sound]
2026-10-08T23:51:54.7463580Z info: AxiomAudit.lean:2059:0: 'ASGinzburg.ZAlgebra.scalarEndEquiv' depends on axioms: [propext, Classical.choice, Quot.sound]
2026-10-08T23:51:54.7463973Z info: AxiomAudit.lean:2060:0: 'ASGinzburg.ZAlgebra.representableEnd_finrank' depends on axioms: [propext, Classical.choice, Quot.sound]
2026-10-08T23:51:54.7465398Z info: AxiomAudit.lean:2061:0: 'ASGinzburg.ZAlgebra.rightResolutionExtBidualIso_projection' depends on axioms: [propext, Classical.choice, Quot.sound]
2026-10-08T23:51:54.7465825Z info: AxiomAudit.lean:2062:0: 'ASGinzburg.ZAlgebra.rightResolutionBidualTermIso_natural' depends on axioms: [propext, Classical.choice, Quot.sound]
2026-10-08T23:51:54.7467542Z info: AxiomAudit.lean:2063:0: 'ASGinzburg.ZAlgebra.rightResolutionBidualTopProjection_natural' depends on axioms: [propext,
2026-10-08T23:51:54.7467741Z  Classical.choice,
2026-10-08T23:51:54.7467816Z  Quot.sound]
2026-10-08T23:51:54.7468235Z info: AxiomAudit.lean:2064:0: 'ASGinzburg.ZAlgebra.rightResolutionExtBidualIso_natural' depends on axioms: [propext, Classical.choice, Quot.sound]
2026-10-08T23:51:54.7469909Z info: AxiomAudit.lean:2065:0: 'ASGinzburg.ZAlgebra.leftResolutionExtBidualIso_projection' depends on axioms: [propext, Classical.choice, Quot.sound]
2026-10-08T23:51:54.7470279Z info: AxiomAudit.lean:2066:0: 'ASGinzburg.ZAlgebra.leftResolutionBidualTermIso_natural' depends on axioms: [propext, Classical.choice, Quot.sound]
2026-10-08T23:51:54.7471716Z info: AxiomAudit.lean:2067:0: 'ASGinzburg.ZAlgebra.leftResolutionBidualTopProjection_natural' depends on axioms: [propext,
2026-10-08T23:51:54.7471797Z  Classical.choice,
2026-10-08T23:51:54.7471869Z  Quot.sound]
2026-10-08T23:51:54.7472277Z info: AxiomAudit.lean:2068:0: 'ASGinzburg.ZAlgebra.leftResolutionExtBidualIso_natural' depends on axioms: [propext, Classical.choice, Quot.sound]
2026-10-08T23:51:54.7472683Z info: AxiomAudit.lean:2069:0: 'ASGinzburg.ZAlgebra.rightModuleExtBoundaryLeft_natural' depends on axioms: [propext, Classical.choice, Quot.sound]
2026-10-08T23:51:54.7473136Z info: AxiomAudit.lean:2070:0: 'ASGinzburg.ZAlgebra.rightResolutionExtTopProjection_natural' depends on axioms: [propext, Classical.choice, Quot.sound]
2026-10-08T23:51:54.7474497Z info: AxiomAudit.lean:2071:0: 'ASGinzburg.ZAlgebra.leftModuleExtBoundaryRight_natural' depends on axioms: [propext, Classical.choice, Quot.sound]
2026-10-08T23:51:54.7474929Z info: AxiomAudit.lean:2072:0: 'ASGinzburg.ZAlgebra.leftResolutionExtTopProjection_natural' depends on axioms: [propext, Classical.choice, Quot.sound]
2026-10-08T23:51:54.7475333Z info: AxiomAudit.lean:2073:0: 'ASGinzburg.ZAlgebra.rightModuleProperty_closedUnderLimits' depends on axioms: [propext, Classical.choice, Quot.sound]
2026-10-08T23:51:54.7476936Z info: AxiomAudit.lean:2074:0: 'ASGinzburg.ZAlgebra.rightModuleProperty_closedUnderColimits' depends on axioms: [propext, Classical.choice, Quot.sound]
2026-10-08T23:51:54.7477335Z info: AxiomAudit.lean:2075:0: 'ASGinzburg.ZAlgebra.rightModuleHasLimitsOfShape' depends on axioms: [propext, Classical.choice, Quot.sound]
2026-10-08T23:51:54.7477757Z info: AxiomAudit.lean:2076:0: 'ASGinzburg.ZAlgebra.rightModuleHasColimitsOfShape' depends on axioms: [propext, Classical.choice, Quot.sound]
2026-10-08T23:51:54.7479193Z info: AxiomAudit.lean:2077:0: 'ASGinzburg.ZAlgebra.rightModuleInclusionCreatesLimitsOfShape' depends on axioms: [propext,
2026-10-08T23:51:54.7479270Z  Classical.choice,
2026-10-08T23:51:54.7479343Z  Quot.sound]
2026-10-08T23:51:54.7479707Z info: AxiomAudit.lean:2078:0: 'ASGinzburg.ZAlgebra.rightModuleInclusionCreatesColimitsOfShape' depends on axioms: [propext,
2026-10-08T23:51:54.7479785Z  Classical.choice,
2026-10-08T23:51:54.7479859Z  Quot.sound]
2026-10-08T23:51:54.7480255Z info: AxiomAudit.lean:2079:0: 'ASGinzburg.ZAlgebra.rightModuleHasFiniteProducts' depends on axioms: [propext, Classical.choice, Quot.sound]
2026-10-08T23:51:54.7480705Z info: AxiomAudit.lean:2080:0: 'ASGinzburg.ZAlgebra.rightModuleCoimageImageComparisonIsIso' depends on axioms: [propext, Classical.choice, Quot.sound]
2026-10-08T23:51:54.7481697Z info: AxiomAudit.lean:2081:0: 'ASGinzburg.ZAlgebra.rightModuleAbelian' depends on axioms: [propext, Classical.choice, Quot.sound]
2026-10-08T23:51:54.7482438Z info: AxiomAudit.lean:2082:0: 'ASGinzburg.ZAlgebra.rightModuleInclusionPreservesFiniteLimits' depends on axioms: [propext,
2026-10-08T23:51:54.7482516Z  Classical.choice,
2026-10-08T23:51:54.7482586Z  Quot.sound]
2026-10-08T23:51:54.7482964Z info: AxiomAudit.lean:2083:0: 'ASGinzburg.ZAlgebra.rightModuleInclusionPreservesFiniteColimits' depends on axioms: [propext,
2026-10-08T23:51:54.7483038Z  Classical.choice,
2026-10-08T23:51:54.7483110Z  Quot.sound]
2026-10-08T23:51:54.7483509Z info: AxiomAudit.lean:2084:0: 'ASGinzburg.ZAlgebra.rightModuleGenerators' depends on axioms: [propext, Classical.choice, Quot.sound]
2026-10-08T23:51:54.7485159Z info: AxiomAudit.lean:2085:0: 'ASGinzburg.ZAlgebra.freeRightModule' depends on axioms: [propext, Classical.choice, Quot.sound]
2026-10-08T23:51:54.7485702Z info: AxiomAudit.lean:2086:0: 'ASGinzburg.ZAlgebra.freeRightModuleπ' depends on axioms: [propext, Classical.choice, Quot.sound]
2026-10-08T23:51:54.7487174Z info: AxiomAudit.lean:2087:0: 'ASGinzburg.ZAlgebra.freeRightModuleProjective' depends on axioms: [propext, Classical.choice, Quot.sound]
2026-10-08T23:51:54.7487640Z info: AxiomAudit.lean:2088:0: 'ASGinzburg.ZAlgebra.freeRightModuleπEpi' depends on axioms: [propext, Classical.choice, Quot.sound]
2026-10-08T23:51:54.7489383Z info: AxiomAudit.lean:2089:0: 'ASGinzburg.ZAlgebra.rightModuleEnoughProjectives' depends on axioms: [propext, Classical.choice, Quot.sound]
2026-10-08T23:51:54.7489805Z info: AxiomAudit.lean:2090:0: 'ASGinzburg.ZAlgebra.rightModuleProjectiveResolution' depends on axioms: [propext, Classical.choice, Quot.sound]
2026-10-08T23:51:54.7490206Z info: AxiomAudit.lean:2091:0: 'ASGinzburg.ZAlgebra.rightModuleProjectiveResolution_exactAt_succ' depends on axioms: [propext,
2026-10-08T23:51:54.7490659Z  Classical.choice,
2026-10-08T23:51:54.7491472Z  Quot.sound]
2026-10-08T23:51:54.7491828Z info: AxiomAudit.lean:2092:0: 'ASGinzburg.ZAlgebra.rightModuleHasExt' depends on axioms: [propext, Classical.choice, Quot.sound]
2026-10-08T23:51:54.7492218Z info: AxiomAudit.lean:2093:0: 'ASGinzburg.ZAlgebra.representableExtZeroEquiv' depends on axioms: [propext, Classical.choice, Quot.sound]
2026-10-08T23:51:54.7493705Z info: AxiomAudit.lean:2094:0: 'ASGinzburg.ZAlgebra.representable_higher_ext_eq_zero' depends on axioms: [propext, Classical.choice, Quot.sound]
2026-10-08T23:51:54.7494079Z info: AxiomAudit.lean:2095:0: 'ASGinzburg.ZAlgebra.rightModuleExtPostcomp' depends on axioms: [propext, Classical.choice, Quot.sound]
2026-10-08T23:51:54.7494464Z info: AxiomAudit.lean:2096:0: 'ASGinzburg.ZAlgebra.rightModuleExtCovariant' depends on axioms: [propext, Classical.choice, Quot.sound]
2026-10-08T23:51:54.7496204Z info: AxiomAudit.lean:2097:0: 'ASGinzburg.ZAlgebra.rightModuleExtCovariantAdditive' depends on axioms: [propext, Classical.choice, Quot.sound]
2026-10-08T23:51:54.7496615Z info: AxiomAudit.lean:2098:0: 'ASGinzburg.ZAlgebra.rightModuleExtCovariantLinear' depends on axioms: [propext, Classical.choice, Quot.sound]
2026-10-08T23:51:54.7496971Z info: AxiomAudit.lean:2099:0: 'ASGinzburg.ZAlgebra.rightModuleExtLeft' depends on axioms: [propext, Classical.choice, Quot.sound]
2026-10-08T23:51:54.7497746Z info: AxiomAudit.lean:2100:0: 'ASGinzburg.ZAlgebra.rightModuleExtLeft_obj' depends on axioms: [propext, Classical.choice, Quot.sound]
2026-10-08T23:51:54.7498692Z info: AxiomAudit.lean:2101:0: 'ASGinzburg.ZAlgebra.rightModuleExtLeftZeroIso' depends on axioms: [propext, Classical.choice, Quot.sound]
2026-10-08T23:51:54.7499158Z info: AxiomAudit.lean:2102:0: 'ASGinzburg.ZAlgebra.rightModuleExtBoundaryLeft' depends on axioms: [propext, Classical.choice, Quot.sound]
2026-10-08T23:51:54.7499550Z info: AxiomAudit.lean:2103:0: 'ASGinzburg.ZAlgebra.rightModuleExtBoundaryLeftEpi' depends on axioms: [propext, Classical.choice, Quot.sound]
2026-10-08T23:51:54.7499973Z info: AxiomAudit.lean:2104:0: 'ASGinzburg.ZAlgebra.rightModuleExtDimensionShiftLeftIso' depends on axioms: [propext, Classical.choice, Quot.sound]
2026-10-08T23:51:54.7500407Z info: AxiomAudit.lean:2105:0: 'ASGinzburg.ZAlgebra.rightModuleExtDimensionShiftLeftIso_hom' depends on axioms: [propext, Classical.choice, Quot.sound]
2026-10-08T23:51:54.7500803Z info: AxiomAudit.lean:2106:0: 'ASGinzburg.ZAlgebra.rightModuleExtPrecompLeft' depends on axioms: [propext, Classical.choice, Quot.sound]
2026-10-08T23:51:54.7502162Z info: AxiomAudit.lean:2107:0: 'ASGinzburg.ZAlgebra.rightModuleExtPrecompLeft_boundary_zero' depends on axioms: [propext, Classical.choice, Quot.sound]
2026-10-08T23:51:54.7502578Z info: AxiomAudit.lean:2108:0: 'ASGinzburg.ZAlgebra.rightModuleADualMap_extLeftZeroIso_inv' depends on axioms: [propext, Classical.choice, Quot.sound]
2026-10-08T23:51:54.7504443Z info: AxiomAudit.lean:2109:0: 'ASGinzburg.ZAlgebra.rightModuleExtBoundaryLeft_exact' depends on axioms: [propext, Classical.choice, Quot.sound]
2026-10-08T23:51:54.7504788Z info: AxiomAudit.lean:2110:0: 'ASGinzburg.ZAlgebra.shiftedHomModule' depends on axioms: [propext, Classical.choice, Quot.sound]
2026-10-08T23:51:54.7505187Z info: AxiomAudit.lean:2111:0: 'ASGinzburg.ZAlgebra.rightModuleDerivedLinear' depends on axioms: [propext, Classical.choice, Quot.sound]
2026-10-08T23:51:54.7506538Z info: AxiomAudit.lean:2112:0: 'ASGinzburg.ZAlgebra.rightModuleDerivedQhLinear' depends on axioms: [propext, Classical.choice, Quot.sound]
2026-10-08T23:51:54.7506946Z info: AxiomAudit.lean:2113:0: 'ASGinzburg.ZAlgebra.rightModuleDerivedSingleLinear' depends on axioms: [propext, Classical.choice, Quot.sound]
2026-10-08T23:51:54.7508746Z info: AxiomAudit.lean:2114:0: 'ASGinzburg.ZAlgebra.rightModuleExtHomAddEquiv' depends on axioms: [propext, Classical.choice, Quot.sound]
2026-10-08T23:51:54.7509112Z info: AxiomAudit.lean:2115:0: 'ASGinzburg.ZAlgebra.rightModuleExtModule' depends on axioms: [propext, Classical.choice, Quot.sound]
2026-10-08T23:51:54.7509502Z info: AxiomAudit.lean:2116:0: 'ASGinzburg.ZAlgebra.rightModuleExtHomLinearEquiv' depends on axioms: [propext, Classical.choice, Quot.sound]
2026-10-08T23:51:54.7511001Z info: AxiomAudit.lean:2117:0: 'ASGinzburg.ZAlgebra.rightModuleExt_mk₀_smul' depends on axioms: [propext, Classical.choice, Quot.sound]
2026-10-08T23:51:54.7511398Z info: AxiomAudit.lean:2118:0: 'ASGinzburg.ZAlgebra.rightModuleExtZeroLinearEquiv' depends on axioms: [propext, Classical.choice, Quot.sound]
2026-10-08T23:51:54.7511816Z info: AxiomAudit.lean:2119:0: 'ASGinzburg.ZAlgebra.representableExtZeroLinearEquiv' depends on axioms: [propext, Classical.choice, Quot.sound]
2026-10-08T23:51:54.7512186Z info: AxiomAudit.lean:2120:0: 'ASGinzburg.ZAlgebra.rightModuleExtPrecomp' depends on axioms: [propext, Classical.choice, Quot.sound]
2026-10-08T23:51:54.7513787Z info: AxiomAudit.lean:2121:0: 'ASGinzburg.ZAlgebra.rightModuleExtPrecompNat' depends on axioms: [propext, Classical.choice, Quot.sound]
2026-10-08T23:51:54.7514175Z info: AxiomAudit.lean:2122:0: 'ASGinzburg.ZAlgebra.rightModuleExtBoundaryNat' depends on axioms: [propext, Classical.choice, Quot.sound]
2026-10-08T23:51:54.7514593Z info: AxiomAudit.lean:2123:0: 'ASGinzburg.ZAlgebra.rightModuleExtDimensionShiftNatIso' depends on axioms: [propext, Classical.choice, Quot.sound]
2026-10-08T23:51:54.7516155Z info: AxiomAudit.lean:2124:0: 'ASGinzburg.ZAlgebra.rightModuleExtPrecompNat_boundary_zero' depends on axioms: [propext, Classical.choice, Quot.sound]
2026-10-08T23:51:54.7516579Z info: AxiomAudit.lean:2125:0: 'ASGinzburg.ZAlgebra.rightModuleExtBoundaryShortComplex' depends on axioms: [propext, Classical.choice, Quot.sound]
2026-10-08T23:51:54.7516964Z info: AxiomAudit.lean:2126:0: 'ASGinzburg.ZAlgebra.rightModuleExtBoundaryShortComplex_exact_component' depends on axioms: [propext,
2026-10-08T23:51:54.7517047Z  Classical.choice,
2026-10-08T23:51:54.7517142Z  Quot.sound]
2026-10-08T23:51:54.7518488Z info: AxiomAudit.lean:2127:0: 'ASGinzburg.ZAlgebra.rightModuleExtBoundaryNatAppEpi' depends on axioms: [propext, Classical.choice, Quot.sound]
2026-10-08T23:51:54.7518984Z info: AxiomAudit.lean:2128:0: 'ASGinzburg.ZAlgebra.rightModuleExtBoundaryNatEpi' depends on axioms: [propext, Classical.choice, Quot.sound]
2026-10-08T23:51:54.7519417Z info: AxiomAudit.lean:2129:0: 'ASGinzburg.ZAlgebra.rightModuleExtBoundaryCoforkIsColimit' depends on axioms: [propext, Classical.choice, Quot.sound]
2026-10-08T23:51:54.7519801Z info: AxiomAudit.lean:2130:0: 'ASGinzburg.ZAlgebra.rightModuleExtCokernelNatIso' depends on axioms: [propext, Classical.choice, Quot.sound]
2026-10-08T23:51:54.7521064Z info: AxiomAudit.lean:2131:0: 'ASGinzburg.ZAlgebra.rightModuleExtCokernelNatIso_π_hom' depends on axioms: [propext, Classical.choice, Quot.sound]
2026-10-08T23:51:54.7521948Z info: AxiomAudit.lean:2132:0: 'ASGinzburg.ZAlgebra.rightModuleDerivedShiftLinear' depends on axioms: [propext, Classical.choice, Quot.sound]
2026-10-08T23:51:54.7523362Z info: AxiomAudit.lean:2133:0: 'ASGinzburg.ZAlgebra.rightModuleExt_smul_comp' depends on axioms: [propext, Classical.choice, Quot.sound]
2026-10-08T23:51:54.7523899Z info: AxiomAudit.lean:2134:0: 'ASGinzburg.ZAlgebra.rightModuleExt_comp_smul' depends on axioms: [propext, Classical.choice, Quot.sound]
2026-10-08T23:51:54.7524418Z info: AxiomAudit.lean:2135:0: 'ASGinzburg.ZAlgebra.rightModuleExtBoundary' depends on axioms: [propext, Classical.choice, Quot.sound]
2026-10-08T23:51:54.7524828Z info: AxiomAudit.lean:2136:0: 'ASGinzburg.ZAlgebra.rightModuleExtBoundary_bijective' depends on axioms: [propext, Classical.choice, Quot.sound]
2026-10-08T23:51:54.7525266Z info: AxiomAudit.lean:2137:0: 'ASGinzburg.ZAlgebra.rightModuleExtDimensionShift' depends on axioms: [propext, Classical.choice, Quot.sound]
2026-10-08T23:51:54.7526911Z info: AxiomAudit.lean:2138:0: 'ASGinzburg.ZAlgebra.rightModuleExtZeroBoundary_bijective' depends on axioms: [propext, Classical.choice, Quot.sound]
2026-10-08T23:51:54.7544182Z info: AxiomAudit.lean:2139:0: 'ASGinzburg.ZAlgebra.rightModuleExtZeroDimensionShift' depends on axioms: [propext, Classical.choice, Quot.sound]
2026-10-08T23:51:54.7544606Z info: AxiomAudit.lean:2140:0: 'ASGinzburg.ZAlgebra.rightModuleHomPrecomp' depends on axioms: [propext, Classical.choice, Quot.sound]
2026-10-08T23:51:54.7545005Z info: AxiomAudit.lean:2141:0: 'ASGinzburg.ZAlgebra.rightModuleHomPrecomp_injective' depends on axioms: [propext, Classical.choice, Quot.sound]
2026-10-08T23:51:54.7545953Z info: AxiomAudit.lean:2142:0: 'ASGinzburg.ZAlgebra.rightModuleHomFinite_of_epi' depends on axioms: [propext, Classical.choice, Quot.sound]
2026-10-08T23:51:54.7546364Z info: AxiomAudit.lean:2143:0: 'ASGinzburg.ZAlgebra.rightModuleCoproductHomLinearEquiv' depends on axioms: [propext, Classical.choice, Quot.sound]
2026-10-08T23:51:54.7546938Z info: AxiomAudit.lean:2144:0: 'ASGinzburg.ZAlgebra.rightModuleCoproductHomFinite' depends on axioms: [propext, Classical.choice, Quot.sound]
2026-10-08T23:51:54.7547315Z info: AxiomAudit.lean:2145:0: 'ASGinzburg.ZAlgebra.representableHomFinite' depends on axioms: [propext, Classical.choice, Quot.sound]
2026-10-08T23:51:54.7547747Z info: AxiomAudit.lean:2146:0: 'ASGinzburg.ZAlgebra.representableHomRepresentableFinite' depends on axioms: [propext, Classical.choice, Quot.sound]
2026-10-08T23:51:54.7549344Z info: AxiomAudit.lean:2147:0: 'ASGinzburg.ZAlgebra.asResolutionTerm₁HomFinite' depends on axioms: [propext, Classical.choice, Quot.sound]
2026-10-08T23:51:54.7549834Z info: AxiomAudit.lean:2148:0: 'ASGinzburg.ZAlgebra.asResolutionTerm₂HomFinite' depends on axioms: [propext, Classical.choice, Quot.sound]
2026-10-08T23:51:54.7550505Z info: AxiomAudit.lean:2149:0: 'ASGinzburg.ZAlgebra.rightModuleHomPrecompNat' depends on axioms: [propext, Classical.choice, Quot.sound]
2026-10-08T23:51:54.7551524Z info: AxiomAudit.lean:2150:0: 'ASGinzburg.ZAlgebra.rightModuleHomPrecompNat_comp_zero' depends on axioms: [propext, Classical.choice, Quot.sound]
2026-10-08T23:51:54.7551914Z info: AxiomAudit.lean:2151:0: 'ASGinzburg.ZAlgebra.rightModuleHomShortComplex' depends on axioms: [propext, Classical.choice, Quot.sound]
2026-10-08T23:51:54.7552286Z info: AxiomAudit.lean:2152:0: 'ASGinzburg.ZAlgebra.rightModuleHomShortComplex_exact_component' depends on axioms: [propext,
2026-10-08T23:51:54.7553186Z  Classical.choice,
2026-10-08T23:51:54.7553571Z  Quot.sound]
2026-10-08T23:51:54.7553987Z info: AxiomAudit.lean:2153:0: 'ASGinzburg.ZAlgebra.rightModuleHomPrecompNatAppMono' depends on axioms: [propext, Classical.choice, Quot.sound]
2026-10-08T23:51:54.7555622Z info: AxiomAudit.lean:2154:0: 'ASGinzburg.ZAlgebra.rightModuleHomPrecompNatMono' depends on axioms: [propext, Classical.choice, Quot.sound]
2026-10-08T23:51:54.7556019Z info: AxiomAudit.lean:2155:0: 'ASGinzburg.ZAlgebra.rightModuleHomKernelForkIsLimit' depends on axioms: [propext, Classical.choice, Quot.sound]
2026-10-08T23:51:54.7556553Z info: AxiomAudit.lean:2156:0: 'ASGinzburg.ZAlgebra.rightModuleHomKernelNatIso' depends on axioms: [propext, Classical.choice, Quot.sound]
2026-10-08T23:51:54.7557546Z info: AxiomAudit.lean:2157:0: 'ASGinzburg.ZAlgebra.rightModuleHomKernelNatIso_hom_ι' depends on axioms: [propext, Classical.choice, Quot.sound]
2026-10-08T23:51:54.7558414Z info: AxiomAudit.lean:2158:0: 'ASGinzburg.ZAlgebra.rightModuleHomPreservesExactColimits' depends on axioms: [propext, Classical.choice, Quot.sound]
2026-10-08T23:51:54.7559014Z info: AxiomAudit.lean:2159:0: 'ASGinzburg.ZAlgebra.rightModuleEvaluation' depends on axioms: [propext, Classical.choice, Quot.sound]
2026-10-08T23:51:54.7559391Z info: AxiomAudit.lean:2160:0: 'ASGinzburg.ZAlgebra.rightModuleEvaluationAdditive' depends on axioms: [propext, Classical.choice, Quot.sound]
2026-10-08T23:51:54.7560967Z info: AxiomAudit.lean:2161:0: 'ASGinzburg.ZAlgebra.rightModuleEvaluationPreservesFiniteLimits' depends on axioms: [propext,
2026-10-08T23:51:54.7561042Z  Classical.choice,
2026-10-08T23:51:54.7561126Z  Quot.sound]
2026-10-08T23:51:54.7561489Z info: AxiomAudit.lean:2162:0: 'ASGinzburg.ZAlgebra.rightModuleEvaluationPreservesFiniteColimits' depends on axioms: [propext,
2026-10-08T23:51:54.7561566Z  Classical.choice,
2026-10-08T23:51:54.7561640Z  Quot.sound]
2026-10-08T23:51:54.7562954Z info: AxiomAudit.lean:2163:0: 'ASGinzburg.ZAlgebra.rightModuleInclusionPreservesHomology' depends on axioms: [propext, Classical.choice, Quot.sound]
2026-10-08T23:51:54.7563526Z info: AxiomAudit.lean:2164:0: 'ASGinzburg.ZAlgebra.rightModuleEvaluationPreservesHomology' depends on axioms: [propext, Classical.choice, Quot.sound]
2026-10-08T23:51:54.7563944Z info: AxiomAudit.lean:2165:0: 'ASGinzburg.ZAlgebra.rightModuleKernelObjIso' depends on axioms: [propext, Classical.choice, Quot.sound]
2026-10-08T23:51:54.7565574Z info: AxiomAudit.lean:2166:0: 'ASGinzburg.ZAlgebra.rightModuleCokernelObjIso' depends on axioms: [propext, Classical.choice, Quot.sound]
2026-10-08T23:51:54.7566071Z info: AxiomAudit.lean:2167:0: 'ASGinzburg.ZAlgebra.rightModuleHomologyObjIso' depends on axioms: [propext, Classical.choice, Quot.sound]
2026-10-08T23:51:54.7566437Z info: AxiomAudit.lean:2168:0: 'ASGinzburg.ZAlgebra.rightModule_exact_iff_inclusion' depends on axioms: [propext, Classical.choice, Quot.sound]
2026-10-08T23:51:54.7567869Z info: AxiomAudit.lean:2169:0: 'ASGinzburg.ZAlgebra.rightModuleKernelObjIso_inv_ι' depends on axioms: [propext, Classical.choice, Quot.sound]
2026-10-08T23:51:54.7568459Z info: AxiomAudit.lean:2170:0: 'ASGinzburg.ZAlgebra.rightModuleCokernelObjIso_π_hom' depends on axioms: [propext, Classical.choice, Quot.sound]
2026-10-08T23:51:54.7568913Z info: AxiomAudit.lean:2171:0: 'ASGinzburg.ZAlgebra.rightModule_mono_iff' depends on axioms: [propext, Classical.choice, Quot.sound]
2026-10-08T23:51:54.7570260Z info: AxiomAudit.lean:2172:0: 'ASGinzburg.ZAlgebra.rightModule_epi_iff' depends on axioms: [propext, Classical.choice, Quot.sound]
2026-10-08T23:51:54.7570632Z info: AxiomAudit.lean:2173:0: 'ASGinzburg.ZAlgebra.rightModule_mono_iff_injective' depends on axioms: [propext, Classical.choice, Quot.sound]
2026-10-08T23:51:54.7571019Z info: AxiomAudit.lean:2174:0: 'ASGinzburg.ZAlgebra.rightModule_epi_iff_surjective' depends on axioms: [propext, Classical.choice, Quot.sound]
2026-10-08T23:51:54.7572574Z info: AxiomAudit.lean:2175:0: 'ASGinzburg.ZAlgebra.rightModule_exact_iff' depends on axioms: [propext, Classical.choice, Quot.sound]
2026-10-08T23:51:54.7572956Z info: AxiomAudit.lean:2176:0: 'ASGinzburg.ZAlgebra.rightModule_exact_iff_range_eq_ker' depends on axioms: [propext, Classical.choice, Quot.sound]
2026-10-08T23:51:54.7573328Z info: AxiomAudit.lean:2177:0: 'ASGinzburg.ZAlgebra.rightModule_shortExact_iff' depends on axioms: [propext, Classical.choice, Quot.sound]
2026-10-08T23:51:54.7574781Z info: AxiomAudit.lean:2178:0: 'ASGinzburg.ZAlgebra.IsMinimalMorphism' depends on axioms: [propext, Classical.choice, Quot.sound]
2026-10-08T23:51:54.7575167Z info: AxiomAudit.lean:2179:0: 'ASGinzburg.ZAlgebra.isMinimalMorphism_iff_range_le' depends on axioms: [propext, Classical.choice, Quot.sound]
2026-10-08T23:51:54.7576169Z info: AxiomAudit.lean:2180:0: 'ASGinzburg.ZAlgebra.minimalMorphismLift' depends on axioms: [propext, Classical.choice, Quot.sound]
2026-10-08T23:51:54.7576937Z info: AxiomAudit.lean:2181:0: 'ASGinzburg.ZAlgebra.minimalMorphismLift_inclusion' depends on axioms: [propext, Classical.choice, Quot.sound]
2026-10-08T23:51:54.7577314Z info: AxiomAudit.lean:2182:0: 'ASGinzburg.ZAlgebra.isMinimalMorphism_of_factor' depends on axioms: [propext, Classical.choice, Quot.sound]
2026-10-08T23:51:54.7577691Z info: AxiomAudit.lean:2183:0: 'ASGinzburg.ZAlgebra.isMinimalMorphism_iff_factors' depends on axioms: [propext, Classical.choice, Quot.sound]
2026-10-08T23:51:54.7578043Z info: AxiomAudit.lean:2184:0: 'ASGinzburg.ZAlgebra.isMinimalMorphism_zero' depends on axioms: [propext, Classical.choice, Quot.sound]
2026-10-08T23:51:54.7578405Z info: AxiomAudit.lean:2185:0: 'ASGinzburg.ZAlgebra.isMinimalMorphism_comp_left' depends on axioms: [propext, Classical.choice, Quot.sound]
2026-10-08T23:51:54.7580168Z info: AxiomAudit.lean:2186:0: 'ASGinzburg.ZAlgebra.isMinimalMorphism_comp_right' depends on axioms: [propext, Classical.choice, Quot.sound]
2026-10-08T23:51:54.7580527Z info: AxiomAudit.lean:2187:0: 'ASGinzburg.ZAlgebra.representableToElement' depends on axioms: [propext, Classical.choice, Quot.sound]
2026-10-08T23:51:54.7581911Z info: AxiomAudit.lean:2188:0: 'ASGinzburg.ZAlgebra.representableYonedaEquiv' depends on axioms: [propext, Classical.choice, Quot.sound]
2026-10-08T23:51:54.7582303Z info: AxiomAudit.lean:2189:0: 'ASGinzburg.ZAlgebra.representableYonedaEquiv_apply' depends on axioms: [propext, Classical.choice, Quot.sound]
2026-10-08T23:51:54.7582689Z info: AxiomAudit.lean:2190:0: 'ASGinzburg.ZAlgebra.representableYonedaEquiv_comp' depends on axioms: [propext, Classical.choice, Quot.sound]
2026-10-08T23:51:54.7583084Z info: AxiomAudit.lean:2191:0: 'ASGinzburg.ZAlgebra.representableYonedaEquiv_symm_app' depends on axioms: [propext, Classical.choice, Quot.sound]
2026-10-08T23:51:54.7583665Z info: AxiomAudit.lean:2192:0: 'ASGinzburg.ZAlgebra.representableProjective' depends on axioms: [propext, Classical.choice, Quot.sound]
2026-10-08T23:51:54.7584049Z info: AxiomAudit.lean:2193:0: 'ASGinzburg.ZAlgebra.positiveActionSpan_action_mem' depends on axioms: [propext, Classical.choice, Quot.sound]
2026-10-08T23:51:54.7584395Z info: AxiomAudit.lean:2194:0: 'ASGinzburg.ZAlgebra.rightModuleRadical' depends on axioms: [propext, Classical.choice, Quot.sound]
2026-10-08T23:51:54.7586148Z info: AxiomAudit.lean:2195:0: 'ASGinzburg.ZAlgebra.positiveActionSpan_map_mem' depends on axioms: [propext, Classical.choice, Quot.sound]
2026-10-08T23:51:54.7586514Z info: AxiomAudit.lean:2196:0: 'ASGinzburg.ZAlgebra.rightModuleRadicalMap' depends on axioms: [propext, Classical.choice, Quot.sound]
2026-10-08T23:51:54.7586905Z info: AxiomAudit.lean:2197:0: 'ASGinzburg.ZAlgebra.rightModuleRadicalMap_inclusion' depends on axioms: [propext, Classical.choice, Quot.sound]
2026-10-08T23:51:54.7587804Z info: AxiomAudit.lean:2198:0: 'ASGinzburg.ZAlgebra.rightModuleRadicalFunctor' depends on axioms: [propext, Classical.choice, Quot.sound]
2026-10-08T23:51:54.7588514Z info: AxiomAudit.lean:2199:0: 'ASGinzburg.ZAlgebra.rightModuleRadicalFunctorAdditive' depends on axioms: [propext, Classical.choice, Quot.sound]
2026-10-08T23:51:54.7589017Z info: AxiomAudit.lean:2200:0: 'ASGinzburg.ZAlgebra.rightModuleRadicalFunctorLinear' depends on axioms: [propext, Classical.choice, Quot.sound]
2026-10-08T23:51:54.7589370Z info: AxiomAudit.lean:2201:0: 'ASGinzburg.ZAlgebra.rightModuleRadical_representable_component' depends on axioms: [propext,
2026-10-08T23:51:54.7590188Z  Classical.choice,
2026-10-08T23:51:54.7590754Z  Quot.sound]
2026-10-08T23:51:54.7591123Z info: AxiomAudit.lean:2202:0: 'ASGinzburg.ZAlgebra.positiveActionSpan_simple_eq_bot' depends on axioms: [propext, Classical.choice, Quot.sound]
2026-10-08T23:51:54.7591504Z info: AxiomAudit.lean:2203:0: 'ASGinzburg.ZAlgebra.radical_inclusion_comp_simple_eq_zero' depends on axioms: [propext, Classical.choice, Quot.sound]
2026-10-08T23:51:54.7593154Z info: AxiomAudit.lean:2204:0: 'ASGinzburg.ZAlgebra.minimalMorphism_comp_simple_eq_zero' depends on axioms: [propext, Classical.choice, Quot.sound]
2026-10-08T23:51:54.7593536Z info: AxiomAudit.lean:2205:0: 'ASGinzburg.ZAlgebra.rightResolutionExtTopProjection' depends on axioms: [propext, Classical.choice, Quot.sound]
2026-10-08T23:51:54.7593946Z info: AxiomAudit.lean:2206:0: 'ASGinzburg.ZAlgebra.rightResolutionExtTopProjectionEpi' depends on axioms: [propext, Classical.choice, Quot.sound]
2026-10-08T23:51:54.7595767Z info: AxiomAudit.lean:2207:0: 'ASGinzburg.ZAlgebra.rightResolutionExtTopProjection_dual_d₃' depends on axioms: [propext, Classical.choice, Quot.sound]
2026-10-08T23:51:54.7596228Z info: AxiomAudit.lean:2208:0: 'ASGinzburg.ZAlgebra.rightResolutionExtTopProjection_exact' depends on axioms: [propext, Classical.choice, Quot.sound]
2026-10-08T23:51:54.7596602Z info: AxiomAudit.lean:2209:0: 'ASGinzburg.ZAlgebra.rightResolutionDualComplex' depends on axioms: [propext, Classical.choice, Quot.sound]
2026-10-08T23:51:54.7598003Z info: AxiomAudit.lean:2210:0: 'ASGinzburg.ZAlgebra.rightResolutionDualComplexEvaluationIso' depends on axioms: [propext, Classical.choice, Quot.sound]
2026-10-08T23:51:54.7598518Z info: AxiomAudit.lean:2211:0: 'ASGinzburg.ZAlgebra.rightResolutionDualComplex_exactAt_low' depends on axioms: [propext, Classical.choice, Quot.sound]
2026-10-08T23:51:54.7599061Z info: AxiomAudit.lean:2212:0: 'ASGinzburg.ZAlgebra.rightResolutionDual_first_mono' depends on axioms: [propext, Classical.choice, Quot.sound]
2026-10-08T23:51:54.7599432Z info: AxiomAudit.lean:2213:0: 'ASGinzburg.ZAlgebra.rightResolutionDualFourTerm' depends on axioms: [propext, Classical.choice, Quot.sound]
2026-10-08T23:51:54.7599819Z info: AxiomAudit.lean:2214:0: 'ASGinzburg.ZAlgebra.rightResolutionDualFourTerm_finite' depends on axioms: [propext, Classical.choice, Quot.sound]
2026-10-08T23:51:54.7601542Z info: AxiomAudit.lean:2215:0: 'ASGinzburg.ZAlgebra.rightResolutionBidualTermIso' depends on axioms: [propext, Classical.choice, Quot.sound]
2026-10-08T23:51:54.7601945Z info: AxiomAudit.lean:2216:0: 'ASGinzburg.ZAlgebra.rightResolutionBidualTopProjection' depends on axioms: [propext, Classical.choice, Quot.sound]
2026-10-08T23:51:54.7603496Z info: AxiomAudit.lean:2217:0: 'ASGinzburg.ZAlgebra.rightResolutionBidualTopProjectionEpi' depends on axioms: [propext, Classical.choice, Quot.sound]
2026-10-08T23:51:54.7603831Z info: AxiomAudit.lean:2218:0: 'ASGinzburg.ZAlgebra.rightResolutionBidualTopDifferential_comm' depends on axioms: [propext,
2026-10-08T23:51:54.7603908Z  Classical.choice,
2026-10-08T23:51:54.7603977Z  Quot.sound]
2026-10-08T23:51:54.7604330Z info: AxiomAudit.lean:2219:0: 'ASGinzburg.ZAlgebra.rightResolutionBidualTopProjection_differential' depends on axioms: [propext,
2026-10-08T23:51:54.7604401Z  Classical.choice,
2026-10-08T23:51:54.7604473Z  Quot.sound]
2026-10-08T23:51:54.7606235Z info: AxiomAudit.lean:2220:0: 'ASGinzburg.ZAlgebra.rightResolutionBidualTopProjection_exact' depends on axioms: [propext,
2026-10-08T23:51:54.7606318Z  Classical.choice,
2026-10-08T23:51:54.7606407Z  Quot.sound]
2026-10-08T23:51:54.7606863Z info: AxiomAudit.lean:2221:0: 'ASGinzburg.ZAlgebra.rightResolutionExtBidualIso' depends on axioms: [propext, Classical.choice, Quot.sound]
2026-10-08T23:51:54.7607291Z info: AxiomAudit.lean:2222:0: 'ASGinzburg.ZAlgebra.rightSingleSupportComponentIso' depends on axioms: [propext, Classical.choice, Quot.sound]
2026-10-08T23:51:54.7608985Z info: AxiomAudit.lean:2223:0: 'ASGinzburg.ZAlgebra.rightSingleSupportIso' depends on axioms: [propext, Classical.choice, Quot.sound]
2026-10-08T23:51:54.7609311Z info: AxiomAudit.lean:2224:0: 'ASGinzburg.ZAlgebra.RightSubmodule' depends on axioms: [propext, Classical.choice, Quot.sound]
2026-10-08T23:51:54.7609673Z info: AxiomAudit.lean:2225:0: 'ASGinzburg.ZAlgebra.RightSubmodule.presheaf' depends on axioms: [propext, Classical.choice, Quot.sound]
2026-10-08T23:51:54.7610181Z info: AxiomAudit.lean:2226:0: 'ASGinzburg.ZAlgebra.RightSubmodule.presheafAdditive' depends on axioms: [propext, Classical.choice, Quot.sound]
2026-10-08T23:51:54.7611745Z info: AxiomAudit.lean:2227:0: 'ASGinzburg.ZAlgebra.RightSubmodule.presheafLinear' depends on axioms: [propext, Classical.choice, Quot.sound]
2026-10-08T23:51:54.7612109Z info: AxiomAudit.lean:2228:0: 'ASGinzburg.ZAlgebra.RightSubmodule.object' depends on axioms: [propext, Classical.choice, Quot.sound]
2026-10-08T23:51:54.7612471Z info: AxiomAudit.lean:2229:0: 'ASGinzburg.ZAlgebra.RightSubmodule.inclusion' depends on axioms: [propext, Classical.choice, Quot.sound]
2026-10-08T23:51:54.7613916Z info: AxiomAudit.lean:2230:0: 'ASGinzburg.ZAlgebra.RightSubmodule.inclusionMono' depends on axioms: [propext, Classical.choice, Quot.sound]
2026-10-08T23:51:54.7614324Z info: AxiomAudit.lean:2231:0: 'ASGinzburg.ZAlgebra.RightSubmodule.quotient' depends on axioms: [propext, Classical.choice, Quot.sound]
2026-10-08T23:51:54.7614807Z info: AxiomAudit.lean:2232:0: 'ASGinzburg.ZAlgebra.RightSubmodule.quotientπ' depends on axioms: [propext, Classical.choice, Quot.sound]
2026-10-08T23:51:54.7616191Z info: AxiomAudit.lean:2233:0: 'ASGinzburg.ZAlgebra.RightSubmodule.quotientπEpi' depends on axioms: [propext, Classical.choice, Quot.sound]
2026-10-08T23:51:54.7616623Z info: AxiomAudit.lean:2234:0: 'ASGinzburg.ZAlgebra.RightSubmodule.quotientShortComplex' depends on axioms: [propext, Classical.choice, Quot.sound]
2026-10-08T23:51:54.7617031Z info: AxiomAudit.lean:2235:0: 'ASGinzburg.ZAlgebra.RightSubmodule.quotientShortExact' depends on axioms: [propext, Classical.choice, Quot.sound]
2026-10-08T23:51:54.7617747Z info: AxiomAudit.lean:2236:0: 'ASGinzburg.shortExactSnakeInput' depends on axioms: [propext, Classical.choice, Quot.sound]
2026-10-08T23:51:54.7619207Z info: AxiomAudit.lean:2237:0: 'ASGinzburg.kernel_shortExact_of_epi_first' depends on axioms: [propext, Classical.choice, Quot.sound]
2026-10-08T23:51:54.7619709Z info: AxiomAudit.lean:2238:0: 'ASGinzburg.ZAlgebra.leftRepresentableRadical' depends on axioms: [propext, Classical.choice, Quot.sound]
2026-10-08T23:51:54.7620078Z info: AxiomAudit.lean:2239:0: 'ASGinzburg.ZAlgebra.positiveLeftActionSpan' depends on axioms: [propext, Classical.choice, Quot.sound]
2026-10-08T23:51:54.7621541Z info: AxiomAudit.lean:2240:0: 'ASGinzburg.ZAlgebra.leftRepresentableRadical_eq_positiveLeftActionSpan' depends on axioms: [propext,
2026-10-08T23:51:54.7621618Z  Classical.choice,
2026-10-08T23:51:54.7621694Z  Quot.sound]
2026-10-08T23:51:54.7622042Z info: AxiomAudit.lean:2241:0: 'ASGinzburg.ZAlgebra.simpleLeftModule' depends on axioms: [propext, Classical.choice, Quot.sound]
2026-10-08T23:51:54.7622800Z info: AxiomAudit.lean:2242:0: 'ASGinzburg.ZAlgebra.simpleLeftModuleπ' depends on axioms: [propext, Classical.choice, Quot.sound]
2026-10-08T23:51:54.7623792Z info: AxiomAudit.lean:2243:0: 'ASGinzburg.ZAlgebra.simpleLeftModuleπEpi' depends on axioms: [propext, Classical.choice, Quot.sound]
2026-10-08T23:51:54.7625450Z info: AxiomAudit.lean:2244:0: 'ASGinzburg.ZAlgebra.leftRepresentableRadical_diagonal_zero' depends on axioms: [propext, Classical.choice, Quot.sound]
2026-10-08T23:51:54.7625893Z info: AxiomAudit.lean:2245:0: 'ASGinzburg.ZAlgebra.simpleLeftModuleDiagonalIso' depends on axioms: [propext, Classical.choice, Quot.sound]
2026-10-08T23:51:54.7626267Z info: AxiomAudit.lean:2246:0: 'ASGinzburg.ZAlgebra.simpleLeftModule_off_diagonal' depends on axioms: [propext, Classical.choice, Quot.sound]
2026-10-08T23:51:54.7627730Z info: AxiomAudit.lean:2247:0: 'ASGinzburg.ZAlgebra.simpleLeftModule_diagonal_finrank' depends on axioms: [propext, Classical.choice, Quot.sound]
2026-10-08T23:51:54.7628135Z info: AxiomAudit.lean:2248:0: 'ASGinzburg.ZAlgebra.simpleLeftModuleDiagonalSimple' depends on axioms: [propext, Classical.choice, Quot.sound]
2026-10-08T23:51:54.7629862Z info: AxiomAudit.lean:2249:0: 'ASGinzburg.ZAlgebra.simpleLeftModule_hom_eq_zero_iff' depends on axioms: [propext, Classical.choice, Quot.sound]
2026-10-08T23:51:54.7631027Z info: AxiomAudit.lean:2250:0: 'ASGinzburg.ZAlgebra.simpleLeftModuleSimple' depends on axioms: [propext, Classical.choice, Quot.sound]
2026-10-08T23:51:54.7631571Z info: AxiomAudit.lean:2251:0: 'ASGinzburg.ZAlgebra.simpleLeftModule_shortExact' depends on axioms: [propext, Classical.choice, Quot.sound]
2026-10-08T23:51:54.7631911Z info: AxiomAudit.lean:2252:0: 'ASGinzburg.ZAlgebra.representableRadical' depends on axioms: [propext, Classical.choice, Quot.sound]
2026-10-08T23:51:54.7632274Z info: AxiomAudit.lean:2253:0: 'ASGinzburg.ZAlgebra.positiveActionSpan' depends on axioms: [propext, Classical.choice, Quot.sound]
2026-10-08T23:51:54.7633545Z info: AxiomAudit.lean:2254:0: 'ASGinzburg.ZAlgebra.representableRadical_eq_positiveActionSpan' depends on axioms: [propext,
2026-10-08T23:51:54.7633626Z  Classical.choice,
2026-10-08T23:51:54.7633702Z  Quot.sound]
2026-10-08T23:51:54.7634052Z info: AxiomAudit.lean:2255:0: 'ASGinzburg.ZAlgebra.simpleRightModule' depends on axioms: [propext, Classical.choice, Quot.sound]
2026-10-08T23:51:54.7635546Z info: AxiomAudit.lean:2256:0: 'ASGinzburg.ZAlgebra.simpleRightModuleπ' depends on axioms: [propext, Classical.choice, Quot.sound]
2026-10-08T23:51:54.7636000Z info: AxiomAudit.lean:2257:0: 'ASGinzburg.ZAlgebra.simpleRightModuleπEpi' depends on axioms: [propext, Classical.choice, Quot.sound]
2026-10-08T23:51:54.7636412Z info: AxiomAudit.lean:2258:0: 'ASGinzburg.ZAlgebra.representableRadical_diagonal_zero' depends on axioms: [propext, Classical.choice, Quot.sound]
2026-10-08T23:51:54.7636811Z info: AxiomAudit.lean:2259:0: 'ASGinzburg.ZAlgebra.simpleRightModuleDiagonalIso' depends on axioms: [propext, Classical.choice, Quot.sound]
2026-10-08T23:51:54.7637197Z info: AxiomAudit.lean:2260:0: 'ASGinzburg.ZAlgebra.simpleRightModule_off_diagonal' depends on axioms: [propext, Classical.choice, Quot.sound]
2026-10-08T23:51:54.7638724Z info: AxiomAudit.lean:2261:0: 'ASGinzburg.ZAlgebra.simpleRightModule_diagonal_finrank' depends on axioms: [propext, Classical.choice, Quot.sound]
2026-10-08T23:51:54.7639273Z info: AxiomAudit.lean:2262:0: 'ASGinzburg.ZAlgebra.simpleRightModuleDiagonalSimple' depends on axioms: [propext, Classical.choice, Quot.sound]
2026-10-08T23:51:54.7640154Z info: AxiomAudit.lean:2263:0: 'ASGinzburg.ZAlgebra.simpleRightModule_hom_eq_zero_iff' depends on axioms: [propext, Classical.choice, Quot.sound]
2026-10-08T23:51:54.7640672Z info: AxiomAudit.lean:2264:0: 'ASGinzburg.ZAlgebra.simpleRightModuleSimple' depends on axioms: [propext, Classical.choice, Quot.sound]
2026-10-08T23:51:54.7641057Z info: AxiomAudit.lean:2265:0: 'ASGinzburg.ZAlgebra.simpleRightModule_shortExact' depends on axioms: [propext, Classical.choice, Quot.sound]
2026-10-08T23:51:54.7641398Z info: AxiomAudit.lean:2266:0: 'ASGinzburg.moduleCatDualInto_isZero' depends on axioms: [propext, Classical.choice, Quot.sound]
2026-10-08T23:51:54.7642871Z info: AxiomAudit.lean:2267:0: 'ASGinzburg.ZAlgebra.rightModuleVectorDual_component_isZero' depends on axioms: [propext, Classical.choice, Quot.sound]
2026-10-08T23:51:54.7643298Z info: AxiomAudit.lean:2268:0: 'ASGinzburg.ZAlgebra.rightSimpleVectorDual_diagonal_finrank' depends on axioms: [propext, Classical.choice, Quot.sound]
2026-10-08T23:51:54.7643715Z info: AxiomAudit.lean:2269:0: 'ASGinzburg.ZAlgebra.rightSimpleVectorDualDiagonalIso' depends on axioms: [propext, Classical.choice, Quot.sound]
2026-10-08T23:51:54.7644097Z info: AxiomAudit.lean:2270:0: 'ASGinzburg.ZAlgebra.rightSimpleVectorDualIso' depends on axioms: [propext, Classical.choice, Quot.sound]
2026-10-08T23:51:54.7645695Z info: AxiomAudit.lean:2271:0: 'ASGinzburg.ZAlgebra.leftModuleVectorDual_component_isZero' depends on axioms: [propext, Classical.choice, Quot.sound]
2026-10-08T23:51:54.7646119Z info: AxiomAudit.lean:2272:0: 'ASGinzburg.ZAlgebra.leftSimpleVectorDual_diagonal_finrank' depends on axioms: [propext, Classical.choice, Quot.sound]
2026-10-08T23:51:54.7646531Z info: AxiomAudit.lean:2273:0: 'ASGinzburg.ZAlgebra.leftSimpleVectorDualDiagonalIso' depends on axioms: [propext, Classical.choice, Quot.sound]
2026-10-08T23:51:54.7647015Z info: AxiomAudit.lean:2274:0: 'ASGinzburg.ZAlgebra.leftSimpleVectorDualIso' depends on axioms: [propext, Classical.choice, Quot.sound]
2026-10-08T23:51:54.7648669Z info: AxiomAudit.lean:2275:0: 'ASGinzburg.dualIntoEvaluation' depends on axioms: [propext, Classical.choice, Quot.sound]
2026-10-08T23:51:54.7648972Z info: AxiomAudit.lean:2276:0: 'ASGinzburg.dualIntoToDual' depends on axioms: [propext, Classical.choice, Quot.sound]
2026-10-08T23:51:54.7649330Z info: AxiomAudit.lean:2277:0: 'ASGinzburg.dualIntoEvaluation_bijective' depends on axioms: [propext, Classical.choice, Quot.sound]
2026-10-08T23:51:54.7649661Z info: AxiomAudit.lean:2278:0: 'ASGinzburg.dualInto_finite' depends on axioms: [propext, Classical.choice, Quot.sound]
2026-10-08T23:51:54.7650996Z info: AxiomAudit.lean:2279:0: 'ASGinzburg.moduleCatDualIntoFunctor' depends on axioms: [propext, Classical.choice, Quot.sound]
2026-10-08T23:51:54.7651360Z info: AxiomAudit.lean:2280:0: 'ASGinzburg.directSum_finite_of_finite_support' depends on axioms: [propext, Classical.choice, Quot.sound]
2026-10-08T23:51:54.7651715Z info: AxiomAudit.lean:2281:0: 'ASGinzburg.moduleCatDualIntoEvaluation' depends on axioms: [propext, Classical.choice, Quot.sound]
2026-10-08T23:51:54.7652106Z info: AxiomAudit.lean:2282:0: 'ASGinzburg.moduleCatDualIntoEvaluation_bijective' depends on axioms: [propext, Classical.choice, Quot.sound]
2026-10-08T23:51:54.7653465Z info: AxiomAudit.lean:2283:0: 'ASGinzburg.ArrowSpace333' does not depend on any axioms
2026-10-08T23:51:54.7653810Z info: AxiomAudit.lean:2284:0: 'ASGinzburg.CubicTensor333' depends on axioms: [propext, Classical.choice, Quot.sound]
2026-10-08T23:51:54.7654009Z info: AxiomAudit.lean:2285:0: 'ASGinzburg.Triple333' does not depend on any axioms
2026-10-08T23:51:54.7654241Z info: AxiomAudit.lean:2286:0: 'ASGinzburg.CubicCoefficients333' does not depend on any axioms
2026-10-08T23:51:54.7655593Z info: AxiomAudit.lean:2287:0: 'ASGinzburg.CutRelations333' does not depend on any axioms
2026-10-08T23:51:54.7655996Z info: AxiomAudit.lean:2288:0: 'ASGinzburg.cubicBasis333' depends on axioms: [propext, Classical.choice, Quot.sound]
2026-10-08T23:51:54.7656329Z info: AxiomAudit.lean:2289:0: 'ASGinzburg.cubicCoordinates333' depends on axioms: [propext, Classical.choice, Quot.sound]
2026-10-08T23:51:54.7656680Z info: AxiomAudit.lean:2290:0: 'ASGinzburg.cutRelationCoordinates333' depends on axioms: [propext, Classical.choice, Quot.sound]
2026-10-08T23:51:54.7657016Z info: AxiomAudit.lean:2291:0: 'ASGinzburg.tensorToCutRelations333' depends on axioms: [propext, Classical.choice, Quot.sound]
2026-10-08T23:51:54.7657392Z info: AxiomAudit.lean:2292:0: 'ASGinzburg.tensor_recovered_from_cut_relations333' depends on axioms: [propext, Classical.choice, Quot.sound]
2026-10-08T23:51:54.7657741Z info: AxiomAudit.lean:2293:0: 'ASGinzburg.cubicTensor333_finrank' depends on axioms: [propext, Classical.choice, Quot.sound]
2026-10-08T23:51:54.7659413Z info: AxiomAudit.lean:2294:0: 'ASGinzburg.arrowBasisChange333' depends on axioms: [propext, Classical.choice, Quot.sound]
2026-10-08T23:51:54.7659755Z info: AxiomAudit.lean:2295:0: 'ASGinzburg.arrowBasisChange333_tmul' depends on axioms: [propext, Classical.choice, Quot.sound]
2026-10-08T23:51:54.7660676Z info: AxiomAudit.lean:2296:0: 'ASGinzburg.TopCohomology' depends on axioms: [propext, Classical.choice, Quot.sound]
2026-10-08T23:51:54.7661207Z info: AxiomAudit.lean:2297:0: 'ASGinzburg.map_from_zero_domain_eq_zero' depends on axioms: [propext, Quot.sound]
2026-10-08T23:51:54.7661519Z info: AxiomAudit.lean:2298:0: 'ASGinzburg.topCohomologyEquiv' depends on axioms: [propext, Classical.choice, Quot.sound]
2026-10-08T23:51:54.7661859Z info: AxiomAudit.lean:2299:0: 'ASGinzburg.topCohomology_finrank' depends on axioms: [propext, Classical.choice, Quot.sound]
2026-10-08T23:51:54.7663353Z info: AxiomAudit.lean:2300:0: 'ASGinzburg.topCohomology_field_finrank' depends on axioms: [propext, Classical.choice, Quot.sound]
2026-10-08T23:51:54.7663777Z info: AxiomAudit.lean:2301:0: 'ASGinzburg.ZAlgebra.totalAlgebraRepresentation_mul_mem' depends on axioms: [propext, Classical.choice, Quot.sound]
2026-10-08T23:51:54.7664237Z info: AxiomAudit.lean:2302:0: 'ASGinzburg.ZAlgebra.totalAlgebra' depends on axioms: [propext, Classical.choice, Quot.sound]
2026-10-08T23:51:54.7665313Z info: AxiomAudit.lean:2303:0: 'ASGinzburg.ZAlgebra.totalAlgebraNonUnitalRing' depends on axioms: [propext, Classical.choice, Quot.sound]
2026-10-08T23:51:54.7665848Z info: AxiomAudit.lean:2304:0: 'ASGinzburg.ZAlgebra.totalAlgebraAddCommGroup' depends on axioms: [propext, Classical.choice, Quot.sound]
2026-10-08T23:51:54.7666231Z info: AxiomAudit.lean:2305:0: 'ASGinzburg.ZAlgebra.totalAlgebraAddCommMonoid' depends on axioms: [propext, Classical.choice, Quot.sound]
2026-10-08T23:51:54.7666586Z info: AxiomAudit.lean:2306:0: 'ASGinzburg.ZAlgebra.totalAlgebraModule' depends on axioms: [propext, Classical.choice, Quot.sound]
2026-10-08T23:51:54.7666933Z info: AxiomAudit.lean:2307:0: 'ASGinzburg.ZAlgebra.totalAlgebraEquiv' depends on axioms: [propext, Classical.choice, Quot.sound]
2026-10-08T23:51:54.7668132Z info: AxiomAudit.lean:2308:0: 'ASGinzburg.ZAlgebra.totalAlgebraComponent' depends on axioms: [propext, Classical.choice, Quot.sound]
2026-10-08T23:51:54.7668824Z info: AxiomAudit.lean:2309:0: 'ASGinzburg.ZAlgebra.totalAlgebraComponent_coe' depends on axioms: [propext, Classical.choice, Quot.sound]
2026-10-08T23:51:54.7670001Z info: AxiomAudit.lean:2310:0: 'ASGinzburg.ZAlgebra.totalAlgebraComponent_mul' depends on axioms: [propext, Classical.choice, Quot.sound]
2026-10-08T23:51:54.7670431Z info: AxiomAudit.lean:2311:0: 'ASGinzburg.ZAlgebra.totalAlgebraComponent_mul_off' depends on axioms: [propext, Classical.choice, Quot.sound]
2026-10-08T23:51:54.7670786Z info: AxiomAudit.lean:2312:0: 'ASGinzburg.ZAlgebra.totalAlgebraSpace' depends on axioms: [propext, Classical.choice, Quot.sound]
2026-10-08T23:51:54.7672396Z info: AxiomAudit.lean:2313:0: 'ASGinzburg.ZAlgebra.regularComponentActionLinear' depends on axioms: [propext, Classical.choice, Quot.sound]
2026-10-08T23:51:54.7672921Z info: AxiomAudit.lean:2314:0: 'ASGinzburg.ZAlgebra.totalAlgebraRepresentation' depends on axioms: [propext, Classical.choice, Quot.sound]
2026-10-08T23:51:54.7673340Z info: AxiomAudit.lean:2315:0: 'ASGinzburg.ZAlgebra.totalAlgebraRepresentation_single' depends on axioms: [propext, Classical.choice, Quot.sound]
2026-10-08T23:51:54.7673712Z info: AxiomAudit.lean:2316:0: 'ASGinzburg.ZAlgebra.regularMatrixEntry' depends on axioms: [propext, Classical.choice, Quot.sound]
2026-10-08T23:51:54.7675233Z info: AxiomAudit.lean:2317:0: 'ASGinzburg.ZAlgebra.regularMatrixEntry_action' depends on axioms: [propext, Classical.choice, Quot.sound]
2026-10-08T23:51:54.7675626Z info: AxiomAudit.lean:2318:0: 'ASGinzburg.ZAlgebra.regularMatrixEntry_action_off' depends on axioms: [propext, Classical.choice, Quot.sound]
2026-10-08T23:51:54.7675969Z info: AxiomAudit.lean:2319:0: 'ASGinzburg.ZAlgebra.totalAlgebraEntry' depends on axioms: [propext, Classical.choice, Quot.sound]
2026-10-08T23:51:54.7676378Z info: AxiomAudit.lean:2320:0: 'ASGinzburg.ZAlgebra.totalAlgebraEntry_representation' depends on axioms: [propext, Classical.choice, Quot.sound]
2026-10-08T23:51:54.7676802Z info: AxiomAudit.lean:2321:0: 'ASGinzburg.ZAlgebra.totalAlgebraRepresentation_injective' depends on axioms: [propext, Classical.choice, Quot.sound]
2026-10-08T23:51:54.7677187Z info: AxiomAudit.lean:2322:0: 'ASGinzburg.ZAlgebra.totalAlgebraAddZeroClass' depends on axioms: [propext, Classical.choice, Quot.sound]
2026-10-08T23:51:54.7677571Z info: AxiomAudit.lean:2323:0: 'ASGinzburg.ZAlgebra.totalAlgebraLiftLinear' depends on axioms: [propext, Classical.choice, Quot.sound]
2026-10-08T23:51:54.7677974Z info: AxiomAudit.lean:2324:0: 'ASGinzburg.ZAlgebra.totalAlgebraLiftLinear_component' depends on axioms: [propext, Classical.choice, Quot.sound]
2026-10-08T23:51:54.7678353Z info: AxiomAudit.lean:2325:0: 'ASGinzburg.ZAlgebra.totalAlgebraLiftLinear_mul' depends on axio