⚠ [3094/3262] Replayed ASGinzburg.PathAlgebra
warning: ASGinzburg/PathAlgebra.lean:97:42: This simp argument is unused:
  LinearMap.add_apply

Hint: Omit it from the simp argument list.
  [apply] simp [map_add, ih, ih']

Note: This linter can be disabled with `set_option linter.unusedSimpArgs false`
⚠ [3095/3262] Replayed ASGinzburg.GinzburgPaths
warning: ASGinzburg/GinzburgPaths.lean:155:41: This simp argument is unused:
  GinzburgArrow.source

Hint: Omit it from the simp argument list.
  [apply] simp only [Path.originalGinzburg, GinzburgArrow.target]

Note: This linter can be disabled with `set_option linter.unusedSimpArgs false`
warning: ASGinzburg/GinzburgPaths.lean:155:62: This simp argument is unused:
  GinzburgArrow.target

Hint: Omit it from the simp argument list.
  [apply] simp only [Path.originalGinzburg, GinzburgArrow.source]

Note: This linter can be disabled with `set_option linter.unusedSimpArgs false`
⚠ [3104/3262] Replayed ASGinzburg.CyclicDerivativeDegrees
warning: ASGinzburg/CyclicDerivativeDegrees.lean:21:12: `if_pos` has been deprecated: Use `ite_eq_left` instead
warning: ASGinzburg/CyclicDerivativeDegrees.lean:28:12: `if_neg` has been deprecated: Use `ite_eq_right` instead
⚠ [3105/3262] Replayed ASGinzburg.PathCyclicDerivativeDegrees
warning: ASGinzburg/PathCyclicDerivativeDegrees.lean:41:16: `Set.mem_setOf_eq` has been deprecated: Use `Set.mem_ofPred_eq` instead
⚠ [3107/3262] Replayed ASGinzburg.GinzburgGeneratorGradings
warning: ASGinzburg/GinzburgGeneratorGradings.lean:37:16: `Set.mem_setOf_eq` has been deprecated: Use `Set.mem_ofPred_eq` instead
⚠ [3108/3262] Replayed ASGinzburg.GinzburgPathFiniteness
warning: ASGinzburg/GinzburgPathFiniteness.lean:50:2: Try this: 
  letI̵

The goal is a proposition, so `let` is preferred over `letI`.
The difference between `let` and `letI` is that `letI` inlines the value.
But this is not relevant for proofs because of proof irrelevance.

Note: This linter can be disabled with `set_option linter.style.haveILetI false`
warning: ASGinzburg/GinzburgPathFiniteness.lean:70:2: Try this: 
  haveI̵

The goal is a proposition, so `have` is preferred over `haveI`.
The difference between `have` and `haveI` is that `haveI` inlines the value.
But this is not relevant for proofs because of proof irrelevance.

Note: This linter can be disabled with `set_option linter.style.haveILetI false`
warning: ASGinzburg/GinzburgPathFiniteness.lean:73:2: Try this: 
  letI̵

The goal is a proposition, so `let` is preferred over `letI`.
The difference between `let` and `letI` is that `letI` inlines the value.
But this is not relevant for proofs because of proof irrelevance.

Note: This linter can be disabled with `set_option linter.style.haveILetI false`
⚠ [3112/3262] Replayed ASGinzburg.GinzburgPathDifferential
warning: ASGinzburg/GinzburgPathDifferential.lean:2:0: 'Mathlib.Algebra.Field.Power' has been deprecated: please replace this import by

import Mathlib.Algebra.Ring.Int.Parity
⚠ [3115/3262] Replayed ASGinzburg.CyclicDerivativeCommutators
warning: ASGinzburg/CyclicDerivativeCommutators.lean:38:50: `if_true` has been deprecated: Use `ite_true` instead
⚠ [3176/3262] Replayed ASGinzburg.RightModuleAbelian
warning: ASGinzburg/RightModuleAbelian.lean:38:4: Try this: 
  letI̵

The goal is a proposition, so `let` is preferred over `letI`.
The difference between `let` and `letI` is that `letI` inlines the value.
But this is not relevant for proofs because of proof irrelevance.

Note: This linter can be disabled with `set_option linter.style.haveILetI false`
warning: ASGinzburg/RightModuleAbelian.lean:47:4: Try this: 
  letI̵

The goal is a proposition, so `let` is preferred over `letI`.
The difference between `let` and `letI` is that `letI` inlines the value.
But this is not relevant for proofs because of proof irrelevance.

Note: This linter can be disabled with `set_option linter.style.haveILetI false`
warning: ASGinzburg/RightModuleAbelian.lean:67:4: Try this: 
  letI̵

The goal is a proposition, so `let` is preferred over `letI`.
The difference between `let` and `letI` is that `letI` inlines the value.
But this is not relevant for proofs because of proof irrelevance.

Note: This linter can be disabled with `set_option linter.style.haveILetI false`
warning: ASGinzburg/RightModuleAbelian.lean:77:4: Try this: 
  letI̵

The goal is a proposition, so `let` is preferred over `letI`.
The difference between `let` and `letI` is that `letI` inlines the value.
But this is not relevant for proofs because of proof irrelevance.

Note: This linter can be disabled with `set_option linter.style.haveILetI false`
warning: ASGinzburg/RightModuleAbelian.lean:89:4: Try this: 
  letI̵

The goal is a proposition, so `let` is preferred over `letI`.
The difference between `let` and `letI` is that `letI` inlines the value.
But this is not relevant for proofs because of proof irrelevance.

Note: This linter can be disabled with `set_option linter.style.haveILetI false`
warning: ASGinzburg/RightModuleAbelian.lean:97:4: Try this: 
  letI̵

The goal is a proposition, so `let` is preferred over `letI`.
The difference between `let` and `letI` is that `letI` inlines the value.
But this is not relevant for proofs because of proof irrelevance.

Note: This linter can be disabled with `set_option linter.style.haveILetI false`
warning: ASGinzburg/RightModuleAbelian.lean:123:2: Try this: 
  haveI̵

The goal is a proposition, so `have` is preferred over `haveI`.
The difference between `have` and `haveI` is that `haveI` inlines the value.
But this is not relevant for proofs because of proof irrelevance.

Note: This linter can be disabled with `set_option linter.style.haveILetI false`
⚠ [3230/3262] Replayed ASGinzburg.RightModuleHomology
warning: ASGinzburg/RightModuleHomology.lean:90:4: Try this: 
  letI̵

The goal is a proposition, so `let` is preferred over `letI`.
The difference between `let` and `letI` is that `letI` inlines the value.
But this is not relevant for proofs because of proof irrelevance.

Note: This linter can be disabled with `set_option linter.style.haveILetI false`
warning: ASGinzburg/RightModuleHomology.lean:94:4: Try this: 
  haveI̵

The goal is a proposition, so `have` is preferred over `haveI`.
The difference between `have` and `haveI` is that `haveI` inlines the value.
But this is not relevant for proofs because of proof irrelevance.

Note: This linter can be disabled with `set_option linter.style.haveILetI false`
warning: ASGinzburg/RightModuleHomology.lean:103:4: Try this: 
  letI̵

The goal is a proposition, so `let` is preferred over `letI`.
The difference between `let` and `letI` is that `letI` inlines the value.
But this is not relevant for proofs because of proof irrelevance.

Note: This linter can be disabled with `set_option linter.style.haveILetI false`
warning: ASGinzburg/RightModuleHomology.lean:107:4: Try this: 
  haveI̵

The goal is a proposition, so `have` is preferred over `haveI`.
The difference between `have` and `haveI` is that `haveI` inlines the value.
But this is not relevant for proofs because of proof irrelevance.

Note: This linter can be disabled with `set_option linter.style.haveILetI false`
⚠ [3232/3262] Replayed ASGinzburg.RightModuleEnoughProjectives
warning: ASGinzburg/RightModuleEnoughProjectives.lean:42:12: `CategoryTheory.Limits.Sigma.ι_desc` has been deprecated: Use `CategoryTheory.Limits.Sigma.ι_comp_desc` instead
⚠ [3233/3262] Replayed ASGinzburg.RightSubmodules
warning: ASGinzburg/RightSubmodules.lean:45:4: Try this: 
  letI̵

The goal is a proposition, so `let` is preferred over `letI`.
The difference between `let` and `letI` is that `letI` inlines the value.
But this is not relevant for proofs because of proof irrelevance.

Note: This linter can be disabled with `set_option linter.style.haveILetI false`
warning: ASGinzburg/RightSubmodules.lean:55:4: Try this: 
  letI̵

The goal is a proposition, so `let` is preferred over `letI`.
The difference between `let` and `letI` is that `letI` inlines the value.
But this is not relevant for proofs because of proof irrelevance.

Note: This linter can be disabled with `set_option linter.style.haveILetI false`
⚠ [3238/3262] Replayed ASGinzburg.SimpleRightModules
warning: ASGinzburg/SimpleRightModules.lean:147:6: Try this: 
  letI̵

The goal is a proposition, so `let` is preferred over `letI`.
The difference between `let` and `letI` is that `letI` inlines the value.
But this is not relevant for proofs because of proof irrelevance.

Note: This linter can be disabled with `set_option linter.style.haveILetI false`
warning: ASGinzburg/SimpleRightModules.lean:154:6: Try this: 
  haveI̵

The goal is a proposition, so `have` is preferred over `haveI`.
The difference between `have` and `haveI` is that `haveI` inlines the value.
But this is not relevant for proofs because of proof irrelevance.

Note: This linter can be disabled with `set_option linter.style.haveILetI false`
warning: ASGinzburg/SimpleRightModules.lean:155:6: Try this: 
  haveI̵

The goal is a proposition, so `have` is preferred over `haveI`.
The difference between `have` and `haveI` is that `haveI` inlines the value.
But this is not relevant for proofs because of proof irrelevance.

Note: This linter can be disabled with `set_option linter.style.haveILetI false`
⚠ [3239/3262] Replayed ASGinzburg.RightModuleRadical
warning: ASGinzburg/RightModuleRadical.lean:23:4: Try this: 
  letI̵

The goal is a proposition, so `let` is preferred over `letI`.
The difference between `let` and `letI` is that `letI` inlines the value.
But this is not relevant for proofs because of proof irrelevance.

Note: This linter can be disabled with `set_option linter.style.haveILetI false`
⚠ [3241/3262] Replayed ASGinzburg.RightModuleSimpleHom
warning: ASGinzburg/RightModuleSimpleHom.lean:28:6: Try this: 
  haveI̵

The goal is a proposition, so `have` is preferred over `haveI`.
The difference between `have` and `haveI` is that `haveI` inlines the value.
But this is not relevant for proofs because of proof irrelevance.

Note: This linter can be disabled with `set_option linter.style.haveILetI false`
warning: ASGinzburg/RightModuleSimpleHom.lean:33:6: Try this: 
  haveI̵

The goal is a proposition, so `have` is preferred over `haveI`.
The difference between `have` and `haveI` is that `haveI` inlines the value.
But this is not relevant for proofs because of proof irrelevance.

Note: This linter can be disabled with `set_option linter.style.haveILetI false`
⚠ [3242/3262] Replayed ASGinzburg.ASResolution
warning: ASGinzburg/ASResolution.lean:67:15: `CategoryTheory.Limits.Sigma.ι_desc_assoc` has been deprecated: Use `CategoryTheory.Limits.Sigma.ι_comp_desc_assoc` instead
⚠ [3366/3489] Replayed ASGinzburg.ASResolutionComplex
warning: ASGinzburg/ASResolutionComplex.lean:58:4: Try this: 
  letI̵

The goal is a proposition, so `let` is preferred over `letI`.
The difference between `let` and `letI` is that `letI` inlines the value.
But this is not relevant for proofs because of proof irrelevance.

Note: This linter can be disabled with `set_option linter.style.haveILetI false`
⚠ [3374/3489] Replayed ASGinzburg.RightModuleExtLinear
warning: ASGinzburg/RightModuleExtLinear.lean:29:2: Try this: 
  letI̵

The goal is a proposition, so `let` is preferred over `letI`.
The difference between `let` and `letI` is that `letI` inlines the value.
But this is not relevant for proofs because of proof irrelevance.

Note: This linter can be disabled with `set_option linter.style.haveILetI false`
warning: ASGinzburg/RightModuleExtLinear.lean:30:2: Try this: 
  letI̵

The goal is a proposition, so `let` is preferred over `letI`.
The difference between `let` and `letI` is that `letI` inlines the value.
But this is not relevant for proofs because of proof irrelevance.

Note: This linter can be disabled with `set_option linter.style.haveILetI false`
warning: ASGinzburg/RightModuleExtLinear.lean:37:2: Try this: 
  letI̵

The goal is a proposition, so `let` is preferred over `letI`.
The difference between `let` and `letI` is that `letI` inlines the value.
But this is not relevant for proofs because of proof irrelevance.

Note: This linter can be disabled with `set_option linter.style.haveILetI false`
warning: ASGinzburg/RightModuleExtLinear.lean:38:2: Try this: 
  letI̵

The goal is a proposition, so `let` is preferred over `letI`.
The difference between `let` and `letI` is that `letI` inlines the value.
But this is not relevant for proofs because of proof irrelevance.

Note: This linter can be disabled with `set_option linter.style.haveILetI false`
warning: ASGinzburg/RightModuleExtLinear.lean:39:2: Try this: 
  letI̵

The goal is a proposition, so `let` is preferred over `letI`.
The difference between `let` and `letI` is that `letI` inlines the value.
But this is not relevant for proofs because of proof irrelevance.

Note: This linter can be disabled with `set_option linter.style.haveILetI false`
warning: ASGinzburg/RightModuleExtLinear.lean:75:2: Try this: 
  letI̵

The goal is a proposition, so `let` is preferred over `letI`.
The difference between `let` and `letI` is that `letI` inlines the value.
But this is not relevant for proofs because of proof irrelevance.

Note: This linter can be disabled with `set_option linter.style.haveILetI false`
warning: ASGinzburg/RightModuleExtLinear.lean:76:2: Try this: 
  letI̵

The goal is a proposition, so `let` is preferred over `letI`.
The difference between `let` and `letI` is that `letI` inlines the value.
But this is not relevant for proofs because of proof irrelevance.

Note: This linter can be disabled with `set_option linter.style.haveILetI false`
warning: ASGinzburg/RightModuleExtLinear.lean:77:2: Try this: 
  letI̵

The goal is a proposition, so `let` is preferred over `letI`.
The difference between `let` and `letI` is that `letI` inlines the value.
But this is not relevant for proofs because of proof irrelevance.

Note: This linter can be disabled with `set_option linter.style.haveILetI false`
warning: ASGinzburg/RightModuleExtLinear.lean:78:2: Try this: 
  letI̵

The goal is a proposition, so `let` is preferred over `letI`.
The difference between `let` and `letI` is that `letI` inlines the value.
But this is not relevant for proofs because of proof irrelevance.

Note: This linter can be disabled with `set_option linter.style.haveILetI false`
⚠ [3375/3489] Replayed ASGinzburg.ASRegular
warning: ASGinzburg/ASRegular.lean:69:2: Try this: 
  letI̵

The goal is a proposition, so `let` is preferred over `letI`.
The difference between `let` and `letI` is that `letI` inlines the value.
But this is not relevant for proofs because of proof irrelevance.

Note: This linter can be disabled with `set_option linter.style.haveILetI false`
warning: ASGinzburg/ASRegular.lean:81:4: Try this: 
  letI̵

The goal is a proposition, so `let` is preferred over `letI`.
The difference between `let` and `letI` is that `letI` inlines the value.
But this is not relevant for proofs because of proof irrelevance.

Note: This linter can be disabled with `set_option linter.style.haveILetI false`
warning: ASGinzburg/ASRegular.lean:85:4: Try this: 
  letI̵

The goal is a proposition, so `let` is preferred over `letI`.
The difference between `let` and `letI` is that `letI` inlines the value.
But this is not relevant for proofs because of proof irrelevance.

Note: This linter can be disabled with `set_option linter.style.haveILetI false`
⚠ [3376/3489] Replayed ASGinzburg.RightModuleExtSequence
warning: ASGinzburg/RightModuleExtSequence.lean:19:2: Try this: 
  letI̵

The goal is a proposition, so `let` is preferred over `letI`.
The difference between `let` and `letI` is that `letI` inlines the value.
But this is not relevant for proofs because of proof irrelevance.

Note: This linter can be disabled with `set_option linter.style.haveILetI false`
warning: ASGinzburg/RightModuleExtSequence.lean:20:2: Try this: 
  letI̵

The goal is a proposition, so `let` is preferred over `letI`.
The difference between `let` and `letI` is that `letI` inlines the value.
But this is not relevant for proofs because of proof irrelevance.

Note: This linter can be disabled with `set_option linter.style.haveILetI false`
warning: ASGinzburg/RightModuleExtSequence.lean:21:2: Try this: 
  letI̵

The goal is a proposition, so `let` is preferred over `letI`.
The difference between `let` and `letI` is that `letI` inlines the value.
But this is not relevant for proofs because of proof irrelevance.

Note: This linter can be disabled with `set_option linter.style.haveILetI false`
warning: ASGinzburg/RightModuleExtSequence.lean:28:2: Try this: 
  letI̵

The goal is a proposition, so `let` is preferred over `letI`.
The difference between `let` and `letI` is that `letI` inlines the value.
But this is not relevant for proofs because of proof irrelevance.

Note: This linter can be disabled with `set_option linter.style.haveILetI false`
warning: ASGinzburg/RightModuleExtSequence.lean:29:2: Try this: 
  letI̵

The goal is a proposition, so `let` is preferred over `letI`.
The difference between `let` and `letI` is that `letI` inlines the value.
But this is not relevant for proofs because of proof irrelevance.

Note: This linter can be disabled with `set_option linter.style.haveILetI false`
warning: ASGinzburg/RightModuleExtSequence.lean:43:2: Try this: 
  letI̵

The goal is a proposition, so `let` is preferred over `letI`.
The difference between `let` and `letI` is that `letI` inlines the value.
But this is not relevant for proofs because of proof irrelevance.

Note: This linter can be disabled with `set_option linter.style.haveILetI false`
warning: ASGinzburg/RightModuleExtSequence.lean:44:2: Try this: 
  letI̵

The goal is a proposition, so `let` is preferred over `letI`.
The difference between `let` and `letI` is that `letI` inlines the value.
But this is not relevant for proofs because of proof irrelevance.

Note: This linter can be disabled with `set_option linter.style.haveILetI false`
warning: ASGinzburg/RightModuleExtSequence.lean:45:2: Try this: 
  letI̵

The goal is a proposition, so `let` is preferred over `letI`.
The difference between `let` and `letI` is that `letI` inlines the value.
But this is not relevant for proofs because of proof irrelevance.

Note: This linter can be disabled with `set_option linter.style.haveILetI false`
⚠ [3377/3489] Replayed ASGinzburg.ASResolutionSyzygies
warning: ASGinzburg/ASResolutionSyzygies.lean:23:2: Try this: 
  haveI̵

The goal is a proposition, so `have` is preferred over `haveI`.
The difference between `have` and `haveI` is that `haveI` inlines the value.
But this is not relevant for proofs because of proof irrelevance.

Note: This linter can be disabled with `set_option linter.style.haveILetI false`
warning: ASGinzburg/ASResolutionSyzygies.lean:24:2: Try this: 
  haveI̵

The goal is a proposition, so `have` is preferred over `haveI`.
The difference between `have` and `haveI` is that `haveI` inlines the value.
But this is not relevant for proofs because of proof irrelevance.

Note: This linter can be disabled with `set_option linter.style.haveILetI false`
warning: ASGinzburg/ASResolutionSyzygies.lean:25:2: Try this: 
  haveI̵

The goal is a proposition, so `have` is preferred over `haveI`.
The difference between `have` and `haveI` is that `haveI` inlines the value.
But this is not relevant for proofs because of proof irrelevance.

Note: This linter can be disabled with `set_option linter.style.haveILetI false`
⚠ [3384/3489] Replayed ASGinzburg.UnrolledPathFiniteness
warning: ASGinzburg/UnrolledPathFiniteness.lean:60:8: Try this: 
  haveI̵

The goal is a proposition, so `have` is preferred over `haveI`.
The difference between `have` and `haveI` is that `haveI` inlines the value.
But this is not relevant for proofs because of proof irrelevance.

Note: This linter can be disabled with `set_option linter.style.haveILetI false`
warning: ASGinzburg/UnrolledPathFiniteness.lean:65:8: Try this: 
  haveI̵

The goal is a proposition, so `have` is preferred over `haveI`.
The difference between `have` and `haveI` is that `haveI` inlines the value.
But this is not relevant for proofs because of proof irrelevance.

Note: This linter can be disabled with `set_option linter.style.haveILetI false`
warning: ASGinzburg/UnrolledPathFiniteness.lean:68:8: Try this: 
  haveI̵

The goal is a proposition, so `have` is preferred over `haveI`.
The difference between `have` and `haveI` is that `haveI` inlines the value.
But this is not relevant for proofs because of proof irrelevance.

Note: This linter can be disabled with `set_option linter.style.haveILetI false`
⚠ [3386/3489] Replayed ASGinzburg.PathCyclicCommutators
warning: ASGinzburg/PathCyclicCommutators.lean:70:19: `dif_pos` has been deprecated: Use `dite_eq_left` instead
warning: ASGinzburg/PathCyclicCommutators.lean:70:30: `if_pos` has been deprecated: Use `ite_eq_left` instead
warning: ASGinzburg/PathCyclicCommutators.lean:74:19: `dif_pos` has been deprecated: Use `dite_eq_left` instead
warning: ASGinzburg/PathCyclicCommutators.lean:74:30: `if_pos` has been deprecated: Use `ite_eq_left` instead
⚠ [3390/3489] Replayed ASGinzburg.GinzburgDegreeZeroDifferential
warning: ASGinzburg/GinzburgDegreeZeroDifferential.lean:14:15: `Set.mem_setOf_eq` has been deprecated: Use `Set.mem_ofPred_eq` instead
⚠ [3399/3489] Replayed ASGinzburg.GinzburgCutCochainComplex
warning: ASGinzburg/GinzburgCutCochainComplex.lean:18:2: Try this: 
  letI̵

The goal is a proposition, so `let` is preferred over `letI`.
The difference between `let` and `letI` is that `letI` inlines the value.
But this is not relevant for proofs because of proof irrelevance.

Note: This linter can be disabled with `set_option linter.style.haveILetI false`
⚠ [3404/3489] Replayed ASGinzburg.GinzburgCutRetracts
warning: ASGinzburg/GinzburgCutRetracts.lean:61:56: `if_pos` has been deprecated: Use `ite_eq_left` instead
warning: ASGinzburg/GinzburgCutRetracts.lean:83:2: Try this: 
  letI̵

The goal is a proposition, so `let` is preferred over `letI`.
The difference between `let` and `letI` is that `letI` inlines the value.
But this is not relevant for proofs because of proof irrelevance.

Note: This linter can be disabled with `set_option linter.style.haveILetI false`
⚠ [3408/3489] Replayed ASGinzburg.GinzburgGeneratorLayerQuotients
warning: ASGinzburg/GinzburgGeneratorLayerQuotients.lean:35:13: `Set.mem_diff` has been deprecated: Use `Set.mem_sdiff` instead
warning: ASGinzburg/GinzburgGeneratorLayerQuotients.lean:35:26: `Set.mem_setOf_eq` has been deprecated: Use `Set.mem_ofPred_eq` instead
⚠ [3411/3489] Replayed ASGinzburg.GinzburgCutDecomposition
warning: ASGinzburg/GinzburgCutDecomposition.lean:34:13: `Finsupp.finset_sum_apply` has been deprecated: Use `Finsupp.finsetSum_apply` instead
⚠ [3412/3489] Replayed ASGinzburg.GinzburgCutRegularity
warning: ASGinzburg/GinzburgCutRegularity.lean:30:2: Unused tactic linter: `change
  Q.ginzburgDifferential k φ u v ((∑ c ∈ Q.ginzburgCutSupport k f.val, g' c).val) = f.val` does nothing

Note: This linter can be disabled with `set_option linter.unusedTactic false`
⚠ [3415/3489] Replayed ASGinzburg.GinzburgGeneratorLayerCoefficients
warning: ASGinzburg/GinzburgGeneratorLayerCoefficients.lean:28:2: Try this: 
  letI̵

The goal is a proposition, so `let` is preferred over `letI`.
The difference between `let` and `letI` is that `letI` inlines the value.
But this is not relevant for proofs because of proof irrelevance.

Note: This linter can be disabled with `set_option linter.style.haveILetI false`
warning: ASGinzburg/GinzburgGeneratorLayerCoefficients.lean:43:8: `dif_pos` has been deprecated: Use `dite_eq_left` instead
warning: ASGinzburg/GinzburgGeneratorLayerCoefficients.lean:29:45: This simp argument is unused:
  LinearEquiv.trans_apply

Hint: Omit it from the simp argument list.
  [apply] simp only [ginzburgGeneratorLayerFreeEquiv, LinearEquiv.piCongrRight_apply]

Note: This linter can be disabled with `set_option linter.unusedSimpArgs false`
warning: ASGinzburg/GinzburgGeneratorLayerCoefficients.lean:30:4: This simp argument is unused:
  LinearEquiv.piCongrRight_apply

Hint: Omit it from the simp argument list.
  [apply] simp only [ginzburgGeneratorLayerFreeEquiv, LinearEquiv.trans_apply]

Note: This linter can be disabled with `set_option linter.unusedSimpArgs false`
warning: ASGinzburg/GinzburgGeneratorLayerCoefficients.lean:32:4: This simp argument is unused:
  LinearEquiv.trans_apply

Hint: Omit it from the simp argument list.
  [apply] simp only [ginzburgCutComponentBasisEquiv, LinearEquiv.trans_symm, LinearEquiv.ofEq_symm,
    LinearEquiv.coe_ofEq_apply]

Note: This linter can be disabled with `set_option linter.unusedSimpArgs false`
warning: ASGinzburg/GinzburgGeneratorLayerCoefficients.lean:32:50: This simp argument is unused:
  LinearEquiv.coe_ofEq_apply

Hint: Omit it from the simp argument list.
  [apply] simp only [ginzburgCutComponentBasisEquiv, LinearEquiv.trans_symm, LinearEquiv.trans_apply,
    LinearEquiv.ofEq_symm]

Note: This linter can be disabled with `set_option linter.unusedSimpArgs false`
⚠ [3417/3489] Replayed ASGinzburg.GinzburgAssociatedGradedComplex
warning: ASGinzburg/GinzburgAssociatedGradedComplex.lean:34:2: Try this: 
  letI̵

The goal is a proposition, so `let` is preferred over `letI`.
The difference between `let` and `letI` is that `letI` inlines the value.
But this is not relevant for proofs because of proof irrelevance.

Note: This linter can be disabled with `set_option linter.style.haveILetI false`
⚠ [3419/3489] Replayed ASGinzburg.GinzburgGeneratorShiftAppend
warning: ASGinzburg/GinzburgGeneratorShiftAppend.lean:57:2: Try this: 
  letI̵

The goal is a proposition, so `let` is preferred over `letI`.
The difference between `let` and `letI` is that `letI` inlines the value.
But this is not relevant for proofs because of proof irrelevance.

Note: This linter can be disabled with `set_option linter.style.haveILetI false`
⚠ [3420/3489] Replayed ASGinzburg.GinzburgGeneratorLayerComparison
warning: ASGinzburg/GinzburgGeneratorLayerComparison.lean:70:2: Try this: 
  letI̵

The goal is a proposition, so `let` is preferred over `letI`.
The difference between `let` and `letI` is that `letI` inlines the value.
But this is not relevant for proofs because of proof irrelevance.

Note: This linter can be disabled with `set_option linter.style.haveILetI false`
⚠ [3421/3489] Replayed ASGinzburg.GinzburgGeneratorAppendCoefficients
warning: ASGinzburg/GinzburgGeneratorAppendCoefficients.lean:44:8: `Finsupp.embDomain_notin_range` has been deprecated: Use `Finsupp.embDomain_of_notMem_range` instead
⚠ [3424/3489] Replayed ASGinzburg.GinzburgCutBounds
warning: ASGinzburg/GinzburgCutBounds.lean:40:33: `Set.mem_setOf_eq` has been deprecated: Use `Set.mem_ofPred_eq` instead
⚠ [3425/3489] Replayed ASGinzburg.GinzburgGeneratorLayerConcentration
warning: ASGinzburg/GinzburgGeneratorLayerConcentration.lean:13:2: Try this: 
  letI̵

The goal is a proposition, so `let` is preferred over `letI`.
The difference between `let` and `letI` is that `letI` inlines the value.
But this is not relevant for proofs because of proof irrelevance.

Note: This linter can be disabled with `set_option linter.style.haveILetI false`
⚠ [3426/3489] Replayed ASGinzburg.HomologyAugmentation
warning: ASGinzburg/HomologyAugmentation.lean:64:4: Try this: 
  haveI̵

The goal is a proposition, so `have` is preferred over `haveI`.
The difference between `have` and `haveI` is that `haveI` inlines the value.
But this is not relevant for proofs because of proof irrelevance.

Note: This linter can be disabled with `set_option linter.style.haveILetI false`
⚠ [3427/3489] Replayed ASGinzburg.GinzburgGeneratorLayerAugmentation
warning: ASGinzburg/GinzburgGeneratorLayerAugmentation.lean:48:2: Try this: 
  letI̵

The goal is a proposition, so `let` is preferred over `letI`.
The difference between `let` and `letI` is that `letI` inlines the value.
But this is not relevant for proofs because of proof irrelevance.

Note: This linter can be disabled with `set_option linter.style.haveILetI false`
⚠ [3428/3489] Replayed ASGinzburg.GinzburgGeneratorFiltrationShortExact
warning: ASGinzburg/GinzburgGeneratorFiltrationShortExact.lean:61:2: Try this: 
  letI̵

The goal is a proposition, so `let` is preferred over `letI`.
The difference between `let` and `letI` is that `letI` inlines the value.
But this is not relevant for proofs because of proof irrelevance.

Note: This linter can be disabled with `set_option linter.style.haveILetI false`
⚠ [3433/3489] Replayed ASGinzburg.ExactEquivalenceExt
warning: ASGinzburg/ExactEquivalenceExt.lean:22:2: Try this: 
  haveI̵

The goal is a proposition, so `have` is preferred over `haveI`.
The difference between `have` and `haveI` is that `haveI` inlines the value.
But this is not relevant for proofs because of proof irrelevance.

Note: This linter can be disabled with `set_option linter.style.haveILetI false`
warning: ASGinzburg/ExactEquivalenceExt.lean:145:0: Definition `ASGinzburg.exactExtModule` of class type is semireducible. Most type class instances should be instance-reducible, so consider marking this
definition with `@[instance_reducible]`. If it is intentionally semireducible, this warning can be disabled with `set_option warn.classDefReducibility false`.
⚠ [3435/3489] Replayed ASGinzburg.RightModuleHomFinite
warning: ASGinzburg/RightModuleHomFinite.lean:59:2: Try this: 
  letI̵

The goal is a proposition, so `let` is preferred over `letI`.
The difference between `let` and `letI` is that `letI` inlines the value.
But this is not relevant for proofs because of proof irrelevance.

Note: This linter can be disabled with `set_option linter.style.haveILetI false`
warning: ASGinzburg/RightModuleHomFinite.lean:66:2: Try this: 
  letI̵

The goal is a proposition, so `let` is preferred over `letI`.
The difference between `let` and `letI` is that `letI` inlines the value.
But this is not relevant for proofs because of proof irrelevance.

Note: This linter can be disabled with `set_option linter.style.haveILetI false`
⚠ [3473/3489] Replayed ASGinzburg.HomologicalColimitClosure
warning: ASGinzburg/HomologicalColimitClosure.lean:29:13: `CategoryTheory.Limits.HasColimit.isoOfNatIso_ι_hom_assoc` has been deprecated: Use `CategoryTheory.Limits.HasColimit.ι_isoOfNatIso_hom_assoc` instead
warning: ASGinzburg/HomologicalColimitClosure.lean:46:4: Try this: 
  letI̵

The goal is a proposition, so `let` is preferred over `letI`.
The difference between `let` and `letI` is that `letI` inlines the value.
But this is not relevant for proofs because of proof irrelevance.

Note: This linter can be disabled with `set_option linter.style.haveILetI false`
warning: ASGinzburg/HomologicalColimitClosure.lean:36:0: Definition `ASGinzburg.limitPreservesColimitsOfExactShape` of class type is semireducible. Most type class instances should be instance-reducible, so consider marking this
definition with `@[instance_reducible]`. If it is intentionally semireducible, this warning can be disabled with `set_option warn.classDefReducibility false`.
warning: ASGinzburg/HomologicalColimitClosure.lean:36:0: Definition `limitPreservesColimitsOfExactShape` is a proposition; use `theorem` instead of `def`

Note: This linter can be disabled with `set_option linter.defProp false`
warning: ASGinzburg/HomologicalColimitClosure.lean:59:0: Definition `ASGinzburg.parallelPairDiagramPreservesColimits` of class type is semireducible. Most type class instances should be instance-reducible, so consider marking this
definition with `@[instance_reducible]`. If it is intentionally semireducible, this warning can be disabled with `set_option warn.classDefReducibility false`.
warning: ASGinzburg/HomologicalColimitClosure.lean:59:0: Definition `parallelPairDiagramPreservesColimits` is a proposition; use `theorem` instead of `def`

Note: This linter can be disabled with `set_option linter.defProp false`
warning: ASGinzburg/HomologicalColimitClosure.lean:71:2: Try this: 
  letI̵

The goal is a proposition, so `let` is preferred over `letI`.
The difference between `let` and `letI` is that `letI` inlines the value.
But this is not relevant for proofs because of proof irrelevance.

Note: This linter can be disabled with `set_option linter.style.haveILetI false`
warning: ASGinzburg/HomologicalColimitClosure.lean:72:2: Try this: 
  letI̵

The goal is a proposition, so `let` is preferred over `letI`.
The difference between `let` and `letI` is that `letI` inlines the value.
But this is not relevant for proofs because of proof irrelevance.

Note: This linter can be disabled with `set_option linter.style.haveILetI false`
warning: ASGinzburg/HomologicalColimitClosure.lean:69:0: Definition `ASGinzburg.kernelFunctorPreservesExactColimits` of class type is semireducible. Most type class instances should be instance-reducible, so consider marking this
definition with `@[instance_reducible]`. If it is intentionally semireducible, this warning can be disabled with `set_option warn.classDefReducibility false`.
warning: ASGinzburg/HomologicalColimitClosure.lean:69:0: Definition `kernelFunctorPreservesExactColimits` is a proposition; use `theorem` instead of `def`

Note: This linter can be disabled with `set_option linter.defProp false`
warning: ASGinzburg/HomologicalColimitClosure.lean:78:2: Try this: 
  letI̵

The goal is a proposition, so `let` is preferred over `letI`.
The difference between `let` and `letI` is that `letI` inlines the value.
But this is not relevant for proofs because of proof irrelevance.

Note: This linter can be disabled with `set_option linter.style.haveILetI false`
warning: ASGinzburg/HomologicalColimitClosure.lean:80:2: Try this: 
  letI̵

The goal is a proposition, so `let` is preferred over `letI`.
The difference between `let` and `letI` is that `letI` inlines the value.
But this is not relevant for proofs because of proof irrelevance.

Note: This linter can be disabled with `set_option linter.style.haveILetI false`
warning: ASGinzburg/HomologicalColimitClosure.lean:76:0: Definition `ASGinzburg.cokernelFunctorPreservesColimits` of class type is semireducible. Most type class instances should be instance-reducible, so consider marking this
definition with `@[instance_reducible]`. If it is intentionally semireducible, this warning can be disabled with `set_option warn.classDefReducibility false`.
warning: ASGinzburg/HomologicalColimitClosure.lean:76:0: Definition `cokernelFunctorPreservesColimits` is a proposition; use `theorem` instead of `def`

Note: This linter can be disabled with `set_option linter.defProp false`
warning: ASGinzburg/HomologicalColimitClosure.lean:88:0: Definition `ASGinzburg.moduleCatExactCoproducts` of class type is semireducible. Most type class instances should be instance-reducible, so consider marking this
definition with `@[instance_reducible]`. If it is intentionally semireducible, this warning can be disabled with `set_option warn.classDefReducibility false`.
warning: ASGinzburg/HomologicalColimitClosure.lean:88:0: Definition `moduleCatExactCoproducts` is a proposition; use `theorem` instead of `def`

Note: This linter can be disabled with `set_option linter.defProp false`
⚠ [3474/3489] Replayed ASGinzburg.RightModuleHomKernel
warning: ASGinzburg/RightModuleHomKernel.lean:85:2: Try this: 
  letI̵

The goal is a proposition, so `let` is preferred over `letI`.
The difference between `let` and `letI` is that `letI` inlines the value.
But this is not relevant for proofs because of proof irrelevance.

Note: This linter can be disabled with `set_option linter.style.haveILetI false`
warning: ASGinzburg/RightModuleHomKernel.lean:77:0: Definition `ASGinzburg.ZAlgebra.rightModuleHomPreservesExactColimits` of class type is semireducible. Most type class instances should be instance-reducible, so consider marking this
definition with `@[instance_reducible]`. If it is intentionally semireducible, this warning can be disabled with `set_option warn.classDefReducibility false`.
warning: ASGinzburg/RightModuleHomKernel.lean:77:0: Definition `rightModuleHomPreservesExactColimits` is a proposition; use `theorem` instead of `def`

Note: This linter can be disabled with `set_option linter.defProp false`
⚠ [3475/3489] Replayed ASGinzburg.FiniteCoproductHomColimits
warning: ASGinzburg/FiniteCoproductHomColimits.lean:73:2: Try this: 
  letI̵

The goal is a proposition, so `let` is preferred over `letI`.
The difference between `let` and `letI` is that `letI` inlines the value.
But this is not relevant for proofs because of proof irrelevance.

Note: This linter can be disabled with `set_option linter.style.haveILetI false`
⚠ [3476/3489] Replayed ASGinzburg.ASResolutionExtBounds
warning: ASGinzburg/ASResolutionExtBounds.lean:34:2: Try this: 
  letI̵

The goal is a proposition, so `let` is preferred over `letI`.
The difference between `let` and `letI` is that `letI` inlines the value.
But this is not relevant for proofs because of proof irrelevance.

Note: This linter can be disabled with `set_option linter.style.haveILetI false`
⚠ [3477/3489] Replayed ASGinzburg.ASResolutionExtColimits
warning: ASGinzburg/ASResolutionExtColimits.lean:12:0: Definition `ASGinzburg.ZAlgebra.rightModuleExtZeroPreservesColimits` of class type is semireducible. Most type class instances should be instance-reducible, so consider marking this
definition with `@[instance_reducible]`. If it is intentionally semireducible, this warning can be disabled with `set_option warn.classDefReducibility false`.
warning: ASGinzburg/ASResolutionExtColimits.lean:12:0: Definition `rightModuleExtZeroPreservesColimits` is a proposition; use `theorem` instead of `def`

Note: This linter can be disabled with `set_option linter.defProp false`
warning: ASGinzburg/ASResolutionExtColimits.lean:24:2: Try this: 
  letI̵

The goal is a proposition, so `let` is preferred over `letI`.
The difference between `let` and `letI` is that `letI` inlines the value.
But this is not relevant for proofs because of proof irrelevance.

Note: This linter can be disabled with `set_option linter.style.haveILetI false`
warning: ASGinzburg/ASResolutionExtColimits.lean:18:0: Definition `ASGinzburg.ZAlgebra.rightModuleExtSuccPreservesColimits` of class type is semireducible. Most type class instances should be instance-reducible, so consider marking this
definition with `@[instance_reducible]`. If it is intentionally semireducible, this warning can be disabled with `set_option warn.classDefReducibility false`.
warning: ASGinzburg/ASResolutionExtColimits.lean:18:0: Definition `rightModuleExtSuccPreservesColimits` is a proposition; use `theorem` instead of `def`

Note: This linter can be disabled with `set_option linter.defProp false`
warning: ASGinzburg/ASResolutionExtColimits.lean:32:0: Definition `ASGinzburg.ZAlgebra.ASResolution.secondSyzygyHomPreservesColimits` of class type is semireducible. Most type class instances should be instance-reducible, so consider marking this
definition with `@[instance_reducible]`. If it is intentionally semireducible, this warning can be disabled with `set_option warn.classDefReducibility false`.
warning: ASGinzburg/ASResolutionExtColimits.lean:32:0: Definition `secondSyzygyHomPreservesColimits` is a proposition; use `theorem` instead of `def`

Note: This linter can be disabled with `set_option linter.defProp false`
warning: ASGinzburg/ASResolutionExtColimits.lean:40:2: Try this: 
  letI̵

The goal is a proposition, so `let` is preferred over `letI`.
The difference between `let` and `letI` is that `letI` inlines the value.
But this is not relevant for proofs because of proof irrelevance.

Note: This linter can be disabled with `set_option linter.style.haveILetI false`
warning: ASGinzburg/ASResolutionExtColimits.lean:37:0: Definition `ASGinzburg.ZAlgebra.ASResolution.firstSyzygyHomPreservesColimits` of class type is semireducible. Most type class instances should be instance-reducible, so consider marking this
definition with `@[instance_reducible]`. If it is intentionally semireducible, this warning can be disabled with `set_option warn.classDefReducibility false`.
warning: ASGinzburg/ASResolutionExtColimits.lean:37:0: Definition `firstSyzygyHomPreservesColimits` is a proposition; use `theorem` instead of `def`

Note: This linter can be disabled with `set_option linter.defProp false`
warning: ASGinzburg/ASResolutionExtColimits.lean:46:2: Try this: 
  letI̵

The goal is a proposition, so `let` is preferred over `letI`.
The difference between `let` and `letI` is that `letI` inlines the value.
But this is not relevant for proofs because of proof irrelevance.

Note: This linter can be disabled with `set_option linter.style.haveILetI false`
warning: ASGinzburg/ASResolutionExtColimits.lean:43:0: Definition `ASGinzburg.ZAlgebra.ASResolution.simpleHomPreservesColimits` of class type is semireducible. Most type class instances should be instance-reducible, so consider marking this
definition with `@[instance_reducible]`. If it is intentionally semireducible, this warning can be disabled with `set_option warn.classDefReducibility false`.
warning: ASGinzburg/ASResolutionExtColimits.lean:43:0: Definition `simpleHomPreservesColimits` is a proposition; use `theorem` instead of `def`

Note: This linter can be disabled with `set_option linter.defProp false`
warning: ASGinzburg/ASResolutionExtColimits.lean:52:2: Try this: 
  letI̵

The goal is a proposition, so `let` is preferred over `letI`.
The difference between `let` and `letI` is that `letI` inlines the value.
But this is not relevant for proofs because of proof irrelevance.

Note: This linter can be disabled with `set_option linter.style.haveILetI false`
warning: ASGinzburg/ASResolutionExtColimits.lean:50:0: Definition `ASGinzburg.ZAlgebra.ASResolution.secondSyzygyExtOnePreservesColimits` of class type is semireducible. Most type class instances should be instance-reducible, so consider marking this
definition with `@[instance_reducible]`. If it is intentionally semireducible, this warning can be disabled with `set_option warn.classDefReducibility false`.
warning: ASGinzburg/ASResolutionExtColimits.lean:50:0: Definition `secondSyzygyExtOnePreservesColimits` is a proposition; use `theorem` instead of `def`

Note: This linter can be disabled with `set_option linter.defProp false`
warning: ASGinzburg/ASResolutionExtColimits.lean:58:2: Try this: 
  letI̵

The goal is a proposition, so `let` is preferred over `letI`.
The difference between `let` and `letI` is that `letI` inlines the value.
But this is not relevant for proofs because of proof irrelevance.

Note: This linter can be disabled with `set_option linter.style.haveILetI false`
warning: ASGinzburg/ASResolutionExtColimits.lean:59:2: Try this: 
  letI̵

The goal is a proposition, so `let` is preferred over `letI`.
The difference between `let` and `letI` is that `letI` inlines the value.
But this is not relevant for proofs because of proof irrelevance.

Note: This linter can be disabled with `set_option linter.style.haveILetI false`
warning: ASGinzburg/ASResolutionExtColimits.lean:60:2: Try this: 
  letI̵

The goal is a proposition, so `let` is preferred over `letI`.
The difference between `let` and `letI` is that `letI` inlines the value.
But this is not relevant for proofs because of proof irrelevance.

Note: This linter can be disabled with `set_option linter.style.haveILetI false`
warning: ASGinzburg/ASResolutionExtColimits.lean:55:0: Definition `ASGinzburg.ZAlgebra.ASResolution.firstSyzygyExtOnePreservesColimits` of class type is semireducible. Most type class instances should be instance-reducible, so consider marking this
definition with `@[instance_reducible]`. If it is intentionally semireducible, this warning can be disabled with `set_option warn.classDefReducibility false`.
warning: ASGinzburg/ASResolutionExtColimits.lean:55:0: Definition `firstSyzygyExtOnePreservesColimits` is a proposition; use `theorem` instead of `def`

Note: This linter can be disabled with `set_option linter.defProp false`
warning: ASGinzburg/ASResolutionExtColimits.lean:66:2: Try this: 
  letI̵

The goal is a proposition, so `let` is preferred over `letI`.
The difference between `let` and `letI` is that `letI` inlines the value.
But this is not relevant for proofs because of proof irrelevance.

Note: This linter can be disabled with `set_option linter.style.haveILetI false`
warning: ASGinzburg/ASResolutionExtColimits.lean:67:2: Try this: 
  letI̵

The goal is a proposition, so `let` is preferred over `letI`.
The difference between `let` and `letI` is that `letI` inlines the value.
But this is not relevant for proofs because of proof irrelevance.

Note: This linter can be disabled with `set_option linter.style.haveILetI false`
warning: ASGinzburg/ASResolutionExtColimits.lean:63:0: Definition `ASGinzburg.ZAlgebra.ASResolution.simpleExtOnePreservesColimits` of class type is semireducible. Most type class instances should be instance-reducible, so consider marking this
definition with `@[instance_reducible]`. If it is intentionally semireducible, this warning can be disabled with `set_option warn.classDefReducibility false`.
warning: ASGinzburg/ASResolutionExtColimits.lean:63:0: Definition `simpleExtOnePreservesColimits` is a proposition; use `theorem` instead of `def`

Note: This linter can be disabled with `set_option linter.defProp false`
warning: ASGinzburg/ASResolutionExtColimits.lean:75:2: Try this: 
  letI̵

The goal is a proposition, so `let` is preferred over `letI`.
The difference between `let` and `letI` is that `letI` inlines the value.
But this is not relevant for proofs because of proof irrelevance.

Note: This linter can be disabled with `set_option linter.style.haveILetI false`
warning: ASGinzburg/ASResolutionExtColimits.lean:72:0: Definition `ASGinzburg.ZAlgebra.ASResolution.simpleExtTwoPreservesColimits` of class type is semireducible. Most type class instances should be instance-reducible, so consider marking this
definition with `@[instance_reducible]`. If it is intentionally semireducible, this warning can be disabled with `set_option warn.classDefReducibility false`.
warning: ASGinzburg/ASResolutionExtColimits.lean:72:0: Definition `simpleExtTwoPreservesColimits` is a proposition; use `theorem` instead of `def`

Note: This linter can be disabled with `set_option linter.defProp false`
warning: ASGinzburg/ASResolutionExtColimits.lean:82:2: Try this: 
  letI̵

The goal is a proposition, so `let` is preferred over `letI`.
The difference between `let` and `letI` is that `letI` inlines the value.
But this is not relevant for proofs because of proof irrelevance.

Note: This linter can be disabled with `set_option linter.style.haveILetI false`
warning: ASGinzburg/ASResolutionExtColimits.lean:83:2: Try this: 
  letI̵

The goal is a proposition, so `let` is preferred over `letI`.
The difference between `let` and `letI` is that `letI` inlines the value.
But this is not relevant for proofs because of proof irrelevance.

Note: This linter can be disabled with `set_option linter.style.haveILetI false`
warning: ASGinzburg/ASResolutionExtColimits.lean:79:0: Definition `ASGinzburg.ZAlgebra.ASResolution.simpleExtThreePreservesColimits` of class type is semireducible. Most type class instances should be instance-reducible, so consider marking this
definition with `@[instance_reducible]`. If it is intentionally semireducible, this warning can be disabled with `set_option warn.classDefReducibility false`.
warning: ASGinzburg/ASResolutionExtColimits.lean:79:0: Definition `simpleExtThreePreservesColimits` is a proposition; use `theorem` instead of `def`

Note: This linter can be disabled with `set_option linter.defProp false`
warning: ASGinzburg/ASResolutionExtColimits.lean:94:2: Try this: 
  letI̵

The goal is a proposition, so `let` is preferred over `letI`.
The difference between `let` and `letI` is that `letI` inlines the value.
But this is not relevant for proofs because of proof irrelevance.

Note: This linter can be disabled with `set_option linter.style.haveILetI false`
warning: ASGinzburg/ASResolutionExtColimits.lean:104:4: Try this: 
  letI̵

The goal is a proposition, so `let` is preferred over `letI`.
The difference between `let` and `letI` is that `letI` inlines the value.
But this is not relevant for proofs because of proof irrelevance.

Note: This linter can be disabled with `set_option linter.style.haveILetI false`
warning: ASGinzburg/ASResolutionExtColimits.lean:99:0: Definition `ASGinzburg.ZAlgebra.ASResolution.simpleExtPreservesExactColimits` of class type is semireducible. Most type class instances should be instance-reducible, so consider marking this
definition with `@[instance_reducible]`. If it is intentionally semireducible, this warning can be disabled with `set_option warn.classDefReducibility false`.
warning: ASGinzburg/ASResolutionExtColimits.lean:99:0: Definition `simpleExtPreservesExactColimits` is a proposition; use `theorem` instead of `def`

Note: This linter can be disabled with `set_option linter.defProp false`
warning: ASGinzburg/ASResolutionExtColimits.lean:121:2: Try this: 
  letI̵

The goal is a proposition, so `let` is preferred over `letI`.
The difference between `let` and `letI` is that `letI` inlines the value.
But this is not relevant for proofs because of proof irrelevance.

Note: This linter can be disabled with `set_option linter.style.haveILetI false`
warning: ASGinzburg/ASResolutionExtColimits.lean:117:0: Definition `ASGinzburg.ZAlgebra.ASResolution.simpleExtPreservesCoproducts` of class type is semireducible. Most type class instances should be instance-reducible, so consider marking this
definition with `@[instance_reducible]`. If it is intentionally semireducible, this warning can be disabled with `set_option warn.classDefReducibility false`.
warning: ASGinzburg/ASResolutionExtColimits.lean:117:0: Definition `simpleExtPreservesCoproducts` is a proposition; use `theorem` instead of `def`

Note: This linter can be disabled with `set_option linter.defProp false`
warning: ASGinzburg/ASResolutionExtColimits.lean:136:2: Try this: 
  letI̵

The goal is a proposition, so `let` is preferred over `letI`.
The difference between `let` and `letI` is that `letI` inlines the value.
But this is not relevant for proofs because of proof irrelevance.

Note: This linter can be disabled with `set_option linter.style.haveILetI false`
⚠ [3478/3489] Replayed ASGinzburg.LeftModuleAbelian
warning: ASGinzburg/LeftModuleAbelian.lean:37:4: Try this: 
  letI̵

The goal is a proposition, so `let` is preferred over `letI`.
The difference between `let` and `letI` is that `letI` inlines the value.
But this is not relevant for proofs because of proof irrelevance.

Note: This linter can be disabled with `set_option linter.style.haveILetI false`
warning: ASGinzburg/LeftModuleAbelian.lean:46:4: Try this: 
  letI̵

The goal is a proposition, so `let` is preferred over `letI`.
The difference between `let` and `letI` is that `letI` inlines the value.
But this is not relevant for proofs because of proof irrelevance.

Note: This linter can be disabled with `set_option linter.style.haveILetI false`
warning: ASGinzburg/LeftModuleAbelian.lean:66:4: Try this: 
  letI̵

The goal is a proposition, so `let` is preferred over `letI`.
The difference between `let` and `letI` is that `letI` inlines the value.
But this is not relevant for proofs because of proof irrelevance.

Note: This linter can be disabled with `set_option linter.style.haveILetI false`
warning: ASGinzburg/LeftModuleAbelian.lean:76:4: Try this: 
  letI̵

The goal is a proposition, so `let` is preferred over `letI`.
The difference between `let` and `letI` is that `letI` inlines the value.
But this is not relevant for proofs because of proof irrelevance.

Note: This linter can be disabled with `set_option linter.style.haveILetI false`
warning: ASGinzburg/LeftModuleAbelian.lean:88:4: Try this: 
  letI̵

The goal is a proposition, so `let` is preferred over `letI`.
The difference between `let` and `letI` is that `letI` inlines the value.
But this is not relevant for proofs because of proof irrelevance.

Note: This linter can be disabled with `set_option linter.style.haveILetI false`
warning: ASGinzburg/LeftModuleAbelian.lean:96:4: Try this: 
  letI̵

The goal is a proposition, so `let` is preferred over `letI`.
The difference between `let` and `letI` is that `letI` inlines the value.
But this is not relevant for proofs because of proof irrelevance.

Note: This linter can be disabled with `set_option linter.style.haveILetI false`
warning: ASGinzburg/LeftModuleAbelian.lean:122:2: Try this: 
  haveI̵

The goal is a proposition, so `have` is preferred over `haveI`.
The difference between `have` and `haveI` is that `haveI` inlines the value.
But this is not relevant for proofs because of proof irrelevance.

Note: This linter can be disabled with `set_option linter.style.haveILetI false`
⚠ [3479/3489] Replayed ASGinzburg.LeftModuleHomology
warning: ASGinzburg/LeftModuleHomology.lean:88:4: Try this: 
  letI̵

The goal is a proposition, so `let` is preferred over `letI`.
The difference between `let` and `letI` is that `letI` inlines the value.
But this is not relevant for proofs because of proof irrelevance.

Note: This linter can be disabled with `set_option linter.style.haveILetI false`
warning: ASGinzburg/LeftModuleHomology.lean:92:4: Try this: 
  haveI̵

The goal is a proposition, so `have` is preferred over `haveI`.
The difference between `have` and `haveI` is that `haveI` inlines the value.
But this is not relevant for proofs because of proof irrelevance.

Note: This linter can be disabled with `set_option linter.style.haveILetI false`
warning: ASGinzburg/LeftModuleHomology.lean:101:4: Try this: 
  letI̵

The goal is a proposition, so `let` is preferred over `letI`.
The difference between `let` and `letI` is that `letI` inlines the value.
But this is not relevant for proofs because of proof irrelevance.

Note: This linter can be disabled with `set_option linter.style.haveILetI false`
warning: ASGinzburg/LeftModuleHomology.lean:105:4: Try this: 
  haveI̵

The goal is a proposition, so `have` is preferred over `haveI`.
The difference between `have` and `haveI` is that `haveI` inlines the value.
But this is not relevant for proofs because of proof irrelevance.

Note: This linter can be disabled with `set_option linter.style.haveILetI false`
⚠ [3480/3489] Replayed ASGinzburg.LeftSubmodules
warning: ASGinzburg/LeftSubmodules.lean:45:4: Try this: 
  letI̵

The goal is a proposition, so `let` is preferred over `letI`.
The difference between `let` and `letI` is that `letI` inlines the value.
But this is not relevant for proofs because of proof irrelevance.

Note: This linter can be disabled with `set_option linter.style.haveILetI false`
warning: ASGinzburg/LeftSubmodules.lean:55:4: Try this: 
  letI̵

The goal is a proposition, so `let` is preferred over `letI`.
The difference between `let` and `letI` is that `letI` inlines the value.
But this is not relevant for proofs because of proof irrelevance.

Note: This linter can be disabled with `set_option linter.style.haveILetI false`
⚠ [3481/3489] Replayed ASGinzburg.SimpleLeftModules
warning: ASGinzburg/SimpleLeftModules.lean:134:6: Try this: 
  letI̵

The goal is a proposition, so `let` is preferred over `letI`.
The difference between `let` and `letI` is that `letI` inlines the value.
But this is not relevant for proofs because of proof irrelevance.

Note: This linter can be disabled with `set_option linter.style.haveILetI false`
warning: ASGinzburg/SimpleLeftModules.lean:141:6: Try this: 
  haveI̵

The goal is a proposition, so `have` is preferred over `haveI`.
The difference between `have` and `haveI` is that `haveI` inlines the value.
But this is not relevant for proofs because of proof irrelevance.

Note: This linter can be disabled with `set_option linter.style.haveILetI false`
warning: ASGinzburg/SimpleLeftModules.lean:142:6: Try this: 
  haveI̵

The goal is a proposition, so `have` is preferred over `haveI`.
The difference between `have` and `haveI` is that `haveI` inlines the value.
But this is not relevant for proofs because of proof irrelevance.

Note: This linter can be disabled with `set_option linter.style.haveILetI false`
⚠ [3483/3489] Replayed ASGinzburg.ASDualityExt
warning: ASGinzburg/ASDualityExt.lean:44:2: Try this: 
  letI̵

The goal is a proposition, so `let` is preferred over `letI`.
The difference between `let` and `letI` is that `letI` inlines the value.
But this is not relevant for proofs because of proof irrelevance.

Note: This linter can be disabled with `set_option linter.style.haveILetI false`
⚠ [3488/3593] Replayed ASGinzburg.ASDualityDimension
warning: ASGinzburg/ASDualityDimension.lean:26:2: Try this: 
  letI̵

The goal is a proposition, so `let` is preferred over `letI`.
The difference between `let` and `letI` is that `letI` inlines the value.
But this is not relevant for proofs because of proof irrelevance.

Note: This linter can be disabled with `set_option linter.style.haveILetI false`
warning: ASGinzburg/ASDualityDimension.lean:85:4: Try this: 
  letI̵

The goal is a proposition, so `let` is preferred over `letI`.
The difference between `let` and `letI` is that `letI` inlines the value.
But this is not relevant for proofs because of proof irrelevance.

Note: This linter can be disabled with `set_option linter.style.haveILetI false`
warning: ASGinzburg/ASDualityDimension.lean:113:8: `if_neg` has been deprecated: Use `ite_eq_right` instead
⚠ [3489/3593] Replayed ASGinzburg.ASResolutionExtFinite
warning: ASGinzburg/ASResolutionExtFinite.lean:24:2: Try this: 
  letI̵

The goal is a proposition, so `let` is preferred over `letI`.
The difference between `let` and `letI` is that `letI` inlines the value.
But this is not relevant for proofs because of proof irrelevance.

Note: This linter can be disabled with `set_option linter.style.haveILetI false`
warning: ASGinzburg/ASResolutionExtFinite.lean:38:2: Try this: 
  letI̵

The goal is a proposition, so `let` is preferred over `letI`.
The difference between `let` and `letI` is that `letI` inlines the value.
But this is not relevant for proofs because of proof irrelevance.

Note: This linter can be disabled with `set_option linter.style.haveILetI false`
warning: ASGinzburg/ASResolutionExtFinite.lean:39:2: Try this: 
  letI̵

The goal is a proposition, so `let` is preferred over `letI`.
The difference between `let` and `letI` is that `letI` inlines the value.
But this is not relevant for proofs because of proof irrelevance.

Note: This linter can be disabled with `set_option linter.style.haveILetI false`
warning: ASGinzburg/ASResolutionExtFinite.lean:40:2: Try this: 
  letI̵

The goal is a proposition, so `let` is preferred over `letI`.
The difference between `let` and `letI` is that `letI` inlines the value.
But this is not relevant for proofs because of proof irrelevance.

Note: This linter can be disabled with `set_option linter.style.haveILetI false`
warning: ASGinzburg/ASResolutionExtFinite.lean:41:2: Try this: 
  letI̵

The goal is a proposition, so `let` is preferred over `letI`.
The difference between `let` and `letI` is that `letI` inlines the value.
But this is not relevant for proofs because of proof irrelevance.

Note: This linter can be disabled with `set_option linter.style.haveILetI false`
warning: ASGinzburg/ASResolutionExtFinite.lean:42:2: Try this: 
  letI̵

The goal is a proposition, so `let` is preferred over `letI`.
The difference between `let` and `letI` is that `letI` inlines the value.
But this is not relevant for proofs because of proof irrelevance.

Note: This linter can be disabled with `set_option linter.style.haveILetI false`
warning: ASGinzburg/ASResolutionExtFinite.lean:43:2: Try this: 
  letI̵

The goal is a proposition, so `let` is preferred over `letI`.
The difference between `let` and `letI` is that `letI` inlines the value.
But this is not relevant for proofs because of proof irrelevance.

Note: This linter can be disabled with `set_option linter.style.haveILetI false`
warning: ASGinzburg/ASResolutionExtFinite.lean:45:4: Try this: 
  letI̵

The goal is a proposition, so `let` is preferred over `letI`.
The difference between `let` and `letI` is that `letI` inlines the value.
But this is not relevant for proofs because of proof irrelevance.

Note: This linter can be disabled with `set_option linter.style.haveILetI false`
warning: ASGinzburg/ASResolutionExtFinite.lean:49:4: Try this: 
  letI̵

The goal is a proposition, so `let` is preferred over `letI`.
The difference between `let` and `letI` is that `letI` inlines the value.
But this is not relevant for proofs because of proof irrelevance.

Note: This linter can be disabled with `set_option linter.style.haveILetI false`
warning: ASGinzburg/ASResolutionExtFinite.lean:55:4: Try this: 
  letI̵

The goal is a proposition, so `let` is preferred over `letI`.
The difference between `let` and `letI` is that `letI` inlines the value.
But this is not relevant for proofs because of proof irrelevance.

Note: This linter can be disabled with `set_option linter.style.haveILetI false`
warning: ASGinzburg/ASResolutionExtFinite.lean:60:4: Try this: 
  letI̵

The goal is a proposition, so `let` is preferred over `letI`.
The difference between `let` and `letI` is that `letI` inlines the value.
But this is not relevant for proofs because of proof irrelevance.

Note: This linter can be disabled with `set_option linter.style.haveILetI false`
⚠ [3490/3593] Replayed ASGinzburg.ASDualityEquivalence
warning: ASGinzburg/ASDualityEquivalence.lean:22:2: Try this: 
  letI̵

The goal is a proposition, so `let` is preferred over `letI`.
The difference between `let` and `letI` is that `letI` inlines the value.
But this is not relevant for proofs because of proof irrelevance.

Note: This linter can be disabled with `set_option linter.style.haveILetI false`
warning: ASGinzburg/ASDualityEquivalence.lean:24:2: Try this: 
  letI̵

The goal is a proposition, so `let` is preferred over `letI`.
The difference between `let` and `letI` is that `letI` inlines the value.
But this is not relevant for proofs because of proof irrelevance.

Note: This linter can be disabled with `set_option linter.style.haveILetI false`
warning: ASGinzburg/ASDualityEquivalence.lean:35:2: Try this: 
  letI̵

The goal is a proposition, so `let` is preferred over `letI`.
The difference between `let` and `letI` is that `letI` inlines the value.
But this is not relevant for proofs because of proof irrelevance.

Note: This linter can be disabled with `set_option linter.style.haveILetI false`
warning: ASGinzburg/ASDualityEquivalence.lean:60:4: Try this: 
  letI̵

The goal is a proposition, so `let` is preferred over `letI`.
The difference between `let` and `letI` is that `letI` inlines the value.
But this is not relevant for proofs because of proof irrelevance.

Note: This linter can be disabled with `set_option linter.style.haveILetI false`
warning: ASGinzburg/ASDualityEquivalence.lean:68:14: `if_neg` has been deprecated: Use `ite_eq_right` instead
warning: ASGinzburg/ASDualityEquivalence.lean:72:14: `if_neg` has been deprecated: Use `ite_eq_right` instead
⚠ [3491/3593] Replayed ASGinzburg.ASDualityLeftComponents
warning: ASGinzburg/ASDualityLeftComponents.lean:46:8: Try this: 
  letI̵

The goal is a proposition, so `let` is preferred over `letI`.
The difference between `let` and `letI` is that `letI` inlines the value.
But this is not relevant for proofs because of proof irrelevance.

Note: This linter can be disabled with `set_option linter.style.haveILetI false`
warning: ASGinzburg/ASDualityLeftComponents.lean:47:8: Try this: 
  letI̵

The goal is a proposition, so `let` is preferred over `letI`.
The difference between `let` and `letI` is that `letI` inlines the value.
But this is not relevant for proofs because of proof irrelevance.

Note: This linter can be disabled with `set_option linter.style.haveILetI false`
⚠ [3492/3593] Replayed ASGinzburg.ASDualityRegularCoproduct
warning: ASGinzburg/ASDualityRegularCoproduct.lean:66:2: Try this: 
  letI̵

The goal is a proposition, so `let` is preferred over `letI`.
The difference between `let` and `letI` is that `letI` inlines the value.
But this is not relevant for proofs because of proof irrelevance.

Note: This linter can be disabled with `set_option linter.style.haveILetI false`
warning: ASGinzburg/ASDualityRegularCoproduct.lean:74:4: Try this: 
  letI̵

The goal is a proposition, so `let` is preferred over `letI`.
The difference between `let` and `letI` is that `letI` inlines the value.
But this is not relevant for proofs because of proof irrelevance.

Note: This linter can be disabled with `set_option linter.style.haveILetI false`
warning: ASGinzburg/ASDualityRegularCoproduct.lean:116:4: Try this: 
  letI̵

The goal is a proposition, so `let` is preferred over `letI`.
The difference between `let` and `letI` is that `letI` inlines the value.
But this is not relevant for proofs because of proof irrelevance.

Note: This linter can be disabled with `set_option linter.style.haveILetI false`
warning: ASGinzburg/ASDualityRegularCoproduct.lean:128:4: Try this: 
  letI̵

The goal is a proposition, so `let` is preferred over `letI`.
The difference between `let` and `letI` is that `letI` inlines the value.
But this is not relevant for proofs because of proof irrelevance.

Note: This linter can be disabled with `set_option linter.style.haveILetI false`
warning: ASGinzburg/ASDualityRegularCoproduct.lean:132:15: `if_neg` has been deprecated: Use `ite_eq_right` instead
⚠ [3493/3593] Replayed ASGinzburg.TotalModuleSpaces
warning: ASGinzburg/TotalModuleSpaces.lean:22:4: Try this: 
  letI̵

The goal is a proposition, so `let` is preferred over `letI`.
The difference between `let` and `letI` is that `letI` inlines the value.
But this is not relevant for proofs because of proof irrelevance.

Note: This linter can be disabled with `set_option linter.style.haveILetI false`
warning: ASGinzburg/TotalModuleSpaces.lean:23:4: Try this: 
  letI̵

The goal is a proposition, so `let` is preferred over `letI`.
The difference between `let` and `letI` is that `letI` inlines the value.
But this is not relevant for proofs because of proof irrelevance.

Note: This linter can be disabled with `set_option linter.style.haveILetI false`
warning: ASGinzburg/TotalModuleSpaces.lean:9:0: Definition `ASGinzburg.discreteColimitFaithful` of class type is semireducible. Most type class instances should be instance-reducible, so consider marking this
definition with `@[instance_reducible]`. If it is intentionally semireducible, this warning can be disabled with `set_option warn.classDefReducibility false`.
warning: ASGinzburg/TotalModuleSpaces.lean:9:0: Definition `discreteColimitFaithful` is a proposition; use `theorem` instead of `def`

Note: This linter can be disabled with `set_option linter.defProp false`
warning: ASGinzburg/TotalModuleSpaces.lean:68:2: Try this: 
  letI̵

The goal is a proposition, so `let` is preferred over `letI`.
The difference between `let` and `letI` is that `letI` inlines the value.
But this is not relevant for proofs because of proof irrelevance.

Note: This linter can be disabled with `set_option linter.style.haveILetI false`
warning: ASGinzburg/TotalModuleSpaces.lean:73:2: Try this: 
  letI̵

The goal is a proposition, so `let` is preferred over `letI`.
The difference between `let` and `letI` is that `letI` inlines the value.
But this is not relevant for proofs because of proof irrelevance.

Note: This linter can be disabled with `set_option linter.style.haveILetI false`
warning: ASGinzburg/TotalModuleSpaces.lean:79:2: Try this: 
  letI̵

The goal is a proposition, so `let` is preferred over `letI`.
The difference between `let` and `letI` is that `letI` inlines the value.
But this is not relevant for proofs because of proof irrelevance.

Note: This linter can be disabled with `set_option linter.style.haveILetI false`
warning: ASGinzburg/TotalModuleSpaces.lean:85:2: Try this: 
  letI̵

The goal is a proposition, so `let` is preferred over `letI`.
The difference between `let` and `letI` is that `letI` inlines the value.
But this is not relevant for proofs because of proof irrelevance.

Note: This linter can be disabled with `set_option linter.style.haveILetI false`
warning: ASGinzburg/TotalModuleSpaces.lean:92:2: Try this: 
  letI̵

The goal is a proposition, so `let` is preferred over `letI`.
The difference between `let` and `letI` is that `letI` inlines the value.
But this is not relevant for proofs because of proof irrelevance.

Note: This linter can be disabled with `set_option linter.style.haveILetI false`
warning: ASGinzburg/TotalModuleSpaces.lean:100:2: Try this: 
  letI̵

The goal is a proposition, so `let` is preferred over `letI`.
The difference between `let` and `letI` is that `letI` inlines the value.
But this is not relevant for proofs because of proof irrelevance.

Note: This linter can be disabled with `set_option linter.style.haveILetI false`
⚠ [3494/3593] Replayed ASGinzburg.RegularCoproductActions
warning: ASGinzburg/RegularCoproductActions.lean:172:2: Try this: 
  letI̵

The goal is a proposition, so `let` is preferred over `letI`.
The difference between `let` and `letI` is that `letI` inlines the value.
But this is not relevant for proofs because of proof irrelevance.

Note: This linter can be disabled with `set_option linter.style.haveILetI false`
warning: ASGinzburg/RegularCoproductActions.lean:219:2: Try this: 
  letI̵

The goal is a proposition, so `let` is preferred over `letI`.
The difference between `let` and `letI` is that `letI` inlines the value.
But this is not relevant for proofs because of proof irrelevance.

Note: This linter can be disabled with `set_option linter.style.haveILetI false`
⚠ [3495/3593] Replayed ASGinzburg.TotalModuleLocalUnits
warning: ASGinzburg/TotalModuleLocalUnits.lean:28:35: `DFinsupp.finset_sum_apply` has been deprecated: Use `DFinsupp.finsetSum_apply` instead
warning: ASGinzburg/TotalModuleLocalUnits.lean:30:8: `if_pos` has been deprecated: Use `ite_eq_left` instead
warning: ASGinzburg/TotalModuleLocalUnits.lean:35:8: `if_neg` has been deprecated: Use `ite_eq_right` instead
⚠ [3500/3593] Replayed ASGinzburg.TotalComponentActions
warning: ASGinzburg/TotalComponentActions.lean:15:2: Try this: 
  letI̵

The goal is a proposition, so `let` is preferred over `letI`.
The difference between `let` and `letI` is that `letI` inlines the value.
But this is not relevant for proofs because of proof irrelevance.

Note: This linter can be disabled with `set_option linter.style.haveILetI false`
warning: ASGinzburg/TotalComponentActions.lean:26:2: Try this: 
  letI̵

The goal is a proposition, so `let` is preferred over `letI`.
The difference between `let` and `letI` is that `letI` inlines the value.
But this is not relevant for proofs because of proof irrelevance.

Note: This linter can be disabled with `set_option linter.style.haveILetI false`
warning: ASGinzburg/TotalComponentActions.lean:70:2: Try this: 
  letI̵

The goal is a proposition, so `let` is preferred over `letI`.
The difference between `let` and `letI` is that `letI` inlines the value.
But this is not relevant for proofs because of proof irrelevance.

Note: This linter can be disabled with `set_option linter.style.haveILetI false`
warning: ASGinzburg/TotalComponentActions.lean:81:2: Try this: 
  letI̵

The goal is a proposition, so `let` is preferred over `letI`.
The difference between `let` and `letI` is that `letI` inlines the value.
But this is not relevant for proofs because of proof irrelevance.

Note: This linter can be disabled with `set_option linter.style.haveILetI false`
⚠ [3502/3593] Replayed ASGinzburg.LocallyUnitalModules
warning: ASGinzburg/LocallyUnitalModules.lean:36:0: Definition `ASGinzburg.ZAlgebra.leftTotalUnitizationModule` of class type is semireducible. Most type class instances should be instance-reducible, so consider marking this
definition with `@[instance_reducible]`. If it is intentionally semireducible, this warning can be disabled with `set_option warn.classDefReducibility false`.
warning: ASGinzburg/LocallyUnitalModules.lean:40:0: Definition `ASGinzburg.ZAlgebra.rightTotalUnitizationModule` of class type is semireducible. Most type class instances should be instance-reducible, so consider marking this
definition with `@[instance_reducible]`. If it is intentionally semireducible, this warning can be disabled with `set_option warn.classDefReducibility false`.
⚠ [3507/3593] Replayed ASGinzburg.UnitizationComponentSums
warning: ASGinzburg/UnitizationComponentSums.lean:63:17: `dif_neg` has been deprecated: Use `dite_eq_right` instead
warning: ASGinzburg/UnitizationComponentSums.lean:84:17: `dif_neg` has been deprecated: Use `dite_eq_right` instead
⚠ [3511/3593] Replayed ASGinzburg.LeftModuleEnoughProjectives
warning: ASGinzburg/LeftModuleEnoughProjectives.lean:42:12: `CategoryTheory.Limits.Sigma.ι_desc` has been deprecated: Use `CategoryTheory.Limits.Sigma.ι_comp_desc` instead
⚠ [3513/3593] Replayed ASGinzburg.LocallyUnitalAbelian
warning: ASGinzburg/LocallyUnitalAbelian.lean:65:4: Try this: 
  letI̵

The goal is a proposition, so `let` is preferred over `letI`.
The difference between `let` and `letI` is that `letI` inlines the value.
But this is not relevant for proofs because of proof irrelevance.

Note: This linter can be disabled with `set_option linter.style.haveILetI false`
warning: ASGinzburg/LocallyUnitalAbelian.lean:80:4: Try this: 
  letI̵

The goal is a proposition, so `let` is preferred over `letI`.
The difference between `let` and `letI` is that `letI` inlines the value.
But this is not relevant for proofs because of proof irrelevance.

Note: This linter can be disabled with `set_option linter.style.haveILetI false`
warning: ASGinzburg/LocallyUnitalAbelian.lean:124:4: Try this: 
  letI̵

The goal is a proposition, so `let` is preferred over `letI`.
The difference between `let` and `letI` is that `letI` inlines the value.
But this is not relevant for proofs because of proof irrelevance.

Note: This linter can be disabled with `set_option linter.style.haveILetI false`
warning: ASGinzburg/LocallyUnitalAbelian.lean:129:4: Try this: 
  letI̵

The goal is a proposition, so `let` is preferred over `letI`.
The difference between `let` and `letI` is that `letI` inlines the value.
But this is not relevant for proofs because of proof irrelevance.

Note: This linter can be disabled with `set_option linter.style.haveILetI false`
⚠ [3515/3593] Replayed ASGinzburg.LocallyUnitalExtNaturality
warning: ASGinzburg/LocallyUnitalExtNaturality.lean:92:2: Try this: 
  letI̵

The goal is a proposition, so `let` is preferred over `letI`.
The difference between `let` and `letI` is that `letI` inlines the value.
But this is not relevant for proofs because of proof irrelevance.

Note: This linter can be disabled with `set_option linter.style.haveILetI false`
warning: ASGinzburg/LocallyUnitalExtNaturality.lean:93:2: Try this: 
  letI̵

The goal is a proposition, so `let` is preferred over `letI`.
The difference between `let` and `letI` is that `letI` inlines the value.
But this is not relevant for proofs because of proof irrelevance.

Note: This linter can be disabled with `set_option linter.style.haveILetI false`
warning: ASGinzburg/LocallyUnitalExtNaturality.lean:94:2: Try this: 
  letI̵

The goal is a proposition, so `let` is preferred over `letI`.
The difference between `let` and `letI` is that `letI` inlines the value.
But this is not relevant for proofs because of proof irrelevance.

Note: This linter can be disabled with `set_option linter.style.haveILetI false`
warning: ASGinzburg/LocallyUnitalExtNaturality.lean:95:2: Try this: 
  letI̵

The goal is a proposition, so `let` is preferred over `letI`.
The difference between `let` and `letI` is that `letI` inlines the value.
But this is not relevant for proofs because of proof irrelevance.

Note: This linter can be disabled with `set_option linter.style.haveILetI false`
warning: ASGinzburg/LocallyUnitalExtNaturality.lean:96:2: Try this: 
  letI̵

The goal is a proposition, so `let` is preferred over `letI`.
The difference between `let` and `letI` is that `letI` inlines the value.
But this is not relevant for proofs because of proof irrelevance.

Note: This linter can be disabled with `set_option linter.style.haveILetI false`
warning: ASGinzburg/LocallyUnitalExtNaturality.lean:104:2: Try this: 
  letI̵

The goal is a proposition, so `let` is preferred over `letI`.
The difference between `let` and `letI` is that `letI` inlines the value.
But this is not relevant for proofs because of proof irrelevance.

Note: This linter can be disabled with `set_option linter.style.haveILetI false`
warning: ASGinzburg/LocallyUnitalExtNaturality.lean:105:2: Try this: 
  letI̵

The goal is a proposition, so `let` is preferred over `letI`.
The difference between `let` and `letI` is that `letI` inlines the value.
But this is not relevant for proofs because of proof irrelevance.

Note: This linter can be disabled with `set_option linter.style.haveILetI false`
warning: ASGinzburg/LocallyUnitalExtNaturality.lean:106:2: Try this: 
  letI̵

The goal is a proposition, so `let` is preferred over `letI`.
The difference between `let` and `letI` is that `letI` inlines the value.
But this is not relevant for proofs because of proof irrelevance.

Note: This linter can be disabled with `set_option linter.style.haveILetI false`
warning: ASGinzburg/LocallyUnitalExtNaturality.lean:107:2: Try this: 
  letI̵

The goal is a proposition, so `let` is preferred over `letI`.
The difference between `let` and `letI` is that `letI` inlines the value.
But this is not relevant for proofs because of proof irrelevance.

Note: This linter can be disabled with `set_option linter.style.haveILetI false`
warning: ASGinzburg/LocallyUnitalExtNaturality.lean:120:2: Try this: 
  letI̵

The goal is a proposition, so `let` is preferred over `letI`.
The difference between `let` and `letI` is that `letI` inlines the value.
But this is not relevant for proofs because of proof irrelevance.

Note: This linter can be disabled with `set_option linter.style.haveILetI false`
warning: ASGinzburg/LocallyUnitalExtNaturality.lean:121:2: Try this: 
  letI̵

The goal is a proposition, so `let` is preferred over `letI`.
The difference between `let` and `letI` is that `letI` inlines the value.
But this is not relevant for proofs because of proof irrelevance.

Note: This linter can be disabled with `set_option linter.style.haveILetI false`
warning: ASGinzburg/LocallyUnitalExtNaturality.lean:122:2: Try this: 
  letI̵

The goal is a proposition, so `let` is preferred over `letI`.
The difference between `let` and `letI` is that `letI` inlines the value.
But this is not relevant for proofs because of proof irrelevance.

Note: This linter can be disabled with `set_option linter.style.haveILetI false`
warning: ASGinzburg/LocallyUnitalExtNaturality.lean:123:2: Try this: 
  letI̵

The goal is a proposition, so `let` is preferred over `letI`.
The difference between `let` and `letI` is that `letI` inlines the value.
But this is not relevant for proofs because of proof irrelevance.

Note: This linter can be disabled with `set_option linter.style.haveILetI false`
warning: ASGinzburg/LocallyUnitalExtNaturality.lean:134:2: Try this: 
  letI̵

The goal is a proposition, so `let` is preferred over `letI`.
The difference between `let` and `letI` is that `letI` inlines the value.
But this is not relevant for proofs because of proof irrelevance.

Note: This linter can be disabled with `set_option linter.style.haveILetI false`
warning: ASGinzburg/LocallyUnitalExtNaturality.lean:135:2: Try this: 
  letI̵

The goal is a proposition, so `let` is preferred over `letI`.
The difference between `let` and `letI` is that `letI` inlines the value.
But this is not relevant for proofs because of proof irrelevance.

Note: This linter can be disabled with `set_option linter.style.haveILetI false`
warning: ASGinzburg/LocallyUnitalExtNaturality.lean:136:2: Try this: 
  letI̵

The goal is a proposition, so `let` is preferred over `letI`.
The difference between `let` and `letI` is that `letI` inlines the value.
But this is not relevant for proofs because of proof irrelevance.

Note: This linter can be disabled with `set_option linter.style.haveILetI false`
warning: ASGinzburg/LocallyUnitalExtNaturality.lean:137:2: Try this: 
  letI̵

The goal is a proposition, so `let` is preferred over `letI`.
The difference between `let` and `letI` is that `letI` inlines the value.
But this is not relevant for proofs because of proof irrelevance.

Note: This linter can be disabled with `set_option linter.style.haveILetI false`
warning: ASGinzburg/LocallyUnitalExtNaturality.lean:138:2: Try this: 
  letI̵

The goal is a proposition, so `let` is preferred over `letI`.
The difference between `let` and `letI` is that `letI` inlines the value.
But this is not relevant for proofs because of proof irrelevance.

Note: This linter can be disabled with `set_option linter.style.haveILetI false`
warning: ASGinzburg/LocallyUnitalExtNaturality.lean:146:2: Try this: 
  letI̵

The goal is a proposition, so `let` is preferred over `letI`.
The difference between `let` and `letI` is that `letI` inlines the value.
But this is not relevant for proofs because of proof irrelevance.

Note: This linter can be disabled with `set_option linter.style.haveILetI false`
warning: ASGinzburg/LocallyUnitalExtNaturality.lean:147:2: Try this: 
  letI̵

The goal is a proposition, so `let` is preferred over `letI`.
The difference between `let` and `letI` is that `letI` inlines the value.
But this is not relevant for proofs because of proof irrelevance.

Note: This linter can be disabled with `set_option linter.style.haveILetI false`
warning: ASGinzburg/LocallyUnitalExtNaturality.lean:148:2: Try this: 
  letI̵

The goal is a proposition, so `let` is preferred over `letI`.
The difference between `let` and `letI` is that `letI` inlines the value.
But this is not relevant for proofs because of proof irrelevance.

Note: This linter can be disabled with `set_option linter.style.haveILetI false`
warning: ASGinzburg/LocallyUnitalExtNaturality.lean:149:2: Try this: 
  letI̵

The goal is a proposition, so `let` is preferred over `letI`.
The difference between `let` and `letI` is that `letI` inlines the value.
But this is not relevant for proofs because of proof irrelevance.

Note: This linter can be disabled with `set_option linter.style.haveILetI false`
warning: ASGinzburg/LocallyUnitalExtNaturality.lean:162:2: Try this: 
  letI̵

The goal is a proposition, so `let` is preferred over `letI`.
The difference between `let` and `letI` is that `letI` inlines the value.
But this is not relevant for proofs because of proof irrelevance.

Note: This linter can be disabled with `set_option linter.style.haveILetI false`
warning: ASGinzburg/LocallyUnitalExtNaturality.lean:163:2: Try this: 
  letI̵

The goal is a proposition, so `let` is preferred over `letI`.
The difference between `let` and `letI` is that `letI` inlines the value.
But this is not relevant for proofs because of proof irrelevance.

Note: This linter can be disabled with `set_option linter.style.haveILetI false`
warning: ASGinzburg/LocallyUnitalExtNaturality.lean:164:2: Try this: 
  letI̵

The goal is a proposition, so `let` is preferred over `letI`.
The difference between `let` and `letI` is that `letI` inlines the value.
But this is not relevant for proofs because of proof irrelevance.

Note: This linter can be disabled with `set_option linter.style.haveILetI false`
warning: ASGinzburg/LocallyUnitalExtNaturality.lean:165:2: Try this: 
  letI̵

The goal is a proposition, so `let` is preferred over `letI`.
The difference between `let` and `letI` is that `letI` inlines the value.
But this is not relevant for proofs because of proof irrelevance.

Note: This linter can be disabled with `set_option linter.style.haveILetI false`
⚠ [3517/3593] Replayed ASGinzburg.LinearPresheafAbelian
warning: ASGinzburg/LinearPresheafAbelian.lean:39:4: Try this: 
  letI̵

The goal is a proposition, so `let` is preferred over `letI`.
The difference between `let` and `letI` is that `letI` inlines the value.
But this is not relevant for proofs because of proof irrelevance.

Note: This linter can be disabled with `set_option linter.style.haveILetI false`
warning: ASGinzburg/LinearPresheafAbelian.lean:48:4: Try this: 
  letI̵

The goal is a proposition, so `let` is preferred over `letI`.
The difference between `let` and `letI` is that `letI` inlines the value.
But this is not relevant for proofs because of proof irrelevance.

Note: This linter can be disabled with `set_option linter.style.haveILetI false`
warning: ASGinzburg/LinearPresheafAbelian.lean:68:4: Try this: 
  letI̵

The goal is a proposition, so `let` is preferred over `letI`.
The difference between `let` and `letI` is that `letI` inlines the value.
But this is not relevant for proofs because of proof irrelevance.

Note: This linter can be disabled with `set_option linter.style.haveILetI false`
warning: ASGinzburg/LinearPresheafAbelian.lean:78:4: Try this: 
  letI̵

The goal is a proposition, so `let` is preferred over `letI`.
The difference between `let` and `letI` is that `letI` inlines the value.
But this is not relevant for proofs because of proof irrelevance.

Note: This linter can be disabled with `set_option linter.style.haveILetI false`
warning: ASGinzburg/LinearPresheafAbelian.lean:90:4: Try this: 
  letI̵

The goal is a proposition, so `let` is preferred over `letI`.
The difference between `let` and `letI` is that `letI` inlines the value.
But this is not relevant for proofs because of proof irrelevance.

Note: This linter can be disabled with `set_option linter.style.haveILetI false`
warning: ASGinzburg/LinearPresheafAbelian.lean:98:4: Try this: 
  letI̵

The goal is a proposition, so `let` is preferred over `letI`.
The difference between `let` and `letI` is that `letI` inlines the value.
But this is not relevant for proofs because of proof irrelevance.

Note: This linter can be disabled with `set_option linter.style.haveILetI false`
warning: ASGinzburg/LinearPresheafAbelian.lean:124:2: Try this: 
  haveI̵

The goal is a proposition, so `have` is preferred over `haveI`.
The difference between `have` and `haveI` is that `haveI` inlines the value.
But this is not relevant for proofs because of proof irrelevance.

Note: This linter can be disabled with `set_option linter.style.haveILetI false`
⚠ [3518/3593] Replayed ASGinzburg.FoundationRightRestriction
warning: ASGinzburg/FoundationRightRestriction.lean:31:4: Try this: 
  letI̵

The goal is a proposition, so `let` is preferred over `letI`.
The difference between `let` and `letI` is that `letI` inlines the value.
But this is not relevant for proofs because of proof irrelevance.

Note: This linter can be disabled with `set_option linter.style.haveILetI false`
warning: ASGinzburg/FoundationRightRestriction.lean:32:4: Try this: 
  letI̵

The goal is a proposition, so `let` is preferred over `letI`.
The difference between `let` and `letI` is that `letI` inlines the value.
But this is not relevant for proofs because of proof irrelevance.

Note: This linter can be disabled with `set_option linter.style.haveILetI false`
⚠ [3519/3593] Replayed ASGinzburg.FoundationRestrictionExactness
warning: ASGinzburg/FoundationRestrictionExactness.lean:14:2: Try this: 
  haveI̵

The goal is a proposition, so `have` is preferred over `haveI`.
The difference between `have` and `haveI` is that `haveI` inlines the value.
But this is not relevant for proofs because of proof irrelevance.

Note: This linter can be disabled with `set_option linter.style.haveILetI false`
warning: ASGinzburg/FoundationRestrictionExactness.lean:26:2: Try this: 
  haveI̵

The goal is a proposition, so `have` is preferred over `haveI`.
The difference between `have` and `haveI` is that `haveI` inlines the value.
But this is not relevant for proofs because of proof irrelevance.

Note: This linter can be disabled with `set_option linter.style.haveILetI false`
⚠ [3526/3593] Replayed ASGinzburg.ASGeneratorDimensions
warning: ASGinzburg/ASGeneratorDimensions.lean:21:4: Try this: 
  letI̵

The goal is a proposition, so `let` is preferred over `letI`.
The difference between `let` and `letI` is that `letI` inlines the value.
But this is not relevant for proofs because of proof irrelevance.

Note: This linter can be disabled with `set_option linter.style.haveILetI false`
warning: ASGinzburg/ASGeneratorDimensions.lean:24:44: `if_neg` has been deprecated: Use `ite_eq_right` instead
warning: ASGinzburg/ASGeneratorDimensions.lean:31:10: `if_pos` has been deprecated: Use `ite_eq_left` instead
warning: ASGinzburg/ASGeneratorDimensions.lean:34:6: Try this: 
  letI̵

The goal is a proposition, so `let` is preferred over `letI`.
The difference between `let` and `letI` is that `letI` inlines the value.
But this is not relevant for proofs because of proof irrelevance.

Note: This linter can be disabled with `set_option linter.style.haveILetI false`
warning: ASGinzburg/ASGeneratorDimensions.lean:35:10: `if_neg` has been deprecated: Use `ite_eq_right` instead
warning: ASGinzburg/ASGeneratorDimensions.lean:59:2: Try this: 
  letI̵

The goal is a proposition, so `let` is preferred over `letI`.
The difference between `let` and `letI` is that `letI` inlines the value.
But this is not relevant for proofs because of proof irrelevance.

Note: This linter can be disabled with `set_option linter.style.haveILetI false`
⚠ [3532/3593] Replayed ASGinzburg.CoproductDropZero
warning: ASGinzburg/CoproductDropZero.lean:33:25: `CategoryTheory.Limits.Sigma.ι_desc` has been deprecated: Use `CategoryTheory.Limits.Sigma.ι_comp_desc` instead
⚠ [3535/3593] Replayed ASGinzburg.FoundationComponentActions
warning: ASGinzburg/FoundationComponentActions.lean:20:2: Try this: 
  letI̵

The goal is a proposition, so `let` is preferred over `letI`.
The difference between `let` and `letI` is that `letI` inlines the value.
But this is not relevant for proofs because of proof irrelevance.

Note: This linter can be disabled with `set_option linter.style.haveILetI false`
warning: ASGinzburg/FoundationComponentActions.lean:33:2: Try this: 
  letI̵

The goal is a proposition, so `let` is preferred over `letI`.
The difference between `let` and `letI` is that `letI` inlines the value.
But this is not relevant for proofs because of proof irrelevance.

Note: This linter can be disabled with `set_option linter.style.haveILetI false`
⚠ [3540/3593] Replayed ASGinzburg.UnrolledPathZAlgebra
warning: ASGinzburg/UnrolledPathZAlgebra.lean:23:4: Try this: 
  haveI̵

The goal is a proposition, so `have` is preferred over `haveI`.
The difference between `have` and `haveI` is that `haveI` inlines the value.
But this is not relevant for proofs because of proof irrelevance.

Note: This linter can be disabled with `set_option linter.style.haveILetI false`
warning: ASGinzburg/UnrolledPathZAlgebra.lean:37:4: Try this: 
  letI̵

The goal is a proposition, so `let` is preferred over `letI`.
The difference between `let` and `letI` is that `letI` inlines the value.
But this is not relevant for proofs because of proof irrelevance.

Note: This linter can be disabled with `set_option linter.style.haveILetI false`
⚠ [3549/3593] Replayed ASGinzburg.FoundationTotalModules
warning: ASGinzburg/FoundationTotalModules.lean:27:0: Definition `ASGinzburg.ZAlgebra.foundationRightTotalModuleStructure` of class type is semireducible. Most type class instances should be instance-reducible, so consider marking this
definition with `@[instance_reducible]`. If it is intentionally semireducible, this warning can be disabled with `set_option warn.classDefReducibility false`.
⚠ [3571/3593] Replayed ASGinzburg.FoundationProjectives
warning: ASGinzburg/FoundationProjectives.lean:28:4: Try this: 
  letI̵

The goal is a proposition, so `let` is preferred over `letI`.
The difference between `let` and `letI` is that `letI` inlines the value.
But this is not relevant for proofs because of proof irrelevance.

Note: This linter can be disabled with `set_option linter.style.haveILetI false`
warning: ASGinzburg/FoundationProjectives.lean:44:15: `CategoryTheory.Limits.Sigma.ι_desc_assoc` has been deprecated: Use `CategoryTheory.Limits.Sigma.ι_comp_desc_assoc` instead
⚠ [3572/3593] Replayed ASGinzburg.FoundationEnoughProjectives
warning: ASGinzburg/FoundationEnoughProjectives.lean:15:4: Try this: 
  letI̵

The goal is a proposition, so `let` is preferred over `letI`.
The difference between `let` and `letI` is that `letI` inlines the value.
But this is not relevant for proofs because of proof irrelevance.

Note: This linter can be disabled with `set_option linter.style.haveILetI false`
warning: ASGinzburg/FoundationEnoughProjectives.lean:19:4: Try this: 
  haveI̵

The goal is a proposition, so `have` is preferred over `haveI`.
The difference between `have` and `haveI` is that `haveI` inlines the value.
But this is not relevant for proofs because of proof irrelevance.

Note: This linter can be disabled with `set_option linter.style.haveILetI false`
warning: ASGinzburg/FoundationEnoughProjectives.lean:49:12: `CategoryTheory.Limits.Sigma.ι_desc` has been deprecated: Use `CategoryTheory.Limits.Sigma.ι_comp_desc` instead
⚠ [3578/3593] Replayed ASGinzburg.GinzburgJacobianBoundaries
warning: ASGinzburg/GinzburgJacobianBoundaries.lean:32:8: Unused tactic linter: `change Q.ginzburgDifferential k φ u v (e.symm (Finsupp.single p 1)).val = _` does nothing

Note: This linter can be disabled with `set_option linter.unusedTactic false`
⚠ [3581/3593] Replayed ASGinzburg.PathCutGrading
warning: ASGinzburg/PathCutGrading.lean:59:48: `if_pos` has been deprecated: Use `ite_eq_left` instead
warning: ASGinzburg/PathCutGrading.lean:66:2: Try this: 
  letI̵

The goal is a proposition, so `let` is preferred over `letI`.
The difference between `let` and `letI` is that `letI` inlines the value.
But this is not relevant for proofs because of proof irrelevance.

Note: This linter can be disabled with `set_option linter.style.haveILetI false`
warning: ASGinzburg/PathCutGrading.lean:67:2: Try this: 
  letI̵

The goal is a proposition, so `let` is preferred over `letI`.
The difference between `let` and `letI` is that `letI` inlines the value.
But this is not relevant for proofs because of proof irrelevance.

Note: This linter can be disabled with `set_option linter.style.haveILetI false`
⚠ [3583/3593] Replayed ASGinzburg.PathJacobianGrading
warning: ASGinzburg/PathJacobianGrading.lean:60:6: `if_pos` has been deprecated: Use `ite_eq_left` instead
⚠ [3587/3593] Replayed ASGinzburg.LinearExtTransport
warning: ASGinzburg/LinearExtTransport.lean:11:17: Definition `ASGinzburg.exactExtModule` of class type is semireducible. Most type class instances should be instance-reducible, so consider marking this
definition with `@[instance_reducible]`. If it is intentionally semireducible, this warning can be disabled with `set_option warn.classDefReducibility false`.
warning: ASGinzburg/LinearExtTransport.lean:27:2: Try this: 
  letI̵

The goal is a proposition, so `let` is preferred over `letI`.
The difference between `let` and `letI` is that `letI` inlines the value.
But this is not relevant for proofs because of proof irrelevance.

Note: This linter can be disabled with `set_option linter.style.haveILetI false`
warning: ASGinzburg/LinearExtTransport.lean:28:2: Try this: 
  letI̵

The goal is a proposition, so `let` is preferred over `letI`.
The difference between `let` and `letI` is that `letI` inlines the value.
But this is not relevant for proofs because of proof irrelevance.

Note: This linter can be disabled with `set_option linter.style.haveILetI false`
warning: ASGinzburg/LinearExtTransport.lean:43:2: Try this: 
  letI̵

The goal is a proposition, so `let` is preferred over `letI`.
The difference between `let` and `letI` is that `letI` inlines the value.
But this is not relevant for proofs because of proof irrelevance.

Note: This linter can be disabled with `set_option linter.style.haveILetI false`
warning: ASGinzburg/LinearExtTransport.lean:44:2: Try this: 
  letI̵

The goal is a proposition, so `let` is preferred over `letI`.
The difference between `let` and `letI` is that `letI` inlines the value.
But this is not relevant for proofs because of proof irrelevance.

Note: This linter can be disabled with `set_option linter.style.haveILetI false`
warning: ASGinzburg/LinearExtTransport.lean:59:2: Try this: 
  letI̵

The goal is a proposition, so `let` is preferred over `letI`.
The difference between `let` and `letI` is that `letI` inlines the value.
But this is not relevant for proofs because of proof irrelevance.

Note: This linter can be disabled with `set_option linter.style.haveILetI false`
warning: ASGinzburg/LinearExtTransport.lean:60:2: Try this: 
  letI̵

The goal is a proposition, so `let` is preferred over `letI`.
The difference between `let` and `letI` is that `letI` inlines the value.
But this is not relevant for proofs because of proof irrelevance.

Note: This linter can be disabled with `set_option linter.style.haveILetI false`
⚠ [3588/3593] Replayed ASGinzburg.LeftModuleExtSequence
warning: ASGinzburg/LeftModuleExtSequence.lean:11:2: Try this: 
  letI̵

The goal is a proposition, so `let` is preferred over `letI`.
The difference between `let` and `letI` is that `letI` inlines the value.
But this is not relevant for proofs because of proof irrelevance.

Note: This linter can be disabled with `set_option linter.style.haveILetI false`
warning: ASGinzburg/LeftModuleExtSequence.lean:17:2: Try this: 
  letI̵

The goal is a proposition, so `let` is preferred over `letI`.
The difference between `let` and `letI` is that `letI` inlines the value.
But this is not relevant for proofs because of proof irrelevance.

Note: This linter can be disabled with `set_option linter.style.haveILetI false`
warning: ASGinzburg/LeftModuleExtSequence.lean:23:2: Try this: 
  letI̵

The goal is a proposition, so `let` is preferred over `letI`.
The difference between `let` and `letI` is that `letI` inlines the value.
But this is not relevant for proofs because of proof irrelevance.

Note: This linter can be disabled with `set_option linter.style.haveILetI false`
✔ [3589/3593] Built ASGinzburg.FoundationRingExtComparison (5.2s)
✔ [3590/3593] Built ASGinzburg.GinzburgGeneratorFilteredAugmentation (5.4s)
⚠ [3591/3593] Built ASGinzburg.GinzburgAssociatedLeftAction (5.7s)
warning: ASGinzburg/GinzburgAssociatedLeftAction.lean:36:2: Try this: 
  letI̵

The goal is a proposition, so `let` is preferred over `letI`.
The difference between `let` and `letI` is that `letI` inlines the value.
But this is not relevant for proofs because of proof irrelevance.

Note: This linter can be disabled with `set_option linter.style.haveILetI false`
warning: ASGinzburg/GinzburgAssociatedLeftAction.lean:37:2: Try this: 
  letI̵

The goal is a proposition, so `let` is preferred over `letI`.
The difference between `let` and `letI` is that `letI` inlines the value.
But this is not relevant for proofs because of proof irrelevance.

Note: This linter can be disabled with `set_option linter.style.haveILetI false`
⚠ [3592/3593] Built ASGinzburg.RegularRightModule (11s)
warning: ASGinzburg/RegularRightModule.lean:16:0: Definition `ASGinzburg.ZAlgebra.totalAlgebraRightUnitizationModule` of class type is semireducible. Most type class instances should be instance-reducible, so consider marking this
definition with `@[instance_reducible]`. If it is intentionally semireducible, this warning can be disabled with `set_option warn.classDefReducibility false`.
warning: ASGinzburg/RegularRightModule.lean:29:2: Try this: 
  letI̵

The goal is a proposition, so `let` is preferred over `letI`.
The difference between `let` and `letI` is that `letI` inlines the value.
But this is not relevant for proofs because of proof irrelevance.

Note: This linter can be disabled with `set_option linter.style.haveILetI false`
warning: ASGinzburg/RegularRightModule.lean:30:2: Try this: 
  letI̵

The goal is a proposition, so `let` is preferred over `letI`.
The difference between `let` and `letI` is that `letI` inlines the value.
But this is not relevant for proofs because of proof irrelevance.

Note: This linter can be disabled with `set_option linter.style.haveILetI false`
warning: ASGinzburg/RegularRightModule.lean:57:2: Try this: 
  letI̵

The goal is a proposition, so `let` is preferred over `letI`.
The difference between `let` and `letI` is that `letI` inlines the value.
But this is not relevant for proofs because of proof irrelevance.

Note: This linter can be disabled with `set_option linter.style.haveILetI false`
✔ [3593/3593] Built ASGinzburg.LeftModuleExtNaturalSequence (21s)
Build completed successfully (3593 jobs).
