⚠ [3096/3114] Replayed ASGinzburg.PathAlgebra
warning: ASGinzburg/PathAlgebra.lean:97:42: This simp argument is unused:
  LinearMap.add_apply

Hint: Omit it from the simp argument list.
  [apply] simp [map_add, ih, ih']

Note: This linter can be disabled with `set_option linter.unusedSimpArgs false`
⚠ [3097/3114] Replayed ASGinzburg.GinzburgPaths
warning: ASGinzburg/GinzburgPaths.lean:155:41: This simp argument is unused:
  GinzburgArrow.source

Hint: Omit it from the simp argument list.
  [apply] simp only [Path.originalGinzburg, GinzburgArrow.target]

Note: This linter can be disabled with `set_option linter.unusedSimpArgs false`
warning: ASGinzburg/GinzburgPaths.lean:155:62: This simp argument is unused:
  GinzburgArrow.target

Hint: Omit it from the simp argument list.
  [apply] simp only [Path.originalGinzburg, GinzburgArrow.source]

Note: This linter can be disabled with `set_option linter.unusedSimpArgs false`
⚠ [3106/3114] Replayed ASGinzburg.CyclicDerivativeDegrees
warning: ASGinzburg/CyclicDerivativeDegrees.lean:21:12: `if_pos` has been deprecated: Use `ite_eq_left` instead
warning: ASGinzburg/CyclicDerivativeDegrees.lean:28:12: `if_neg` has been deprecated: Use `ite_eq_right` instead
⚠ [3107/3114] Replayed ASGinzburg.PathCyclicDerivativeDegrees
warning: ASGinzburg/PathCyclicDerivativeDegrees.lean:41:16: `Set.mem_setOf_eq` has been deprecated: Use `Set.mem_ofPred_eq` instead
⚠ [3109/3114] Replayed ASGinzburg.GinzburgGeneratorGradings
warning: ASGinzburg/GinzburgGeneratorGradings.lean:37:16: `Set.mem_setOf_eq` has been deprecated: Use `Set.mem_ofPred_eq` instead
⚠ [3173/3315] Replayed ASGinzburg.RightModuleAbelian
warning: ASGinzburg/RightModuleAbelian.lean:38:4: Try this: 
  letI̵

The goal is a proposition, so `let` is preferred over `letI`.
The difference between `let` and `letI` is that `letI` inlines the value.
But this is not relevant for proofs because of proof irrelevance.

Note: This linter can be disabled with `set_option linter.style.haveILetI false`
warning: ASGinzburg/RightModuleAbelian.lean:47:4: Try this: 
  letI̵

The goal is a proposition, so `let` is preferred over `letI`.
The difference between `let` and `letI` is that `letI` inlines the value.
But this is not relevant for proofs because of proof irrelevance.

Note: This linter can be disabled with `set_option linter.style.haveILetI false`
warning: ASGinzburg/RightModuleAbelian.lean:67:4: Try this: 
  letI̵

The goal is a proposition, so `let` is preferred over `letI`.
The difference between `let` and `letI` is that `letI` inlines the value.
But this is not relevant for proofs because of proof irrelevance.

Note: This linter can be disabled with `set_option linter.style.haveILetI false`
warning: ASGinzburg/RightModuleAbelian.lean:77:4: Try this: 
  letI̵

The goal is a proposition, so `let` is preferred over `letI`.
The difference between `let` and `letI` is that `letI` inlines the value.
But this is not relevant for proofs because of proof irrelevance.

Note: This linter can be disabled with `set_option linter.style.haveILetI false`
warning: ASGinzburg/RightModuleAbelian.lean:89:4: Try this: 
  letI̵

The goal is a proposition, so `let` is preferred over `letI`.
The difference between `let` and `letI` is that `letI` inlines the value.
But this is not relevant for proofs because of proof irrelevance.

Note: This linter can be disabled with `set_option linter.style.haveILetI false`
warning: ASGinzburg/RightModuleAbelian.lean:97:4: Try this: 
  letI̵

The goal is a proposition, so `let` is preferred over `letI`.
The difference between `let` and `letI` is that `letI` inlines the value.
But this is not relevant for proofs because of proof irrelevance.

Note: This linter can be disabled with `set_option linter.style.haveILetI false`
warning: ASGinzburg/RightModuleAbelian.lean:123:2: Try this: 
  haveI̵

The goal is a proposition, so `have` is preferred over `haveI`.
The difference between `have` and `haveI` is that `haveI` inlines the value.
But this is not relevant for proofs because of proof irrelevance.

Note: This linter can be disabled with `set_option linter.style.haveILetI false`
⚠ [3227/3315] Replayed ASGinzburg.RightModuleHomology
warning: ASGinzburg/RightModuleHomology.lean:90:4: Try this: 
  letI̵

The goal is a proposition, so `let` is preferred over `letI`.
The difference between `let` and `letI` is that `letI` inlines the value.
But this is not relevant for proofs because of proof irrelevance.

Note: This linter can be disabled with `set_option linter.style.haveILetI false`
warning: ASGinzburg/RightModuleHomology.lean:94:4: Try this: 
  haveI̵

The goal is a proposition, so `have` is preferred over `haveI`.
The difference between `have` and `haveI` is that `haveI` inlines the value.
But this is not relevant for proofs because of proof irrelevance.

Note: This linter can be disabled with `set_option linter.style.haveILetI false`
warning: ASGinzburg/RightModuleHomology.lean:103:4: Try this: 
  letI̵

The goal is a proposition, so `let` is preferred over `letI`.
The difference between `let` and `letI` is that `letI` inlines the value.
But this is not relevant for proofs because of proof irrelevance.

Note: This linter can be disabled with `set_option linter.style.haveILetI false`
warning: ASGinzburg/RightModuleHomology.lean:107:4: Try this: 
  haveI̵

The goal is a proposition, so `have` is preferred over `haveI`.
The difference between `have` and `haveI` is that `haveI` inlines the value.
But this is not relevant for proofs because of proof irrelevance.

Note: This linter can be disabled with `set_option linter.style.haveILetI false`
⚠ [3229/3315] Replayed ASGinzburg.RightModuleEnoughProjectives
warning: ASGinzburg/RightModuleEnoughProjectives.lean:42:12: `CategoryTheory.Limits.Sigma.ι_desc` has been deprecated: Use `CategoryTheory.Limits.Sigma.ι_comp_desc` instead
⚠ [3230/3315] Replayed ASGinzburg.RightSubmodules
warning: ASGinzburg/RightSubmodules.lean:45:4: Try this: 
  letI̵

The goal is a proposition, so `let` is preferred over `letI`.
The difference between `let` and `letI` is that `letI` inlines the value.
But this is not relevant for proofs because of proof irrelevance.

Note: This linter can be disabled with `set_option linter.style.haveILetI false`
warning: ASGinzburg/RightSubmodules.lean:55:4: Try this: 
  letI̵

The goal is a proposition, so `let` is preferred over `letI`.
The difference between `let` and `letI` is that `letI` inlines the value.
But this is not relevant for proofs because of proof irrelevance.

Note: This linter can be disabled with `set_option linter.style.haveILetI false`
⚠ [3235/3315] Replayed ASGinzburg.SimpleRightModules
warning: ASGinzburg/SimpleRightModules.lean:147:6: Try this: 
  letI̵

The goal is a proposition, so `let` is preferred over `letI`.
The difference between `let` and `letI` is that `letI` inlines the value.
But this is not relevant for proofs because of proof irrelevance.

Note: This linter can be disabled with `set_option linter.style.haveILetI false`
warning: ASGinzburg/SimpleRightModules.lean:154:6: Try this: 
  haveI̵

The goal is a proposition, so `have` is preferred over `haveI`.
The difference between `have` and `haveI` is that `haveI` inlines the value.
But this is not relevant for proofs because of proof irrelevance.

Note: This linter can be disabled with `set_option linter.style.haveILetI false`
warning: ASGinzburg/SimpleRightModules.lean:155:6: Try this: 
  haveI̵

The goal is a proposition, so `have` is preferred over `haveI`.
The difference between `have` and `haveI` is that `haveI` inlines the value.
But this is not relevant for proofs because of proof irrelevance.

Note: This linter can be disabled with `set_option linter.style.haveILetI false`
⚠ [3236/3315] Replayed ASGinzburg.RightModuleRadical
warning: ASGinzburg/RightModuleRadical.lean:23:4: Try this: 
  letI̵

The goal is a proposition, so `let` is preferred over `letI`.
The difference between `let` and `letI` is that `letI` inlines the value.
But this is not relevant for proofs because of proof irrelevance.

Note: This linter can be disabled with `set_option linter.style.haveILetI false`
⚠ [3238/3315] Replayed ASGinzburg.RightModuleSimpleHom
warning: ASGinzburg/RightModuleSimpleHom.lean:28:6: Try this: 
  haveI̵

The goal is a proposition, so `have` is preferred over `haveI`.
The difference between `have` and `haveI` is that `haveI` inlines the value.
But this is not relevant for proofs because of proof irrelevance.

Note: This linter can be disabled with `set_option linter.style.haveILetI false`
warning: ASGinzburg/RightModuleSimpleHom.lean:33:6: Try this: 
  haveI̵

The goal is a proposition, so `have` is preferred over `haveI`.
The difference between `have` and `haveI` is that `haveI` inlines the value.
But this is not relevant for proofs because of proof irrelevance.

Note: This linter can be disabled with `set_option linter.style.haveILetI false`
⚠ [3239/3315] Replayed ASGinzburg.ASResolution
warning: ASGinzburg/ASResolution.lean:67:15: `CategoryTheory.Limits.Sigma.ι_desc_assoc` has been deprecated: Use `CategoryTheory.Limits.Sigma.ι_comp_desc_assoc` instead
⚠ [3363/3628] Replayed ASGinzburg.ASResolutionComplex
warning: ASGinzburg/ASResolutionComplex.lean:58:4: Try this: 
  letI̵

The goal is a proposition, so `let` is preferred over `letI`.
The difference between `let` and `letI` is that `letI` inlines the value.
But this is not relevant for proofs because of proof irrelevance.

Note: This linter can be disabled with `set_option linter.style.haveILetI false`
⚠ [3371/3628] Replayed ASGinzburg.RightModuleExtLinear
warning: ASGinzburg/RightModuleExtLinear.lean:29:2: Try this: 
  letI̵

The goal is a proposition, so `let` is preferred over `letI`.
The difference between `let` and `letI` is that `letI` inlines the value.
But this is not relevant for proofs because of proof irrelevance.

Note: This linter can be disabled with `set_option linter.style.haveILetI false`
warning: ASGinzburg/RightModuleExtLinear.lean:30:2: Try this: 
  letI̵

The goal is a proposition, so `let` is preferred over `letI`.
The difference between `let` and `letI` is that `letI` inlines the value.
But this is not relevant for proofs because of proof irrelevance.

Note: This linter can be disabled with `set_option linter.style.haveILetI false`
warning: ASGinzburg/RightModuleExtLinear.lean:37:2: Try this: 
  letI̵

The goal is a proposition, so `let` is preferred over `letI`.
The difference between `let` and `letI` is that `letI` inlines the value.
But this is not relevant for proofs because of proof irrelevance.

Note: This linter can be disabled with `set_option linter.style.haveILetI false`
warning: ASGinzburg/RightModuleExtLinear.lean:38:2: Try this: 
  letI̵

The goal is a proposition, so `let` is preferred over `letI`.
The difference between `let` and `letI` is that `letI` inlines the value.
But this is not relevant for proofs because of proof irrelevance.

Note: This linter can be disabled with `set_option linter.style.haveILetI false`
warning: ASGinzburg/RightModuleExtLinear.lean:39:2: Try this: 
  letI̵

The goal is a proposition, so `let` is preferred over `letI`.
The difference between `let` and `letI` is that `letI` inlines the value.
But this is not relevant for proofs because of proof irrelevance.

Note: This linter can be disabled with `set_option linter.style.haveILetI false`
warning: ASGinzburg/RightModuleExtLinear.lean:75:2: Try this: 
  letI̵

The goal is a proposition, so `let` is preferred over `letI`.
The difference between `let` and `letI` is that `letI` inlines the value.
But this is not relevant for proofs because of proof irrelevance.

Note: This linter can be disabled with `set_option linter.style.haveILetI false`
warning: ASGinzburg/RightModuleExtLinear.lean:76:2: Try this: 
  letI̵

The goal is a proposition, so `let` is preferred over `letI`.
The difference between `let` and `letI` is that `letI` inlines the value.
But this is not relevant for proofs because of proof irrelevance.

Note: This linter can be disabled with `set_option linter.style.haveILetI false`
warning: ASGinzburg/RightModuleExtLinear.lean:77:2: Try this: 
  letI̵

The goal is a proposition, so `let` is preferred over `letI`.
The difference between `let` and `letI` is that `letI` inlines the value.
But this is not relevant for proofs because of proof irrelevance.

Note: This linter can be disabled with `set_option linter.style.haveILetI false`
warning: ASGinzburg/RightModuleExtLinear.lean:78:2: Try this: 
  letI̵

The goal is a proposition, so `let` is preferred over `letI`.
The difference between `let` and `letI` is that `letI` inlines the value.
But this is not relevant for proofs because of proof irrelevance.

Note: This linter can be disabled with `set_option linter.style.haveILetI false`
⚠ [3372/3628] Replayed ASGinzburg.ASRegular
warning: ASGinzburg/ASRegular.lean:69:2: Try this: 
  letI̵

The goal is a proposition, so `let` is preferred over `letI`.
The difference between `let` and `letI` is that `letI` inlines the value.
But this is not relevant for proofs because of proof irrelevance.

Note: This linter can be disabled with `set_option linter.style.haveILetI false`
warning: ASGinzburg/ASRegular.lean:81:4: Try this: 
  letI̵

The goal is a proposition, so `let` is preferred over `letI`.
The difference between `let` and `letI` is that `letI` inlines the value.
But this is not relevant for proofs because of proof irrelevance.

Note: This linter can be disabled with `set_option linter.style.haveILetI false`
warning: ASGinzburg/ASRegular.lean:85:4: Try this: 
  letI̵

The goal is a proposition, so `let` is preferred over `letI`.
The difference between `let` and `letI` is that `letI` inlines the value.
But this is not relevant for proofs because of proof irrelevance.

Note: This linter can be disabled with `set_option linter.style.haveILetI false`
⚠ [3373/3628] Replayed ASGinzburg.RightModuleExtSequence
warning: ASGinzburg/RightModuleExtSequence.lean:19:2: Try this: 
  letI̵

The goal is a proposition, so `let` is preferred over `letI`.
The difference between `let` and `letI` is that `letI` inlines the value.
But this is not relevant for proofs because of proof irrelevance.

Note: This linter can be disabled with `set_option linter.style.haveILetI false`
warning: ASGinzburg/RightModuleExtSequence.lean:20:2: Try this: 
  letI̵

The goal is a proposition, so `let` is preferred over `letI`.
The difference between `let` and `letI` is that `letI` inlines the value.
But this is not relevant for proofs because of proof irrelevance.

Note: This linter can be disabled with `set_option linter.style.haveILetI false`
warning: ASGinzburg/RightModuleExtSequence.lean:21:2: Try this: 
  letI̵

The goal is a proposition, so `let` is preferred over `letI`.
The difference between `let` and `letI` is that `letI` inlines the value.
But this is not relevant for proofs because of proof irrelevance.

Note: This linter can be disabled with `set_option linter.style.haveILetI false`
warning: ASGinzburg/RightModuleExtSequence.lean:28:2: Try this: 
  letI̵

The goal is a proposition, so `let` is preferred over `letI`.
The difference between `let` and `letI` is that `letI` inlines the value.
But this is not relevant for proofs because of proof irrelevance.

Note: This linter can be disabled with `set_option linter.style.haveILetI false`
warning: ASGinzburg/RightModuleExtSequence.lean:29:2: Try this: 
  letI̵

The goal is a proposition, so `let` is preferred over `letI`.
The difference between `let` and `letI` is that `letI` inlines the value.
But this is not relevant for proofs because of proof irrelevance.

Note: This linter can be disabled with `set_option linter.style.haveILetI false`
warning: ASGinzburg/RightModuleExtSequence.lean:43:2: Try this: 
  letI̵

The goal is a proposition, so `let` is preferred over `letI`.
The difference between `let` and `letI` is that `letI` inlines the value.
But this is not relevant for proofs because of proof irrelevance.

Note: This linter can be disabled with `set_option linter.style.haveILetI false`
warning: ASGinzburg/RightModuleExtSequence.lean:44:2: Try this: 
  letI̵

The goal is a proposition, so `let` is preferred over `letI`.
The difference between `let` and `letI` is that `letI` inlines the value.
But this is not relevant for proofs because of proof irrelevance.

Note: This linter can be disabled with `set_option linter.style.haveILetI false`
warning: ASGinzburg/RightModuleExtSequence.lean:45:2: Try this: 
  letI̵

The goal is a proposition, so `let` is preferred over `letI`.
The difference between `let` and `letI` is that `letI` inlines the value.
But this is not relevant for proofs because of proof irrelevance.

Note: This linter can be disabled with `set_option linter.style.haveILetI false`
⚠ [3374/3628] Replayed ASGinzburg.ASResolutionSyzygies
warning: ASGinzburg/ASResolutionSyzygies.lean:23:2: Try this: 
  haveI̵

The goal is a proposition, so `have` is preferred over `haveI`.
The difference between `have` and `haveI` is that `haveI` inlines the value.
But this is not relevant for proofs because of proof irrelevance.

Note: This linter can be disabled with `set_option linter.style.haveILetI false`
warning: ASGinzburg/ASResolutionSyzygies.lean:24:2: Try this: 
  haveI̵

The goal is a proposition, so `have` is preferred over `haveI`.
The difference between `have` and `haveI` is that `haveI` inlines the value.
But this is not relevant for proofs because of proof irrelevance.

Note: This linter can be disabled with `set_option linter.style.haveILetI false`
warning: ASGinzburg/ASResolutionSyzygies.lean:25:2: Try this: 
  haveI̵

The goal is a proposition, so `have` is preferred over `haveI`.
The difference between `have` and `haveI` is that `haveI` inlines the value.
But this is not relevant for proofs because of proof irrelevance.

Note: This linter can be disabled with `set_option linter.style.haveILetI false`
⚠ [3381/3628] Replayed ASGinzburg.UnrolledPathFiniteness
warning: ASGinzburg/UnrolledPathFiniteness.lean:60:8: Try this: 
  haveI̵

The goal is a proposition, so `have` is preferred over `haveI`.
The difference between `have` and `haveI` is that `haveI` inlines the value.
But this is not relevant for proofs because of proof irrelevance.

Note: This linter can be disabled with `set_option linter.style.haveILetI false`
warning: ASGinzburg/UnrolledPathFiniteness.lean:65:8: Try this: 
  haveI̵

The goal is a proposition, so `have` is preferred over `haveI`.
The difference between `have` and `haveI` is that `haveI` inlines the value.
But this is not relevant for proofs because of proof irrelevance.

Note: This linter can be disabled with `set_option linter.style.haveILetI false`
warning: ASGinzburg/UnrolledPathFiniteness.lean:68:8: Try this: 
  haveI̵

The goal is a proposition, so `have` is preferred over `haveI`.
The difference between `have` and `haveI` is that `haveI` inlines the value.
But this is not relevant for proofs because of proof irrelevance.

Note: This linter can be disabled with `set_option linter.style.haveILetI false`
⚠ [3393/3628] Replayed ASGinzburg.GinzburgPathDifferential
warning: ASGinzburg/GinzburgPathDifferential.lean:2:0: 'Mathlib.Algebra.Field.Power' has been deprecated: please replace this import by

import Mathlib.Algebra.Ring.Int.Parity
⚠ [3404/3628] Replayed ASGinzburg.CyclicDerivativeCommutators
warning: ASGinzburg/CyclicDerivativeCommutators.lean:38:50: `if_true` has been deprecated: Use `ite_true` instead
⚠ [3406/3628] Replayed ASGinzburg.PathCyclicCommutators
warning: ASGinzburg/PathCyclicCommutators.lean:70:19: `dif_pos` has been deprecated: Use `dite_eq_left` instead
warning: ASGinzburg/PathCyclicCommutators.lean:70:30: `if_pos` has been deprecated: Use `ite_eq_left` instead
warning: ASGinzburg/PathCyclicCommutators.lean:74:19: `dif_pos` has been deprecated: Use `dite_eq_left` instead
warning: ASGinzburg/PathCyclicCommutators.lean:74:30: `if_pos` has been deprecated: Use `ite_eq_left` instead
⚠ [3407/3628] Replayed ASGinzburg.GinzburgDegreeZeroDifferential
warning: ASGinzburg/GinzburgDegreeZeroDifferential.lean:14:15: `Set.mem_setOf_eq` has been deprecated: Use `Set.mem_ofPred_eq` instead
⚠ [3416/3628] Replayed ASGinzburg.GinzburgPathFiniteness
warning: ASGinzburg/GinzburgPathFiniteness.lean:50:2: Try this: 
  letI̵

The goal is a proposition, so `let` is preferred over `letI`.
The difference between `let` and `letI` is that `letI` inlines the value.
But this is not relevant for proofs because of proof irrelevance.

Note: This linter can be disabled with `set_option linter.style.haveILetI false`
warning: ASGinzburg/GinzburgPathFiniteness.lean:70:2: Try this: 
  haveI̵

The goal is a proposition, so `have` is preferred over `haveI`.
The difference between `have` and `haveI` is that `haveI` inlines the value.
But this is not relevant for proofs because of proof irrelevance.

Note: This linter can be disabled with `set_option linter.style.haveILetI false`
warning: ASGinzburg/GinzburgPathFiniteness.lean:73:2: Try this: 
  letI̵

The goal is a proposition, so `let` is preferred over `letI`.
The difference between `let` and `letI` is that `letI` inlines the value.
But this is not relevant for proofs because of proof irrelevance.

Note: This linter can be disabled with `set_option linter.style.haveILetI false`
⚠ [3424/3628] Replayed ASGinzburg.GinzburgCutCochainComplex
warning: ASGinzburg/GinzburgCutCochainComplex.lean:18:2: Try this: 
  letI̵

The goal is a proposition, so `let` is preferred over `letI`.
The difference between `let` and `letI` is that `letI` inlines the value.
But this is not relevant for proofs because of proof irrelevance.

Note: This linter can be disabled with `set_option linter.style.haveILetI false`
⚠ [3428/3628] Replayed ASGinzburg.GinzburgCutRetracts
warning: ASGinzburg/GinzburgCutRetracts.lean:61:56: `if_pos` has been deprecated: Use `ite_eq_left` instead
warning: ASGinzburg/GinzburgCutRetracts.lean:83:2: Try this: 
  letI̵

The goal is a proposition, so `let` is preferred over `letI`.
The difference between `let` and `letI` is that `letI` inlines the value.
But this is not relevant for proofs because of proof irrelevance.

Note: This linter can be disabled with `set_option linter.style.haveILetI false`
⚠ [3432/3628] Replayed ASGinzburg.GinzburgGeneratorLayerQuotients
warning: ASGinzburg/GinzburgGeneratorLayerQuotients.lean:35:13: `Set.mem_diff` has been deprecated: Use `Set.mem_sdiff` instead
warning: ASGinzburg/GinzburgGeneratorLayerQuotients.lean:35:26: `Set.mem_setOf_eq` has been deprecated: Use `Set.mem_ofPred_eq` instead
⚠ [3435/3628] Replayed ASGinzburg.GinzburgCutDecomposition
warning: ASGinzburg/GinzburgCutDecomposition.lean:34:13: `Finsupp.finset_sum_apply` has been deprecated: Use `Finsupp.finsetSum_apply` instead
⚠ [3436/3628] Replayed ASGinzburg.GinzburgCutRegularity
warning: ASGinzburg/GinzburgCutRegularity.lean:30:2: Unused tactic linter: `change
  Q.ginzburgDifferential k φ u v ((∑ c ∈ Q.ginzburgCutSupport k f.val, g' c).val) = f.val` does nothing

Note: This linter can be disabled with `set_option linter.unusedTactic false`
⚠ [3439/3628] Replayed ASGinzburg.GinzburgGeneratorLayerCoefficients
warning: ASGinzburg/GinzburgGeneratorLayerCoefficients.lean:28:2: Try this: 
  letI̵

The goal is a proposition, so `let` is preferred over `letI`.
The difference between `let` and `letI` is that `letI` inlines the value.
But this is not relevant for proofs because of proof irrelevance.

Note: This linter can be disabled with `set_option linter.style.haveILetI false`
warning: ASGinzburg/GinzburgGeneratorLayerCoefficients.lean:43:8: `dif_pos` has been deprecated: Use `dite_eq_left` instead
warning: ASGinzburg/GinzburgGeneratorLayerCoefficients.lean:29:45: This simp argument is unused:
  LinearEquiv.trans_apply

Hint: Omit it from the simp argument list.
  [apply] simp only [ginzburgGeneratorLayerFreeEquiv, LinearEquiv.piCongrRight_apply]

Note: This linter can be disabled with `set_option linter.unusedSimpArgs false`
warning: ASGinzburg/GinzburgGeneratorLayerCoefficients.lean:30:4: This simp argument is unused:
  LinearEquiv.piCongrRight_apply

Hint: Omit it from the simp argument list.
  [apply] simp only [ginzburgGeneratorLayerFreeEquiv, LinearEquiv.trans_apply]

Note: This linter can be disabled with `set_option linter.unusedSimpArgs false`
warning: ASGinzburg/GinzburgGeneratorLayerCoefficients.lean:32:4: This simp argument is unused:
  LinearEquiv.trans_apply

Hint: Omit it from the simp argument list.
  [apply] simp only [ginzburgCutComponentBasisEquiv, LinearEquiv.trans_symm, LinearEquiv.ofEq_symm,
    LinearEquiv.coe_ofEq_apply]

Note: This linter can be disabled with `set_option linter.unusedSimpArgs false`
warning: ASGinzburg/GinzburgGeneratorLayerCoefficients.lean:32:50: This simp argument is unused:
  LinearEquiv.coe_ofEq_apply

Hint: Omit it from the simp argument list.
  [apply] simp only [ginzburgCutComponentBasisEquiv, LinearEquiv.trans_symm, LinearEquiv.trans_apply,
    LinearEquiv.ofEq_symm]

Note: This linter can be disabled with `set_option linter.unusedSimpArgs false`
⚠ [3441/3628] Replayed ASGinzburg.GinzburgAssociatedGradedComplex
warning: ASGinzburg/GinzburgAssociatedGradedComplex.lean:34:2: Try this: 
  letI̵

The goal is a proposition, so `let` is preferred over `letI`.
The difference between `let` and `letI` is that `letI` inlines the value.
But this is not relevant for proofs because of proof irrelevance.

Note: This linter can be disabled with `set_option linter.style.haveILetI false`
⚠ [3443/3628] Replayed ASGinzburg.GinzburgGeneratorShiftAppend
warning: ASGinzburg/GinzburgGeneratorShiftAppend.lean:57:2: Try this: 
  letI̵

The goal is a proposition, so `let` is preferred over `letI`.
The difference between `let` and `letI` is that `letI` inlines the value.
But this is not relevant for proofs because of proof irrelevance.

Note: This linter can be disabled with `set_option linter.style.haveILetI false`
⚠ [3444/3628] Replayed ASGinzburg.GinzburgGeneratorLayerComparison
warning: ASGinzburg/GinzburgGeneratorLayerComparison.lean:70:2: Try this: 
  letI̵

The goal is a proposition, so `let` is preferred over `letI`.
The difference between `let` and `letI` is that `letI` inlines the value.
But this is not relevant for proofs because of proof irrelevance.

Note: This linter can be disabled with `set_option linter.style.haveILetI false`
⚠ [3445/3628] Replayed ASGinzburg.GinzburgGeneratorAppendCoefficients
warning: ASGinzburg/GinzburgGeneratorAppendCoefficients.lean:44:8: `Finsupp.embDomain_notin_range` has been deprecated: Use `Finsupp.embDomain_of_notMem_range` instead
⚠ [3449/3628] Replayed ASGinzburg.GinzburgCutBounds
warning: ASGinzburg/GinzburgCutBounds.lean:40:33: `Set.mem_setOf_eq` has been deprecated: Use `Set.mem_ofPred_eq` instead
⚠ [3450/3628] Replayed ASGinzburg.GinzburgGeneratorLayerConcentration
warning: ASGinzburg/GinzburgGeneratorLayerConcentration.lean:13:2: Try this: 
  letI̵

The goal is a proposition, so `let` is preferred over `letI`.
The difference between `let` and `letI` is that `letI` inlines the value.
But this is not relevant for proofs because of proof irrelevance.

Note: This linter can be disabled with `set_option linter.style.haveILetI false`
⚠ [3451/3628] Replayed ASGinzburg.HomologyAugmentation
warning: ASGinzburg/HomologyAugmentation.lean:64:4: Try this: 
  haveI̵

The goal is a proposition, so `have` is preferred over `haveI`.
The difference between `have` and `haveI` is that `haveI` inlines the value.
But this is not relevant for proofs because of proof irrelevance.

Note: This linter can be disabled with `set_option linter.style.haveILetI false`
⚠ [3452/3628] Replayed ASGinzburg.GinzburgGeneratorLayerAugmentation
warning: ASGinzburg/GinzburgGeneratorLayerAugmentation.lean:48:2: Try this: 
  letI̵

The goal is a proposition, so `let` is preferred over `letI`.
The difference between `let` and `letI` is that `letI` inlines the value.
But this is not relevant for proofs because of proof irrelevance.

Note: This linter can be disabled with `set_option linter.style.haveILetI false`
⚠ [3453/3628] Replayed ASGinzburg.GinzburgGeneratorFiltrationShortExact
warning: ASGinzburg/GinzburgGeneratorFiltrationShortExact.lean:61:2: Try this: 
  letI̵

The goal is a proposition, so `let` is preferred over `letI`.
The difference between `let` and `letI` is that `letI` inlines the value.
But this is not relevant for proofs because of proof irrelevance.

Note: This linter can be disabled with `set_option linter.style.haveILetI false`
⚠ [3458/3628] Replayed ASGinzburg.GinzburgGeneratorFiltrationSyzygy
warning: ASGinzburg/GinzburgGeneratorFiltrationSyzygy.lean:13:2: Try this: 
  haveI̵

The goal is a proposition, so `have` is preferred over `haveI`.
The difference between `have` and `haveI` is that `haveI` inlines the value.
But this is not relevant for proofs because of proof irrelevance.

Note: This linter can be disabled with `set_option linter.style.haveILetI false`
warning: ASGinzburg/GinzburgGeneratorFiltrationSyzygy.lean:16:2: Try this: 
  haveI̵

The goal is a proposition, so `have` is preferred over `haveI`.
The difference between `have` and `haveI` is that `haveI` inlines the value.
But this is not relevant for proofs because of proof irrelevance.

Note: This linter can be disabled with `set_option linter.style.haveILetI false`
⚠ [3459/3628] Replayed ASGinzburg.GinzburgGeneratorUpperFiltration
warning: ASGinzburg/GinzburgGeneratorUpperFiltration.lean:23:2: Try this: 
  letI̵

The goal is a proposition, so `let` is preferred over `letI`.
The difference between `let` and `letI` is that `letI` inlines the value.
But this is not relevant for proofs because of proof irrelevance.

Note: This linter can be disabled with `set_option linter.style.haveILetI false`
⚠ [3465/3628] Replayed ASGinzburg.PathCutGrading
warning: ASGinzburg/PathCutGrading.lean:59:48: `if_pos` has been deprecated: Use `ite_eq_left` instead
warning: ASGinzburg/PathCutGrading.lean:66:2: Try this: 
  letI̵

The goal is a proposition, so `let` is preferred over `letI`.
The difference between `let` and `letI` is that `letI` inlines the value.
But this is not relevant for proofs because of proof irrelevance.

Note: This linter can be disabled with `set_option linter.style.haveILetI false`
warning: ASGinzburg/PathCutGrading.lean:67:2: Try this: 
  letI̵

The goal is a proposition, so `let` is preferred over `letI`.
The difference between `let` and `letI` is that `letI` inlines the value.
But this is not relevant for proofs because of proof irrelevance.

Note: This linter can be disabled with `set_option linter.style.haveILetI false`
⚠ [3472/3628] Replayed ASGinzburg.GinzburgJacobianBoundaries
warning: ASGinzburg/GinzburgJacobianBoundaries.lean:32:8: Unused tactic linter: `change Q.ginzburgDifferential k φ u v (e.symm (Finsupp.single p 1)).val = _` does nothing

Note: This linter can be disabled with `set_option linter.unusedTactic false`
⚠ [3473/3628] Replayed ASGinzburg.PathJacobianGrading
warning: ASGinzburg/PathJacobianGrading.lean:60:6: `if_pos` has been deprecated: Use `ite_eq_left` instead
⚠ [3476/3628] Replayed ASGinzburg.GinzburgPrefixHomologyClasses
warning: ASGinzburg/GinzburgPrefixHomologyClasses.lean:19:2: Try this: 
  letI̵

The goal is a proposition, so `let` is preferred over `letI`.
The difference between `let` and `letI` is that `letI` inlines the value.
But this is not relevant for proofs because of proof irrelevance.

Note: This linter can be disabled with `set_option linter.style.haveILetI false`
⚠ [3481/3628] Replayed ASGinzburg.GinzburgAssociatedLeftAction
warning: ASGinzburg/GinzburgAssociatedLeftAction.lean:36:2: Try this: 
  letI̵

The goal is a proposition, so `let` is preferred over `letI`.
The difference between `let` and `letI` is that `letI` inlines the value.
But this is not relevant for proofs because of proof irrelevance.

Note: This linter can be disabled with `set_option linter.style.haveILetI false`
warning: ASGinzburg/GinzburgAssociatedLeftAction.lean:37:2: Try this: 
  letI̵

The goal is a proposition, so `let` is preferred over `letI`.
The difference between `let` and `letI` is that `letI` inlines the value.
But this is not relevant for proofs because of proof irrelevance.

Note: This linter can be disabled with `set_option linter.style.haveILetI false`
⚠ [3483/3628] Replayed ASGinzburg.GinzburgGeneratorFiltrationKernel
warning: ASGinzburg/GinzburgGeneratorFiltrationKernel.lean:42:2: Try this: 
  letI̵

The goal is a proposition, so `let` is preferred over `letI`.
The difference between `let` and `letI` is that `letI` inlines the value.
But this is not relevant for proofs because of proof irrelevance.

Note: This linter can be disabled with `set_option linter.style.haveILetI false`
warning: ASGinzburg/GinzburgGeneratorFiltrationKernel.lean:43:2: Try this: 
  letI̵

The goal is a proposition, so `let` is preferred over `letI`.
The difference between `let` and `letI` is that `letI` inlines the value.
But this is not relevant for proofs because of proof irrelevance.

Note: This linter can be disabled with `set_option linter.style.haveILetI false`
⚠ [3484/3628] Replayed ASGinzburg.GinzburgGeneratorFiltrationRadical
warning: ASGinzburg/GinzburgGeneratorFiltrationRadical.lean:13:2: Try this: 
  haveI̵

The goal is a proposition, so `have` is preferred over `haveI`.
The difference between `have` and `haveI` is that `haveI` inlines the value.
But this is not relevant for proofs because of proof irrelevance.

Note: This linter can be disabled with `set_option linter.style.haveILetI false`
warning: ASGinzburg/GinzburgGeneratorFiltrationRadical.lean:17:2: Try this: 
  haveI̵

The goal is a proposition, so `have` is preferred over `haveI`.
The difference between `have` and `haveI` is that `haveI` inlines the value.
But this is not relevant for proofs because of proof irrelevance.

Note: This linter can be disabled with `set_option linter.style.haveILetI false`
warning: ASGinzburg/GinzburgGeneratorFiltrationRadical.lean:58:2: Try this: 
  haveI̵

The goal is a proposition, so `have` is preferred over `haveI`.
The difference between `have` and `haveI` is that `haveI` inlines the value.
But this is not relevant for proofs because of proof irrelevance.

Note: This linter can be disabled with `set_option linter.style.haveILetI false`
⚠ [3494/3628] Replayed ASGinzburg.GinzburgCutHomologyZeroProducts
warning: ASGinzburg/GinzburgCutHomologyZeroProducts.lean:33:2: Try this: 
  letI̵

The goal is a proposition, so `let` is preferred over `letI`.
The difference between `let` and `letI` is that `letI` inlines the value.
But this is not relevant for proofs because of proof irrelevance.

Note: This linter can be disabled with `set_option linter.style.haveILetI false`
⚠ [3499/3628] Replayed ASGinzburg.UnrolledPathZAlgebra
warning: ASGinzburg/UnrolledPathZAlgebra.lean:23:4: Try this: 
  haveI̵

The goal is a proposition, so `have` is preferred over `haveI`.
The difference between `have` and `haveI` is that `haveI` inlines the value.
But this is not relevant for proofs because of proof irrelevance.

Note: This linter can be disabled with `set_option linter.style.haveILetI false`
warning: ASGinzburg/UnrolledPathZAlgebra.lean:37:4: Try this: 
  letI̵

The goal is a proposition, so `let` is preferred over `letI`.
The difference between `let` and `letI` is that `letI` inlines the value.
But this is not relevant for proofs because of proof irrelevance.

Note: This linter can be disabled with `set_option linter.style.haveILetI false`
⚠ [3516/3628] Replayed ASGinzburg.ASGeneratorDimensions
warning: ASGinzburg/ASGeneratorDimensions.lean:21:4: Try this: 
  letI̵

The goal is a proposition, so `let` is preferred over `letI`.
The difference between `let` and `letI` is that `letI` inlines the value.
But this is not relevant for proofs because of proof irrelevance.

Note: This linter can be disabled with `set_option linter.style.haveILetI false`
warning: ASGinzburg/ASGeneratorDimensions.lean:24:44: `if_neg` has been deprecated: Use `ite_eq_right` instead
warning: ASGinzburg/ASGeneratorDimensions.lean:31:10: `if_pos` has been deprecated: Use `ite_eq_left` instead
warning: ASGinzburg/ASGeneratorDimensions.lean:34:6: Try this: 
  letI̵

The goal is a proposition, so `let` is preferred over `letI`.
The difference between `let` and `letI` is that `letI` inlines the value.
But this is not relevant for proofs because of proof irrelevance.

Note: This linter can be disabled with `set_option linter.style.haveILetI false`
warning: ASGinzburg/ASGeneratorDimensions.lean:35:10: `if_neg` has been deprecated: Use `ite_eq_right` instead
warning: ASGinzburg/ASGeneratorDimensions.lean:59:2: Try this: 
  letI̵

The goal is a proposition, so `let` is preferred over `letI`.
The difference between `let` and `letI` is that `letI` inlines the value.
But this is not relevant for proofs because of proof irrelevance.

Note: This linter can be disabled with `set_option linter.style.haveILetI false`
⚠ [3522/3628] Replayed ASGinzburg.UnrolledPathKernelSquare
warning: ASGinzburg/UnrolledPathKernelSquare.lean:84:4: Try this: 
  haveI̵

The goal is a proposition, so `have` is preferred over `haveI`.
The difference between `have` and `haveI` is that `haveI` inlines the value.
But this is not relevant for proofs because of proof irrelevance.

Note: This linter can be disabled with `set_option linter.style.haveILetI false`
⚠ [3536/3628] Replayed ASGinzburg.PathJacobianHomogeneousContexts
warning: ASGinzburg/PathJacobianHomogeneousContexts.lean:56:43: `if_pos` has been deprecated: Use `ite_eq_left` instead
⚠ [3538/3628] Replayed ASGinzburg.BetweenSheetJacobianIdeals
warning: ASGinzburg/BetweenSheetJacobianIdeals.lean:23:69: `if_pos` has been deprecated: Use `ite_eq_left` instead
warning: ASGinzburg/BetweenSheetJacobianIdeals.lean:32:61: `if_neg` has been deprecated: Use `ite_eq_right` instead
⚠ [3540/3628] Replayed ASGinzburg.JacobianCutQuotientProducts
warning: ASGinzburg/JacobianCutQuotientProducts.lean:58:4: Try this: 
  letI̵

The goal is a proposition, so `let` is preferred over `letI`.
The difference between `let` and `letI` is that `letI` inlines the value.
But this is not relevant for proofs because of proof irrelevance.

Note: This linter can be disabled with `set_option linter.style.haveILetI false`
warning: ASGinzburg/JacobianCutQuotientProducts.lean:65:4: Try this: 
  letI̵

The goal is a proposition, so `let` is preferred over `letI`.
The difference between `let` and `letI` is that `letI` inlines the value.
But this is not relevant for proofs because of proof irrelevance.

Note: This linter can be disabled with `set_option linter.style.haveILetI false`
⚠ [3541/3628] Replayed ASGinzburg.JacobianUnrollingProducts
warning: ASGinzburg/JacobianUnrollingProducts.lean:23:2: Try this: 
  letI̵

The goal is a proposition, so `let` is preferred over `letI`.
The difference between `let` and `letI` is that `letI` inlines the value.
But this is not relevant for proofs because of proof irrelevance.

Note: This linter can be disabled with `set_option linter.style.haveILetI false`
warning: ASGinzburg/JacobianUnrollingProducts.lean:24:2: Try this: 
  letI̵

The goal is a proposition, so `let` is preferred over `letI`.
The difference between `let` and `letI` is that `letI` inlines the value.
But this is not relevant for proofs because of proof irrelevance.

Note: This linter can be disabled with `set_option linter.style.haveILetI false`
⚠ [3542/3628] Replayed ASGinzburg.GinzburgCutJacobianProducts
warning: ASGinzburg/GinzburgCutJacobianProducts.lean:40:2: Try this: 
  letI̵

The goal is a proposition, so `let` is preferred over `letI`.
The difference between `let` and `letI` is that `letI` inlines the value.
But this is not relevant for proofs because of proof irrelevance.

Note: This linter can be disabled with `set_option linter.style.haveILetI false`
warning: ASGinzburg/GinzburgCutJacobianProducts.lean:41:2: Try this: 
  letI̵

The goal is a proposition, so `let` is preferred over `letI`.
The difference between `let` and `letI` is that `letI` inlines the value.
But this is not relevant for proofs because of proof irrelevance.

Note: This linter can be disabled with `set_option linter.style.haveILetI false`
⚠ [3546/3628] Replayed ASGinzburg.GinzburgPrefixFixedCoefficientClasses
warning: ASGinzburg/GinzburgPrefixFixedCoefficientClasses.lean:29:57: This simp argument is unused:
  LinearEquiv.trans_apply

Hint: Omit it from the simp argument list.
  [apply] simp only [ginzburgPrefixCoefficientFixedUnrolledEquiv, ginzburgPrefixCoefficientCutEquiv]

Note: This linter can be disabled with `set_option linter.unusedSimpArgs false`
⚠ [3564/3628] Replayed ASGinzburg.GinzburgUpperHomologyRadical
warning: ASGinzburg/GinzburgUpperHomologyRadical.lean:36:8: `if_neg` has been deprecated: Use `ite_eq_right` instead
⚠ [3565/3628] Replayed ASGinzburg.ModuleCochainConnectingRepresentatives
warning: ASGinzburg/ModuleCochainConnectingRepresentatives.lean:21:2: Try this: 
  haveI̵

The goal is a proposition, so `have` is preferred over `haveI`.
The difference between `have` and `haveI` is that `haveI` inlines the value.
But this is not relevant for proofs because of proof irrelevance.

Note: This linter can be disabled with `set_option linter.style.haveILetI false`
⚠ [3569/3628] Replayed ASGinzburg.GinzburgCutZeroClassSurjectivity
warning: ASGinzburg/GinzburgCutZeroClassSurjectivity.lean:14:2: Try this: 
  letI̵

The goal is a proposition, so `let` is preferred over `letI`.
The difference between `let` and `letI` is that `letI` inlines the value.
But this is not relevant for proofs because of proof irrelevance.

Note: This linter can be disabled with `set_option linter.style.haveILetI false`
⚠ [3574/3628] Replayed ASGinzburg.GinzburgProjectiveConnectingExactness
warning: ASGinzburg/GinzburgProjectiveConnectingExactness.lean:32:2: Try this: 
  haveI̵

The goal is a proposition, so `have` is preferred over `haveI`.
The difference between `have` and `haveI` is that `haveI` inlines the value.
But this is not relevant for proofs because of proof irrelevance.

Note: This linter can be disabled with `set_option linter.style.haveILetI false`
⚠ [3577/3628] Replayed ASGinzburg.GinzburgASProjectiveConnectingMaps
warning: ASGinzburg/GinzburgASProjectiveConnectingMaps.lean:40:2: Try this: 
  haveI̵

The goal is a proposition, so `have` is preferred over `haveI`.
The difference between `have` and `haveI` is that `haveI` inlines the value.
But this is not relevant for proofs because of proof irrelevance.

Note: This linter can be disabled with `set_option linter.style.haveILetI false`
⚠ [3583/3628] Replayed ASGinzburg.GinzburgCutRepresentableNaturality
warning: ASGinzburg/GinzburgCutRepresentableNaturality.lean:22:2: Try this: 
  letI̵

The goal is a proposition, so `let` is preferred over `letI`.
The difference between `let` and `letI` is that `letI` inlines the value.
But this is not relevant for proofs because of proof irrelevance.

Note: This linter can be disabled with `set_option linter.style.haveILetI false`
⚠ [3585/3628] Replayed ASGinzburg.GinzburgAugmentationHeightHomology
warning: ASGinzburg/GinzburgAugmentationHeightHomology.lean:26:2: Try this: 
  letI̵

The goal is a proposition, so `let` is preferred over `letI`.
The difference between `let` and `letI` is that `letI` inlines the value.
But this is not relevant for proofs because of proof irrelevance.

Note: This linter can be disabled with `set_option linter.style.haveILetI false`
⚠ [3587/3628] Replayed ASGinzburg.RepresentableRadicalComponents
warning: ASGinzburg/RepresentableRadicalComponents.lean:34:6: `if_neg` has been deprecated: Use `ite_eq_right` instead
⚠ [3590/3628] Replayed ASGinzburg.GinzburgProjectiveRadicalComponents
warning: ASGinzburg/GinzburgProjectiveRadicalComponents.lean:46:2: Try this: 
  haveI̵

The goal is a proposition, so `have` is preferred over `haveI`.
The difference between `have` and `haveI` is that `haveI` inlines the value.
But this is not relevant for proofs because of proof irrelevance.

Note: This linter can be disabled with `set_option linter.style.haveILetI false`
⚠ [3593/3628] Replayed ASGinzburg.GinzburgProjectiveRadicalExactness
warning: ASGinzburg/GinzburgProjectiveRadicalExactness.lean:76:2: Try this: 
  haveI̵

The goal is a proposition, so `have` is preferred over `haveI`.
The difference between `have` and `haveI` is that `haveI` inlines the value.
But this is not relevant for proofs because of proof irrelevance.

Note: This linter can be disabled with `set_option linter.style.haveILetI false`
warning: ASGinzburg/GinzburgProjectiveRadicalExactness.lean:77:2: Try this: 
  haveI̵

The goal is a proposition, so `have` is preferred over `haveI`.
The difference between `have` and `haveI` is that `haveI` inlines the value.
But this is not relevant for proofs because of proof irrelevance.

Note: This linter can be disabled with `set_option linter.style.haveILetI false`
warning: ASGinzburg/GinzburgProjectiveRadicalExactness.lean:80:2: Try this: 
  haveI̵

The goal is a proposition, so `have` is preferred over `haveI`.
The difference between `have` and `haveI` is that `haveI` inlines the value.
But this is not relevant for proofs because of proof irrelevance.

Note: This linter can be disabled with `set_option linter.style.haveILetI false`
⚠ [3597/3628] Replayed ASGinzburg.ASDualityExt
warning: ASGinzburg/ASDualityExt.lean:44:2: Try this: 
  letI̵

The goal is a proposition, so `let` is preferred over `letI`.
The difference between `let` and `letI` is that `letI` inlines the value.
But this is not relevant for proofs because of proof irrelevance.

Note: This linter can be disabled with `set_option linter.style.haveILetI false`
⚠ [3598/3628] Replayed ASGinzburg.ASResolutionExtBounds
warning: ASGinzburg/ASResolutionExtBounds.lean:34:2: Try this: 
  letI̵

The goal is a proposition, so `let` is preferred over `letI`.
The difference between `let` and `letI` is that `letI` inlines the value.
But this is not relevant for proofs because of proof irrelevance.

Note: This linter can be disabled with `set_option linter.style.haveILetI false`
⚠ [3599/3628] Replayed ASGinzburg.RightModuleHomFinite
warning: ASGinzburg/RightModuleHomFinite.lean:59:2: Try this: 
  letI̵

The goal is a proposition, so `let` is preferred over `letI`.
The difference between `let` and `letI` is that `letI` inlines the value.
But this is not relevant for proofs because of proof irrelevance.

Note: This linter can be disabled with `set_option linter.style.haveILetI false`
warning: ASGinzburg/RightModuleHomFinite.lean:66:2: Try this: 
  letI̵

The goal is a proposition, so `let` is preferred over `letI`.
The difference between `let` and `letI` is that `letI` inlines the value.
But this is not relevant for proofs because of proof irrelevance.

Note: This linter can be disabled with `set_option linter.style.haveILetI false`
⚠ [3600/3628] Replayed ASGinzburg.ASResolutionExtFinite
warning: ASGinzburg/ASResolutionExtFinite.lean:24:2: Try this: 
  letI̵

The goal is a proposition, so `let` is preferred over `letI`.
The difference between `let` and `letI` is that `letI` inlines the value.
But this is not relevant for proofs because of proof irrelevance.

Note: This linter can be disabled with `set_option linter.style.haveILetI false`
warning: ASGinzburg/ASResolutionExtFinite.lean:38:2: Try this: 
  letI̵

The goal is a proposition, so `let` is preferred over `letI`.
The difference between `let` and `letI` is that `letI` inlines the value.
But this is not relevant for proofs because of proof irrelevance.

Note: This linter can be disabled with `set_option linter.style.haveILetI false`
warning: ASGinzburg/ASResolutionExtFinite.lean:39:2: Try this: 
  letI̵

The goal is a proposition, so `let` is preferred over `letI`.
The difference between `let` and `letI` is that `letI` inlines the value.
But this is not relevant for proofs because of proof irrelevance.

Note: This linter can be disabled with `set_option linter.style.haveILetI false`
warning: ASGinzburg/ASResolutionExtFinite.lean:40:2: Try this: 
  letI̵

The goal is a proposition, so `let` is preferred over `letI`.
The difference between `let` and `letI` is that `letI` inlines the value.
But this is not relevant for proofs because of proof irrelevance.

Note: This linter can be disabled with `set_option linter.style.haveILetI false`
warning: ASGinzburg/ASResolutionExtFinite.lean:41:2: Try this: 
  letI̵

The goal is a proposition, so `let` is preferred over `letI`.
The difference between `let` and `letI` is that `letI` inlines the value.
But this is not relevant for proofs because of proof irrelevance.

Note: This linter can be disabled with `set_option linter.style.haveILetI false`
warning: ASGinzburg/ASResolutionExtFinite.lean:42:2: Try this: 
  letI̵

The goal is a proposition, so `let` is preferred over `letI`.
The difference between `let` and `letI` is that `letI` inlines the value.
But this is not relevant for proofs because of proof irrelevance.

Note: This linter can be disabled with `set_option linter.style.haveILetI false`
warning: ASGinzburg/ASResolutionExtFinite.lean:43:2: Try this: 
  letI̵

The goal is a proposition, so `let` is preferred over `letI`.
The difference between `let` and `letI` is that `letI` inlines the value.
But this is not relevant for proofs because of proof irrelevance.

Note: This linter can be disabled with `set_option linter.style.haveILetI false`
warning: ASGinzburg/ASResolutionExtFinite.lean:45:4: Try this: 
  letI̵

The goal is a proposition, so `let` is preferred over `letI`.
The difference between `let` and `letI` is that `letI` inlines the value.
But this is not relevant for proofs because of proof irrelevance.

Note: This linter can be disabled with `set_option linter.style.haveILetI false`
warning: ASGinzburg/ASResolutionExtFinite.lean:49:4: Try this: 
  letI̵

The goal is a proposition, so `let` is preferred over `letI`.
The difference between `let` and `letI` is that `letI` inlines the value.
But this is not relevant for proofs because of proof irrelevance.

Note: This linter can be disabled with `set_option linter.style.haveILetI false`
warning: ASGinzburg/ASResolutionExtFinite.lean:55:4: Try this: 
  letI̵

The goal is a proposition, so `let` is preferred over `letI`.
The difference between `let` and `letI` is that `letI` inlines the value.
But this is not relevant for proofs because of proof irrelevance.

Note: This linter can be disabled with `set_option linter.style.haveILetI false`
warning: ASGinzburg/ASResolutionExtFinite.lean:60:4: Try this: 
  letI̵

The goal is a proposition, so `let` is preferred over `letI`.
The difference between `let` and `letI` is that `letI` inlines the value.
But this is not relevant for proofs because of proof irrelevance.

Note: This linter can be disabled with `set_option linter.style.haveILetI false`
⚠ [3602/3628] Replayed ASGinzburg.GinzburgCutCochainClasses
warning: ASGinzburg/GinzburgCutCochainClasses.lean:19:2: Try this: 
  letI̵

The goal is a proposition, so `let` is preferred over `letI`.
The difference between `let` and `letI` is that `letI` inlines the value.
But this is not relevant for proofs because of proof irrelevance.

Note: This linter can be disabled with `set_option linter.style.haveILetI false`
⚠ [3622/3721] Replayed ASGinzburg.FiniteRepresentableHomCoordinates
warning: ASGinzburg/FiniteRepresentableHomCoordinates.lean:40:12: `CategoryTheory.Limits.Sigma.ι_desc` has been deprecated: Use `CategoryTheory.Limits.Sigma.ι_comp_desc` instead
warning: ASGinzburg/FiniteRepresentableHomCoordinates.lean:20:8: Unused tactic linter: `change A.representableYonedaEquiv (i a) M (_ ≫ (f + g)) = _` does nothing

Note: This linter can be disabled with `set_option linter.unusedTactic false`
⚠ [3627/3721] Replayed ASGinzburg.CyclicDerivativeMixedCoefficients
warning: ASGinzburg/CyclicDerivativeMixedCoefficients.lean:50:13: `Finsupp.finset_sum_apply` has been deprecated: Use `Finsupp.finsetSum_apply` instead
warning: ASGinzburg/CyclicDerivativeMixedCoefficients.lean:54:39: `if_true` has been deprecated: Use `ite_true` instead
⚠ [3632/3721] Replayed ASGinzburg.PathCyclicHessianDegrees
warning: ASGinzburg/PathCyclicHessianDegrees.lean:21:13: `Set.mem_setOf_eq` has been deprecated: Use `Set.mem_ofPred_eq` instead
warning: ASGinzburg/PathCyclicHessianDegrees.lean:38:16: `Set.mem_setOf_eq` has been deprecated: Use `Set.mem_ofPred_eq` instead
⚠ [3636/3721] Replayed ASGinzburg.GinzburgDualArrowHessianPrefixes
warning: ASGinzburg/GinzburgDualArrowHessianPrefixes.lean:18:27: Used `tac1 <;> tac2` where `(tac1; tac2)` would suffice

Note: This linter can be disabled with `set_option linter.unnecessarySeqFocus false`
⚠ [3639/3721] Replayed ASGinzburg.GinzburgLoopWordCoefficients
warning: ASGinzburg/GinzburgLoopWordCoefficients.lean:43:41: `Finsupp.finset_sum_apply` has been deprecated: Use `Finsupp.finsetSum_apply` instead
⚠ [3640/3721] Replayed ASGinzburg.GinzburgLoopPathCoefficients
warning: ASGinzburg/GinzburgLoopPathCoefficients.lean:24:49: `if_pos` has been deprecated: Use `ite_eq_left` instead
⚠ [3653/3721] Replayed ASGinzburg.OppositeBetweenSheetJacobian
warning: ASGinzburg/OppositeBetweenSheetJacobian.lean:50:2: Try this: 
  letI̵

The goal is a proposition, so `let` is preferred over `letI`.
The difference between `let` and `letI` is that `letI` inlines the value.
But this is not relevant for proofs because of proof irrelevance.

Note: This linter can be disabled with `set_option linter.style.haveILetI false`
warning: ASGinzburg/OppositeBetweenSheetJacobian.lean:51:2: Try this: 
  letI̵

The goal is a proposition, so `let` is preferred over `letI`.
The difference between `let` and `letI` is that `letI` inlines the value.
But this is not relevant for proofs because of proof irrelevance.

Note: This linter can be disabled with `set_option linter.style.haveILetI false`
⚠ [3661/3721] Replayed ASGinzburg.LeftModuleAbelian
warning: ASGinzburg/LeftModuleAbelian.lean:37:4: Try this: 
  letI̵

The goal is a proposition, so `let` is preferred over `letI`.
The difference between `let` and `letI` is that `letI` inlines the value.
But this is not relevant for proofs because of proof irrelevance.

Note: This linter can be disabled with `set_option linter.style.haveILetI false`
warning: ASGinzburg/LeftModuleAbelian.lean:46:4: Try this: 
  letI̵

The goal is a proposition, so `let` is preferred over `letI`.
The difference between `let` and `letI` is that `letI` inlines the value.
But this is not relevant for proofs because of proof irrelevance.

Note: This linter can be disabled with `set_option linter.style.haveILetI false`
warning: ASGinzburg/LeftModuleAbelian.lean:66:4: Try this: 
  letI̵

The goal is a proposition, so `let` is preferred over `letI`.
The difference between `let` and `letI` is that `letI` inlines the value.
But this is not relevant for proofs because of proof irrelevance.

Note: This linter can be disabled with `set_option linter.style.haveILetI false`
warning: ASGinzburg/LeftModuleAbelian.lean:76:4: Try this: 
  letI̵

The goal is a proposition, so `let` is preferred over `letI`.
The difference between `let` and `letI` is that `letI` inlines the value.
But this is not relevant for proofs because of proof irrelevance.

Note: This linter can be disabled with `set_option linter.style.haveILetI false`
warning: ASGinzburg/LeftModuleAbelian.lean:88:4: Try this: 
  letI̵

The goal is a proposition, so `let` is preferred over `letI`.
The difference between `let` and `letI` is that `letI` inlines the value.
But this is not relevant for proofs because of proof irrelevance.

Note: This linter can be disabled with `set_option linter.style.haveILetI false`
warning: ASGinzburg/LeftModuleAbelian.lean:96:4: Try this: 
  letI̵

The goal is a proposition, so `let` is preferred over `letI`.
The difference between `let` and `letI` is that `letI` inlines the value.
But this is not relevant for proofs because of proof irrelevance.

Note: This linter can be disabled with `set_option linter.style.haveILetI false`
warning: ASGinzburg/LeftModuleAbelian.lean:122:2: Try this: 
  haveI̵

The goal is a proposition, so `have` is preferred over `haveI`.
The difference between `have` and `haveI` is that `haveI` inlines the value.
But this is not relevant for proofs because of proof irrelevance.

Note: This linter can be disabled with `set_option linter.style.haveILetI false`
⚠ [3662/3721] Replayed ASGinzburg.LeftModuleHomology
warning: ASGinzburg/LeftModuleHomology.lean:88:4: Try this: 
  letI̵

The goal is a proposition, so `let` is preferred over `letI`.
The difference between `let` and `letI` is that `letI` inlines the value.
But this is not relevant for proofs because of proof irrelevance.

Note: This linter can be disabled with `set_option linter.style.haveILetI false`
warning: ASGinzburg/LeftModuleHomology.lean:92:4: Try this: 
  haveI̵

The goal is a proposition, so `have` is preferred over `haveI`.
The difference between `have` and `haveI` is that `haveI` inlines the value.
But this is not relevant for proofs because of proof irrelevance.

Note: This linter can be disabled with `set_option linter.style.haveILetI false`
warning: ASGinzburg/LeftModuleHomology.lean:101:4: Try this: 
  letI̵

The goal is a proposition, so `let` is preferred over `letI`.
The difference between `let` and `letI` is that `letI` inlines the value.
But this is not relevant for proofs because of proof irrelevance.

Note: This linter can be disabled with `set_option linter.style.haveILetI false`
warning: ASGinzburg/LeftModuleHomology.lean:105:4: Try this: 
  haveI̵

The goal is a proposition, so `have` is preferred over `haveI`.
The difference between `have` and `haveI` is that `haveI` inlines the value.
But this is not relevant for proofs because of proof irrelevance.

Note: This linter can be disabled with `set_option linter.style.haveILetI false`
⚠ [3666/3721] Replayed ASGinzburg.FiniteProjectiveBidual
warning: ASGinzburg/FiniteProjectiveBidual.lean:43:2: Try this: 
  letI̵

The goal is a proposition, so `let` is preferred over `letI`.
The difference between `let` and `letI` is that `letI` inlines the value.
But this is not relevant for proofs because of proof irrelevance.

Note: This linter can be disabled with `set_option linter.style.haveILetI false`
warning: ASGinzburg/FiniteProjectiveBidual.lean:51:2: Try this: 
  letI̵

The goal is a proposition, so `let` is preferred over `letI`.
The difference between `let` and `letI` is that `letI` inlines the value.
But this is not relevant for proofs because of proof irrelevance.

Note: This linter can be disabled with `set_option linter.style.haveILetI false`
warning: ASGinzburg/FiniteProjectiveBidual.lean:68:2: Try this: 
  letI̵

The goal is a proposition, so `let` is preferred over `letI`.
The difference between `let` and `letI` is that `letI` inlines the value.
But this is not relevant for proofs because of proof irrelevance.

Note: This linter can be disabled with `set_option linter.style.haveILetI false`
warning: ASGinzburg/FiniteProjectiveBidual.lean:75:2: Try this: 
  letI̵

The goal is a proposition, so `let` is preferred over `letI`.
The difference between `let` and `letI` is that `letI` inlines the value.
But this is not relevant for proofs because of proof irrelevance.

Note: This linter can be disabled with `set_option linter.style.haveILetI false`
⚠ [3668/3721] Replayed ASGinzburg.FiniteProjectiveDuality
warning: ASGinzburg/FiniteProjectiveDuality.lean:20:15: `CategoryTheory.Limits.Sigma.ι_desc_assoc` has been deprecated: Use `CategoryTheory.Limits.Sigma.ι_comp_desc_assoc` instead
warning: ASGinzburg/FiniteProjectiveDuality.lean:73:2: Try this: 
  letI̵

The goal is a proposition, so `let` is preferred over `letI`.
The difference between `let` and `letI` is that `letI` inlines the value.
But this is not relevant for proofs because of proof irrelevance.

Note: This linter can be disabled with `set_option linter.style.haveILetI false`
warning: ASGinzburg/FiniteProjectiveDuality.lean:79:2: Try this: 
  letI̵

The goal is a proposition, so `let` is preferred over `letI`.
The difference between `let` and `letI` is that `letI` inlines the value.
But this is not relevant for proofs because of proof irrelevance.

Note: This linter can be disabled with `set_option linter.style.haveILetI false`
⚠ [3671/3721] Replayed ASGinzburg.ProjectiveResolutionSyzygies
warning: ASGinzburg/ProjectiveResolutionSyzygies.lean:17:2: Try this: 
  haveI̵

The goal is a proposition, so `have` is preferred over `haveI`.
The difference between `have` and `haveI` is that `haveI` inlines the value.
But this is not relevant for proofs because of proof irrelevance.

Note: This linter can be disabled with `set_option linter.style.haveILetI false`
warning: ASGinzburg/ProjectiveResolutionSyzygies.lean:18:2: Try this: 
  haveI̵

The goal is a proposition, so `have` is preferred over `haveI`.
The difference between `have` and `haveI` is that `haveI` inlines the value.
But this is not relevant for proofs because of proof irrelevance.

Note: This linter can be disabled with `set_option linter.style.haveILetI false`
warning: ASGinzburg/ProjectiveResolutionSyzygies.lean:19:2: Try this: 
  haveI̵

The goal is a proposition, so `have` is preferred over `haveI`.
The difference between `have` and `haveI` is that `haveI` inlines the value.
But this is not relevant for proofs because of proof irrelevance.

Note: This linter can be disabled with `set_option linter.style.haveILetI false`
⚠ [3680/3721] Replayed ASGinzburg.ASDualityDimension
warning: ASGinzburg/ASDualityDimension.lean:26:2: Try this: 
  letI̵

The goal is a proposition, so `let` is preferred over `letI`.
The difference between `let` and `letI` is that `letI` inlines the value.
But this is not relevant for proofs because of proof irrelevance.

Note: This linter can be disabled with `set_option linter.style.haveILetI false`
warning: ASGinzburg/ASDualityDimension.lean:85:4: Try this: 
  letI̵

The goal is a proposition, so `let` is preferred over `letI`.
The difference between `let` and `letI` is that `letI` inlines the value.
But this is not relevant for proofs because of proof irrelevance.

Note: This linter can be disabled with `set_option linter.style.haveILetI false`
warning: ASGinzburg/ASDualityDimension.lean:113:8: `if_neg` has been deprecated: Use `ite_eq_right` instead
⚠ [3681/3721] Replayed ASGinzburg.ASDualityEquivalence
warning: ASGinzburg/ASDualityEquivalence.lean:22:2: Try this: 
  letI̵

The goal is a proposition, so `let` is preferred over `letI`.
The difference between `let` and `letI` is that `letI` inlines the value.
But this is not relevant for proofs because of proof irrelevance.

Note: This linter can be disabled with `set_option linter.style.haveILetI false`
warning: ASGinzburg/ASDualityEquivalence.lean:24:2: Try this: 
  letI̵

The goal is a proposition, so `let` is preferred over `letI`.
The difference between `let` and `letI` is that `letI` inlines the value.
But this is not relevant for proofs because of proof irrelevance.

Note: This linter can be disabled with `set_option linter.style.haveILetI false`
warning: ASGinzburg/ASDualityEquivalence.lean:35:2: Try this: 
  letI̵

The goal is a proposition, so `let` is preferred over `letI`.
The difference between `let` and `letI` is that `letI` inlines the value.
But this is not relevant for proofs because of proof irrelevance.

Note: This linter can be disabled with `set_option linter.style.haveILetI false`
warning: ASGinzburg/ASDualityEquivalence.lean:60:4: Try this: 
  letI̵

The goal is a proposition, so `let` is preferred over `letI`.
The difference between `let` and `letI` is that `letI` inlines the value.
But this is not relevant for proofs because of proof irrelevance.

Note: This linter can be disabled with `set_option linter.style.haveILetI false`
warning: ASGinzburg/ASDualityEquivalence.lean:68:14: `if_neg` has been deprecated: Use `ite_eq_right` instead
warning: ASGinzburg/ASDualityEquivalence.lean:72:14: `if_neg` has been deprecated: Use `ite_eq_right` instead
⚠ [3682/3721] Replayed ASGinzburg.ShortExactKernels
warning: ASGinzburg/ShortExactKernels.lean:34:4: Try this: 
  letI̵

The goal is a proposition, so `let` is preferred over `letI`.
The difference between `let` and `letI` is that `letI` inlines the value.
But this is not relevant for proofs because of proof irrelevance.

Note: This linter can be disabled with `set_option linter.style.haveILetI false`
warning: ASGinzburg/ShortExactKernels.lean:37:4: Try this: 
  letI̵

The goal is a proposition, so `let` is preferred over `letI`.
The difference between `let` and `letI` is that `letI` inlines the value.
But this is not relevant for proofs because of proof irrelevance.

Note: This linter can be disabled with `set_option linter.style.haveILetI false`
warning: ASGinzburg/ShortExactKernels.lean:38:4: Try this: 
  haveI̵

The goal is a proposition, so `have` is preferred over `haveI`.
The difference between `have` and `haveI` is that `haveI` inlines the value.
But this is not relevant for proofs because of proof irrelevance.

Note: This linter can be disabled with `set_option linter.style.haveILetI false`
warning: ASGinzburg/ShortExactKernels.lean:39:4: Try this: 
  haveI̵

The goal is a proposition, so `have` is preferred over `haveI`.
The difference between `have` and `haveI` is that `haveI` inlines the value.
But this is not relevant for proofs because of proof irrelevance.

Note: This linter can be disabled with `set_option linter.style.haveILetI false`
⚠ [3683/3721] Replayed ASGinzburg.ProjectiveExtensionCovers
warning: ASGinzburg/ProjectiveExtensionCovers.lean:20:2: Try this: 
  letI̵

The goal is a proposition, so `let` is preferred over `letI`.
The difference between `let` and `letI` is that `letI` inlines the value.
But this is not relevant for proofs because of proof irrelevance.

Note: This linter can be disabled with `set_option linter.style.haveILetI false`
warning: ASGinzburg/ProjectiveExtensionCovers.lean:35:2: Try this: 
  letI̵

The goal is a proposition, so `let` is preferred over `letI`.
The difference between `let` and `letI` is that `letI` inlines the value.
But this is not relevant for proofs because of proof irrelevance.

Note: This linter can be disabled with `set_option linter.style.haveILetI false`
warning: ASGinzburg/ProjectiveExtensionCovers.lean:37:2: Try this: 
  letI̵

The goal is a proposition, so `let` is preferred over `letI`.
The difference between `let` and `letI` is that `letI` inlines the value.
But this is not relevant for proofs because of proof irrelevance.

Note: This linter can be disabled with `set_option linter.style.haveILetI false`
warning: ASGinzburg/ProjectiveExtensionCovers.lean:38:2: Try this: 
  letI̵

The goal is a proposition, so `let` is preferred over `letI`.
The difference between `let` and `letI` is that `letI` inlines the value.
But this is not relevant for proofs because of proof irrelevance.

Note: This linter can be disabled with `set_option linter.style.haveILetI false`
warning: ASGinzburg/ProjectiveExtensionCovers.lean:43:2: Try this: 
  letI̵

The goal is a proposition, so `let` is preferred over `letI`.
The difference between `let` and `letI` is that `letI` inlines the value.
But this is not relevant for proofs because of proof irrelevance.

Note: This linter can be disabled with `set_option linter.style.haveILetI false`
⚠ [3685/3721] Replayed ASGinzburg.FiniteProjectiveExtensionClosure
warning: ASGinzburg/FiniteProjectiveExtensionClosure.lean:66:2: Try this: 
  letI̵

The goal is a proposition, so `let` is preferred over `letI`.
The difference between `let` and `letI` is that `letI` inlines the value.
But this is not relevant for proofs because of proof irrelevance.

Note: This linter can be disabled with `set_option linter.style.haveILetI false`
warning: ASGinzburg/FiniteProjectiveExtensionClosure.lean:113:2: Try this: 
  letI̵

The goal is a proposition, so `let` is preferred over `letI`.
The difference between `let` and `letI` is that `letI` inlines the value.
But this is not relevant for proofs because of proof irrelevance.

Note: This linter can be disabled with `set_option linter.style.haveILetI false`
⚠ [3686/3721] Replayed ASGinzburg.FiniteProjectiveResolutionLength
warning: ASGinzburg/FiniteProjectiveResolutionLength.lean:26:4: Try this: 
  letI̵

The goal is a proposition, so `let` is preferred over `letI`.
The difference between `let` and `letI` is that `letI` inlines the value.
But this is not relevant for proofs because of proof irrelevance.

Note: This linter can be disabled with `set_option linter.style.haveILetI false`
warning: ASGinzburg/FiniteProjectiveResolutionLength.lean:36:4: Try this: 
  letI̵

The goal is a proposition, so `let` is preferred over `letI`.
The difference between `let` and `letI` is that `letI` inlines the value.
But this is not relevant for proofs because of proof irrelevance.

Note: This linter can be disabled with `set_option linter.style.haveILetI false`
warning: ASGinzburg/FiniteProjectiveResolutionLength.lean:37:4: Try this: 
  letI̵

The goal is a proposition, so `let` is preferred over `letI`.
The difference between `let` and `letI` is that `letI` inlines the value.
But this is not relevant for proofs because of proof irrelevance.

Note: This linter can be disabled with `set_option linter.style.haveILetI false`
warning: ASGinzburg/FiniteProjectiveResolutionLength.lean:48:2: Try this: 
  letI̵

The goal is a proposition, so `let` is preferred over `letI`.
The difference between `let` and `letI` is that `letI` inlines the value.
But this is not relevant for proofs because of proof irrelevance.

Note: This linter can be disabled with `set_option linter.style.haveILetI false`
warning: ASGinzburg/FiniteProjectiveResolutionLength.lean:49:2: Try this: 
  letI̵

The goal is a proposition, so `let` is preferred over `letI`.
The difference between `let` and `letI` is that `letI` inlines the value.
But this is not relevant for proofs because of proof irrelevance.

Note: This linter can be disabled with `set_option linter.style.haveILetI false`
warning: ASGinzburg/FiniteProjectiveResolutionLength.lean:50:2: Try this: 
  letI̵

The goal is a proposition, so `let` is preferred over `letI`.
The difference between `let` and `letI` is that `letI` inlines the value.
But this is not relevant for proofs because of proof irrelevance.

Note: This linter can be disabled with `set_option linter.style.haveILetI false`
warning: ASGinzburg/FiniteProjectiveResolutionLength.lean:53:2: Try this: 
  letI̵

The goal is a proposition, so `let` is preferred over `letI`.
The difference between `let` and `letI` is that `letI` inlines the value.
But this is not relevant for proofs because of proof irrelevance.

Note: This linter can be disabled with `set_option linter.style.haveILetI false`
warning: ASGinzburg/FiniteProjectiveResolutionLength.lean:70:4: Try this: 
  letI̵

The goal is a proposition, so `let` is preferred over `letI`.
The difference between `let` and `letI` is that `letI` inlines the value.
But this is not relevant for proofs because of proof irrelevance.

Note: This linter can be disabled with `set_option linter.style.haveILetI false`
warning: ASGinzburg/FiniteProjectiveResolutionLength.lean:71:4: Try this: 
  letI̵

The goal is a proposition, so `let` is preferred over `letI`.
The difference between `let` and `letI` is that `letI` inlines the value.
But this is not relevant for proofs because of proof irrelevance.

Note: This linter can be disabled with `set_option linter.style.haveILetI false`
warning: ASGinzburg/FiniteProjectiveResolutionLength.lean:72:4: Try this: 
  letI̵

The goal is a proposition, so `let` is preferred over `letI`.
The difference between `let` and `letI` is that `letI` inlines the value.
But this is not relevant for proofs because of proof irrelevance.

Note: This linter can be disabled with `set_option linter.style.haveILetI false`
warning: ASGinzburg/FiniteProjectiveResolutionLength.lean:108:4: Try this: 
  letI̵

The goal is a proposition, so `let` is preferred over `letI`.
The difference between `let` and `letI` is that `letI` inlines the value.
But this is not relevant for proofs because of proof irrelevance.

Note: This linter can be disabled with `set_option linter.style.haveILetI false`
warning: ASGinzburg/FiniteProjectiveResolutionLength.lean:118:4: Try this: 
  letI̵

The goal is a proposition, so `let` is preferred over `letI`.
The difference between `let` and `letI` is that `letI` inlines the value.
But this is not relevant for proofs because of proof irrelevance.

Note: This linter can be disabled with `set_option linter.style.haveILetI false`
warning: ASGinzburg/FiniteProjectiveResolutionLength.lean:119:4: Try this: 
  letI̵

The goal is a proposition, so `let` is preferred over `letI`.
The difference between `let` and `letI` is that `letI` inlines the value.
But this is not relevant for proofs because of proof irrelevance.

Note: This linter can be disabled with `set_option linter.style.haveILetI false`
warning: ASGinzburg/FiniteProjectiveResolutionLength.lean:130:2: Try this: 
  letI̵

The goal is a proposition, so `let` is preferred over `letI`.
The difference between `let` and `letI` is that `letI` inlines the value.
But this is not relevant for proofs because of proof irrelevance.

Note: This linter can be disabled with `set_option linter.style.haveILetI false`
warning: ASGinzburg/FiniteProjectiveResolutionLength.lean:131:2: Try this: 
  letI̵

The goal is a proposition, so `let` is preferred over `letI`.
The difference between `let` and `letI` is that `letI` inlines the value.
But this is not relevant for proofs because of proof irrelevance.

Note: This linter can be disabled with `set_option linter.style.haveILetI false`
warning: ASGinzburg/FiniteProjectiveResolutionLength.lean:132:2: Try this: 
  letI̵

The goal is a proposition, so `let` is preferred over `letI`.
The difference between `let` and `letI` is that `letI` inlines the value.
But this is not relevant for proofs because of proof irrelevance.

Note: This linter can be disabled with `set_option linter.style.haveILetI false`
warning: ASGinzburg/FiniteProjectiveResolutionLength.lean:135:2: Try this: 
  letI̵

The goal is a proposition, so `let` is preferred over `letI`.
The difference between `let` and `letI` is that `letI` inlines the value.
But this is not relevant for proofs because of proof irrelevance.

Note: This linter can be disabled with `set_option linter.style.haveILetI false`
warning: ASGinzburg/FiniteProjectiveResolutionLength.lean:152:4: Try this: 
  letI̵

The goal is a proposition, so `let` is preferred over `letI`.
The difference between `let` and `letI` is that `letI` inlines the value.
But this is not relevant for proofs because of proof irrelevance.

Note: This linter can be disabled with `set_option linter.style.haveILetI false`
warning: ASGinzburg/FiniteProjectiveResolutionLength.lean:153:4: Try this: 
  letI̵

The goal is a proposition, so `let` is preferred over `letI`.
The difference between `let` and `letI` is that `letI` inlines the value.
But this is not relevant for proofs because of proof irrelevance.

Note: This linter can be disabled with `set_option linter.style.haveILetI false`
warning: ASGinzburg/FiniteProjectiveResolutionLength.lean:154:4: Try this: 
  letI̵

The goal is a proposition, so `let` is preferred over `letI`.
The difference between `let` and `letI` is that `letI` inlines the value.
But this is not relevant for proofs because of proof irrelevance.

Note: This linter can be disabled with `set_option linter.style.haveILetI false`
✔ [3687/3721] Built ASGinzburg.GinzburgHessianPathClasses (4.0s)
⚠ [3688/3721] Built ASGinzburg.GinzburgProjectiveRepresentableExactness (6.4s)
warning: ASGinzburg/GinzburgProjectiveRepresentableExactness.lean:26:2: Try this: 
  haveI̵

The goal is a proposition, so `have` is preferred over `haveI`.
The difference between `have` and `haveI` is that `haveI` inlines the value.
But this is not relevant for proofs because of proof irrelevance.

Note: This linter can be disabled with `set_option linter.style.haveILetI false`
warning: ASGinzburg/GinzburgProjectiveRepresentableExactness.lean:29:2: Try this: 
  haveI̵

The goal is a proposition, so `have` is preferred over `haveI`.
The difference between `have` and `haveI` is that `haveI` inlines the value.
But this is not relevant for proofs because of proof irrelevance.

Note: This linter can be disabled with `set_option linter.style.haveILetI false`
warning: ASGinzburg/GinzburgProjectiveRepresentableExactness.lean:32:2: Try this: 
  haveI̵

The goal is a proposition, so `have` is preferred over `haveI`.
The difference between `have` and `haveI` is that `haveI` inlines the value.
But this is not relevant for proofs because of proof irrelevance.

Note: This linter can be disabled with `set_option linter.style.haveILetI false`
✔ [3689/3721] Built ASGinzburg.GinzburgFirstProjectiveClasses (8.4s)
✖ [3690/3721] Building ASGinzburg.GinzburgHessianOppositeClasses (5.9s)
trace: .> LEAN_PATH=/workspace/as-ginzburg-lean/.lake/packages/Cli/.lake/build/lib/lean:/workspace/as-ginzburg-lean/.lake/packages/batteries/.lake/build/lib/lean:/workspace/as-ginzburg-lean/.lake/packages/Qq/.lake/build/lib/lean:/workspace/as-ginzburg-lean/.lake/packages/aesop/.lake/build/lib/lean:/workspace/as-ginzburg-lean/.lake/packages/proofwidgets/.lake/build/lib/lean:/workspace/as-ginzburg-lean/.lake/packages/importGraph/.lake/build/lib/lean:/workspace/as-ginzburg-lean/.lake/packages/LeanSearchClient/.lake/build/lib/lean:/workspace/as-ginzburg-lean/.lake/packages/plausible/.lake/build/lib/lean:/workspace/as-ginzburg-lean/.lake/packages/mathlib/.lake/build/lib/lean:/workspace/as-ginzburg-lean/.lake/build/lib/lean /workspace/as-ginzburg-lean/work/lean-upgrade/lean-4.34.1-linux/bin/lean /workspace/as-ginzburg-lean/ASGinzburg/GinzburgHessianOppositeClasses.lean -o /workspace/as-ginzburg-lean/.lake/build/lib/lean/ASGinzburg/GinzburgHessianOppositeClasses.olean -i /workspace/as-ginzburg-lean/.lake/build/lib/lean/ASGinzburg/GinzburgHessianOppositeClasses.ilean -c /workspace/as-ginzburg-lean/.lake/build/ir/ASGinzburg/GinzburgHessianOppositeClasses.c --setup /workspace/as-ginzburg-lean/.lake/build/ir/ASGinzburg/GinzburgHessianOppositeClasses.setup.json --json
error: ASGinzburg/GinzburgHessianOppositeClasses.lean:60:4: Tactic `rewrite` failed: Did not find an occurrence of the pattern
  ↑(Q.opposite.ginzburgHessianPathComponent ?k ?φ ?a ?b ?s)
in the target expression
  (Q.oppositePathComponentEquiv k (Q.ginzburgPrefixGeneratorEndpoint (Q.source a, s) (GinzburgArrow.dual a)).1
        (Q.ginzburgPrefixGeneratorEndpoint (Q.source a, s) (GinzburgArrow.original b)).1)
      ((Q.pathCyclicHessian k a b) φ) =
    ↑(Q.opposite.ginzburgHessianPathComponent k ((Q.oppositePotentialEquiv k) φ) b a (1 - s))

Q : CutQuiver
k : Type u
inst✝ : Field k
φ : ↥(Q.Potential k)
a b : Q.Arrow
s : ℤ
⊢ (Q.oppositePathComponentEquiv k (Q.ginzburgPrefixGeneratorEndpoint (Q.source a, s) (GinzburgArrow.dual a)).1
        (Q.ginzburgPrefixGeneratorEndpoint (Q.source a, s) (GinzburgArrow.original b)).1)
      ((Q.pathCyclicHessian k a b) φ) =
    ↑(Q.opposite.ginzburgHessianPathComponent k ((Q.oppositePotentialEquiv k) φ) b a (1 - s))

Note: The target expression is not type-correct under the `implicit` transparency level, which may have triggered the failure. This is usually caused by unfolding of semireducible definitions in prior tactic steps. Use `set_option linter.tacticCheckInstances true` to investigate the source of the issue.
Full error:
  Application type mismatch: The argument
    Fin.rev (Q.ginzburgPrefixGeneratorEndpoint (Q.source a, s) (GinzburgArrow.original b)).1
  has type
    Fin Q.vertices
  but is expected to have type
    Q.opposite.Vertex
  in the application
    Q.opposite.PathComponent k
      (Fin.rev (Q.ginzburgPrefixGeneratorEndpoint (Q.source a, s) (GinzburgArrow.original b)).1)
✔ [3695/3721] Built ASGinzburg.GinzburgASProjectiveExactness (5.7s)
✔ [3696/3721] Built ASGinzburg.GinzburgFirstProjectiveBasis (5.6s)
✔ [3697/3721] Built ASGinzburg.GinzburgMinimalASResolution (5.5s)
✖ [3698/3721] Building ASGinzburg.GinzburgASProjectiveComplex (6.8s)
trace: .> LEAN_PATH=/workspace/as-ginzburg-lean/.lake/packages/Cli/.lake/build/lib/lean:/workspace/as-ginzburg-lean/.lake/packages/batteries/.lake/build/lib/lean:/workspace/as-ginzburg-lean/.lake/packages/Qq/.lake/build/lib/lean:/workspace/as-ginzburg-lean/.lake/packages/aesop/.lake/build/lib/lean:/workspace/as-ginzburg-lean/.lake/packages/proofwidgets/.lake/build/lib/lean:/workspace/as-ginzburg-lean/.lake/packages/importGraph/.lake/build/lib/lean:/workspace/as-ginzburg-lean/.lake/packages/LeanSearchClient/.lake/build/lib/lean:/workspace/as-ginzburg-lean/.lake/packages/plausible/.lake/build/lib/lean:/workspace/as-ginzburg-lean/.lake/packages/mathlib/.lake/build/lib/lean:/workspace/as-ginzburg-lean/.lake/build/lib/lean /workspace/as-ginzburg-lean/work/lean-upgrade/lean-4.34.1-linux/bin/lean /workspace/as-ginzburg-lean/ASGinzburg/GinzburgASProjectiveComplex.lean -o /workspace/as-ginzburg-lean/.lake/build/lib/lean/ASGinzburg/GinzburgASProjectiveComplex.olean -i /workspace/as-ginzburg-lean/.lake/build/lib/lean/ASGinzburg/GinzburgASProjectiveComplex.ilean -c /workspace/as-ginzburg-lean/.lake/build/ir/ASGinzburg/GinzburgASProjectiveComplex.c --setup /workspace/as-ginzburg-lean/.lake/build/ir/ASGinzburg/GinzburgASProjectiveComplex.setup.json --json
error: ASGinzburg/GinzburgASProjectiveComplex.lean:37:2: unsolved goals
case succ.succ.zero
Q : CutQuiver
k : Type u
inst✝ : Field k
φ : ↥(Q.Potential k)
v : Q.LiftVertex
⊢ 0 ≫ Q.ginzburgASProjectiveD₃ k φ v = 0
error: ASGinzburg/GinzburgASProjectiveComplex.lean:62:4: Type mismatch: After simplification, term
  ginzburgASProjectiveDualOriginalShortComplex_exact Q k φ v
 has type
  @ShortComplex.Exact (Q.unrolledJacobianZAlgebra k φ).RightModule
    (ObjectProperty.FullSubcategory.category (Q.unrolledJacobianZAlgebra k φ).rightModuleProperty)
    (Q.unrolledJacobianZAlgebra k φ).rightModuleProperty.instHasZeroMorphismsFullSubcategory
    (Q.ginzburgASProjectiveDualOriginalShortComplex k φ v)
but is expected to have type
  @ShortComplex.Exact (Q.unrolledJacobianZAlgebra k φ).RightModule
    (ObjectProperty.FullSubcategory.category (Q.unrolledJacobianZAlgebra k φ).rightModuleProperty)
    (Q.unrolledJacobianZAlgebra k φ).rightModuleProperty.instHasZeroMorphismsFullSubcategory
    ((HomologicalComplex.shortComplexFunctor' (Q.unrolledJacobianZAlgebra k φ).RightModule (ComplexShape.down ℕ) 2 1
          0).obj
      (ChainComplex.of (Q.ginzburgASProjectiveComplexTerm k φ v) (Q.ginzburgASProjectiveComplexDifferential k φ v) ⋯))
error: ASGinzburg/GinzburgASProjectiveComplex.lean:65:4: Type mismatch: After simplification, term
  asProjectiveConnectingShortComplex_exact Q k h v
 has type
  @ShortComplex.Exact (Q.unrolledJacobianZAlgebra k φ).RightModule
    (ObjectProperty.FullSubcategory.category (Q.unrolledJacobianZAlgebra k φ).rightModuleProperty)
    (Q.unrolledJacobianZAlgebra k φ).rightModuleProperty.instHasZeroMorphismsFullSubcategory
    (Q.ginzburgASProjectiveConnectingShortComplex k φ v)
but is expected to have type
  @ShortComplex.Exact (Q.unrolledJacobianZAlgebra k φ).RightModule
    (ObjectProperty.FullSubcategory.category (Q.unrolledJacobianZAlgebra k φ).rightModuleProperty)
    (Q.unrolledJacobianZAlgebra k φ).rightModuleProperty.instHasZeroMorphismsFullSubcategory
    ((HomologicalComplex.shortComplexFunctor' (Q.unrolledJacobianZAlgebra k φ).RightModule (ComplexShape.down ℕ) 3 2
          1).obj
      (ChainComplex.of (Q.ginzburgASProjectiveComplexTerm k φ v) (Q.ginzburgASProjectiveComplexDifferential k φ v) ⋯))
error: ASGinzburg/GinzburgASProjectiveComplex.lean:69:6: Type mismatch: After simplification, term
  asProjectiveD₃_mono Q k h v
 has type
  @Mono (Q.unrolledJacobianZAlgebra k φ).RightModule
    (ObjectProperty.FullSubcategory.category (Q.unrolledJacobianZAlgebra k φ).rightModuleProperty)
    ((Q.unrolledJacobianZAlgebra k φ).representable (Q.height (Q.tau.symm v)))
    ((Q.unrolledJacobianZAlgebra k φ).asResolutionTerm₂ Q v) (Q.ginzburgASProjectiveD₃ k φ v)
but is expected to have type
  @Mono (Q.unrolledJacobianZAlgebra k φ).RightModule
    (ObjectProperty.FullSubcategory.category (Q.unrolledJacobianZAlgebra k φ).rightModuleProperty)
    (Q.ginzburgASProjectiveComplexTerm k φ v 3) (Q.ginzburgASProjectiveComplexTerm k φ v 2)
    (ChainComplex.of.d (Q.ginzburgASProjectiveComplexTerm k φ v) (Q.ginzburgASProjectiveComplexDifferential k φ v) 3 2)
error: ASGinzburg/GinzburgASProjectiveComplex.lean:73:6: Type mismatch: After simplification, term
  ChainComplex.of_d (Q.ginzburgASProjectiveComplexTerm k φ v) (Q.ginzburgASProjectiveComplexDifferential k φ v) 3
 has type
  @Eq (Q.ginzburgASProjectiveComplexTerm k φ v 4 ⟶ Q.ginzburgASProjectiveComplexTerm k φ v 3)
    (ChainComplex.of.d (Q.ginzburgASProjectiveComplexTerm k φ v) (Q.ginzburgASProjectiveComplexDifferential k φ v) 4 3)
    0
but is expected to have type
  @Eq (Q.ginzburgASProjectiveComplexTerm k φ v 4 ⟶ Q.ginzburgASProjectiveComplexTerm k φ v 3)
    (ChainComplex.of.d (Q.ginzburgASProjectiveComplexTerm k φ v) (Q.ginzburgASProjectiveComplexDifferential k φ v) 4 3)
    0
✖ [3702/3721] Building ASGinzburg.GinzburgFirstProjectiveYoneda (6.9s)
trace: .> LEAN_PATH=/workspace/as-ginzburg-lean/.lake/packages/Cli/.lake/build/lib/lean:/workspace/as-ginzburg-lean/.lake/packages/batteries/.lake/build/lib/lean:/workspace/as-ginzburg-lean/.lake/packages/Qq/.lake/build/lib/lean:/workspace/as-ginzburg-lean/.lake/packages/aesop/.lake/build/lib/lean:/workspace/as-ginzburg-lean/.lake/packages/proofwidgets/.lake/build/lib/lean:/workspace/as-ginzburg-lean/.lake/packages/importGraph/.lake/build/lib/lean:/workspace/as-ginzburg-lean/.lake/packages/LeanSearchClient/.lake/build/lib/lean:/workspace/as-ginzburg-lean/.lake/packages/plausible/.lake/build/lib/lean:/workspace/as-ginzburg-lean/.lake/packages/mathlib/.lake/build/lib/lean:/workspace/as-ginzburg-lean/.lake/build/lib/lean /workspace/as-ginzburg-lean/work/lean-upgrade/lean-4.34.1-linux/bin/lean /workspace/as-ginzburg-lean/ASGinzburg/GinzburgFirstProjectiveYoneda.lean -o /workspace/as-ginzburg-lean/.lake/build/lib/lean/ASGinzburg/GinzburgFirstProjectiveYoneda.olean -i /workspace/as-ginzburg-lean/.lake/build/lib/lean/ASGinzburg/GinzburgFirstProjectiveYoneda.ilean -c /workspace/as-ginzburg-lean/.lake/build/ir/ASGinzburg/GinzburgFirstProjectiveYoneda.c --setup /workspace/as-ginzburg-lean/.lake/build/ir/ASGinzburg/GinzburgFirstProjectiveYoneda.setup.json --json
error: ASGinzburg/GinzburgFirstProjectiveYoneda.lean:21:6: Tactic `rewrite` failed: Did not find an occurrence of the pattern
  ((Q.unrolledJacobianZAlgebra k φ).representableYonedaEquiv ?i ?N) (?f ≫ ?g)
in the target expression
  ((Q.unrolledJacobianZAlgebra k φ).representableYonedaEquiv (Q.height (Q.ginzburgPrefixGeneratorEndpoint v ↑a))
        ((Q.unrolledJacobianZAlgebra k φ).representable (Q.height v)))
      (Sigma.ι
          (fun b => (Q.unrolledJacobianZAlgebra k φ).representable (Q.height (Q.ginzburgPrefixGeneratorEndpoint v ↑b)))
          a ≫
        Q.ginzburgOriginalRepresentableProjectiveMap k φ v) =
    Q.ginzburgGeneratorOriginalArrowEntry k φ v a

Q : CutQuiver
k : Type u
inst✝ : Field k
φ : ↥(Q.Potential k)
v : Q.LiftVertex
a : Q.GinzburgIncomingDegree v.1 0
⊢ ((Q.unrolledJacobianZAlgebra k φ).representableYonedaEquiv (Q.height (Q.ginzburgPrefixGeneratorEndpoint v ↑a))
        ((Q.unrolledJacobianZAlgebra k φ).representable (Q.height v)))
      (Sigma.ι
          (fun b => (Q.unrolledJacobianZAlgebra k φ).representable (Q.height (Q.ginzburgPrefixGeneratorEndpoint v ↑b)))
          a ≫
        Q.ginzburgOriginalRepresentableProjectiveMap k φ v) =
    Q.ginzburgGeneratorOriginalArrowEntry k φ v a

Note: The target expression is not type-correct under the `implicit` transparency level, which may have triggered the failure. This is usually caused by unfolding of semireducible definitions in prior tactic steps. Use `set_option linter.tacticCheckInstances true` to investigate the source of the issue.
Full error:
  Application type mismatch: The argument
    Q.ginzburgOriginalRepresentableProjectiveMap k φ v
  has type
    @Quiver.Hom (Q.unrolledJacobianZAlgebra k φ).RightModule
      (ObjectProperty.FullSubcategory.category (Q.unrolledJacobianZAlgebra k φ).rightModuleProperty).toQuiver
      ((Q.unrolledJacobianZAlgebra k φ).ginzburgGeneratorCoefficientModule Q v 0)
      ((Q.unrolledJacobianZAlgebra k φ).representable (Q.height v))
  but is expected to have type
    @Quiver.Hom (Q.unrolledJacobianZAlgebra k φ).RightModule
      (ObjectProperty.FullSubcategory.category (Q.unrolledJacobianZAlgebra k φ).rightModuleProperty).toQuiver
      (∐ fun b => (Q.unrolledJacobianZAlgebra k φ).representable (Q.height (Q.ginzburgPrefixGeneratorEndpoint v ↑b)))
      ((Q.unrolledJacobianZAlgebra k φ).representable (Q.height v))
  in the application
    Sigma.ι
        (fun b => (Q.unrolledJacobianZAlgebra k φ).representable (Q.height (Q.ginzburgPrefixGeneratorEndpoint v ↑b)))
        a ≫
      Q.ginzburgOriginalRepresentableProjectiveMap k φ v
✖ [3705/3721] Building ASGinzburg.GinzburgArrowPathClasses (7.6s)
trace: .> LEAN_PATH=/workspace/as-ginzburg-lean/.lake/packages/Cli/.lake/build/lib/lean:/workspace/as-ginzburg-lean/.lake/packages/batteries/.lake/build/lib/lean:/workspace/as-ginzburg-lean/.lake/packages/Qq/.lake/build/lib/lean:/workspace/as-ginzburg-lean/.lake/packages/aesop/.lake/build/lib/lean:/workspace/as-ginzburg-lean/.lake/packages/proofwidgets/.lake/build/lib/lean:/workspace/as-ginzburg-lean/.lake/packages/importGraph/.lake/build/lib/lean:/workspace/as-ginzburg-lean/.lake/packages/LeanSearchClient/.lake/build/lib/lean:/workspace/as-ginzburg-lean/.lake/packages/plausible/.lake/build/lib/lean:/workspace/as-ginzburg-lean/.lake/packages/mathlib/.lake/build/lib/lean:/workspace/as-ginzburg-lean/.lake/build/lib/lean /workspace/as-ginzburg-lean/work/lean-upgrade/lean-4.34.1-linux/bin/lean /workspace/as-ginzburg-lean/ASGinzburg/GinzburgArrowPathClasses.lean -o /workspace/as-ginzburg-lean/.lake/build/lib/lean/ASGinzburg/GinzburgArrowPathClasses.olean -i /workspace/as-ginzburg-lean/.lake/build/lib/lean/ASGinzburg/GinzburgArrowPathClasses.ilean -c /workspace/as-ginzburg-lean/.lake/build/ir/ASGinzburg/GinzburgArrowPathClasses.c --setup /workspace/as-ginzburg-lean/.lake/build/ir/ASGinzburg/GinzburgArrowPathClasses.setup.json --json
error: ASGinzburg/GinzburgArrowPathClasses.lean:69:8: Tactic `rewrite` failed: Did not find an occurrence of the pattern
  ↑((Q.ginzburgPrefixCoefficientZeroCutEquiv ?k ?x ?v ?a) ?g)
in the target expression
  ↑((Q.ginzburgPrefixCoefficientZeroCutEquiv k
          (Q.ginzburgPrefixGeneratorEndpoint (Q.source a, s) (GinzburgArrow.loop (Q.source a))) (Q.source a, s)
          (GinzburgArrow.dual a))
        (Q.ginzburgUnitLoopTopArrowComponent k (Q.source a) s a ⋯)) =
    ↑((Q.originalGinzburgCutDegreeZeroEquiv k
          (Q.ginzburgPrefixGeneratorEndpoint (Q.source a, s) (GinzburgArrow.loop (Q.source a))).1
          (Q.ginzburgPrefixGeneratorEndpoint (Q.source a, s) (GinzburgArrow.dual a)).1
          ((Q.ginzburgPrefixGeneratorEndpoint (Q.source a, s) (GinzburgArrow.dual a)).2 -
            (Q.ginzburgPrefixGeneratorEndpoint (Q.source a, s) (GinzburgArrow.loop (Q.source a))).2))
        (Q.ginzburgLoopArrowPathComponent k a s))

Q : CutQuiver
k : Type u
inst✝ : Field k
φ : ↥(Q.Potential k)
a : Q.Arrow
s : ℤ
⊢ ↑((Q.ginzburgPrefixCoefficientZeroCutEquiv k
          (Q.ginzburgPrefixGeneratorEndpoint (Q.source a, s) (GinzburgArrow.loop (Q.source a))) (Q.source a, s)
          (GinzburgArrow.dual a))
        (Q.ginzburgUnitLoopTopArrowComponent k (Q.source a) s a ⋯)) =
    ↑((Q.originalGinzburgCutDegreeZeroEquiv k
          (Q.ginzburgPrefixGeneratorEndpoint (Q.source a, s) (GinzburgArrow.loop (Q.source a))).1
          (Q.ginzburgPrefixGeneratorEndpoint (Q.source a, s) (GinzburgArrow.dual a)).1
          ((Q.ginzburgPrefixGeneratorEndpoint (Q.source a, s) (GinzburgArrow.dual a)).2 -
            (Q.ginzburgPrefixGeneratorEndpoint (Q.source a, s) (GinzburgArrow.loop (Q.source a))).2))
        (Q.ginzburgLoopArrowPathComponent k a s))

Note: The target expression is not type-correct under the `implicit` transparency level, which may have triggered the failure. This is usually caused by unfolding of semireducible definitions in prior tactic steps. Use `set_option linter.tacticCheckInstances true` to investigate the source of the issue.
Full error:
  Application type mismatch: The argument
    Q.ginzburgUnitLoopTopArrowComponent k (Q.source a) s a ⋯
  has type
    ↥(Q.ginzburgCutCohomologicalComponent k (Q.source a) (Q.target a) 0
        (s - (s - 1) - GinzburgArrow.cutDegree Q (GinzburgArrow.dual a)))
  but is expected to have type
    ↥(Q.ginzburgCutCohomologicalComponent k
        (Q.ginzburgPrefixGeneratorEndpoint (Q.source a, s) (GinzburgArrow.loop (Q.source a))).1
        (GinzburgArrow.source Q (GinzburgArrow.dual a)) 0
        ((Q.source a, s).2 - (Q.ginzburgPrefixGeneratorEndpoint (Q.source a, s) (GinzburgArrow.loop (Q.source a))).2 -
          GinzburgArrow.cutDegree Q (GinzburgArrow.dual a)))
  in the application
    (Q.ginzburgPrefixCoefficientZeroCutEquiv k
        (Q.ginzburgPrefixGeneratorEndpoint (Q.source a, s) (GinzburgArrow.loop (Q.source a))) (Q.source a, s)
        (GinzburgArrow.dual a))
      (Q.ginzburgUnitLoopTopArrowComponent k (Q.source a) s a ⋯)
error: ASGinzburg/GinzburgArrowPathClasses.lean:76:2: Type mismatch: After simplification, term
  ginzburgCutZeroQuotientUnrolledEquiv_original_mk Q k φ
    (Q.ginzburgPrefixGeneratorEndpoint (Q.source a, s) (GinzburgArrow.loop (Q.source a)))
    (Q.ginzburgPrefixGeneratorEndpoint (Q.source a, s) (GinzburgArrow.dual a)) (Q.ginzburgLoopArrowPathComponent k a s)
 has type
  (Q.ginzburgCutZeroQuotientUnrolledEquiv k φ
        (Q.ginzburgPrefixGeneratorEndpoint (Q.source a, s) (GinzburgArrow.loop (Q.source a)))
        (Q.ginzburgPrefixGeneratorEndpoint (Q.source a, s) (GinzburgArrow.dual a)))
      (Submodule.Quotient.mk
        ((Q.originalGinzburgCutDegreeZeroEquiv k
            (Q.ginzburgPrefixGeneratorEndpoint (Q.source a, s) (GinzburgArrow.loop (Q.source a))).1
            (Q.ginzburgPrefixGeneratorEndpoint (Q.source a, s) (GinzburgArrow.dual a)).1
            ((Q.ginzburgPrefixGeneratorEndpoint (Q.source a, s) (GinzburgArrow.dual a)).2 -
              (Q.ginzburgPrefixGeneratorEndpoint (Q.source a, s) (GinzburgArrow.loop (Q.source a))).2))
          (Q.ginzburgLoopArrowPathComponent k a s))) =
    Q.ginzburgJacobianPathClass k φ
      (Q.ginzburgPrefixGeneratorEndpoint (Q.source a, s) (GinzburgArrow.loop (Q.source a)))
      (Q.ginzburgPrefixGeneratorEndpoint (Q.source a, s) (GinzburgArrow.dual a))
      (Q.ginzburgLoopArrowPathComponent k a s)
but is expected to have type
  (Q.ginzburgPrefixCoefficientFixedUnrolledEquiv k φ
        (Q.ginzburgPrefixGeneratorEndpoint (Q.source a, s) (GinzburgArrow.loop (Q.source a))) (Q.source a, s)
        (GinzburgArrow.dual a))
      (Submodule.Quotient.mk (Q.ginzburgUnitLoopTopArrowComponent k (Q.source a) s a ⋯)) =
    Q.ginzburgJacobianPathClass k φ
      (Q.ginzburgPrefixGeneratorEndpoint (Q.source a, s) (GinzburgArrow.loop (Q.source a)))
      (Q.ginzburgPrefixGeneratorEndpoint (Q.source a, s) (GinzburgArrow.dual a))
      (Q.ginzburgLoopArrowPathComponent k a s)
✔ [3709/3721] Built ASGinzburg.GinzburgADualMatrixFormulas (25s)
⚠ [3711/3721] Built ASGinzburg.GinzburgMinimalResolutionExt (9.7s)
warning: ASGinzburg/GinzburgMinimalResolutionExt.lean:39:2: Try this: 
  letI̵

The goal is a proposition, so `let` is preferred over `letI`.
The difference between `let` and `letI` is that `letI` inlines the value.
But this is not relevant for proofs because of proof irrelevance.

Note: This linter can be disabled with `set_option linter.style.haveILetI false`
✔ [3712/3721] Built ASGinzburg.GinzburgOppositeMinimalResolution (4.5s)
✖ [3713/3721] Building ASGinzburg.GinzburgEndpointCoordinateValues (11s)
trace: .> LEAN_PATH=/workspace/as-ginzburg-lean/.lake/packages/Cli/.lake/build/lib/lean:/workspace/as-ginzburg-lean/.lake/packages/batteries/.lake/build/lib/lean:/workspace/as-ginzburg-lean/.lake/packages/Qq/.lake/build/lib/lean:/workspace/as-ginzburg-lean/.lake/packages/aesop/.lake/build/lib/lean:/workspace/as-ginzburg-lean/.lake/packages/proofwidgets/.lake/build/lib/lean:/workspace/as-ginzburg-lean/.lake/packages/importGraph/.lake/build/lib/lean:/workspace/as-ginzburg-lean/.lake/packages/LeanSearchClient/.lake/build/lib/lean:/workspace/as-ginzburg-lean/.lake/packages/plausible/.lake/build/lib/lean:/workspace/as-ginzburg-lean/.lake/packages/mathlib/.lake/build/lib/lean:/workspace/as-ginzburg-lean/.lake/build/lib/lean /workspace/as-ginzburg-lean/work/lean-upgrade/lean-4.34.1-linux/bin/lean /workspace/as-ginzburg-lean/ASGinzburg/GinzburgEndpointCoordinateValues.lean -o /workspace/as-ginzburg-lean/.lake/build/lib/lean/ASGinzburg/GinzburgEndpointCoordinateValues.olean -i /workspace/as-ginzburg-lean/.lake/build/lib/lean/ASGinzburg/GinzburgEndpointCoordinateValues.ilean -c /workspace/as-ginzburg-lean/.lake/build/ir/ASGinzburg/GinzburgEndpointCoordinateValues.c --setup /workspace/as-ginzburg-lean/.lake/build/ir/ASGinzburg/GinzburgEndpointCoordinateValues.setup.json --json
error: ASGinzburg/GinzburgEndpointCoordinateValues.lean:49:6: Tactic `rewrite` failed: Did not find an occurrence of the pattern
  (Q.ginzburgLoopADualOppositeRepresentableComponentEquiv ?k ?φ ?v ?l) ?f
in the target expression
  (Q.ginzburgLoopADualOppositeRepresentableComponentEquiv k φ v l)
      ((ConcreteCategory.hom
          (((Q.unrolledJacobianZAlgebra k φ).rightModuleADualMap (Q.ginzburgLoopDualProjectiveMap k φ v)).hom.app
            { index := Q.height l }))
        f) =
    ∑ b,
      (Q.oppositeUnrolledJacobianHomEquiv k φ (Q.tau.symm v) l)
        (((Q.unrolledJacobianZAlgebra k φ).comp
            (((Q.unrolledJacobianZAlgebra k φ).rightRepresentableCoproductHomEquiv
                (fun a => Q.height (Q.ginzburgPrefixGeneratorEndpoint v ↑a))
                ((Q.unrolledJacobianZAlgebra k φ).representable (Q.height l)))
              f b))
          (Q.ginzburgGeneratorLoopArrowEntry k φ v b))

Q : CutQuiver
k : Type u
inst✝ : Field k
φ : ↥(Q.Potential k)
v l : Q.LiftVertex
f :
  (Q.unrolledJacobianZAlgebra k φ).ginzburgGeneratorCoefficientModule Q v (-1) ⟶
    (Q.unrolledJacobianZAlgebra k φ).representable (Q.height l)
⊢ (Q.ginzburgLoopADualOppositeRepresentableComponentEquiv k φ v l)
      ((ConcreteCategory.hom
          (((Q.unrolledJacobianZAlgebra k φ).rightModuleADualMap (Q.ginzburgLoopDualProjectiveMap k φ v)).hom.app
            { index := Q.height l }))
        f) =
    ∑ b,
      (Q.oppositeUnrolledJacobianHomEquiv k φ (Q.tau.symm v) l)
        (((Q.unrolledJacobianZAlgebra k φ).comp
            (((Q.unrolledJacobianZAlgebra k φ).rightRepresentableCoproductHomEquiv
                (fun a => Q.height (Q.ginzburgPrefixGeneratorEndpoint v ↑a))
                ((Q.unrolledJacobianZAlgebra k φ).representable (Q.height l)))
              f b))
          (Q.ginzburgGeneratorLoopArrowEntry k φ v b))

Note: The target expression is not type-correct under the `implicit` transparency level, which may have triggered the failure. This is usually caused by unfolding of semireducible definitions in prior tactic steps. Use `set_option linter.tacticCheckInstances true` to investigate the source of the issue.
Full error:
  Application type mismatch: The argument
    f
  has type
    (Q.unrolledJacobianZAlgebra k φ).ginzburgGeneratorCoefficientModule Q v (-1) ⟶
      (Q.unrolledJacobianZAlgebra k φ).representable (Q.height l)
  but is expected to have type
    ↑(((Q.unrolledJacobianZAlgebra k φ).rightModuleADual
              ((Q.unrolledJacobianZAlgebra k φ).ginzburgGeneratorCoefficientModule Q v (-1))).obj.obj
        { index := Q.height l })
  in the application
    (ConcreteCategory.hom
        (((Q.unrolledJacobianZAlgebra k φ).rightModuleADualMap (Q.ginzburgLoopDualProjectiveMap k φ v)).hom.app
          { index := Q.height l }))
      f
Some required targets logged failures:
- ASGinzburg.GinzburgHessianOppositeClasses
- ASGinzburg.GinzburgASProjectiveComplex
- ASGinzburg.GinzburgFirstProjectiveYoneda
- ASGinzburg.GinzburgArrowPathClasses
- ASGinzburg.GinzburgEndpointCoordinateValues
error: build failed
