'ASGinzburg.ZAlgebra.IncomingBasisSystem.presentationQuotientIso' depends on axioms: [propext,
 Classical.choice,
 Quot.sound]
'ASGinzburg.CutQuiver.unrolledPositivePath_mem_of_height_lt' depends on axioms: [propext, Classical.choice, Quot.sound]
'ASGinzburg.ZAlgebra.pathArrowRelationProduct' depends on axioms: [propext, Classical.choice, Quot.sound]
'ASGinzburg.ZAlgebra.pathArrowRelationProduct_eq_idealProductLift' depends on axioms: [propext,
 Classical.choice,
 Quot.sound]
'ASGinzburg.ZAlgebra.basisPathIndecomposableMap_eq_linearCombination' depends on axioms: [propext,
 Classical.choice,
 Quot.sound]
'ASGinzburg.ZAlgebra.basisPathLinearEvaluation_ker_le_long' depends on axioms: [propext, Classical.choice, Quot.sound]
'ASGinzburg.ZAlgebra.pathRelationArrowProduct_eq_idealProductLift' depends on axioms: [propext,
 Classical.choice,
 Quot.sound]
'ASGinzburg.ZAlgebra.ASRegular.cutCornerCoverRecovery' depends on axioms: [propext, Classical.choice, Quot.sound]
'ASGinzburg.ZAlgebra.ASRegular.cutCornerRightModuleEquivalence' depends on axioms: [propext,
 Classical.choice,
 Quot.sound]
'ASGinzburg.ZAlgebra.ASRegular.cutCornerRightModuleInverseAdditive' depends on axioms: [propext,
 Classical.choice,
 Quot.sound]
'ASGinzburg.ZAlgebra.ASRegular.cutCornerImageSimpleResolution_isZero_ge_four' depends on axioms: [propext,
 Classical.choice,
 Quot.sound]
'ASGinzburg.ZAlgebra.ASRegular.cutCornerExtThreeEquiv' depends on axioms: [propext, Classical.choice, Quot.sound]
'ASGinzburg.ZAlgebra.ASRegular.cutEnvelopingRegularMinimalResolution_isZero_ge_four' depends on axioms: [propext,
 Classical.choice,
 Quot.sound]
'ASGinzburg.ZAlgebra.ASRegular.cutEnvelopingFiniteProjectiveResolution' depends on axioms: [propext,
 Classical.choice,
 Quot.sound]
'ASGinzburg.ZAlgebra.ASRegular.cutRegularEnveloping_hasProjectiveDimensionLE_three' depends on axioms: [propext,
 Classical.choice,
 Quot.sound]
'ASGinzburg.ZAlgebra.ASRegular.cutEnvelopingIntegerHomogeneousSubspace' depends on axioms: [propext,
 Classical.choice,
 Quot.sound]
'ASGinzburg.ZAlgebra.ASRegular.cutEnvelopingIntegerGradedMonoid' depends on axioms: [propext,
 Classical.choice,
 Quot.sound]
'ASGinzburg.ZAlgebra.ASRegular.cutEnvelopingIntegerHomogeneousSubspace_mul_mem' depends on axioms: [propext,
 Classical.choice,
 Quot.sound]
'ASGinzburg.ZAlgebra.ASRegular.cutEnvelopingRegularMinimalResolutionTermData' depends on axioms: [propext,
 Classical.choice,
 Quot.sound]
'ASGinzburg.ZAlgebra.ASRegular.cutEnvelopingRegularMinimalResolution_minimal' depends on axioms: [propext,
 Classical.choice,
 Quot.sound]
'ASGinzburg.ZAlgebra.ASRegular.cutEnvelopingMinimalTop_isZero_ge_four' depends on axioms: [propext,
 Classical.choice,
 Quot.sound]
'ASGinzburg.ZAlgebra.ASRegular.cutEnvelopingAugmentation' depends on axioms: [propext, Classical.choice, Quot.sound]
'ASGinzburg.ZAlgebra.ASRegular.cutEnvelopingAugmentationKernel' depends on axioms: [propext,
 Classical.choice,
 Quot.sound]
'ASGinzburg.ZAlgebra.ASRegular.mem_cutEnvelopingAugmentationKernel' depends on axioms: [propext,
 Classical.choice,
 Quot.sound]
'ASGinzburg.ZAlgebra.ASRegular.cutEnvelopingAugmentationQuotient_isSemisimple' depends on axioms: [propext,
 Classical.choice,
 Quot.sound]
'ASGinzburg.ZAlgebra.ASRegular.cutEnvelopingRegularGradedData_grade_mem' depends on axioms: [propext,
 Classical.choice,
 Quot.sound]
'ASGinzburg.ZAlgebra.ASRegular.cutEnvelopingSemisimpleRightObject' depends on axioms: [propext,
 Classical.choice,
 Quot.sound]
'ASGinzburg.ZAlgebra.ASRegular.cutEnvelopingSemisimpleTor_isZero_ge_four' depends on axioms: [propext,
 Classical.choice,
 Quot.sound]
'ASGinzburg.ZAlgebra.ASRegular.CutGradedAlgebra' depends on axioms: [propext, Classical.choice, Quot.sound]
'ASGinzburg.ZAlgebra.ASRegular.cutGradedInclusion_mul' depends on axioms: [propext, Classical.choice, Quot.sound]
'ASGinzburg.ZAlgebra.ASRegular.cutGradedModuleEquivalence' depends on axioms: [propext, Classical.choice, Quot.sound]
'ASGinzburg.ZAlgebra.ASRegular.cutGradedModuleEquivalence_inverse_additive' depends on axioms: [propext,
 Classical.choice,
 Quot.sound]
'ASGinzburg.ZAlgebra.ASRegular.cutGradedRadicalTwoSided' depends on axioms: [propext, Classical.choice, Quot.sound]
'ASGinzburg.ZAlgebra.ASRegular.cutGradedRegularExt_other_eq_zero' depends on axioms: [propext,
 Classical.choice,
 Quot.sound]
'ASGinzburg.ZAlgebra.ASRegular.cutGradedProjective_projective' depends on axioms: [propext,
 Classical.choice,
 Quot.sound]
'ASGinzburg.ZAlgebra.ASRegular.cutGradedSimple_hasProjectiveDimensionLE_three' depends on axioms: [propext,
 Classical.choice,
 Quot.sound]
'ASGinzburg.ZAlgebra.ASRegular.cutGradedSimple' depends on axioms: [propext, Classical.choice, Quot.sound]
'ASGinzburg.ZAlgebra.ASRegular.cutGradedExtThreeEquiv' depends on axioms: [propext, Classical.choice, Quot.sound]
'ASGinzburg.ZAlgebra.ASRegular.cutEnvelopingPerfectCochainComplex_term_finiteProjective' depends on axioms: [propext,
 Classical.choice,
 Quot.sound]
'ASGinzburg.ZAlgebra.ASRegular.cutEnvelopingPerfectCochainComplex_isZero_outside' depends on axioms: [propext,
 Classical.choice,
 Quot.sound]
'ASGinzburg.ZAlgebra.ASRegular.cutHomologicallySmooth' depends on axioms: [propext, Classical.choice, Quot.sound]
'ASGinzburg.ZAlgebra.ASRegular.cutOrdinaryRight_hasProjectiveDimensionLE_three' depends on axioms: [propext,
 Classical.choice,
 Quot.sound]
'ASGinzburg.ZAlgebra.ASRegular.cutOrdinaryLeft_projectiveDimension_le_three' depends on axioms: [propext,
 Classical.choice,
 Quot.sound]
'ASGinzburg.ZAlgebra.ASRegular.cutOrdinaryLeft_globalDimension_eq_three' depends on axioms: [propext,
 Classical.choice,
 Quot.sound]
'ASGinzburg.ZAlgebra.ASRegular.cutSemisimpleLeft_projectiveDimension_eq_three' depends on axioms: [propext,
 Classical.choice,
 Quot.sound]
'ASGinzburg.ZAlgebra.ASRegular.cutOrdinarySimpleProjectiveResolution_minimal' depends on axioms: [propext,
 Classical.choice,
 Quot.sound]
'ASGinzburg.ZAlgebra.ASRegular.cutGradedSimpleProjectiveResolution_topTerm_grade_lower_bound' depends on axioms: [propext,
 Classical.choice,
 Quot.sound]
'ASGinzburg.ZAlgebra.ASRegular.cutCornerResolution_ring_projective' depends on axioms: [propext,
 Classical.choice,
 Quot.sound]
'ASGinzburg.ZAlgebra.ASRegular.cutOrdinarySimpleProjectiveResolution_isZero_ge_four' depends on axioms: [propext,
 Classical.choice,
 Quot.sound]
'ASGinzburg.ZAlgebra.ASRegular.cutOrdinarySimpleVertexLinearEquiv' depends on axioms: [propext,
 Classical.choice,
 Quot.sound]
'ASGinzburg.ZAlgebra.ASRegular.cutOrdinarySimple_ext_ge_four_eq_zero' depends on axioms: [propext,
 Classical.choice,
 Quot.sound]
'ASGinzburg.ZAlgebra.ASRegular.cutOrdinarySimpleTorRadicalQuotient_three_not_isZero' depends on axioms: [propext,
 Classical.choice,
 Quot.sound]
'ASGinzburg.ZAlgebra.ASRegular.cutOrdinarySimpleTopTensor_not_isZero' depends on axioms: [propext,
 Classical.choice,
 Quot.sound]
'ASGinzburg.ZAlgebra.ASRegular.cutRegularEnveloping_projectiveDimension_ge_three' depends on axioms: [propext,
 Classical.choice,
 Quot.sound]
'ASGinzburg.ZAlgebra.ASRegular.cutRegularVertexTopExtEquiv' depends on axioms: [propext, Classical.choice, Quot.sound]
'ASGinzburg.ZAlgebra.ASRegular.cutSemisimpleSecondTor_finite' depends on axioms: [propext, Classical.choice, Quot.sound]
'ASGinzburg.ZAlgebra.ASRegular.cutSemisimpleBimodule_finite' depends on axioms: [propext, Classical.choice, Quot.sound]
'ASGinzburg.ZAlgebra.ASRegular.cutSemisimpleEnvelopingBalancedTor_finite' depends on axioms: [propext,
 Classical.choice,
 Quot.sound]
'ASGinzburg.ZAlgebra.ASRegular.cutSemisimpleRightObject' depends on axioms: [propext, Classical.choice, Quot.sound]
'ASGinzburg.ZAlgebra.ASRegular.cutSemisimpleRight_ext_ge_four_eq_zero' depends on axioms: [propext,
 Classical.choice,
 Quot.sound]
'ASGinzburg.ZAlgebra.ASRegular.cutSemisimpleRightProjectiveResolution_isZero_ge_four' depends on axioms: [propext,
 Classical.choice,
 Quot.sound]
'ASGinzburg.ZAlgebra.ASRegular.cutSemisimpleRightTor_isZero_ge_four' depends on axioms: [propext,
 Classical.choice,
 Quot.sound]
'ASGinzburg.ZAlgebra.ASRegular.cutSemisimpleBaseChangeEquiv' depends on axioms: [propext, Classical.choice, Quot.sound]
'ASGinzburg.ZAlgebra.ASRegular.cutSemisimpleLeftObject' depends on axioms: [propext, Classical.choice, Quot.sound]
'ASGinzburg.ZAlgebra.ASRegular.cutSemisimpleRight_projectiveDimension_eq_three_unconditional' depends on axioms: [propext,
 Classical.choice,
 Quot.sound]
'ASGinzburg.ZAlgebra.ASRegular.cutUnderlinedExtCharacter_vertex' depends on axioms: [propext,
 Classical.choice,
 Quot.sound]
'ASGinzburg.ZAlgebra.ASRegular.cutUnderlinedTopExtLinearEquiv_left_action' depends on axioms: [propext,
 Classical.choice,
 Quot.sound]
'ASGinzburg.ZAlgebra.ASRegular.cutUnderlinedTopExtLeftLinearEquiv' depends on axioms: [propext,
 Classical.choice,
 Quot.sound]
'ASGinzburg.ZAlgebra.ASRegular.cutUnderlinedExtFinite' depends on axioms: [propext, Classical.choice, Quot.sound]
'ASGinzburg.ZAlgebra.ASRegular.cutUnderlinedExt_positive_operator_eq_zero' depends on axioms: [propext,
 Classical.choice,
 Quot.sound]
'ASGinzburg.ZAlgebra.ASRegular.cutUnderlinedTopExtLinearEquiv' depends on axioms: [propext,
 Classical.choice,
 Quot.sound]
'ASGinzburg.ZAlgebra.ASResolution.homComplex_exactAt_one_of_ext_zero' depends on axioms: [propext,
 Classical.choice,
 Quot.sound]
'ASGinzburg.ZAlgebra.ASResolution.homComplex_exactAt_zero_of_ext_zero' depends on axioms: [propext,
 Classical.choice,
 Quot.sound]
'ASGinzburg.ZAlgebra.ASResolution.dualComplexEvaluationIso' depends on axioms: [propext, Classical.choice, Quot.sound]
'ASGinzburg.ZAlgebra.ASRegular.extRank_other_zero' depends on axioms: [propext, Classical.choice, Quot.sound]
'ASGinzburg.ZAlgebra.ASResolution.homologyExtThreeEquiv' depends on axioms: [propext, Classical.choice, Quot.sound]
'ASGinzburg.ZAlgebra.ASRegular.extDimensionTable_eq_single' depends on axioms: [propext, Classical.choice, Quot.sound]
'ASGinzburg.ZAlgebra.asExtTotalRank_eq_one_of_finrank' depends on axioms: [propext, Classical.choice, Quot.sound]
'ASGinzburg.ZAlgebra.ASRegular.extThreeEquiv' depends on axioms: [propext, Classical.choice, Quot.sound]
'ASGinzburg.ZAlgebra.ASResolution.homComplex_isZero_ge_four' depends on axioms: [propext, Classical.choice, Quot.sound]
'ASGinzburg.ZAlgebra.ASResolution.homComplex_tau_representable_low_homology_isZero' depends on axioms: [propext,
 Classical.choice,
 Quot.sound]
'ASGinzburg.CutQuiver.tau_incomingSource_height_gt' depends on axioms: [propext, Classical.choice, Quot.sound]
'ASGinzburg.ZAlgebra.asDualityHomTerm₂_zero' depends on axioms: [propext, Classical.choice, Quot.sound]
'ASGinzburg.ZAlgebra.leftModuleIsoOfSingleSupport' depends on axioms: [propext, Classical.choice, Quot.sound]
'ASGinzburg.ZAlgebra.ASRegular.extLeftThreeIsoSimple' depends on axioms: [propext, Classical.choice, Quot.sound]
'ASGinzburg.ZAlgebra.rightRegularCoproduct' depends on axioms: [propext, Classical.choice, Quot.sound]
'ASGinzburg.ZAlgebra.leftModuleTotalIso' depends on axioms: [propext, Classical.choice, Quot.sound]
'ASGinzburg.ZAlgebra.simpleLeftModuleTotalEquiv' depends on axioms: [propext, Classical.choice, Quot.sound]
'ASGinzburg.ZAlgebra.ASRegular.extRegularCoproductThree_finrank' depends on axioms: [propext,
 Classical.choice,
 Quot.sound]
'ASGinzburg.ZAlgebra.ASRegular.extRegularCoproduct_finrank' depends on axioms: [propext, Classical.choice, Quot.sound]
'ASGinzburg.ZAlgebra.ASResolution.dualTopProjection_dual_d₃' depends on axioms: [propext, Classical.choice, Quot.sound]
'ASGinzburg.ZAlgebra.rightFiniteDimensionalProjectiveResolution_finite' depends on axioms: [propext,
 Classical.choice,
 Quot.sound]
'ASGinzburg.ZAlgebra.leftFiniteDimensionalProjectiveResolution_finite' depends on axioms: [propext,
 Classical.choice,
 Quot.sound]
'ASGinzburg.ZAlgebra.leftSimple_hasFiniteProjectiveResolutionLength' depends on axioms: [propext,
 Classical.choice,
 Quot.sound]
'ASGinzburg.ZAlgebra.rightFiniteDimensional_hasFiniteProjectiveResolutionLength' depends on axioms: [propext,
 Classical.choice,
 Quot.sound]
'ASGinzburg.ZAlgebra.ASResolution.finiteProjectiveComplex' depends on axioms: [propext, Classical.choice, Quot.sound]
'ASGinzburg.ZAlgebra.ASResolution.finiteProjectiveCochainComplex_isZero_outside' depends on axioms: [propext,
 Classical.choice,
 Quot.sound]
'ASGinzburg.ZAlgebra.asFirstKernelComponentEquiv' depends on axioms: [propext, Classical.choice, Quot.sound]
'ASGinzburg.ZAlgebra.pathRelationsToCategoricalASFirstKernel_ι' depends on axioms: [propext,
 Classical.choice,
 Quot.sound]
'ASGinzburg.ZAlgebra.pathRelationsToASFirstKernel_ker' depends on axioms: [propext, Classical.choice, Quot.sound]
'ASGinzburg.ZAlgebra.pathRelationHeightEquiv_map_arrowRelation_denominator' depends on axioms: [propext,
 Classical.choice,
 Quot.sound]
'ASGinzburg.ZAlgebra.ASResolution.firstCoverKernelTopEquiv' depends on axioms: [propext, Classical.choice, Quot.sound]
'ASGinzburg.ZAlgebra.ASRegular.foundationCutDerivativeRelation' depends on axioms: [propext,
 Classical.choice,
 Quot.sound]
'ASGinzburg.ZAlgebra.ASRegular.foundationCutDerivativeUnroll' depends on axioms: [propext, Classical.choice, Quot.sound]
'ASGinzburg.ZAlgebra.ASRegular.foundationCutDerivativeUnroll_height' depends on axioms: [propext,
 Classical.choice,
 Quot.sound]
'ASGinzburg.ZAlgebra.ASRegular.foundationPotential_zeroCutJacobianGenerators' depends on axioms: [propext,
 Classical.choice,
 Quot.sound]
'ASGinzburg.ZAlgebra.foundationMinimalRelationBasis' depends on axioms: [propext, Classical.choice, Quot.sound]
'ASGinzburg.ZAlgebra.ASRegular.cutPathRelation_support' depends on axioms: [propext, Classical.choice, Quot.sound]
'ASGinzburg.ZAlgebra.ASRegular.cutPathRelation_cut' depends on axioms: [propext, Classical.choice, Quot.sound]
'ASGinzburg.ZAlgebra.ASRegular.foundationPathRelation' depends on axioms: [propext, Classical.choice, Quot.sound]
'ASGinzburg.ZAlgebra.ASRegular.foundationPathRelation_support' depends on axioms: [propext,
 Classical.choice,
 Quot.sound]
'ASGinzburg.ZAlgebra.ASRegular.foundationRelationGenerators_mem_kernel' depends on axioms: [propext,
 Classical.choice,
 Quot.sound]
'ASGinzburg.ZAlgebra.ASRegular.foundationKernel_le_ideal_mod_decomposables' depends on axioms: [propext,
 Classical.choice,
 Quot.sound]
'ASGinzburg.ZAlgebra.ASRegular.foundationRelationNative_mem_long' depends on axioms: [propext,
 Classical.choice,
 Quot.sound]
'ASGinzburg.ZAlgebra.ASRegular.foundationRelationRingAlgEquiv' depends on axioms: [propext,
 Classical.choice,
 Quot.sound]
'ASGinzburg.ZAlgebra.ASRegular.foundationRingPresentation_surjective' depends on axioms: [propext,
 Classical.choice,
 Quot.sound]
'ASGinzburg.ZAlgebra.ASRegular.foundationRingRelationGenerators' depends on axioms: [propext,
 Classical.choice,
 Quot.sound]
'ASGinzburg.ZAlgebra.ASRegular.foundationRingRelationIdeal_eq_span' depends on axioms: [propext,
 Classical.choice,
 Quot.sound]
'ASGinzburg.ZAlgebra.ASRegular.foundationZeroCutPresentation_surjective' depends on axioms: [propext,
 Classical.choice,
 Quot.sound]
'ASGinzburg.ZAlgebra.ASRegular.foundationZeroCutRelationIdealIsTwoSided' depends on axioms: [propext,
 Classical.choice,
 Quot.sound]
'ASGinzburg.ZAlgebra.ASResolution.GeneratorIndex' does not depend on any axioms
'ASGinzburg.ZAlgebra.ASResolution.incomingMultiplication_diagonal_span' depends on axioms: [propext,
 Classical.choice,
 Quot.sound]
'ASGinzburg.ZAlgebra.ASResolution.indecomposableGeneratorBasis_apply' depends on axioms: [propext,
 Classical.choice,
 Quot.sound]
'ASGinzburg.ZAlgebra.ASResolution.indecomposables_finrank' depends on axioms: [propext, Classical.choice, Quot.sound]
'ASGinzburg.ZAlgebra.ASResolution.incomingElement' depends on axioms: [propext, Classical.choice, Quot.sound]
'ASGinzburg.ZAlgebra.ASResolution.term₁ComponentIso_lof_inv' depends on axioms: [propext, Classical.choice, Quot.sound]
'ASGinzburg.ZAlgebra.ASResolution.incomingMultiplication_eq' depends on axioms: [propext, Classical.choice, Quot.sound]
'ASGinzburg.ZAlgebra.IncomingBasisSystem' depends on axioms: [propext, Classical.choice, Quot.sound]
'ASGinzburg.ZAlgebra.IncomingBasisSystem.incomingGenerator_eq_basisLift' depends on axioms: [propext,
 Classical.choice,
 Quot.sound]
'ASGinzburg.ZAlgebra.ASRegular.incomingBasisSystem' depends on axioms: [propext, Classical.choice, Quot.sound]
'ASGinzburg.ZAlgebra.ASResolution.indecomposablesEquiv' depends on axioms: [propext, Classical.choice, Quot.sound]
'ASGinzburg.ZAlgebra.lastArrowToASFirstTerm_surjective' depends on axioms: [propext, Classical.choice, Quot.sound]
'ASGinzburg.ZAlgebra.unrolledPathLinearEvaluation_lastArrow' depends on axioms: [propext, Classical.choice, Quot.sound]
'ASGinzburg.ZAlgebra.lastArrowRelationGenerators' depends on axioms: [propext, Classical.choice, Quot.sound]
'ASGinzburg.ZAlgebra.lastArrowRelationSpan_eq_cover_ker' depends on axioms: [propext, Classical.choice, Quot.sound]
'ASGinzburg.ZAlgebra.ASResolution.reversedRightDifferential' depends on axioms: [propext, Classical.choice, Quot.sound]
'ASGinzburg.ZAlgebra.ASResolution.leftResolutionBidualTermIso' depends on axioms: [propext,
 Classical.choice,
 Quot.sound]
'ASGinzburg.ZAlgebra.ASResolution.reversedRightComplex_exactAt_low' depends on axioms: [propext,
 Classical.choice,
 Quot.sound]
'ASGinzburg.ZAlgebra.ASResolution.leftResolutionHomComplex_exactAt_low' depends on axioms: [propext,
 Classical.choice,
 Quot.sound]
'ASGinzburg.ZAlgebra.ASResolution.leftExt_other_eq_zero' depends on axioms: [propext, Classical.choice, Quot.sound]
'ASGinzburg.ZAlgebra.leftResolutionExtTopProjection_dual_d₃' depends on axioms: [propext, Classical.choice, Quot.sound]
'ASGinzburg.ZAlgebra.ASResolution.leftBidualTopProjectionEpi' depends on axioms: [propext, Classical.choice, Quot.sound]
'ASGinzburg.ZAlgebra.ASResolution.leftBidualTopProjection_exact' depends on axioms: [propext,
 Classical.choice,
 Quot.sound]
'ASGinzburg.ZAlgebra.ASRegular.leftExt_other_eq_zero' depends on axioms: [propext, Classical.choice, Quot.sound]
'ASGinzburg.ZAlgebra.ASResolution.leftResolutionTerm' depends on axioms: [propext, Classical.choice, Quot.sound]
'ASGinzburg.ZAlgebra.ASResolution.leftResolutionComplex' depends on axioms: [propext, Classical.choice, Quot.sound]
'ASGinzburg.ZAlgebra.ASResolution.leftResolutionComplex_exactAt_succ' depends on axioms: [propext,
 Classical.choice,
 Quot.sound]
'ASGinzburg.ZAlgebra.ASResolution.leftResolutionProjection_differential' depends on axioms: [propext,
 Classical.choice,
 Quot.sound]
'ASGinzburg.ZAlgebra.ASResolution.leftResolutionAugmentationQuasiIso' depends on axioms: [propext,
 Classical.choice,
 Quot.sound]
'ASGinzburg.ZAlgebra.ASResolution.leftResolutionComplex_isZero_ge_four' depends on axioms: [propext,
 Classical.choice,
 Quot.sound]
'ASGinzburg.ZAlgebra.ASResolution.d₁_component_eq_zero_of_ge' depends on axioms: [propext, Classical.choice, Quot.sound]
'ASGinzburg.ZAlgebra.presentationMinimalRelationFirstKernelTopEquiv_all' depends on axioms: [propext,
 Classical.choice,
 Quot.sound]
'ASGinzburg.ZAlgebra.pathRelationsToASFirstKernelTop_surjective' depends on axioms: [propext,
 Classical.choice,
 Quot.sound]
'ASGinzburg.ZAlgebra.presentationKernel_elem_eq_zero_of_ge' depends on axioms: [propext, Classical.choice, Quot.sound]
'ASGinzburg.CutQuiver.unrolledComponentHeightEquiv_mem_filtration_iff' depends on axioms: [propext,
 Classical.choice,
 Quot.sound]
'ASGinzburg.CutQuiver.UnrolledPath' does not depend on any axioms
'ASGinzburg.CutQuiver.UnrolledPath.nil_comp' depends on axioms: [propext]
'ASGinzburg.ZAlgebra.unrolledPathEvaluation_comp' depends on axioms: [propext, Classical.choice, Quot.sound]
'ASGinzburg.ZAlgebra.unrolledPathLinearEvaluation_snoc' depends on axioms: [propext, Classical.choice, Quot.sound]
'ASGinzburg.ZAlgebra.pathRelationsToCategoricalASFirstKernel_action' depends on axioms: [propext,
 Classical.choice,
 Quot.sound]
'ASGinzburg.ZAlgebra.ASRegular.negativePeriodIso' depends on axioms: [propext, Classical.choice, Quot.sound]
'ASGinzburg.ZAlgebra.ASRegular.isPeriodic' depends on axioms: [propext, Classical.choice, Quot.sound]
'ASGinzburg.ZAlgebra.MinimalPathPresentation' depends on axioms: [propext, Classical.choice, Quot.sound]
'ASGinzburg.ZAlgebra.ASRegular.presentationQuotientIso' depends on axioms: [propext, Classical.choice, Quot.sound]
'ASGinzburg.CutQuiver.ideal_diagonal_eq_bot_of_le_arrow_square' depends on axioms: [propext,
 Classical.choice,
 Quot.sound]
'ASGinzburg.ZAlgebra.ASRegular.resolution' depends on axioms: [propext, Classical.choice, Quot.sound]
'ASGinzburg.ZAlgebra.asExtRank_le_total' depends on axioms: [propext, Classical.choice, Quot.sound]
'ASGinzburg.ZAlgebra.ASRegular.extFinrank_le_one' depends on axioms: [propext, Classical.choice, Quot.sound]
'ASGinzburg.asRegularIsomorphismSetoid' depends on axioms: [propext, Classical.choice, Quot.sound]
'ASGinzburg.ASRegularAlgebra.isomorphismClass_eq_iff' depends on axioms: [propext, Classical.choice, Quot.sound]
'ASGinzburg.ZAlgebra.Isomorphism.asRegular_iff' depends on axioms: [propext, Classical.choice, Quot.sound]
'ASGinzburg.ZAlgebra.ASRegular.foundationMinimalRelation_finrank' depends on axioms: [propext,
 Classical.choice,
 Quot.sound]
'ASGinzburg.ZAlgebra.ASRegular.foundationRelationLift_ambient_decomposition' depends on axioms: [propext,
 Classical.choice,
 Quot.sound]
'ASGinzburg.ZAlgebra.pathRelationArrowProduct_eq_lastArrowSpan' depends on axioms: [propext,
 Classical.choice,
 Quot.sound]
'ASGinzburg.ZAlgebra.ASResolution.secondSyzygyTopBasis' depends on axioms: [propext, Classical.choice, Quot.sound]
'ASGinzburg.ZAlgebra.pathRelationHeightEquiv' depends on axioms: [propext, Classical.choice, Quot.sound]
'ASGinzburg.CutQuiver.incomingArrows' does not depend on any axioms
'ASGinzburg.CutQuiver.outgoingArrowsFintype' depends on axioms: [propext, Classical.choice, Quot.sound]
'ASGinzburg.CutQuiver.incoming_liftedTarget' depends on axioms: [propext]
'ASGinzburg.CutQuiver.outgoingTarget_height_gt' depends on axioms: [propext, Classical.choice, Quot.sound]
'ASGinzburg.ZAlgebra.asResolutionTerm₂' depends on axioms: [propext, Classical.choice, Quot.sound]
'ASGinzburg.ZAlgebra.ASResolution' depends on axioms: [propext, Classical.choice, Quot.sound]
'ASGinzburg.ZAlgebra.ASResolution.hom_d₃_simple_zero' depends on axioms: [propext, Classical.choice, Quot.sound]
'ASGinzburg.ZAlgebra.ASResolution.complexDifferential_sq' depends on axioms: [propext, Classical.choice, Quot.sound]
'ASGinzburg.ZAlgebra.ASResolution.complex_exactAt_succ' depends on axioms: [propext, Classical.choice, Quot.sound]
'ASGinzburg.ZAlgebra.ASResolution.toProjectiveResolution' depends on axioms: [propext, Classical.choice, Quot.sound]
'ASGinzburg.ZAlgebra.ASResolution.extShiftThree' depends on axioms: [propext, Classical.choice, Quot.sound]
'ASGinzburg.ZAlgebra.rightModuleExtZeroPreservesColimits' depends on axioms: [propext, Classical.choice, Quot.sound]
'ASGinzburg.ZAlgebra.ASResolution.firstSyzygyHomPreservesColimits' depends on axioms: [propext,
 Classical.choice,
 Quot.sound]
'ASGinzburg.ZAlgebra.ASResolution.firstSyzygyExtOnePreservesColimits' depends on axioms: [propext,
 Classical.choice,
 Quot.sound]
'ASGinzburg.ZAlgebra.ASResolution.simpleExtThreePreservesColimits' depends on axioms: [propext,
 Classical.choice,
 Quot.sound]
'ASGinzburg.ZAlgebra.ASResolution.simpleExtColimitIso' depends on axioms: [propext, Classical.choice, Quot.sound]
'ASGinzburg.ZAlgebra.ASResolution.simpleExtCoproductIso_inclusion_hom' depends on axioms: [propext,
 Classical.choice,
 Quot.sound]
'ASGinzburg.ZAlgebra.rightModuleExtZeroFinite' depends on axioms: [propext, Classical.choice, Quot.sound]
'ASGinzburg.ZAlgebra.ASResolution.homDifferential' depends on axioms: [propext, Classical.choice, Quot.sound]
'ASGinzburg.ZAlgebra.ASResolution.complexDifferential_minimal' depends on axioms: [propext,
 Classical.choice,
 Quot.sound]
'ASGinzburg.ZAlgebra.ASResolution.homComplex_simple_d_all_zero' depends on axioms: [propext,
 Classical.choice,
 Quot.sound]
'ASGinzburg.ZAlgebra.ASResolution.firstCover' depends on axioms: [propext, Classical.choice, Quot.sound]
'ASGinzburg.ZAlgebra.ASResolution.d₂_firstCover' depends on axioms: [propext, Classical.choice, Quot.sound]
'ASGinzburg.ZAlgebra.ASResolution.secondCover_ι' depends on axioms: [propext, Classical.choice, Quot.sound]
'ASGinzburg.ZAlgebra.ASResolution.exact_d₃_secondCover' depends on axioms: [propext, Classical.choice, Quot.sound]
'ASGinzburg.ZAlgebra.ASResolution.shortExact₂' depends on axioms: [propext, Classical.choice, Quot.sound]
'ASGinzburg.ZAlgebra.Isomorphism.asResolutionTerm₁Iso' depends on axioms: [propext, Classical.choice, Quot.sound]
'ASGinzburg.ZAlgebra.ASResolution.secondCover_radical_image' depends on axioms: [propext, Classical.choice, Quot.sound]
'ASGinzburg.ZAlgebra.ASRegular.foundationZeroCutRelation' depends on axioms: [propext, Classical.choice, Quot.sound]
'ASGinzburg.ZAlgebra.ASRegular.foundationZeroCutRelationIdeal_eq_span' depends on axioms: [propext,
 Classical.choice,
 Quot.sound]
'ASGinzburg.ZAlgebra.ASRegular.foundationZeroCutRingRelationGenerators' depends on axioms: [propext,
 Classical.choice,
 Quot.sound]
'ASGinzburg.algebraCommutatorSubspace' depends on axioms: [propext, Quot.sound]
'ASGinzburg.algebraCyclicMap' depends on axioms: [propext, Classical.choice, Quot.sound]
'ASGinzburg.algebraCyclicEquiv_mk' depends on axioms: [propext, Classical.choice, Quot.sound]
'ASGinzburg.regularEnvelopingModule_eq_bimoduleEnvelopingModule' depends on axioms: [propext, Quot.sound]
'ASGinzburg.bimoduleEnvelopingLinearMap_smul_iff' depends on axioms: [propext, Quot.sound]
'ASGinzburg.algebraHom_op_surjective' depends on axioms: [propext, Quot.sound]
'ASGinzburg.algebraEnvelopingMapKernelTwoSided' depends on axioms: [propext, Quot.sound]
'ASGinzburg.algebraEnvelopingMapQuotientAlgEquiv' depends on axioms: [propext, Classical.choice, Quot.sound]
'ASGinzburg.envelopingLeftScalarTower' depends on axioms: [propext, Quot.sound]
'ASGinzburg.envelopingRightOperator' depends on axioms: [propext, Quot.sound]
'ASGinzburg.algebraHom_opKernel_pow_mem_unop' depends on axioms: [propext, Classical.choice, Quot.sound]
'ASGinzburg.algebraEnvelopingOppositeAlgEquiv' depends on axioms: [propext, Quot.sound]
'ASGinzburg.regularEnvelopingOppositeRestrictionIso' depends on axioms: [propext, Quot.sound]
'ASGinzburg.algebraQuotient_op_surjective' depends on axioms: [propext, Quot.sound]
'ASGinzburg.algebraEnvelopingQuotientKernelTwoSided' depends on axioms: [propext, Quot.sound]
'ASGinzburg.algebraEnvelopingQuotientKernel_eq_sup' depends on axioms: [propext, Classical.choice, Quot.sound]
'ASGinzburg.algebraEnvelopingQuotientAlgEquiv' depends on axioms: [propext, Classical.choice, Quot.sound]
'ASGinzburg.quotientEnvelopingRightKernelIso' depends on axioms: [propext, Classical.choice, Quot.sound]
'ASGinzburg.quotientEnvelopingRightTargetObject' depends on axioms: [propext, Quot.sound]
'ASGinzburg.quotientTensorRightCanonicalFieldEquiv' depends on axioms: [propext, Quot.sound]
'ASGinzburg.quotientTensorRightSourceObject' depends on axioms: [propext, Classical.choice, Quot.sound]
'ASGinzburg.regularEnvelopingGeneratorMap_surjective' depends on axioms: [propext, Quot.sound]
'ASGinzburg.regularRightAlgebraRepresentation' depends on axioms: [propext, Quot.sound]
'ASGinzburg.regularEnvelopingModule' depends on axioms: [propext, Quot.sound]
'ASGinzburg.envelopingLeftModule_regular_eq' depends on axioms: [propext, Quot.sound]
'ASGinzburg.regularEnvelopingLeftModule_eq' depends on axioms: [propext, Quot.sound]
'ASGinzburg.regularEnvelopingLeftRestrictionProjective' depends on axioms: [propext, Classical.choice, Quot.sound]
'ASGinzburg.envelopingLeftRestrictionFunctorPreservesProjectiveObjects' depends on axioms: [propext,
 Classical.choice,
 Quot.sound]
'ASGinzburg.regularEnvelopingScalarTower' depends on axioms: [propext, Quot.sound]
'ASGinzburg.tensorRightEnvelopingAugmentation' depends on axioms: [propext, Classical.choice, Quot.sound]
'ASGinzburg.tensorRightEnvelopingBicomplexRestrictScalarsIso' depends on axioms: [propext, Classical.choice, Quot.sound]
'ASGinzburg.tensorRightEnvelopingBifunctor' depends on axioms: [propext, Classical.choice, Quot.sound]
'ASGinzburg.tensorRightEnvelopingBifunctor_map_app_tmul' depends on axioms: [propext, Classical.choice, Quot.sound]
'ASGinzburg.tensorRightEnvelopingFinsuppDistribution' depends on axioms: [propext, Classical.choice, Quot.sound]
'ASGinzburg.tensorRightEnvelopingFinsuppEquiv_single_tmul_single' depends on axioms: [propext,
 Classical.choice,
 Quot.sound]
'ASGinzburg.rightRegularUnopLinearEquiv' depends on axioms: [propext, Quot.sound]
'ASGinzburg.tensorRightEnvelopingRegularLinearEquiv_tmul' depends on axioms: [propext, Quot.sound]
'ASGinzburg.tensorRightEnvelopingRegular_free' depends on axioms: [propext, Classical.choice, Quot.sound]
'ASGinzburg.tensorRightEnvelopingResolution' depends on axioms: [propext, Classical.choice, Quot.sound]
'ASGinzburg.tensorRightEnvelopingRestrictScalarsIso' depends on axioms: [propext, Classical.choice, Quot.sound]
'ASGinzburg.tensorRightEnvelopingMap' depends on axioms: [propext, Quot.sound]
'ASGinzburg.tensorRightEnvelopingMap_id' depends on axioms: [propext, Quot.sound]
'ASGinzburg.tensorRightEnvelopingRepresentation_tmul' depends on axioms: [propext, Quot.sound]
'ASGinzburg.tensorRightEnvelopingScalarTower' depends on axioms: [propext, Quot.sound]
'ASGinzburg.tensorRightEnvelopingBicomplex_projective' depends on axioms: [propext, Classical.choice, Quot.sound]
'ASGinzburg.tensorRightEnvelopingTotalRestrictScalarsIso' depends on axioms: [propext, Classical.choice, Quot.sound]
'ASGinzburg.algebraHomologicallySmooth_of_finiteFourTermResolution' depends on axioms: [propext,
 Classical.choice,
 Quot.sound]
'ASGinzburg.algebraModuleRestrictScalarsIso' depends on axioms: [propext, Quot.sound]
'ASGinzburg.ZAlgebra.arrowPathIndecomposableMap' depends on axioms: [propext, Classical.choice, Quot.sound]
'ASGinzburg.ZAlgebra.IncomingBasisSystem.pathIndecomposableMap_singleArrow' depends on axioms: [propext,
 Classical.choice,
 Quot.sound]
'ASGinzburg.ZAlgebra.IncomingElementFamily' depends on axioms: [propext, Classical.choice, Quot.sound]
'ASGinzburg.ZAlgebra.arrowPathLinearEvaluation' depends on axioms: [propext, Classical.choice, Quot.sound]
'ASGinzburg.ZAlgebra.arrowPathLinearEvaluation_id' depends on axioms: [propext, Classical.choice, Quot.sound]
'ASGinzburg.ZAlgebra.arrowPathPresentationMap_id' depends on axioms: [propext, Classical.choice, Quot.sound]
'ASGinzburg.ZAlgebra.IncomingBasisSystem.pathPresentation_surjective' depends on axioms: [propext,
 Classical.choice,
 Quot.sound]
'ASGinzburg.ZAlgebra.Homomorphism.arrowPathLinearEvaluation_natural' depends on axioms: [propext,
 Classical.choice,
 Quot.sound]
'ASGinzburg.balancedTensorModuleHomEquiv' depends on axioms: [propext, Classical.choice, Quot.sound]
'ASGinzburg.balancedTensorAdjunction_unit_apply' depends on axioms: [propext, Classical.choice, Quot.sound]
'ASGinzburg.balancedTensorBifunctor_obj_additive' depends on axioms: [propext, Classical.choice, Quot.sound]
'ASGinzburg.balancedTensorBifunctor_obj_map_tmul' depends on axioms: [propext, Classical.choice, Quot.sound]
'ASGinzburg.balancedTensorFlippedBifunctor_additive' depends on axioms: [propext, Classical.choice, Quot.sound]
'ASGinzburg.balancedTensorDoubleResolutionLeftAugmentation' depends on axioms: [propext, Classical.choice, Quot.sound]
'ASGinzburg.balancedTensorDoubleResolutionTorRightIso' depends on axioms: [propext, Classical.choice, Quot.sound]
'ASGinzburg.balancedTensorDoubleResolutionRowPreservesEpimorphisms' depends on axioms: [propext,
 Classical.choice,
 Quot.sound]
'ASGinzburg.balancedTensorDoubleResolutionHomologyIso' depends on axioms: [propext, Classical.choice, Quot.sound]
'ASGinzburg.balancedTensorEnvelopingPairEvaluation' depends on axioms: [propext, Quot.sound]
'ASGinzburg.balancedTensorEnvelopingComparisonMap' depends on axioms: [propext, Classical.choice, Quot.sound]
'ASGinzburg.balancedTensorEnvelopingInsertion_balance' depends on axioms: [propext, Quot.sound]
'ASGinzburg.balancedTensorEnvelopingComparisonEquiv' depends on axioms: [propext, Classical.choice, Quot.sound]
'ASGinzburg.balancedTensorEnvelopingTensorScalarIso_hom_tmul' depends on axioms: [propext, Classical.choice, Quot.sound]
'ASGinzburg.balancedTensorEnvelopingModuleIso_naturality' depends on axioms: [propext, Classical.choice, Quot.sound]
'ASGinzburg.balancedTensorEnvelopingTensorScalarIso_naturality' depends on axioms: [propext,
 Classical.choice,
 Quot.sound]
'ASGinzburg.balancedTensorEnvelopingSecondTor_finite_of_resolution_term' depends on axioms: [propext,
 Classical.choice,
 Quot.sound]
'ASGinzburg.balancedTensorEnvelopingTotalIso' depends on axioms: [propext, Classical.choice, Quot.sound]
'ASGinzburg.balancedTensorFieldModuleChangeIso_naturality' depends on axioms: [propext, Classical.choice, Quot.sound]
'ASGinzburg.balancedTensorHomAddCommGroup' depends on axioms: [propext, Quot.sound]
'ASGinzburg.balancedTensorHomLinearEquiv' depends on axioms: [propext, Quot.sound]
'ASGinzburg.balancedTensorHom_ext' depends on axioms: [propext, Quot.sound]
'ASGinzburg.balancedTensorHom_smul_k_apply' depends on axioms: [propext, Quot.sound]
'ASGinzburg.balancedTensorHomIsScalarTower' depends on axioms: [propext, Quot.sound]
'ASGinzburg.balancedTensorCurry_apply' depends on axioms: [propext, Quot.sound]
'ASGinzburg.balancedTensorUncurry_tmul' depends on axioms: [propext, Classical.choice, Quot.sound]
'ASGinzburg.balancedTensorHomFunctorAdditive' depends on axioms: [propext, Quot.sound]
'ASGinzburg.balancedTensorCurry_naturality_source' depends on axioms: [propext, Classical.choice, Quot.sound]
'ASGinzburg.balancedTensorLeftSwapIso' depends on axioms: [propext, Classical.choice, Quot.sound]
'ASGinzburg.balancedTensorTorLeftFieldModuleChangeIso' depends on axioms: [propext, Classical.choice, Quot.sound]
'ASGinzburg.balancedTensorLeftFunctor' depends on axioms: [propext, Classical.choice, Quot.sound]
'ASGinzburg.balancedTensorMapLeft' depends on axioms: [propext, Classical.choice, Quot.sound]
'ASGinzburg.balancedTensorDoubleOppositeModule_projective' depends on axioms: [propext, Classical.choice, Quot.sound]
'ASGinzburg.balancedTensorLeftFunctor_map_exact' depends on axioms: [propext, Classical.choice, Quot.sound]
'ASGinzburg.balancedTensorLeftIdealAction' depends on axioms: [propext, Quot.sound]
'ASGinzburg.balancedTensorLeftQuotientCoefficient' depends on axioms: [propext, Classical.choice, Quot.sound]
'ASGinzburg.balancedTensorLeftQuotientMap' depends on axioms: [propext, Classical.choice, Quot.sound]
'ASGinzburg.balancedTensorLeftQuotientInverse_mk' depends on axioms: [propext, Classical.choice, Quot.sound]
'ASGinzburg.balancedTensorLeftUnitInverse' depends on axioms: [propext, Quot.sound]
'ASGinzburg.balancedTensorMinimalComplexHomologyIso' depends on axioms: [propext, Classical.choice, Quot.sound]
'ASGinzburg.balancedTensorTmul_eq_zero_of_action_span' depends on axioms: [propext, Classical.choice, Quot.sound]
'ASGinzburg.balancedTensorDualCurry_apply' depends on axioms: [propext, Classical.choice, Quot.sound]
'ASGinzburg.balancedTensorDualRestrict_surjective' depends on axioms: [propext, Classical.choice, Quot.sound]
'ASGinzburg.balancedTensorFunctional_exists_extension' depends on axioms: [propext, Classical.choice, Quot.sound]
'ASGinzburg.balancedTensorRightFunctorPreservesHomology' depends on axioms: [propext, Classical.choice, Quot.sound]
'ASGinzburg.balancedTensorIdealAction_mem' depends on axioms: [propext, Quot.sound]
'ASGinzburg.balancedTensorQuotientScalar' depends on axioms: [propext, Quot.sound]
'ASGinzburg.balancedTensorQuotientBilinear' depends on axioms: [propext, Classical.choice, Quot.sound]
'ASGinzburg.balancedTensorQuotientInverse' depends on axioms: [propext, Classical.choice, Quot.sound]
'ASGinzburg.balancedTensorQuotientEquiv_tmul_mk' depends on axioms: [propext, Classical.choice, Quot.sound]
'ASGinzburg.balancedTensorTorRightFieldModuleChangeIso' depends on axioms: [propext, Classical.choice, Quot.sound]
'ASGinzburg.balancedTensorRightFunctor' depends on axioms: [propext, Classical.choice, Quot.sound]
'ASGinzburg.balancedTensorMapRight_id' depends on axioms: [propext, Classical.choice, Quot.sound]
'ASGinzburg.balancedTensorMapRight_smul' depends on axioms: [propext, Classical.choice, Quot.sound]
'ASGinzburg.balancedTensorTmul_eq_zero_of_left_action_span' depends on axioms: [propext, Classical.choice, Quot.sound]
'ASGinzburg.balancedTensorTorRightMinimalResolutionIso' depends on axioms: [propext, Classical.choice, Quot.sound]
'ASGinzburg.balancedTensorTorRightMinimalTopIso' depends on axioms: [propext, Classical.choice, Quot.sound]
'ASGinzburg.balancedTensorRightUnitBilinear' depends on axioms: [propext, Quot.sound]
'ASGinzburg.balancedTensorRightUnitMap_tmul' depends on axioms: [propext, Classical.choice, Quot.sound]
'ASGinzburg.balancedTensorScalarRestrictionMap' depends on axioms: [propext, Classical.choice, Quot.sound]
'ASGinzburg.balancedTensorRelations' depends on axioms: [propext, Quot.sound]
'ASGinzburg.balancedTensorTmul_balance' depends on axioms: [propext, Quot.sound]
'ASGinzburg.balancedTensorDoubleOppositeModule' depends on axioms: [propext, Quot.sound]
'ASGinzburg.balancedTensorSwapMap' depends on axioms: [propext, Classical.choice, Quot.sound]
'ASGinzburg.balancedTensorSwapInverse_tmul' depends on axioms: [propext, Classical.choice, Quot.sound]
'ASGinzburg.balancedTensorSwapEquiv_symm_tmul' depends on axioms: [propext, Classical.choice, Quot.sound]
'ASGinzburg.balancedTensorSwapMap_naturality' depends on axioms: [propext, Classical.choice, Quot.sound]
'ASGinzburg.balancedTensorTorZeroIso' depends on axioms: [propext, Classical.choice, Quot.sound]
'ASGinzburg.balancedTensorTorBalanceObjIso' depends on axioms: [propext, Classical.choice, Quot.sound]
'ASGinzburg.balancedTensorTorLeftFunctor' depends on axioms: [propext, Classical.choice, Quot.sound]
'ASGinzburg.balancedTensorTorLeftResolutionIso' depends on axioms: [propext, Classical.choice, Quot.sound]
'ASGinzburg.balancedTensorTorLeftZeroDifferentialsIso' depends on axioms: [propext, Classical.choice, Quot.sound]
'ASGinzburg.balancedTensorTorMinimalResolutionIso' depends on axioms: [propext, Classical.choice, Quot.sound]
'ASGinzburg.balancedTensorRight_projective_resolution_exactAt' depends on axioms: [propext,
 Classical.choice,
 Quot.sound]
'ASGinzburg.balancedTensorTorZeroDifferentialsIso' depends on axioms: [propext, Classical.choice, Quot.sound]
'ASGinzburg.balancedTensorTotal_isZero_homology_of_bounded_resolution' depends on axioms: [propext,
 Classical.choice,
 Quot.sound]
'ASGinzburg.balancedTensorBilinear' depends on axioms: [propext, Quot.sound]
'ASGinzburg.ZAlgebra.basedArrowPathIndecomposableMap_eq_linearCombination' depends on axioms: [propext,
 Classical.choice,
 Quot.sound]
'ASGinzburg.ZAlgebra.basedArrowPathLinearEvaluation_ker_le_long' depends on axioms: [propext,
 Classical.choice,
 Quot.sound]
'ASGinzburg.ZAlgebra.incomingElementGenerator_mem_path_range' depends on axioms: [propext, Classical.choice, Quot.sound]
'ASGinzburg.CutQuiver.betweenSheetProjectionMap' depends on axioms: [propext, Classical.choice, Quot.sound]
'ASGinzburg.CutQuiver.betweenSheetProjectionMap_mem_liftIdeal' depends on axioms: [propext,
 Classical.choice,
 Quot.sound]
'ASGinzburg.CutQuiver.betweenSheetLinearEquiv_symm_coe' depends on axioms: [propext, Classical.choice, Quot.sound]
'ASGinzburg.CutQuiver.betweenSheetLinearEquiv_comp' depends on axioms: [propext, Classical.choice, Quot.sound]
'ASGinzburg.bifunctorTotal_exactAt_of_bounded_left' depends on axioms: [propext, Classical.choice, Quot.sound]
'ASGinzburg.bicomplexTotal_ι_projection_same' depends on axioms: [propext, Classical.choice, Quot.sound]
'ASGinzburg.bicomplexTotal_projection_ι_apply_ne' depends on axioms: [propext, Classical.choice, Quot.sound]
'ASGinzburg.bicomplexTotal_decomposition_apply' depends on axioms: [propext, Classical.choice, Quot.sound]
'ASGinzburg.bicomplexTotal_d_projection' depends on axioms: [propext, Classical.choice, Quot.sound]
'ASGinzburg.bicomplexTotal_ext' depends on axioms: [propext, Classical.choice, Quot.sound]
'ASGinzburg.bicomplexTotalFunctorXIso' depends on axioms: [propext, Classical.choice, Quot.sound]
'ASGinzburg.d₁_bicomplexTotalFunctorXIso_inv' depends on axioms: [propext, Classical.choice, Quot.sound]
'ASGinzburg.bicomplexTotalFunctorIso' depends on axioms: [propext, Classical.choice, Quot.sound]
'ASGinzburg.ι_bicomplexTotalFunctorIso_inv_f' depends on axioms: [propext, Classical.choice, Quot.sound]
'ASGinzburg.bicomplexTotalFunctorIso_hom_naturality' depends on axioms: [propext, Classical.choice, Quot.sound]
'ASGinzburg.bicomplexTotal_maximal_row_cycle' depends on axioms: [propext, Classical.choice, Quot.sound]
'ASGinzburg.bicomplexTotal_cycle_boundary_of_support' depends on axioms: [propext, Classical.choice, Quot.sound]
'ASGinzburg.bicomplexTotal_quasiIso_g_of_shortExact_rows' depends on axioms: [propext, Classical.choice, Quot.sound]
'ASGinzburg.bicomplexTotalProjection_naturality_apply' depends on axioms: [propext, Classical.choice, Quot.sound]
'ASGinzburg.bicomplexTotalFunctor_additive' depends on axioms: [propext, Classical.choice, Quot.sound]
'ASGinzburg.bicomplexTotal_shortExact' depends on axioms: [propext, Classical.choice, Quot.sound]
'ASGinzburg.bifunctorTotalMap_comp' depends on axioms: [propext, Classical.choice, Quot.sound]
'ASGinzburg.bifunctorTotalResolutionHomotopyEquiv_hom' depends on axioms: [propext, Classical.choice, Quot.sound]
'ASGinzburg.bifunctorTotalResolutionLeftHomotopyEquiv' depends on axioms: [propext, Classical.choice, Quot.sound]
'ASGinzburg.bifunctorTotalRightResolutionAugmentation' depends on axioms: [propext, Classical.choice, Quot.sound]
'ASGinzburg.bifunctorTotalRightResolutionHomologyIso' depends on axioms: [propext, Classical.choice, Quot.sound]
'ASGinzburg.mapBifunctorSingleLeftBicomplex' depends on axioms: [propext, Classical.choice, Quot.sound]
'ASGinzburg.mapBifunctorSingleLeft_hasTotal' depends on axioms: [propext, Classical.choice, Quot.sound]
'ASGinzburg.mapBifunctorSingleLeftXIso_inv_comm' depends on axioms: [propext, Classical.choice, Quot.sound]
'ASGinzburg.ι_mapBifunctorSingleLeftIso_hom_f' depends on axioms: [propext, Classical.choice, Quot.sound]
'ASGinzburg.mapBifunctorSingleRightBicomplex' depends on axioms: [propext, Classical.choice, Quot.sound]
'ASGinzburg.mapBifunctorSingleRight_hasTotal' depends on axioms: [propext, Classical.choice, Quot.sound]
'ASGinzburg.mapBifunctorSingleRightXIso_inv_comm' depends on axioms: [propext, Classical.choice, Quot.sound]
'ASGinzburg.ι_mapBifunctorSingleRightIso_hom_f' depends on axioms: [propext, Classical.choice, Quot.sound]
'ASGinzburg.reverseCochainHomotopyFunctor_bounded' depends on axioms: [propext, Classical.choice, Quot.sound]
'ASGinzburg.ZAlgebra.boundedCochainFiniteProjectiveADualEquivalence' depends on axioms: [propext,
 Classical.choice,
 Quot.sound]
'ASGinzburg.moduleChain_exists_signed_boundary' depends on axioms: [propext, Classical.choice, Quot.sound]
'ASGinzburg.complexShortExact_quasiIso_g_iff_acyclic_kernel' depends on axioms: [propext, Classical.choice, Quot.sound]
'ASGinzburg.CutQuiver.potentialClasses' depends on axioms: [propext, Quot.sound]
'ASGinzburg.CutQuiver.traceWord_mem_potentialSpace' depends on axioms: [propext, Classical.choice, Quot.sound]
'ASGinzburg.CutQuiver.cut_cyclic_derivative_potential_identity' depends on axioms: [propext,
 Classical.choice,
 Quot.sound]
'ASGinzburg.reverseCochainFunctor' depends on axioms: [propext, Classical.choice, Quot.sound]
'ASGinzburg.reverseChainUnitIso' depends on axioms: [propext, Classical.choice, Quot.sound]
'ASGinzburg.conjugateHom_apply' depends on axioms: [propext, Classical.choice, Quot.sound]
'ASGinzburg.coproductDropZeroIso' depends on axioms: [propext, Classical.choice, Quot.sound]
'ASGinzburg.ZAlgebra.rightFiniteCoproduct_radical_map' depends on axioms: [propext, Classical.choice, Quot.sound]
'ASGinzburg.ZAlgebra.rightFiniteCoproduct_inclusion_projection' depends on axioms: [propext,
 Classical.choice,
 Quot.sound]
'ASGinzburg.ZAlgebra.rightFiniteCoproductComponentIso_lof_inv' depends on axioms: [propext,
 Classical.choice,
 Quot.sound]
'ASGinzburg.ZAlgebra.rightFiniteCoproductPiEquiv_single_symm' depends on axioms: [propext, Classical.choice, Quot.sound]
'ASGinzburg.derivativeWord_cut_cons' depends on axioms: [propext, Classical.choice, Quot.sound]
'ASGinzburg.CyclicPolynomial' depends on axioms: [propext, Classical.choice, Quot.sound]
'ASGinzburg.wordClass_append_swap' depends on axioms: [propext, Quot.sound]
'ASGinzburg.wordCutDegree_append' depends on axioms: [propext]
'ASGinzburg.reconstructAux_euler' depends on axioms: [propext, Classical.choice, Quot.sound]
'ASGinzburg.cut_euler_identity' depends on axioms: [propext, Classical.choice, Quot.sound]
'ASGinzburg.CutQuiver' does not depend on any axioms
'ASGinzburg.CutQuiver.LiftVertex' does not depend on any axioms
'ASGinzburg.CutQuiver.height' does not depend on any axioms
'ASGinzburg.CutQuiver.heightEquiv_apply' depends on axioms: [propext, Classical.choice, Quot.sound]
'ASGinzburg.CutQuiver.tau' depends on axioms: [propext]
'ASGinzburg.CutQuiver.cutDegree_false' depends on axioms: [propext]
'ASGinzburg.CutQuiver.winding_lt_period' depends on axioms: [propext, Classical.choice, Quot.sound]
'ASGinzburg.CutQuiver.lifted_height_difference' depends on axioms: [propext, Quot.sound]
'ASGinzburg.CutQuiver.Path' does not depend on any axioms
'ASGinzburg.CutQuiver.Path.winding' does not depend on any axioms
'ASGinzburg.CutQuiver.Path.winding_eq' depends on axioms: [propext, Classical.choice, Quot.sound]
'ASGinzburg.CutQuiver.Path.zero_cut_increases_vertex' depends on axioms: [propext, Classical.choice, Quot.sound]
'ASGinzburg.derivativeAux' depends on axioms: [propext, Classical.choice, Quot.sound]
'ASGinzburg.derivativeWord_append_swap' depends on axioms: [propext, Classical.choice, Quot.sound]
'ASGinzburg.derivativeCyclicWord_mk' depends on axioms: [propext, Classical.choice, Quot.sound]
'ASGinzburg.prependTrace_single' depends on axioms: [propext, Classical.choice, Quot.sound]
'ASGinzburg.cyclicCutReconstruction' depends on axioms: [propext, Classical.choice, Quot.sound]
'ASGinzburg.cyclicCutReconstruction_comp_trace' depends on axioms: [propext, Classical.choice, Quot.sound]
'ASGinzburg.appendWord' depends on axioms: [propext, Classical.choice, Quot.sound]
'ASGinzburg.derivativeAux_commutator' depends on axioms: [propext, Classical.choice, Quot.sound]
'ASGinzburg.derivativeAux_supported_degrees' depends on axioms: [propext, Classical.choice, Quot.sound]
'ASGinzburg.appendWord_coeff' depends on axioms: [propext, Classical.choice, Quot.sound]
'ASGinzburg.reverseWordPolynomial_single' depends on axioms: [propext, Classical.choice, Quot.sound]
'ASGinzburg.derivativeCyclicWord_reverse' depends on axioms: [propext, Classical.choice, Quot.sound]
'ASGinzburg.cyclicHessianWord_reverse' depends on axioms: [propext, Classical.choice, Quot.sound]
'ASGinzburg.stripFirstWord_apply' depends on axioms: [propext, Classical.choice, Quot.sound]
'ASGinzburg.cyclicHessianWord_apply' depends on axioms: [propext, Classical.choice, Quot.sound]
'ASGinzburg.reverseCyclicWord' depends on axioms: [propext, Classical.choice, Quot.sound]
'ASGinzburg.reverseCyclicWordEquiv' depends on axioms: [propext, Classical.choice, Quot.sound]
'ASGinzburg.reverseCyclicPolynomial_traceWord' depends on axioms: [propext, Classical.choice, Quot.sound]
'ASGinzburg.directSumDualInto_eval_lof' depends on axioms: [propext, Classical.choice, Quot.sound]
'ASGinzburg.directSumDualIntoEquiv' depends on axioms: [propext, Classical.choice, Quot.sound]
'ASGinzburg.moduleCatDirectSumDualIntoLinearMap_bijective' depends on axioms: [propext, Classical.choice, Quot.sound]
'ASGinzburg.directSumGradeEquiv' depends on axioms: [propext, Classical.choice, Quot.sound]
'ASGinzburg.directSumGradeDecomposition' depends on axioms: [propext, Classical.choice, Quot.sound]
'ASGinzburg.directSumModuleSwapMap_of_of' depends on axioms: [propext, Classical.choice, Quot.sound]
'ASGinzburg.directSumHomogeneousSpace' depends on axioms: [propext, Classical.choice, Quot.sound]
'ASGinzburg.directSumHomogeneousDecompose_lof' depends on axioms: [propext, Classical.choice, Quot.sound]
'ASGinzburg.directSumRangeGradeDecomposition' depends on axioms: [propext, Classical.choice, Quot.sound]
'ASGinzburg.ZAlgebra.rightResolutionDualTermMap_comm' depends on axioms: [propext, Classical.choice, Quot.sound]
'ASGinzburg.ZAlgebra.leftResolutionDualTermMap' depends on axioms: [propext, Classical.choice, Quot.sound]
'ASGinzburg.ZAlgebra.leftResolutionDualComplexMap_augmentation' depends on axioms: [propext,
 Classical.choice,
 Quot.sound]
'ASGinzburg.envelopingBalancedTensorForgetComponent' depends on axioms: [propext, Classical.choice, Quot.sound]
'ASGinzburg.envelopingBalancedTensorHomRightScalarTower' depends on axioms: [propext, Quot.sound]
'ASGinzburg.envelopingBalancedTensorHomModule_tmul_apply' depends on axioms: [propext, Quot.sound]
'ASGinzburg.envelopingBalancedTensorCurry_apply' depends on axioms: [propext, Classical.choice, Quot.sound]
'ASGinzburg.envelopingBalancedTensorUncurry_tmul' depends on axioms: [propext, Classical.choice, Quot.sound]
'ASGinzburg.envelopingBalancedTensorHomMap_surjective' depends on axioms: [propext, Classical.choice, Quot.sound]
'ASGinzburg.envelopingBalancedTensorRegularFieldEquiv' depends on axioms: [propext, Classical.choice, Quot.sound]
'ASGinzburg.envelopingBalancedTensor_map_augmentation_quasiIso' depends on axioms: [propext,
 Classical.choice,
 Quot.sound]
'ASGinzburg.envelopingBalancedTensorRightActionHom' depends on axioms: [propext, Classical.choice, Quot.sound]
'ASGinzburg.envelopingBalancedTensorRightScalarTower' depends on axioms: [propext, Classical.choice, Quot.sound]
'ASGinzburg.envelopingBalancedTensorRightFunctor' depends on axioms: [propext, Classical.choice, Quot.sound]
'ASGinzburg.leftModule_hasProjectiveDimensionLE_three_of_enveloping_dimension' depends on axioms: [propext,
 Classical.choice,
 Quot.sound]
'ASGinzburg.envelopingResolutionRightProjectiveResolution' depends on axioms: [propext, Classical.choice, Quot.sound]
'ASGinzburg.equivalenceProjectiveResolution' depends on axioms: [propext, Classical.choice, Quot.sound]
'ASGinzburg.exactDerivedEquivalence' depends on axioms: [propext, Classical.choice, Quot.sound]
'ASGinzburg.derivedShiftedHomCongrAddEquiv' depends on axioms: [propext, Classical.choice, Quot.sound]
'ASGinzburg.exactDerivedQhLinear' depends on axioms: [propext, Classical.choice, Quot.sound]
'ASGinzburg.exactDerivedMapLinear' depends on axioms: [propext, Classical.choice, Quot.sound]
'ASGinzburg.exactExtModule' depends on axioms: [propext, Classical.choice, Quot.sound]
'ASGinzburg.mappingCone_descShortComplex_natural' depends on axioms: [propext, Classical.choice, Quot.sound]
'ASGinzburg.extClass_natural' depends on axioms: [propext, Classical.choice, Quot.sound]
'ASGinzburg.ZAlgebra.rightModuleOppositeLinear' depends on axioms: [propext, Classical.choice, Quot.sound]
'ASGinzburg.ZAlgebra.rightModuleExtLeftFunctorAdditive' depends on axioms: [propext, Classical.choice, Quot.sound]
'ASGinzburg.ZAlgebra.leftModuleExtRightFunctorAdditive' depends on axioms: [propext, Classical.choice, Quot.sound]
'ASGinzburg.ZAlgebra.rightModuleExtLeftShortComplex' depends on axioms: [propext, Classical.choice, Quot.sound]
'ASGinzburg.ZAlgebra.leftModuleExtPrecompRight_zero' depends on axioms: [propext, Classical.choice, Quot.sound]
'ASGinzburg.ZAlgebra.leftModuleExtRightShortComplex_three_shortExact' depends on axioms: [propext,
 Classical.choice,
 Quot.sound]
'ASGinzburg.total_dimension_single' depends on axioms: [propext, Classical.choice, Quot.sound]
'ASGinzburg.finiteBiproduct_hasProjectiveDimensionLT' depends on axioms: [propext, Classical.choice, Quot.sound]
'ASGinzburg.finiteBiproduct_quasiIso' depends on axioms: [propext, Classical.choice, Quot.sound]
'ASGinzburg.finiteBiproductProjectiveResolution_isZero' depends on axioms: [propext, Classical.choice, Quot.sound]
'ASGinzburg.LinearComponentAlgebra' depends on axioms: [propext, Classical.choice, Quot.sound]
'ASGinzburg.LinearComponentAlgebra.totalOne' depends on axioms: [propext, Classical.choice, Quot.sound]
'ASGinzburg.LinearComponentAlgebra.totalOne_mul' depends on axioms: [propext, Classical.choice, Quot.sound]
'ASGinzburg.LinearComponentAlgebra.totalMul_add' depends on axioms: [propext, Classical.choice, Quot.sound]
'ASGinzburg.LinearComponentAlgebra.totalOneInst' depends on axioms: [propext, Classical.choice, Quot.sound]
'ASGinzburg.LinearComponentAlgebra.Isomorphism' depends on axioms: [propext, Classical.choice, Quot.sound]
'ASGinzburg.LinearComponentAlgebra.Isomorphism.totalLinearEquiv_mul' depends on axioms: [propext,
 Classical.choice,
 Quot.sound]
'ASGinzburg.LinearComponentAlgebra.totalLinearMapOfComponents_one' depends on axioms: [propext,
 Classical.choice,
 Quot.sound]
'ASGinzburg.LinearComponentAlgebra.totalAlgEquivOfComponents' depends on axioms: [propext, Classical.choice, Quot.sound]
'ASGinzburg.LinearComponentAlgebra.totalComponent_apply_same' depends on axioms: [propext, Classical.choice, Quot.sound]
'ASGinzburg.LinearComponentAlgebra.totalComponent_mul_of_ne' depends on axioms: [propext, Classical.choice, Quot.sound]
'ASGinzburg.LinearComponentAlgebra.totalComponentLinear_apply' depends on axioms: [propext,
 Classical.choice,
 Quot.sound]
'ASGinzburg.LinearComponentAlgebra.totalIdempotent_mul_ne' depends on axioms: [propext, Classical.choice, Quot.sound]
'ASGinzburg.LinearComponentAlgebra.totalComponent_mul_idempotent' depends on axioms: [propext,
 Classical.choice,
 Quot.sound]
'ASGinzburg.ZAlgebra.rightFiniteCoproductPiEquiv_action' depends on axioms: [propext, Classical.choice, Quot.sound]
'ASGinzburg.ZAlgebra.rightModuleCoproductHomLimitComponentIso_hom_π' depends on axioms: [propext,
 Classical.choice,
 Quot.sound]
'ASGinzburg.ZAlgebra.rightModuleHomDiagramPreservesColimitsOfShape' depends on axioms: [propext,
 Classical.choice,
 Quot.sound]
'ASGinzburg.ZAlgebra.asResolutionTerm₁HomPreservesColimitsOfShape' depends on axioms: [propext,
 Classical.choice,
 Quot.sound]
'ASGinzburg.ZAlgebra.finiteRepresentableCoproductExtZeroPreservesColimitsOfShape' depends on axioms: [propext,
 Classical.choice,
 Quot.sound]
'ASGinzburg.ZAlgebra.smallModuleCatLimits' depends on axioms: [propext, Classical.choice, Quot.sound]
'ASGinzburg.ZAlgebra.rightFiniteDimensional_coproduct' depends on axioms: [propext, Classical.choice, Quot.sound]
'ASGinzburg.ZAlgebra.rightFiniteDimensionalHasLimitsOfShape' depends on axioms: [propext, Classical.choice, Quot.sound]
'ASGinzburg.ZAlgebra.rightFiniteDimensionalInclusionCreatesColimitsOfShape' depends on axioms: [propext,
 Classical.choice,
 Quot.sound]
'ASGinzburg.ZAlgebra.rightFiniteDimensionalAbelian' depends on axioms: [propext, Classical.choice, Quot.sound]
'ASGinzburg.ZAlgebra.smallLeftModuleLimits' depends on axioms: [propext, Classical.choice, Quot.sound]
'ASGinzburg.ZAlgebra.leftFiniteDimensionalProperty_closedUnderFiniteLimits' depends on axioms: [propext,
 Classical.choice,
 Quot.sound]
'ASGinzburg.ZAlgebra.leftFiniteDimensionalHasColimitsOfShape' depends on axioms: [propext, Classical.choice, Quot.sound]
'ASGinzburg.ZAlgebra.leftFiniteDimensionalHasFiniteProducts' depends on axioms: [propext, Classical.choice, Quot.sound]
'ASGinzburg.ZAlgebra.leftFiniteDimensionalInclusionPreservesFiniteLimits' depends on axioms: [propext,
 Classical.choice,
 Quot.sound]
'ASGinzburg.ZAlgebra.leftFiniteDimensionalExtBidualIso' depends on axioms: [propext, Classical.choice, Quot.sound]
'ASGinzburg.ZAlgebra.leftVertexFiltration_ext_other_eq_zero' depends on axioms: [propext, Classical.choice, Quot.sound]
'ASGinzburg.ZAlgebra.rightVertexFiltration_ext_three_finite' depends on axioms: [propext, Classical.choice, Quot.sound]
'ASGinzburg.ZAlgebra.leftVertexFiltration_ext_three_finite' depends on axioms: [propext, Classical.choice, Quot.sound]
'ASGinzburg.ZAlgebra.LeftFiniteDimensional' depends on axioms: [propext, Classical.choice, Quot.sound]
'ASGinzburg.ZAlgebra.rightFiniteDimensionalExtThreeFunctor' depends on axioms: [propext, Classical.choice, Quot.sound]
'ASGinzburg.ZAlgebra.leftFiniteDimensionalExtThreeFunctorAdditive' depends on axioms: [propext,
 Classical.choice,
 Quot.sound]
'ASGinzburg.ZAlgebra.rightFiniteDimensionalExtBidualIso_natural' depends on axioms: [propext,
 Classical.choice,
 Quot.sound]
'ASGinzburg.ZAlgebra.leftFiniteDimensionalExtBidualNatIso' depends on axioms: [propext, Classical.choice, Quot.sound]
'ASGinzburg.ZAlgebra.rightFiniteDimensionalProperty' depends on axioms: [propext, Classical.choice, Quot.sound]
'ASGinzburg.ZAlgebra.leftFiniteDimensional_finite_support' depends on axioms: [propext, Classical.choice, Quot.sound]
'ASGinzburg.ZAlgebra.rightFiniteDimensional_bounded_support' depends on axioms: [propext, Classical.choice, Quot.sound]
'ASGinzburg.ZAlgebra.leftFiniteDimensional_bounded_support' depends on axioms: [propext, Classical.choice, Quot.sound]
'ASGinzburg.ZAlgebra.rightFiniteDimensional_simple' depends on axioms: [propext, Classical.choice, Quot.sound]
'ASGinzburg.ext_eq_zero_of_isZero_source' depends on axioms: [propext, Classical.choice, Quot.sound]
'ASGinzburg.ZAlgebra.rightModuleExtLeft_isZero_of_isZero' depends on axioms: [propext, Classical.choice, Quot.sound]
'ASGinzburg.ZAlgebra.rightFiniteDimensionalExtThreeFunctorIsEquivalence' depends on axioms: [propext,
 Classical.choice,
 Quot.sound]
'ASGinzburg.ZAlgebra.rightFiniteDimensionalNakayamaFunctorAdditive' depends on axioms: [propext,
 Classical.choice,
 Quot.sound]
'ASGinzburg.ZAlgebra.rightFiniteDimensionalNakayamaPreservesFiniteColimits' depends on axioms: [propext,
 Classical.choice,
 Quot.sound]
'ASGinzburg.ZAlgebra.leftSimple_hasProjectiveDimensionLE' depends on axioms: [propext, Classical.choice, Quot.sound]
'ASGinzburg.ZAlgebra.rightFiniteDimensional_hasProjectiveDimensionLE' depends on axioms: [propext,
 Classical.choice,
 Quot.sound]
'ASGinzburg.ZAlgebra.rightFiniteDimensionalExtCoproductIso_inclusion_hom' depends on axioms: [propext,
 Classical.choice,
 Quot.sound]
'ASGinzburg.ZAlgebra.rightFiniteDimensionalExtRegularCoproductEquiv_inclusion' depends on axioms: [propext,
 Classical.choice,
 Quot.sound]
'ASGinzburg.ZAlgebra.rightFiniteDimensionalExtTotalAlgebraLinearEquiv_action' depends on axioms: [propext,
 Classical.choice,
 Quot.sound]
'ASGinzburg.ZAlgebra.leftFiniteDimensionalSimple' depends on axioms: [propext, Classical.choice, Quot.sound]
'ASGinzburg.ZAlgebra.rightFiniteDimensionalNakayamaSimpleIso' depends on axioms: [propext, Classical.choice, Quot.sound]
'ASGinzburg.ZAlgebra.leftFiniteDimensionalVectorDualFunctor' depends on axioms: [propext, Classical.choice, Quot.sound]
'ASGinzburg.ZAlgebra.finiteDimensionalVectorDualEquivalence' depends on axioms: [propext, Classical.choice, Quot.sound]
'ASGinzburg.ZAlgebra.leftFiniteDimensionalVectorDualFunctorAdditive' depends on axioms: [propext,
 Classical.choice,
 Quot.sound]
'ASGinzburg.ZAlgebra.rightModuleWindow_simple' depends on axioms: [propext, Classical.choice, Quot.sound]
'ASGinzburg.ZAlgebra.rightFiniteDimensionalShortComplex_shortExact' depends on axioms: [propext,
 Classical.choice,
 Quot.sound]
'ASGinzburg.ZAlgebra.RightFiniteWindow' depends on axioms: [propext, Classical.choice, Quot.sound]
'ASGinzburg.ZAlgebra.rightModuleWindow_of_shortExact' depends on axioms: [propext, Classical.choice, Quot.sound]
'ASGinzburg.ZAlgebra.rightFiniteWindowHasLimitsOfShape' depends on axioms: [propext, Classical.choice, Quot.sound]
'ASGinzburg.ZAlgebra.rightFiniteWindowInclusionCreatesColimitsOfShape' depends on axioms: [propext,
 Classical.choice,
 Quot.sound]
'ASGinzburg.ZAlgebra.rightFiniteWindowAbelian' depends on axioms: [propext, Classical.choice, Quot.sound]
'ASGinzburg.FiniteFourTermProjectiveResolution.perfectCochainComplex' depends on axioms: [propext,
 Classical.choice,
 Quot.sound]
'ASGinzburg.FiniteFourTermProjectiveResolution.perfectCochainComplex_perfect' depends on axioms: [propext,
 Classical.choice,
 Quot.sound]
'ASGinzburg.FiniteFourTermProjectiveResolution.ordinaryPerfectModule' depends on axioms: [propext,
 Classical.choice,
 Quot.sound]
'ASGinzburg.FiniteFourTermProjectiveResolution.toProjectiveResolution' depends on axioms: [propext,
 Classical.choice,
 Quot.sound]
'ASGinzburg.finiteFourTermTruncationOfResolution' depends on axioms: [propext, Classical.choice, Quot.sound]
'ASGinzburg.FiniteGradedOrdinaryProjectiveCover' depends on axioms: [propext, Classical.choice, Quot.sound]
'ASGinzburg.finiteHomogeneousComponents' depends on axioms: [propext, Classical.choice, Quot.sound]
'ASGinzburg.exists_finite_homogeneous_idempotent_quotient_basis_lifts' depends on axioms: [propext,
 Classical.choice,
 Quot.sound]
'ASGinzburg.ZAlgebra.rightIndexedFiniteSumADualIso' depends on axioms: [propext, Classical.choice, Quot.sound]
'ASGinzburg.finiteModuleCatCoproduct' depends on axioms: [propext, Classical.choice, Quot.sound]
'ASGinzburg.ZAlgebra.rightFiniteSumBidualEvaluationIsIso' depends on axioms: [propext, Classical.choice, Quot.sound]
'ASGinzburg.ZAlgebra.leftFiniteProjectiveProperty' depends on axioms: [propext, Classical.choice, Quot.sound]
'ASGinzburg.ZAlgebra.rightFiniteProjectiveProperty_of_isZero' depends on axioms: [propext, Classical.choice, Quot.sound]
'ASGinzburg.ZAlgebra.leftFiniteProjectiveProperty_representable' depends on axioms: [propext,
 Classical.choice,
 Quot.sound]
'ASGinzburg.ZAlgebra.rightFiniteProjectiveHasZeroObject' depends on axioms: [propext, Classical.choice, Quot.sound]
'ASGinzburg.ZAlgebra.finiteProjectiveHomotopyADualEquivalence' depends on axioms: [propext,
 Classical.choice,
 Quot.sound]
'ASGinzburg.ZAlgebra.finiteProjectiveHomotopyADualEquivalence_bounded' depends on axioms: [propext,
 Classical.choice,
 Quot.sound]
'ASGinzburg.projective_of_retract' does not depend on any axioms
'ASGinzburg.ZAlgebra.leftFiniteSumADualIso' depends on axioms: [propext, Classical.choice, Quot.sound]
'ASGinzburg.ZAlgebra.RightFiniteProjective' depends on axioms: [propext, Classical.choice, Quot.sound]
'ASGinzburg.ZAlgebra.leftFiniteProjectiveProperty_projective' depends on axioms: [propext, Classical.choice, Quot.sound]
'ASGinzburg.ZAlgebra.rightFiniteProjectiveADualFunctor' depends on axioms: [propext, Classical.choice, Quot.sound]
'ASGinzburg.ZAlgebra.leftFiniteProjectiveADualFunctorAdditive' depends on axioms: [propext,
 Classical.choice,
 Quot.sound]
'ASGinzburg.ZAlgebra.rightFiniteProjectiveBidualUnit' depends on axioms: [propext, Classical.choice, Quot.sound]
'ASGinzburg.ZAlgebra.rightFiniteProjectiveProperty_of_retract' depends on axioms: [propext,
 Classical.choice,
 Quot.sound]
'ASGinzburg.ZAlgebra.rightFiniteProjectiveProperty_biprod' depends on axioms: [propext, Classical.choice, Quot.sound]
'ASGinzburg.ZAlgebra.leftFiniteProjectiveProperty_of_iso' depends on axioms: [propext, Classical.choice, Quot.sound]
'ASGinzburg.ZAlgebra.leftFiniteProjectiveProperty_of_shortExact' depends on axioms: [propext,
 Classical.choice,
 Quot.sound]
'ASGinzburg.ZAlgebra.rightFiniteProjectiveFourTermResolution_finite' depends on axioms: [propext,
 Classical.choice,
 Quot.sound]
'ASGinzburg.ZAlgebra.rightFiniteProjectiveProjectiveResolution_isZero_ge_four' depends on axioms: [propext,
 Classical.choice,
 Quot.sound]
'ASGinzburg.ZAlgebra.leftFiniteProjectiveFourTermResolution_finite' depends on axioms: [propext,
 Classical.choice,
 Quot.sound]
'ASGinzburg.ZAlgebra.leftFiniteProjectiveProjectiveResolution_isZero_ge_four' depends on axioms: [propext,
 Classical.choice,
 Quot.sound]
'ASGinzburg.preservesColimit_of_functor_retract' depends on axioms: [propext, Classical.choice, Quot.sound]
'ASGinzburg.ZAlgebra.rightFiniteDimensional_component_finite' depends on axioms: [propext, Classical.choice, Quot.sound]
'ASGinzburg.ZAlgebra.finiteRightModuleComponentBasis' depends on axioms: [propext, Classical.choice, Quot.sound]
'ASGinzburg.ZAlgebra.finiteFreeRightModule' depends on axioms: [propext, Classical.choice, Quot.sound]
'ASGinzburg.ZAlgebra.finiteFreeRightModuleProjective' depends on axioms: [propext, Classical.choice, Quot.sound]
'ASGinzburg.ZAlgebra.finiteLeftModuleSupport' depends on axioms: [propext, Classical.choice, Quot.sound]
'ASGinzburg.ZAlgebra.finiteLeftModuleGeneratorIndex' depends on axioms: [propext, Classical.choice, Quot.sound]
'ASGinzburg.ZAlgebra.finiteFreeLeftModuleπ' depends on axioms: [propext, Classical.choice, Quot.sound]
'ASGinzburg.ZAlgebra.finiteFreeLeftModuleπEpi' depends on axioms: [propext, Classical.choice, Quot.sound]
'ASGinzburg.ZAlgebra.rightFiniteProjectiveResolutionExtPreservesExactColimits' depends on axioms: [propext,
 Classical.choice,
 Quot.sound]
'ASGinzburg.ZAlgebra.rightFiniteDimensionalExtCoproductIso' depends on axioms: [propext, Classical.choice, Quot.sound]
'ASGinzburg.ZAlgebra.hasRightFiniteProjectiveResolutionLength_of_iso' depends on axioms: [propext,
 Classical.choice,
 Quot.sound]
'ASGinzburg.ZAlgebra.hasRightFiniteProjectiveResolutionLength_of_shortExact' depends on axioms: [propext,
 Classical.choice,
 Quot.sound]
'ASGinzburg.ZAlgebra.hasLeftFiniteProjectiveResolutionLength_of_isZero' depends on axioms: [propext,
 Classical.choice,
 Quot.sound]
'ASGinzburg.ZAlgebra.representableCoproductMorphism_coordinates' depends on axioms: [propext,
 Classical.choice,
 Quot.sound]
'ASGinzburg.ZAlgebra.rightFiniteCoproductMorphism_apply' depends on axioms: [propext, Classical.choice, Quot.sound]
'ASGinzburg.ZAlgebra.rightRepresentableCoproductHomEquiv_apply' depends on axioms: [propext,
 Classical.choice,
 Quot.sound]
'ASGinzburg.ZAlgebra.finiteRepresentableTop_finrank' depends on axioms: [propext, Classical.choice, Quot.sound]
'ASGinzburg.ZAlgebra.rightFiniteDimensional_minimal_nonzero_component' depends on axioms: [propext,
 Classical.choice,
 Quot.sound]
'ASGinzburg.ZAlgebra.leftFiniteDimensional_maximal_nonzero_component' depends on axioms: [propext,
 Classical.choice,
 Quot.sound]
'ASGinzburg.ZAlgebra.rightFiniteDimensional_cokernel_finrank_lt' depends on axioms: [propext,
 Classical.choice,
 Quot.sound]
'ASGinzburg.ZAlgebra.rightFiniteDimensional_hasVertexFiltration' depends on axioms: [propext,
 Classical.choice,
 Quot.sound]
'ASGinzburg.ZAlgebra.leftFiniteDimensional_hasVertexFiltration' depends on axioms: [propext,
 Classical.choice,
 Quot.sound]
'ASGinzburg.ZAlgebra.rightFiniteWindowEvaluation' depends on axioms: [propext, Classical.choice, Quot.sound]
'ASGinzburg.ZAlgebra.rightFiniteWindowRepresentableYonedaEquiv' depends on axioms: [propext,
 Classical.choice,
 Quot.sound]
'ASGinzburg.ZAlgebra.rightTruncatedRepresentableSimpleCover' depends on axioms: [propext, Classical.choice, Quot.sound]
'ASGinzburg.ZAlgebra.rightTruncatedRepresentableEndEquiv' depends on axioms: [propext, Classical.choice, Quot.sound]
'ASGinzburg.ZAlgebra.rightFiniteWindowRepresentableCover' depends on axioms: [propext, Classical.choice, Quot.sound]
'ASGinzburg.ZAlgebra.rightTruncatedRepresentable_cover_rigidity' depends on axioms: [propext,
 Classical.choice,
 Quot.sound]
'ASGinzburg.supportedDifferenceProjection' depends on axioms: [propext, Classical.choice, Quot.sound]
'ASGinzburg.supportedQuotientDifferenceEquiv' depends on axioms: [propext, Classical.choice, Quot.sound]
'ASGinzburg.ZAlgebra.FoundationAlgebra' depends on axioms: [propext, Classical.choice, Quot.sound]
'ASGinzburg.ZAlgebra.foundation_one_diagonal' depends on axioms: [propext, Classical.choice, Quot.sound]
'ASGinzburg.ZAlgebra.Homomorphism.foundationLinearMap_one' depends on axioms: [propext, Classical.choice, Quot.sound]
'ASGinzburg.ZAlgebra.Homomorphism.foundationAlgebraMap_surjective' depends on axioms: [propext,
 Classical.choice,
 Quot.sound]
'ASGinzburg.CutQuiver.foundationGeneratorIndexEquiv' depends on axioms: [propext, Classical.choice, Quot.sound]
'ASGinzburg.ZAlgebra.LinearIdeal.mem_foundationIdeal' depends on axioms: [propext, Classical.choice, Quot.sound]
'ASGinzburg.ZAlgebra.foundationRightComponentAction_add' depends on axioms: [propext, Classical.choice, Quot.sound]
'ASGinzburg.ZAlgebra.foundationRightComponentAction_comp' depends on axioms: [propext, Classical.choice, Quot.sound]
'ASGinzburg.ZAlgebra.foundationRingRightComponentSum_action' depends on axioms: [propext, Classical.choice, Quot.sound]
'ASGinzburg.ZAlgebra.foundationRingRightComponentSumModuleIso' depends on axioms: [propext,
 Classical.choice,
 Quot.sound]
'ASGinzburg.ZAlgebra.foundationFreeRightModule' depends on axioms: [propext, Classical.choice, Quot.sound]
'ASGinzburg.ZAlgebra.foundationFreeRightModuleπEpi' depends on axioms: [propext, Classical.choice, Quot.sound]
'ASGinzburg.ZAlgebra.foundationRepresentableExtZeroEquiv' depends on axioms: [propext, Classical.choice, Quot.sound]
'ASGinzburg.ZAlgebra.LinearIdeal.foundationIdeal_component_mem_iff' depends on axioms: [propext,
 Classical.choice,
 Quot.sound]
'ASGinzburg.ZAlgebra.ASRegular.foundationPeriodCutJacobianIdeal_le_kernel' depends on axioms: [propext,
 Classical.choice,
 Quot.sound]
'ASGinzburg.ZAlgebra.ASRegular.foundationPeriodIncomingElement_periodCoherent' depends on axioms: [propext,
 Classical.choice,
 Quot.sound]
'ASGinzburg.ZAlgebra.ASRegular.foundationPeriodPathLinearEvaluation_integer_shift_eq_zero_iff' depends on axioms: [propext,
 Classical.choice,
 Quot.sound]
'ASGinzburg.ZAlgebra.homTransport_trans' depends on axioms: [propext, Classical.choice, Quot.sound]
'ASGinzburg.ZAlgebra.ASRegular.foundationRepresentativeGeneratorBasis_apply' depends on axioms: [propext,
 Classical.choice,
 Quot.sound]
'ASGinzburg.ZAlgebra.ASRegular.foundationPeriodJacobianRelation_cut_eval_zero' depends on axioms: [propext,
 Classical.choice,
 Quot.sound]
'ASGinzburg.ZAlgebra.ASRegular.foundationPeriodMinimalPathPresentation' depends on axioms: [propext,
 Classical.choice,
 Quot.sound]
'ASGinzburg.ZAlgebra.ASRegular.foundationRepresentativeBasisSystem' depends on axioms: [propext,
 Classical.choice,
 Quot.sound]
'ASGinzburg.ZAlgebra.ASRegular.foundationPeriodPathPresentation_surjective' depends on axioms: [propext,
 Classical.choice,
 Quot.sound]
'ASGinzburg.ZAlgebra.ASRegular.foundationPeriodRingPresentation_surjective' depends on axioms: [propext,
 Classical.choice,
 Quot.sound]
'ASGinzburg.ZAlgebra.ASRegular.foundationPeriodZeroCutPresentation_surjective' depends on axioms: [propext,
 Classical.choice,
 Quot.sound]
'ASGinzburg.ZAlgebra.ASRegular.foundationPeriodPathLinearKernel_zeroSheet_eq_Jacobian' depends on axioms: [propext,
 Classical.choice,
 Quot.sound]
'ASGinzburg.ZAlgebra.ASRegular.foundationPeriodSameSheetRawEquiv' depends on axioms: [propext,
 Classical.choice,
 Quot.sound]
'ASGinzburg.ZAlgebra.ASRegular.foundationPeriodSameSheetEquiv_apply_mk' depends on axioms: [propext,
 Classical.choice,
 Quot.sound]
'ASGinzburg.ZAlgebra.ASRegular.foundationPeriodPathLinearEvaluation_zeroSheet_eq' depends on axioms: [propext,
 Classical.choice,
 Quot.sound]
'ASGinzburg.ZAlgebra.ASRegular.foundationRelationIdeal_le_Jacobian' depends on axioms: [propext,
 Classical.choice,
 Quot.sound]
'ASGinzburg.ZAlgebra.ASRegular.foundationPeriodPathPresentation_zeroSheet' depends on axioms: [propext,
 Classical.choice,
 Quot.sound]
'ASGinzburg.ZAlgebra.ASRegular.foundationPeriodPathEvaluation_zeroSheet' depends on axioms: [propext,
 Classical.choice,
 Quot.sound]
'ASGinzburg.ZAlgebra.foundationRightEvaluationPreservesFiniteColimits' depends on axioms: [propext,
 Classical.choice,
 Quot.sound]
'ASGinzburg.ZAlgebra.foundationFirstTermProjective' depends on axioms: [propext, Classical.choice, Quot.sound]
'ASGinzburg.ZAlgebra.foundation_restricted_second_projective' depends on axioms: [propext, Classical.choice, Quot.sound]
'ASGinzburg.ZAlgebra.foundationRepresentableYonedaEquiv' depends on axioms: [propext, Classical.choice, Quot.sound]
'ASGinzburg.ZAlgebra.foundationFirstTerm' depends on axioms: [propext, Classical.choice, Quot.sound]
'ASGinzburg.ZAlgebra.foundationASSecondTermIso' depends on axioms: [propext, Classical.choice, Quot.sound]
'ASGinzburg.ZAlgebra.foundation_as_left_term_isZero' depends on axioms: [propext, Classical.choice, Quot.sound]
'ASGinzburg.ZAlgebra.ASResolution.foundationFirstShortComplex_exact' depends on axioms: [propext,
 Classical.choice,
 Quot.sound]
'ASGinzburg.ZAlgebra.ASResolution.foundation_simple_π_epi' depends on axioms: [propext, Classical.choice, Quot.sound]
'ASGinzburg.ZAlgebra.foundationRestrictionPreservesFiniteLimits' depends on axioms: [propext,
 Classical.choice,
 Quot.sound]
'ASGinzburg.ZAlgebra.foundationRestrictionKernelIso' depends on axioms: [propext, Classical.choice, Quot.sound]
'ASGinzburg.ZAlgebra.foundationRestriction_shortExact' depends on axioms: [propext, Classical.choice, Quot.sound]
'ASGinzburg.ZAlgebra.foundationRightInclusionAdditive' depends on axioms: [propext, Classical.choice, Quot.sound]
'ASGinzburg.ZAlgebra.foundationRestriction' depends on axioms: [propext, Classical.choice, Quot.sound]
'ASGinzburg.ZAlgebra.foundationRightEvaluation' depends on axioms: [propext, Classical.choice, Quot.sound]
'ASGinzburg.ZAlgebra.foundationRingRightComponentAction' depends on axioms: [propext, Classical.choice, Quot.sound]
'ASGinzburg.ZAlgebra.foundationRingRightProjection' depends on axioms: [propext, Classical.choice, Quot.sound]
'ASGinzburg.ZAlgebra.foundationRingRightComponentLinearMap' depends on axioms: [propext, Classical.choice, Quot.sound]
'ASGinzburg.ZAlgebra.foundationRingRightComponentSpace' depends on axioms: [propext, Classical.choice, Quot.sound]
'ASGinzburg.ZAlgebra.foundationRingRightComponentMap_id' depends on axioms: [propext, Classical.choice, Quot.sound]
'ASGinzburg.ZAlgebra.foundationRingRightRangeActionLinear' depends on axioms: [propext, Classical.choice, Quot.sound]
'ASGinzburg.ZAlgebra.foundationRingRightProjection_sum' depends on axioms: [propext, Classical.choice, Quot.sound]
'ASGinzburg.ZAlgebra.foundationRingRightCounitIso' depends on axioms: [propext, Classical.choice, Quot.sound]
'ASGinzburg.ZAlgebra.foundationRingRightComponentRecoveryIsEquivalence' depends on axioms: [propext,
 Classical.choice,
 Quot.sound]
'ASGinzburg.ZAlgebra.foundationRingRightComponentRecoveryLinear' depends on axioms: [propext,
 Classical.choice,
 Quot.sound]
'ASGinzburg.ZAlgebra.foundationExtModule' depends on axioms: [propext, Classical.choice, Quot.sound]
'ASGinzburg.ZAlgebra.foundationVertex_exists_of_bounds' depends on axioms: [propext, Classical.choice, Quot.sound]
'ASGinzburg.ZAlgebra.foundationRingRightComponentFunctor' depends on axioms: [propext, Classical.choice, Quot.sound]
'ASGinzburg.ZAlgebra.foundationRingRightComponentModule' depends on axioms: [propext, Classical.choice, Quot.sound]
'ASGinzburg.ZAlgebra.ASRegular.foundation_ring_simple_ext_ge_three_eq_zero' depends on axioms: [propext,
 Classical.choice,
 Quot.sound]
'ASGinzburg.ZAlgebra.ASResolution.foundationRingProjectiveResolution_X_ge_four_isZero' depends on axioms: [propext,
 Classical.choice,
 Quot.sound]
'ASGinzburg.ZAlgebra.ASResolution.foundationProjectiveResolution' depends on axioms: [propext,
 Classical.choice,
 Quot.sound]
'ASGinzburg.CutQuiver.foundation_incoming_nonnegative_iff' depends on axioms: [propext, Classical.choice, Quot.sound]
'ASGinzburg.CutQuiver.FoundationRelationIndex' depends on axioms: [propext, Quot.sound]
'ASGinzburg.ZAlgebra.foundationRightComponentAction_zero' depends on axioms: [propext, Classical.choice, Quot.sound]
'ASGinzburg.ZAlgebra.foundationRightTotalAction_mul' depends on axioms: [propext, Classical.choice, Quot.sound]
'ASGinzburg.ZAlgebra.foundationRightTotalAction_apply' depends on axioms: [propext, Classical.choice, Quot.sound]
'ASGinzburg.ZAlgebra.foundationRightTotalRepresentation' depends on axioms: [propext, Classical.choice, Quot.sound]
'ASGinzburg.ZAlgebra.foundationRightTotalComponentEquiv' depends on axioms: [propext, Classical.choice, Quot.sound]
'ASGinzburg.ZAlgebra.foundationRightTotalModuleMap' depends on axioms: [propext, Classical.choice, Quot.sound]
'ASGinzburg.ZAlgebra.foundationRightTotalFunctorAdditive' depends on axioms: [propext, Classical.choice, Quot.sound]
'ASGinzburg.ZAlgebra.foundationRightTotalLinearMap_apply' depends on axioms: [propext, Classical.choice, Quot.sound]
'ASGinzburg.ZAlgebra.foundationRightTotalLinearMap_id' depends on axioms: [propext, Classical.choice, Quot.sound]
'ASGinzburg.ZAlgebra.foundationRightTotalUnitalRepresentation' depends on axioms: [propext,
 Classical.choice,
 Quot.sound]
'ASGinzburg.ZAlgebra.foundationRightTotalModule_smul' depends on axioms: [propext, Classical.choice, Quot.sound]
'ASGinzburg.ZAlgebra.foundationRightTotalModule_scalar_smul' depends on axioms: [propext, Classical.choice, Quot.sound]
'ASGinzburg.ZAlgebra.foundationRightTotalRecoveryNatIso' depends on axioms: [propext, Classical.choice, Quot.sound]
'ASGinzburg.exact_epi_comp_iff' depends on axioms: [propext, Classical.choice, Quot.sound]
'ASGinzburg.FourTermProjectiveResolution.differential' depends on axioms: [propext, Classical.choice, Quot.sound]
'ASGinzburg.FourTermProjectiveResolution.termProjective' depends on axioms: [propext, Classical.choice, Quot.sound]
'ASGinzburg.FourTermProjectiveResolution.augmentationQuasiIso' depends on axioms: [propext,
 Classical.choice,
 Quot.sound]
'ASGinzburg.FourTermProjectiveResolution.ofKernelCovers' depends on axioms: [propext, Classical.choice, Quot.sound]
'ASGinzburg.ZAlgebra.rightFourTermProjectiveResolution_hasProjectiveDimensionLE' depends on axioms: [propext,
 Classical.choice,
 Quot.sound]
'ASGinzburg.linearCombination_ker_le_supported' depends on axioms: [propext, Classical.choice, Quot.sound]
'ASGinzburg.CutQuiver.unrolledArrowIdeal_square_eq_products_span' depends on axioms: [propext,
 Classical.choice,
 Quot.sound]
'ASGinzburg.fullSubcategoryOpEquivalence' depends on axioms: [propext, Classical.choice, Quot.sound]
'ASGinzburg.ZAlgebra.LinearIdeal.subset_generated' depends on axioms: [propext, Classical.choice, Quot.sound]
'ASGinzburg.CutQuiver.ginzburgLoopDualProjectiveMap_adual_opposite' depends on axioms: [propext,
 Classical.choice,
 Quot.sound]
'ASGinzburg.CutQuiver.ginzburgLoopDualProjectiveMap_adual_matrix' depends on axioms: [propext,
 Classical.choice,
 Quot.sound]
'ASGinzburg.CutQuiver.ginzburgHomOriginalDualOppositeIso' depends on axioms: [propext, Classical.choice, Quot.sound]
'ASGinzburg.CutQuiver.ginzburgHomDualLoopShortComplex_exact' depends on axioms: [propext, Classical.choice, Quot.sound]
'ASGinzburg.CutQuiver.ginzburgASComponentDifferential_square' depends on axioms: [propext, Classical.choice, Quot.sound]
'ASGinzburg.CutQuiver.ginzburgASComponentAugmentation' depends on axioms: [propext, Classical.choice, Quot.sound]
'ASGinzburg.CutQuiver.ginzburgASComponentD₂' depends on axioms: [propext, Classical.choice, Quot.sound]
'ASGinzburg.CutQuiver.ginzburgASComponentD₃_comp_D₂' depends on axioms: [propext, Classical.choice, Quot.sound]
'ASGinzburg.CutQuiver.ginzburgASComponentD₁_comp_simpleπ' depends on axioms: [propext, Classical.choice, Quot.sound]
'ASGinzburg.CutQuiver.ginzburgASComponentLoopDualShortComplex' depends on axioms: [propext,
 Classical.choice,
 Quot.sound]
'ASGinzburg.CutQuiver.ginzburgASComponentDualRadicalShortComplex_exact' depends on axioms: [propext,
 Classical.choice,
 Quot.sound]
'ASGinzburg.CutQuiver.ginzburgASComponentOriginalSimpleShortComplex' depends on axioms: [propext,
 Classical.choice,
 Quot.sound]
'ASGinzburg.CutQuiver.ginzburgASProjectiveD₃_minimal' depends on axioms: [propext, Classical.choice, Quot.sound]
'ASGinzburg.CutQuiver.ginzburgASHom_lift_two' depends on axioms: [propext, Classical.choice, Quot.sound]
'ASGinzburg.CutQuiver.ginzburgASProjectiveD₂_minimal' depends on axioms: [propext, Classical.choice, Quot.sound]
'ASGinzburg.CutQuiver.ginzburgASProjectiveComplexDifferential_square' depends on axioms: [propext,
 Classical.choice,
 Quot.sound]
'ASGinzburg.CutQuiver.ginzburgASProjectiveComplexTerm_projective' depends on axioms: [propext,
 Classical.choice,
 Quot.sound]
'ASGinzburg.CutQuiver.ginzburgASProjectiveD₃' depends on axioms: [propext, Classical.choice, Quot.sound]
'ASGinzburg.CutQuiver.ginzburgASProjectiveConnectingShortComplex' depends on axioms: [propext,
 Classical.choice,
 Quot.sound]
'ASGinzburg.CutQuiver.ginzburgASProjectiveDualOriginalShortComplex_exact' depends on axioms: [propext,
 Classical.choice,
 Quot.sound]
'ASGinzburg.CutQuiver.ginzburgASProjectiveD₂_comp_D₁' depends on axioms: [propext, Classical.choice, Quot.sound]
'ASGinzburg.CutQuiver.ginzburgASProjectiveOriginalSimpleShortComplex' depends on axioms: [propext,
 Classical.choice,
 Quot.sound]
'ASGinzburg.CutQuiver.GinzburgRegular.simpleProjectiveResolution' depends on axioms: [propext,
 Classical.choice,
 Quot.sound]
'ASGinzburg.CutQuiver.ginzburgOriginalArrowOppositeSource' depends on axioms: [propext, Classical.choice, Quot.sound]
'ASGinzburg.CutQuiver.ginzburgLoopArrowOppositeTarget' depends on axioms: [propext, Classical.choice, Quot.sound]
'ASGinzburg.CutQuiver.ginzburgOrdinaryArrowPath' does not depend on any axioms
'ASGinzburg.CutQuiver.ginzburgGeneratorOriginalArrowEntry_pathClass' depends on axioms: [propext,
 Classical.choice,
 Quot.sound]
'ASGinzburg.CutQuiver.ginzburgAssociatedGradedDifferential' depends on axioms: [propext, Classical.choice, Quot.sound]
'ASGinzburg.CutQuiver.ginzburgFilteredToAssociatedGraded' depends on axioms: [propext, Classical.choice, Quot.sound]
'ASGinzburg.CutQuiver.ginzburgAssociatedLeftTerm_differential' depends on axioms: [propext,
 Classical.choice,
 Quot.sound]
'ASGinzburg.CutQuiver.ginzburgCochainZero_outgoing' depends on axioms: [propext, Classical.choice, Quot.sound]
'ASGinzburg.CutQuiver.ginzburgHomologyAugmentation_quasiIso_iff' depends on axioms: [propext,
 Classical.choice,
 Quot.sound]
'ASGinzburg.CutQuiver.ginzburgAugmentationSubmodule' depends on axioms: [propext, Classical.choice, Quot.sound]
'ASGinzburg.CutQuiver.ginzburgAugmentationLastEquiv_symm_single' depends on axioms: [propext,
 Classical.choice,
 Quot.sound]
'ASGinzburg.CutQuiver.ginzburgAugmentationGradedDifferential' depends on axioms: [propext, Classical.choice, Quot.sound]
'ASGinzburg.CutQuiver.ginzburgAugmentationCochainComplex_d' depends on axioms: [propext, Classical.choice, Quot.sound]
'ASGinzburg.CutQuiver.ginzburgAugmentationAtDegree' depends on axioms: [propext, Classical.choice, Quot.sound]
'ASGinzburg.CutQuiver.ginzburgAugmentationAtDegree_eq_cut_of_neg' depends on axioms: [propext,
 Classical.choice,
 Quot.sound]
'ASGinzburg.CutQuiver.ginzburgAugmentationAtDegree_eq_cut_of_height_lt' depends on axioms: [propext,
 Classical.choice,
 Quot.sound]
'ASGinzburg.CutQuiver.ginzburgAugmentationCochainInclusion_isIso_of_height_lt' depends on axioms: [propext,
 Classical.choice,
 Quot.sound]
'ASGinzburg.CutQuiver.ginzburgAugmentationTerm_isZero_of_not_height_lt' depends on axioms: [propext,
 Classical.choice,
 Quot.sound]
'ASGinzburg.CutQuiver.ginzburgAugmentationInclusionHomology_left_naturality' depends on axioms: [propext,
 Classical.choice,
 Quot.sound]
'ASGinzburg.CutQuiver.ginzburgFiltrationRadicalMap_left_naturality' depends on axioms: [propext,
 Classical.choice,
 Quot.sound]
'ASGinzburg.CutQuiver.ginzburgAugmentationSubmodule_comp_left' depends on axioms: [propext,
 Classical.choice,
 Quot.sound]
'ASGinzburg.CutQuiver.ginzburgDifferential_mem_augmentation' depends on axioms: [propext, Classical.choice, Quot.sound]
'ASGinzburg.CutQuiver.ginzburgAugmentationAtDegree_leftComp' depends on axioms: [propext, Classical.choice, Quot.sound]
'ASGinzburg.CutQuiver.ginzburgAugmentationLeftCochainMap' depends on axioms: [propext, Classical.choice, Quot.sound]
'ASGinzburg.CutQuiver.ginzburgAugmentationLeftHomology' depends on axioms: [propext, Classical.choice, Quot.sound]
'ASGinzburg.CutQuiver.ginzburgAugmentationRadicalComponentIso_left_naturality' depends on axioms: [propext,
 Classical.choice,
 Quot.sound]
'ASGinzburg.CutQuiver.GinzburgRegular.augmentationHomology_isZero' depends on axioms: [propext,
 Classical.choice,
 Quot.sound]
'ASGinzburg.CutQuiver.ginzburgDifferential_negOne_supported_length' depends on axioms: [propext,
 Classical.choice,
 Quot.sound]
'ASGinzburg.CutQuiver.ginzburgBoundarySpace_comp_right' depends on axioms: [propext, Classical.choice, Quot.sound]
'ASGinzburg.CutQuiver.originalGinzburgLinearMap_boundaryLift' depends on axioms: [propext, Classical.choice, Quot.sound]
'ASGinzburg.CutQuiver.ginzburgGradedDifferential_coe' depends on axioms: [propext, Classical.choice, Quot.sound]
'ASGinzburg.CutQuiver.ginzburgCochainDifferential_square' depends on axioms: [propext, Classical.choice, Quot.sound]
'ASGinzburg.CutQuiver.ginzburgHomology' depends on axioms: [propext, Classical.choice, Quot.sound]
'ASGinzburg.CutQuiver.ginzburgCutJacobianAugmentation' depends on axioms: [propext, Classical.choice, Quot.sound]
'ASGinzburg.CutQuiver.ginzburgRegular_iff_cutAugmentation_quasiIso' depends on axioms: [propext,
 Classical.choice,
 Quot.sound]
'ASGinzburg.CutQuiver.GinzburgPath.cohomologicalDegree_lower_cut' depends on axioms: [propext,
 Classical.choice,
 Quot.sound]
'ASGinzburg.CutQuiver.ginzburgCutCochainTerm_isZero_of_outside' depends on axioms: [propext,
 Classical.choice,
 Quot.sound]
'ASGinzburg.CutQuiver.ginzburgCutHomologyZeroQuotientIso_cochain_class' depends on axioms: [propext,
 Classical.choice,
 Quot.sound]
'ASGinzburg.CutQuiver.ginzburgCutCohomologicalComponent_finite' depends on axioms: [propext,
 Classical.choice,
 Quot.sound]
'ASGinzburg.CutQuiver.ginzburgCutGradedDifferential_square' depends on axioms: [propext, Classical.choice, Quot.sound]
'ASGinzburg.CutQuiver.ginzburgCutCochainComplex' depends on axioms: [propext, Classical.choice, Quot.sound]
'ASGinzburg.CutQuiver.ginzburgCutProjection_apply' depends on axioms: [propext, Classical.choice, Quot.sound]
'ASGinzburg.CutQuiver.originalGinzburgCutDegreeZeroMap' depends on axioms: [propext, Classical.choice, Quot.sound]
'ASGinzburg.CutQuiver.originalGinzburgCutDegreeZeroEquiv_coe' depends on axioms: [propext, Classical.choice, Quot.sound]
'ASGinzburg.CutQuiver.ginzburgCutZeroShortComplexLeftMap' depends on axioms: [propext, Classical.choice, Quot.sound]
'ASGinzburg.CutQuiver.ginzburgCutHomologyZeroQuotientIso_left_naturality' depends on axioms: [propext,
 Classical.choice,
 Quot.sound]
'ASGinzburg.CutQuiver.ginzburgCutZeroComp_id' depends on axioms: [propext, Classical.choice, Quot.sound]
'ASGinzburg.CutQuiver.ginzburgCutHomologyZeroId' depends on axioms: [propext, Classical.choice, Quot.sound]
'ASGinzburg.CutQuiver.ginzburgCutHomologyZeroComp_assoc' depends on axioms: [propext, Classical.choice, Quot.sound]
'ASGinzburg.CutQuiver.ginzburgCutNegativeOneDifferential' depends on axioms: [propext, Classical.choice, Quot.sound]
'ASGinzburg.CutQuiver.ginzburgCutZeroShortComplexIso' depends on axioms: [propext, Classical.choice, Quot.sound]
'ASGinzburg.CutQuiver.ginzburgCutZeroQuotientJacobianEquiv' depends on axioms: [propext, Classical.choice, Quot.sound]
'ASGinzburg.CutQuiver.ginzburgCutZeroHomologyClass' depends on axioms: [propext, Classical.choice, Quot.sound]
'ASGinzburg.CutQuiver.ginzburgCutHomologyZeroComp_class' depends on axioms: [propext, Classical.choice, Quot.sound]
'ASGinzburg.CutQuiver.ginzburgCutZeroQuotientJacobianEquiv_mk' depends on axioms: [propext,
 Classical.choice,
 Quot.sound]
'ASGinzburg.CutQuiver.ginzburgCutHomologyZeroUnrolledIso_comp' depends on axioms: [propext,
 Classical.choice,
 Quot.sound]
'ASGinzburg.CutQuiver.ginzburgCutLeftTerm_differential' depends on axioms: [propext, Classical.choice, Quot.sound]
'ASGinzburg.CutQuiver.ginzburgCutProjection' depends on axioms: [propext, Classical.choice, Quot.sound]
'ASGinzburg.CutQuiver.ginzburgCutProjection_cohomological' depends on axioms: [propext, Classical.choice, Quot.sound]
'ASGinzburg.CutQuiver.ginzburgCutZeroQuotientUnrolledEquiv' depends on axioms: [propext, Classical.choice, Quot.sound]
'ASGinzburg.CutQuiver.ginzburgHomology_succ_isZero_of_cut' depends on axioms: [propext, Classical.choice, Quot.sound]
'ASGinzburg.CutQuiver.ginzburgCutHomologyZeroUnrolledIso_hom_factor' depends on axioms: [propext,
 Classical.choice,
 Quot.sound]
'ASGinzburg.CutQuiver.ginzburgCutCochainInclusion' depends on axioms: [propext, Classical.choice, Quot.sound]
'ASGinzburg.CutQuiver.ginzburgCutHomologyInclusion' depends on axioms: [propext, Classical.choice, Quot.sound]
'ASGinzburg.CutQuiver.GinzburgRegular.cutHomology_isZero' depends on axioms: [propext, Classical.choice, Quot.sound]
'ASGinzburg.CutQuiver.ginzburgCutZeroComp_boundary_left' depends on axioms: [propext, Classical.choice, Quot.sound]
'ASGinzburg.CutQuiver.ginzburgCutZeroQuotientCompRight' depends on axioms: [propext, Classical.choice, Quot.sound]
'ASGinzburg.CutQuiver.ginzburgCutZeroQuotientComp' depends on axioms: [propext, Classical.choice, Quot.sound]
'ASGinzburg.CutQuiver.ginzburgCutZeroQuotientEquivOfCutEq' depends on axioms: [propext, Classical.choice, Quot.sound]
'ASGinzburg.CutQuiver.ginzburgCutHomology_succ_isZero_iff_cycles' depends on axioms: [propext,
 Classical.choice,
 Quot.sound]
'ASGinzburg.CutQuiver.ginzburgDualGeneratorDifferential_snoc_coeff' depends on axioms: [propext,
 Classical.choice,
 Quot.sound]
'ASGinzburg.CutQuiver.ginzburgCohomologicalComponent' depends on axioms: [propext, Classical.choice, Quot.sound]
'ASGinzburg.CutQuiver.originalGinzburgLinearMap_single' depends on axioms: [propext, Classical.choice, Quot.sound]
'ASGinzburg.CutQuiver.originalGinzburgDegreeZeroEquiv_coe' depends on axioms: [propext, Classical.choice, Quot.sound]
'ASGinzburg.CutQuiver.originalGinzburgLinearMap_comp' depends on axioms: [propext, Classical.choice, Quot.sound]
'ASGinzburg.CutQuiver.ginzburgDifferential_original' depends on axioms: [propext, Classical.choice, Quot.sound]
'ASGinzburg.CutQuiver.GinzburgPath.differential_degree' depends on axioms: [propext, Classical.choice, Quot.sound]
'ASGinzburg.CutQuiver.ginzburgDifferential_cut' depends on axioms: [propext, Classical.choice, Quot.sound]
'ASGinzburg.CutQuiver.ginzburgSignMap_homogeneous' depends on axioms: [propext, Classical.choice, Quot.sound]
'ASGinzburg.CutQuiver.ginzburgPathHessianComponent' depends on axioms: [propext, Classical.choice, Quot.sound]
'ASGinzburg.CutQuiver.ginzburgDualArrowHessianPrefix_coeff' depends on axioms: [propext, Classical.choice, Quot.sound]
'ASGinzburg.CutQuiver.ginzburgDualArrowRepresentative' depends on axioms: [propext, Classical.choice, Quot.sound]
'ASGinzburg.CutQuiver.ginzburgBoundaryLift_dualContext' depends on axioms: [propext, Classical.choice, Quot.sound]
'ASGinzburg.CutQuiver.ginzburgDualLayerDifferential_cycle' depends on axioms: [propext, Classical.choice, Quot.sound]
'ASGinzburg.CutQuiver.ginzburgDualOriginalHomology_coefficients' depends on axioms: [propext,
 Classical.choice,
 Quot.sound]
'ASGinzburg.CutQuiver.ginzburgRepresentableADualOppositeLoopComponentEquiv_coordinate' depends on axioms: [propext,
 Classical.choice,
 Quot.sound]
'ASGinzburg.CutQuiver.ginzburgGeneratorFiltrationAtDegree_leftComp' depends on axioms: [propext,
 Classical.choice,
 Quot.sound]
'ASGinzburg.CutQuiver.ginzburgFilteredLeftCochainMap' depends on axioms: [propext, Classical.choice, Quot.sound]
'ASGinzburg.CutQuiver.ginzburgFilteredToPrefix_f' depends on axioms: [propext, Classical.choice, Quot.sound]
'ASGinzburg.CutQuiver.ginzburgFilteredLeftHomology' depends on axioms: [propext, Classical.choice, Quot.sound]
'ASGinzburg.CutQuiver.ginzburgFilteredInclusionHomology_left_naturality' depends on axioms: [propext,
 Classical.choice,
 Quot.sound]
'ASGinzburg.CutQuiver.ginzburgOriginalPrefixEndpoint_height_lt' depends on axioms: [propext,
 Classical.choice,
 Quot.sound]
'ASGinzburg.CutQuiver.ginzburgGeneratorOriginalArrowEntry' depends on axioms: [propext, Classical.choice, Quot.sound]
'ASGinzburg.CutQuiver.ginzburgOriginalRepresentableProjectiveMap_homology_component' depends on axioms: [propext,
 Classical.choice,
 Quot.sound]
'ASGinzburg.CutQuiver.ginzburgOriginalMiddleInclusion' depends on axioms: [propext, Classical.choice, Quot.sound]
'ASGinzburg.CutQuiver.ginzburgGeneratorFiltrationRadicalMap_eq_homologyMap' depends on axioms: [propext,
 Classical.choice,
 Quot.sound]
'ASGinzburg.CutQuiver.ginzburgPrefixTopFixedHomologyIso' depends on axioms: [propext, Classical.choice, Quot.sound]
'ASGinzburg.CutQuiver.ginzburgAssociatedTopFixedHomologyIso_left_naturality' depends on axioms: [propext,
 Classical.choice,
 Quot.sound]
'ASGinzburg.CutQuiver.ginzburgAppendGenerator_coefficient' depends on axioms: [propext, Classical.choice, Quot.sound]
'ASGinzburg.CutQuiver.ginzburgDualCoefficientFamilyEquiv' depends on axioms: [propext, Classical.choice, Quot.sound]
'ASGinzburg.CutQuiver.ginzburgDualLayerHomologyCoefficientIso' depends on axioms: [propext,
 Classical.choice,
 Quot.sound]
'ASGinzburg.CutQuiver.ginzburgLoopToDualHomology_left_naturality' depends on axioms: [propext,
 Classical.choice,
 Quot.sound]
'ASGinzburg.CutQuiver.GinzburgPath.cohomologicalDegree_transport' does not depend on any axioms
'ASGinzburg.CutQuiver.ginzburgLoopDifferential' depends on axioms: [propext, Classical.choice, Quot.sound]
'ASGinzburg.CutQuiver.ginzburgGeneratorDifferential_degree' depends on axioms: [propext, Classical.choice, Quot.sound]
'ASGinzburg.CutQuiver.ginzburgGeneratorFilteredAugmentationInclusion_negTwo_f_isIso' depends on axioms: [propext,
 Classical.choice,
 Quot.sound]
'ASGinzburg.CutQuiver.ginzburgGeneratorFilteredNegTwoHomologyIso' depends on axioms: [propext,
 Classical.choice,
 Quot.sound]
'ASGinzburg.CutQuiver.ginzburgGeneratorFilteredDifferential' depends on axioms: [propext, Classical.choice, Quot.sound]
'ASGinzburg.CutQuiver.ginzburgGeneratorHigherLayer' depends on axioms: [propext, Classical.choice, Quot.sound]
'ASGinzburg.CutQuiver.ginzburgGeneratorFiltrationPaths_nonempty' depends on axioms: [propext, Quot.sound]
'ASGinzburg.CutQuiver.ginzburgGeneratorFiltration' depends on axioms: [propext, Classical.choice, Quot.sound]
'ASGinzburg.CutQuiver.GinzburgArrow.cohomologicalDegree_lower' depends on axioms: [propext,
 Classical.choice,
 Quot.sound]
'ASGinzburg.CutQuiver.ginzburgGeneratorFiltrationPaths_one' depends on axioms: [propext, Classical.choice, Quot.sound]
'ASGinzburg.CutQuiver.ginzburgGeneratorDualToOriginalHomology' depends on axioms: [propext,
 Classical.choice,
 Quot.sound]
'ASGinzburg.CutQuiver.ginzburgGeneratorDualOriginalShortComplex_exact' depends on axioms: [propext,
 Classical.choice,
 Quot.sound]
'ASGinzburg.CutQuiver.ginzburgArrowPath_mem_generatorFiltration' does not depend on any axioms
'ASGinzburg.CutQuiver.GinzburgPath.differential_mem_generatorFiltration' depends on axioms: [propext,
 Classical.choice,
 Quot.sound]
'ASGinzburg.CutQuiver.ginzburgGeneratorFilteredInclusionHomology' depends on axioms: [propext,
 Classical.choice,
 Quot.sound]
'ASGinzburg.CutQuiver.ginzburgGeneratorFiltrationConnecting_comp' depends on axioms: [propext,
 Classical.choice,
 Quot.sound]
'ASGinzburg.CutQuiver.ginzburgGeneratorFiltrationHomology_exact₂' depends on axioms: [propext,
 Classical.choice,
 Quot.sound]
'ASGinzburg.CutQuiver.ginzburgGeneratorLoopToDualHomology' depends on axioms: [propext, Classical.choice, Quot.sound]
'ASGinzburg.CutQuiver.GinzburgRegular.loopToDualHomology_mono' depends on axioms: [propext,
 Classical.choice,
 Quot.sound]
'ASGinzburg.CutQuiver.ginzburgGeneratorFilteredInclusionHomology_negTwo_zero_isIso' depends on axioms: [propext,
 Classical.choice,
 Quot.sound]
'ASGinzburg.CutQuiver.ginzburgGeneratorFiltrationRadicalMap' depends on axioms: [propext, Classical.choice, Quot.sound]
'ASGinzburg.CutQuiver.ginzburgGeneratorFilteredInclusion' depends on axioms: [propext, Classical.choice, Quot.sound]
'ASGinzburg.CutQuiver.ginzburgGeneratorFilteredShortComplex_shortExact' depends on axioms: [propext,
 Classical.choice,
 Quot.sound]
'ASGinzburg.CutQuiver.GinzburgPath.cutDegree_transport' does not depend on any axioms
'ASGinzburg.CutQuiver.ginzburgWindingComponent' depends on axioms: [propext, Classical.choice, Quot.sound]
'ASGinzburg.CutQuiver.ginzburgGeneratorDifferential_cut' depends on axioms: [propext, Classical.choice, Quot.sound]
'ASGinzburg.CutQuiver.ginzburgGeneratorLoopDualOriginal_comp' depends on axioms: [propext, Classical.choice, Quot.sound]
'ASGinzburg.CutQuiver.ginzburgGeneratorHomologyDifferential_square' depends on axioms: [propext,
 Classical.choice,
 Quot.sound]
'ASGinzburg.CutQuiver.ginzburgGeneratorHomologyAugmentation' depends on axioms: [propext, Classical.choice, Quot.sound]
'ASGinzburg.CutQuiver.ginzburgOriginalGeneratorEquiv' depends on axioms: [propext, Classical.choice]
'ASGinzburg.CutQuiver.ginzburgOriginalGeneratorEquiv_apply_val' depends on axioms: [propext,
 Classical.choice,
 Quot.sound]
'ASGinzburg.CutQuiver.ginzburgOriginalGeneratorPrefixLift' depends on axioms: [propext, Classical.choice, Quot.sound]
'ASGinzburg.CutQuiver.ginzburgGeneratorHessianEntry' depends on axioms: [propext, Classical.choice, Quot.sound]
'ASGinzburg.CutQuiver.ginzburgLoopDualProjectiveMap_yoneda_entry' depends on axioms: [propext,
 Classical.choice,
 Quot.sound]
'ASGinzburg.CutQuiver.GinzburgRegular.generatorPrefixAugmentation_quasiIso' depends on axioms: [propext,
 Classical.choice,
 Quot.sound]
'ASGinzburg.CutQuiver.GinzburgLastGeneratorData.path_mem_layer_iff' depends on axioms: [propext, Quot.sound]
'ASGinzburg.CutQuiver.ginzburgGeneratorLayerAtDegree_le_filtration' depends on axioms: [propext,
 Classical.choice,
 Quot.sound]
'ASGinzburg.CutQuiver.ginzburgGeneratorLayerQuotientEquiv_layerClass' depends on axioms: [propext,
 Classical.choice,
 Quot.sound]
'ASGinzburg.CutQuiver.ginzburgGeneratorLayerFreeEquiv_apply' depends on axioms: [propext, Classical.choice, Quot.sound]
'ASGinzburg.CutQuiver.ginzburgGeneratorPrefixSingleClass_differential' depends on axioms: [propext,
 Classical.choice,
 Quot.sound]
'ASGinzburg.CutQuiver.ginzburgGeneratorPrefixToGradedRow_piSingle' depends on axioms: [propext,
 Classical.choice,
 Quot.sound]
'ASGinzburg.CutQuiver.ginzburgGeneratorPrefixTerm_isZero_of_above' depends on axioms: [propext,
 Classical.choice,
 Quot.sound]
'ASGinzburg.CutQuiver.GinzburgRegular.associatedGradedHomology_isZero_of_ne' depends on axioms: [propext,
 Classical.choice,
 Quot.sound]
'ASGinzburg.CutQuiver.ginzburgGeneratorPrefixGradedIso' depends on axioms: [propext, Classical.choice, Quot.sound]
'ASGinzburg.CutQuiver.GinzburgRegular.associatedGradedHomology_succ_isZero' depends on axioms: [propext,
 Classical.choice,
 Quot.sound]
'ASGinzburg.CutQuiver.ginzburgGeneratorLayerFreeEquiv_symm_piSingle' depends on axioms: [propext,
 Classical.choice,
 Quot.sound]
'ASGinzburg.CutQuiver.ginzburgGeneratorFiltrationPaths_difference' depends on axioms: [propext,
 Classical.choice,
 Quot.sound]
'ASGinzburg.CutQuiver.GinzburgLastGeneratorData.path_injective' depends on axioms: [propext, Quot.sound]
'ASGinzburg.CutQuiver.ginzburgGeneratorFiltrationPaths_step' depends on axioms: [propext, Classical.choice, Quot.sound]
'ASGinzburg.CutQuiver.ginzburgGeneratorFiltrationAtDegree' depends on axioms: [propext, Classical.choice, Quot.sound]
'ASGinzburg.CutQuiver.ginzburgGeneratorLayerAtDegree_eq_inf' depends on axioms: [propext, Classical.choice, Quot.sound]
'ASGinzburg.CutQuiver.ginzburgGeneratorFiltrationAtDegree_negTwo' depends on axioms: [propext,
 Classical.choice,
 Quot.sound]
'ASGinzburg.CutQuiver.ginzburgGeneratorPrefixBoundaryFamily' depends on axioms: [propext, Classical.choice, Quot.sound]
'ASGinzburg.CutQuiver.ginzburgGeneratorPrefixTopQuotientFamilyEquiv' depends on axioms: [propext,
 Classical.choice,
 Quot.sound]
'ASGinzburg.CutQuiver.GinzburgGeneratorPrefix' depends on axioms: [propext, Classical.choice, Quot.sound]
'ASGinzburg.CutQuiver.ginzburgGeneratorPrefixDifferential_square' depends on axioms: [propext,
 Classical.choice,
 Quot.sound]
'ASGinzburg.CutQuiver.ginzburgGeneratorPrefixIncomingDifferential_apply_coe' depends on axioms: [propext,
 Classical.choice,
 Quot.sound]
'ASGinzburg.CutQuiver.ginzburgGeneratorPrefixTopEquiv_apply_coe' depends on axioms: [propext,
 Classical.choice,
 Quot.sound]
'ASGinzburg.CutQuiver.ginzburgGeneratorPrefixComplex_d' depends on axioms: [propext, Classical.choice, Quot.sound]
'ASGinzburg.CutQuiver.GinzburgRegular.generatorPrefixHomology_succ_isZero' depends on axioms: [propext,
 Classical.choice,
 Quot.sound]
'ASGinzburg.CutQuiver.ginzburgGeneratorPrefixTopHomologyJacobianIso' depends on axioms: [propext,
 Classical.choice,
 Quot.sound]
'ASGinzburg.CutQuiver.ginzburgGeneratorPrefixDifferential_top_zero' depends on axioms: [propext,
 Classical.choice,
 Quot.sound]
'ASGinzburg.CutQuiver.ginzburgGeneratorPrefixTopShortComplex_g' depends on axioms: [propext,
 Classical.choice,
 Quot.sound]
'ASGinzburg.CutQuiver.ginzburgIncomingDegreeFintype' depends on axioms: [propext, Classical.choice, Quot.sound]
'ASGinzburg.ZAlgebra.ginzburgGeneratorCoefficientComponentEquiv' depends on axioms: [propext,
 Classical.choice,
 Quot.sound]
'ASGinzburg.CutQuiver.ginzburgDualGeneratorEndpoint' depends on axioms: [propext, Classical.choice, Quot.sound]
'ASGinzburg.ZAlgebra.ginzburgGeneratorDualTermIso' depends on axioms: [propext, Classical.choice, Quot.sound]
'ASGinzburg.CutQuiver.ginzburgAssociatedGradedDifferential_appendGenerator' depends on axioms: [propext,
 Classical.choice,
 Quot.sound]
'ASGinzburg.CutQuiver.ginzburgGeneratorUnitLayer_cycle' depends on axioms: [propext, Classical.choice, Quot.sound]
'ASGinzburg.CutQuiver.ginzburgGeneratorPrefixSingleLayer_val' depends on axioms: [propext, Classical.choice, Quot.sound]
'ASGinzburg.CutQuiver.ginzburgGeneratorUnitLayer_eq_quotient_single' depends on axioms: [propext,
 Classical.choice,
 Quot.sound]
'ASGinzburg.CutQuiver.ginzburgFilteredToAssociatedGraded_zero_isIso' depends on axioms: [propext,
 Classical.choice,
 Quot.sound]
'ASGinzburg.CutQuiver.GinzburgRegular.generatorFilteredZeroHomology_isZero' depends on axioms: [propext,
 Classical.choice,
 Quot.sound]
'ASGinzburg.CutQuiver.GinzburgArrow.source' does not depend on any axioms
'ASGinzburg.CutQuiver.GinzburgArrow.cutDegree' does not depend on any axioms
'ASGinzburg.CutQuiver.GinzburgArrow.winding_formula' depends on axioms: [propext, Quot.sound]
'ASGinzburg.CutQuiver.GinzburgArrow.loop_differential_cohomological_degree' does not depend on any axioms
'ASGinzburg.CutQuiver.ginzburgJacobianPathClass_eq_of_lift_eq' depends on axioms: [propext,
 Classical.choice,
 Quot.sound]
'ASGinzburg.CutQuiver.ginzburgHessianPathClass_opposite' depends on axioms: [propext, Classical.choice, Quot.sound]
'ASGinzburg.CutQuiver.ginzburgHessianPrefix_pathClass' depends on axioms: [propext, Classical.choice, Quot.sound]
'ASGinzburg.CutQuiver.GinzburgHomologyRing' depends on axioms: [propext, Classical.choice, Quot.sound]
'ASGinzburg.CutQuiver.finiteComponentCurryEquiv' depends on axioms: [propext, Classical.choice, Quot.sound]
'ASGinzburg.CutQuiver.ginzburgZeroId' depends on axioms: [propext, Classical.choice, Quot.sound]
'ASGinzburg.CutQuiver.id_ginzburgZeroComp' depends on axioms: [propext, Classical.choice, Quot.sound]
'ASGinzburg.CutQuiver.ginzburgHomologyZeroComp_id' depends on axioms: [propext, Classical.choice, Quot.sound]
'ASGinzburg.CutQuiver.ginzburgHomologyZeroJacobianIso_id' depends on axioms: [propext, Classical.choice, Quot.sound]
'ASGinzburg.CutQuiver.ginzburgHomologyComponentJacobianEquiv_id' depends on axioms: [propext,
 Classical.choice,
 Quot.sound]
'ASGinzburg.CutQuiver.ginzburgHomologyJacobianIsomorphism' depends on axioms: [propext, Classical.choice, Quot.sound]
'ASGinzburg.CutQuiver.ginzburgZeroShortComplex' depends on axioms: [propext, Classical.choice, Quot.sound]
'ASGinzburg.CutQuiver.ginzburgHomologyZeroQuotientIso' depends on axioms: [propext, Classical.choice, Quot.sound]
'ASGinzburg.CutQuiver.ginzburgHomologyZeroJacobianIso' depends on axioms: [propext, Classical.choice, Quot.sound]
'ASGinzburg.CutQuiver.ginzburgHomologyZeroQuotientIso_class' depends on axioms: [propext, Classical.choice, Quot.sound]
'ASGinzburg.CutQuiver.ginzburgHomologyZeroQuotientIso_comp' depends on axioms: [propext, Classical.choice, Quot.sound]
'ASGinzburg.CutQuiver.ginzburgGeneratorOriginalArrowEntry_opposite_indexed' depends on axioms: [propext,
 Classical.choice,
 Quot.sound]
'ASGinzburg.CutQuiver.ginzburgGeneratorHessianEntry_heq_of_eq' depends on axioms: [propext,
 Classical.choice,
 Quot.sound]
'ASGinzburg.CutQuiver.ginzburgBoundaryLift_mem_pathJacobianIdeal' depends on axioms: [propext,
 Classical.choice,
 Quot.sound]
'ASGinzburg.CutQuiver.ginzburgJacobianPathClass' depends on axioms: [propext, Classical.choice, Quot.sound]
'ASGinzburg.CutQuiver.originalGinzburgDegreeZeroEquiv_comp' depends on axioms: [propext, Classical.choice, Quot.sound]
'ASGinzburg.CutQuiver.ginzburgZeroQuotientJacobianEquiv_comp' depends on axioms: [propext, Classical.choice, Quot.sound]
'ASGinzburg.CutQuiver.GinzburgPath.transport_length' does not depend on any axioms
'ASGinzburg.CutQuiver.GinzburgLastGeneratorData.path_length' depends on axioms: [propext]
'ASGinzburg.CutQuiver.GinzburgLastGeneratorData.path_lastGenerator' depends on axioms: [propext, Quot.sound]
'ASGinzburg.CutQuiver.ginzburgGeneratorLayer_comp' depends on axioms: [propext, Classical.choice, Quot.sound]
'ASGinzburg.CutQuiver.GinzburgLastGeneratorData.path_cohomologicalDegree' does not depend on any axioms
'ASGinzburg.CutQuiver.GinzburgLastGeneratorData.path_cutDegree_iff' depends on axioms: [propext,
 Classical.choice,
 Quot.sound]
'ASGinzburg.CutQuiver.ginzburgLayerProjectiveComponentIso_class' depends on axioms: [propext,
 Classical.choice,
 Quot.sound]
'ASGinzburg.CutQuiver.ginzburgLayerProjectiveComponentIso' depends on axioms: [propext, Classical.choice, Quot.sound]
'ASGinzburg.CutQuiver.GinzburgRegular.simple_hasLeftFiniteProjectiveResolutionLength' depends on axioms: [propext,
 Classical.choice,
 Quot.sound]
'ASGinzburg.CutQuiver.GinzburgRegular.leftSimpleProjectiveResolution' depends on axioms: [propext,
 Classical.choice,
 Quot.sound]
'ASGinzburg.CutQuiver.ginzburgSignMap_single' depends on axioms: [propext, Classical.choice, Quot.sound]
'ASGinzburg.CutQuiver.ginzburgLoopOriginalArrowComponent' depends on axioms: [propext, Classical.choice, Quot.sound]
'ASGinzburg.CutQuiver.ginzburgLoopArrowRepresentative' depends on axioms: [propext, Classical.choice, Quot.sound]
'ASGinzburg.CutQuiver.ginzburgLoopDualHomology_on_representative' depends on axioms: [propext,
 Classical.choice,
 Quot.sound]
'ASGinzburg.ZAlgebra.ginzburgLoopCoefficientEvaluationEquiv_apply' depends on axioms: [propext,
 Classical.choice,
 Quot.sound]
'ASGinzburg.CutQuiver.ginzburgRepresentableADualOppositeLoopComponentEquiv' depends on axioms: [propext,
 Classical.choice,
 Quot.sound]
'ASGinzburg.CutQuiver.ginzburgLoopLayerDifferential' depends on axioms: [propext, Classical.choice, Quot.sound]
'ASGinzburg.CutQuiver.ginzburgPathWordMap_apply_toList' depends on axioms: [propext, Classical.choice, Quot.sound]
'ASGinzburg.CutQuiver.ginzburgDualDifferentialCoefficients' depends on axioms: [propext, Classical.choice, Quot.sound]
'ASGinzburg.CutQuiver.originalGinzburgLinearMap_baseArrow' depends on axioms: [propext, Classical.choice, Quot.sound]
'ASGinzburg.CutQuiver.ginzburgDifferential_originalDual' depends on axioms: [propext, Classical.choice, Quot.sound]
'ASGinzburg.CutQuiver.ginzburgLoopDifferential_square' depends on axioms: [propext, Classical.choice, Quot.sound]
'ASGinzburg.CutQuiver.ginzburgLoopDifferential_dual_word_coeff' depends on axioms: [propext,
 Classical.choice,
 Quot.sound]
'ASGinzburg.CutQuiver.GinzburgRegular.minimalASResolution' depends on axioms: [propext, Classical.choice, Quot.sound]
'ASGinzburg.CutQuiver.GinzburgRegular.simpleExtFinite_representable' depends on axioms: [propext,
 Classical.choice,
 Quot.sound]
'ASGinzburg.CutQuiver.GinzburgRegular.asExtTotalRank_ge_one' depends on axioms: [propext, Classical.choice, Quot.sound]
'ASGinzburg.CutQuiver.ginzburgNativeHom_lift_two' depends on axioms: [propext, Classical.choice, Quot.sound]
'ASGinzburg.CutQuiver.ginzburgASHom_lift_three_off_diagonal' depends on axioms: [propext, Classical.choice, Quot.sound]
'ASGinzburg.CutQuiver.ginzburgNativeHom_lift_three_off_diagonal' depends on axioms: [propext,
 Classical.choice,
 Quot.sound]
'ASGinzburg.CutQuiver.ginzburgOriginalOppositeDualEquiv_concrete' depends on axioms: [propext,
 Classical.choice,
 Quot.sound]
'ASGinzburg.CutQuiver.ginzburgDualOppositeCoefficientEquiv_apply_heq' depends on axioms: [propext,
 Classical.choice,
 Quot.sound]
'ASGinzburg.CutQuiver.ginzburgDualOppositeBase' depends on axioms: [propext, Classical.choice, Quot.sound]
'ASGinzburg.CutQuiver.ginzburgOriginalOppositeDualEquiv' depends on axioms: [propext, Classical.choice, Quot.sound]
'ASGinzburg.CutQuiver.ginzburgDualOppositeOriginalEquiv_val' depends on axioms: [propext, Classical.choice, Quot.sound]
'ASGinzburg.CutQuiver.ginzburgDualOppositeBase_loopEndpoint' depends on axioms: [propext, Classical.choice, Quot.sound]
'ASGinzburg.CutQuiver.ginzburgOppositeHessianProduct' depends on axioms: [propext, Classical.choice, Quot.sound]
'ASGinzburg.CutQuiver.ginzburgOriginalADualOppositeComponentEquiv' depends on axioms: [propext,
 Classical.choice,
 Quot.sound]
'ASGinzburg.CutQuiver.GinzburgRegular.opposite_exists_ASResolution' depends on axioms: [propext,
 Classical.choice,
 Quot.sound]
'ASGinzburg.CutQuiver.ginzburgOriginalFilteredLayer_supported_length' depends on axioms: [propext,
 Classical.choice,
 Quot.sound]
'ASGinzburg.CutQuiver.ginzburgOriginalUnitProjectiveClass_coefficients' depends on axioms: [propext,
 Classical.choice,
 Quot.sound]
'ASGinzburg.CutQuiver.ginzburgPathComp_single' depends on axioms: [propext, Classical.choice, Quot.sound]
'ASGinzburg.CutQuiver.id_ginzburgPathComp' depends on axioms: [propext, Classical.choice, Quot.sound]
'ASGinzburg.CutQuiver.ginzburgHomogeneousComponent_comp' depends on axioms: [propext, Classical.choice, Quot.sound]
'ASGinzburg.CutQuiver.ginzburgSign_add' depends on axioms: [propext, Classical.choice, Quot.sound]
'ASGinzburg.CutQuiver.ginzburgDifferential' depends on axioms: [propext, Classical.choice, Quot.sound]
'ASGinzburg.CutQuiver.ginzburgDifferential_id' depends on axioms: [propext, Classical.choice, Quot.sound]
'ASGinzburg.CutQuiver.GinzburgArrow.finiteCode_injective' depends on axioms: [propext]
'ASGinzburg.CutQuiver.GinzburgPath.boundedWord' depends on axioms: [propext, Classical.choice, Quot.sound]
'ASGinzburg.CutQuiver.GinzburgPath.finiteFixedCut' depends on axioms: [propext, Classical.choice, Quot.sound]
'ASGinzburg.CutQuiver.GinzburgPath.toList_sigma_injective' depends on axioms: [propext]
'ASGinzburg.CutQuiver.ginzburgPathWordMap_injective' depends on axioms: [propext, Classical.choice, Quot.sound]
'ASGinzburg.CutQuiver.degreeZeroGinzburgPaths' does not depend on any axioms
'ASGinzburg.CutQuiver.GinzburgPath.length' does not depend on any axioms
'ASGinzburg.CutQuiver.GinzburgPath.cutDegree' does not depend on any axioms
'ASGinzburg.CutQuiver.GinzburgPath.comp_nil' does not depend on any axioms
'ASGinzburg.CutQuiver.GinzburgPath.toList_comp' depends on axioms: [propext]
'ASGinzburg.CutQuiver.GinzburgPath.cutDegree_comp' depends on axioms: [propext]
'ASGinzburg.CutQuiver.GinzburgPath.winding_nonneg' depends on axioms: [propext, Classical.choice, Quot.sound]
'ASGinzburg.CutQuiver.Path.originalGinzburg' depends on axioms: [propext, Quot.sound]
'ASGinzburg.CutQuiver.ginzburgCochainTerm_isZero_of_pos' depends on axioms: [propext, Classical.choice, Quot.sound]
'ASGinzburg.CutQuiver.ginzburgRegular_iff_concentrated_zero' depends on axioms: [propext, Classical.choice, Quot.sound]
'ASGinzburg.CutQuiver.ginzburgPrefixToGradedRow_left_naturality' depends on axioms: [propext,
 Classical.choice,
 Quot.sound]
'ASGinzburg.CutQuiver.ginzburgPrefixTopQuotientFamilyEquiv_quotientMap_mk' depends on axioms: [propext,
 Classical.choice,
 Quot.sound]
'ASGinzburg.CutQuiver.ginzburgGeneratorUnitPrefix_val' depends on axioms: [propext, Classical.choice, Quot.sound]
'ASGinzburg.CutQuiver.ginzburgPrefixCoefficientZeroCutEquiv_coe' depends on axioms: [propext,
 Classical.choice,
 Quot.sound]
'ASGinzburg.CutQuiver.ginzburgPrefixGeneratorEndpoint' does not depend on any axioms
'ASGinzburg.CutQuiver.ginzburgPrefixFixedQuotientFamilyEquiv' depends on axioms: [propext, Classical.choice, Quot.sound]
'ASGinzburg.CutQuiver.ginzburgPrefixTopFixedUnrolledEquiv_left_naturality' depends on axioms: [propext,
 Classical.choice,
 Quot.sound]
'ASGinzburg.CutQuiver.ginzburgPrefixTopHomologyQuotientIso_π' depends on axioms: [propext, Classical.choice, Quot.sound]
'ASGinzburg.CutQuiver.ginzburgPrefixLeftTerm_apply_coe' depends on axioms: [propext, Classical.choice, Quot.sound]
'ASGinzburg.CutQuiver.ginzburgPrefixLeftHomology' depends on axioms: [propext, Classical.choice, Quot.sound]
'ASGinzburg.CutQuiver.ginzburgPrefixTopCanonicalShortComplexIso_left_naturality' depends on axioms: [propext,
 Classical.choice,
 Quot.sound]
'ASGinzburg.CutQuiver.ginzburgPrefixTopShortComplexCokernel_left_naturality' depends on axioms: [propext,
 Classical.choice,
 Quot.sound]
'ASGinzburg.CutQuiver.ginzburgPrefixCoefficientZeroCutEquiv_unit' depends on axioms: [propext,
 Classical.choice,
 Quot.sound]
'ASGinzburg.CutQuiver.ginzburgLoopDualProjectiveMap_arrow_entry' depends on axioms: [propext,
 Classical.choice,
 Quot.sound]
'ASGinzburg.ZAlgebra.ginzburgGeneratorCoefficientComponentEquiv_single_symm' depends on axioms: [propext,
 Classical.choice,
 Quot.sound]
'ASGinzburg.CutQuiver.ginzburgDualCoefficientClass' depends on axioms: [propext, Classical.choice, Quot.sound]
'ASGinzburg.CutQuiver.ginzburgDualOriginalProjectiveMap_class' depends on axioms: [propext,
 Classical.choice,
 Quot.sound]
'ASGinzburg.CutQuiver.ginzburgLoopDualProjectiveComponent_left_naturality' depends on axioms: [propext,
 Classical.choice,
 Quot.sound]
'ASGinzburg.CutQuiver.ginzburgProjectiveConnectingComponentShortComplex' depends on axioms: [propext,
 Classical.choice,
 Quot.sound]
'ASGinzburg.CutQuiver.ginzburgLoopDualProjectiveMap_comp' depends on axioms: [propext, Classical.choice, Quot.sound]
'ASGinzburg.CutQuiver.GinzburgRegular.projectiveConnectingShortComplex_exact' depends on axioms: [propext,
 Classical.choice,
 Quot.sound]
'ASGinzburg.CutQuiver.ginzburgLoopDualProjectiveMap' depends on axioms: [propext, Classical.choice, Quot.sound]
'ASGinzburg.CutQuiver.ginzburgDualOriginalProjectiveMap_whisker' depends on axioms: [propext,
 Classical.choice,
 Quot.sound]
'ASGinzburg.CutQuiver.ginzburgLoopDualProjectiveComponent_algebra_naturality' depends on axioms: [propext,
 Classical.choice,
 Quot.sound]
'ASGinzburg.CutQuiver.ginzburgDualOriginalProjectiveMap_coordinates' depends on axioms: [propext,
 Classical.choice,
 Quot.sound]
'ASGinzburg.CutQuiver.ginzburgOriginalRadicalProjectiveComponent' depends on axioms: [propext,
 Classical.choice,
 Quot.sound]
'ASGinzburg.CutQuiver.ginzburgDualOriginalProjectiveComponent_comp_radical' depends on axioms: [propext,
 Classical.choice,
 Quot.sound]
'ASGinzburg.CutQuiver.ginzburgDualOriginalProjectiveMap_comp_radical' depends on axioms: [propext,
 Classical.choice,
 Quot.sound]
'ASGinzburg.CutQuiver.ginzburgOriginalRepresentableProjectiveMap' depends on axioms: [propext,
 Classical.choice,
 Quot.sound]
'ASGinzburg.CutQuiver.ginzburgProjectiveOriginalSimpleShortComplex' depends on axioms: [propext,
 Classical.choice,
 Quot.sound]
'ASGinzburg.CutQuiver.ginzburgOriginalRadicalLiftedMap' depends on axioms: [propext, Classical.choice, Quot.sound]
'ASGinzburg.CutQuiver.ginzburgOriginalRadicalProjectiveMap_component' depends on axioms: [propext,
 Classical.choice,
 Quot.sound]
'ASGinzburg.CutQuiver.ginzburgProjectiveDualOriginalShortComplex_exact' depends on axioms: [propext,
 Classical.choice,
 Quot.sound]
'ASGinzburg.CutQuiver.ginzburgOriginalLayerHomologyTermOneIso' depends on axioms: [propext,
 Classical.choice,
 Quot.sound]
'ASGinzburg.CutQuiver.ginzburgUpperFilteredHomologyTermOneIso' depends on axioms: [propext,
 Classical.choice,
 Quot.sound]
'ASGinzburg.CutQuiver.ginzburgReflectionSign' depends on axioms: [propext]
'ASGinzburg.CutQuiver.ginzburgReflectionSign_succ' depends on axioms: [propext, Classical.choice, Quot.sound]
'ASGinzburg.GinzburgRegularPotential.asRegularAlgebra' depends on axioms: [propext, Classical.choice, Quot.sound]
'ASGinzburg.ginzburgRegularASClassMap_surjective_iff' depends on axioms: [propext, Classical.choice, Quot.sound]
'ASGinzburg.CutQuiver.GinzburgRegular.asRegular' depends on axioms: [propext, Classical.choice, Quot.sound]
'ASGinzburg.CutQuiver.ginzburgTotalCochainComplexTermIso' depends on axioms: [propext, Classical.choice, Quot.sound]
'ASGinzburg.CutQuiver.ginzburgTotalHomology_isZero_iff' depends on axioms: [propext, Classical.choice, Quot.sound]
'ASGinzburg.CutQuiver.GinzburgRegular.simpleExtPreservesExactColimits' depends on axioms: [propext,
 Classical.choice,
 Quot.sound]
'ASGinzburg.CutQuiver.ginzburgASProjectiveComplexTerm_finite' depends on axioms: [propext, Classical.choice, Quot.sound]
'ASGinzburg.CutQuiver.GinzburgRegular.simple_ext_ge_four_eq_zero' depends on axioms: [propext,
 Classical.choice,
 Quot.sound]
'ASGinzburg.CutQuiver.ginzburgDualCoefficientClass_single' depends on axioms: [propext, Classical.choice, Quot.sound]
'ASGinzburg.CutQuiver.ginzburgGeneratorUnitRepresentative_val' depends on axioms: [propext,
 Classical.choice,
 Quot.sound]
'ASGinzburg.CutQuiver.ginzburgSign_mul_self' depends on axioms: [propext, Classical.choice, Quot.sound]
'ASGinzburg.CutQuiver.ginzburgDifferential_square_single' depends on axioms: [propext, Classical.choice, Quot.sound]
'ASGinzburg.CutQuiver.ginzburgSupported_comp' depends on axioms: [propext, Classical.choice, Quot.sound]
'ASGinzburg.CutQuiver.ginzburgTotalHomologyZeroJacobianIso' depends on axioms: [propext, Classical.choice, Quot.sound]
'ASGinzburg.CutQuiver.ginzburgUnitLoopDifferential_val' depends on axioms: [propext, Classical.choice, Quot.sound]
'ASGinzburg.CutQuiver.ginzburgUnitDualHessianPrefix_eq' depends on axioms: [propext, Classical.choice, Quot.sound]
'ASGinzburg.CutQuiver.ginzburgUnrolledAugmentation' depends on axioms: [propext, Classical.choice, Quot.sound]
'ASGinzburg.CutQuiver.ginzburgUpperProjectiveComponentIso_coefficients' depends on axioms: [propext,
 Classical.choice,
 Quot.sound]
'ASGinzburg.CutQuiver.ginzburgUpperProjectiveComponentIso' depends on axioms: [propext, Classical.choice, Quot.sound]
'ASGinzburg.CutQuiver.ginzburgZeroComp_boundary_left' depends on axioms: [propext, Classical.choice, Quot.sound]
'ASGinzburg.CutQuiver.ginzburgZeroQuotientCompRight' depends on axioms: [propext, Classical.choice, Quot.sound]
'ASGinzburg.CutQuiver.ginzburgZeroQuotientComp' depends on axioms: [propext, Classical.choice, Quot.sound]
'ASGinzburg.scalarSubmoduleQuotientOperator_mkQ' depends on axioms: [propext, Classical.choice, Quot.sound]
'ASGinzburg.homogeneousComponent' depends on axioms: [propext, Classical.choice, Quot.sound]
'ASGinzburg.homogeneousLinearMapKernelDecomposition' depends on axioms: [propext, Classical.choice, Quot.sound]
'ASGinzburg.homogeneousLinearMapRangeDecomposition' depends on axioms: [propext, Classical.choice, Quot.sound]
'ASGinzburg.gradedNilpotentActionSpan_projection_positive' depends on axioms: [propext, Classical.choice, Quot.sound]
'ASGinzburg.homogeneousSubmodule_eq_top_of_radical_top' depends on axioms: [propext, Classical.choice, Quot.sound]
'ASGinzburg.gradedMinimalResolution_term_isZero_of_tor' depends on axioms: [propext, Classical.choice, Quot.sound]
'ASGinzburg.gradedZeroComponent' depends on axioms: [propext, Classical.choice, Quot.sound]
'ASGinzburg.gradedNilpotentActionSpan' depends on axioms: [propext, Quot.sound]
'ASGinzburg.gradedModule_subsingleton_of_linear_grading_nilpotent_action_span_top' depends on axioms: [propext,
 Classical.choice,
 Quot.sound]
'ASGinzburg.GradedOrdinaryModuleData.kernelGrade_mem_iff' depends on axioms: [propext, Classical.choice, Quot.sound]
'ASGinzburg.GradedOrdinaryModuleData.kernelGrade_eq_bot_of_lower_bound' depends on axioms: [propext,
 Classical.choice,
 Quot.sound]
'ASGinzburg.GradedOrdinaryModuleData.kernelInclusion_preservesGrade' depends on axioms: [propext,
 Classical.choice,
 Quot.sound]
'ASGinzburg.GradedOrdinaryModuleData.kernelIsoKernelModule' depends on axioms: [propext, Classical.choice, Quot.sound]
'ASGinzburg.GradedOrdinaryBoundedModule.complex_exactAt_succ' depends on axioms: [propext, Classical.choice, Quot.sound]
'ASGinzburg.GradedOrdinaryBoundedModule.resolution' depends on axioms: [propext, Classical.choice, Quot.sound]
'ASGinzburg.GradedOrdinaryBoundedModule.resolution_grade_boundedBelow' depends on axioms: [propext,
 Classical.choice,
 Quot.sound]
'ASGinzburg.GradedOrdinaryBoundedModule.syzygy' depends on axioms: [propext, Classical.choice, Quot.sound]
'ASGinzburg.GradedOrdinaryBoundedModule.cover' depends on axioms: [propext, Classical.choice, Quot.sound]
'ASGinzburg.GradedOrdinaryBoundedModule.term_boundedBelow' depends on axioms: [propext, Classical.choice, Quot.sound]
'ASGinzburg.GradedOrdinaryBoundedModule.inclusion_cover' depends on axioms: [propext, Classical.choice, Quot.sound]
'ASGinzburg.GradedOrdinaryBoundedModule.differential_sq' depends on axioms: [propext, Classical.choice, Quot.sound]
'ASGinzburg.GradedOrdinaryBoundedModule.inclusion_cover_exact' depends on axioms: [propext,
 Classical.choice,
 Quot.sound]
'ASGinzburg.GradedOrdinaryModuleData' depends on axioms: [propext, Classical.choice, Quot.sound]
'ASGinzburg.GradedOrdinaryModuleData.PreservesGrade' depends on axioms: [propext, Classical.choice, Quot.sound]
'ASGinzburg.GradedOrdinaryProjectiveCover' depends on axioms: [propext, Classical.choice, Quot.sound]
'ASGinzburg.GradedOrdinaryBoundedModule.resolution_d_minimal_all' depends on axioms: [propext,
 Classical.choice,
 Quot.sound]
'ASGinzburg.quadraticHilbert_closed' depends on axioms: [propext, Quot.sound]
'ASGinzburg.quadraticHilbert_unique' depends on axioms: [propext, Classical.choice, Quot.sound]
'ASGinzburg.homogeneousCore_le' depends on axioms: [propext, Classical.choice, Quot.sound]
'ASGinzburg.mem_homogeneousCore_of_components_mem' depends on axioms: [propext, Classical.choice, Quot.sound]
'ASGinzburg.homogeneousIdempotentFixedLift' depends on axioms: [propext, Classical.choice, Quot.sound]
'ASGinzburg.homogeneousOrdinaryQuotientGrade_smul_mem' depends on axioms: [propext, Quot.sound]
'ASGinzburg.homogeneousOrdinaryQuotientGrade' depends on axioms: [propext, Quot.sound]
'ASGinzburg.homogeneousOrdinaryQuotientDecomposition' depends on axioms: [propext, Classical.choice, Quot.sound]
'ASGinzburg.homogeneousOrdinaryQuotientGrade_eq_bot_of_lower_bound' depends on axioms: [propext,
 Classical.choice,
 Quot.sound]
'ASGinzburg.homogeneousQuotientGrade' depends on axioms: [propext, Quot.sound]
'ASGinzburg.homogeneousQuotientDecomposeMap_ker' depends on axioms: [propext, Classical.choice, Quot.sound]
'ASGinzburg.homogeneousSubmoduleGradeEmbedding' depends on axioms: [propext, Quot.sound]
'ASGinzburg.homogeneousSubmoduleGrade_eq_bot_of_lower_bound' depends on axioms: [propext, Quot.sound]
'ASGinzburg.limitPreservesColimitsOfExactShape' depends on axioms: [propext, Classical.choice, Quot.sound]
'ASGinzburg.cokernelFunctorPreservesColimits' depends on axioms: [propext, Classical.choice, Quot.sound]
'ASGinzburg.d_homologyAugmentationProjection' depends on axioms: [propext, Classical.choice, Quot.sound]
'ASGinzburg.homologyAugmentation_quasiIsoAt_self' depends on axioms: [propext, Classical.choice, Quot.sound]
'ASGinzburg.reverseChainHomotopy' depends on axioms: [propext, Classical.choice, Quot.sound]
'ASGinzburg.reverseCochainHomotopyUnitIso' depends on axioms: [propext, Classical.choice, Quot.sound]
'ASGinzburg.homotopyMapUnitIso' depends on axioms: [propext, Classical.choice, Quot.sound]
'ASGinzburg.homotopyMapAdditive' depends on axioms: [propext, Classical.choice, Quot.sound]
'ASGinzburg.homotopyOpFunctor' depends on axioms: [propext, Classical.choice, Quot.sound]
'ASGinzburg.homotopyOpCounitIso' depends on axioms: [propext, Classical.choice, Quot.sound]
'ASGinzburg.ordinaryOperatorActionSpan_smul_mem_of_scalar_span' depends on axioms: [propext,
 Classical.choice,
 Quot.sound]
'ASGinzburg.idealQuotientRightInducedField_eq' depends on axioms: [propext, Quot.sound]
'ASGinzburg.balancedTensorTorIdealQuotientCanonicalFieldIso' depends on axioms: [propext, Classical.choice, Quot.sound]
'ASGinzburg.principalIdempotentCoproductModule_finite' depends on axioms: [propext, Classical.choice, Quot.sound]
'ASGinzburg.principalIdempotentSmallCoproduct_finite' depends on axioms: [propext, Classical.choice, Quot.sound]
'ASGinzburg.principalIdempotentGradeDecomposition' depends on axioms: [propext, Classical.choice, Quot.sound]
'ASGinzburg.principalIdempotentMap' depends on axioms: [propext, Classical.choice, Quot.sound]
'ASGinzburg.principalIdempotentGenerator_fixed' depends on axioms: [propext, Classical.choice, Quot.sound]
'ASGinzburg.principalIdempotentHomEquiv' depends on axioms: [propext, Classical.choice, Quot.sound]
'ASGinzburg.principalIdempotentInclusion' depends on axioms: [propext, Classical.choice, Quot.sound]
'ASGinzburg.principalIdempotentModule_projective' depends on axioms: [propext, Classical.choice, Quot.sound]
'ASGinzburg.principalIdempotentModule_generator' depends on axioms: [propext, Classical.choice, Quot.sound]
'ASGinzburg.ZAlgebra.indecomposableBasisLift_decomposition' depends on axioms: [propext, Classical.choice, Quot.sound]
'ASGinzburg.ZAlgebra.Homomorphism.indecomposableMap_apply_mk' depends on axioms: [propext, Classical.choice, Quot.sound]
'ASGinzburg.ZAlgebra.Homomorphism.isomorphismOfIndecomposableSurjective' depends on axioms: [propext,
 Classical.choice,
 Quot.sound]
'ASGinzburg.CutQuiver.PathCutJacobianQuotient' depends on axioms: [propext, Classical.choice, Quot.sound]
'ASGinzburg.CutQuiver.cutJacobianQuotientCompPre' depends on axioms: [propext, Classical.choice, Quot.sound]
'ASGinzburg.CutQuiver.homogeneousJacobianOriginSheetEquiv' depends on axioms: [propext, Classical.choice, Quot.sound]
'ASGinzburg.CutQuiver.betweenSheetJacobianQuotientEquiv' depends on axioms: [propext, Classical.choice, Quot.sound]
'ASGinzburg.CutQuiver.homogeneousJacobianUnrolledEquiv' depends on axioms: [propext, Classical.choice, Quot.sound]
'ASGinzburg.ZAlgebra.leftModuleExtSuccPreservesColimits' depends on axioms: [propext, Classical.choice, Quot.sound]
'ASGinzburg.ZAlgebra.leftFiniteProjectiveResolutionExtPreservesExactColimits' depends on axioms: [propext,
 Classical.choice,
 Quot.sound]
'ASGinzburg.ZAlgebra.leftFiniteDimensionalExtCoproductIso' depends on axioms: [propext, Classical.choice, Quot.sound]
'ASGinzburg.ZAlgebra.leftFiniteDimensionalExtDirectSumLinearEquiv_postcomp_inclusion' depends on axioms: [propext,
 Classical.choice,
 Quot.sound]
'ASGinzburg.ZAlgebra.leftFiniteDimensionalExtRegularCoproductEquiv_action' depends on axioms: [propext,
 Classical.choice,
 Quot.sound]
'ASGinzburg.ZAlgebra.leftFiniteDimensionalExtTotalAlgebraLinearEquiv_representation' depends on axioms: [propext,
 Classical.choice,
 Quot.sound]
'ASGinzburg.ZAlgebra.leftModuleCoproductHomLinearEquiv' depends on axioms: [propext, Classical.choice, Quot.sound]
'ASGinzburg.ZAlgebra.leftRepresentableHomPreservesColimitsOfShape' depends on axioms: [propext,
 Classical.choice,
 Quot.sound]
'ASGinzburg.ZAlgebra.leftModuleHomPrecompNat_comp_zero' depends on axioms: [propext, Classical.choice, Quot.sound]
'ASGinzburg.ZAlgebra.leftModuleHomPrecompNatAppMono' depends on axioms: [propext, Classical.choice, Quot.sound]
'ASGinzburg.ZAlgebra.leftModuleHomKernelNatIso' depends on axioms: [propext, Classical.choice, Quot.sound]
'ASGinzburg.ZAlgebra.leftModuleHomDiagram' depends on axioms: [propext, Classical.choice, Quot.sound]
'ASGinzburg.ZAlgebra.leftModuleCoproductHomLimitIso' depends on axioms: [propext, Classical.choice, Quot.sound]
'ASGinzburg.ZAlgebra.leftFiniteRepresentableCoproductHomPreservesColimitsOfShape' depends on axioms: [propext,
 Classical.choice,
 Quot.sound]
'ASGinzburg.ZAlgebra.leftRepresentableFunctorAdditive' depends on axioms: [propext, Classical.choice, Quot.sound]
'ASGinzburg.ZAlgebra.leftModuleADual' depends on axioms: [propext, Classical.choice, Quot.sound]
'ASGinzburg.ZAlgebra.leftModuleADualFunctor' depends on axioms: [propext, Classical.choice, Quot.sound]
'ASGinzburg.ZAlgebra.leftRepresentableBidualIso' depends on axioms: [propext, Classical.choice, Quot.sound]
'ASGinzburg.ZAlgebra.leftModuleHasLimitsOfShape' depends on axioms: [propext, Classical.choice, Quot.sound]
'ASGinzburg.ZAlgebra.leftModuleInclusionCreatesColimitsOfShape' depends on axioms: [propext,
 Classical.choice,
 Quot.sound]
'ASGinzburg.ZAlgebra.leftModuleAbelian' depends on axioms: [propext, Classical.choice, Quot.sound]
'ASGinzburg.ZAlgebra.leftModuleGenerators' depends on axioms: [propext, Classical.choice, Quot.sound]
'ASGinzburg.ZAlgebra.freeLeftModuleProjective' depends on axioms: [propext, Classical.choice, Quot.sound]
'ASGinzburg.ZAlgebra.leftModuleProjectiveResolution' depends on axioms: [propext, Classical.choice, Quot.sound]
'ASGinzburg.ZAlgebra.leftRepresentableExtZeroEquiv' depends on axioms: [propext, Classical.choice, Quot.sound]
'ASGinzburg.ZAlgebra.leftModuleExtPrecompNat' depends on axioms: [propext, Classical.choice, Quot.sound]
'ASGinzburg.ZAlgebra.leftModuleExtPrecompNat_boundary_zero' depends on axioms: [propext, Classical.choice, Quot.sound]
'ASGinzburg.ZAlgebra.leftModuleExtBoundaryNatAppEpi' depends on axioms: [propext, Classical.choice, Quot.sound]
'ASGinzburg.ZAlgebra.leftModuleExtCokernelNatIso' depends on axioms: [propext, Classical.choice, Quot.sound]
'ASGinzburg.ZAlgebra.leftModuleExtRight_obj' depends on axioms: [propext, Classical.choice, Quot.sound]
'ASGinzburg.ZAlgebra.leftModuleExtBoundaryRightEpi' depends on axioms: [propext, Classical.choice, Quot.sound]
'ASGinzburg.ZAlgebra.leftModuleExtPrecompRight' depends on axioms: [propext, Classical.choice, Quot.sound]
'ASGinzburg.ZAlgebra.leftModuleExtBoundaryRight_exact' depends on axioms: [propext, Classical.choice, Quot.sound]
'ASGinzburg.ZAlgebra.leftModuleExt_comp_smul' depends on axioms: [propext, Classical.choice, Quot.sound]
'ASGinzburg.ZAlgebra.leftModuleExtBoundary_bijective' depends on axioms: [propext, Classical.choice, Quot.sound]
'ASGinzburg.ZAlgebra.leftModuleExtZeroDimensionShift' depends on axioms: [propext, Classical.choice, Quot.sound]
'ASGinzburg.ZAlgebra.leftModuleExtCovariantAdditive' depends on axioms: [propext, Classical.choice, Quot.sound]
'ASGinzburg.ZAlgebra.leftModuleEvaluationAdditive' depends on axioms: [propext, Classical.choice, Quot.sound]
'ASGinzburg.ZAlgebra.leftModuleInclusionPreservesHomology' depends on axioms: [propext, Classical.choice, Quot.sound]
'ASGinzburg.ZAlgebra.leftModuleCokernelObjIso' depends on axioms: [propext, Classical.choice, Quot.sound]
'ASGinzburg.ZAlgebra.leftModuleKernelObjIso_inv_ι' depends on axioms: [propext, Classical.choice, Quot.sound]
'ASGinzburg.ZAlgebra.leftModule_epi_iff' depends on axioms: [propext, Classical.choice, Quot.sound]
'ASGinzburg.ZAlgebra.leftModule_exact_iff' depends on axioms: [propext, Classical.choice, Quot.sound]
'ASGinzburg.ZAlgebra.leftRepresentableToElement' depends on axioms: [propext, Classical.choice, Quot.sound]
'ASGinzburg.ZAlgebra.leftRepresentableYonedaEquiv_comp' depends on axioms: [propext, Classical.choice, Quot.sound]
'ASGinzburg.ZAlgebra.leftModuleProperty' depends on axioms: [propext, Classical.choice, Quot.sound]
'ASGinzburg.ZAlgebra.leftRepresentable' depends on axioms: [propext, Classical.choice, Quot.sound]
'ASGinzburg.ZAlgebra.representableFunctorLinear' depends on axioms: [propext, Classical.choice, Quot.sound]
'ASGinzburg.ZAlgebra.rightModuleADual_obj' depends on axioms: [propext, Classical.choice, Quot.sound]
'ASGinzburg.ZAlgebra.representableADualComponentEquiv' depends on axioms: [propext, Classical.choice, Quot.sound]
'ASGinzburg.ZAlgebra.leftRegularCoproductComponentIso' depends on axioms: [propext, Classical.choice, Quot.sound]
'ASGinzburg.ZAlgebra.leftRegularCoproduct_inclusion_projection_off' depends on axioms: [propext,
 Classical.choice,
 Quot.sound]
'ASGinzburg.ZAlgebra.leftRegularCoproduct_inclusion_action_off' depends on axioms: [propext,
 Classical.choice,
 Quot.sound]
'ASGinzburg.ZAlgebra.leftRegularCoproductAction_comp' depends on axioms: [propext, Classical.choice, Quot.sound]
'ASGinzburg.ZAlgebra.leftLocallyUnitalExtIso' depends on axioms: [propext, Classical.choice, Quot.sound]
'ASGinzburg.ZAlgebra.leftRegularExtGrLinearEquiv_postcomp' depends on axioms: [propext, Classical.choice, Quot.sound]
'ASGinzburg.ZAlgebra.leftRegularComponentIso_lof_inv' depends on axioms: [propext, Classical.choice, Quot.sound]
'ASGinzburg.ZAlgebra.leftRegularTotalComponentsEquiv_matrixElement' depends on axioms: [propext,
 Classical.choice,
 Quot.sound]
'ASGinzburg.ZAlgebra.leftRegularMatrixElement_action' depends on axioms: [propext, Classical.choice, Quot.sound]
'ASGinzburg.ZAlgebra.leftRegularTotalAlgebraEquiv_representation' depends on axioms: [propext,
 Classical.choice,
 Quot.sound]
'ASGinzburg.ZAlgebra.leftResolutionDualComplex_exactAt_low' depends on axioms: [propext, Classical.choice, Quot.sound]
'ASGinzburg.ZAlgebra.leftResolutionDualFourTerm_finite' depends on axioms: [propext, Classical.choice, Quot.sound]
'ASGinzburg.ZAlgebra.leftResolutionBidualTopProjectionEpi' depends on axioms: [propext, Classical.choice, Quot.sound]
'ASGinzburg.ZAlgebra.leftResolutionBidualTopProjection_exact' depends on axioms: [propext, Classical.choice, Quot.sound]
'ASGinzburg.ZAlgebra.LeftSubmodule.presheaf' depends on axioms: [propext, Classical.choice, Quot.sound]
'ASGinzburg.ZAlgebra.LeftSubmodule.object' depends on axioms: [propext, Classical.choice, Quot.sound]
'ASGinzburg.ZAlgebra.LeftSubmodule.quotient' depends on axioms: [propext, Classical.choice, Quot.sound]
'ASGinzburg.ZAlgebra.LeftSubmodule.quotientShortComplex' depends on axioms: [propext, Classical.choice, Quot.sound]
'ASGinzburg.ZAlgebra.LiftedModuleIndex' depends on axioms: [propext, Classical.choice, Quot.sound]
'ASGinzburg.ZAlgebra.liftedModuleIndexWhisker' depends on axioms: [propext, Classical.choice, Quot.sound]
'ASGinzburg.ZAlgebra.rightModuleHomOfLiftedComponents_whisker' depends on axioms: [propext,
 Classical.choice,
 Quot.sound]
'ASGinzburg.linearDirectSumPositiveSubspace' depends on axioms: [propext, Classical.choice, Quot.sound]
'ASGinzburg.linearDirectSumAugmentationKernel_eq_zero_sup_positive' depends on axioms: [propext,
 Classical.choice,
 Quot.sound]
'ASGinzburg.linearDirectSumHomogeneousSubspace' depends on axioms: [propext, Classical.choice, Quot.sound]
'ASGinzburg.linearDirectSumHomogeneousDecomposition' depends on axioms: [propext, Classical.choice, Quot.sound]
'ASGinzburg.exactExt_smul_comp' depends on axioms: [propext, Classical.choice, Quot.sound]
'ASGinzburg.exactExtPostcomp' depends on axioms: [propext, Classical.choice, Quot.sound]
'ASGinzburg.exactExtCovariantLinear' depends on axioms: [propext, Classical.choice, Quot.sound]
'ASGinzburg.exactExtPostcompIso_conjugation' depends on axioms: [propext, Classical.choice, Quot.sound]
'ASGinzburg.ZAlgebra.LinearIdeal.comp_mem_mul' depends on axioms: [propext, Classical.choice, Quot.sound]
'ASGinzburg.linearPresheafProperty_closedUnderLimits' depends on axioms: [propext, Classical.choice, Quot.sound]
'ASGinzburg.linearPresheafHasColimitsOfShape' depends on axioms: [propext, Classical.choice, Quot.sound]
'ASGinzburg.linearPresheafHasFiniteProducts' depends on axioms: [propext, Classical.choice, Quot.sound]
'ASGinzburg.linearPresheafInclusionPreservesFiniteLimits' depends on axioms: [propext, Classical.choice, Quot.sound]
'ASGinzburg.linearRepresentationPrecomposition' depends on axioms: [propext, Classical.choice, Quot.sound]
'ASGinzburg.linearRepresentationPrecompositionFaithful' depends on axioms: [propext, Classical.choice, Quot.sound]
'ASGinzburg.linearRepresentationPrecompositionIsEquivalence' depends on axioms: [propext, Classical.choice, Quot.sound]
'ASGinzburg.ZAlgebra.rightTotalLocallyUnitalFunctorAdditive' depends on axioms: [propext, Classical.choice, Quot.sound]
'ASGinzburg.ZAlgebra.leftTotalLocallyUnitalFunctorLinear' depends on axioms: [propext, Classical.choice, Quot.sound]
'ASGinzburg.ZAlgebra.rightLocallyUnitalComponentFunctorLinear' depends on axioms: [propext,
 Classical.choice,
 Quot.sound]
'ASGinzburg.ZAlgebra.leftLocallyUnitalHasFiniteProducts' depends on axioms: [propext, Classical.choice, Quot.sound]
'ASGinzburg.ZAlgebra.rightLocallyUnitalAbelian' depends on axioms: [propext, Classical.choice, Quot.sound]
'ASGinzburg.ZAlgebra.leftLocallyUnitalHasExt' depends on axioms: [propext, Classical.choice, Quot.sound]
'ASGinzburg.ZAlgebra.rightUnitizationComponentSum_action' depends on axioms: [propext, Classical.choice, Quot.sound]
'ASGinzburg.ZAlgebra.leftUnitization_smul_decomposition' depends on axioms: [propext, Classical.choice, Quot.sound]
'ASGinzburg.ZAlgebra.rightUnitizationComponentSumModuleMap' depends on axioms: [propext, Classical.choice, Quot.sound]
'ASGinzburg.ZAlgebra.leftUnitizationComponentSumModuleMap_natural' depends on axioms: [propext,
 Classical.choice,
 Quot.sound]
'ASGinzburg.ZAlgebra.rightLocallyUnitalCounitIso' depends on axioms: [propext, Classical.choice, Quot.sound]
'ASGinzburg.ZAlgebra.leftLocallyUnitalEquivalence' depends on axioms: [propext, Classical.choice, Quot.sound]
'ASGinzburg.ZAlgebra.rightTotalLocallyUnitalFunctorIsEquivalence' depends on axioms: [propext,
 Classical.choice,
 Quot.sound]
'ASGinzburg.ZAlgebra.rightLocallyUnitalExtModule' depends on axioms: [propext, Classical.choice, Quot.sound]
'ASGinzburg.ZAlgebra.leftLocallyUnitalExtLinearEquiv' depends on axioms: [propext, Classical.choice, Quot.sound]
'ASGinzburg.exactEquivalenceExtAddEquiv_precomp' depends on axioms: [propext, Classical.choice, Quot.sound]
'ASGinzburg.ZAlgebra.leftLocallyUnitalExtLinearEquiv_toAddEquiv' depends on axioms: [propext,
 Classical.choice,
 Quot.sound]
'ASGinzburg.ZAlgebra.rightLocallyUnitalExtLinearEquiv_toAddEquiv' depends on axioms: [propext,
 Classical.choice,
 Quot.sound]
'ASGinzburg.ZAlgebra.totalUnitization' depends on axioms: [propext, Classical.choice, Quot.sound]
'ASGinzburg.ZAlgebra.leftTotalUnitalRepresentation' depends on axioms: [propext, Classical.choice, Quot.sound]
'ASGinzburg.ZAlgebra.leftTotalUnitizationModule' depends on axioms: [propext, Classical.choice, Quot.sound]
'ASGinzburg.ZAlgebra.rightTotalUnitalRepresentation_op_coe' depends on axioms: [propext, Classical.choice, Quot.sound]
'ASGinzburg.ZAlgebra.leftTotalModule_component_smul' depends on axioms: [propext, Classical.choice, Quot.sound]
'ASGinzburg.ZAlgebra.rightLocallyUnitalProperty' depends on axioms: [propext, Classical.choice, Quot.sound]
'ASGinzburg.ZAlgebra.leftTotalModule_locally_unital' depends on axioms: [propext, Classical.choice, Quot.sound]
'ASGinzburg.ZAlgebra.rightTotalLocallyUnitalModule' depends on axioms: [propext, Classical.choice, Quot.sound]
'ASGinzburg.ZAlgebra.MinimalPathPresentation.liftIncomingFamily' depends on axioms: [propext,
 Classical.choice,
 Quot.sound]
'ASGinzburg.ZAlgebra.MinimalPathPresentation.arrowSubstitution_commutes' depends on axioms: [propext,
 Classical.choice,
 Quot.sound]
'ASGinzburg.ZAlgebra.MinimalPathPresentation.basisChangeIsomorphism' depends on axioms: [propext,
 Classical.choice,
 Quot.sound]
'ASGinzburg.ZAlgebra.MinimalPathPresentation.indecomposableEquiv' depends on axioms: [propext,
 Classical.choice,
 Quot.sound]
'ASGinzburg.ZAlgebra.MinimalPathPresentation.indecomposableChangeEquiv_commutes' depends on axioms: [propext,
 Classical.choice,
 Quot.sound]
'ASGinzburg.CutQuiver.minimalRelationBasisLift_class' depends on axioms: [propext, Classical.choice, Quot.sound]
'ASGinzburg.ZAlgebra.LinearIdeal.mul_hom_le_left' depends on axioms: [propext, Classical.choice, Quot.sound]
'ASGinzburg.CutQuiver.relationDecomposables_le' depends on axioms: [propext, Classical.choice, Quot.sound]
'ASGinzburg.CutQuiver.minimalRelation_mk_eq_zero_iff' depends on axioms: [propext, Classical.choice, Quot.sound]
'ASGinzburg.ZAlgebra.rightModuleBidualEvaluation_natural' depends on axioms: [propext, Classical.choice, Quot.sound]
'ASGinzburg.ZAlgebra.leftModuleBidualElement' depends on axioms: [propext, Classical.choice, Quot.sound]
'ASGinzburg.ZAlgebra.leftRepresentableBidualEvaluation_comp_iso' depends on axioms: [propext,
 Classical.choice,
 Quot.sound]
'ASGinzburg.ZAlgebra.leftModuleADualFunctorAdditive' depends on axioms: [propext, Classical.choice, Quot.sound]
'ASGinzburg.ZAlgebra.rightModuleBidualEvaluationNatTrans' depends on axioms: [propext, Classical.choice, Quot.sound]
'ASGinzburg.ZAlgebra.leftModuleBidualFunctorAdditive' depends on axioms: [propext, Classical.choice, Quot.sound]
'ASGinzburg.moduleCatShortComplexQuotientMap' depends on axioms: [propext, Classical.choice, Quot.sound]
'ASGinzburg.moduleCatFiniteCoproduct_finite' depends on axioms: [propext, Classical.choice, Quot.sound]
'ASGinzburg.moduleCatRestrictionReflectsSmallColimits' depends on axioms: [propext, Classical.choice, Quot.sound]
'ASGinzburg.moduleCatRingEquiv_hasProjectiveDimensionLE_three' depends on axioms: [propext,
 Classical.choice,
 Quot.sound]
'ASGinzburg.moduleCochainHomologyClass_exists' depends on axioms: [propext, Classical.choice, Quot.sound]
'ASGinzburg.moduleCatCokernelHomologyIso_π' depends on axioms: [propext, Classical.choice, Quot.sound]
'ASGinzburg.moduleFieldRestrictionPreservesHomology' depends on axioms: [propext, Classical.choice, Quot.sound]
'ASGinzburg.moduleFieldTensorResolutionHomotopyEquiv_quasiIso' depends on axioms: [propext,
 Classical.choice,
 Quot.sound]
'ASGinzburg.moduleTensorBifunctor' depends on axioms: [propext, Classical.choice, Quot.sound]
'ASGinzburg.ZAlgebra.rightModuleVectorDual' depends on axioms: [propext, Classical.choice, Quot.sound]
'ASGinzburg.ZAlgebra.leftModuleVectorDualMap' depends on axioms: [propext, Classical.choice, Quot.sound]
'ASGinzburg.ZAlgebra.rightModuleVectorDual_finite' depends on axioms: [propext, Classical.choice, Quot.sound]
'ASGinzburg.ZAlgebra.leftModuleVectorBidualEvaluation_isIso' depends on axioms: [propext, Classical.choice, Quot.sound]
'ASGinzburg.ZAlgebra.rightModuleVectorDualFunctor' depends on axioms: [propext, Classical.choice, Quot.sound]
'ASGinzburg.ZAlgebra.leftModuleVectorDualFunctorAdditive' depends on axioms: [propext, Classical.choice, Quot.sound]
'ASGinzburg.ZAlgebra.rightFiniteDimensional_isZero_iff' depends on axioms: [propext, Classical.choice, Quot.sound]
'ASGinzburg.ZAlgebra.leftFiniteDimensionalExtThreeSimpleIso' depends on axioms: [propext, Classical.choice, Quot.sound]
'ASGinzburg.ZAlgebra.rightFiniteDimensionalNakayamaInverseUnderlying' depends on axioms: [propext,
 Classical.choice,
 Quot.sound]
'ASGinzburg.ZAlgebra.rightFiniteWindowNakayamaRepresentableModuleIso' depends on axioms: [propext,
 Classical.choice,
 Quot.sound]
'ASGinzburg.ZAlgebra.rightFiniteDimensionalNakayamaUnderlyingMap_comp' depends on axioms: [propext,
 Classical.choice,
 Quot.sound]
'ASGinzburg.ZAlgebra.rightFiniteWindowNakayamaEquivalence_functor_eq' depends on axioms: [propext,
 Classical.choice,
 Quot.sound]
'ASGinzburg.ZAlgebra.rightFiniteWindowNakayamaSimpleIso_underlying_hom' depends on axioms: [propext,
 Classical.choice,
 Quot.sound]
'ASGinzburg.ZAlgebra.rightFiniteWindowNakayamaComponentEquiv' depends on axioms: [propext, Classical.choice, Quot.sound]
'ASGinzburg.ZAlgebra.rightFiniteWindowNakayamaComponentEquiv_comp' depends on axioms: [propext,
 Classical.choice,
 Quot.sound]
'ASGinzburg.ZAlgebra.rightFiniteWindowNakayamaUnitIso' depends on axioms: [propext, Classical.choice, Quot.sound]
'ASGinzburg.ZAlgebra.rightFiniteWindowNakayamaFunctorAdditive' depends on axioms: [propext,
 Classical.choice,
 Quot.sound]
'ASGinzburg.ZAlgebra.rightFiniteWindowNakayamaEquivalenceFunctorLinear' depends on axioms: [propext,
 Classical.choice,
 Quot.sound]
'ASGinzburg.ZAlgebra.rightFiniteWindowNakayamaChosenSimpleIso' depends on axioms: [propext,
 Classical.choice,
 Quot.sound]
'ASGinzburg.ZAlgebra.rightFiniteWindowNakayamaChosenRepresentableCoverEpi' depends on axioms: [propext,
 Classical.choice,
 Quot.sound]
'ASGinzburg.ZAlgebra.rightFiniteWindowNakayamaChosenRepresentableIso' depends on axioms: [propext,
 Classical.choice,
 Quot.sound]
'ASGinzburg.ZAlgebra.rightFiniteWindowNakayamaChosenRepresentableModuleIso_hom_cover' depends on axioms: [propext,
 Classical.choice,
 Quot.sound]
'ASGinzburg.ZAlgebra.rightFiniteWindowNakayamaRepresentableCoverEpi' depends on axioms: [propext,
 Classical.choice,
 Quot.sound]
'ASGinzburg.ZAlgebra.rightFiniteWindowNakayamaRepresentableCover_nonzero' depends on axioms: [propext,
 Classical.choice,
 Quot.sound]
'ASGinzburg.ZAlgebra.rightFiniteDimensionalNakayamaUnderlying' depends on axioms: [propext,
 Classical.choice,
 Quot.sound]
'ASGinzburg.natDownTotalComplexShapeSymmetry' depends on axioms: [propext, Classical.choice, Quot.sound]
'ASGinzburg.natHomogeneousSubspaceIntegerExtension_natCast' depends on axioms: [propext, Classical.choice, Quot.sound]
'ASGinzburg.natHomogeneousSubspaceIntegerExtension_iSupIndep' depends on axioms: [propext, Classical.choice, Quot.sound]
'ASGinzburg.natHomogeneousSubspaceIntegerExtensionDecomposition' depends on axioms: [propext,
 Classical.choice,
 Quot.sound]
'ASGinzburg.module_eq_zero_of_ideal_power_annihilates_action_span_top' depends on axioms: [propext,
 Classical.choice,
 Quot.sound]
'ASGinzburg.noncommIdealSup_pow_eq_bot' depends on axioms: [propext, Classical.choice, Quot.sound]
'ASGinzburg.normalizedProjectiveIso_hom_comp' depends on axioms: [propext, Classical.choice]
'ASGinzburg.oneDimensionalRepresentationCharacter_apply' depends on axioms: [propext, Classical.choice, Quot.sound]
'ASGinzburg.oneDimensionalRepresentationCharacter' depends on axioms: [propext, Classical.choice, Quot.sound]
'ASGinzburg.oneDimensionalRightRepresentationCharacter' depends on axioms: [propext, Classical.choice, Quot.sound]
'ASGinzburg.CutQuiver.pathJacobianBetweenSheetIdeal_opposite_map' depends on axioms: [propext,
 Classical.choice,
 Quot.sound]
'ASGinzburg.CutQuiver.oppositeBetweenSheetJacobianEquiv_comp' depends on axioms: [propext, Classical.choice, Quot.sound]
'ASGinzburg.CutQuiver.oppositeBetweenSheetPathCutEquiv_comp' depends on axioms: [propext, Classical.choice, Quot.sound]
'ASGinzburg.CutQuiver.opposite' depends on axioms: [propext, Quot.sound]
'ASGinzburg.CutQuiver.opposite_cutDegree' depends on axioms: [propext, Quot.sound]
'ASGinzburg.CutQuiver.oppositeLiftVertexEquiv_tau' depends on axioms: [propext, Classical.choice, Quot.sound]
'ASGinzburg.CutQuiver.oppositeGinzburgArrowEquiv' depends on axioms: [propext, Quot.sound]
'ASGinzburg.CutQuiver.GinzburgArrow.opposite_cohomologicalDegree' depends on axioms: [propext, Quot.sound]
'ASGinzburg.CutQuiver.oppositeGinzburgCochainIso' depends on axioms: [propext, Classical.choice, Quot.sound]
'ASGinzburg.CutQuiver.ginzburgRegular_opposite_iff' depends on axioms: [propext, Classical.choice, Quot.sound]
'ASGinzburg.CutQuiver.oppositeGinzburgPathComponentEquiv_arrowDifferential' depends on axioms: [propext,
 Classical.choice,
 Quot.sound]
'ASGinzburg.CutQuiver.transportGinzburgPathComponent_single' depends on axioms: [propext, Classical.choice, Quot.sound]
'ASGinzburg.CutQuiver.originalGinzburgArrowPath_opposite' depends on axioms: [propext, Quot.sound]
'ASGinzburg.CutQuiver.oppositeGinzburgPathComponentEquiv_cohomological_map' depends on axioms: [propext,
 Classical.choice,
 Quot.sound]
'ASGinzburg.CutQuiver.oppositeGinzburgCohomologicalEquiv_coe' depends on axioms: [propext, Classical.choice, Quot.sound]
'ASGinzburg.CutQuiver.Path.opposite_originalGinzburg' depends on axioms: [propext, Quot.sound]
'ASGinzburg.CutQuiver.oppositeGinzburgPathComponentEquiv_comp' depends on axioms: [propext,
 Classical.choice,
 Quot.sound]
'ASGinzburg.CutQuiver.GinzburgArrow.unopposite_source' depends on axioms: [propext, Quot.sound]
'ASGinzburg.CutQuiver.GinzburgArrow.opposite_unopposite' depends on axioms: [propext, Quot.sound]
'ASGinzburg.CutQuiver.GinzburgPath.unopposite_toList' depends on axioms: [propext, Quot.sound]
'ASGinzburg.CutQuiver.GinzburgPath.toList_transport' does not depend on any axioms
'ASGinzburg.CutQuiver.GinzburgPath.opposite_toList' depends on axioms: [propext, Quot.sound]
'ASGinzburg.CutQuiver.GinzburgPath.opposite_winding' depends on axioms: [propext, Quot.sound]
'ASGinzburg.CutQuiver.oppositeGinzburgSignedEquiv_apply' depends on axioms: [propext, Classical.choice, Quot.sound]
'ASGinzburg.CutQuiver.oppositeJacobianCutQuotientEquiv' depends on axioms: [propext, Classical.choice, Quot.sound]
'ASGinzburg.CutQuiver.oppositeJacobianRightLeft_shortExact' depends on axioms: [propext, Classical.choice, Quot.sound]
'ASGinzburg.CutQuiver.oppositeJacobianRightRepresentableInverseAtIso' depends on axioms: [propext,
 Classical.choice,
 Quot.sound]
'ASGinzburg.CutQuiver.oppositeJacobianLeftFiniteProjective' depends on axioms: [propext, Classical.choice, Quot.sound]
'ASGinzburg.CutQuiver.pathJacobianIdeal_opposite_iff' depends on axioms: [propext, Classical.choice, Quot.sound]
'ASGinzburg.CutQuiver.oppositeJacobianLinearEquivalenceFunctorAdditive' depends on axioms: [propext,
 Classical.choice,
 Quot.sound]
'ASGinzburg.CutQuiver.oppositeJacobianLeftRightEquivalenceFunctorAdditive' depends on axioms: [propext,
 Classical.choice,
 Quot.sound]
'ASGinzburg.CutQuiver.oppositeJacobianLeftRightEvaluationIso' depends on axioms: [propext, Classical.choice, Quot.sound]
'ASGinzburg.CutQuiver.oppositeJacobianLeftSimpleDiagonalIso' depends on axioms: [propext, Classical.choice, Quot.sound]
'ASGinzburg.CutQuiver.oppositeJacobianRightRepresentableInverseIso' depends on axioms: [propext,
 Classical.choice,
 Quot.sound]
'ASGinzburg.CutQuiver.Path.opposite_length' depends on axioms: [propext, Quot.sound]
'ASGinzburg.CutQuiver.Path.opposite_injective' depends on axioms: [propext, Quot.sound]
'ASGinzburg.CutQuiver.oppositePathComponentEquiv_single' depends on axioms: [propext, Classical.choice, Quot.sound]
'ASGinzburg.CutQuiver.oppositePathComponentEquiv_toLinearMap' depends on axioms: [propext, Classical.choice, Quot.sound]
'ASGinzburg.CutQuiver.oppositePathCutEquiv_coe' depends on axioms: [propext, Classical.choice, Quot.sound]
'ASGinzburg.CutQuiver.oppositePathComponentEquiv_cyclicHessian' depends on axioms: [propext,
 Classical.choice,
 Quot.sound]
'ASGinzburg.CutQuiver.Path.unopposite_toList' depends on axioms: [propext, Quot.sound]
'ASGinzburg.CutQuiver.reverseCyclicPolynomial_mem_originalPotentialSpace' depends on axioms: [propext,
 Classical.choice,
 Quot.sound]
'ASGinzburg.CutQuiver.oppositePotentialEquiv_val' depends on axioms: [propext, Classical.choice, Quot.sound]
'ASGinzburg.CutQuiver.oppositeReflectedJacobianComponentEquiv_id' depends on axioms: [propext,
 Classical.choice,
 Quot.sound]
'ASGinzburg.CutQuiver.oppositeUnrolledJacobianHomEquiv_comp' depends on axioms: [propext, Classical.choice, Quot.sound]
'ASGinzburg.projectiveDimension_le_ordinaryGlobalDimension' depends on axioms: [propext, Classical.choice, Quot.sound]
'ASGinzburg.ordinaryGlobalDimension_eq_of_bound_and_attained' depends on axioms: [propext, Classical.choice, Quot.sound]
'ASGinzburg.ordinaryIdealActionSpan_map_mem' depends on axioms: [propext, Classical.choice, Quot.sound]
'ASGinzburg.ordinaryIdealActionDirectSumTopMap_apply' depends on axioms: [propext, Quot.sound]
'ASGinzburg.ordinaryIdealActionDirectSumTopEquiv' depends on axioms: [propext, Classical.choice, Quot.sound]
'ASGinzburg.ordinaryIdealActionDirectSumQuotientMap_apply' depends on axioms: [propext, Classical.choice, Quot.sound]
'ASGinzburg.ordinaryIdealActionDirectSumQuotientEquiv' depends on axioms: [propext, Classical.choice, Quot.sound]
'ASGinzburg.ordinaryIdealActionSubmodule' depends on axioms: [propext, Classical.choice, Quot.sound]
'ASGinzburg.ordinaryIdealActionTopRestrictScalarsEquiv' depends on axioms: [propext, Classical.choice, Quot.sound]
'ASGinzburg.ordinaryIdealActionTopMap' depends on axioms: [propext, Classical.choice, Quot.sound]
'ASGinzburg.ordinaryModule_finiteFreeRetract' depends on axioms: [propext, Classical.choice, Quot.sound]
'ASGinzburg.ordinaryFiniteProjectiveProperty_of_iso' depends on axioms: [propext, Quot.sound]
'ASGinzburg.ordinaryPerfectModuleProperty' depends on axioms: [propext, Classical.choice, Quot.sound]
'ASGinzburg.ordinaryPerfectDerivedProperty' depends on axioms: [propext, Classical.choice, Quot.sound]
'ASGinzburg.ordinaryPerfectModuleProperty_derived_single' depends on axioms: [propext, Classical.choice, Quot.sound]
'ASGinzburg.idempotentSmulLinearMap' depends on axioms: [propext]
'ASGinzburg.idempotentFixedSpaceGradedBasis' depends on axioms: [propext, Classical.choice, Quot.sound]
'ASGinzburg.idempotentHomogeneousBasis_apply' depends on axioms: [propext, Classical.choice, Quot.sound]
'ASGinzburg.idempotentFixedSpace' depends on axioms: [propext]
'ASGinzburg.CutQuiver.Path.comp' does not depend on any axioms
'ASGinzburg.CutQuiver.Path.comp_assoc' depends on axioms: [propext]
'ASGinzburg.CutQuiver.PathComponent' depends on axioms: [propext, Classical.choice, Quot.sound]
'ASGinzburg.CutQuiver.pathComp_single' depends on axioms: [propext, Classical.choice, Quot.sound]
'ASGinzburg.CutQuiver.pathComp_assoc' depends on axioms: [propext, Classical.choice, Quot.sound]
'ASGinzburg.CutQuiver.UnrolledPath.eraseBetween' depends on axioms: [propext, Classical.choice, Quot.sound]
'ASGinzburg.CutQuiver.pathCutProjection' depends on axioms: [propext, Classical.choice, Quot.sound]
'ASGinzburg.CutQuiver.pathCutProjection_mem' depends on axioms: [propext, Classical.choice, Quot.sound]
'ASGinzburg.CutQuiver.pathCutComponent_comp' depends on axioms: [propext, Classical.choice, Quot.sound]
'ASGinzburg.CutQuiver.pathCutUnrollingEquiv_symm_coe' depends on axioms: [propext, Classical.choice, Quot.sound]
'ASGinzburg.CutQuiver.pathCutUnrollingEquiv_jacobianRelation' depends on axioms: [propext, Classical.choice, Quot.sound]
'ASGinzburg.CutQuiver.pathCutUnrollingEquiv' depends on axioms: [propext, Classical.choice, Quot.sound]
'ASGinzburg.CutQuiver.transportPathComponent' depends on axioms: [propext, Classical.choice, Quot.sound]
'ASGinzburg.CutQuiver.pathWordMap_prepend' depends on axioms: [propext, Classical.choice, Quot.sound]
'ASGinzburg.CutQuiver.pathVertexCommutator_zero' depends on axioms: [propext, Classical.choice, Quot.sound]
'ASGinzburg.CutQuiver.pathCyclicDerivative_cut_support' depends on axioms: [propext, Classical.choice, Quot.sound]
'ASGinzburg.CutQuiver.derivativeAux_closed_path_mem' depends on axioms: [propext, Classical.choice, Quot.sound]
'ASGinzburg.CutQuiver.pathWordMap_range' depends on axioms: [propext, Classical.choice, Quot.sound]
'ASGinzburg.CutQuiver.pathCyclicDerivative' depends on axioms: [propext, Classical.choice, Quot.sound]
'ASGinzburg.CutQuiver.pathCyclicHessian' depends on axioms: [propext, Classical.choice, Quot.sound]
'ASGinzburg.CutQuiver.pathCyclicDerivative_snoc_coeff' depends on axioms: [propext, Classical.choice, Quot.sound]
'ASGinzburg.CutQuiver.closedPathTrace' depends on axioms: [propext, Classical.choice, Quot.sound]
'ASGinzburg.CutQuiver.pathCyclicTrace' depends on axioms: [propext, Classical.choice, Quot.sound]
'ASGinzburg.CutQuiver.pathCyclicQuotientTrace' depends on axioms: [propext, Classical.choice, Quot.sound]
'ASGinzburg.CutQuiver.Path.unrollDegree' depends on axioms: [propext, Quot.sound]
'ASGinzburg.CutQuiver.UnrolledPath.eraseDegree' depends on axioms: [propext, Classical.choice, Quot.sound]
'ASGinzburg.CutQuiver.unrollDegreeLinearMap_injective' depends on axioms: [propext, Classical.choice, Quot.sound]
'ASGinzburg.CutQuiver.ginzburgBoundaryLift_mem_contextSpan' depends on axioms: [propext, Classical.choice, Quot.sound]
'ASGinzburg.CutQuiver.pathJacobianCutIdeal' depends on axioms: [propext, Classical.choice, Quot.sound]
'ASGinzburg.CutQuiver.pathJacobianContextDegree' does not depend on any axioms
'ASGinzburg.CutQuiver.pathCutProjection_mem_homogeneousContextSpan' depends on axioms: [propext,
 Classical.choice,
 Quot.sound]
'ASGinzburg.CutQuiver.pathJacobianIdeal' depends on axioms: [propext, Classical.choice, Quot.sound]
'ASGinzburg.CutQuiver.pathCyclicDerivative_mem_boundary' depends on axioms: [propext, Classical.choice, Quot.sound]
'ASGinzburg.CutQuiver.ginzburgBoundaryLift_mem_lengthFiltration' depends on axioms: [propext,
 Classical.choice,
 Quot.sound]
'ASGinzburg.CutQuiver.PathRing' depends on axioms: [propext, Classical.choice, Quot.sound]
'ASGinzburg.CutQuiver.pathQuotientRingMap' depends on axioms: [propext, Classical.choice, Quot.sound]
'ASGinzburg.CutQuiver.pathJacobianRingMap_surjective' depends on axioms: [propext, Classical.choice, Quot.sound]
'ASGinzburg.CutQuiver.pathJacobianRingMap_eq_zero_iff' depends on axioms: [propext, Classical.choice, Quot.sound]
'ASGinzburg.CutQuiver.pathLengthFiltration' depends on axioms: [propext, Classical.choice, Quot.sound]
'ASGinzburg.CutQuiver.pathLengthIdeal' depends on axioms: [propext, Classical.choice, Quot.sound]
'ASGinzburg.CutQuiver.generatedPathIdeal' depends on axioms: [propext, Classical.choice, Quot.sound]
'ASGinzburg.CutQuiver.PathLinearIdeal.QuotientComponent' depends on axioms: [propext, Classical.choice, Quot.sound]
'ASGinzburg.CutQuiver.PathLinearIdeal.quotientCompPre' depends on axioms: [propext, Classical.choice, Quot.sound]
'ASGinzburg.CutQuiver.PathLinearIdeal.quotientComp_id' depends on axioms: [propext, Classical.choice, Quot.sound]
'ASGinzburg.CutQuiver.Path.transport' does not depend on any axioms
'ASGinzburg.CutQuiver.Path.toList_transport' does not depend on any axioms
'ASGinzburg.CutQuiver.UnrolledPath.erase' depends on axioms: [propext, Classical.choice, Quot.sound]
'ASGinzburg.CutQuiver.UnrolledPath.erase_cutDegree' depends on axioms: [propext, Classical.choice, Quot.sound]
'ASGinzburg.CutQuiver.Path.unroll_length' depends on axioms: [propext, Quot.sound]
'ASGinzburg.CutQuiver.Path.toList_comp' depends on axioms: [propext]
'ASGinzburg.CutQuiver.pathWordMap' depends on axioms: [propext, Classical.choice, Quot.sound]
'ASGinzburg.ZAlgebra.PeriodIso.cornerCoordinateObject' depends on axioms: [propext, Classical.choice, Quot.sound]
'ASGinzburg.ZAlgebra.PeriodIso.cornerCoordinateHomEquiv_comp' depends on axioms: [propext, Classical.choice, Quot.sound]
'ASGinzburg.ZAlgebra.PeriodIso.cornerCoverComp' depends on axioms: [propext, Classical.choice, Quot.sound]
'ASGinzburg.ZAlgebra.PeriodIso.cornerCoverComponentEquiv' depends on axioms: [propext, Classical.choice, Quot.sound]
'ASGinzburg.ZAlgebra.PeriodIso.cornerCoverComponentEquiv_symm_comp' depends on axioms: [propext,
 Classical.choice,
 Quot.sound]
'ASGinzburg.ZAlgebra.PeriodIso.cornerCoverIntegerEquiv_comp' depends on axioms: [propext, Classical.choice, Quot.sound]
'ASGinzburg.ZAlgebra.PeriodIso.cornerCoverRecovery' depends on axioms: [propext, Classical.choice, Quot.sound]
'ASGinzburg.ZAlgebra.PeriodIso.cornerInsertionMap_comp' depends on axioms: [propext, Classical.choice, Quot.sound]
'ASGinzburg.ZAlgebra.PeriodIso.cornerModuleGrade' depends on axioms: [propext, Classical.choice, Quot.sound]
'ASGinzburg.ZAlgebra.PeriodIso.cornerModuleDegreeRangeMap' depends on axioms: [propext, Classical.choice, Quot.sound]
'ASGinzburg.ZAlgebra.PeriodIso.CornerModuleDegreeSpace' depends on axioms: [propext, Classical.choice, Quot.sound]
'ASGinzburg.ZAlgebra.PeriodIso.cornerModuleDegreeInsertion_lof' depends on axioms: [propext,
 Classical.choice,
 Quot.sound]
'ASGinzburg.ZAlgebra.PeriodIso.cornerModuleDegreeRangeEquiv_map' depends on axioms: [propext,
 Classical.choice,
 Quot.sound]
'ASGinzburg.ZAlgebra.PeriodIso.cornerModuleGrade_isInternal' depends on axioms: [propext, Classical.choice, Quot.sound]
'ASGinzburg.ZAlgebra.PeriodIso.cornerModuleMap' depends on axioms: [propext, Classical.choice, Quot.sound]
'ASGinzburg.ZAlgebra.PeriodIso.cornerTotalEntryMap' depends on axioms: [propext, Classical.choice, Quot.sound]
'ASGinzburg.ZAlgebra.PeriodIso.cornerTotalEntryMap_comp' depends on axioms: [propext, Classical.choice, Quot.sound]
'ASGinzburg.ZAlgebra.PeriodIso.cornerTotalModuleLinearMap_lof' depends on axioms: [propext,
 Classical.choice,
 Quot.sound]
'ASGinzburg.ZAlgebra.PeriodIso.cornerTotalModuleLinearMap_mem_grade' depends on axioms: [propext,
 Classical.choice,
 Quot.sound]
'ASGinzburg.ZAlgebra.PeriodIso.cutAugmentationComponent_one' depends on axioms: [propext, Classical.choice, Quot.sound]
'ASGinzburg.ZAlgebra.PeriodIso.cutAugmentation_homogeneous' depends on axioms: [propext, Classical.choice, Quot.sound]
'ASGinzburg.ZAlgebra.PeriodIso.cutAugmentation_surjective' depends on axioms: [propext, Classical.choice, Quot.sound]
'ASGinzburg.ZAlgebra.PeriodIso.cutAugmentationQuotientAlgEquiv' depends on axioms: [propext,
 Classical.choice,
 Quot.sound]
'ASGinzburg.ZAlgebra.PeriodIso.cutZeroDiagonal_eq_zero_iff' depends on axioms: [propext, Classical.choice, Quot.sound]
'ASGinzburg.ZAlgebra.PeriodIso.CutGradedRightModule.boundedBelowMinimalResolution_term_isZero_of_tor' depends on axioms: [propext,
 Classical.choice,
 Quot.sound]
'ASGinzburg.ZAlgebra.PeriodIso.cutVertexCharacter_apply' depends on axioms: [propext, Classical.choice, Quot.sound]
'ASGinzburg.ZAlgebra.PeriodIso.cutHomogeneousComponentLinear_gradeTransport' depends on axioms: [propext,
 Classical.choice,
 Quot.sound]
'ASGinzburg.ZAlgebra.PeriodIso.sum_cutHomogeneousComponentLinear_target' depends on axioms: [propext,
 Classical.choice,
 Quot.sound]
'ASGinzburg.ZAlgebra.PeriodIso.CutGradedRightModule.componentRecomposition' depends on axioms: [propext,
 Classical.choice,
 Quot.sound]
'ASGinzburg.ZAlgebra.PeriodIso.cornerComponentInjection' depends on axioms: [propext, Classical.choice, Quot.sound]
'ASGinzburg.ZAlgebra.PeriodIso.cornerComponentInjection_projection' depends on axioms: [propext,
 Classical.choice,
 Quot.sound]
'ASGinzburg.ZAlgebra.PeriodIso.cutCornerEntry_val' depends on axioms: [propext, Classical.choice, Quot.sound]
'ASGinzburg.ZAlgebra.PeriodIso.cornerFieldComponents' depends on axioms: [propext, Classical.choice, Quot.sound]
'ASGinzburg.ZAlgebra.PeriodIso.cornerFieldTotalFunctorPreservesFiniteColimits' depends on axioms: [propext,
 Classical.choice,
 Quot.sound]
'ASGinzburg.ZAlgebra.PeriodIso.cornerFieldTotalObjIso_ι_hom' depends on axioms: [propext, Classical.choice, Quot.sound]
'ASGinzburg.ZAlgebra.PeriodIso.cornerTotalSpaceFunctorPreservesFiniteColimits' depends on axioms: [propext,
 Classical.choice,
 Quot.sound]
'ASGinzburg.ZAlgebra.PeriodIso.sum_cutHomogeneousComponentLinear' depends on axioms: [propext,
 Classical.choice,
 Quot.sound]
'ASGinzburg.ZAlgebra.PeriodIso.cutHomogeneousCornerEquiv' depends on axioms: [propext, Classical.choice, Quot.sound]
'ASGinzburg.ZAlgebra.PeriodIso.cutHomogeneousComponentLinear' depends on axioms: [propext, Classical.choice, Quot.sound]
'ASGinzburg.ZAlgebra.PeriodIso.cutHomogeneousEntryProjection_component' depends on axioms: [propext,
 Classical.choice,
 Quot.sound]
'ASGinzburg.ZAlgebra.PeriodIso.cutComponent_mul_vertexIdempotent' depends on axioms: [propext,
 Classical.choice,
 Quot.sound]
'ASGinzburg.ZAlgebra.PeriodIso.cornerGradedRightModule_grade_eq_bot_of_height_bound' depends on axioms: [propext,
 Classical.choice,
 Quot.sound]
'ASGinzburg.ZAlgebra.PeriodIso.cutDegreeZeroComponentEquiv' depends on axioms: [propext, Classical.choice, Quot.sound]
'ASGinzburg.ZAlgebra.PeriodIso.cutDegreeZeroFoundationLinearEquiv_apply' depends on axioms: [propext,
 Classical.choice,
 Quot.sound]
'ASGinzburg.ZAlgebra.PeriodIso.cutDegreeZeroFoundationAlgEquiv' depends on axioms: [propext,
 Classical.choice,
 Quot.sound]
'ASGinzburg.ZAlgebra.PeriodIso.cutEnvelopingHomogeneousInclusion_mem_augmentationKernel' depends on axioms: [propext,
 Classical.choice,
 Quot.sound]
'ASGinzburg.ZAlgebra.PeriodIso.cutEnvelopingAugmentation_tensorComparison' depends on axioms: [propext,
 Classical.choice,
 Quot.sound]
'ASGinzburg.ZAlgebra.PeriodIso.cutEnvelopingZeroInclusion' depends on axioms: [propext, Classical.choice, Quot.sound]
'ASGinzburg.ZAlgebra.PeriodIso.cutEnvelopingAugmentationKernel_comap_zeroInclusion' depends on axioms: [propext,
 Classical.choice,
 Quot.sound]
'ASGinzburg.ZAlgebra.PeriodIso.cutEnvelopingAugmentationZeroKernelImage' depends on axioms: [propext,
 Classical.choice,
 Quot.sound]
'ASGinzburg.ZAlgebra.PeriodIso.cutEnvelopingAugmentationKernelSubspace_eq_zero_sup_positive' depends on axioms: [propext,
 Classical.choice,
 Quot.sound]
'ASGinzburg.ZAlgebra.PeriodIso.cutEnvelopingZeroKernelOperators_span' depends on axioms: [propext,
 Classical.choice,
 Quot.sound]
'ASGinzburg.ZAlgebra.PeriodIso.cutEnvelopingAugmentation_degreeInclusion_pos' depends on axioms: [propext,
 Classical.choice,
 Quot.sound]
'ASGinzburg.ZAlgebra.PeriodIso.cutEnvelopingBigradingEquiv' depends on axioms: [propext, Classical.choice, Quot.sound]
'ASGinzburg.ZAlgebra.PeriodIso.cutEnvelopingBigradingEquiv_inclusion' depends on axioms: [propext,
 Classical.choice,
 Quot.sound]
'ASGinzburg.ZAlgebra.PeriodIso.cutEnvelopingCoordinateAugmentation_surjective' depends on axioms: [propext,
 Classical.choice,
 Quot.sound]
'ASGinzburg.ZAlgebra.PeriodIso.CutEnvelopingDegreePairs' does not depend on any axioms
'ASGinzburg.ZAlgebra.PeriodIso.cutEnvelopingDegreeEquiv_apply' depends on axioms: [propext,
 Classical.choice,
 Quot.sound]
'ASGinzburg.ZAlgebra.PeriodIso.cutEnvelopingDegreeEquiv_homogeneousInclusion' depends on axioms: [propext,
 Classical.choice,
 Quot.sound]
'ASGinzburg.ZAlgebra.PeriodIso.cutEnvelopingDegreePairFinEquiv' depends on axioms: [propext, Quot.sound]
'ASGinzburg.ZAlgebra.PeriodIso.cutEnvelopingDegreePair_zero' depends on axioms: [propext, Quot.sound]
'ASGinzburg.ZAlgebra.PeriodIso.cutEnvelopingZeroTensorDegreeEquiv' depends on axioms: [propext,
 Classical.choice,
 Quot.sound]
'ASGinzburg.ZAlgebra.PeriodIso.cutEnvelopingDegreeInclusion_zeroTensorDegreeEquiv' depends on axioms: [propext,
 Classical.choice,
 Quot.sound]
'ASGinzburg.ZAlgebra.PeriodIso.cutEnvelopingDegreeZeroEquiv_tmul' depends on axioms: [propext,
 Classical.choice,
 Quot.sound]
'ASGinzburg.ZAlgebra.PeriodIso.cutEnvelopingZeroInclusion_injective' depends on axioms: [propext,
 Classical.choice,
 Quot.sound]
'ASGinzburg.ZAlgebra.PeriodIso.cutEnvelopingDegreeZeroRange_one' depends on axioms: [propext,
 Classical.choice,
 Quot.sound]
'ASGinzburg.ZAlgebra.PeriodIso.cutEnvelopingDegreeZeroSubalgebraEquiv_apply' depends on axioms: [propext,
 Classical.choice,
 Quot.sound]
'ASGinzburg.ZAlgebra.PeriodIso.cutEnvelopingGradedModuleFieldSMul' depends on axioms: [propext,
 Classical.choice,
 Quot.sound]
'ASGinzburg.ZAlgebra.PeriodIso.cutEnvelopingGradedModuleScalarTower' depends on axioms: [propext,
 Classical.choice,
 Quot.sound]
'ASGinzburg.ZAlgebra.PeriodIso.cutEnvelopingGradedModule_subsingleton_of_radical_top' depends on axioms: [propext,
 Classical.choice,
 Quot.sound]
'ASGinzburg.ZAlgebra.PeriodIso.cutEnvelopingHomogeneousSubspace_mul_mem' depends on axioms: [propext,
 Classical.choice,
 Quot.sound]
'ASGinzburg.ZAlgebra.PeriodIso.cutEnvelopingHomogeneousSubspace' depends on axioms: [propext,
 Classical.choice,
 Quot.sound]
'ASGinzburg.ZAlgebra.PeriodIso.cutEnvelopingHomogeneousDecomposition' depends on axioms: [propext,
 Classical.choice,
 Quot.sound]
'ASGinzburg.ZAlgebra.PeriodIso.cutEnvelopingHomogeneousProjection_mem' depends on axioms: [propext,
 Classical.choice,
 Quot.sound]
'ASGinzburg.ZAlgebra.PeriodIso.cutEnvelopingIntegerHomogeneousSubspace' depends on axioms: [propext,
 Classical.choice,
 Quot.sound]
'ASGinzburg.ZAlgebra.PeriodIso.cutEnvelopingIntegerHomogeneousSubspaces_isInternal' depends on axioms: [propext,
 Classical.choice,
 Quot.sound]
'ASGinzburg.ZAlgebra.PeriodIso.cutEnvelopingIntegerGradedMul' depends on axioms: [propext, Classical.choice, Quot.sound]
'ASGinzburg.ZAlgebra.PeriodIso.cutEnvelopingIntegerGradedMonoid' depends on axioms: [propext,
 Classical.choice,
 Quot.sound]
'ASGinzburg.ZAlgebra.PeriodIso.cutEnvelopingKernel_zeroComap_pow_eq_bot' depends on axioms: [propext,
 Classical.choice,
 Quot.sound]
'ASGinzburg.ZAlgebra.PeriodIso.cutEnvelopingLinearGrade_positiveAction_raises' depends on axioms: [propext,
 Classical.choice,
 Quot.sound]
'ASGinzburg.ZAlgebra.PeriodIso.cutEnvelopingGradedProjectiveCover' depends on axioms: [propext,
 Classical.choice,
 Quot.sound]
'ASGinzburg.ZAlgebra.PeriodIso.cutEnvelopingGradedMinimalResolutionTermData' depends on axioms: [propext,
 Classical.choice,
 Quot.sound]
'ASGinzburg.ZAlgebra.PeriodIso.cutEnvelopingGradedMinimalResolution_minimal' depends on axioms: [propext,
 Classical.choice,
 Quot.sound]
'ASGinzburg.ZAlgebra.PeriodIso.cutEnvelopingRegularMinimalResolutionTermData_ringModule' depends on axioms: [propext,
 Classical.choice,
 Quot.sound]
'ASGinzburg.ZAlgebra.PeriodIso.CutEnvelopingPositiveOperator' depends on axioms: [propext, Classical.choice, Quot.sound]
'ASGinzburg.ZAlgebra.PeriodIso.cutEnvelopingPositiveOperatorValue' depends on axioms: [propext,
 Classical.choice,
 Quot.sound]
'ASGinzburg.ZAlgebra.PeriodIso.cutEnvelopingPositiveModuleOperator' depends on axioms: [propext,
 Classical.choice,
 Quot.sound]
'ASGinzburg.ZAlgebra.PeriodIso.cutEnvelopingAugmentation_surjective' depends on axioms: [propext,
 Classical.choice,
 Quot.sound]
'ASGinzburg.ZAlgebra.PeriodIso.CutEnvelopingAugmentationQuotient' depends on axioms: [propext,
 Classical.choice,
 Quot.sound]
'ASGinzburg.ZAlgebra.PeriodIso.cutEnvelopingAugmentationQuotientScalarAlgEquiv' depends on axioms: [propext,
 Classical.choice,
 Quot.sound]
'ASGinzburg.ZAlgebra.PeriodIso.cutEnvelopingRegularGradedData_ringModule' depends on axioms: [propext,
 Classical.choice,
 Quot.sound]
'ASGinzburg.ZAlgebra.PeriodIso.cutEnvelopingRegularModule' depends on axioms: [propext, Classical.choice, Quot.sound]
'ASGinzburg.ZAlgebra.PeriodIso.cutEnvelopingRegularHomogeneousOperator' depends on axioms: [propext,
 Classical.choice,
 Quot.sound]
'ASGinzburg.ZAlgebra.PeriodIso.cutEnvelopingRegularModule_integerDegree_smul' depends on axioms: [propext,
 Classical.choice,
 Quot.sound]
'ASGinzburg.ZAlgebra.PeriodIso.cutEnvelopingZeroRegularModule' depends on axioms: [propext,
 Classical.choice,
 Quot.sound]
'ASGinzburg.ZAlgebra.PeriodIso.cutIntegerHomogeneousSpace_zeroEnveloping_smul' depends on axioms: [propext,
 Classical.choice,
 Quot.sound]
'ASGinzburg.ZAlgebra.PeriodIso.cutEnvelopingRegularIntegerGrade_negative' depends on axioms: [propext,
 Classical.choice,
 Quot.sound]
'ASGinzburg.ZAlgebra.PeriodIso.cutEnvelopingVertexIdempotent_mem_degreeZero' depends on axioms: [propext,
 Classical.choice,
 Quot.sound]
'ASGinzburg.ZAlgebra.PeriodIso.cutEnvelopingOppositeFactorScalarComm' depends on axioms: [propext,
 Classical.choice,
 Quot.sound]
'ASGinzburg.ZAlgebra.PeriodIso.cutEnvelopingVertexIdempotent_mul_ne' depends on axioms: [propext,
 Classical.choice,
 Quot.sound]
'ASGinzburg.ZAlgebra.PeriodIso.cutEnvelopingZeroRestrictedRingModule' depends on axioms: [propext,
 Classical.choice,
 Quot.sound]
'ASGinzburg.ZAlgebra.PeriodIso.cutEnvelopingZeroRestrictedRingScalarTower' depends on axioms: [propext,
 Classical.choice,
 Quot.sound]
'ASGinzburg.ZAlgebra.PeriodIso.cutEnvelopingZeroRestrictedModule_smul' depends on axioms: [propext,
 Classical.choice,
 Quot.sound]
'ASGinzburg.ZAlgebra.PeriodIso.cornerRepresentable_ring_finite' depends on axioms: [propext,
 Classical.choice,
 Quot.sound]
'ASGinzburg.ZAlgebra.PeriodIso.cornerFieldTotalFunctorPreservesColimits' depends on axioms: [propext,
 Classical.choice,
 Quot.sound]
'ASGinzburg.ZAlgebra.PeriodIso.cornerModuleRingFunctor_map_exact' depends on axioms: [propext,
 Classical.choice,
 Quot.sound]
'ASGinzburg.ZAlgebra.PeriodIso.cornerModuleRingFunctorPreservesFiniteColimits' depends on axioms: [propext,
 Classical.choice,
 Quot.sound]
'ASGinzburg.ZAlgebra.PeriodIso.cutGradedForgetFunctor' depends on axioms: [propext, Classical.choice, Quot.sound]
'ASGinzburg.ZAlgebra.PeriodIso.cornerModuleRingFunctorAdditive' depends on axioms: [propext,
 Classical.choice,
 Quot.sound]
'ASGinzburg.ZAlgebra.PeriodIso.cornerRingScalarObjIso' depends on axioms: [propext, Classical.choice, Quot.sound]
'ASGinzburg.ZAlgebra.PeriodIso.cutGradedMonoid_mul_smul' depends on axioms: [propext, Classical.choice, Quot.sound]
'ASGinzburg.ZAlgebra.PeriodIso.cutAlgebraMap_apply' depends on axioms: [propext, Classical.choice, Quot.sound]
'ASGinzburg.ZAlgebra.PeriodIso.cutGradedComp_assoc' depends on axioms: [propext, Classical.choice, Quot.sound]
'ASGinzburg.ZAlgebra.PeriodIso.CutGradedRightModule.boundedBelowMinimalResolution_d_minimal' depends on axioms: [propext,
 Classical.choice,
 Quot.sound]
'ASGinzburg.ZAlgebra.PeriodIso.CutGradedHom' depends on axioms: [propext, Classical.choice, Quot.sound]
'ASGinzburg.ZAlgebra.PeriodIso.CutGradedRightModule.representation_mul_apply' depends on axioms: [propext,
 Classical.choice,
 Quot.sound]
'ASGinzburg.ZAlgebra.PeriodIso.cutGradedExtPostcomp' depends on axioms: [propext, Classical.choice, Quot.sound]
'ASGinzburg.ZAlgebra.PeriodIso.cutGradedExtCovariantLinear' depends on axioms: [propext, Classical.choice, Quot.sound]
'ASGinzburg.ZAlgebra.PeriodIso.cutGradedDerivedSingleLinear' depends on axioms: [propext, Classical.choice, Quot.sound]
'ASGinzburg.ZAlgebra.PeriodIso.recoveredRingForgetNatIso' depends on axioms: [propext, Classical.choice, Quot.sound]
'ASGinzburg.ZAlgebra.PeriodIso.cutGradedForgetFunctor_exact_iff' depends on axioms: [propext,
 Classical.choice,
 Quot.sound]
'ASGinzburg.ZAlgebra.PeriodIso.cutGradedForgetFunctorPreservesProjectiveObjects' depends on axioms: [propext,
 Classical.choice,
 Quot.sound]
'ASGinzburg.ZAlgebra.PeriodIso.cornerGradedModuleFunctorAdditive' depends on axioms: [propext,
 Classical.choice,
 Quot.sound]
'ASGinzburg.ZAlgebra.PeriodIso.cutGradedJacobson_eq_augmentationKernel' depends on axioms: [propext,
 Classical.choice,
 Quot.sound]
'ASGinzburg.ZAlgebra.PeriodIso.cutPositiveIdeal_le_gradedJacobson' depends on axioms: [propext,
 Classical.choice,
 Quot.sound]
'ASGinzburg.ZAlgebra.PeriodIso.CutGradedLeftModule.GradedEquiv' depends on axioms: [propext,
 Classical.choice,
 Quot.sound]
'ASGinzburg.ZAlgebra.PeriodIso.CutGradedLeftModule.leftModule' depends on axioms: [propext,
 Classical.choice,
 Quot.sound]
'ASGinzburg.ZAlgebra.PeriodIso.CutGradedLeftModule.shiftedDecomposition' depends on axioms: [propext,
 Classical.choice,
 Quot.sound]
'ASGinzburg.ZAlgebra.PeriodIso.cutMatrixComp' depends on axioms: [propext, Classical.choice, Quot.sound]
'ASGinzburg.ZAlgebra.PeriodIso.cutBlockTransport_apply' depends on axioms: [propext, Classical.choice, Quot.sound]
'ASGinzburg.ZAlgebra.PeriodIso.cutMatrixId_diag' depends on axioms: [propext, Classical.choice, Quot.sound]
'ASGinzburg.ZAlgebra.PeriodIso.cutMatrixComp_id_left' depends on axioms: [propext, Classical.choice, Quot.sound]
'ASGinzburg.ZAlgebra.PeriodIso.cutMaximalHomogeneous_isMaximal' depends on axioms: [propext,
 Classical.choice,
 Quot.sound]
'ASGinzburg.ZAlgebra.PeriodIso.cutGradedJacobson_eq_positive_jacobson' depends on axioms: [propext,
 Classical.choice,
 Quot.sound]
'ASGinzburg.ZAlgebra.PeriodIso.cutGradedMinimalResolution_ordinary_hasProjectiveDimensionLE_of_tor_four' depends on axioms: [propext,
 Classical.choice,
 Quot.sound]
'ASGinzburg.ZAlgebra.PeriodIso.cornerGradedModuleEquivalence_functor_additive' depends on axioms: [propext,
 Classical.choice,
 Quot.sound]
'ASGinzburg.ZAlgebra.PeriodIso.cutGradedModuleHasFiniteProducts' depends on axioms: [propext,
 Classical.choice,
 Quot.sound]
'ASGinzburg.ZAlgebra.PeriodIso.cutGradedModuleHasExt' depends on axioms: [propext, Classical.choice, Quot.sound]
'ASGinzburg.ZAlgebra.PeriodIso.CutGradedRightModule.vertexProjection' depends on axioms: [propext,
 Classical.choice,
 Quot.sound]
'ASGinzburg.ZAlgebra.PeriodIso.CutGradedRightModule.componentSubmodule' depends on axioms: [propext,
 Classical.choice,
 Quot.sound]
'ASGinzburg.ZAlgebra.PeriodIso.CutGradedRightModule.linear' depends on axioms: [propext, Classical.choice, Quot.sound]
'ASGinzburg.ZAlgebra.PeriodIso.cornerGradedModuleEquivalence_inverse_linear' depends on axioms: [propext,
 Classical.choice,
 Quot.sound]
'ASGinzburg.ZAlgebra.PeriodIso.cornerGradedModuleExtLinearEquiv' depends on axioms: [propext,
 Classical.choice,
 Quot.sound]
'ASGinzburg.ZAlgebra.PeriodIso.CutGradedRightModule.gradedRadicalActionSpan' depends on axioms: [propext,
 Classical.choice,
 Quot.sound]
'ASGinzburg.ZAlgebra.PeriodIso.CutGradedRightModule.gradedRadicalActionSpan_map_mem' depends on axioms: [propext,
 Classical.choice,
 Quot.sound]
'ASGinzburg.ZAlgebra.PeriodIso.cutBlockTransport_heq' depends on axioms: [propext, Classical.choice, Quot.sound]
'ASGinzburg.ZAlgebra.PeriodIso.cutHomogeneousProduct_assoc' depends on axioms: [propext, Classical.choice, Quot.sound]
'ASGinzburg.ZAlgebra.PeriodIso.cutBlockGOne' depends on axioms: [propext, Classical.choice, Quot.sound]
'ASGinzburg.ZAlgebra.PeriodIso.cutBlockGMonoid' depends on axioms: [propext, Classical.choice, Quot.sound]
'ASGinzburg.ZAlgebra.PeriodIso.cornerRepresentableGenerator' depends on axioms: [propext, Classical.choice, Quot.sound]
'ASGinzburg.ZAlgebra.PeriodIso.cornerRepresentableGenerator_span_top' depends on axioms: [propext,
 Classical.choice,
 Quot.sound]
'ASGinzburg.ZAlgebra.PeriodIso.cornerGradedRightModule' depends on axioms: [propext, Classical.choice, Quot.sound]
'ASGinzburg.ZAlgebra.PeriodIso.CutGradedRightModule.scalarComm' depends on axioms: [propext,
 Classical.choice,
 Quot.sound]
'ASGinzburg.ZAlgebra.PeriodIso.cutBlockGRing' depends on axioms: [propext, Classical.choice, Quot.sound]
'ASGinzburg.ZAlgebra.PeriodIso.cutHomogeneousInclusion_mul' depends on axioms: [propext, Classical.choice, Quot.sound]
'ASGinzburg.ZAlgebra.PeriodIso.CutGradedRightModule.shifted' depends on axioms: [propext, Classical.choice, Quot.sound]
'ASGinzburg.ZAlgebra.PeriodIso.CutGradedRightModule.shiftedFunctorLinear' depends on axioms: [propext,
 Classical.choice,
 Quot.sound]
'ASGinzburg.ZAlgebra.PeriodIso.CutGradedRightModule.shiftedFunctorZeroIso' depends on axioms: [propext,
 Classical.choice,
 Quot.sound]
'ASGinzburg.ZAlgebra.PeriodIso.cornerSimpleGrade_off' depends on axioms: [propext, Classical.choice, Quot.sound]
'ASGinzburg.ZAlgebra.PeriodIso.cornerSimpleTotalSpaceEquiv' depends on axioms: [propext, Classical.choice, Quot.sound]
'ASGinzburg.ZAlgebra.PeriodIso.CutGradedRightModule.subsingleton_space_of_grade_lower_bound_tensor_radical_quotient' depends on axioms: [propext,
 Classical.choice,
 Quot.sound]
'ASGinzburg.ZAlgebra.PeriodIso.cutGradedId' depends on axioms: [propext, Classical.choice, Quot.sound]
'ASGinzburg.ZAlgebra.PeriodIso.CutGradedRightModule.shifted_eqToHom_val' depends on axioms: [propext,
 Classical.choice,
 Quot.sound]
'ASGinzburg.ZAlgebra.PeriodIso.cutHomogeneousProjection' depends on axioms: [propext, Classical.choice, Quot.sound]
'ASGinzburg.ZAlgebra.PeriodIso.cutHomogeneousProjection_positive_mem' depends on axioms: [propext,
 Classical.choice,
 Quot.sound]
'ASGinzburg.ZAlgebra.PeriodIso.cutPositiveIdeal_homogeneous' depends on axioms: [propext, Classical.choice, Quot.sound]
'ASGinzburg.ZAlgebra.PeriodIso.cutGradedId_ne_zero' depends on axioms: [propext, Classical.choice, Quot.sound]
'ASGinzburg.ZAlgebra.PeriodIso.cutVertexIdempotent_mul_ne' depends on axioms: [propext, Classical.choice, Quot.sound]
'ASGinzburg.ZAlgebra.PeriodIso.cutIntegerHomogeneousSpace' depends on axioms: [propext, Classical.choice, Quot.sound]
'ASGinzburg.ZAlgebra.PeriodIso.integerCorner_le_integerHomogeneousSpace' depends on axioms: [propext,
 Classical.choice,
 Quot.sound]
'ASGinzburg.ZAlgebra.PeriodIso.cutMatrixComponent_apply_same' depends on axioms: [propext, Classical.choice, Quot.sound]
'ASGinzburg.ZAlgebra.PeriodIso.cutMatrixComp_component_ne' depends on axioms: [propext, Classical.choice, Quot.sound]
'ASGinzburg.ZAlgebra.PeriodIso.cutGradedJacobson_quotient_annihilated' depends on axioms: [propext,
 Classical.choice,
 Quot.sound]
'ASGinzburg.ZAlgebra.PeriodIso.cutRightSource' does not depend on any axioms
'ASGinzburg.ZAlgebra.PeriodIso.cutRightColumnMap_apply' depends on axioms: [propext, Classical.choice, Quot.sound]
'ASGinzburg.ZAlgebra.PeriodIso.cornerComponentEquiv_transport_val' depends on axioms: [propext,
 Classical.choice,
 Quot.sound]
'ASGinzburg.ZAlgebra.PeriodIso.CutGradedRightModule.totalDegreeComponentEquiv' depends on axioms: [propext,
 Classical.choice,
 Quot.sound]
'ASGinzburg.ZAlgebra.PeriodIso.cutHomogeneousRightOperator_matrixComp' depends on axioms: [propext,
 Classical.choice,
 Quot.sound]
'ASGinzburg.ZAlgebra.PeriodIso.CutGradedRightModule.degreeVertexSum' depends on axioms: [propext,
 Classical.choice,
 Quot.sound]
'ASGinzburg.ZAlgebra.PeriodIso.CutGradedRightModule.degreeVertexEquiv' depends on axioms: [propext,
 Classical.choice,
 Quot.sound]
'ASGinzburg.ZAlgebra.PeriodIso.cutRightEntryColumnMap_apply' depends on axioms: [propext, Classical.choice, Quot.sound]
'ASGinzburg.ZAlgebra.PeriodIso.cutHomogeneousRightOperator_lof_mem_grade' depends on axioms: [propext,
 Classical.choice,
 Quot.sound]
'ASGinzburg.ZAlgebra.PeriodIso.cutRightRepresentation_vertex_lof_self' depends on axioms: [propext,
 Classical.choice,
 Quot.sound]
'ASGinzburg.ZAlgebra.PeriodIso.cutHomogeneousRightOperator_component_lof' depends on axioms: [propext,
 Classical.choice,
 Quot.sound]
'ASGinzburg.ZAlgebra.PeriodIso.cutRightRepresentation_naturality' depends on axioms: [propext,
 Classical.choice,
 Quot.sound]
'ASGinzburg.ZAlgebra.PeriodIso.cutHomogeneousRightOperator_gradeTransport' depends on axioms: [propext,
 Classical.choice,
 Quot.sound]
'ASGinzburg.ZAlgebra.PeriodIso.CutGradedRightModule.vertexProjection_orthogonal' depends on axioms: [propext,
 Classical.choice,
 Quot.sound]
'ASGinzburg.ZAlgebra.PeriodIso.CutGradedRightModule.vertexProjection_mem_component' depends on axioms: [propext,
 Classical.choice,
 Quot.sound]
'ASGinzburg.ZAlgebra.PeriodIso.cutGradedMinimalMorphism_ordinary_actionSpan' depends on axioms: [propext,
 Classical.choice,
 Quot.sound]
'ASGinzburg.ZAlgebra.PeriodIso.cornerProjective_ring_projective' depends on axioms: [propext,
 Classical.choice,
 Quot.sound]
'ASGinzburg.ZAlgebra.PeriodIso.cutRegularRight_ring_projective' depends on axioms: [propext,
 Classical.choice,
 Quot.sound]
'ASGinzburg.ZAlgebra.PeriodIso.cornerModule_positive_action_mem_radical' depends on axioms: [propext,
 Classical.choice,
 Quot.sound]
'ASGinzburg.ZAlgebra.PeriodIso.cornerCoverHom_mem_gradedJacobson' depends on axioms: [propext,
 Classical.choice,
 Quot.sound]
'ASGinzburg.ZAlgebra.PeriodIso.cornerPositiveActionSpan_component_lof_mem' depends on axioms: [propext,
 Classical.choice,
 Quot.sound]
'ASGinzburg.ZAlgebra.PeriodIso.cornerRadicalActionSpan_component_mem' depends on axioms: [propext,
 Classical.choice,
 Quot.sound]
'ASGinzburg.ZAlgebra.PeriodIso.CutGradedRightModule.recoveredRightModule_isZero_above_of_grade_lower_bound' depends on axioms: [propext,
 Classical.choice,
 Quot.sound]
'ASGinzburg.ZAlgebra.PeriodIso.CutGradedRightModule.recoveredComponentAction_comp' depends on axioms: [propext,
 Classical.choice,
 Quot.sound]
'ASGinzburg.ZAlgebra.PeriodIso.CutGradedRightModule.recoveredComponentLinearMap' depends on axioms: [propext,
 Classical.choice,
 Quot.sound]
'ASGinzburg.ZAlgebra.PeriodIso.CutGradedRightModule.recoveredTotalEquiv_degreeInsertion' depends on axioms: [propext,
 Classical.choice,
 Quot.sound]
'ASGinzburg.ZAlgebra.PeriodIso.CutGradedRightModule.recoveredModuleFunctor' depends on axioms: [propext,
 Classical.choice,
 Quot.sound]
'ASGinzburg.ZAlgebra.PeriodIso.cornerRecoveredModulePresheafIso' depends on axioms: [propext,
 Classical.choice,
 Quot.sound]
'ASGinzburg.ZAlgebra.PeriodIso.CutGradedRightModule.recoveredTotalEquiv_mem_radical' depends on axioms: [propext,
 Classical.choice,
 Quot.sound]
'ASGinzburg.ZAlgebra.PeriodIso.CutGradedRightModule.recoveredRightPresheafAdditive' depends on axioms: [propext,
 Classical.choice,
 Quot.sound]
'ASGinzburg.ZAlgebra.PeriodIso.CutGradedRightModule.recoveredCoordinateSpaceEquiv' depends on axioms: [propext,
 Classical.choice,
 Quot.sound]
'ASGinzburg.ZAlgebra.PeriodIso.CutGradedRightModule.recoveredTotalEquiv' depends on axioms: [propext,
 Classical.choice,
 Quot.sound]
'ASGinzburg.ZAlgebra.PeriodIso.CutGradedRightModule.recoveredTotalEquiv_corner_lof' depends on axioms: [propext,
 Classical.choice,
 Quot.sound]
'ASGinzburg.ZAlgebra.PeriodIso.CutGradedRightModule.recoveredDegreeSpaceEquiv' depends on axioms: [propext,
 Classical.choice,
 Quot.sound]
'ASGinzburg.ZAlgebra.PeriodIso.CutGradedRightModule.recoveredTotalEquiv_lof_vertex_fixed' depends on axioms: [propext,
 Classical.choice,
 Quot.sound]
'ASGinzburg.ZAlgebra.PeriodIso.CutGradedRightModule.recoveredTotalEquiv_symm_representation_action' depends on axioms: [propext,
 Classical.choice,
 Quot.sound]
'ASGinzburg.ZAlgebra.PeriodIso.cutRegularRepresentableInclusion' depends on axioms: [propext,
 Classical.choice,
 Quot.sound]
'ASGinzburg.ZAlgebra.PeriodIso.cutRegularRepresentableBiconeIsBilimit' depends on axioms: [propext,
 Classical.choice,
 Quot.sound]
'ASGinzburg.ZAlgebra.PeriodIso.cutIntegerRegularDecompose' depends on axioms: [propext, Classical.choice, Quot.sound]
'ASGinzburg.ZAlgebra.PeriodIso.cutIntegerRegularDecompose_rightInverse' depends on axioms: [propext,
 Classical.choice,
 Quot.sound]
'ASGinzburg.ZAlgebra.PeriodIso.cutRegularLeftHomogeneousLinearMap' depends on axioms: [propext,
 Classical.choice,
 Quot.sound]
'ASGinzburg.ZAlgebra.PeriodIso.cutRegularLeftHomogeneousMap_one' depends on axioms: [propext,
 Classical.choice,
 Quot.sound]
'ASGinzburg.ZAlgebra.PeriodIso.cutRegularRepresentablesEquiv_symm_apply' depends on axioms: [propext,
 Classical.choice,
 Quot.sound]
'ASGinzburg.ZAlgebra.PeriodIso.cutRegularRepresentablesEquiv_symm_mem_grade' depends on axioms: [propext,
 Classical.choice,
 Quot.sound]
'ASGinzburg.ZAlgebra.PeriodIso.cutRegularGradedRightModule' depends on axioms: [propext, Classical.choice, Quot.sound]
'ASGinzburg.ZAlgebra.PeriodIso.cornerRepresentableActionMap_valueMap' depends on axioms: [propext,
 Classical.choice,
 Quot.sound]
'ASGinzburg.ZAlgebra.PeriodIso.cornerRepresentableGenerator_ne_zero' depends on axioms: [propext,
 Classical.choice,
 Quot.sound]
'ASGinzburg.ZAlgebra.PeriodIso.cornerRepresentableRightIdealEquiv' depends on axioms: [propext,
 Classical.choice,
 Quot.sound]
'ASGinzburg.ZAlgebra.PeriodIso.cornerRepresentableValueMap_degreeInsertion_mem' depends on axioms: [propext,
 Classical.choice,
 Quot.sound]
'ASGinzburg.ZAlgebra.PeriodIso.cornerRepresentableActionMap_valueMap_off' depends on axioms: [propext,
 Classical.choice,
 Quot.sound]
'ASGinzburg.ZAlgebra.PeriodIso.cornerRepresentableValueMap_actionMap' depends on axioms: [propext,
 Classical.choice,
 Quot.sound]
'ASGinzburg.ZAlgebra.PeriodIso.cornerRepresentableValueMap_corner_action' depends on axioms: [propext,
 Classical.choice,
 Quot.sound]
'ASGinzburg.ZAlgebra.PeriodIso.cutRightRepresentationComponent_one' depends on axioms: [propext,
 Classical.choice,
 Quot.sound]
'ASGinzburg.ZAlgebra.PeriodIso.cutRightRepresentation_homogeneous' depends on axioms: [propext,
 Classical.choice,
 Quot.sound]
'ASGinzburg.ZAlgebra.PeriodIso.cutRightRingModule_smul' depends on axioms: [propext, Classical.choice, Quot.sound]
'ASGinzburg.ZAlgebra.PeriodIso.cornerRightRingModule' depends on axioms: [propext, Classical.choice, Quot.sound]
'ASGinzburg.ZAlgebra.PeriodIso.cutRightVertexProjection_value' depends on axioms: [propext,
 Classical.choice,
 Quot.sound]
'ASGinzburg.ZAlgebra.PeriodIso.cutRightVertexSpace_mul_mem' depends on axioms: [propext, Classical.choice, Quot.sound]
'ASGinzburg.ZAlgebra.PeriodIso.cornerSimpleTotal_positive_action' depends on axioms: [propext,
 Classical.choice,
 Quot.sound]
'ASGinzburg.ZAlgebra.PeriodIso.cornerSimpleTotalFieldEquiv_right_action' depends on axioms: [propext,
 Classical.choice,
 Quot.sound]
'ASGinzburg.ZAlgebra.PeriodIso.CutUnderlinedRegularExt' depends on axioms: [propext, Classical.choice, Quot.sound]
'ASGinzburg.ZAlgebra.PeriodIso.cutUnderlinedExtGrade' depends on axioms: [propext, Classical.choice, Quot.sound]
'ASGinzburg.ZAlgebra.PeriodIso.cutRegularLeftHomogeneousMap_smul' depends on axioms: [propext,
 Classical.choice,
 Quot.sound]
'ASGinzburg.ZAlgebra.PeriodIso.cutUnderlinedExtHomogeneousOperator_mul' depends on axioms: [propext,
 Classical.choice,
 Quot.sound]
'ASGinzburg.ZAlgebra.PeriodIso.cutUnderlinedExtLeftRepresentation' depends on axioms: [propext,
 Classical.choice,
 Quot.sound]
'ASGinzburg.ZAlgebra.PeriodIso.cutUnderlinedExtLeftModuleCat' depends on axioms: [propext, Classical.choice, Quot.sound]
'ASGinzburg.ZAlgebra.PeriodIso.cutUnderlinedExtScalarComm' depends on axioms: [propext, Classical.choice, Quot.sound]
'ASGinzburg.ZAlgebra.PeriodIso.cutVertexGradedLeftModule' depends on axioms: [propext, Classical.choice, Quot.sound]
'ASGinzburg.ZAlgebra.PeriodIso.cutVertexLeftScalarTower' depends on axioms: [propext, Classical.choice, Quot.sound]
'ASGinzburg.ZAlgebra.PeriodIso.cutVertexRightScalarTower' depends on axioms: [propext, Classical.choice, Quot.sound]
'ASGinzburg.ZAlgebra.PeriodIso.cutZeroDiagonalAlgHom' depends on axioms: [propext, Classical.choice, Quot.sound]
'ASGinzburg.ZAlgebra.PeriodIso.cutZeroDiagonalAlgHom_surjective' depends on axioms: [propext,
 Classical.choice,
 Quot.sound]
'ASGinzburg.ZAlgebra.PeriodIso.cutZeroComponent_product_diagonal' depends on axioms: [propext,
 Classical.choice,
 Quot.sound]
'ASGinzburg.ZAlgebra.PeriodIso.cutZeroEnvelopingSelfScalarTower' depends on axioms: [propext,
 Classical.choice,
 Quot.sound]
'ASGinzburg.ZAlgebra.PeriodIso.cutZeroEnvelopingAugmentationKernel_pow_eq_bot' depends on axioms: [propext,
 Classical.choice,
 Quot.sound]
'ASGinzburg.ZAlgebra.PeriodIso.cutZeroAugmentationKernel' depends on axioms: [propext, Classical.choice, Quot.sound]
'ASGinzburg.ZAlgebra.PeriodIso.cutZeroAugmentationKernel_pow_vertices_eq_bot' depends on axioms: [propext,
 Classical.choice,
 Quot.sound]
'ASGinzburg.ZAlgebra.PeriodIso.cutZeroJacobson_le_kernel' depends on axioms: [propext, Classical.choice, Quot.sound]
'ASGinzburg.ZAlgebra.PeriodIso.CutZeroMatrixVanishing' depends on axioms: [propext, Classical.choice, Quot.sound]
'ASGinzburg.ZAlgebra.PeriodIso.cutZeroMatrixVanishing_mul' depends on axioms: [propext, Classical.choice, Quot.sound]
'ASGinzburg.ZAlgebra.PeriodIso.cutZeroKernel_isNilpotent' depends on axioms: [propext, Classical.choice, Quot.sound]
'ASGinzburg.ZAlgebra.PeriodIso.cutZeroProjectionComponent_mul' depends on axioms: [propext,
 Classical.choice,
 Quot.sound]
'ASGinzburg.ZAlgebra.PeriodIso.cutZeroProjection_linear_eq' depends on axioms: [propext, Classical.choice, Quot.sound]
'ASGinzburg.ZAlgebra.PeriodIso.cutPositiveIdeal' depends on axioms: [propext, Classical.choice, Quot.sound]
'ASGinzburg.ZAlgebra.PeriodIso.cutZeroScalarDiagonal_eq_sum' depends on axioms: [propext, Classical.choice, Quot.sound]
'ASGinzburg.ZAlgebra.PeriodIso.cutCharacter_zeroComponent_eq_diagonal' depends on axioms: [propext,
 Classical.choice,
 Quot.sound]
'ASGinzburg.ZAlgebra.ASResolution.transportedGeneratorBasis' depends on axioms: [propext, Classical.choice, Quot.sound]
'ASGinzburg.CutQuiver.incomingSource_height_shift' depends on axioms: [propext, Quot.sound]
'ASGinzburg.ZAlgebra.PeriodHomSpace' depends on axioms: [propext, Classical.choice, Quot.sound]
'ASGinzburg.ZAlgebra.PeriodIso.homSpacePerm_apply' depends on axioms: [propext, Classical.choice, Quot.sound]
'ASGinzburg.ZAlgebra.PeriodIso.powInt_homSpacePerm' depends on axioms: [propext, Classical.choice, Quot.sound]
'ASGinzburg.ZAlgebra.PeriodIso.idealQuotientPeriod_apply_mk' depends on axioms: [propext, Classical.choice, Quot.sound]
'ASGinzburg.ZAlgebra.PeriodIso.indecomposableEquiv' depends on axioms: [propext, Classical.choice, Quot.sound]
'ASGinzburg.ZAlgebra.periodHomSpace_eq_transport' depends on axioms: [propext, Classical.choice, Quot.sound]
'ASGinzburg.ZAlgebra.PeriodIso.powInt_neg_cancel' depends on axioms: [propext, Classical.choice, Quot.sound]
'ASGinzburg.ZAlgebra.PeriodIso.integerCorner_source_absorption' depends on axioms: [propext,
 Classical.choice,
 Quot.sound]
'ASGinzburg.ZAlgebra.PeriodIso.submoduleEqualityEquiv' depends on axioms: [propext, Quot.sound]
'ASGinzburg.ZAlgebra.PeriodIso.integerCorner_ofNat' depends on axioms: [propext, Classical.choice, Quot.sound]
'ASGinzburg.ZAlgebra.PeriodIso.cutHomogeneousComponentRange_congr' depends on axioms: [propext,
 Classical.choice,
 Quot.sound]
'ASGinzburg.ZAlgebra.PeriodIso.integerCorner_product' depends on axioms: [propext, Classical.choice, Quot.sound]
'ASGinzburg.ZAlgebra.PeriodIso.integerCutComp' depends on axioms: [propext, Classical.choice, Quot.sound]
'ASGinzburg.ZAlgebra.PeriodIso.integerCutComp_id_right' depends on axioms: [propext, Classical.choice, Quot.sound]
'ASGinzburg.ZAlgebra.negativeCutComponent_zero' depends on axioms: [propext, Classical.choice, Quot.sound]
'ASGinzburg.ZAlgebra.PeriodIso.map_inverse_powNat_succ' depends on axioms: [propext, Classical.choice, Quot.sound]
'ASGinzburg.ZAlgebra.PeriodIso.powInt_map_transport' depends on axioms: [propext, Classical.choice, Quot.sound]
'ASGinzburg.ZAlgebra.homTransport_id' depends on axioms: [propext, Classical.choice, Quot.sound]
'ASGinzburg.ZAlgebra.PeriodIso.shiftedMap_id' depends on axioms: [propext, Classical.choice, Quot.sound]
'ASGinzburg.ZAlgebra.PeriodIso.inverseComponent_id' depends on axioms: [propext, Classical.choice, Quot.sound]
'ASGinzburg.ZAlgebra.PeriodIso.inverse_map_apply' depends on axioms: [propext, Classical.choice, Quot.sound]
'ASGinzburg.ZAlgebra.PeriodIso.changePeriod' depends on axioms: [propext, Classical.choice, Quot.sound]
'ASGinzburg.ZAlgebra.PeriodIso.powNat' depends on axioms: [propext, Classical.choice, Quot.sound]
'ASGinzburg.ZAlgebra.PeriodIso.changePeriod_map' depends on axioms: [propext, Classical.choice, Quot.sound]
'ASGinzburg.ZAlgebra.PeriodIso.powNat_succ_apply' depends on axioms: [propext, Classical.choice, Quot.sound]
'ASGinzburg.ZAlgebra.PeriodIso.powNat_add_apply_rev' depends on axioms: [propext, Classical.choice, Quot.sound]
'ASGinzburg.ZAlgebra.homTransport_inverse' depends on axioms: [propext, Classical.choice, Quot.sound]
'ASGinzburg.ZAlgebra.PeriodIso.sheetMap' depends on axioms: [propext, Classical.choice, Quot.sound]
'ASGinzburg.ZAlgebra.ASRegular.foundationPeriodIncomingElement' depends on axioms: [propext,
 Classical.choice,
 Quot.sound]
'ASGinzburg.ZAlgebra.PeriodIso.zeroOriginCoverComponentEquiv' depends on axioms: [propext, Classical.choice, Quot.sound]
'ASGinzburg.ZAlgebra.PeriodIso.zeroOriginCoverComponentEquiv_comp' depends on axioms: [propext,
 Classical.choice,
 Quot.sound]
'ASGinzburg.ZAlgebra.PeriodIso.zeroOriginCoverIntegerEquiv' depends on axioms: [propext, Classical.choice, Quot.sound]
'ASGinzburg.ZAlgebra.PeriodIso.zeroOriginCoverZAlgebra' depends on axioms: [propext, Classical.choice, Quot.sound]
'ASGinzburg.ZAlgebra.arrowPathEvaluation_transport_eq_zero_iff' depends on axioms: [propext,
 Classical.choice,
 Quot.sound]
'ASGinzburg.ZAlgebra.arrowPathEvaluation_integer_shift_eq_zero_iff' depends on axioms: [propext,
 Classical.choice,
 Quot.sound]
'ASGinzburg.ZAlgebra.arrowPathLinearEvaluation_shift_add_eq_zero_iff' depends on axioms: [propext,
 Classical.choice,
 Quot.sound]
'ASGinzburg.ZAlgebra.arrowPathLinearEvaluation_integer_shift_kernel' depends on axioms: [propext,
 Classical.choice,
 Quot.sound]
'ASGinzburg.ZAlgebra.arrowPathLinearEvaluation_shift_kernel' depends on axioms: [propext, Classical.choice, Quot.sound]
'ASGinzburg.ZAlgebra.PeriodIso.liftedStepMap_comp' depends on axioms: [propext, Classical.choice, Quot.sound]
'ASGinzburg.ZAlgebra.arrowPathEvaluation_shift' depends on axioms: [propext, Classical.choice, Quot.sound]
'ASGinzburg.principalIdempotentBasisCoverMap' depends on axioms: [propext, Classical.choice, Quot.sound]
'ASGinzburg.radicalTopBasisDirectSumEquiv' depends on axioms: [propext, Classical.choice, Quot.sound]
'ASGinzburg.principalIdempotentBasisCover_kernel_minimal' depends on axioms: [propext, Classical.choice, Quot.sound]
'ASGinzburg.principalHomogeneousCoverSummandGrade' depends on axioms: [propext, Classical.choice, Quot.sound]
'ASGinzburg.principalHomogeneousCoverGrade_mem_iff' depends on axioms: [propext, Classical.choice, Quot.sound]
'ASGinzburg.principalHomogeneousCoverMap_mem_grade' depends on axioms: [propext, Classical.choice, Quot.sound]
'ASGinzburg.principalHomogeneousCoverGrade_smul_mem' depends on axioms: [propext, Classical.choice, Quot.sound]
'ASGinzburg.principalHomogeneousCoverOrdinaryScalarsEquiv_apply' depends on axioms: [propext,
 Classical.choice,
 Quot.sound]
'ASGinzburg.principalHomogeneousCoverOrdinaryGradeDecomposition' depends on axioms: [propext,
 Classical.choice,
 Quot.sound]
'ASGinzburg.principalHomogeneousCoverOrdinaryGrade_eq_bot_of_lower_bound' depends on axioms: [propext,
 Classical.choice,
 Quot.sound]
'ASGinzburg.principalIdempotentShiftedGradeDecomposition' depends on axioms: [propext, Classical.choice, Quot.sound]
'ASGinzburg.principalIdempotentTopCoordinate' depends on axioms: [propext, Classical.choice, Quot.sound]
'ASGinzburg.principalIdempotentTopCoordinate_surjective' depends on axioms: [propext, Classical.choice, Quot.sound]
'ASGinzburg.projectiveDimensionThreeResolution' depends on axioms: [propext, Classical.choice, Quot.sound]
'ASGinzburg.projectiveDimensionTwoResolution' depends on axioms: [propext, Classical.choice, Quot.sound]
'ASGinzburg.projectiveDimension_ge_three_of_nonzero_leftDerived_three' depends on axioms: [propext,
 Classical.choice,
 Quot.sound]
'ASGinzburg.extensionProjectiveπ_g' depends on axioms: [propext, Classical.choice, Quot.sound]
'ASGinzburg.extensionProjectiveKernel_shortExact' depends on axioms: [propext, Classical.choice, Quot.sound]
'ASGinzburg.extensionProjectiveKernelRightIso' depends on axioms: [propext, Classical.choice, Quot.sound]
'CategoryTheory.ProjectiveResolution.ext_zero_eq_zero_of_hom_exact' depends on axioms: [propext,
 Classical.choice,
 Quot.sound]
'CategoryTheory.ProjectiveResolution.ext_ge_four_eq_zero' depends on axioms: [propext, Classical.choice, Quot.sound]
'CategoryTheory.ProjectiveResolution.homComplex' depends on axioms: [propext, Classical.choice, Quot.sound]
'CategoryTheory.ProjectiveResolution.ext_low_eq_zero_of_homComplex_exact' depends on axioms: [propext,
 Classical.choice,
 Quot.sound]
'CategoryTheory.ProjectiveResolution.homComplex_exactAt_one_of_ext_zero' depends on axioms: [propext,
 Classical.choice,
 Quot.sound]
'ASGinzburg.projectiveResolution_map_augmentation_after_restriction' depends on axioms: [propext,
 Classical.choice,
 Quot.sound]
'CategoryTheory.ProjectiveResolution.firstCover' depends on axioms: [propext, Classical.choice, Quot.sound]
'CategoryTheory.ProjectiveResolution.d₂_firstCover' depends on axioms: [propext, Classical.choice, Quot.sound]
'CategoryTheory.ProjectiveResolution.secondCover_ι' depends on axioms: [propext, Classical.choice, Quot.sound]
'CategoryTheory.ProjectiveResolution.exact_d₃_secondCover' depends on axioms: [propext, Classical.choice, Quot.sound]
'CategoryTheory.ProjectiveResolution.mono_d₃_of_isZero_four' depends on axioms: [propext, Classical.choice, Quot.sound]
'CategoryTheory.ProjectiveResolution.firstKernelMap_ι' depends on axioms: [propext, Classical.choice, Quot.sound]
'CategoryTheory.ProjectiveResolution.secondKernelMap_ι' depends on axioms: [propext, Classical.choice, Quot.sound]
'CategoryTheory.ProjectiveResolution.shortExact₁Hom' depends on axioms: [propext, Classical.choice, Quot.sound]
'CategoryTheory.ProjectiveResolution.ext_three_eq_zero_of_hom_surjective' depends on axioms: [propext,
 Classical.choice,
 Quot.sound]
'ASGinzburg.ZAlgebra.LinearIdeal.quotientCompRight_mk' depends on axioms: [propext, Classical.choice, Quot.sound]
'ASGinzburg.ZAlgebra.LinearIdeal.quotientComp_mk' depends on axioms: [propext, Classical.choice, Quot.sound]
'ASGinzburg.ZAlgebra.LinearIdeal.quotientMap_surjective' depends on axioms: [propext, Classical.choice, Quot.sound]
'ASGinzburg.ZAlgebra.reflectedLinearFunctorAdditive' depends on axioms: [propext, Classical.choice, Quot.sound]
'ASGinzburg.ZAlgebra.reflectedLinearFunctorFull' depends on axioms: [propext, Classical.choice, Quot.sound]
'ASGinzburg.ZAlgebra.reflectedLinearEquivalence' depends on axioms: [propext, Classical.choice, Quot.sound]
'ASGinzburg.ZAlgebra.rightRegularCoproductProjection' depends on axioms: [propext, Classical.choice, Quot.sound]
'ASGinzburg.ZAlgebra.rightRegularCoproductAction' depends on axioms: [propext, Classical.choice, Quot.sound]
'ASGinzburg.ZAlgebra.rightRegularCoproductAction_add' depends on axioms: [propext, Classical.choice, Quot.sound]
'ASGinzburg.ZAlgebra.rightRegularCoproductAction_id' depends on axioms: [propext, Classical.choice, Quot.sound]
'ASGinzburg.ZAlgebra.leftModuleTotalAction_lof' depends on axioms: [propext, Classical.choice, Quot.sound]
'ASGinzburg.ZAlgebra.ASResolution.extRegularCoproductEquiv_inclusion' depends on axioms: [propext,
 Classical.choice,
 Quot.sound]
'ASGinzburg.regularEnvelopingModuleCat_inducedScalarModule_eq' depends on axioms: [propext, Quot.sound]
'ASGinzburg.regularEnvelopingNativeFieldEquiv_apply' depends on axioms: [propext, Quot.sound]
'ASGinzburg.regularEnvelopingNativeGrade_isInternal' depends on axioms: [propext, Classical.choice, Quot.sound]
'ASGinzburg.ZAlgebra.rightLocallyUnitalExtIso_conjugation' depends on axioms: [propext, Classical.choice, Quot.sound]
'ASGinzburg.ZAlgebra.ASResolution.extTotalAlgebraLinearEquiv' depends on axioms: [propext, Classical.choice, Quot.sound]
'ASGinzburg.ZAlgebra.ASResolution.extTotalAlgebraUnitizationModule' depends on axioms: [propext,
 Classical.choice,
 Quot.sound]
'ASGinzburg.ZAlgebra.ASResolution.extTotalAlgebraLeftModuleIso' depends on axioms: [propext,
 Classical.choice,
 Quot.sound]
'ASGinzburg.ZAlgebra.ASResolution.extTotalAlgebraLeftLocallyUnitalIso' depends on axioms: [propext,
 Classical.choice,
 Quot.sound]
'ASGinzburg.ZAlgebra.totalAlgebraLeftUnitizationModule' depends on axioms: [propext, Classical.choice, Quot.sound]
'ASGinzburg.ZAlgebra.leftRegularTotalModuleIso' depends on axioms: [propext, Classical.choice, Quot.sound]
'ASGinzburg.ZAlgebra.leftRegularTotalLocallyUnitalIso' depends on axioms: [propext, Classical.choice, Quot.sound]
'ASGinzburg.ZAlgebra.leftRegularTotalAlgebraEquiv_totalMap' depends on axioms: [propext, Classical.choice, Quot.sound]
'ASGinzburg.ZAlgebra.totalAlgebraLeftMap' depends on axioms: [propext, Classical.choice, Quot.sound]
'ASGinzburg.ZAlgebra.totalAlgebraLeftMap_zero' depends on axioms: [propext, Classical.choice, Quot.sound]
'ASGinzburg.ZAlgebra.totalAlgebraRightModule' depends on axioms: [propext, Classical.choice, Quot.sound]
'ASGinzburg.ZAlgebra.totalAlgebraRightModule_locally_unital' depends on axioms: [propext, Classical.choice, Quot.sound]
'ASGinzburg.ZAlgebra.rightRegularMatrixElement_totalMap' depends on axioms: [propext, Classical.choice, Quot.sound]
'ASGinzburg.ZAlgebra.totalAlgebraLeftComponentMap' depends on axioms: [propext, Classical.choice, Quot.sound]
'ASGinzburg.ZAlgebra.leftRegularCoproductRightRepresentation' depends on axioms: [propext, Classical.choice, Quot.sound]
'ASGinzburg.ZAlgebra.totalAlgebraRightMap_component' depends on axioms: [propext, Classical.choice, Quot.sound]
'ASGinzburg.ZAlgebra.totalAlgebraRightMap_apply' depends on axioms: [propext, Classical.choice, Quot.sound]
'ASGinzburg.ZAlgebra.rightRegularComponentIso_lof_inv' depends on axioms: [propext, Classical.choice, Quot.sound]
'ASGinzburg.ZAlgebra.rightRegularTotalComponentsEquiv_matrixElement' depends on axioms: [propext,
 Classical.choice,
 Quot.sound]
'ASGinzburg.ZAlgebra.rightRegularMatrixElement_action' depends on axioms: [propext, Classical.choice, Quot.sound]
'ASGinzburg.ZAlgebra.rightRegularTotalAlgebraEquiv_representation' depends on axioms: [propext,
 Classical.choice,
 Quot.sound]
'ASGinzburg.CutQuiver.relationClosedTrace_single' depends on axioms: [propext, Classical.choice, Quot.sound]
'ASGinzburg.ZAlgebra.representablePrecomposition' depends on axioms: [propext, Classical.choice, Quot.sound]
'ASGinzburg.ZAlgebra.rightModuleEvaluationPreservesColimitsOfShape' depends on axioms: [propext,
 Classical.choice,
 Quot.sound]
'ASGinzburg.ZAlgebra.rightModuleExtZeroFunctorIso' depends on axioms: [propext, Classical.choice, Quot.sound]
'ASGinzburg.ZAlgebra.representableRadicalInclusion_component_isIso' depends on axioms: [propext,
 Classical.choice,
 Quot.sound]
'ASGinzburg.ZAlgebra.representableRadicalComponent_isZero_of_not_lt' depends on axioms: [propext,
 Classical.choice,
 Quot.sound]
'ASGinzburg.ZAlgebra.objHomAdd' depends on axioms: [propext, Classical.choice, Quot.sound]
'ASGinzburg.ZAlgebra.objLinear' depends on axioms: [propext, Classical.choice, Quot.sound]
'ASGinzburg.ZAlgebra.representableLinear' depends on axioms: [propext, Classical.choice, Quot.sound]
'ASGinzburg.ZAlgebra.rightModuleProperty' depends on axioms: [propext, Classical.choice, Quot.sound]
'ASGinzburg.ZAlgebra.representableHomEquiv' depends on axioms: [propext, Classical.choice, Quot.sound]
'ASGinzburg.ZAlgebra.representableEnd_finrank' depends on axioms: [propext, Classical.choice, Quot.sound]
'ASGinzburg.ZAlgebra.rightResolutionBidualTopProjection_natural' depends on axioms: [propext,
 Classical.choice,
 Quot.sound]
'ASGinzburg.ZAlgebra.leftResolutionBidualTermIso_natural' depends on axioms: [propext, Classical.choice, Quot.sound]
'ASGinzburg.ZAlgebra.rightModuleExtBoundaryLeft_natural' depends on axioms: [propext, Classical.choice, Quot.sound]
'ASGinzburg.ZAlgebra.leftResolutionExtTopProjection_natural' depends on axioms: [propext, Classical.choice, Quot.sound]
'ASGinzburg.ZAlgebra.HeightBoundedRightModule.augmentation' depends on axioms: [propext, Classical.choice, Quot.sound]
'ASGinzburg.ZAlgebra.HeightBoundedRightModule.complex_d_minimal' depends on axioms: [propext,
 Classical.choice,
 Quot.sound]
'ASGinzburg.ZAlgebra.rightBoundedMinimalResolution_d_minimal' depends on axioms: [propext, Classical.choice, Quot.sound]
'ASGinzburg.ZAlgebra.HeightBoundedRightModule.kernelTopBasis' depends on axioms: [propext, Classical.choice, Quot.sound]
'ASGinzburg.ZAlgebra.HeightBoundedRightModule.cover' depends on axioms: [propext, Classical.choice, Quot.sound]
'ASGinzburg.ZAlgebra.HeightBoundedRightModule.term_isZero_above' depends on axioms: [propext,
 Classical.choice,
 Quot.sound]
'ASGinzburg.ZAlgebra.HeightBoundedRightModule.differential_sq' depends on axioms: [propext,
 Classical.choice,
 Quot.sound]
'ASGinzburg.ZAlgebra.HeightBoundedRightModule.differential_exact' depends on axioms: [propext,
 Classical.choice,
 Quot.sound]
'ASGinzburg.ZAlgebra.rightModuleHasLimitsOfShape' depends on axioms: [propext, Classical.choice, Quot.sound]
'ASGinzburg.ZAlgebra.rightModuleInclusionCreatesColimitsOfShape' depends on axioms: [propext,
 Classical.choice,
 Quot.sound]
'ASGinzburg.ZAlgebra.rightModuleAbelian' depends on axioms: [propext, Classical.choice, Quot.sound]
'ASGinzburg.ZAlgebra.rightModule_surjective_of_boundedAbove_range_add_radical' depends on axioms: [propext,
 Classical.choice,
 Quot.sound]
'ASGinzburg.ZAlgebra.rightModule_isZero_of_boundedAbove_radical_top' depends on axioms: [propext,
 Classical.choice,
 Quot.sound]
'ASGinzburg.ZAlgebra.rightModuleGenerators' depends on axioms: [propext, Classical.choice, Quot.sound]
'ASGinzburg.ZAlgebra.freeRightModuleProjective' depends on axioms: [propext, Classical.choice, Quot.sound]
'ASGinzburg.ZAlgebra.rightModuleProjectiveResolution' depends on axioms: [propext, Classical.choice, Quot.sound]
'ASGinzburg.ZAlgebra.representableExtZeroEquiv' depends on axioms: [propext, Classical.choice, Quot.sound]
'ASGinzburg.ZAlgebra.rightModuleExtCovariant' depends on axioms: [propext, Classical.choice, Quot.sound]
'ASGinzburg.ZAlgebra.rightModuleExtLeft' depends on axioms: [propext, Classical.choice, Quot.sound]
'ASGinzburg.ZAlgebra.rightModuleExtBoundaryLeft' depends on axioms: [propext, Classical.choice, Quot.sound]
'ASGinzburg.ZAlgebra.rightModuleExtDimensionShiftLeftIso_hom' depends on axioms: [propext, Classical.choice, Quot.sound]
'ASGinzburg.ZAlgebra.rightModuleADualMap_extLeftZeroIso_inv' depends on axioms: [propext, Classical.choice, Quot.sound]
'ASGinzburg.ZAlgebra.rightModuleDerivedLinear' depends on axioms: [propext, Classical.choice, Quot.sound]
'ASGinzburg.ZAlgebra.rightModuleExtHomAddEquiv' depends on axioms: [propext, Classical.choice, Quot.sound]
'ASGinzburg.ZAlgebra.rightModuleExt_mk₀_smul' depends on axioms: [propext, Classical.choice, Quot.sound]
'ASGinzburg.ZAlgebra.rightModuleExtPrecomp' depends on axioms: [propext, Classical.choice, Quot.sound]
'ASGinzburg.ZAlgebra.rightModuleExtDimensionShiftNatIso' depends on axioms: [propext, Classical.choice, Quot.sound]
'ASGinzburg.ZAlgebra.rightModuleExtBoundaryShortComplex_exact_component' depends on axioms: [propext,
 Classical.choice,
 Quot.sound]
'ASGinzburg.ZAlgebra.rightModuleExtBoundaryCoforkIsColimit' depends on axioms: [propext, Classical.choice, Quot.sound]
'ASGinzburg.ZAlgebra.rightModuleDerivedShiftLinear' depends on axioms: [propext, Classical.choice, Quot.sound]
'ASGinzburg.ZAlgebra.rightModuleExtBoundary' depends on axioms: [propext, Classical.choice, Quot.sound]
'ASGinzburg.ZAlgebra.rightModuleExtZeroBoundary_bijective' depends on axioms: [propext, Classical.choice, Quot.sound]
'ASGinzburg.ZAlgebra.rightModuleHomPrecomp_injective' depends on axioms: [propext, Classical.choice, Quot.sound]
'ASGinzburg.ZAlgebra.rightModuleCoproductHomFinite' depends on axioms: [propext, Classical.choice, Quot.sound]
'ASGinzburg.ZAlgebra.asResolutionTerm₁HomFinite' depends on axioms: [propext, Classical.choice, Quot.sound]
'ASGinzburg.ZAlgebra.rightModuleHomPrecompNat_comp_zero' depends on axioms: [propext, Classical.choice, Quot.sound]
'ASGinzburg.ZAlgebra.rightModuleHomPrecompNatAppMono' depends on axioms: [propext, Classical.choice, Quot.sound]
'ASGinzburg.ZAlgebra.rightModuleHomKernelNatIso' depends on axioms: [propext, Classical.choice, Quot.sound]
'ASGinzburg.ZAlgebra.rightModuleEvaluation' depends on axioms: [propext, Classical.choice, Quot.sound]
'ASGinzburg.ZAlgebra.rightModuleEvaluationPreservesFiniteColimits' depends on axioms: [propext,
 Classical.choice,
 Quot.sound]
'ASGinzburg.ZAlgebra.rightModuleKernelObjIso' depends on axioms: [propext, Classical.choice, Quot.sound]
'ASGinzburg.ZAlgebra.rightModule_exact_iff_inclusion' depends on axioms: [propext, Classical.choice, Quot.sound]
'ASGinzburg.ZAlgebra.rightModule_mono_iff' depends on axioms: [propext, Classical.choice, Quot.sound]
'ASGinzburg.ZAlgebra.rightModule_epi_iff_surjective' depends on axioms: [propext, Classical.choice, Quot.sound]
'ASGinzburg.ZAlgebra.rightModule_shortExact_iff' depends on axioms: [propext, Classical.choice, Quot.sound]
'ASGinzburg.ZAlgebra.rightModule_epi_iff_lift' depends on axioms: [propext, Classical.choice, Quot.sound]
'ASGinzburg.ZAlgebra.isMinimalMorphism_iff_range_le' depends on axioms: [propext, Classical.choice, Quot.sound]
'ASGinzburg.ZAlgebra.isMinimalMorphism_of_factor' depends on axioms: [propext, Classical.choice, Quot.sound]
'ASGinzburg.ZAlgebra.isMinimalMorphism_comp_left' depends on axioms: [propext, Classical.choice, Quot.sound]
'ASGinzburg.ZAlgebra.representableYonedaEquiv' depends on axioms: [propext, Classical.choice, Quot.sound]
'ASGinzburg.ZAlgebra.representableYonedaEquiv_symm_app' depends on axioms: [propext, Classical.choice, Quot.sound]
'ASGinzburg.ZAlgebra.rightModuleRadical' depends on axioms: [propext, Classical.choice, Quot.sound]
'ASGinzburg.ZAlgebra.rightModuleRadicalMap_inclusion' depends on axioms: [propext, Classical.choice, Quot.sound]
'ASGinzburg.ZAlgebra.rightModuleRadicalFunctorLinear' depends on axioms: [propext, Classical.choice, Quot.sound]
'ASGinzburg.ZAlgebra.radical_inclusion_comp_simple_eq_zero' depends on axioms: [propext, Classical.choice, Quot.sound]
'ASGinzburg.ZAlgebra.rightResolutionExtTopProjection' depends on axioms: [propext, Classical.choice, Quot.sound]
'ASGinzburg.ZAlgebra.rightResolutionExtTopProjection_exact' depends on axioms: [propext, Classical.choice, Quot.sound]
'ASGinzburg.ZAlgebra.rightResolutionDualComplex_exactAt_low' depends on axioms: [propext, Classical.choice, Quot.sound]
'ASGinzburg.ZAlgebra.rightResolutionDualFourTerm_finite' depends on axioms: [propext, Classical.choice, Quot.sound]
'ASGinzburg.ZAlgebra.rightResolutionBidualTopProjectionEpi' depends on axioms: [propext, Classical.choice, Quot.sound]
'ASGinzburg.ZAlgebra.rightResolutionBidualTopProjection_exact' depends on axioms: [propext,
 Classical.choice,
 Quot.sound]
'ASGinzburg.ZAlgebra.rightSingleSupportIso' depends on axioms: [propext, Classical.choice, Quot.sound]
'ASGinzburg.ZAlgebra.rightSmallCoproduct_inclusion_projection_off' depends on axioms: [propext,
 Classical.choice,
 Quot.sound]
'ASGinzburg.ZAlgebra.rightSmallCoproductComponentIso_projection' depends on axioms: [propext,
 Classical.choice,
 Quot.sound]
'ASGinzburg.ZAlgebra.rightSmallCoproductTopMap_surjective' depends on axioms: [propext, Classical.choice, Quot.sound]
'ASGinzburg.ZAlgebra.RightSubmodule' depends on axioms: [propext, Classical.choice, Quot.sound]
'ASGinzburg.ZAlgebra.RightSubmodule.presheafLinear' depends on axioms: [propext, Classical.choice, Quot.sound]
'ASGinzburg.ZAlgebra.RightSubmodule.inclusionMono' depends on axioms: [propext, Classical.choice, Quot.sound]
'ASGinzburg.ZAlgebra.RightSubmodule.quotientπEpi' depends on axioms: [propext, Classical.choice, Quot.sound]
'ASGinzburg.ZAlgebra.rightTopBasisIndex_le_of_height_bound' depends on axioms: [propext, Classical.choice, Quot.sound]
'ASGinzburg.ZAlgebra.representable_component_mem_radical_of_ne' depends on axioms: [propext,
 Classical.choice,
 Quot.sound]
'ASGinzburg.ZAlgebra.rightTopBasisFreeModuleπ_kernel_inclusion_minimal' depends on axioms: [propext,
 Classical.choice,
 Quot.sound]
'ASGinzburg.ZAlgebra.rightTopBasisLift' depends on axioms: [propext, Classical.choice, Quot.sound]
'ASGinzburg.ZAlgebra.rightTopBasisFreeModuleπ' depends on axioms: [propext, Classical.choice, Quot.sound]
'ASGinzburg.ZAlgebra.rightTopBasisFreeModuleπ_top_surjective' depends on axioms: [propext, Classical.choice, Quot.sound]
'ASGinzburg.liftedCoordinateAugmentation' depends on axioms: [propext, Quot.sound]
'ASGinzburg.liftedCoordinateAugmentation_idempotent' depends on axioms: [propext, Quot.sound]
'ASGinzburg.ZAlgebra.scalarEndEquiv_symm_id' depends on axioms: [propext, Classical.choice, Quot.sound]
'ASGinzburg.scalarProductPairFunctionEquiv' depends on axioms: [propext, Quot.sound]
'ASGinzburg.scalarProductPairEnvelopingEquiv_delta' depends on axioms: [propext, Classical.choice, Quot.sound]
'ASGinzburg.scalarProductBaseChangeEquiv' depends on axioms: [propext, Classical.choice, Quot.sound]
'ASGinzburg.scalarProductEnvelopingModule' depends on axioms: [propext, Quot.sound]
'ASGinzburg.scalarQuotient_hasProjectiveDimensionLT' depends on axioms: [propext, Classical.choice, Quot.sound]
'ASGinzburg.idealQuotientRightProjection' depends on axioms: [propext, Quot.sound]
'ASGinzburg.idealQuotientRightLinearEquivOfEq' depends on axioms: [propext, Quot.sound]
'ASGinzburg.scalarStableGrade' depends on axioms: [propext]
'ASGinzburg.scalarStableGrade_eq_bot_of_eq_bot' depends on axioms: [propext, Quot.sound]
'ASGinzburg.ZAlgebra.leftRepresentableRadical' depends on axioms: [propext, Classical.choice, Quot.sound]
'ASGinzburg.ZAlgebra.simpleLeftModule' depends on axioms: [propext, Classical.choice, Quot.sound]
'ASGinzburg.ZAlgebra.leftRepresentableRadical_diagonal_zero' depends on axioms: [propext, Classical.choice, Quot.sound]
'ASGinzburg.ZAlgebra.simpleLeftModule_diagonal_finrank' depends on axioms: [propext, Classical.choice, Quot.sound]
'ASGinzburg.ZAlgebra.simpleLeftModuleSimple' depends on axioms: [propext, Classical.choice, Quot.sound]
'ASGinzburg.ZAlgebra.positiveActionSpan' depends on axioms: [propext, Classical.choice, Quot.sound]
'ASGinzburg.ZAlgebra.simpleRightModuleπ' depends on axioms: [propext, Classical.choice, Quot.sound]
'ASGinzburg.ZAlgebra.simpleRightModuleDiagonalIso' depends on axioms: [propext, Classical.choice, Quot.sound]
'ASGinzburg.ZAlgebra.simpleRightModuleDiagonalSimple' depends on axioms: [propext, Classical.choice, Quot.sound]
'ASGinzburg.ZAlgebra.simpleRightModule_shortExact' depends on axioms: [propext, Classical.choice, Quot.sound]
'ASGinzburg.ZAlgebra.rightSimpleVectorDual_diagonal_finrank' depends on axioms: [propext, Classical.choice, Quot.sound]
'ASGinzburg.ZAlgebra.leftModuleVectorDual_component_isZero' depends on axioms: [propext, Classical.choice, Quot.sound]
'ASGinzburg.ZAlgebra.leftSimpleVectorDualIso' depends on axioms: [propext, Classical.choice, Quot.sound]
'ASGinzburg.singleDegreeDecompose' depends on axioms: [propext, Classical.choice, Quot.sound]
'ASGinzburg.singleDegreeGradeDecomposition' depends on axioms: [propext, Classical.choice, Quot.sound]
'ASGinzburg.dualIntoEvaluation_bijective' depends on axioms: [propext, Classical.choice, Quot.sound]
'ASGinzburg.directSum_finite_of_finite_support' depends on axioms: [propext, Classical.choice, Quot.sound]
'ASGinzburg.stableSubmoduleQuotientOperator' depends on axioms: [propext, Classical.choice, Quot.sound]
'ASGinzburg.ArrowSpace333' does not depend on any axioms
'ASGinzburg.CubicCoefficients333' does not depend on any axioms
'ASGinzburg.cubicCoordinates333' depends on axioms: [propext, Classical.choice, Quot.sound]
'ASGinzburg.tensor_recovered_from_cut_relations333' depends on axioms: [propext, Classical.choice, Quot.sound]
'ASGinzburg.arrowBasisChange333_tmul' depends on axioms: [propext, Classical.choice, Quot.sound]
'ASGinzburg.tensorLeftIdeal_mul_le' depends on axioms: [propext, Classical.choice, Quot.sound]
'ASGinzburg.tensorRightIdeal_pow_le' depends on axioms: [propext, Classical.choice, Quot.sound]
'ASGinzburg.tensorProductIdempotentFamily' depends on axioms: [propext, Quot.sound]
'ASGinzburg.tensorProductIdempotentFamily_sum_one' depends on axioms: [propext, Classical.choice, Quot.sound]
'ASGinzburg.tensorRightEnvelopingTotal_finite' depends on axioms: [propext, Classical.choice, Quot.sound]
'ASGinzburg.TopCohomology' depends on axioms: [propext, Classical.choice, Quot.sound]
'ASGinzburg.topCohomology_finrank' depends on axioms: [propext, Classical.choice, Quot.sound]
'ASGinzburg.ZAlgebra.totalAlgebra' depends on axioms: [propext, Classical.choice, Quot.sound]
'ASGinzburg.ZAlgebra.totalAlgebraAddCommMonoid' depends on axioms: [propext, Classical.choice, Quot.sound]
'ASGinzburg.ZAlgebra.totalAlgebraComponent' depends on axioms: [propext, Classical.choice, Quot.sound]
'ASGinzburg.ZAlgebra.totalAlgebraComponent_mul_off' depends on axioms: [propext, Classical.choice, Quot.sound]
'ASGinzburg.ZAlgebra.totalAlgebraRepresentation' depends on axioms: [propext, Classical.choice, Quot.sound]
'ASGinzburg.ZAlgebra.regularMatrixEntry_action' depends on axioms: [propext, Classical.choice, Quot.sound]
'ASGinzburg.ZAlgebra.totalAlgebraEntry_representation' depends on axioms: [propext, Classical.choice, Quot.sound]
'ASGinzburg.ZAlgebra.totalAlgebraLiftLinear' depends on axioms: [propext, Classical.choice, Quot.sound]
'ASGinzburg.ZAlgebra.totalAlgebraLift' depends on axioms: [propext, Classical.choice, Quot.sound]
'ASGinzburg.ZAlgebra.totalAlgebraLocalUnit' depends on axioms: [propext, Classical.choice, Quot.sound]
'ASGinzburg.ZAlgebra.totalAlgebraLocalUnit_idempotent' depends on axioms: [propext, Classical.choice, Quot.sound]
'ASGinzburg.ZAlgebra.totalAlgebraLocalUnit_mul_eq_self' depends on axioms: [propext, Classical.choice, Quot.sound]
'ASGinzburg.ZAlgebra.leftModuleTotalAction_add' depends on axioms: [propext, Classical.choice, Quot.sound]
'ASGinzburg.ZAlgebra.leftModuleTotalAction_comp_off' depends on axioms: [propext, Classical.choice, Quot.sound]
'ASGinzburg.ZAlgebra.rightModuleTotalAction_comp' depends on axioms: [propext, Classical.choice, Quot.sound]
'ASGinzburg.ZAlgebra.rightTotalComponentRepresentation' depends on axioms: [propext, Classical.choice, Quot.sound]
'ASGinzburg.ZAlgebra.leftTotalHomToLinear' depends on axioms: [propext, Classical.choice, Quot.sound]
'ASGinzburg.ZAlgebra.rightTotalHomComponent' depends on axioms: [propext, Classical.choice, Quot.sound]
'ASGinzburg.ZAlgebra.leftTotalHomNatTrans' depends on axioms: [propext, Classical.choice, Quot.sound]
'ASGinzburg.ZAlgebra.rightTotalHomNatTrans_recover' depends on axioms: [propext, Classical.choice, Quot.sound]
'ASGinzburg.ZAlgebra.leftTotalLinearMap' depends on axioms: [propext, Classical.choice, Quot.sound]
'ASGinzburg.ZAlgebra.rightTotalLinearMap_lof' depends on axioms: [propext, Classical.choice, Quot.sound]
'ASGinzburg.ZAlgebra.leftTotalLinearMap_representation' depends on axioms: [propext, Classical.choice, Quot.sound]
'ASGinzburg.ZAlgebra.rightTotalModuleMap' depends on axioms: [propext, Classical.choice, Quot.sound]
'ASGinzburg.ZAlgebra.leftTotalLocallyUnitalFunctorFaithful' depends on axioms: [propext, Classical.choice, Quot.sound]
'ASGinzburg.finiteTotalProjection_apply' depends on axioms: [propext, Classical.choice, Quot.sound]
'ASGinzburg.finiteTotalProjection_support' depends on axioms: [propext, Classical.choice, Quot.sound]
'ASGinzburg.ZAlgebra.leftModuleTotalAction_id' depends on axioms: [propext, Classical.choice, Quot.sound]
'ASGinzburg.ZAlgebra.rightModuleTotalAction_id' depends on axioms: [propext, Classical.choice, Quot.sound]
'ASGinzburg.ZAlgebra.rightModuleTotalSpace_common_local_unit' depends on axioms: [propext, Classical.choice, Quot.sound]
'ASGinzburg.ZAlgebra.leftTotalRepresentation' depends on axioms: [propext, Classical.choice, Quot.sound]
'ASGinzburg.ZAlgebra.rightTotalRepresentation' depends on axioms: [propext, Classical.choice, Quot.sound]
'ASGinzburg.ZAlgebra.rightModuleComponents' depends on axioms: [propext, Classical.choice, Quot.sound]
'ASGinzburg.ZAlgebra.leftModuleComponentsFaithful' depends on axioms: [propext, Classical.choice, Quot.sound]
'ASGinzburg.ZAlgebra.rightModuleTotalFunctorFaithful' depends on axioms: [propext, Classical.choice, Quot.sound]
'ASGinzburg.ZAlgebra.leftModuleTotalFunctorPreservesFiniteLimits' depends on axioms: [propext,
 Classical.choice,
 Quot.sound]
'ASGinzburg.ZAlgebra.leftModuleTotalFunctorObjIso' depends on axioms: [propext, Classical.choice, Quot.sound]
'ASGinzburg.ZAlgebra.rightModuleTotalFunctorPreservesFiniteColimits' depends on axioms: [propext,
 Classical.choice,
 Quot.sound]
'ASGinzburg.ZAlgebra.leftModuleTotalFunctor_shortExact' depends on axioms: [propext, Classical.choice, Quot.sound]
'ASGinzburg.ZAlgebra.leftModuleTotalFunctor_ι_objIso_hom' depends on axioms: [propext, Classical.choice, Quot.sound]
'ASGinzburg.ZAlgebra.leftModuleVectorDualTotalLinearMap_component_action' depends on axioms: [propext,
 Classical.choice,
 Quot.sound]
'ASGinzburg.ZAlgebra.rightModuleVectorDualTotalLinearMap' depends on axioms: [propext, Classical.choice, Quot.sound]
'ASGinzburg.ZAlgebra.leftModuleVectorDualTotalLinearMap' depends on axioms: [propext, Classical.choice, Quot.sound]
'ASGinzburg.ZAlgebra.rightModuleVectorDualTotalLinearMap_eval_lof' depends on axioms: [propext,
 Classical.choice,
 Quot.sound]
'ASGinzburg.ZAlgebra.leftModuleVectorDualTotalLinearMap_natural' depends on axioms: [propext,
 Classical.choice,
 Quot.sound]
'ASGinzburg.triangleY' depends on axioms: [propext, Quot.sound]
'ASGinzburg.triangleY_cut' depends on axioms: [propext, Quot.sound]
'ASGinzburg.triangle_path_winding' depends on axioms: [propext, Classical.choice, Quot.sound]
'ASGinzburg.trianglePotential' depends on axioms: [propext, Classical.choice, Quot.sound]
'ASGinzburg.ZAlgebra.ASRegular.triangle_isPeriodic' depends on axioms: [propext, Classical.choice, Quot.sound]
'ASGinzburg.ZAlgebra.simpleRightModuleπ_component_isIso' depends on axioms: [propext, Classical.choice, Quot.sound]
'ASGinzburg.ZAlgebra.rightTruncatedRepresentableHomComponentEquiv' depends on axioms: [propext,
 Classical.choice,
 Quot.sound]
'ASGinzburg.ZAlgebra.representableToElement_identity' depends on axioms: [propext, Classical.choice, Quot.sound]
'ASGinzburg.ZAlgebra.rightTruncatedRepresentableHomComponentEquiv_comp' depends on axioms: [propext,
 Classical.choice,
 Quot.sound]
'ASGinzburg.ZAlgebra.rightTruncatedRepresentableRestrictionEpi' depends on axioms: [propext,
 Classical.choice,
 Quot.sound]
'ASGinzburg.ZAlgebra.rightRepresentableLowerTail' depends on axioms: [propext, Classical.choice, Quot.sound]
'ASGinzburg.ZAlgebra.rightTruncatedRepresentableπEpi' depends on axioms: [propext, Classical.choice, Quot.sound]
'ASGinzburg.ZAlgebra.rightTruncatedRepresentable_window' depends on axioms: [propext, Classical.choice, Quot.sound]
'ASGinzburg.ZAlgebra.rightRepresentableLowerTail_comp_eq_zero' depends on axioms: [propext,
 Classical.choice,
 Quot.sound]
'ASGinzburg.ZAlgebra.rightTruncatedRepresentableHomEquiv' depends on axioms: [propext, Classical.choice, Quot.sound]
'ASGinzburg.ZAlgebra.rightTruncatedRepresentableComponentIso' depends on axioms: [propext, Classical.choice, Quot.sound]
'ASGinzburg.ZAlgebra.totalUnitizationComponentLinear' depends on axioms: [propext, Classical.choice, Quot.sound]
'ASGinzburg.ZAlgebra.rightUnitizationComponentAction' depends on axioms: [propext, Classical.choice, Quot.sound]
'ASGinzburg.ZAlgebra.leftUnitizationComponentAction_comp_off' depends on axioms: [propext, Classical.choice, Quot.sound]
'ASGinzburg.ZAlgebra.rightUnitizationProjection' depends on axioms: [propext, Classical.choice, Quot.sound]
'ASGinzburg.ZAlgebra.leftUnitizationProjection_orthogonal' depends on axioms: [propext, Classical.choice, Quot.sound]
'ASGinzburg.ZAlgebra.rightUnitizationComponentHom' depends on axioms: [propext, Classical.choice, Quot.sound]
'ASGinzburg.ZAlgebra.unitizationLeftComponentModuleFunctor' depends on axioms: [propext, Classical.choice, Quot.sound]
'ASGinzburg.ZAlgebra.rightLocallyUnitalComponentFunctor' depends on axioms: [propext, Classical.choice, Quot.sound]
'ASGinzburg.ZAlgebra.leftUnitizationProjection_range_fixed' depends on axioms: [propext, Classical.choice, Quot.sound]
'ASGinzburg.ZAlgebra.rightUnitizationComponentMap' depends on axioms: [propext, Classical.choice, Quot.sound]
'ASGinzburg.ZAlgebra.leftUnitizationComponentMap_comp' depends on axioms: [propext, Classical.choice, Quot.sound]
'ASGinzburg.ZAlgebra.rightUnitizationActionLinear' depends on axioms: [propext, Classical.choice, Quot.sound]
'ASGinzburg.ZAlgebra.unitizationLeftComponentFunctor' depends on axioms: [propext, Classical.choice, Quot.sound]
'ASGinzburg.ZAlgebra.unitizationRightComponentFunctorAdditive' depends on axioms: [propext,
 Classical.choice,
 Quot.sound]
'ASGinzburg.ZAlgebra.unitizationLeftComponentModule' depends on axioms: [propext, Classical.choice, Quot.sound]
'ASGinzburg.ZAlgebra.rightUnitizationComponentSum' depends on axioms: [propext, Classical.choice, Quot.sound]
'ASGinzburg.ZAlgebra.leftUnitizationProjection_range_off' depends on axioms: [propext, Classical.choice, Quot.sound]
'ASGinzburg.ZAlgebra.rightUnitizationProjection_componentSum' depends on axioms: [propext, Classical.choice, Quot.sound]
'ASGinzburg.ZAlgebra.leftUnitizationLocalUnit_smul' depends on axioms: [propext, Classical.choice, Quot.sound]
'ASGinzburg.ZAlgebra.rightUnitizationComponentSum_surjective' depends on axioms: [propext, Classical.choice, Quot.sound]
'ASGinzburg.CutQuiver.heightEquiv_symm_height' depends on axioms: [propext, Classical.choice, Quot.sound]
'ASGinzburg.CutQuiver.unrolledPathHeightEquiv_length' depends on axioms: [propext, Classical.choice, Quot.sound]
'ASGinzburg.CutQuiver.unrolledComponentHeightEquiv_mem_filtration' depends on axioms: [propext,
 Classical.choice,
 Quot.sound]
'ASGinzburg.CutQuiver.unrolledCutJacobianIdeal' depends on axioms: [propext, Classical.choice, Quot.sound]
'ASGinzburg.CutQuiver.unrolledPathEraseLinearMap_mem_lengthFiltration' depends on axioms: [propext,
 Classical.choice,
 Quot.sound]
'ASGinzburg.CutQuiver.unrolledIdealProductLift_eq_comap' depends on axioms: [propext, Classical.choice, Quot.sound]
'ASGinzburg.CutQuiver.jacobianGenerators' depends on axioms: [propext, Classical.choice, Quot.sound]
'ASGinzburg.CutQuiver.unrolledJacobianIdeal_le_square' depends on axioms: [propext, Classical.choice, Quot.sound]
'ASGinzburg.CutQuiver.unrolledJacobianQuotientMap' depends on axioms: [propext, Classical.choice, Quot.sound]
'ASGinzburg.CutQuiver.unrolledJacobianQuotientMap_relation_zero' depends on axioms: [propext,
 Classical.choice,
 Quot.sound]
'ASGinzburg.CutQuiver.unrolledPathEraseLinearMap_unrollDegree' depends on axioms: [propext,
 Classical.choice,
 Quot.sound]
'ASGinzburg.CutQuiver.unrolledEndpointEquiv_mem_erasureIdeal' depends on axioms: [propext, Classical.choice, Quot.sound]
'ASGinzburg.CutQuiver.unrolledJacobianIdeal_le_erasureIdeal' depends on axioms: [propext, Classical.choice, Quot.sound]
'ASGinzburg.CutQuiver.unrolledJacobianSheetPeriodIso' depends on axioms: [propext, Classical.choice, Quot.sound]
'ASGinzburg.CutQuiver.unrolledComponentHeightEquiv_comp' depends on axioms: [propext, Classical.choice, Quot.sound]
'ASGinzburg.CutQuiver.unrolledJacobianLiftIdeal_comp_right' depends on axioms: [propext, Classical.choice, Quot.sound]
'ASGinzburg.CutQuiver.unrolledPathEraseLinearMap_sheet_transport' depends on axioms: [propext,
 Classical.choice,
 Quot.sound]
'ASGinzburg.CutQuiver.unrolledCutJacobianRelation_erase' depends on axioms: [propext, Classical.choice, Quot.sound]
'ASGinzburg.CutQuiver.restrictedJacobianRelation' depends on axioms: [propext, Classical.choice, Quot.sound]
'ASGinzburg.CutQuiver.unrolledJacobianRelation' depends on axioms: [propext, Classical.choice, Quot.sound]
'ASGinzburg.CutQuiver.unrolledSheetShiftLinearEquiv_mem_Jacobian' depends on axioms: [propext,
 Classical.choice,
 Quot.sound]
'ASGinzburg.CutQuiver.unrolledLastArrowLinearEquiv' depends on axioms: [propext, Classical.choice, Quot.sound]
'ASGinzburg.CutQuiver.unrolledLastArrowLinearEquiv_comp' depends on axioms: [propext, Classical.choice, Quot.sound]
'ASGinzburg.CutQuiver.unrolledLastArrowLinearEquiv_single' depends on axioms: [propext, Classical.choice, Quot.sound]
'ASGinzburg.CutQuiver.unrolledSheetShiftLinearEquiv_zero' depends on axioms: [propext, Classical.choice, Quot.sound]
'ASGinzburg.CutQuiver.unrolledPathComp' depends on axioms: [propext, Classical.choice, Quot.sound]
'ASGinzburg.CutQuiver.unrolledPathComp_id' depends on axioms: [propext, Classical.choice, Quot.sound]
'ASGinzburg.ZAlgebra.unrolledPathLinearEvaluation_id' depends on axioms: [propext, Classical.choice, Quot.sound]
'ASGinzburg.ZAlgebra.unrolledPath_oneArrow_class_independent' depends on axioms: [propext, Classical.choice, Quot.sound]
'ASGinzburg.CutQuiver.unrolledPathEraseLinearMap' depends on axioms: [propext, Classical.choice, Quot.sound]
'ASGinzburg.CutQuiver.unrolledPathEraseLinearMap_cut' depends on axioms: [propext, Classical.choice, Quot.sound]
'ASGinzburg.CutQuiver.unrolledPathFiltration' depends on axioms: [propext, Classical.choice, Quot.sound]
'ASGinzburg.CutQuiver.unrolledPath_long_factor' depends on axioms: [propext, Classical.choice, Quot.sound]
'ASGinzburg.CutQuiver.UnrolledPath.height_lt_of_length_pos' depends on axioms: [propext, Classical.choice, Quot.sound]
'ASGinzburg.CutQuiver.UnrolledPath.lastStep_injective' does not depend on any axioms
'ASGinzburg.CutQuiver.unrolledArrowIdeal' depends on axioms: [propext, Classical.choice, Quot.sound]
'ASGinzburg.ZAlgebra.unrolledPathIndecomposableMap' depends on axioms: [propext, Classical.choice, Quot.sound]
'ASGinzburg.ZAlgebra.unrolledPathLong_supported_le_ker' depends on axioms: [propext, Classical.choice, Quot.sound]
'ASGinzburg.CutQuiver.unrolledIntegerSheetShiftLinearEquiv_id' depends on axioms: [propext,
 Classical.choice,
 Quot.sound]
'ASGinzburg.ZAlgebra.unrolledPathIndecomposableMap_eq_linearCombination' depends on axioms: [propext,
 Classical.choice,
 Quot.sound]
'ASGinzburg.ZAlgebra.unrolledPathLinearEvaluation_ker_le_long' depends on axioms: [propext,
 Classical.choice,
 Quot.sound]
'ASGinzburg.ZAlgebra.unrolledPathPresentationMap_id' depends on axioms: [propext, Classical.choice, Quot.sound]
'ASGinzburg.ZAlgebra.unrolledPathPresentation_surjective' depends on axioms: [propext, Classical.choice, Quot.sound]
'ASGinzburg.CutQuiver.incomingSource_sheetShift' depends on axioms: [propext, Quot.sound]
'ASGinzburg.CutQuiver.UnrolledPath.erase_shift' depends on axioms: [propext, Classical.choice, Quot.sound]
'ASGinzburg.CutQuiver.UnrolledPath.shiftEquiv' depends on axioms: [propext, Classical.choice, Quot.sound]
'ASGinzburg.CutQuiver.unrolledSheetShiftLinearEquiv_id' depends on axioms: [propext, Classical.choice, Quot.sound]
'ASGinzburg.CutQuiver.UnrolledPath.shift_zero' depends on axioms: [propext, Classical.choice, Quot.sound]
'ASGinzburg.CutQuiver.UnrolledPath.unrollDegree_eraseDegree' depends on axioms: [propext, Classical.choice, Quot.sound]
'ASGinzburg.CutQuiver.unrollDegreeLinearEquiv_single' depends on axioms: [propext, Classical.choice, Quot.sound]
'ASGinzburg.CutQuiver.unrolledArrowIdeal_elem_eq_zero_of_ge' depends on axioms: [propext, Classical.choice, Quot.sound]
'ASGinzburg.CutQuiver.unrolledSheetShiftLinearEquiv_mem_erasureIdeal' depends on axioms: [propext,
 Classical.choice,
 Quot.sound]
'ASGinzburg.CutQuiver.UnrolledPath.singleArrow' does not depend on any axioms
'ASGinzburg.CutQuiver.UnrolledPath.singleArrowOfPath_singleArrow' depends on axioms: [propext,
 Classical.choice,
 Quot.sound]
'ASGinzburg.CutQuiver.UnrolledPath.singleArrowHeightEquiv' depends on axioms: [propext, Classical.choice, Quot.sound]
'ASGinzburg.CutQuiver.wordSource_append_of_nonempty' does not depend on any axioms
'ASGinzburg.CutQuiver.vertexWordProjection_single' depends on axioms: [propext, Classical.choice, Quot.sound]
'ASGinzburg.CutQuiver.vertexWordProjection_append_path' depends on axioms: [propext, Classical.choice, Quot.sound]
'ASGinzburg.ZAlgebra.vertexPresentation_radical_zero' depends on axioms: [propext, Classical.choice, Quot.sound]
'ASGinzburg.ZAlgebra.vertexPresentationIso' depends on axioms: [propext, Classical.choice, Quot.sound]
'ASGinzburg.ZAlgebra.InWindow.mono' depends on axioms: [propext, Classical.choice, Quot.sound]
'ASGinzburg.ZAlgebra.WindowSystem.globalMap_eq_window' depends on axioms: [propext, Classical.choice, Quot.sound]
'ASGinzburg.ZAlgebra' depends on axioms: [propext, Classical.choice, Quot.sound]
'ASGinzburg.ZAlgebra.LinearSubcategory' depends on axioms: [propext, Classical.choice, Quot.sound]
'ASGinzburg.ZAlgebra.Isomorphism.conjugateModuleMap' depends on axioms: [propext, Classical.choice, Quot.sound]
'ASGinzburg.ZAlgebra.Isomorphism.conjugateShortComplexIso' depends on axioms: [propext, Classical.choice, Quot.sound]
'ASGinzburg.ZAlgebra.Isomorphism.fixedRepresentableIso' depends on axioms: [propext, Classical.choice, Quot.sound]
'ASGinzburg.ZAlgebra.Isomorphism.fixedRightModuleFunctorIsEquivalence' depends on axioms: [propext,
 Classical.choice,
 Quot.sound]
'ASGinzburg.ZAlgebra.Isomorphism.fixedRightModuleFunctorLinear' depends on axioms: [propext,
 Classical.choice,
 Quot.sound]
'ASGinzburg.ZAlgebra.Isomorphism.fixedSimplePresentationMap' depends on axioms: [propext, Classical.choice, Quot.sound]
'ASGinzburg.ZAlgebra.Isomorphism.fixedImageSimple_off_diagonal' depends on axioms: [propext,
 Classical.choice,
 Quot.sound]
'ASGinzburg.ZAlgebra.LinearIdeal' depends on axioms: [propext, Classical.choice, Quot.sound]
'ASGinzburg.ZAlgebra.Homomorphism.kernel_diagonal_eq_bot' depends on axioms: [propext, Classical.choice, Quot.sound]
'ASGinzburg.ZAlgebra.Isomorphism' depends on axioms: [propext, Classical.choice, Quot.sound]
'ASGinzburg.ZAlgebra.Isomorphism.symm' depends on axioms: [propext, Classical.choice, Quot.sound]
'ASGinzburg.ZAlgebra.Homomorphism.quotientKernelIso_apply_mk' depends on axioms: [propext, Classical.choice, Quot.sound]
'ASGinzburg.ZAlgebra.Isomorphism.linearFunctorLinear' depends on axioms: [propext, Classical.choice, Quot.sound]
'ASGinzburg.ZAlgebra.Isomorphism.linearFunctorEssSurj' depends on axioms: [propext, Classical.choice, Quot.sound]
'ASGinzburg.ZAlgebra.objIso_index_eq' depends on axioms: [propext, Classical.choice, Quot.sound]
'ASGinzburg.ZAlgebra.obj_eq_of_iso' depends on axioms: [propext, Classical.choice, Quot.sound]
'ASGinzburg.ZAlgebra.Isomorphism.rightModuleEquivalence' depends on axioms: [propext, Classical.choice, Quot.sound]
'ASGinzburg.ZAlgebra.Isomorphism.rightModuleEquivalenceInverseAdditive' depends on axioms: [propext,
 Classical.choice,
 Quot.sound]
'ASGinzburg.ZAlgebra.Isomorphism.rightModuleProjectiveResolution' depends on axioms: [propext,
 Classical.choice,
 Quot.sound]
'ASGinzburg.ZAlgebra.Isomorphism.representableComponentEquiv_apply' depends on axioms: [propext,
 Classical.choice,
 Quot.sound]
'ASGinzburg.ZAlgebra.Isomorphism.simplePresentationMap' depends on axioms: [propext, Classical.choice, Quot.sound]
'ASGinzburg.ZAlgebra.Isomorphism.simplePresentationMap_radical_zero' depends on axioms: [propext,
 Classical.choice,
 Quot.sound]
'ASGinzburg.ZAlgebra.Isomorphism.simpleComparisonMapEpi' depends on axioms: [propext, Classical.choice, Quot.sound]
'ASGinzburg.ZAlgebra.Isomorphism.vertexExtLinearEquiv' depends on axioms: [propext, Classical.choice, Quot.sound]
'ASGinzburg.CutQuiver.zeroCutFoundationComponentEquiv_id' depends on axioms: [propext, Classical.choice, Quot.sound]
'ASGinzburg.CutQuiver.zeroCutFoundationRingAlgEquiv_apply' depends on axioms: [propext, Classical.choice, Quot.sound]
'ASGinzburg.ZAlgebra.arrowPathLinearEvaluation_zeroCutJacobianLift' depends on axioms: [propext,
 Classical.choice,
 Quot.sound]
'ASGinzburg.CutQuiver.zeroCutJacobianIdeal' depends on axioms: [propext, Classical.choice, Quot.sound]
'ASGinzburg.CutQuiver.zeroCutPathId' depends on axioms: [propext, Classical.choice, Quot.sound]
'ASGinzburg.CutQuiver.ZeroCutPathRing' depends on axioms: [propext, Classical.choice, Quot.sound]
'ASGinzburg.CutQuiver.zeroCutNativeUnrollingEquiv_erase' depends on axioms: [propext, Classical.choice, Quot.sound]
'ASGinzburg.CutQuiver.heightEquiv_symm_vertex_zero' depends on axioms: [propext, Classical.choice, Quot.sound]
'ASGinzburg.CutQuiver.zeroSheetPathReindexEquiv_id' depends on axioms: [propext, Classical.choice, Quot.sound]
