⚠ [3150/3218] Replayed ASGinzburg.RightModuleAbelian
warning: ASGinzburg/RightModuleAbelian.lean:38:4: Try this: 
  letI̵

The goal is a proposition, so `let` is preferred over `letI`.
The difference between `let` and `letI` is that `letI` inlines the value.
But this is not relevant for proofs because of proof irrelevance.

Note: This linter can be disabled with `set_option linter.style.haveILetI false`
warning: ASGinzburg/RightModuleAbelian.lean:47:4: Try this: 
  letI̵

The goal is a proposition, so `let` is preferred over `letI`.
The difference between `let` and `letI` is that `letI` inlines the value.
But this is not relevant for proofs because of proof irrelevance.

Note: This linter can be disabled with `set_option linter.style.haveILetI false`
warning: ASGinzburg/RightModuleAbelian.lean:67:4: Try this: 
  letI̵

The goal is a proposition, so `let` is preferred over `letI`.
The difference between `let` and `letI` is that `letI` inlines the value.
But this is not relevant for proofs because of proof irrelevance.

Note: This linter can be disabled with `set_option linter.style.haveILetI false`
warning: ASGinzburg/RightModuleAbelian.lean:77:4: Try this: 
  letI̵

The goal is a proposition, so `let` is preferred over `letI`.
The difference between `let` and `letI` is that `letI` inlines the value.
But this is not relevant for proofs because of proof irrelevance.

Note: This linter can be disabled with `set_option linter.style.haveILetI false`
warning: ASGinzburg/RightModuleAbelian.lean:89:4: Try this: 
  letI̵

The goal is a proposition, so `let` is preferred over `letI`.
The difference between `let` and `letI` is that `letI` inlines the value.
But this is not relevant for proofs because of proof irrelevance.

Note: This linter can be disabled with `set_option linter.style.haveILetI false`
warning: ASGinzburg/RightModuleAbelian.lean:97:4: Try this: 
  letI̵

The goal is a proposition, so `let` is preferred over `letI`.
The difference between `let` and `letI` is that `letI` inlines the value.
But this is not relevant for proofs because of proof irrelevance.

Note: This linter can be disabled with `set_option linter.style.haveILetI false`
warning: ASGinzburg/RightModuleAbelian.lean:123:2: Try this: 
  haveI̵

The goal is a proposition, so `have` is preferred over `haveI`.
The difference between `have` and `haveI` is that `haveI` inlines the value.
But this is not relevant for proofs because of proof irrelevance.

Note: This linter can be disabled with `set_option linter.style.haveILetI false`
⚠ [3375/3456] Replayed ASGinzburg.HomologicalColimitClosure
warning: ASGinzburg/HomologicalColimitClosure.lean:29:13: `CategoryTheory.Limits.HasColimit.isoOfNatIso_ι_hom_assoc` has been deprecated: Use `CategoryTheory.Limits.HasColimit.ι_isoOfNatIso_hom_assoc` instead
warning: ASGinzburg/HomologicalColimitClosure.lean:46:4: Try this: 
  letI̵

The goal is a proposition, so `let` is preferred over `letI`.
The difference between `let` and `letI` is that `letI` inlines the value.
But this is not relevant for proofs because of proof irrelevance.

Note: This linter can be disabled with `set_option linter.style.haveILetI false`
warning: ASGinzburg/HomologicalColimitClosure.lean:36:0: Definition `ASGinzburg.limitPreservesColimitsOfExactShape` of class type is semireducible. Most type class instances should be instance-reducible, so consider marking this
definition with `@[instance_reducible]`. If it is intentionally semireducible, this warning can be disabled with `set_option warn.classDefReducibility false`.
warning: ASGinzburg/HomologicalColimitClosure.lean:36:0: Definition `limitPreservesColimitsOfExactShape` is a proposition; use `theorem` instead of `def`

Note: This linter can be disabled with `set_option linter.defProp false`
warning: ASGinzburg/HomologicalColimitClosure.lean:59:0: Definition `ASGinzburg.parallelPairDiagramPreservesColimits` of class type is semireducible. Most type class instances should be instance-reducible, so consider marking this
definition with `@[instance_reducible]`. If it is intentionally semireducible, this warning can be disabled with `set_option warn.classDefReducibility false`.
warning: ASGinzburg/HomologicalColimitClosure.lean:59:0: Definition `parallelPairDiagramPreservesColimits` is a proposition; use `theorem` instead of `def`

Note: This linter can be disabled with `set_option linter.defProp false`
warning: ASGinzburg/HomologicalColimitClosure.lean:71:2: Try this: 
  letI̵

The goal is a proposition, so `let` is preferred over `letI`.
The difference between `let` and `letI` is that `letI` inlines the value.
But this is not relevant for proofs because of proof irrelevance.

Note: This linter can be disabled with `set_option linter.style.haveILetI false`
warning: ASGinzburg/HomologicalColimitClosure.lean:72:2: Try this: 
  letI̵

The goal is a proposition, so `let` is preferred over `letI`.
The difference between `let` and `letI` is that `letI` inlines the value.
But this is not relevant for proofs because of proof irrelevance.

Note: This linter can be disabled with `set_option linter.style.haveILetI false`
warning: ASGinzburg/HomologicalColimitClosure.lean:69:0: Definition `ASGinzburg.kernelFunctorPreservesExactColimits` of class type is semireducible. Most type class instances should be instance-reducible, so consider marking this
definition with `@[instance_reducible]`. If it is intentionally semireducible, this warning can be disabled with `set_option warn.classDefReducibility false`.
warning: ASGinzburg/HomologicalColimitClosure.lean:69:0: Definition `kernelFunctorPreservesExactColimits` is a proposition; use `theorem` instead of `def`

Note: This linter can be disabled with `set_option linter.defProp false`
warning: ASGinzburg/HomologicalColimitClosure.lean:78:2: Try this: 
  letI̵

The goal is a proposition, so `let` is preferred over `letI`.
The difference between `let` and `letI` is that `letI` inlines the value.
But this is not relevant for proofs because of proof irrelevance.

Note: This linter can be disabled with `set_option linter.style.haveILetI false`
warning: ASGinzburg/HomologicalColimitClosure.lean:80:2: Try this: 
  letI̵

The goal is a proposition, so `let` is preferred over `letI`.
The difference between `let` and `letI` is that `letI` inlines the value.
But this is not relevant for proofs because of proof irrelevance.

Note: This linter can be disabled with `set_option linter.style.haveILetI false`
warning: ASGinzburg/HomologicalColimitClosure.lean:76:0: Definition `ASGinzburg.cokernelFunctorPreservesColimits` of class type is semireducible. Most type class instances should be instance-reducible, so consider marking this
definition with `@[instance_reducible]`. If it is intentionally semireducible, this warning can be disabled with `set_option warn.classDefReducibility false`.
warning: ASGinzburg/HomologicalColimitClosure.lean:76:0: Definition `cokernelFunctorPreservesColimits` is a proposition; use `theorem` instead of `def`

Note: This linter can be disabled with `set_option linter.defProp false`
warning: ASGinzburg/HomologicalColimitClosure.lean:88:0: Definition `ASGinzburg.moduleCatExactCoproducts` of class type is semireducible. Most type class instances should be instance-reducible, so consider marking this
definition with `@[instance_reducible]`. If it is intentionally semireducible, this warning can be disabled with `set_option warn.classDefReducibility false`.
warning: ASGinzburg/HomologicalColimitClosure.lean:88:0: Definition `moduleCatExactCoproducts` is a proposition; use `theorem` instead of `def`

Note: This linter can be disabled with `set_option linter.defProp false`
⚠ [3381/3456] Replayed ASGinzburg.PathAlgebra
warning: ASGinzburg/PathAlgebra.lean:97:42: This simp argument is unused:
  LinearMap.add_apply

Hint: Omit it from the simp argument list.
  [apply] simp [map_add, ih, ih']

Note: This linter can be disabled with `set_option linter.unusedSimpArgs false`
⚠ [3394/4123] Replayed ASGinzburg.ProjectiveResolutionSyzygies
warning: ASGinzburg/ProjectiveResolutionSyzygies.lean:17:2: Try this: 
  haveI̵

The goal is a proposition, so `have` is preferred over `haveI`.
The difference between `have` and `haveI` is that `haveI` inlines the value.
But this is not relevant for proofs because of proof irrelevance.

Note: This linter can be disabled with `set_option linter.style.haveILetI false`
warning: ASGinzburg/ProjectiveResolutionSyzygies.lean:18:2: Try this: 
  haveI̵

The goal is a proposition, so `have` is preferred over `haveI`.
The difference between `have` and `haveI` is that `haveI` inlines the value.
But this is not relevant for proofs because of proof irrelevance.

Note: This linter can be disabled with `set_option linter.style.haveILetI false`
warning: ASGinzburg/ProjectiveResolutionSyzygies.lean:19:2: Try this: 
  haveI̵

The goal is a proposition, so `have` is preferred over `haveI`.
The difference between `have` and `haveI` is that `haveI` inlines the value.
But this is not relevant for proofs because of proof irrelevance.

Note: This linter can be disabled with `set_option linter.style.haveILetI false`
⚠ [3401/4123] Replayed ASGinzburg.ShortExactKernels
warning: ASGinzburg/ShortExactKernels.lean:34:4: Try this: 
  letI̵

The goal is a proposition, so `let` is preferred over `letI`.
The difference between `let` and `letI` is that `letI` inlines the value.
But this is not relevant for proofs because of proof irrelevance.

Note: This linter can be disabled with `set_option linter.style.haveILetI false`
warning: ASGinzburg/ShortExactKernels.lean:37:4: Try this: 
  letI̵

The goal is a proposition, so `let` is preferred over `letI`.
The difference between `let` and `letI` is that `letI` inlines the value.
But this is not relevant for proofs because of proof irrelevance.

Note: This linter can be disabled with `set_option linter.style.haveILetI false`
warning: ASGinzburg/ShortExactKernels.lean:38:4: Try this: 
  haveI̵

The goal is a proposition, so `have` is preferred over `haveI`.
The difference between `have` and `haveI` is that `haveI` inlines the value.
But this is not relevant for proofs because of proof irrelevance.

Note: This linter can be disabled with `set_option linter.style.haveILetI false`
warning: ASGinzburg/ShortExactKernels.lean:39:4: Try this: 
  haveI̵

The goal is a proposition, so `have` is preferred over `haveI`.
The difference between `have` and `haveI` is that `haveI` inlines the value.
But this is not relevant for proofs because of proof irrelevance.

Note: This linter can be disabled with `set_option linter.style.haveILetI false`
⚠ [3402/4123] Replayed ASGinzburg.ProjectiveExtensionCovers
warning: ASGinzburg/ProjectiveExtensionCovers.lean:20:2: Try this: 
  letI̵

The goal is a proposition, so `let` is preferred over `letI`.
The difference between `let` and `letI` is that `letI` inlines the value.
But this is not relevant for proofs because of proof irrelevance.

Note: This linter can be disabled with `set_option linter.style.haveILetI false`
warning: ASGinzburg/ProjectiveExtensionCovers.lean:35:2: Try this: 
  letI̵

The goal is a proposition, so `let` is preferred over `letI`.
The difference between `let` and `letI` is that `letI` inlines the value.
But this is not relevant for proofs because of proof irrelevance.

Note: This linter can be disabled with `set_option linter.style.haveILetI false`
warning: ASGinzburg/ProjectiveExtensionCovers.lean:37:2: Try this: 
  letI̵

The goal is a proposition, so `let` is preferred over `letI`.
The difference between `let` and `letI` is that `letI` inlines the value.
But this is not relevant for proofs because of proof irrelevance.

Note: This linter can be disabled with `set_option linter.style.haveILetI false`
warning: ASGinzburg/ProjectiveExtensionCovers.lean:38:2: Try this: 
  letI̵

The goal is a proposition, so `let` is preferred over `letI`.
The difference between `let` and `letI` is that `letI` inlines the value.
But this is not relevant for proofs because of proof irrelevance.

Note: This linter can be disabled with `set_option linter.style.haveILetI false`
warning: ASGinzburg/ProjectiveExtensionCovers.lean:43:2: Try this: 
  letI̵

The goal is a proposition, so `let` is preferred over `letI`.
The difference between `let` and `letI` is that `letI` inlines the value.
But this is not relevant for proofs because of proof irrelevance.

Note: This linter can be disabled with `set_option linter.style.haveILetI false`
⚠ [3403/4123] Replayed ASGinzburg.FourTermProjectiveResolution
warning: ASGinzburg/FourTermProjectiveResolution.lean:15:2: Try this: 
  haveI̵

The goal is a proposition, so `have` is preferred over `haveI`.
The difference between `have` and `haveI` is that `haveI` inlines the value.
But this is not relevant for proofs because of proof irrelevance.

Note: This linter can be disabled with `set_option linter.style.haveILetI false`
warning: ASGinzburg/FourTermProjectiveResolution.lean:16:2: Try this: 
  haveI̵

The goal is a proposition, so `have` is preferred over `haveI`.
The difference between `have` and `haveI` is that `haveI` inlines the value.
But this is not relevant for proofs because of proof irrelevance.

Note: This linter can be disabled with `set_option linter.style.haveILetI false`
warning: ASGinzburg/FourTermProjectiveResolution.lean:17:2: Try this: 
  haveI̵

The goal is a proposition, so `have` is preferred over `haveI`.
The difference between `have` and `haveI` is that `haveI` inlines the value.
But this is not relevant for proofs because of proof irrelevance.

Note: This linter can be disabled with `set_option linter.style.haveILetI false`
warning: ASGinzburg/FourTermProjectiveResolution.lean:87:4: Try this: 
  letI̵

The goal is a proposition, so `let` is preferred over `letI`.
The difference between `let` and `letI` is that `letI` inlines the value.
But this is not relevant for proofs because of proof irrelevance.

Note: This linter can be disabled with `set_option linter.style.haveILetI false`
warning: ASGinzburg/FourTermProjectiveResolution.lean:107:6: Try this: 
  letI̵

The goal is a proposition, so `let` is preferred over `letI`.
The difference between `let` and `letI` is that `letI` inlines the value.
But this is not relevant for proofs because of proof irrelevance.

Note: This linter can be disabled with `set_option linter.style.haveILetI false`
⚠ [3404/4123] Replayed ASGinzburg.ExtClassNaturality
warning: ASGinzburg/ExtClassNaturality.lean:45:2: Try this: 
  letI̵

The goal is a proposition, so `let` is preferred over `letI`.
The difference between `let` and `letI` is that `letI` inlines the value.
But this is not relevant for proofs because of proof irrelevance.

Note: This linter can be disabled with `set_option linter.style.haveILetI false`
⚠ [3413/4123] Replayed ASGinzburg.CyclicDerivativeDegrees
warning: ASGinzburg/CyclicDerivativeDegrees.lean:21:12: `if_pos` has been deprecated: Use `ite_eq_left` instead
warning: ASGinzburg/CyclicDerivativeDegrees.lean:28:12: `if_neg` has been deprecated: Use `ite_eq_right` instead
⚠ [3414/4123] Replayed ASGinzburg.CyclicDerivativeCommutators
warning: ASGinzburg/CyclicDerivativeCommutators.lean:38:50: `if_true` has been deprecated: Use `ite_true` instead
⚠ [3415/4123] Replayed ASGinzburg.GinzburgPaths
warning: ASGinzburg/GinzburgPaths.lean:155:41: This simp argument is unused:
  GinzburgArrow.source

Hint: Omit it from the simp argument list.
  [apply] simp only [Path.originalGinzburg, GinzburgArrow.target]

Note: This linter can be disabled with `set_option linter.unusedSimpArgs false`
warning: ASGinzburg/GinzburgPaths.lean:155:62: This simp argument is unused:
  GinzburgArrow.target

Hint: Omit it from the simp argument list.
  [apply] simp only [Path.originalGinzburg, GinzburgArrow.source]

Note: This linter can be disabled with `set_option linter.unusedSimpArgs false`
⚠ [3420/4123] Replayed ASGinzburg.HomologyAugmentation
warning: ASGinzburg/HomologyAugmentation.lean:64:4: Try this: 
  haveI̵

The goal is a proposition, so `have` is preferred over `haveI`.
The difference between `have` and `haveI` is that `haveI` inlines the value.
But this is not relevant for proofs because of proof irrelevance.

Note: This linter can be disabled with `set_option linter.style.haveILetI false`
✔ [3424/4124] Built ASGinzburg.ProjectiveResolutionHomExactness (5.9s)
⚠ [3432/4124] Replayed ASGinzburg.CyclicDerivativeMixedCoefficients
warning: ASGinzburg/CyclicDerivativeMixedCoefficients.lean:50:13: `Finsupp.finset_sum_apply` has been deprecated: Use `Finsupp.finsetSum_apply` instead
warning: ASGinzburg/CyclicDerivativeMixedCoefficients.lean:54:39: `if_true` has been deprecated: Use `ite_true` instead
⚠ [3434/4124] Replayed ASGinzburg.LinearPresheafAbelian
warning: ASGinzburg/LinearPresheafAbelian.lean:39:4: Try this: 
  letI̵

The goal is a proposition, so `let` is preferred over `letI`.
The difference between `let` and `letI` is that `letI` inlines the value.
But this is not relevant for proofs because of proof irrelevance.

Note: This linter can be disabled with `set_option linter.style.haveILetI false`
warning: ASGinzburg/LinearPresheafAbelian.lean:48:4: Try this: 
  letI̵

The goal is a proposition, so `let` is preferred over `letI`.
The difference between `let` and `letI` is that `letI` inlines the value.
But this is not relevant for proofs because of proof irrelevance.

Note: This linter can be disabled with `set_option linter.style.haveILetI false`
warning: ASGinzburg/LinearPresheafAbelian.lean:68:4: Try this: 
  letI̵

The goal is a proposition, so `let` is preferred over `letI`.
The difference between `let` and `letI` is that `letI` inlines the value.
But this is not relevant for proofs because of proof irrelevance.

Note: This linter can be disabled with `set_option linter.style.haveILetI false`
warning: ASGinzburg/LinearPresheafAbelian.lean:78:4: Try this: 
  letI̵

The goal is a proposition, so `let` is preferred over `letI`.
The difference between `let` and `letI` is that `letI` inlines the value.
But this is not relevant for proofs because of proof irrelevance.

Note: This linter can be disabled with `set_option linter.style.haveILetI false`
warning: ASGinzburg/LinearPresheafAbelian.lean:90:4: Try this: 
  letI̵

The goal is a proposition, so `let` is preferred over `letI`.
The difference between `let` and `letI` is that `letI` inlines the value.
But this is not relevant for proofs because of proof irrelevance.

Note: This linter can be disabled with `set_option linter.style.haveILetI false`
warning: ASGinzburg/LinearPresheafAbelian.lean:98:4: Try this: 
  letI̵

The goal is a proposition, so `let` is preferred over `letI`.
The difference between `let` and `letI` is that `letI` inlines the value.
But this is not relevant for proofs because of proof irrelevance.

Note: This linter can be disabled with `set_option linter.style.haveILetI false`
warning: ASGinzburg/LinearPresheafAbelian.lean:124:2: Try this: 
  haveI̵

The goal is a proposition, so `have` is preferred over `haveI`.
The difference between `have` and `haveI` is that `haveI` inlines the value.
But this is not relevant for proofs because of proof irrelevance.

Note: This linter can be disabled with `set_option linter.style.haveILetI false`
⚠ [3437/4124] Replayed ASGinzburg.CutCyclicDerivativeDelta
warning: ASGinzburg/CutCyclicDerivativeDelta.lean:27:29: `if_neg` has been deprecated: Use `ite_eq_right` instead
✔ [3441/4247] Built ASGinzburg.LiftedModuleIndexing (7.7s)
⚠ [3442/4247] Replayed ASGinzburg.ModuleCochainConnectingRepresentatives
warning: ASGinzburg/ModuleCochainConnectingRepresentatives.lean:21:2: Try this: 
  haveI̵

The goal is a proposition, so `have` is preferred over `haveI`.
The difference between `have` and `haveI` is that `haveI` inlines the value.
But this is not relevant for proofs because of proof irrelevance.

Note: This linter can be disabled with `set_option linter.style.haveILetI false`
⚠ [3452/4309] Built ASGinzburg.PathCyclicDerivativeDegrees (8.3s)
warning: ASGinzburg/PathCyclicDerivativeDegrees.lean:41:16: `Set.mem_setOf_eq` has been deprecated: Use `Set.mem_ofPred_eq` instead
✔ [3458/4337] Built ASGinzburg.GinzburgDegreeZeroAlgebra (8.5s)
⚠ [3461/4337] Replayed ASGinzburg.DirectSumRangeGrading
warning: ASGinzburg/DirectSumRangeGrading.lean:59:0: Definition `ASGinzburg.directSumRangeGradeDecomposition` of class type is semireducible. Most type class instances should be instance-reducible, so consider marking this
definition with `@[instance_reducible]`. If it is intentionally semireducible, this warning can be disabled with `set_option warn.classDefReducibility false`.
⚠ [3462/4337] Replayed ASGinzburg.SingleDegreeGrading
warning: ASGinzburg/SingleDegreeGrading.lean:52:0: Definition `ASGinzburg.singleDegreeGradeDecomposition` of class type is semireducible. Most type class instances should be instance-reducible, so consider marking this
definition with `@[instance_reducible]`. If it is intentionally semireducible, this warning can be disabled with `set_option warn.classDefReducibility false`.
⚠ [3463/4337] Replayed ASGinzburg.AlgebraEnvelopingRegularModule
warning: ASGinzburg/AlgebraEnvelopingRegularModule.lean:51:0: Definition `ASGinzburg.regularEnvelopingModule` of class type is semireducible. Most type class instances should be instance-reducible, so consider marking this
definition with `@[instance_reducible]`. If it is intentionally semireducible, this warning can be disabled with `set_option warn.classDefReducibility false`.
warning: ASGinzburg/AlgebraEnvelopingRegularModule.lean:61:2: Try this: 
  letI̵

The goal is a proposition, so `let` is preferred over `letI`.
The difference between `let` and `letI` is that `letI` inlines the value.
But this is not relevant for proofs because of proof irrelevance.

Note: This linter can be disabled with `set_option linter.style.haveILetI false`
⚠ [3467/4345] Built ASGinzburg.RightModuleHomology (8.0s)
warning: ASGinzburg/RightModuleHomology.lean:90:4: Try this: 
  letI̵

The goal is a proposition, so `let` is preferred over `letI`.
The difference between `let` and `letI` is that `letI` inlines the value.
But this is not relevant for proofs because of proof irrelevance.

Note: This linter can be disabled with `set_option linter.style.haveILetI false`
warning: ASGinzburg/RightModuleHomology.lean:94:4: Try this: 
  haveI̵

The goal is a proposition, so `have` is preferred over `haveI`.
The difference between `have` and `haveI` is that `haveI` inlines the value.
But this is not relevant for proofs because of proof irrelevance.

Note: This linter can be disabled with `set_option linter.style.haveILetI false`
warning: ASGinzburg/RightModuleHomology.lean:103:4: Try this: 
  letI̵

The goal is a proposition, so `let` is preferred over `letI`.
The difference between `let` and `letI` is that `letI` inlines the value.
But this is not relevant for proofs because of proof irrelevance.

Note: This linter can be disabled with `set_option linter.style.haveILetI false`
warning: ASGinzburg/RightModuleHomology.lean:107:4: Try this: 
  haveI̵

The goal is a proposition, so `have` is preferred over `haveI`.
The difference between `have` and `haveI` is that `haveI` inlines the value.
But this is not relevant for proofs because of proof irrelevance.

Note: This linter can be disabled with `set_option linter.style.haveILetI false`
⚠ [3469/4345] Replayed ASGinzburg.AlgebraEnvelopingBimoduleMaps
warning: ASGinzburg/AlgebraEnvelopingBimoduleMaps.lean:15:0: Definition `ASGinzburg.bimoduleEnvelopingModule` of class type is semireducible. Most type class instances should be instance-reducible, so consider marking this
definition with `@[instance_reducible]`. If it is intentionally semireducible, this warning can be disabled with `set_option warn.classDefReducibility false`.
warning: ASGinzburg/AlgebraEnvelopingBimoduleMaps.lean:21:2: Try this: 
  letI̵

The goal is a proposition, so `let` is preferred over `letI`.
The difference between `let` and `letI` is that `letI` inlines the value.
But this is not relevant for proofs because of proof irrelevance.

Note: This linter can be disabled with `set_option linter.style.haveILetI false`
warning: ASGinzburg/AlgebraEnvelopingBimoduleMaps.lean:28:2: Try this: 
  letI̵

The goal is a proposition, so `let` is preferred over `letI`.
The difference between `let` and `letI` is that `letI` inlines the value.
But this is not relevant for proofs because of proof irrelevance.

Note: This linter can be disabled with `set_option linter.style.haveILetI false`
warning: ASGinzburg/AlgebraEnvelopingBimoduleMaps.lean:78:2: Try this: 
  letI̵

The goal is a proposition, so `let` is preferred over `letI`.
The difference between `let` and `letI` is that `letI` inlines the value.
But this is not relevant for proofs because of proof irrelevance.

Note: This linter can be disabled with `set_option linter.style.haveILetI false`
warning: ASGinzburg/AlgebraEnvelopingBimoduleMaps.lean:79:2: Try this: 
  letI̵

The goal is a proposition, so `let` is preferred over `letI`.
The difference between `let` and `letI` is that `letI` inlines the value.
But this is not relevant for proofs because of proof irrelevance.

Note: This linter can be disabled with `set_option linter.style.haveILetI false`
⚠ [3470/4345] Replayed ASGinzburg.AlgebraEnvelopingScalars
warning: ASGinzburg/AlgebraEnvelopingScalars.lean:11:2: Try this: 
  letI̵

The goal is a proposition, so `let` is preferred over `letI`.
The difference between `let` and `letI` is that `letI` inlines the value.
But this is not relevant for proofs because of proof irrelevance.

Note: This linter can be disabled with `set_option linter.style.haveILetI false`
warning: ASGinzburg/AlgebraEnvelopingScalars.lean:8:0: Definition `ASGinzburg.regularEnvelopingScalarTower` of class type is semireducible. Most type class instances should be instance-reducible, so consider marking this
definition with `@[instance_reducible]`. If it is intentionally semireducible, this warning can be disabled with `set_option warn.classDefReducibility false`.
warning: ASGinzburg/AlgebraEnvelopingScalars.lean:8:0: Definition `regularEnvelopingScalarTower` is a proposition; use `theorem` instead of `def`

Note: This linter can be disabled with `set_option linter.defProp false`
warning: ASGinzburg/AlgebraEnvelopingScalars.lean:21:2: Try this: 
  letI̵

The goal is a proposition, so `let` is preferred over `letI`.
The difference between `let` and `letI` is that `letI` inlines the value.
But this is not relevant for proofs because of proof irrelevance.

Note: This linter can be disabled with `set_option linter.style.haveILetI false`
warning: ASGinzburg/AlgebraEnvelopingScalars.lean:18:0: Definition `ASGinzburg.regularEnvelopingScalarComm` of class type is semireducible. Most type class instances should be instance-reducible, so consider marking this
definition with `@[instance_reducible]`. If it is intentionally semireducible, this warning can be disabled with `set_option warn.classDefReducibility false`.
warning: ASGinzburg/AlgebraEnvelopingScalars.lean:18:0: Definition `regularEnvelopingScalarComm` is a proposition; use `theorem` instead of `def`

Note: This linter can be disabled with `set_option linter.defProp false`
warning: ASGinzburg/AlgebraEnvelopingScalars.lean:29:2: Try this: 
  letI̵

The goal is a proposition, so `let` is preferred over `letI`.
The difference between `let` and `letI` is that `letI` inlines the value.
But this is not relevant for proofs because of proof irrelevance.

Note: This linter can be disabled with `set_option linter.style.haveILetI false`
warning: ASGinzburg/AlgebraEnvelopingScalars.lean:30:2: Try this: 
  letI̵

The goal is a proposition, so `let` is preferred over `letI`.
The difference between `let` and `letI` is that `letI` inlines the value.
But this is not relevant for proofs because of proof irrelevance.

Note: This linter can be disabled with `set_option linter.style.haveILetI false`
⚠ [3471/4345] Replayed ASGinzburg.AlgebraEnvelopingTensorRightModule
warning: ASGinzburg/AlgebraEnvelopingTensorRightModule.lean:28:0: Definition `ASGinzburg.tensorRightEnvelopingModule` of class type is semireducible. Most type class instances should be instance-reducible, so consider marking this
definition with `@[instance_reducible]`. If it is intentionally semireducible, this warning can be disabled with `set_option warn.classDefReducibility false`.
warning: ASGinzburg/AlgebraEnvelopingTensorRightModule.lean:36:2: Try this: 
  letI̵

The goal is a proposition, so `let` is preferred over `letI`.
The difference between `let` and `letI` is that `letI` inlines the value.
But this is not relevant for proofs because of proof irrelevance.

Note: This linter can be disabled with `set_option linter.style.haveILetI false`
warning: ASGinzburg/AlgebraEnvelopingTensorRightModule.lean:42:2: Try this: 
  letI̵

The goal is a proposition, so `let` is preferred over `letI`.
The difference between `let` and `letI` is that `letI` inlines the value.
But this is not relevant for proofs because of proof irrelevance.

Note: This linter can be disabled with `set_option linter.style.haveILetI false`
warning: ASGinzburg/AlgebraEnvelopingTensorRightModule.lean:39:0: Definition `ASGinzburg.tensorRightEnvelopingScalarTower` of class type is semireducible. Most type class instances should be instance-reducible, so consider marking this
definition with `@[instance_reducible]`. If it is intentionally semireducible, this warning can be disabled with `set_option warn.classDefReducibility false`.
warning: ASGinzburg/AlgebraEnvelopingTensorRightModule.lean:39:0: Definition `tensorRightEnvelopingScalarTower` is a proposition; use `theorem` instead of `def`

Note: This linter can be disabled with `set_option linter.defProp false`
warning: ASGinzburg/AlgebraEnvelopingTensorRightModule.lean:52:2: Try this: 
  letI̵

The goal is a proposition, so `let` is preferred over `letI`.
The difference between `let` and `letI` is that `letI` inlines the value.
But this is not relevant for proofs because of proof irrelevance.

Note: This linter can be disabled with `set_option linter.style.haveILetI false`
warning: ASGinzburg/AlgebraEnvelopingTensorRightModule.lean:49:0: Definition `ASGinzburg.tensorRightEnvelopingScalarComm` of class type is semireducible. Most type class instances should be instance-reducible, so consider marking this
definition with `@[instance_reducible]`. If it is intentionally semireducible, this warning can be disabled with `set_option warn.classDefReducibility false`.
warning: ASGinzburg/AlgebraEnvelopingTensorRightModule.lean:49:0: Definition `tensorRightEnvelopingScalarComm` is a proposition; use `theorem` instead of `def`

Note: This linter can be disabled with `set_option linter.defProp false`
⚠ [3472/4345] Replayed ASGinzburg.BalancedTensorUniversal
warning: ASGinzburg/BalancedTensorUniversal.lean:17:9: `TensorProduct.induction_on` has been deprecated: Use `TensorProduction.inductionOn` instead
warning: ASGinzburg/BalancedTensorUniversal.lean:31:4: Unused tactic linter: `change f 0 = g 0` does nothing

Note: This linter can be disabled with `set_option linter.unusedTactic false`
warning: ASGinzburg/BalancedTensorUniversal.lean:34:4: Unused tactic linter: `change f (a + b) = g (a + b)` does nothing

Note: This linter can be disabled with `set_option linter.unusedTactic false`
✔ [3474/4345] Built ASGinzburg.OppositeGinzburgArrows (6.1s)
✔ [3475/4345] Built ASGinzburg.ScalarEndMultiplication (4.5s)
✖ [3476/4345] Building ASGinzburg.GinzburgGeneratorDifferentials (5.0s)
trace: .> LEAN_PATH=/workspace/as-ginzburg-lean/.lake/packages/Cli/.lake/build/lib/lean:/workspace/as-ginzburg-lean/.lake/packages/batteries/.lake/build/lib/lean:/workspace/as-ginzburg-lean/.lake/packages/Qq/.lake/build/lib/lean:/workspace/as-ginzburg-lean/.lake/packages/aesop/.lake/build/lib/lean:/workspace/as-ginzburg-lean/.lake/packages/proofwidgets/.lake/build/lib/lean:/workspace/as-ginzburg-lean/.lake/packages/importGraph/.lake/build/lib/lean:/workspace/as-ginzburg-lean/.lake/packages/LeanSearchClient/.lake/build/lib/lean:/workspace/as-ginzburg-lean/.lake/packages/plausible/.lake/build/lib/lean:/workspace/as-ginzburg-lean/.lake/packages/mathlib/.lake/build/lib/lean:/workspace/as-ginzburg-lean/.lake/build/lib/lean /workspace/as-ginzburg-lean/work/lean-upgrade/lean-4.34.1-linux/bin/lean /workspace/as-ginzburg-lean/ASGinzburg/GinzburgGeneratorDifferentials.lean -o /workspace/as-ginzburg-lean/.lake/build/lib/lean/ASGinzburg/GinzburgGeneratorDifferentials.olean -i /workspace/as-ginzburg-lean/.lake/build/lib/lean/ASGinzburg/GinzburgGeneratorDifferentials.ilean -c /workspace/as-ginzburg-lean/.lake/build/ir/ASGinzburg/GinzburgGeneratorDifferentials.c --setup /workspace/as-ginzburg-lean/.lake/build/ir/ASGinzburg/GinzburgGeneratorDifferentials.setup.json --json
error: ASGinzburg/GinzburgGeneratorDifferentials.lean:43:4: unsolved goals
case pos
Q : CutQuiver
k : Type u
inst✝ : Field k
v : Q.Vertex
a : Q.Arrow
a✝ : a ∈ Finset.univ
ht : Q.source a = v
⊢ (((GinzburgPath.nil (Q.source a)).snoc (GinzburgArrow.original a) ⋯).comp
        ((GinzburgPath.nil (Q.target a)).snoc (GinzburgArrow.dual a) ⋯)).cohomologicalDegree =
    -1
error: ASGinzburg/GinzburgGeneratorDifferentials.lean:48:4: unsolved goals
case pos
Q : CutQuiver
k : Type u
inst✝ : Field k
v : Q.Vertex
a : Q.Arrow
a✝ : a ∈ Finset.univ
hs : Q.target a = v
⊢ (((GinzburgPath.nil (Q.target a)).snoc (GinzburgArrow.dual a) ⋯).comp
        ((GinzburgPath.nil (Q.source a)).snoc (GinzburgArrow.original a) ⋯)).cohomologicalDegree =
    -1
warning: ASGinzburg/GinzburgGeneratorDifferentials.lean:44:12: This simp argument is unused:
  GinzburgPath.cohomologicalDegree_comp

Hint: Omit it from the simp argument list.
  [apply] simp [originalGinzburgArrowPath, dualGinzburgArrowPath, GinzburgPath.cohomologicalDegree,
    GinzburgArrow.cohomologicalDegree]

Note: This linter can be disabled with `set_option linter.unusedSimpArgs false`
warning: ASGinzburg/GinzburgGeneratorDifferentials.lean:45:8: This simp argument is unused:
  GinzburgPath.cohomologicalDegree

Hint: Omit it from the simp argument list.
  [apply] simp [GinzburgPath.cohomologicalDegree_comp, originalGinzburgArrowPath, dualGinzburgArrowPath,
    GinzburgArrow.cohomologicalDegree]

Note: This linter can be disabled with `set_option linter.unusedSimpArgs false`
warning: ASGinzburg/GinzburgGeneratorDifferentials.lean:45:41: This simp argument is unused:
  GinzburgArrow.cohomologicalDegree

Hint: Omit it from the simp argument list.
  [apply] simp [GinzburgPath.cohomologicalDegree_comp, originalGinzburgArrowPath, dualGinzburgArrowPath,
    GinzburgPath.cohomologicalDegree]

Note: This linter can be disabled with `set_option linter.unusedSimpArgs false`
warning: ASGinzburg/GinzburgGeneratorDifferentials.lean:49:12: This simp argument is unused:
  GinzburgPath.cohomologicalDegree_comp

Hint: Omit it from the simp argument list.
  [apply] simp [originalGinzburgArrowPath, dualGinzburgArrowPath, GinzburgPath.cohomologicalDegree,
    GinzburgArrow.cohomologicalDegree]

Note: This linter can be disabled with `set_option linter.unusedSimpArgs false`
warning: ASGinzburg/GinzburgGeneratorDifferentials.lean:50:8: This simp argument is unused:
  GinzburgPath.cohomologicalDegree

Hint: Omit it from the simp argument list.
  [apply] simp [GinzburgPath.cohomologicalDegree_comp, originalGinzburgArrowPath, dualGinzburgArrowPath,
    GinzburgArrow.cohomologicalDegree]

Note: This linter can be disabled with `set_option linter.unusedSimpArgs false`
warning: ASGinzburg/GinzburgGeneratorDifferentials.lean:50:41: This simp argument is unused:
  GinzburgArrow.cohomologicalDegree

Hint: Omit it from the simp argument list.
  [apply] simp [GinzburgPath.cohomologicalDegree_comp, originalGinzburgArrowPath, dualGinzburgArrowPath,
    GinzburgPath.cohomologicalDegree]

Note: This linter can be disabled with `set_option linter.unusedSimpArgs false`
✔ [3479/4348] Built ASGinzburg.RightModuleLiftedComponents (6.4s)
⚠ [3480/4348] Replayed ASGinzburg.AlgebraEnvelopingTensorRightMaps
warning: ASGinzburg/AlgebraEnvelopingTensorRightMaps.lean:18:17: Definition `ASGinzburg.tensorRightEnvelopingModule` of class type is semireducible. Most type class instances should be instance-reducible, so consider marking this
definition with `@[instance_reducible]`. If it is intentionally semireducible, this warning can be disabled with `set_option warn.classDefReducibility false`.
⚠ [3482/4348] Replayed ASGinzburg.FiniteBiproductProjectiveDimension
warning: ASGinzburg/FiniteBiproductProjectiveDimension.lean:14:2: Try this: 
  letI̵

The goal is a proposition, so `let` is preferred over `letI`.
The difference between `let` and `letI` is that `letI` inlines the value.
But this is not relevant for proofs because of proof irrelevance.

Note: This linter can be disabled with `set_option linter.style.haveILetI false`
✔ [3484/4348] Built ASGinzburg.VertexCyclicCommutators (7.1s)
⚠ [3486/4348] Replayed ASGinzburg.BalancedTensorSwap
warning: ASGinzburg/BalancedTensorSwap.lean:13:0: Definition `ASGinzburg.balancedTensorDoubleOppositeModule` of class type is semireducible. Most type class instances should be instance-reducible, so consider marking this
definition with `@[instance_reducible]`. If it is intentionally semireducible, this warning can be disabled with `set_option warn.classDefReducibility false`.
warning: ASGinzburg/BalancedTensorSwap.lean:40:2: Try this: 
  letI̵

The goal is a proposition, so `let` is preferred over `letI`.
The difference between `let` and `letI` is that `letI` inlines the value.
But this is not relevant for proofs because of proof irrelevance.

Note: This linter can be disabled with `set_option linter.style.haveILetI false`
warning: ASGinzburg/BalancedTensorSwap.lean:58:2: Try this: 
  letI̵

The goal is a proposition, so `let` is preferred over `letI`.
The difference between `let` and `letI` is that `letI` inlines the value.
But this is not relevant for proofs because of proof irrelevance.

Note: This linter can be disabled with `set_option linter.style.haveILetI false`
warning: ASGinzburg/BalancedTensorSwap.lean:76:4: Try this: 
  letI̵

The goal is a proposition, so `let` is preferred over `letI`.
The difference between `let` and `letI` is that `letI` inlines the value.
But this is not relevant for proofs because of proof irrelevance.

Note: This linter can be disabled with `set_option linter.style.haveILetI false`
⚠ [3487/4348] Built ASGinzburg.BalancedTensorLeftUnit (3.1s)
warning: ASGinzburg/BalancedTensorLeftUnit.lean:27:6: Unused tactic linter: `change balancedTensorLeftUnitInverse k R N (balancedTensorLeftUnitMap k R N 0) = 0` does nothing

Note: This linter can be disabled with `set_option linter.unusedTactic false`
⚠ [3513/4422] Replayed ASGinzburg.BalancedTensorSwapNaturality
warning: ASGinzburg/BalancedTensorSwapNaturality.lean:19:2: Try this: 
  letI̵

The goal is a proposition, so `let` is preferred over `letI`.
The difference between `let` and `letI` is that `letI` inlines the value.
But this is not relevant for proofs because of proof irrelevance.

Note: This linter can be disabled with `set_option linter.style.haveILetI false`
warning: ASGinzburg/BalancedTensorSwapNaturality.lean:16:0: Definition `ASGinzburg.balancedTensorDoubleOppositeIsScalarTower` of class type is semireducible. Most type class instances should be instance-reducible, so consider marking this
definition with `@[instance_reducible]`. If it is intentionally semireducible, this warning can be disabled with `set_option warn.classDefReducibility false`.
warning: ASGinzburg/BalancedTensorSwapNaturality.lean:16:0: Definition `balancedTensorDoubleOppositeIsScalarTower` is a proposition; use `theorem` instead of `def`

Note: This linter can be disabled with `set_option linter.defProp false`
warning: ASGinzburg/BalancedTensorSwapNaturality.lean:35:2: Try this: 
  letI̵

The goal is a proposition, so `let` is preferred over `letI`.
The difference between `let` and `letI` is that `letI` inlines the value.
But this is not relevant for proofs because of proof irrelevance.

Note: This linter can be disabled with `set_option linter.style.haveILetI false`
✔ [3525/4422] Built ASGinzburg.RepresentableActionComponents (7.3s)
⚠ [3529/4422] Replayed ASGinzburg.ScalarQuotientProjectiveDimension
warning: ASGinzburg/ScalarQuotientProjectiveDimension.lean:26:2: Try this: 
  letI̵

The goal is a proposition, so `let` is preferred over `letI`.
The difference between `let` and `letI` is that `letI` inlines the value.
But this is not relevant for proofs because of proof irrelevance.

Note: This linter can be disabled with `set_option linter.style.haveILetI false`
⚠ [3531/4422] Replayed ASGinzburg.AlgebraEnvelopingModuleRestrictions
warning: ASGinzburg/AlgebraEnvelopingModuleRestrictions.lean:13:0: Definition `ASGinzburg.envelopingLeftModule` of class type is semireducible. Most type class instances should be instance-reducible, so consider marking this
definition with `@[instance_reducible]`. If it is intentionally semireducible, this warning can be disabled with `set_option warn.classDefReducibility false`.
warning: ASGinzburg/AlgebraEnvelopingModuleRestrictions.lean:16:0: Definition `ASGinzburg.envelopingRightModule` of class type is semireducible. Most type class instances should be instance-reducible, so consider marking this
definition with `@[instance_reducible]`. If it is intentionally semireducible, this warning can be disabled with `set_option warn.classDefReducibility false`.
warning: ASGinzburg/AlgebraEnvelopingModuleRestrictions.lean:22:2: Try this: 
  letI̵

The goal is a proposition, so `let` is preferred over `letI`.
The difference between `let` and `letI` is that `letI` inlines the value.
But this is not relevant for proofs because of proof irrelevance.

Note: This linter can be disabled with `set_option linter.style.haveILetI false`
warning: ASGinzburg/AlgebraEnvelopingModuleRestrictions.lean:19:0: Definition `ASGinzburg.envelopingLeftScalarTower` of class type is semireducible. Most type class instances should be instance-reducible, so consider marking this
definition with `@[instance_reducible]`. If it is intentionally semireducible, this warning can be disabled with `set_option warn.classDefReducibility false`.
warning: ASGinzburg/AlgebraEnvelopingModuleRestrictions.lean:19:0: Definition `envelopingLeftScalarTower` is a proposition; use `theorem` instead of `def`

Note: This linter can be disabled with `set_option linter.defProp false`
warning: ASGinzburg/AlgebraEnvelopingModuleRestrictions.lean:33:2: Try this: 
  letI̵

The goal is a proposition, so `let` is preferred over `letI`.
The difference between `let` and `letI` is that `letI` inlines the value.
But this is not relevant for proofs because of proof irrelevance.

Note: This linter can be disabled with `set_option linter.style.haveILetI false`
warning: ASGinzburg/AlgebraEnvelopingModuleRestrictions.lean:30:0: Definition `ASGinzburg.envelopingRightScalarTower` of class type is semireducible. Most type class instances should be instance-reducible, so consider marking this
definition with `@[instance_reducible]`. If it is intentionally semireducible, this warning can be disabled with `set_option warn.classDefReducibility false`.
warning: ASGinzburg/AlgebraEnvelopingModuleRestrictions.lean:30:0: Definition `envelopingRightScalarTower` is a proposition; use `theorem` instead of `def`

Note: This linter can be disabled with `set_option linter.defProp false`
warning: ASGinzburg/AlgebraEnvelopingModuleRestrictions.lean:45:2: Try this: 
  letI̵

The goal is a proposition, so `let` is preferred over `letI`.
The difference between `let` and `letI` is that `letI` inlines the value.
But this is not relevant for proofs because of proof irrelevance.

Note: This linter can be disabled with `set_option linter.style.haveILetI false`
warning: ASGinzburg/AlgebraEnvelopingModuleRestrictions.lean:46:2: Try this: 
  letI̵

The goal is a proposition, so `let` is preferred over `letI`.
The difference between `let` and `letI` is that `letI` inlines the value.
But this is not relevant for proofs because of proof irrelevance.

Note: This linter can be disabled with `set_option linter.style.haveILetI false`
warning: ASGinzburg/AlgebraEnvelopingModuleRestrictions.lean:41:0: Definition `ASGinzburg.envelopingActionsCommute` of class type is semireducible. Most type class instances should be instance-reducible, so consider marking this
definition with `@[instance_reducible]`. If it is intentionally semireducible, this warning can be disabled with `set_option warn.classDefReducibility false`.
warning: ASGinzburg/AlgebraEnvelopingModuleRestrictions.lean:41:0: Definition `envelopingActionsCommute` is a proposition; use `theorem` instead of `def`

Note: This linter can be disabled with `set_option linter.defProp false`
⚠ [3532/4422] Replayed ASGinzburg.EnvelopingBalancedTensorHom
warning: ASGinzburg/EnvelopingBalancedTensorHom.lean:16:0: Definition `ASGinzburg.envelopingBalancedTensorHomRightModule` of class type is semireducible. Most type class instances should be instance-reducible, so consider marking this
definition with `@[instance_reducible]`. If it is intentionally semireducible, this warning can be disabled with `set_option warn.classDefReducibility false`.
warning: ASGinzburg/EnvelopingBalancedTensorHom.lean:23:2: Try this: 
  letI̵

The goal is a proposition, so `let` is preferred over `letI`.
The difference between `let` and `letI` is that `letI` inlines the value.
But this is not relevant for proofs because of proof irrelevance.

Note: This linter can be disabled with `set_option linter.style.haveILetI false`
warning: ASGinzburg/EnvelopingBalancedTensorHom.lean:20:0: Definition `ASGinzburg.envelopingBalancedTensorHomRightScalarTower` of class type is semireducible. Most type class instances should be instance-reducible, so consider marking this
definition with `@[instance_reducible]`. If it is intentionally semireducible, this warning can be disabled with `set_option warn.classDefReducibility false`.
warning: ASGinzburg/EnvelopingBalancedTensorHom.lean:20:0: Definition `envelopingBalancedTensorHomRightScalarTower` is a proposition; use `theorem` instead of `def`

Note: This linter can be disabled with `set_option linter.defProp false`
warning: ASGinzburg/EnvelopingBalancedTensorHom.lean:29:2: Try this: 
  letI̵

The goal is a proposition, so `let` is preferred over `letI`.
The difference between `let` and `letI` is that `letI` inlines the value.
But this is not relevant for proofs because of proof irrelevance.

Note: This linter can be disabled with `set_option linter.style.haveILetI false`
warning: ASGinzburg/EnvelopingBalancedTensorHom.lean:26:0: Definition `ASGinzburg.envelopingBalancedTensorHomActionsCommute` of class type is semireducible. Most type class instances should be instance-reducible, so consider marking this
definition with `@[instance_reducible]`. If it is intentionally semireducible, this warning can be disabled with `set_option warn.classDefReducibility false`.
warning: ASGinzburg/EnvelopingBalancedTensorHom.lean:26:0: Definition `envelopingBalancedTensorHomActionsCommute` is a proposition; use `theorem` instead of `def`

Note: This linter can be disabled with `set_option linter.defProp false`
warning: ASGinzburg/EnvelopingBalancedTensorHom.lean:36:0: Definition `ASGinzburg.envelopingBalancedTensorHomModule` of class type is semireducible. Most type class instances should be instance-reducible, so consider marking this
definition with `@[instance_reducible]`. If it is intentionally semireducible, this warning can be disabled with `set_option warn.classDefReducibility false`.
warning: ASGinzburg/EnvelopingBalancedTensorHom.lean:56:2: Try this: 
  letI̵

The goal is a proposition, so `let` is preferred over `letI`.
The difference between `let` and `letI` is that `letI` inlines the value.
But this is not relevant for proofs because of proof irrelevance.

Note: This linter can be disabled with `set_option linter.style.haveILetI false`
warning: ASGinzburg/EnvelopingBalancedTensorHom.lean:57:2: Try this: 
  letI̵

The goal is a proposition, so `let` is preferred over `letI`.
The difference between `let` and `letI` is that `letI` inlines the value.
But this is not relevant for proofs because of proof irrelevance.

Note: This linter can be disabled with `set_option linter.style.haveILetI false`
⚠ [3533/4422] Replayed ASGinzburg.EnvelopingBalancedTensorRightAction
warning: ASGinzburg/EnvelopingBalancedTensorRightAction.lean:60:0: Definition `ASGinzburg.envelopingBalancedTensorRightModule` of class type is semireducible. Most type class instances should be instance-reducible, so consider marking this
definition with `@[instance_reducible]`. If it is intentionally semireducible, this warning can be disabled with `set_option warn.classDefReducibility false`.
warning: ASGinzburg/EnvelopingBalancedTensorRightAction.lean:69:2: Try this: 
  letI̵

The goal is a proposition, so `let` is preferred over `letI`.
The difference between `let` and `letI` is that `letI` inlines the value.
But this is not relevant for proofs because of proof irrelevance.

Note: This linter can be disabled with `set_option linter.style.haveILetI false`
warning: ASGinzburg/EnvelopingBalancedTensorRightAction.lean:70:2: Try this: 
  letI̵

The goal is a proposition, so `let` is preferred over `letI`.
The difference between `let` and `letI` is that `letI` inlines the value.
But this is not relevant for proofs because of proof irrelevance.

Note: This linter can be disabled with `set_option linter.style.haveILetI false`
warning: ASGinzburg/EnvelopingBalancedTensorRightAction.lean:71:2: Try this: 
  letI̵

The goal is a proposition, so `let` is preferred over `letI`.
The difference between `let` and `letI` is that `letI` inlines the value.
But this is not relevant for proofs because of proof irrelevance.

Note: This linter can be disabled with `set_option linter.style.haveILetI false`
warning: ASGinzburg/EnvelopingBalancedTensorRightAction.lean:72:2: Try this: 
  letI̵

The goal is a proposition, so `let` is preferred over `letI`.
The difference between `let` and `letI` is that `letI` inlines the value.
But this is not relevant for proofs because of proof irrelevance.

Note: This linter can be disabled with `set_option linter.style.haveILetI false`
⚠ [3534/4422] Replayed ASGinzburg.AlgebraEnvelopingRestrictedProjective
warning: ASGinzburg/AlgebraEnvelopingRestrictedProjective.lean:43:2: Try this: 
  letI̵

The goal is a proposition, so `let` is preferred over `letI`.
The difference between `let` and `letI` is that `letI` inlines the value.
But this is not relevant for proofs because of proof irrelevance.

Note: This linter can be disabled with `set_option linter.style.haveILetI false`
warning: ASGinzburg/AlgebraEnvelopingRestrictedProjective.lean:44:2: Try this: 
  letI̵

The goal is a proposition, so `let` is preferred over `letI`.
The difference between `let` and `letI` is that `letI` inlines the value.
But this is not relevant for proofs because of proof irrelevance.

Note: This linter can be disabled with `set_option linter.style.haveILetI false`
warning: ASGinzburg/AlgebraEnvelopingRestrictedProjective.lean:45:2: Try this: 
  haveI̵

The goal is a proposition, so `have` is preferred over `haveI`.
The difference between `have` and `haveI` is that `haveI` inlines the value.
But this is not relevant for proofs because of proof irrelevance.

Note: This linter can be disabled with `set_option linter.style.haveILetI false`
⚠ [3535/4422] Replayed ASGinzburg.ModuleCatRestrictionHomology
warning: ASGinzburg/ModuleCatRestrictionHomology.lean:13:0: Definition `ASGinzburg.moduleCatRestrictionPreservesHomology` of class type is semireducible. Most type class instances should be instance-reducible, so consider marking this
definition with `@[instance_reducible]`. If it is intentionally semireducible, this warning can be disabled with `set_option warn.classDefReducibility false`.
warning: ASGinzburg/ModuleCatRestrictionHomology.lean:13:0: Definition `moduleCatRestrictionPreservesHomology` is a proposition; use `theorem` instead of `def`

Note: This linter can be disabled with `set_option linter.defProp false`
warning: ASGinzburg/ModuleCatRestrictionHomology.lean:20:0: Definition `ASGinzburg.moduleCatRestrictionReflectsIsomorphisms` of class type is semireducible. Most type class instances should be instance-reducible, so consider marking this
definition with `@[instance_reducible]`. If it is intentionally semireducible, this warning can be disabled with `set_option warn.classDefReducibility false`.
warning: ASGinzburg/ModuleCatRestrictionHomology.lean:20:0: Definition `moduleCatRestrictionReflectsIsomorphisms` is a proposition; use `theorem` instead of `def`

Note: This linter can be disabled with `set_option linter.defProp false`
⚠ [3537/4422] Replayed ASGinzburg.ProjectiveResolutionMapAfterRestriction
warning: ASGinzburg/ProjectiveResolutionMapAfterRestriction.lean:24:2: Try this: 
  letI̵

The goal is a proposition, so `let` is preferred over `letI`.
The difference between `let` and `letI` is that `letI` inlines the value.
But this is not relevant for proofs because of proof irrelevance.

Note: This linter can be disabled with `set_option linter.style.haveILetI false`
⚠ [3539/4422] Replayed ASGinzburg.FiniteBiproductProjectiveResolution
warning: ASGinzburg/FiniteBiproductProjectiveResolution.lean:62:2: Try this: 
  haveI̵

The goal is a proposition, so `have` is preferred over `haveI`.
The difference between `have` and `haveI` is that `haveI` inlines the value.
But this is not relevant for proofs because of proof irrelevance.

Note: This linter can be disabled with `set_option linter.style.haveILetI false`
warning: ASGinzburg/FiniteBiproductProjectiveResolution.lean:67:2: Try this: 
  haveI̵

The goal is a proposition, so `have` is preferred over `haveI`.
The difference between `have` and `haveI` is that `haveI` inlines the value.
But this is not relevant for proofs because of proof irrelevance.

Note: This linter can be disabled with `set_option linter.style.haveILetI false`
warning: ASGinzburg/FiniteBiproductProjectiveResolution.lean:85:4: Try this: 
  haveI̵

The goal is a proposition, so `have` is preferred over `haveI`.
The difference between `have` and `haveI` is that `haveI` inlines the value.
But this is not relevant for proofs because of proof irrelevance.

Note: This linter can be disabled with `set_option linter.style.haveILetI false`
warning: ASGinzburg/FiniteBiproductProjectiveResolution.lean:90:4: Try this: 
  letI̵

The goal is a proposition, so `let` is preferred over `letI`.
The difference between `let` and `letI` is that `letI` inlines the value.
But this is not relevant for proofs because of proof irrelevance.

Note: This linter can be disabled with `set_option linter.style.haveILetI false`
warning: ASGinzburg/FiniteBiproductProjectiveResolution.lean:127:2: Try this: 
  letI̵

The goal is a proposition, so `let` is preferred over `letI`.
The difference between `let` and `letI` is that `letI` inlines the value.
But this is not relevant for proofs because of proof irrelevance.

Note: This linter can be disabled with `set_option linter.style.haveILetI false`
⚠ [3540/4422] Replayed ASGinzburg.AlgebraEnvelopingRegularFinite
warning: ASGinzburg/AlgebraEnvelopingRegularFinite.lean:26:2: Try this: 
  letI̵

The goal is a proposition, so `let` is preferred over `letI`.
The difference between `let` and `letI` is that `letI` inlines the value.
But this is not relevant for proofs because of proof irrelevance.

Note: This linter can be disabled with `set_option linter.style.haveILetI false`
⚠ [3541/4422] Replayed ASGinzburg.ModuleCatFiniteCoproduct
warning: ASGinzburg/ModuleCatFiniteCoproduct.lean:21:2: Try this: 
  letI̵

The goal is a proposition, so `let` is preferred over `letI`.
The difference between `let` and `letI` is that `letI` inlines the value.
But this is not relevant for proofs because of proof irrelevance.

Note: This linter can be disabled with `set_option linter.style.haveILetI false`
⚠ [3542/4422] Replayed ASGinzburg.AlgebraEnvelopingTensorRegularFree
warning: ASGinzburg/AlgebraEnvelopingTensorRegularFree.lean:11:17: Definition `ASGinzburg.tensorRightEnvelopingModule` of class type is semireducible. Most type class instances should be instance-reducible, so consider marking this
definition with `@[instance_reducible]`. If it is intentionally semireducible, this warning can be disabled with `set_option warn.classDefReducibility false`.
warning: ASGinzburg/AlgebraEnvelopingTensorRegularFree.lean:64:2: Try this: 
  letI̵

The goal is a proposition, so `let` is preferred over `letI`.
The difference between `let` and `letI` is that `letI` inlines the value.
But this is not relevant for proofs because of proof irrelevance.

Note: This linter can be disabled with `set_option linter.style.haveILetI false`
⚠ [3543/4422] Replayed ASGinzburg.AlgebraEnvelopingTensorBifunctor
warning: ASGinzburg/AlgebraEnvelopingTensorBifunctor.lean:13:17: Definition `ASGinzburg.tensorRightEnvelopingModule` of class type is semireducible. Most type class instances should be instance-reducible, so consider marking this
definition with `@[instance_reducible]`. If it is intentionally semireducible, this warning can be disabled with `set_option warn.classDefReducibility false`.
✖ [3544/4428] Building ASGinzburg.FoundationRightRestriction (7.7s)
trace: .> LEAN_PATH=/workspace/as-ginzburg-lean/.lake/packages/Cli/.lake/build/lib/lean:/workspace/as-ginzburg-lean/.lake/packages/batteries/.lake/build/lib/lean:/workspace/as-ginzburg-lean/.lake/packages/Qq/.lake/build/lib/lean:/workspace/as-ginzburg-lean/.lake/packages/aesop/.lake/build/lib/lean:/workspace/as-ginzburg-lean/.lake/packages/proofwidgets/.lake/build/lib/lean:/workspace/as-ginzburg-lean/.lake/packages/importGraph/.lake/build/lib/lean:/workspace/as-ginzburg-lean/.lake/packages/LeanSearchClient/.lake/build/lib/lean:/workspace/as-ginzburg-lean/.lake/packages/plausible/.lake/build/lib/lean:/workspace/as-ginzburg-lean/.lake/packages/mathlib/.lake/build/lib/lean:/workspace/as-ginzburg-lean/.lake/build/lib/lean /workspace/as-ginzburg-lean/work/lean-upgrade/lean-4.34.1-linux/bin/lean /workspace/as-ginzburg-lean/ASGinzburg/FoundationRightRestriction.lean -o /workspace/as-ginzburg-lean/.lake/build/lib/lean/ASGinzburg/FoundationRightRestriction.olean -i /workspace/as-ginzburg-lean/.lake/build/lib/lean/ASGinzburg/FoundationRightRestriction.ilean -c /workspace/as-ginzburg-lean/.lake/build/ir/ASGinzburg/FoundationRightRestriction.c --setup /workspace/as-ginzburg-lean/.lake/build/ir/ASGinzburg/FoundationRightRestriction.setup.json --json
error: ASGinzburg/FoundationRightRestriction.lean:34:11: Type mismatch
  (A.foundationRightInclusion Q).whiskerLeft ?m.40
has type
  A.foundationRightInclusion Q ⋙ ?m.38 ⟶ A.foundationRightInclusion Q ⋙ ?m.39
but is expected to have type
  { obj := A.foundationRightInclusion Q ⋙ X✝.obj, property := ⋯ } ⟶
    { obj := A.foundationRightInclusion Q ⋙ Y✝.obj, property := ⋯ }
warning: ASGinzburg/FoundationRightRestriction.lean:31:4: Try this: 
  letI̵

The goal is a proposition, so `let` is preferred over `letI`.
The difference between `let` and `letI` is that `letI` inlines the value.
But this is not relevant for proofs because of proof irrelevance.

Note: This linter can be disabled with `set_option linter.style.haveILetI false`
warning: ASGinzburg/FoundationRightRestriction.lean:32:4: Try this: 
  letI̵

The goal is a proposition, so `let` is preferred over `letI`.
The difference between `let` and `letI` is that `letI` inlines the value.
But this is not relevant for proofs because of proof irrelevance.

Note: This linter can be disabled with `set_option linter.style.haveILetI false`
error: ASGinzburg/FoundationRightRestriction.lean:34:54: Application type mismatch: The argument
  f
has type
  X✝ ⟶ Y✝
but is expected to have type
  ?m.38 ⟶ ?m.39
in the application
  (A.foundationRightInclusion Q).whiskerLeft f
error: ASGinzburg/FoundationRightRestriction.lean:37:31: Tactic `rfl` failed: The left-hand side
  (A.foundationRestriction Q).map (f + g)
is not definitionally equal to the right-hand side
  (A.foundationRestriction Q).map f + (A.foundationRestriction Q).map g

k : Type u
inst✝ : Field k
A : ZAlgebra k
Q : CutQuiver
M N : A.RightModule
f g : M ⟶ N
⊢ (A.foundationRestriction Q).map (f + g) = (A.foundationRestriction Q).map f + (A.foundationRestriction Q).map g
error: ASGinzburg/FoundationRightRestriction.lean:40:32: Tactic `rfl` failed: The left-hand side
  (A.foundationRestriction Q).map (r • f)
is not definitionally equal to the right-hand side
  r • (A.foundationRestriction Q).map f

k : Type u
inst✝ : Field k
A : ZAlgebra k
Q : CutQuiver
M N : A.RightModule
f : M ⟶ N
r : k
⊢ (A.foundationRestriction Q).map (r • f) = r • (A.foundationRestriction Q).map f
error: ASGinzburg/FoundationRightRestriction.lean:47:0: Not a definitional equality: the left-hand side
  A.foundationRestriction Q ⋙ A.foundationRightEvaluation Q i
is not definitionally equal to the right-hand side
  A.rightModuleEvaluation ↑↑i
error: ASGinzburg/FoundationRightRestriction.lean:49:45: Type mismatch
  rfl
has type
  ?m.17 = ?m.17
but is expected to have type
  A.foundationRestriction Q ⋙ A.foundationRightEvaluation Q i = A.rightModuleEvaluation ↑↑i
⚠ [3547/4428] Replayed ASGinzburg.ScalarProductSeparability
warning: ASGinzburg/ScalarProductSeparability.lean:36:0: Definition `ASGinzburg.scalarProductEnvelopingModule` of class type is semireducible. Most type class instances should be instance-reducible, so consider marking this
definition with `@[instance_reducible]`. If it is intentionally semireducible, this warning can be disabled with `set_option warn.classDefReducibility false`.
warning: ASGinzburg/ScalarProductSeparability.lean:43:2: Try this: 
  letI̵

The goal is a proposition, so `let` is preferred over `letI`.
The difference between `let` and `letI` is that `letI` inlines the value.
But this is not relevant for proofs because of proof irrelevance.

Note: This linter can be disabled with `set_option linter.style.haveILetI false`
✖ [3550/4442] Building ASGinzburg.RightModuleProjectives (7.0s)
trace: .> LEAN_PATH=/workspace/as-ginzburg-lean/.lake/packages/Cli/.lake/build/lib/lean:/workspace/as-ginzburg-lean/.lake/packages/batteries/.lake/build/lib/lean:/workspace/as-ginzburg-lean/.lake/packages/Qq/.lake/build/lib/lean:/workspace/as-ginzburg-lean/.lake/packages/aesop/.lake/build/lib/lean:/workspace/as-ginzburg-lean/.lake/packages/proofwidgets/.lake/build/lib/lean:/workspace/as-ginzburg-lean/.lake/packages/importGraph/.lake/build/lib/lean:/workspace/as-ginzburg-lean/.lake/packages/LeanSearchClient/.lake/build/lib/lean:/workspace/as-ginzburg-lean/.lake/packages/plausible/.lake/build/lib/lean:/workspace/as-ginzburg-lean/.lake/packages/mathlib/.lake/build/lib/lean:/workspace/as-ginzburg-lean/.lake/build/lib/lean /workspace/as-ginzburg-lean/work/lean-upgrade/lean-4.34.1-linux/bin/lean /workspace/as-ginzburg-lean/ASGinzburg/RightModuleProjectives.lean -o /workspace/as-ginzburg-lean/.lake/build/lib/lean/ASGinzburg/RightModuleProjectives.olean -i /workspace/as-ginzburg-lean/.lake/build/lib/lean/ASGinzburg/RightModuleProjectives.ilean -c /workspace/as-ginzburg-lean/.lake/build/ir/ASGinzburg/RightModuleProjectives.c --setup /workspace/as-ginzburg-lean/.lake/build/ir/ASGinzburg/RightModuleProjectives.setup.json --json
error: ASGinzburg/RightModuleProjectives.lean:43:12: Tactic `rewrite` failed: Did not find an occurrence of the pattern
  (?m.298 ≫ ?m.299).op
in the target expression
  (ConcreteCategory.hom (M.obj.map (f.unop ≫ g).op)) x =
    (ConcreteCategory.hom (M.obj.map f)) ((ConcreteCategory.hom (M.obj.map (Quiver.Hom.op g))) x)

k : Type u
inst✝ : Field k
A : ZAlgebra k
i : ℤ
M : A.RightModule
x : ↑((A.rightModuleEvaluation i).obj M)
this✝ : M.obj.Additive := M.property.left
this : Functor.Linear k M.obj := M.property.right
Y Z : A.Objᵒᵖ
f : Y ⟶ Z
g : ↑((A.representable i).obj.obj Y)
⊢ (ConcreteCategory.hom (M.obj.map (f.unop ≫ g).op)) x =
    (ConcreteCategory.hom (M.obj.map f)) ((ConcreteCategory.hom (M.obj.map (Quiver.Hom.op g))) x)

Note: The target expression is not type-correct under the `implicit` transparency level, which may have triggered the failure. This is usually caused by unfolding of semireducible definitions in prior tactic steps. Use `set_option linter.tacticCheckInstances true` to investigate the source of the issue.
Full error:
  Application type mismatch: The argument
    g
  has type
    ↑((A.representable i).obj.obj Y)
  but is expected to have type
    unop Y ⟶ { index := i }
  in the application
    f.unop ≫ g
error: ASGinzburg/RightModuleProjectives.lean:61:8: Tactic `rewrite` failed: Did not find an occurrence of the pattern
  (A.comp (A.id ?m.266)) ?f
in the target expression
  (ConcreteCategory.hom (f.hom.app Y)) ((A.comp (A.id i)) g) =
    (ConcreteCategory.hom (M.obj.map (Quiver.Hom.op g)))
      ((ConcreteCategory.hom (f.hom.app (op { index := i }))) (A.id i))

k : Type u
inst✝ : Field k
A : ZAlgebra k
i : ℤ
M : A.RightModule
f : A.representable i ⟶ M
Y : A.Objᵒᵖ
g : ↑((A.representable i).obj.obj Y)
h :
  (ConcreteCategory.hom (f.hom.app Y)) ((A.comp (A.id i)) g) =
    (ConcreteCategory.hom (M.obj.map (Quiver.Hom.op g)))
      ((ConcreteCategory.hom (f.hom.app (op { index := i }))) (A.id i))
⊢ (ConcreteCategory.hom (M.obj.map (Quiver.Hom.op g)))
      ((ConcreteCategory.hom (f.hom.app (op { index := i }))) (A.id i)) =
    (ConcreteCategory.hom (f.hom.app Y)) g

Note: The target expression is not type-correct under the `implicit` transparency level, which may have triggered the failure. This is usually caused by unfolding of semireducible definitions in prior tactic steps. Use `set_option linter.tacticCheckInstances true` to investigate the source of the issue.
Full error:
  Application type mismatch: The argument
    g
  has type
    ↑((A.representable i).obj.obj Y)
  but is expected to have type
    A.Hom (unop Y).index i
  in the application
    (A.comp (A.id i)) g
⚠ [3561/4442] Replayed ASGinzburg.EnvelopingBalancedTensorRightMaps
warning: ASGinzburg/EnvelopingBalancedTensorRightMaps.lean:19:2: Try this: 
  letI̵

The goal is a proposition, so `let` is preferred over `letI`.
The difference between `let` and `letI` is that `letI` inlines the value.
But this is not relevant for proofs because of proof irrelevance.

Note: This linter can be disabled with `set_option linter.style.haveILetI false`
warning: ASGinzburg/EnvelopingBalancedTensorRightMaps.lean:20:2: Try this: 
  letI̵

The goal is a proposition, so `let` is preferred over `letI`.
The difference between `let` and `letI` is that `letI` inlines the value.
But this is not relevant for proofs because of proof irrelevance.

Note: This linter can be disabled with `set_option linter.style.haveILetI false`
warning: ASGinzburg/EnvelopingBalancedTensorRightMaps.lean:21:2: Try this: 
  letI̵

The goal is a proposition, so `let` is preferred over `letI`.
The difference between `let` and `letI` is that `letI` inlines the value.
But this is not relevant for proofs because of proof irrelevance.

Note: This linter can be disabled with `set_option linter.style.haveILetI false`
warning: ASGinzburg/EnvelopingBalancedTensorRightMaps.lean:22:2: Try this: 
  letI̵

The goal is a proposition, so `let` is preferred over `letI`.
The difference between `let` and `letI` is that `letI` inlines the value.
But this is not relevant for proofs because of proof irrelevance.

Note: This linter can be disabled with `set_option linter.style.haveILetI false`
warning: ASGinzburg/EnvelopingBalancedTensorRightMaps.lean:16:0: Definition `ASGinzburg.envelopingBalancedTensorRightScalarTower` of class type is semireducible. Most type class instances should be instance-reducible, so consider marking this
definition with `@[instance_reducible]`. If it is intentionally semireducible, this warning can be disabled with `set_option warn.classDefReducibility false`.
warning: ASGinzburg/EnvelopingBalancedTensorRightMaps.lean:16:0: Definition `envelopingBalancedTensorRightScalarTower` is a proposition; use `theorem` instead of `def`

Note: This linter can be disabled with `set_option linter.defProp false`
warning: ASGinzburg/EnvelopingBalancedTensorRightMaps.lean:79:2: Try this: 
  letI̵

The goal is a proposition, so `let` is preferred over `letI`.
The difference between `let` and `letI` is that `letI` inlines the value.
But this is not relevant for proofs because of proof irrelevance.

Note: This linter can be disabled with `set_option linter.style.haveILetI false`
warning: ASGinzburg/EnvelopingBalancedTensorRightMaps.lean:80:2: Try this: 
  letI̵

The goal is a proposition, so `let` is preferred over `letI`.
The difference between `let` and `letI` is that `letI` inlines the value.
But this is not relevant for proofs because of proof irrelevance.

Note: This linter can be disabled with `set_option linter.style.haveILetI false`
warning: ASGinzburg/EnvelopingBalancedTensorRightMaps.lean:81:2: Try this: 
  letI̵

The goal is a proposition, so `let` is preferred over `letI`.
The difference between `let` and `letI` is that `letI` inlines the value.
But this is not relevant for proofs because of proof irrelevance.

Note: This linter can be disabled with `set_option linter.style.haveILetI false`
warning: ASGinzburg/EnvelopingBalancedTensorRightMaps.lean:82:2: Try this: 
  letI̵

The goal is a proposition, so `let` is preferred over `letI`.
The difference between `let` and `letI` is that `letI` inlines the value.
But this is not relevant for proofs because of proof irrelevance.

Note: This linter can be disabled with `set_option linter.style.haveILetI false`
warning: ASGinzburg/EnvelopingBalancedTensorRightMaps.lean:95:4: Try this: 
  letI̵

The goal is a proposition, so `let` is preferred over `letI`.
The difference between `let` and `letI` is that `letI` inlines the value.
But this is not relevant for proofs because of proof irrelevance.

Note: This linter can be disabled with `set_option linter.style.haveILetI false`
warning: ASGinzburg/EnvelopingBalancedTensorRightMaps.lean:99:4: Try this: 
  letI̵

The goal is a proposition, so `let` is preferred over `letI`.
The difference between `let` and `letI` is that `letI` inlines the value.
But this is not relevant for proofs because of proof irrelevance.

Note: This linter can be disabled with `set_option linter.style.haveILetI false`
warning: ASGinzburg/EnvelopingBalancedTensorRightMaps.lean:100:4: Try this: 
  letI̵

The goal is a proposition, so `let` is preferred over `letI`.
The difference between `let` and `letI` is that `letI` inlines the value.
But this is not relevant for proofs because of proof irrelevance.

Note: This linter can be disabled with `set_option linter.style.haveILetI false`
warning: ASGinzburg/EnvelopingBalancedTensorRightMaps.lean:106:4: Try this: 
  letI̵

The goal is a proposition, so `let` is preferred over `letI`.
The difference between `let` and `letI` is that `letI` inlines the value.
But this is not relevant for proofs because of proof irrelevance.

Note: This linter can be disabled with `set_option linter.style.haveILetI false`
warning: ASGinzburg/EnvelopingBalancedTensorRightMaps.lean:107:4: Try this: 
  letI̵

The goal is a proposition, so `let` is preferred over `letI`.
The difference between `let` and `letI` is that `letI` inlines the value.
But this is not relevant for proofs because of proof irrelevance.

Note: This linter can be disabled with `set_option linter.style.haveILetI false`
warning: ASGinzburg/EnvelopingBalancedTensorRightMaps.lean:108:4: Try this: 
  letI̵

The goal is a proposition, so `let` is preferred over `letI`.
The difference between `let` and `letI` is that `letI` inlines the value.
But this is not relevant for proofs because of proof irrelevance.

Note: This linter can be disabled with `set_option linter.style.haveILetI false`
warning: ASGinzburg/EnvelopingBalancedTensorRightMaps.lean:112:4: Try this: 
  letI̵

The goal is a proposition, so `let` is preferred over `letI`.
The difference between `let` and `letI` is that `letI` inlines the value.
But this is not relevant for proofs because of proof irrelevance.

Note: This linter can be disabled with `set_option linter.style.haveILetI false`
warning: ASGinzburg/EnvelopingBalancedTensorRightMaps.lean:113:4: Try this: 
  letI̵

The goal is a proposition, so `let` is preferred over `letI`.
The difference between `let` and `letI` is that `letI` inlines the value.
But this is not relevant for proofs because of proof irrelevance.

Note: This linter can be disabled with `set_option linter.style.haveILetI false`
warning: ASGinzburg/EnvelopingBalancedTensorRightMaps.lean:114:4: Try this: 
  letI̵

The goal is a proposition, so `let` is preferred over `letI`.
The difference between `let` and `letI` is that `letI` inlines the value.
But this is not relevant for proofs because of proof irrelevance.

Note: This linter can be disabled with `set_option linter.style.haveILetI false`
warning: ASGinzburg/EnvelopingBalancedTensorRightMaps.lean:115:4: Try this: 
  letI̵

The goal is a proposition, so `let` is preferred over `letI`.
The difference between `let` and `letI` is that `letI` inlines the value.
But this is not relevant for proofs because of proof irrelevance.

Note: This linter can be disabled with `set_option linter.style.haveILetI false`
warning: ASGinzburg/EnvelopingBalancedTensorRightMaps.lean:116:4: Try this: 
  letI̵

The goal is a proposition, so `let` is preferred over `letI`.
The difference between `let` and `letI` is that `letI` inlines the value.
But this is not relevant for proofs because of proof irrelevance.

Note: This linter can be disabled with `set_option linter.style.haveILetI false`
warning: ASGinzburg/EnvelopingBalancedTensorRightMaps.lean:117:4: Try this: 
  letI̵

The goal is a proposition, so `let` is preferred over `letI`.
The difference between `let` and `letI` is that `letI` inlines the value.
But this is not relevant for proofs because of proof irrelevance.

Note: This linter can be disabled with `set_option linter.style.haveILetI false`
warning: ASGinzburg/EnvelopingBalancedTensorRightMaps.lean:126:4: Try this: 
  letI̵

The goal is a proposition, so `let` is preferred over `letI`.
The difference between `let` and `letI` is that `letI` inlines the value.
But this is not relevant for proofs because of proof irrelevance.

Note: This linter can be disabled with `set_option linter.style.haveILetI false`
warning: ASGinzburg/EnvelopingBalancedTensorRightMaps.lean:127:4: Try this: 
  letI̵

The goal is a proposition, so `let` is preferred over `letI`.
The difference between `let` and `letI` is that `letI` inlines the value.
But this is not relevant for proofs because of proof irrelevance.

Note: This linter can be disabled with `set_option linter.style.haveILetI false`
warning: ASGinzburg/EnvelopingBalancedTensorRightMaps.lean:131:4: Try this: 
  letI̵

The goal is a proposition, so `let` is preferred over `letI`.
The difference between `let` and `letI` is that `letI` inlines the value.
But this is not relevant for proofs because of proof irrelevance.

Note: This linter can be disabled with `set_option linter.style.haveILetI false`
warning: ASGinzburg/EnvelopingBalancedTensorRightMaps.lean:132:4: Try this: 
  letI̵

The goal is a proposition, so `let` is preferred over `letI`.
The difference between `let` and `letI` is that `letI` inlines the value.
But this is not relevant for proofs because of proof irrelevance.

Note: This linter can be disabled with `set_option linter.style.haveILetI false`
warning: ASGinzburg/EnvelopingBalancedTensorRightMaps.lean:133:4: Try this: 
  letI̵

The goal is a proposition, so `let` is preferred over `letI`.
The difference between `let` and `letI` is that `letI` inlines the value.
But this is not relevant for proofs because of proof irrelevance.

Note: This linter can be disabled with `set_option linter.style.haveILetI false`
warning: ASGinzburg/EnvelopingBalancedTensorRightMaps.lean:134:4: Try this: 
  letI̵

The goal is a proposition, so `let` is preferred over `letI`.
The difference between `let` and `letI` is that `letI` inlines the value.
But this is not relevant for proofs because of proof irrelevance.

Note: This linter can be disabled with `set_option linter.style.haveILetI false`
⚠ [3562/4442] Replayed ASGinzburg.AlgebraEnvelopingRestrictionFunctor
warning: ASGinzburg/AlgebraEnvelopingRestrictionFunctor.lean:26:4: Try this: 
  letI̵

The goal is a proposition, so `let` is preferred over `letI`.
The difference between `let` and `letI` is that `letI` inlines the value.
But this is not relevant for proofs because of proof irrelevance.

Note: This linter can be disabled with `set_option linter.style.haveILetI false`
warning: ASGinzburg/AlgebraEnvelopingRestrictionFunctor.lean:27:4: Try this: 
  letI̵

The goal is a proposition, so `let` is preferred over `letI`.
The difference between `let` and `letI` is that `letI` inlines the value.
But this is not relevant for proofs because of proof irrelevance.

Note: This linter can be disabled with `set_option linter.style.haveILetI false`
warning: ASGinzburg/AlgebraEnvelopingRestrictionFunctor.lean:28:4: Try this: 
  haveI̵

The goal is a proposition, so `have` is preferred over `haveI`.
The difference between `have` and `haveI` is that `haveI` inlines the value.
But this is not relevant for proofs because of proof irrelevance.

Note: This linter can be disabled with `set_option linter.style.haveILetI false`
⚠ [3565/4442] Built ASGinzburg.AlgebraEnvelopingTensorFinsuppFree (8.5s)
warning: ASGinzburg/AlgebraEnvelopingTensorFinsuppFree.lean:12:17: Definition `ASGinzburg.tensorRightEnvelopingModule` of class type is semireducible. Most type class instances should be instance-reducible, so consider marking this
definition with `@[instance_reducible]`. If it is intentionally semireducible, this warning can be disabled with `set_option warn.classDefReducibility false`.
warning: ASGinzburg/AlgebraEnvelopingTensorFinsuppFree.lean:78:2: Try this: 
  letI̵

The goal is a proposition, so `let` is preferred over `letI`.
The difference between `let` and `letI` is that `letI` inlines the value.
But this is not relevant for proofs because of proof irrelevance.

Note: This linter can be disabled with `set_option linter.style.haveILetI false`
⚠ [3581/4442] Replayed ASGinzburg.BalancedTensorLeftAdjunction
warning: ASGinzburg/BalancedTensorLeftAdjunction.lean:29:2: Try this: 
  letI̵

The goal is a proposition, so `let` is preferred over `letI`.
The difference between `let` and `letI` is that `letI` inlines the value.
But this is not relevant for proofs because of proof irrelevance.

Note: This linter can be disabled with `set_option linter.style.haveILetI false`
warning: ASGinzburg/BalancedTensorLeftAdjunction.lean:30:2: Try this: 
  letI̵

The goal is a proposition, so `let` is preferred over `letI`.
The difference between `let` and `letI` is that `letI` inlines the value.
But this is not relevant for proofs because of proof irrelevance.

Note: This linter can be disabled with `set_option linter.style.haveILetI false`
warning: ASGinzburg/BalancedTensorLeftAdjunction.lean:31:2: Try this: 
  letI̵

The goal is a proposition, so `let` is preferred over `letI`.
The difference between `let` and `letI` is that `letI` inlines the value.
But this is not relevant for proofs because of proof irrelevance.

Note: This linter can be disabled with `set_option linter.style.haveILetI false`
✔ [3584/4442] Built ASGinzburg.ProjectiveDimensionThreeDerivedVanishing (9.5s)
⚠ [3588/4442] Replayed ASGinzburg.ModuleFieldRestrictionResolution
warning: ASGinzburg/ModuleFieldRestrictionResolution.lean:17:2: Try this: 
  letI̵

The goal is a proposition, so `let` is preferred over `letI`.
The difference between `let` and `letI` is that `letI` inlines the value.
But this is not relevant for proofs because of proof irrelevance.

Note: This linter can be disabled with `set_option linter.style.haveILetI false`
warning: ASGinzburg/ModuleFieldRestrictionResolution.lean:23:2: Try this: 
  letI̵

The goal is a proposition, so `let` is preferred over `letI`.
The difference between `let` and `letI` is that `letI` inlines the value.
But this is not relevant for proofs because of proof irrelevance.

Note: This linter can be disabled with `set_option linter.style.haveILetI false`
⚠ [3589/4442] Built ASGinzburg.AlgebraEnvelopingRestrictedRegular (7.7s)
warning: ASGinzburg/AlgebraEnvelopingRestrictedRegular.lean:14:2: Try this: 
  letI̵

The goal is a proposition, so `let` is preferred over `letI`.
The difference between `let` and `letI` is that `letI` inlines the value.
But this is not relevant for proofs because of proof irrelevance.

Note: This linter can be disabled with `set_option linter.style.haveILetI false`
warning: ASGinzburg/AlgebraEnvelopingRestrictedRegular.lean:24:2: Try this: 
  letI̵

The goal is a proposition, so `let` is preferred over `letI`.
The difference between `let` and `letI` is that `letI` inlines the value.
But this is not relevant for proofs because of proof irrelevance.

Note: This linter can be disabled with `set_option linter.style.haveILetI false`
warning: ASGinzburg/AlgebraEnvelopingRestrictedRegular.lean:42:6: Try this: 
  letI̵

The goal is a proposition, so `let` is preferred over `letI`.
The difference between `let` and `letI` is that `letI` inlines the value.
But this is not relevant for proofs because of proof irrelevance.

Note: This linter can be disabled with `set_option linter.style.haveILetI false`
⚠ [3597/4585] Built ASGinzburg.BalancedTensorEnvelopingComparison (14s)
warning: ASGinzburg/BalancedTensorEnvelopingComparison.lean:16:17: Definition `ASGinzburg.tensorRightEnvelopingModule` of class type is semireducible. Most type class instances should be instance-reducible, so consider marking this
definition with `@[instance_reducible]`. If it is intentionally semireducible, this warning can be disabled with `set_option warn.classDefReducibility false`.
warning: ASGinzburg/BalancedTensorEnvelopingComparison.lean:16:17: Definition `ASGinzburg.regularEnvelopingModule` of class type is semireducible. Most type class instances should be instance-reducible, so consider marking this
definition with `@[instance_reducible]`. If it is intentionally semireducible, this warning can be disabled with `set_option warn.classDefReducibility false`.
warning: ASGinzburg/BalancedTensorEnvelopingComparison.lean:138:6: Unused tactic linter: `change
  balancedTensorEnvelopingComparisonMap k R M N (balancedTensorEnvelopingComparisonInverse k R M N 0) = 0` does nothing

Note: This linter can be disabled with `set_option linter.unusedTactic false`
⚠ [3601/4585] Replayed ASGinzburg.AlgebraEnvelopingTensorRestriction
warning: ASGinzburg/AlgebraEnvelopingTensorRestriction.lean:14:17: Definition `ASGinzburg.tensorRightEnvelopingModule` of class type is semireducible. Most type class instances should be instance-reducible, so consider marking this
definition with `@[instance_reducible]`. If it is intentionally semireducible, this warning can be disabled with `set_option warn.classDefReducibility false`.
warning: ASGinzburg/AlgebraEnvelopingTensorRestriction.lean:14:17: Definition `ASGinzburg.tensorRightEnvelopingScalarTower` of class type is semireducible. Most type class instances should be instance-reducible, so consider marking this
definition with `@[instance_reducible]`. If it is intentionally semireducible, this warning can be disabled with `set_option warn.classDefReducibility false`.
⚠ [3607/4667] Built ASGinzburg.EnvelopingBalancedTensorHomMaps (11s)
warning: ASGinzburg/EnvelopingBalancedTensorHomMaps.lean:39:8: Unused tactic linter: `change f (((a ⊗ₜ[k] b) • g) x) = ((a ⊗ₜ[k] b) • h) x` does nothing

Note: This linter can be disabled with `set_option linter.unusedTactic false`
✖ [3610/4667] Building ASGinzburg.ProjectiveDimensionTwoDerivedVanishing (5.8s)
trace: .> LEAN_PATH=/workspace/as-ginzburg-lean/.lake/packages/Cli/.lake/build/lib/lean:/workspace/as-ginzburg-lean/.lake/packages/batteries/.lake/build/lib/lean:/workspace/as-ginzburg-lean/.lake/packages/Qq/.lake/build/lib/lean:/workspace/as-ginzburg-lean/.lake/packages/aesop/.lake/build/lib/lean:/workspace/as-ginzburg-lean/.lake/packages/proofwidgets/.lake/build/lib/lean:/workspace/as-ginzburg-lean/.lake/packages/importGraph/.lake/build/lib/lean:/workspace/as-ginzburg-lean/.lake/packages/LeanSearchClient/.lake/build/lib/lean:/workspace/as-ginzburg-lean/.lake/packages/plausible/.lake/build/lib/lean:/workspace/as-ginzburg-lean/.lake/packages/mathlib/.lake/build/lib/lean:/workspace/as-ginzburg-lean/.lake/build/lib/lean /workspace/as-ginzburg-lean/work/lean-upgrade/lean-4.34.1-linux/bin/lean /workspace/as-ginzburg-lean/ASGinzburg/ProjectiveDimensionTwoDerivedVanishing.lean -o /workspace/as-ginzburg-lean/.lake/build/lib/lean/ASGinzburg/ProjectiveDimensionTwoDerivedVanishing.olean -i /workspace/as-ginzburg-lean/.lake/build/lib/lean/ASGinzburg/ProjectiveDimensionTwoDerivedVanishing.ilean -c /workspace/as-ginzburg-lean/.lake/build/ir/ASGinzburg/ProjectiveDimensionTwoDerivedVanishing.c --setup /workspace/as-ginzburg-lean/.lake/build/ir/ASGinzburg/ProjectiveDimensionTwoDerivedVanishing.setup.json --json
error: ASGinzburg/ProjectiveDimensionTwoDerivedVanishing.lean:19:5: Function expected at
  projective_iff_hasProjectiveDimensionLT_one
but this term has type
  Projective ?m.102 ↔ HasProjectiveDimensionLT ?m.102 1

Note: Expected a function because this term is being applied to the argument
  _
⚠ [3615/4667] Built ASGinzburg.EnvelopingBalancedTensorHomEquiv (7.2s)
warning: ASGinzburg/EnvelopingBalancedTensorHomEquiv.lean:121:2: Try this: 
  letI̵

The goal is a proposition, so `let` is preferred over `letI`.
The difference between `let` and `letI` is that `letI` inlines the value.
But this is not relevant for proofs because of proof irrelevance.

Note: This linter can be disabled with `set_option linter.style.haveILetI false`
warning: ASGinzburg/EnvelopingBalancedTensorHomEquiv.lean:122:2: Try this: 
  letI̵

The goal is a proposition, so `let` is preferred over `letI`.
The difference between `let` and `letI` is that `letI` inlines the value.
But this is not relevant for proofs because of proof irrelevance.

Note: This linter can be disabled with `set_option linter.style.haveILetI false`
⚠ [3618/4667] Replayed ASGinzburg.BalancedTensorProjectiveExactness
warning: ASGinzburg/BalancedTensorProjectiveExactness.lean:85:2: Try this: 
  letI̵

The goal is a proposition, so `let` is preferred over `letI`.
The difference between `let` and `letI` is that `letI` inlines the value.
But this is not relevant for proofs because of proof irrelevance.

Note: This linter can be disabled with `set_option linter.style.haveILetI false`
warning: ASGinzburg/BalancedTensorProjectiveExactness.lean:86:2: Try this: 
  letI̵

The goal is a proposition, so `let` is preferred over `letI`.
The difference between `let` and `letI` is that `letI` inlines the value.
But this is not relevant for proofs because of proof irrelevance.

Note: This linter can be disabled with `set_option linter.style.haveILetI false`
warning: ASGinzburg/BalancedTensorProjectiveExactness.lean:87:2: Try this: 
  letI̵

The goal is a proposition, so `let` is preferred over `letI`.
The difference between `let` and `letI` is that `letI` inlines the value.
But this is not relevant for proofs because of proof irrelevance.

Note: This linter can be disabled with `set_option linter.style.haveILetI false`
warning: ASGinzburg/BalancedTensorProjectiveExactness.lean:88:2: Try this: 
  letI̵

The goal is a proposition, so `let` is preferred over `letI`.
The difference between `let` and `letI` is that `letI` inlines the value.
But this is not relevant for proofs because of proof irrelevance.

Note: This linter can be disabled with `set_option linter.style.haveILetI false`
warning: ASGinzburg/BalancedTensorProjectiveExactness.lean:112:2: Try this: 
  letI̵

The goal is a proposition, so `let` is preferred over `letI`.
The difference between `let` and `letI` is that `letI` inlines the value.
But this is not relevant for proofs because of proof irrelevance.

Note: This linter can be disabled with `set_option linter.style.haveILetI false`
warning: ASGinzburg/BalancedTensorProjectiveExactness.lean:113:2: Try this: 
  letI̵

The goal is a proposition, so `let` is preferred over `letI`.
The difference between `let` and `letI` is that `letI` inlines the value.
But this is not relevant for proofs because of proof irrelevance.

Note: This linter can be disabled with `set_option linter.style.haveILetI false`
warning: ASGinzburg/BalancedTensorProjectiveExactness.lean:123:2: Try this: 
  letI̵

The goal is a proposition, so `let` is preferred over `letI`.
The difference between `let` and `letI` is that `letI` inlines the value.
But this is not relevant for proofs because of proof irrelevance.

Note: This linter can be disabled with `set_option linter.style.haveILetI false`
warning: ASGinzburg/BalancedTensorProjectiveExactness.lean:124:2: Try this: 
  letI̵

The goal is a proposition, so `let` is preferred over `letI`.
The difference between `let` and `letI` is that `letI` inlines the value.
But this is not relevant for proofs because of proof irrelevance.

Note: This linter can be disabled with `set_option linter.style.haveILetI false`
warning: ASGinzburg/BalancedTensorProjectiveExactness.lean:125:2: Try this: 
  letI̵

The goal is a proposition, so `let` is preferred over `letI`.
The difference between `let` and `letI` is that `letI` inlines the value.
But this is not relevant for proofs because of proof irrelevance.

Note: This linter can be disabled with `set_option linter.style.haveILetI false`
warning: ASGinzburg/BalancedTensorProjectiveExactness.lean:126:2: Try this: 
  letI̵

The goal is a proposition, so `let` is preferred over `letI`.
The difference between `let` and `letI` is that `letI` inlines the value.
But this is not relevant for proofs because of proof irrelevance.

Note: This linter can be disabled with `set_option linter.style.haveILetI false`
⚠ [3622/4667] Replayed ASGinzburg.ModuleCatRestrictionColimits
warning: ASGinzburg/ModuleCatRestrictionColimits.lean:10:0: Definition `ASGinzburg.moduleCatRestrictionPreservesSmallColimits` of class type is semireducible. Most type class instances should be instance-reducible, so consider marking this
definition with `@[instance_reducible]`. If it is intentionally semireducible, this warning can be disabled with `set_option warn.classDefReducibility false`.
warning: ASGinzburg/ModuleCatRestrictionColimits.lean:10:0: Definition `moduleCatRestrictionPreservesSmallColimits` is a proposition; use `theorem` instead of `def`

Note: This linter can be disabled with `set_option linter.defProp false`
warning: ASGinzburg/ModuleCatRestrictionColimits.lean:18:2: Try this: 
  letI̵

The goal is a proposition, so `let` is preferred over `letI`.
The difference between `let` and `letI` is that `letI` inlines the value.
But this is not relevant for proofs because of proof irrelevance.

Note: This linter can be disabled with `set_option linter.style.haveILetI false`
warning: ASGinzburg/ModuleCatRestrictionColimits.lean:19:2: Try this: 
  letI̵

The goal is a proposition, so `let` is preferred over `letI`.
The difference between `let` and `letI` is that `letI` inlines the value.
But this is not relevant for proofs because of proof irrelevance.

Note: This linter can be disabled with `set_option linter.style.haveILetI false`
warning: ASGinzburg/ModuleCatRestrictionColimits.lean:16:0: Definition `ASGinzburg.moduleCatRestrictionReflectsSmallColimits` of class type is semireducible. Most type class instances should be instance-reducible, so consider marking this
definition with `@[instance_reducible]`. If it is intentionally semireducible, this warning can be disabled with `set_option warn.classDefReducibility false`.
warning: ASGinzburg/ModuleCatRestrictionColimits.lean:16:0: Definition `moduleCatRestrictionReflectsSmallColimits` is a proposition; use `theorem` instead of `def`

Note: This linter can be disabled with `set_option linter.defProp false`
⚠ [3627/4667] Replayed ASGinzburg.HomogeneousSubmoduleDecomposition
warning: ASGinzburg/HomogeneousSubmoduleDecomposition.lean:77:0: Definition `ASGinzburg.homogeneousSubmoduleDecomposition` of class type is semireducible. Most type class instances should be instance-reducible, so consider marking this
definition with `@[instance_reducible]`. If it is intentionally semireducible, this warning can be disabled with `set_option warn.classDefReducibility false`.
⚠ [3631/4667] Replayed ASGinzburg.ScalarStableGradedDecomposition
warning: ASGinzburg/ScalarStableGradedDecomposition.lean:23:0: Definition `ASGinzburg.scalarStableGradeDecomposition` of class type is semireducible. Most type class instances should be instance-reducible, so consider marking this
definition with `@[instance_reducible]`. If it is intentionally semireducible, this warning can be disabled with `set_option warn.classDefReducibility false`.
⚠ [3633/4667] Replayed ASGinzburg.GradedOrdinaryModuleData
warning: ASGinzburg/GradedOrdinaryModuleData.lean:24:0: Definition `ASGinzburg.GradedOrdinaryModuleData.decomposition` of class type is semireducible. Most type class instances should be instance-reducible, so consider marking this
definition with `@[instance_reducible]`. If it is intentionally semireducible, this warning can be disabled with `set_option warn.classDefReducibility false`.
⚠ [3634/4667] Replayed ASGinzburg.LinearDirectSumHomogeneousDecomposition
warning: ASGinzburg/LinearDirectSumHomogeneousDecomposition.lean:56:0: Definition `ASGinzburg.linearDirectSumHomogeneousDecomposition` of class type is semireducible. Most type class instances should be instance-reducible, so consider marking this
definition with `@[instance_reducible]`. If it is intentionally semireducible, this warning can be disabled with `set_option warn.classDefReducibility false`.
⚠ [3635/4667] Replayed ASGinzburg.NatHomogeneousSubspacesIntegerExtension
warning: ASGinzburg/NatHomogeneousSubspacesIntegerExtension.lean:72:0: Definition `ASGinzburg.natHomogeneousSubspaceIntegerExtensionDecomposition` of class type is semireducible. Most type class instances should be instance-reducible, so consider marking this
definition with `@[instance_reducible]`. If it is intentionally semireducible, this warning can be disabled with `set_option warn.classDefReducibility false`.
⚠ [3640/4667] Replayed ASGinzburg.NoncommNilpotentIdealSum
warning: ASGinzburg/NoncommNilpotentIdealSum.lean:13:2: Try this: 
  letI̵

The goal is a proposition, so `let` is preferred over `letI`.
The difference between `let` and `letI` is that `letI` inlines the value.
But this is not relevant for proofs because of proof irrelevance.

Note: This linter can be disabled with `set_option linter.style.haveILetI false`
⚠ [3647/4667] Replayed ASGinzburg.BalancedTensorFinite
warning: ASGinzburg/BalancedTensorFinite.lean:45:2: Try this: 
  haveI̵

The goal is a proposition, so `have` is preferred over `haveI`.
The difference between `have` and `haveI` is that `haveI` inlines the value.
But this is not relevant for proofs because of proof irrelevance.

Note: This linter can be disabled with `set_option linter.style.haveILetI false`
⚠ [3649/4667] Built ASGinzburg.AlgebraEnvelopingTensorProjective (7.5s)
warning: ASGinzburg/AlgebraEnvelopingTensorProjective.lean:12:17: Definition `ASGinzburg.tensorRightEnvelopingModule` of class type is semireducible. Most type class instances should be instance-reducible, so consider marking this
definition with `@[instance_reducible]`. If it is intentionally semireducible, this warning can be disabled with `set_option warn.classDefReducibility false`.
warning: ASGinzburg/AlgebraEnvelopingTensorProjective.lean:50:2: Try this: 
  letI̵

The goal is a proposition, so `let` is preferred over `letI`.
The difference between `let` and `letI` is that `letI` inlines the value.
But this is not relevant for proofs because of proof irrelevance.

Note: This linter can be disabled with `set_option linter.style.haveILetI false`
⚠ [3651/4667] Replayed ASGinzburg.FiniteFourTermProjectiveResolution
warning: ASGinzburg/FiniteFourTermProjectiveResolution.lean:32:4: Try this: 
  letI̵

The goal is a proposition, so `let` is preferred over `letI`.
The difference between `let` and `letI` is that `letI` inlines the value.
But this is not relevant for proofs because of proof irrelevance.

Note: This linter can be disabled with `set_option linter.style.haveILetI false`
✖ [3652/4667] Building ASGinzburg.EnvelopingBalancedTensorRegularUnit (10s)
trace: .> LEAN_PATH=/workspace/as-ginzburg-lean/.lake/packages/Cli/.lake/build/lib/lean:/workspace/as-ginzburg-lean/.lake/packages/batteries/.lake/build/lib/lean:/workspace/as-ginzburg-lean/.lake/packages/Qq/.lake/build/lib/lean:/workspace/as-ginzburg-lean/.lake/packages/aesop/.lake/build/lib/lean:/workspace/as-ginzburg-lean/.lake/packages/proofwidgets/.lake/build/lib/lean:/workspace/as-ginzburg-lean/.lake/packages/importGraph/.lake/build/lib/lean:/workspace/as-ginzburg-lean/.lake/packages/LeanSearchClient/.lake/build/lib/lean:/workspace/as-ginzburg-lean/.lake/packages/plausible/.lake/build/lib/lean:/workspace/as-ginzburg-lean/.lake/packages/mathlib/.lake/build/lib/lean:/workspace/as-ginzburg-lean/.lake/build/lib/lean /workspace/as-ginzburg-lean/work/lean-upgrade/lean-4.34.1-linux/bin/lean /workspace/as-ginzburg-lean/ASGinzburg/EnvelopingBalancedTensorRegularUnit.lean -o /workspace/as-ginzburg-lean/.lake/build/lib/lean/ASGinzburg/EnvelopingBalancedTensorRegularUnit.olean -i /workspace/as-ginzburg-lean/.lake/build/lib/lean/ASGinzburg/EnvelopingBalancedTensorRegularUnit.ilean -c /workspace/as-ginzburg-lean/.lake/build/ir/ASGinzburg/EnvelopingBalancedTensorRegularUnit.c --setup /workspace/as-ginzburg-lean/.lake/build/ir/ASGinzburg/EnvelopingBalancedTensorRegularUnit.setup.json --json
warning: ASGinzburg/EnvelopingBalancedTensorRegularUnit.lean:26:6: Try this: 
  letI̵

The goal is a proposition, so `let` is preferred over `letI`.
The difference between `let` and `letI` is that `letI` inlines the value.
But this is not relevant for proofs because of proof irrelevance.

Note: This linter can be disabled with `set_option linter.style.haveILetI false`
warning: ASGinzburg/EnvelopingBalancedTensorRegularUnit.lean:61:2: Try this: 
  letI̵

The goal is a proposition, so `let` is preferred over `letI`.
The difference between `let` and `letI` is that `letI` inlines the value.
But this is not relevant for proofs because of proof irrelevance.

Note: This linter can be disabled with `set_option linter.style.haveILetI false`
warning: ASGinzburg/EnvelopingBalancedTensorRegularUnit.lean:62:2: Try this: 
  letI̵

The goal is a proposition, so `let` is preferred over `letI`.
The difference between `let` and `letI` is that `letI` inlines the value.
But this is not relevant for proofs because of proof irrelevance.

Note: This linter can be disabled with `set_option linter.style.haveILetI false`
warning: ASGinzburg/EnvelopingBalancedTensorRegularUnit.lean:93:10: Try this: 
  letI̵

The goal is a proposition, so `let` is preferred over `letI`.
The difference between `let` and `letI` is that `letI` inlines the value.
But this is not relevant for proofs because of proof irrelevance.

Note: This linter can be disabled with `set_option linter.style.haveILetI false`
error: ASGinzburg/EnvelopingBalancedTensorRegularUnit.lean:95:10: Type mismatch: After simplification, term
  regularEnvelopingModule_tmul_smul k R 1 (MulOpposite.unop b)
    (have this := r;
    this)
 has type
  1 ⊗ₜ[k] MulOpposite.op (MulOpposite.unop b) • r = 1 * r * MulOpposite.unop b
but is expected to have type
  1 ⊗ₜ[k] b • r = r * MulOpposite.unop b
⚠ [3653/4667] Replayed ASGinzburg.OrdinaryModuleFiniteFreeRetract
warning: ASGinzburg/OrdinaryModuleFiniteFreeRetract.lean:18:2: Try this: 
  letI̵

The goal is a proposition, so `let` is preferred over `letI`.
The difference between `let` and `letI` is that `letI` inlines the value.
But this is not relevant for proofs because of proof irrelevance.

Note: This linter can be disabled with `set_option linter.style.haveILetI false`
warning: ASGinzburg/OrdinaryModuleFiniteFreeRetract.lean:29:4: Try this: 
  letI̵

The goal is a proposition, so `let` is preferred over `letI`.
The difference between `let` and `letI` is that `letI` inlines the value.
But this is not relevant for proofs because of proof irrelevance.

Note: This linter can be disabled with `set_option linter.style.haveILetI false`
warning: ASGinzburg/OrdinaryModuleFiniteFreeRetract.lean:36:4: Try this: 
  letI̵

The goal is a proposition, so `let` is preferred over `letI`.
The difference between `let` and `letI` is that `letI` inlines the value.
But this is not relevant for proofs because of proof irrelevance.

Note: This linter can be disabled with `set_option linter.style.haveILetI false`
warning: ASGinzburg/OrdinaryModuleFiniteFreeRetract.lean:37:4: Try this: 
  letI̵

The goal is a proposition, so `let` is preferred over `letI`.
The difference between `let` and `letI` is that `letI` inlines the value.
But this is not relevant for proofs because of proof irrelevance.

Note: This linter can be disabled with `set_option linter.style.haveILetI false`
⚠ [3669/4667] Built ASGinzburg.BalancedTensorEnvelopingNaturality (9.7s)
warning: ASGinzburg/BalancedTensorEnvelopingNaturality.lean:20:17: Definition `ASGinzburg.tensorRightEnvelopingModule` of class type is semireducible. Most type class instances should be instance-reducible, so consider marking this
definition with `@[instance_reducible]`. If it is intentionally semireducible, this warning can be disabled with `set_option warn.classDefReducibility false`.
warning: ASGinzburg/BalancedTensorEnvelopingNaturality.lean:20:17: Definition `ASGinzburg.regularEnvelopingModule` of class type is semireducible. Most type class instances should be instance-reducible, so consider marking this
definition with `@[instance_reducible]`. If it is intentionally semireducible, this warning can be disabled with `set_option warn.classDefReducibility false`.
warning: ASGinzburg/BalancedTensorEnvelopingNaturality.lean:20:17: Definition `ASGinzburg.tensorRightEnvelopingScalarTower` of class type is semireducible. Most type class instances should be instance-reducible, so consider marking this
definition with `@[instance_reducible]`. If it is intentionally semireducible, this warning can be disabled with `set_option warn.classDefReducibility false`.
✔ [3680/4780] Built ASGinzburg.BalancedTensorTorLeft (7.2s)
⚠ [3681/4780] Replayed ASGinzburg.BicomplexTotalCoordinates
warning: ASGinzburg/BicomplexTotalCoordinates.lean:60:2: `push_neg` has been deprecated. Prefer using `push Not` instead.
If you'd rather continue using `push_neg` in your project, you can implement it as follows:
```
open Lean.Parser.Tactic in
macro "push_neg" cfg:optConfig loc:(location)? : tactic =>
  `(tactic| push $cfg:optConfig Not $[$loc]?)
```
warning: ASGinzburg/BicomplexTotalCoordinates.lean:81:4: `push_neg` has been deprecated. Prefer using `push Not` instead.
If you'd rather continue using `push_neg` in your project, you can implement it as follows:
```
open Lean.Parser.Tactic in
macro "push_neg" cfg:optConfig loc:(location)? : tactic =>
  `(tactic| push $cfg:optConfig Not $[$loc]?)
```
⚠ [3691/4782] Replayed ASGinzburg.BicomplexTotalProjective
warning: ASGinzburg/BicomplexTotalProjective.lean:16:2: Try this: 
  letI̵

The goal is a proposition, so `let` is preferred over `letI`.
The difference between `let` and `letI` is that `letI` inlines the value.
But this is not relevant for proofs because of proof irrelevance.

Note: This linter can be disabled with `set_option linter.style.haveILetI false`
warning: ASGinzburg/BicomplexTotalProjective.lean:18:2: Try this: 
  letI̵

The goal is a proposition, so `let` is preferred over `letI`.
The difference between `let` and `letI` is that `letI` inlines the value.
But this is not relevant for proofs because of proof irrelevance.

Note: This linter can be disabled with `set_option linter.style.haveILetI false`
warning: ASGinzburg/BicomplexTotalProjective.lean:21:2: Try this: 
  letI̵

The goal is a proposition, so `let` is preferred over `letI`.
The difference between `let` and `letI` is that `letI` inlines the value.
But this is not relevant for proofs because of proof irrelevance.

Note: This linter can be disabled with `set_option linter.style.haveILetI false`
warning: ASGinzburg/BicomplexTotalProjective.lean:25:13: `CategoryTheory.Limits.Sigma.ι_desc_assoc` has been deprecated: Use `CategoryTheory.Limits.Sigma.ι_comp_desc_assoc` instead
⚠ [3693/4782] Replayed ASGinzburg.BicomplexTotalFunctor
warning: ASGinzburg/BicomplexTotalFunctor.lean:46:2: Try this: 
  letI̵

The goal is a proposition, so `let` is preferred over `letI`.
The difference between `let` and `letI` is that `letI` inlines the value.
But this is not relevant for proofs because of proof irrelevance.

Note: This linter can be disabled with `set_option linter.style.haveILetI false`
⚠ [3695/4782] Replayed ASGinzburg.BalancedTensorTorProjectiveRight
warning: ASGinzburg/BalancedTensorTorProjectiveRight.lean:19:2: Try this: 
  letI̵

The goal is a proposition, so `let` is preferred over `letI`.
The difference between `let` and `letI` is that `letI` inlines the value.
But this is not relevant for proofs because of proof irrelevance.

Note: This linter can be disabled with `set_option linter.style.haveILetI false`
⚠ [3696/4782] Replayed ASGinzburg.GradedNilpotentNakayama
warning: ASGinzburg/GradedNilpotentNakayama.lean:104:8: Try this: 
  letI̵

The goal is a proposition, so `let` is preferred over `letI`.
The difference between `let` and `letI` is that `letI` inlines the value.
But this is not relevant for proofs because of proof irrelevance.

Note: This linter can be disabled with `set_option linter.style.haveILetI false`
⚠ [3698/4782] Replayed ASGinzburg.GradedLinearMapKernel
warning: ASGinzburg/GradedLinearMapKernel.lean:50:0: Definition `ASGinzburg.homogeneousLinearMapKernelDecomposition` of class type is semireducible. Most type class instances should be instance-reducible, so consider marking this
definition with `@[instance_reducible]`. If it is intentionally semireducible, this warning can be disabled with `set_option warn.classDefReducibility false`.
warning: ASGinzburg/GradedLinearMapKernel.lean:58:0: Definition `ASGinzburg.ordinaryHomogeneousKernelDecomposition` of class type is semireducible. Most type class instances should be instance-reducible, so consider marking this
definition with `@[instance_reducible]`. If it is intentionally semireducible, this warning can be disabled with `set_option warn.classDefReducibility false`.
⚠ [3699/4782] Replayed ASGinzburg.HomogeneousQuotientDecomposition
warning: ASGinzburg/HomogeneousQuotientDecomposition.lean:37:0: Definition `ASGinzburg.homogeneousQuotientDecomposition` of class type is semireducible. Most type class instances should be instance-reducible, so consider marking this
definition with `@[instance_reducible]`. If it is intentionally semireducible, this warning can be disabled with `set_option warn.classDefReducibility false`.
⚠ [3700/4782] Replayed ASGinzburg.DirectSumGrading
warning: ASGinzburg/DirectSumGrading.lean:47:0: Definition `ASGinzburg.directSumGradeDecomposition` of class type is semireducible. Most type class instances should be instance-reducible, so consider marking this
definition with `@[instance_reducible]`. If it is intentionally semireducible, this warning can be disabled with `set_option warn.classDefReducibility false`.
✔ [3705/4782] Built ASGinzburg.FourTermTruncationOfResolution (5.7s)
⚠ [3707/4782] Replayed ASGinzburg.AlgebraEnvelopingNilpotentKernel
warning: ASGinzburg/AlgebraEnvelopingNilpotentKernel.lean:57:2: Try this: 
  letI̵

The goal is a proposition, so `let` is preferred over `letI`.
The difference between `let` and `letI` is that `letI` inlines the value.
But this is not relevant for proofs because of proof irrelevance.

Note: This linter can be disabled with `set_option linter.style.haveILetI false`
warning: ASGinzburg/AlgebraEnvelopingNilpotentKernel.lean:61:2: Try this: 
  letI̵

The goal is a proposition, so `let` is preferred over `letI`.
The difference between `let` and `letI` is that `letI` inlines the value.
But this is not relevant for proofs because of proof irrelevance.

Note: This linter can be disabled with `set_option linter.style.haveILetI false`
⚠ [3709/4782] Built ASGinzburg.ModuleCatRingEquivProjectiveDimension (4.7s)
warning: ASGinzburg/ModuleCatRingEquivProjectiveDimension.lean:18:2: Try this: 
  letI̵

The goal is a proposition, so `let` is preferred over `letI`.
The difference between `let` and `letI` is that `letI` inlines the value.
But this is not relevant for proofs because of proof irrelevance.

Note: This linter can be disabled with `set_option linter.style.haveILetI false`
✔ [3711/4782] Built ASGinzburg.BalancedTensorLeftQuotient (9.6s)
⚠ [3712/4782] Built ASGinzburg.BalancedTensorLeftProjectiveExactness (4.8s)
warning: ASGinzburg/BalancedTensorLeftProjectiveExactness.lean:31:2: Try this: 
  letI̵

The goal is a proposition, so `let` is preferred over `letI`.
The difference between `let` and `letI` is that `letI` inlines the value.
But this is not relevant for proofs because of proof irrelevance.

Note: This linter can be disabled with `set_option linter.style.haveILetI false`
warning: ASGinzburg/BalancedTensorLeftProjectiveExactness.lean:38:2: Try this: 
  letI̵

The goal is a proposition, so `let` is preferred over `letI`.
The difference between `let` and `letI` is that `letI` inlines the value.
But this is not relevant for proofs because of proof irrelevance.

Note: This linter can be disabled with `set_option linter.style.haveILetI false`
warning: ASGinzburg/BalancedTensorLeftProjectiveExactness.lean:39:2: Try this: 
  letI̵

The goal is a proposition, so `let` is preferred over `letI`.
The difference between `let` and `letI` is that `letI` inlines the value.
But this is not relevant for proofs because of proof irrelevance.

Note: This linter can be disabled with `set_option linter.style.haveILetI false`
warning: ASGinzburg/BalancedTensorLeftProjectiveExactness.lean:40:2: Try this: 
  letI̵

The goal is a proposition, so `let` is preferred over `letI`.
The difference between `let` and `letI` is that `letI` inlines the value.
But this is not relevant for proofs because of proof irrelevance.

Note: This linter can be disabled with `set_option linter.style.haveILetI false`
warning: ASGinzburg/BalancedTensorLeftProjectiveExactness.lean:41:2: Try this: 
  letI̵

The goal is a proposition, so `let` is preferred over `letI`.
The difference between `let` and `letI` is that `letI` inlines the value.
But this is not relevant for proofs because of proof irrelevance.

Note: This linter can be disabled with `set_option linter.style.haveILetI false`
warning: ASGinzburg/BalancedTensorLeftProjectiveExactness.lean:42:8: `CategoryTheory.Functor.preservesMonomorphisms.of_iso` has been deprecated: Use `CategoryTheory.Functor.PreservesMonomorphisms.of_iso` instead

Note: The updated constant is in a different namespace. Dot notation may need to be changed (e.g., from `x.of_iso` to `Functor.PreservesMonomorphisms.of_iso x`).
⚠ [3726/4782] Built ASGinzburg.EnvelopingBalancedTensorProjective (6.0s)
warning: ASGinzburg/EnvelopingBalancedTensorProjective.lean:17:2: Try this: 
  letI̵

The goal is a proposition, so `let` is preferred over `letI`.
The difference between `let` and `letI` is that `letI` inlines the value.
But this is not relevant for proofs because of proof irrelevance.

Note: This linter can be disabled with `set_option linter.style.haveILetI false`
warning: ASGinzburg/EnvelopingBalancedTensorProjective.lean:18:2: Try this: 
  letI̵

The goal is a proposition, so `let` is preferred over `letI`.
The difference between `let` and `letI` is that `letI` inlines the value.
But this is not relevant for proofs because of proof irrelevance.

Note: This linter can be disabled with `set_option linter.style.haveILetI false`
warning: ASGinzburg/EnvelopingBalancedTensorProjective.lean:19:2: Try this: 
  letI̵

The goal is a proposition, so `let` is preferred over `letI`.
The difference between `let` and `letI` is that `letI` inlines the value.
But this is not relevant for proofs because of proof irrelevance.

Note: This linter can be disabled with `set_option linter.style.haveILetI false`
warning: ASGinzburg/EnvelopingBalancedTensorProjective.lean:22:2: Try this: 
  letI̵

The goal is a proposition, so `let` is preferred over `letI`.
The difference between `let` and `letI` is that `letI` inlines the value.
But this is not relevant for proofs because of proof irrelevance.

Note: This linter can be disabled with `set_option linter.style.haveILetI false`
warning: ASGinzburg/EnvelopingBalancedTensorProjective.lean:23:2: Try this: 
  letI̵

The goal is a proposition, so `let` is preferred over `letI`.
The difference between `let` and `letI` is that `letI` inlines the value.
But this is not relevant for proofs because of proof irrelevance.

Note: This linter can be disabled with `set_option linter.style.haveILetI false`
✔ [3732/4782] Built ASGinzburg.BalancedTensorTorObjectComparison (3.7s)
⚠ [3733/4782] Built ASGinzburg.AlgebraEnvelopingQuotientTensorRightModule (8.2s)
warning: ASGinzburg/AlgebraEnvelopingQuotientTensorRightModule.lean:18:0: Definition `ASGinzburg.quotientEnvelopingRightTargetModule` of class type is semireducible. Most type class instances should be instance-reducible, so consider marking this
definition with `@[instance_reducible]`. If it is intentionally semireducible, this warning can be disabled with `set_option warn.classDefReducibility false`.
warning: ASGinzburg/AlgebraEnvelopingQuotientTensorRightModule.lean:23:17: Definition `ASGinzburg.quotientEnvelopingRightTargetModule` of class type is semireducible. Most type class instances should be instance-reducible, so consider marking this
definition with `@[instance_reducible]`. If it is intentionally semireducible, this warning can be disabled with `set_option warn.classDefReducibility false`.
warning: ASGinzburg/AlgebraEnvelopingQuotientTensorRightModule.lean:29:0: Definition `ASGinzburg.idealQuotientRightScalarTower` of class type is semireducible. Most type class instances should be instance-reducible, so consider marking this
definition with `@[instance_reducible]`. If it is intentionally semireducible, this warning can be disabled with `set_option warn.classDefReducibility false`.
warning: ASGinzburg/AlgebraEnvelopingQuotientTensorRightModule.lean:29:0: Definition `idealQuotientRightScalarTower` is a proposition; use `theorem` instead of `def`

Note: This linter can be disabled with `set_option linter.defProp false`
warning: ASGinzburg/AlgebraEnvelopingQuotientTensorRightModule.lean:35:17: Definition `ASGinzburg.idealQuotientRightScalarTower` of class type is semireducible. Most type class instances should be instance-reducible, so consider marking this
definition with `@[instance_reducible]`. If it is intentionally semireducible, this warning can be disabled with `set_option warn.classDefReducibility false`.
warning: ASGinzburg/AlgebraEnvelopingQuotientTensorRightModule.lean:63:4: This simp argument is unused:
  LinearEquiv.trans_apply

Hint: Omit it from the simp argument list.
  [apply] simp only [quotientTensorRightTmul, quotientTensorRightCanonicalFieldEquiv]

Note: This linter can be disabled with `set_option linter.unusedSimpArgs false`
warning: ASGinzburg/AlgebraEnvelopingQuotientTensorRightModule.lean:80:4: Try this: 
  letI̵

The goal is a proposition, so `let` is preferred over `letI`.
The difference between `let` and `letI` is that `letI` inlines the value.
But this is not relevant for proofs because of proof irrelevance.

Note: This linter can be disabled with `set_option linter.style.haveILetI false`
⚠ [3734/4782] Built ASGinzburg.AlgebraEnvelopingTensorFinite (5.4s)
warning: ASGinzburg/AlgebraEnvelopingTensorFinite.lean:17:17: Definition `ASGinzburg.tensorRightEnvelopingModule` of class type is semireducible. Most type class instances should be instance-reducible, so consider marking this
definition with `@[instance_reducible]`. If it is intentionally semireducible, this warning can be disabled with `set_option warn.classDefReducibility false`.
warning: ASGinzburg/AlgebraEnvelopingTensorFinite.lean:34:2: Try this: 
  letI̵

The goal is a proposition, so `let` is preferred over `letI`.
The difference between `let` and `letI` is that `letI` inlines the value.
But this is not relevant for proofs because of proof irrelevance.

Note: This linter can be disabled with `set_option linter.style.haveILetI false`
⚠ [3735/4782] Built ASGinzburg.BicomplexTotalShortExact (6.6s)
warning: ASGinzburg/BicomplexTotalShortExact.lean:119:4: Try this: 
  haveI̵

The goal is a proposition, so `have` is preferred over `haveI`.
The difference between `have` and `haveI` is that `haveI` inlines the value.
But this is not relevant for proofs because of proof irrelevance.

Note: This linter can be disabled with `set_option linter.style.haveILetI false`
warning: ASGinzburg/BicomplexTotalShortExact.lean:120:4: Try this: 
  haveI̵

The goal is a proposition, so `have` is preferred over `haveI`.
The difference between `have` and `haveI` is that `haveI` inlines the value.
But this is not relevant for proofs because of proof irrelevance.

Note: This linter can be disabled with `set_option linter.style.haveILetI false`
warning: ASGinzburg/BicomplexTotalShortExact.lean:128:4: Try this: 
  haveI̵

The goal is a proposition, so `have` is preferred over `haveI`.
The difference between `have` and `haveI` is that `haveI` inlines the value.
But this is not relevant for proofs because of proof irrelevance.

Note: This linter can be disabled with `set_option linter.style.haveILetI false`
warning: ASGinzburg/BicomplexTotalShortExact.lean:129:4: Try this: 
  haveI̵

The goal is a proposition, so `have` is preferred over `haveI`.
The difference between `have` and `haveI` is that `haveI` inlines the value.
But this is not relevant for proofs because of proof irrelevance.

Note: This linter can be disabled with `set_option linter.style.haveILetI false`
warning: ASGinzburg/BicomplexTotalShortExact.lean:132:4: Try this: 
  haveI̵

The goal is a proposition, so `have` is preferred over `haveI`.
The difference between `have` and `haveI` is that `haveI` inlines the value.
But this is not relevant for proofs because of proof irrelevance.

Note: This linter can be disabled with `set_option linter.style.haveILetI false`
warning: ASGinzburg/BicomplexTotalShortExact.lean:133:4: Try this: 
  haveI̵

The goal is a proposition, so `have` is preferred over `haveI`.
The difference between `have` and `haveI` is that `haveI` inlines the value.
But this is not relevant for proofs because of proof irrelevance.

Note: This linter can be disabled with `set_option linter.style.haveILetI false`
warning: ASGinzburg/BicomplexTotalShortExact.lean:141:4: Try this: 
  haveI̵

The goal is a proposition, so `have` is preferred over `haveI`.
The difference between `have` and `haveI` is that `haveI` inlines the value.
But this is not relevant for proofs because of proof irrelevance.

Note: This linter can be disabled with `set_option linter.style.haveILetI false`
warning: ASGinzburg/BicomplexTotalShortExact.lean:142:4: Try this: 
  haveI̵

The goal is a proposition, so `have` is preferred over `haveI`.
The difference between `have` and `haveI` is that `haveI` inlines the value.
But this is not relevant for proofs because of proof irrelevance.

Note: This linter can be disabled with `set_option linter.style.haveILetI false`
✔ [3736/4782] Built ASGinzburg.BicomplexTotalRowAcyclic (7.1s)
⚠ [3738/4782] Replayed ASGinzburg.OrdinaryModuleRingDualFinite
warning: ASGinzburg/OrdinaryModuleRingDualFinite.lean:33:2: Try this: 
  letI̵

The goal is a proposition, so `let` is preferred over `letI`.
The difference between `let` and `letI` is that `letI` inlines the value.
But this is not relevant for proofs because of proof irrelevance.

Note: This linter can be disabled with `set_option linter.style.haveILetI false`
✔ [3740/4782] Built ASGinzburg.BalancedTensorLeftFieldModuleChange (5.5s)
✔ [3743/4782] Built ASGinzburg.BalancedTensorTorMinimalResolution (9.0s)
⚠ [3744/4782] Replayed ASGinzburg.BifunctorTotalSingleLeft
warning: ASGinzburg/BifunctorTotalSingleLeft.lean:36:2: `CategoryTheory.Limits.mkCofanColimit` has been deprecated: Use `CategoryTheory.Limits.Cofan.IsColimit.mk` instead

Note: The updated constant is in a different namespace. Dot notation may need to be changed (e.g., from `x.mkCofanColimit` to `Cofan.IsColimit.mk x`).
⚠ [3747/4782] Replayed ASGinzburg.BifunctorTotalSingleRight
warning: ASGinzburg/BifunctorTotalSingleRight.lean:37:2: `CategoryTheory.Limits.mkCofanColimit` has been deprecated: Use `CategoryTheory.Limits.Cofan.IsColimit.mk` instead

Note: The updated constant is in a different namespace. Dot notation may need to be changed (e.g., from `x.mkCofanColimit` to `Cofan.IsColimit.mk x`).
⚠ [3748/4782] Replayed ASGinzburg.AlgebraEnvelopingRightModuleBimodule
warning: ASGinzburg/AlgebraEnvelopingRightModuleBimodule.lean:27:0: Definition `ASGinzburg.rightEnvelopingLeftModule` of class type is semireducible. Most type class instances should be instance-reducible, so consider marking this
definition with `@[instance_reducible]`. If it is intentionally semireducible, this warning can be disabled with `set_option warn.classDefReducibility false`.
warning: ASGinzburg/AlgebraEnvelopingRightModuleBimodule.lean:30:0: Definition `ASGinzburg.rightEnvelopingRightModule` of class type is semireducible. Most type class instances should be instance-reducible, so consider marking this
definition with `@[instance_reducible]`. If it is intentionally semireducible, this warning can be disabled with `set_option warn.classDefReducibility false`.
warning: ASGinzburg/AlgebraEnvelopingRightModuleBimodule.lean:37:2: Try this: 
  letI̵

The goal is a proposition, so `let` is preferred over `letI`.
The difference between `let` and `letI` is that `letI` inlines the value.
But this is not relevant for proofs because of proof irrelevance.

Note: This linter can be disabled with `set_option linter.style.haveILetI false`
warning: ASGinzburg/AlgebraEnvelopingRightModuleBimodule.lean:38:2: Try this: 
  letI̵

The goal is a proposition, so `let` is preferred over `letI`.
The difference between `let` and `letI` is that `letI` inlines the value.
But this is not relevant for proofs because of proof irrelevance.

Note: This linter can be disabled with `set_option linter.style.haveILetI false`
warning: ASGinzburg/AlgebraEnvelopingRightModuleBimodule.lean:33:0: Definition `ASGinzburg.rightEnvelopingActionsCommute` of class type is semireducible. Most type class instances should be instance-reducible, so consider marking this
definition with `@[instance_reducible]`. If it is intentionally semireducible, this warning can be disabled with `set_option warn.classDefReducibility false`.
warning: ASGinzburg/AlgebraEnvelopingRightModuleBimodule.lean:33:0: Definition `rightEnvelopingActionsCommute` is a proposition; use `theorem` instead of `def`

Note: This linter can be disabled with `set_option linter.defProp false`
warning: ASGinzburg/AlgebraEnvelopingRightModuleBimodule.lean:53:2: Try this: 
  letI̵

The goal is a proposition, so `let` is preferred over `letI`.
The difference between `let` and `letI` is that `letI` inlines the value.
But this is not relevant for proofs because of proof irrelevance.

Note: This linter can be disabled with `set_option linter.style.haveILetI false`
warning: ASGinzburg/AlgebraEnvelopingRightModuleBimodule.lean:54:2: Try this: 
  letI̵

The goal is a proposition, so `let` is preferred over `letI`.
The difference between `let` and `letI` is that `letI` inlines the value.
But this is not relevant for proofs because of proof irrelevance.

Note: This linter can be disabled with `set_option linter.style.haveILetI false`
⚠ [3764/4782] Replayed ASGinzburg.OrthogonalIdempotentGradedBasis
warning: ASGinzburg/OrthogonalIdempotentGradedBasis.lean:18:0: Definition `idempotentFixedSpaceIsInternal` is a proposition; use `theorem` instead of `def`

Note: This linter can be disabled with `set_option linter.defProp false`
warning: ASGinzburg/OrthogonalIdempotentGradedBasis.lean:66:0: Definition `ASGinzburg.idempotentFixedSpaceGradeDecomposition` of class type is semireducible. Most type class instances should be instance-reducible, so consider marking this
definition with `@[instance_reducible]`. If it is intentionally semireducible, this warning can be disabled with `set_option warn.classDefReducibility false`.
warning: ASGinzburg/OrthogonalIdempotentGradedBasis.lean:104:2: Try this: 
  letI̵

The goal is a proposition, so `let` is preferred over `letI`.
The difference between `let` and `letI` is that `letI` inlines the value.
But this is not relevant for proofs because of proof irrelevance.

Note: This linter can be disabled with `set_option linter.style.haveILetI false`
⚠ [3765/4782] Replayed ASGinzburg.HomogeneousOrdinaryQuotientDecomposition
warning: ASGinzburg/HomogeneousOrdinaryQuotientDecomposition.lean:26:0: Definition `ASGinzburg.homogeneousOrdinaryQuotientDecomposition` of class type is semireducible. Most type class instances should be instance-reducible, so consider marking this
definition with `@[instance_reducible]`. If it is intentionally semireducible, this warning can be disabled with `set_option warn.classDefReducibility false`.
⚠ [3768/4782] Replayed ASGinzburg.GradedLinearMapRange
warning: ASGinzburg/GradedLinearMapRange.lean:23:0: Definition `ASGinzburg.homogeneousLinearMapRangeDecomposition` of class type is semireducible. Most type class instances should be instance-reducible, so consider marking this
definition with `@[instance_reducible]`. If it is intentionally semireducible, this warning can be disabled with `set_option warn.classDefReducibility false`.
warning: ASGinzburg/GradedLinearMapRange.lean:31:0: Definition `ASGinzburg.ordinaryHomogeneousRangeDecomposition` of class type is semireducible. Most type class instances should be instance-reducible, so consider marking this
definition with `@[instance_reducible]`. If it is intentionally semireducible, this warning can be disabled with `set_option warn.classDefReducibility false`.
⚠ [3770/4782] Replayed ASGinzburg.GradedNilpotentActionSpanHomogeneity
warning: ASGinzburg/GradedNilpotentActionSpanHomogeneity.lean:74:2: Try this: 
  letI̵

The goal is a proposition, so `let` is preferred over `letI`.
The difference between `let` and `letI` is that `letI` inlines the value.
But this is not relevant for proofs because of proof irrelevance.

Note: This linter can be disabled with `set_option linter.style.haveILetI false`
⚠ [3772/4782] Replayed ASGinzburg.GradedNilpotentNakayamaLinearGrading
warning: ASGinzburg/GradedNilpotentNakayamaLinearGrading.lean:26:2: Try this: 
  letI̵

The goal is a proposition, so `let` is preferred over `letI`.
The difference between `let` and `letI` is that `letI` inlines the value.
But this is not relevant for proofs because of proof irrelevance.

Note: This linter can be disabled with `set_option linter.style.haveILetI false`
⚠ [3773/4782] Replayed ASGinzburg.GradedOrdinaryKernelData
warning: ASGinzburg/GradedOrdinaryKernelData.lean:32:0: Definition `ASGinzburg.GradedOrdinaryModuleData.kernelGradeDecomposition` of class type is semireducible. Most type class instances should be instance-reducible, so consider marking this
definition with `@[instance_reducible]`. If it is intentionally semireducible, this warning can be disabled with `set_option warn.classDefReducibility false`.
warning: ASGinzburg/GradedOrdinaryKernelData.lean:51:4: Try this: 
  letI̵

The goal is a proposition, so `let` is preferred over `letI`.
The difference between `let` and `letI` is that `letI` inlines the value.
But this is not relevant for proofs because of proof irrelevance.

Note: This linter can be disabled with `set_option linter.style.haveILetI false`
⚠ [3774/4782] Built ASGinzburg.BalancedTensorTorLeftFinite (13s)
warning: ASGinzburg/BalancedTensorTorLeftFinite.lean:16:2: Try this: 
  haveI̵

The goal is a proposition, so `have` is preferred over `haveI`.
The difference between `have` and `haveI` is that `haveI` inlines the value.
But this is not relevant for proofs because of proof irrelevance.

Note: This linter can be disabled with `set_option linter.style.haveILetI false`
warning: ASGinzburg/BalancedTensorTorLeftFinite.lean:32:2: Try this: 
  haveI̵

The goal is a proposition, so `have` is preferred over `haveI`.
The difference between `have` and `haveI` is that `haveI` inlines the value.
But this is not relevant for proofs because of proof irrelevance.

Note: This linter can be disabled with `set_option linter.style.haveILetI false`
warning: ASGinzburg/BalancedTensorTorLeftFinite.lean:34:2: Try this: 
  haveI̵

The goal is a proposition, so `have` is preferred over `haveI`.
The difference between `have` and `haveI` is that `haveI` inlines the value.
But this is not relevant for proofs because of proof irrelevance.

Note: This linter can be disabled with `set_option linter.style.haveILetI false`
warning: ASGinzburg/BalancedTensorTorLeftFinite.lean:37:2: Try this: 
  haveI̵

The goal is a proposition, so `have` is preferred over `haveI`.
The difference between `have` and `haveI` is that `haveI` inlines the value.
But this is not relevant for proofs because of proof irrelevance.

Note: This linter can be disabled with `set_option linter.style.haveILetI false`
warning: ASGinzburg/BalancedTensorTorLeftFinite.lean:39:2: Try this: 
  haveI̵

The goal is a proposition, so `have` is preferred over `haveI`.
The difference between `have` and `haveI` is that `haveI` inlines the value.
But this is not relevant for proofs because of proof irrelevance.

Note: This linter can be disabled with `set_option linter.style.haveILetI false`
⚠ [3779/4782] Built ASGinzburg.OrdinaryRingDualTensorEvaluation (7.6s)
warning: ASGinzburg/OrdinaryRingDualTensorEvaluation.lean:14:0: Definition `ASGinzburg.ordinaryRingDualTensorModuleK` of class type is semireducible. Most type class instances should be instance-reducible, so consider marking this
definition with `@[instance_reducible]`. If it is intentionally semireducible, this warning can be disabled with `set_option warn.classDefReducibility false`.
warning: ASGinzburg/OrdinaryRingDualTensorEvaluation.lean:18:17: Definition `ASGinzburg.ordinaryRingDualTensorModuleK` of class type is semireducible. Most type class instances should be instance-reducible, so consider marking this
definition with `@[instance_reducible]`. If it is intentionally semireducible, this warning can be disabled with `set_option warn.classDefReducibility false`.
warning: ASGinzburg/OrdinaryRingDualTensorEvaluation.lean:25:2: Try this: 
  letI̵

The goal is a proposition, so `let` is preferred over `letI`.
The difference between `let` and `letI` is that `letI` inlines the value.
But this is not relevant for proofs because of proof irrelevance.

Note: This linter can be disabled with `set_option linter.style.haveILetI false`
warning: ASGinzburg/OrdinaryRingDualTensorEvaluation.lean:26:2: Try this: 
  letI̵

The goal is a proposition, so `let` is preferred over `letI`.
The difference between `let` and `letI` is that `letI` inlines the value.
But this is not relevant for proofs because of proof irrelevance.

Note: This linter can be disabled with `set_option linter.style.haveILetI false`
warning: ASGinzburg/OrdinaryRingDualTensorEvaluation.lean:20:0: Definition `ASGinzburg.ordinaryRingDualTensorScalarTower` of class type is semireducible. Most type class instances should be instance-reducible, so consider marking this
definition with `@[instance_reducible]`. If it is intentionally semireducible, this warning can be disabled with `set_option warn.classDefReducibility false`.
warning: ASGinzburg/OrdinaryRingDualTensorEvaluation.lean:20:0: Definition `ordinaryRingDualTensorScalarTower` is a proposition; use `theorem` instead of `def`

Note: This linter can be disabled with `set_option linter.defProp false`
warning: ASGinzburg/OrdinaryRingDualTensorEvaluation.lean:33:17: Definition `ASGinzburg.ordinaryRingDualTensorScalarTower` of class type is semireducible. Most type class instances should be instance-reducible, so consider marking this
definition with `@[instance_reducible]`. If it is intentionally semireducible, this warning can be disabled with `set_option warn.classDefReducibility false`.
warning: ASGinzburg/OrdinaryRingDualTensorEvaluation.lean:88:4: Try this: 
  letI̵

The goal is a proposition, so `let` is preferred over `letI`.
The difference between `let` and `letI` is that `letI` inlines the value.
But this is not relevant for proofs because of proof irrelevance.

Note: This linter can be disabled with `set_option linter.style.haveILetI false`
warning: ASGinzburg/OrdinaryRingDualTensorEvaluation.lean:89:4: Try this: 
  letI̵

The goal is a proposition, so `let` is preferred over `letI`.
The difference between `let` and `letI` is that `letI` inlines the value.
But this is not relevant for proofs because of proof irrelevance.

Note: This linter can be disabled with `set_option linter.style.haveILetI false`
warning: ASGinzburg/OrdinaryRingDualTensorEvaluation.lean:90:4: Try this: 
  letI̵

The goal is a proposition, so `let` is preferred over `letI`.
The difference between `let` and `letI` is that `letI` inlines the value.
But this is not relevant for proofs because of proof irrelevance.

Note: This linter can be disabled with `set_option linter.style.haveILetI false`
warning: ASGinzburg/OrdinaryRingDualTensorEvaluation.lean:92:4: Try this: 
  letI̵

The goal is a proposition, so `let` is preferred over `letI`.
The difference between `let` and `letI` is that `letI` inlines the value.
But this is not relevant for proofs because of proof irrelevance.

Note: This linter can be disabled with `set_option linter.style.haveILetI false`
warning: ASGinzburg/OrdinaryRingDualTensorEvaluation.lean:94:4: Try this: 
  letI̵

The goal is a proposition, so `let` is preferred over `letI`.
The difference between `let` and `letI` is that `letI` inlines the value.
But this is not relevant for proofs because of proof irrelevance.

Note: This linter can be disabled with `set_option linter.style.haveILetI false`
warning: ASGinzburg/OrdinaryRingDualTensorEvaluation.lean:95:4: Try this: 
  letI̵

The goal is a proposition, so `let` is preferred over `letI`.
The difference between `let` and `letI` is that `letI` inlines the value.
But this is not relevant for proofs because of proof irrelevance.

Note: This linter can be disabled with `set_option linter.style.haveILetI false`
⚠ [3781/4782] Replayed ASGinzburg.GradedOrdinaryFiniteHomogeneousGenerators
warning: ASGinzburg/GradedOrdinaryFiniteHomogeneousGenerators.lean:19:2: Try this: 
  letI̵

The goal is a proposition, so `let` is preferred over `letI`.
The difference between `let` and `letI` is that `letI` inlines the value.
But this is not relevant for proofs because of proof irrelevance.

Note: This linter can be disabled with `set_option linter.style.haveILetI false`
⚠ [3782/4782] Built ASGinzburg.AlgebraEnvelopingOppositeLeftProjective (7.4s)
warning: ASGinzburg/AlgebraEnvelopingOppositeLeftProjective.lean:14:0: Definition `ASGinzburg.envelopingOppositeLeftModule` of class type is semireducible. Most type class instances should be instance-reducible, so consider marking this
definition with `@[instance_reducible]`. If it is intentionally semireducible, this warning can be disabled with `set_option warn.classDefReducibility false`.
warning: ASGinzburg/AlgebraEnvelopingOppositeLeftProjective.lean:54:2: Try this: 
  letI̵

The goal is a proposition, so `let` is preferred over `letI`.
The difference between `let` and `letI` is that `letI` inlines the value.
But this is not relevant for proofs because of proof irrelevance.

Note: This linter can be disabled with `set_option linter.style.haveILetI false`
warning: ASGinzburg/AlgebraEnvelopingOppositeLeftProjective.lean:62:2: Try this: 
  letI̵

The goal is a proposition, so `let` is preferred over `letI`.
The difference between `let` and `letI` is that `letI` inlines the value.
But this is not relevant for proofs because of proof irrelevance.

Note: This linter can be disabled with `set_option linter.style.haveILetI false`
warning: ASGinzburg/AlgebraEnvelopingOppositeLeftProjective.lean:63:2: Try this: 
  letI̵

The goal is a proposition, so `let` is preferred over `letI`.
The difference between `let` and `letI` is that `letI` inlines the value.
But this is not relevant for proofs because of proof irrelevance.

Note: This linter can be disabled with `set_option linter.style.haveILetI false`
warning: ASGinzburg/AlgebraEnvelopingOppositeLeftProjective.lean:64:2: Try this: 
  haveI̵

The goal is a proposition, so `have` is preferred over `haveI`.
The difference between `have` and `haveI` is that `haveI` inlines the value.
But this is not relevant for proofs because of proof irrelevance.

Note: This linter can be disabled with `set_option linter.style.haveILetI false`
⚠ [3783/4782] Built ASGinzburg.AlgebraEnvelopingTensorTotal (4.9s)
warning: ASGinzburg/AlgebraEnvelopingTensorTotal.lean:15:17: Definition `ASGinzburg.tensorRightEnvelopingModule` of class type is semireducible. Most type class instances should be instance-reducible, so consider marking this
definition with `@[instance_reducible]`. If it is intentionally semireducible, this warning can be disabled with `set_option warn.classDefReducibility false`.
warning: ASGinzburg/AlgebraEnvelopingTensorTotal.lean:29:2: Try this: 
  letI̵

The goal is a proposition, so `let` is preferred over `letI`.
The difference between `let` and `letI` is that `letI` inlines the value.
But this is not relevant for proofs because of proof irrelevance.

Note: This linter can be disabled with `set_option linter.style.haveILetI false`
warning: ASGinzburg/AlgebraEnvelopingTensorTotal.lean:42:2: Try this: 
  letI̵

The goal is a proposition, so `let` is preferred over `letI`.
The difference between `let` and `letI` is that `letI` inlines the value.
But this is not relevant for proofs because of proof irrelevance.

Note: This linter can be disabled with `set_option linter.style.haveILetI false`
warning: ASGinzburg/AlgebraEnvelopingTensorTotal.lean:44:2: Try this: 
  letI̵

The goal is a proposition, so `let` is preferred over `letI`.
The difference between `let` and `letI` is that `letI` inlines the value.
But this is not relevant for proofs because of proof irrelevance.

Note: This linter can be disabled with `set_option linter.style.haveILetI false`
⚠ [3784/4782] Replayed ASGinzburg.OrdinaryPerfectDerivedObject
warning: ASGinzburg/OrdinaryPerfectDerivedObject.lean:35:2: Try this: 
  letI̵

The goal is a proposition, so `let` is preferred over `letI`.
The difference between `let` and `letI` is that `letI` inlines the value.
But this is not relevant for proofs because of proof irrelevance.

Note: This linter can be disabled with `set_option linter.style.haveILetI false`
⚠ [3793/4782] Built ASGinzburg.FiniteFourTermPerfectComplex (4.3s)
warning: ASGinzburg/FiniteFourTermPerfectComplex.lean:23:4: Try this: 
  haveI̵

The goal is a proposition, so `have` is preferred over `haveI`.
The difference between `have` and `haveI` is that `haveI` inlines the value.
But this is not relevant for proofs because of proof irrelevance.

Note: This linter can be disabled with `set_option linter.style.haveILetI false`
warning: ASGinzburg/FiniteFourTermPerfectComplex.lean:25:4: Try this: 
  haveI̵

The goal is a proposition, so `have` is preferred over `haveI`.
The difference between `have` and `haveI` is that `haveI` inlines the value.
But this is not relevant for proofs because of proof irrelevance.

Note: This linter can be disabled with `set_option linter.style.haveILetI false`
warning: ASGinzburg/FiniteFourTermPerfectComplex.lean:60:2: Try this: 
  haveI̵

The goal is a proposition, so `have` is preferred over `haveI`.
The difference between `have` and `haveI` is that `haveI` inlines the value.
But this is not relevant for proofs because of proof irrelevance.

Note: This linter can be disabled with `set_option linter.style.haveILetI false`
✔ [3799/4782] Built ASGinzburg.FiniteFourTermTruncationOfResolution (5.5s)
⚠ [3800/4782] Built ASGinzburg.EnvelopingBalancedTensorProjectiveFunctor (4.2s)
warning: ASGinzburg/EnvelopingBalancedTensorProjectiveFunctor.lean:20:4: Try this: 
  letI̵

The goal is a proposition, so `let` is preferred over `letI`.
The difference between `let` and `letI` is that `letI` inlines the value.
But this is not relevant for proofs because of proof irrelevance.

Note: This linter can be disabled with `set_option linter.style.haveILetI false`
warning: ASGinzburg/EnvelopingBalancedTensorProjectiveFunctor.lean:21:4: Try this: 
  letI̵

The goal is a proposition, so `let` is preferred over `letI`.
The difference between `let` and `letI` is that `letI` inlines the value.
But this is not relevant for proofs because of proof irrelevance.

Note: This linter can be disabled with `set_option linter.style.haveILetI false`
warning: ASGinzburg/EnvelopingBalancedTensorProjectiveFunctor.lean:22:4: Try this: 
  haveI̵

The goal is a proposition, so `have` is preferred over `haveI`.
The difference between `have` and `haveI` is that `haveI` inlines the value.
But this is not relevant for proofs because of proof irrelevance.

Note: This linter can be disabled with `set_option linter.style.haveILetI false`
⚠ [3801/4782] Built ASGinzburg.BicomplexTotalRowQuasiIso (4.3s)
warning: ASGinzburg/BicomplexTotalRowQuasiIso.lean:19:2: Try this: 
  haveI̵

The goal is a proposition, so `have` is preferred over `haveI`.
The difference between `have` and `haveI` is that `haveI` inlines the value.
But this is not relevant for proofs because of proof irrelevance.

Note: This linter can be disabled with `set_option linter.style.haveILetI false`
warning: ASGinzburg/BicomplexTotalRowQuasiIso.lean:20:2: Try this: 
  haveI̵

The goal is a proposition, so `have` is preferred over `haveI`.
The difference between `have` and `haveI` is that `haveI` inlines the value.
But this is not relevant for proofs because of proof irrelevance.

Note: This linter can be disabled with `set_option linter.style.haveILetI false`
warning: ASGinzburg/BicomplexTotalRowQuasiIso.lean:38:2: Try this: 
  haveI̵

The goal is a proposition, so `have` is preferred over `haveI`.
The difference between `have` and `haveI` is that `haveI` inlines the value.
But this is not relevant for proofs because of proof irrelevance.

Note: This linter can be disabled with `set_option linter.style.haveILetI false`
✔ [3804/4782] Built ASGinzburg.AlgebraEnvelopingQuotientRightComparison (7.2s)
✔ [3805/4782] Built ASGinzburg.BicomplexTotalBoundedRows (4.6s)
⚠ [3806/4782] Built ASGinzburg.BalancedTensorRightMinimalTop (13s)
warning: ASGinzburg/BalancedTensorRightMinimalTop.lean:49:2: Try this: 
  letI̵

The goal is a proposition, so `let` is preferred over `letI`.
The difference between `let` and `letI` is that `letI` inlines the value.
But this is not relevant for proofs because of proof irrelevance.

Note: This linter can be disabled with `set_option linter.style.haveILetI false`
⚠ [3816/4782] Replayed ASGinzburg.GradedNilpotentCoverSurjectivity
warning: ASGinzburg/GradedNilpotentCoverSurjectivity.lean:32:2: Try this: 
  letI̵

The goal is a proposition, so `let` is preferred over `letI`.
The difference between `let` and `letI` is that `letI` inlines the value.
But this is not relevant for proofs because of proof irrelevance.

Note: This linter can be disabled with `set_option linter.style.haveILetI false`
warning: ASGinzburg/GradedNilpotentCoverSurjectivity.lean:52:2: Try this: 
  letI̵

The goal is a proposition, so `let` is preferred over `letI`.
The difference between `let` and `letI` is that `letI` inlines the value.
But this is not relevant for proofs because of proof irrelevance.

Note: This linter can be disabled with `set_option linter.style.haveILetI false`
✔ [3818/4782] Built ASGinzburg.BalancedTensorRightFieldModuleChange (3.6s)
✔ [3825/4782] Built ASGinzburg.BalancedTensorMinimalDifferentials (5.5s)
⚠ [3826/4782] Replayed ASGinzburg.HomogeneousIdempotentQuotientBasisLifts
warning: ASGinzburg/HomogeneousIdempotentQuotientBasisLifts.lean:30:2: Try this: 
  letI̵

The goal is a proposition, so `let` is preferred over `letI`.
The difference between `let` and `letI` is that `letI` inlines the value.
But this is not relevant for proofs because of proof irrelevance.

Note: This linter can be disabled with `set_option linter.style.haveILetI false`
⚠ [3830/4782] Replayed ASGinzburg.GradedOrdinaryRingDualComponents
warning: ASGinzburg/GradedOrdinaryRingDualComponents.lean:28:2: Try this: 
  letI̵

The goal is a proposition, so `let` is preferred over `letI`.
The difference between `let` and `letI` is that `letI` inlines the value.
But this is not relevant for proofs because of proof irrelevance.

Note: This linter can be disabled with `set_option linter.style.haveILetI false`
warning: ASGinzburg/GradedOrdinaryRingDualComponents.lean:42:2: Try this: 
  letI̵

The goal is a proposition, so `let` is preferred over `letI`.
The difference between `let` and `letI` is that `letI` inlines the value.
But this is not relevant for proofs because of proof irrelevance.

Note: This linter can be disabled with `set_option linter.style.haveILetI false`
warning: ASGinzburg/GradedOrdinaryRingDualComponents.lean:89:2: Try this: 
  letI̵

The goal is a proposition, so `let` is preferred over `letI`.
The difference between `let` and `letI` is that `letI` inlines the value.
But this is not relevant for proofs because of proof irrelevance.

Note: This linter can be disabled with `set_option linter.style.haveILetI false`
warning: ASGinzburg/GradedOrdinaryRingDualComponents.lean:104:2: Try this: 
  letI̵

The goal is a proposition, so `let` is preferred over `letI`.
The difference between `let` and `letI` is that `letI` inlines the value.
But this is not relevant for proofs because of proof irrelevance.

Note: This linter can be disabled with `set_option linter.style.haveILetI false`
⚠ [3832/4782] Built ASGinzburg.GradedNilpotentFiniteGeneration (5.8s)
warning: ASGinzburg/GradedNilpotentFiniteGeneration.lean:76:2: Try this: 
  letI̵

The goal is a proposition, so `let` is preferred over `letI`.
The difference between `let` and `letI` is that `letI` inlines the value.
But this is not relevant for proofs because of proof irrelevance.

Note: This linter can be disabled with `set_option linter.style.haveILetI false`
warning: ASGinzburg/GradedNilpotentFiniteGeneration.lean:98:2: Try this: 
  letI̵

The goal is a proposition, so `let` is preferred over `letI`.
The difference between `let` and `letI` is that `letI` inlines the value.
But this is not relevant for proofs because of proof irrelevance.

Note: This linter can be disabled with `set_option linter.style.haveILetI false`
⚠ [3833/4782] Replayed ASGinzburg.GradedOrdinaryRingDualBoundedBelow
warning: ASGinzburg/GradedOrdinaryRingDualBoundedBelow.lean:20:2: Try this: 
  letI̵

The goal is a proposition, so `let` is preferred over `letI`.
The difference between `let` and `letI` is that `letI` inlines the value.
But this is not relevant for proofs because of proof irrelevance.

Note: This linter can be disabled with `set_option linter.style.haveILetI false`
⚠ [3834/4782] Built ASGinzburg.AlgebraEnvelopingOppositeLeftRestriction (3.3s)
warning: ASGinzburg/AlgebraEnvelopingOppositeLeftRestriction.lean:22:4: Try this: 
  letI̵

The goal is a proposition, so `let` is preferred over `letI`.
The difference between `let` and `letI` is that `letI` inlines the value.
But this is not relevant for proofs because of proof irrelevance.

Note: This linter can be disabled with `set_option linter.style.haveILetI false`
warning: ASGinzburg/AlgebraEnvelopingOppositeLeftRestriction.lean:23:4: Try this: 
  letI̵

The goal is a proposition, so `let` is preferred over `letI`.
The difference between `let` and `letI` is that `letI` inlines the value.
But this is not relevant for proofs because of proof irrelevance.

Note: This linter can be disabled with `set_option linter.style.haveILetI false`
warning: ASGinzburg/AlgebraEnvelopingOppositeLeftRestriction.lean:24:4: Try this: 
  haveI̵

The goal is a proposition, so `have` is preferred over `haveI`.
The difference between `have` and `haveI` is that `haveI` inlines the value.
But this is not relevant for proofs because of proof irrelevance.

Note: This linter can be disabled with `set_option linter.style.haveILetI false`
⚠ [3835/4782] Built ASGinzburg.AlgebraEnvelopingRingDualTensorEvaluationHom (9.4s)
warning: ASGinzburg/AlgebraEnvelopingRingDualTensorEvaluationHom.lean:20:2: Try this: 
  letI̵

The goal is a proposition, so `let` is preferred over `letI`.
The difference between `let` and `letI` is that `letI` inlines the value.
But this is not relevant for proofs because of proof irrelevance.

Note: This linter can be disabled with `set_option linter.style.haveILetI false`
warning: ASGinzburg/AlgebraEnvelopingRingDualTensorEvaluationHom.lean:21:2: Try this: 
  letI̵

The goal is a proposition, so `let` is preferred over `letI`.
The difference between `let` and `letI` is that `letI` inlines the value.
But this is not relevant for proofs because of proof irrelevance.

Note: This linter can be disabled with `set_option linter.style.haveILetI false`
warning: ASGinzburg/AlgebraEnvelopingRingDualTensorEvaluationHom.lean:22:2: Try this: 
  letI̵

The goal is a proposition, so `let` is preferred over `letI`.
The difference between `let` and `letI` is that `letI` inlines the value.
But this is not relevant for proofs because of proof irrelevance.

Note: This linter can be disabled with `set_option linter.style.haveILetI false`
warning: ASGinzburg/AlgebraEnvelopingRingDualTensorEvaluationHom.lean:23:2: Try this: 
  letI̵

The goal is a proposition, so `let` is preferred over `letI`.
The difference between `let` and `letI` is that `letI` inlines the value.
But this is not relevant for proofs because of proof irrelevance.

Note: This linter can be disabled with `set_option linter.style.haveILetI false`
warning: ASGinzburg/AlgebraEnvelopingRingDualTensorEvaluationHom.lean:17:0: Definition `ASGinzburg.envelopingTensorEvaluationHomScalarTower` of class type is semireducible. Most type class instances should be instance-reducible, so consider marking this
definition with `@[instance_reducible]`. If it is intentionally semireducible, this warning can be disabled with `set_option warn.classDefReducibility false`.
warning: ASGinzburg/AlgebraEnvelopingRingDualTensorEvaluationHom.lean:17:0: Definition `envelopingTensorEvaluationHomScalarTower` is a proposition; use `theorem` instead of `def`

Note: This linter can be disabled with `set_option linter.defProp false`
warning: ASGinzburg/AlgebraEnvelopingRingDualTensorEvaluationHom.lean:33:2: Try this: 
  letI̵

The goal is a proposition, so `let` is preferred over `letI`.
The difference between `let` and `letI` is that `letI` inlines the value.
But this is not relevant for proofs because of proof irrelevance.

Note: This linter can be disabled with `set_option linter.style.haveILetI false`
warning: ASGinzburg/AlgebraEnvelopingRingDualTensorEvaluationHom.lean:34:2: Try this: 
  letI̵

The goal is a proposition, so `let` is preferred over `letI`.
The difference between `let` and `letI` is that `letI` inlines the value.
But this is not relevant for proofs because of proof irrelevance.

Note: This linter can be disabled with `set_option linter.style.haveILetI false`
warning: ASGinzburg/AlgebraEnvelopingRingDualTensorEvaluationHom.lean:35:2: Try this: 
  letI̵

The goal is a proposition, so `let` is preferred over `letI`.
The difference between `let` and `letI` is that `letI` inlines the value.
But this is not relevant for proofs because of proof irrelevance.

Note: This linter can be disabled with `set_option linter.style.haveILetI false`
warning: ASGinzburg/AlgebraEnvelopingRingDualTensorEvaluationHom.lean:36:2: Try this: 
  letI̵

The goal is a proposition, so `let` is preferred over `letI`.
The difference between `let` and `letI` is that `letI` inlines the value.
But this is not relevant for proofs because of proof irrelevance.

Note: This linter can be disabled with `set_option linter.style.haveILetI false`
warning: ASGinzburg/AlgebraEnvelopingRingDualTensorEvaluationHom.lean:30:0: Definition `ASGinzburg.envelopingTensorEvaluationHomScalarCommute` of class type is semireducible. Most type class instances should be instance-reducible, so consider marking this
definition with `@[instance_reducible]`. If it is intentionally semireducible, this warning can be disabled with `set_option warn.classDefReducibility false`.
warning: ASGinzburg/AlgebraEnvelopingRingDualTensorEvaluationHom.lean:30:0: Definition `envelopingTensorEvaluationHomScalarCommute` is a proposition; use `theorem` instead of `def`

Note: This linter can be disabled with `set_option linter.defProp false`
warning: ASGinzburg/AlgebraEnvelopingRingDualTensorEvaluationHom.lean:74:2: Try this: 
  letI̵

The goal is a proposition, so `let` is preferred over `letI`.
The difference between `let` and `letI` is that `letI` inlines the value.
But this is not relevant for proofs because of proof irrelevance.

Note: This linter can be disabled with `set_option linter.style.haveILetI false`
✔ [3849/4782] Built ASGinzburg.TriangleCutSliceAction (9.8s)
✔ [3850/4782] Built ASGinzburg.AlgebraEnvelopingTensorBicomplexRestriction (4.9s)
⚠ [3851/4782] Built ASGinzburg.TensorTotalFinite (3.0s)
warning: ASGinzburg/TensorTotalFinite.lean:24:2: Try this: 
  letI̵

The goal is a proposition, so `let` is preferred over `letI`.
The difference between `let` and `letI` is that `letI` inlines the value.
But this is not relevant for proofs because of proof irrelevance.

Note: This linter can be disabled with `set_option linter.style.haveILetI false`
warning: ASGinzburg/TensorTotalFinite.lean:51:17: Definition `ASGinzburg.tensorRightEnvelopingModule` of class type is semireducible. Most type class instances should be instance-reducible, so consider marking this
definition with `@[instance_reducible]`. If it is intentionally semireducible, this warning can be disabled with `set_option warn.classDefReducibility false`.
warning: ASGinzburg/TensorTotalFinite.lean:59:2: Try this: 
  letI̵

The goal is a proposition, so `let` is preferred over `letI`.
The difference between `let` and `letI` is that `letI` inlines the value.
But this is not relevant for proofs because of proof irrelevance.

Note: This linter can be disabled with `set_option linter.style.haveILetI false`
warning: ASGinzburg/TensorTotalFinite.lean:62:2: Try this: 
  letI̵

The goal is a proposition, so `let` is preferred over `letI`.
The difference between `let` and `letI` is that `letI` inlines the value.
But this is not relevant for proofs because of proof irrelevance.

Note: This linter can be disabled with `set_option linter.style.haveILetI false`
✔ [3853/4782] Built ASGinzburg.AlgebraHomologicalSmoothness (3.4s)
⚠ [3854/4782] Built ASGinzburg.BalancedTensorEnvelopingFunctorComparison (43s)
warning: ASGinzburg/BalancedTensorEnvelopingFunctorComparison.lean:19:17: Definition `ASGinzburg.tensorRightEnvelopingModule` of class type is semireducible. Most type class instances should be instance-reducible, so consider marking this
definition with `@[instance_reducible]`. If it is intentionally semireducible, this warning can be disabled with `set_option warn.classDefReducibility false`.
warning: ASGinzburg/BalancedTensorEnvelopingFunctorComparison.lean:19:17: Definition `ASGinzburg.tensorRightEnvelopingScalarTower` of class type is semireducible. Most type class instances should be instance-reducible, so consider marking this
definition with `@[instance_reducible]`. If it is intentionally semireducible, this warning can be disabled with `set_option warn.classDefReducibility false`.
warning: ASGinzburg/BalancedTensorEnvelopingFunctorComparison.lean:19:17: Definition `ASGinzburg.regularEnvelopingModule` of class type is semireducible. Most type class instances should be instance-reducible, so consider marking this
definition with `@[instance_reducible]`. If it is intentionally semireducible, this warning can be disabled with `set_option warn.classDefReducibility false`.
warning: ASGinzburg/BalancedTensorEnvelopingFunctorComparison.lean:19:17: Definition `ASGinzburg.regularEnvelopingScalarTower` of class type is semireducible. Most type class instances should be instance-reducible, so consider marking this
definition with `@[instance_reducible]`. If it is intentionally semireducible, this warning can be disabled with `set_option warn.classDefReducibility false`.
✔ [3870/4782] Built ASGinzburg.BifunctorTotalRowQuasiIso (3.6s)
⚠ [3871/4782] Replayed ASGinzburg.GradedOrdinaryCokernelData
warning: ASGinzburg/GradedOrdinaryCokernelData.lean:21:0: Definition `ASGinzburg.GradedOrdinaryModuleData.cokernelGradeDecomposition` of class type is semireducible. Most type class instances should be instance-reducible, so consider marking this
definition with `@[instance_reducible]`. If it is intentionally semireducible, this warning can be disabled with `set_option warn.classDefReducibility false`.
warning: ASGinzburg/GradedOrdinaryCokernelData.lean:38:4: Try this: 
  letI̵

The goal is a proposition, so `let` is preferred over `letI`.
The difference between `let` and `letI` is that `letI` inlines the value.
But this is not relevant for proofs because of proof irrelevance.

Note: This linter can be disabled with `set_option linter.style.haveILetI false`
⚠ [3875/4782] Built ASGinzburg.EnvelopingBalancedTensorResolution (5.0s)
warning: ASGinzburg/EnvelopingBalancedTensorResolution.lean:28:2: Try this: 
  letI̵

The goal is a proposition, so `let` is preferred over `letI`.
The difference between `let` and `letI` is that `letI` inlines the value.
But this is not relevant for proofs because of proof irrelevance.

Note: This linter can be disabled with `set_option linter.style.haveILetI false`
warning: ASGinzburg/EnvelopingBalancedTensorResolution.lean:29:2: Try this: 
  letI̵

The goal is a proposition, so `let` is preferred over `letI`.
The difference between `let` and `letI` is that `letI` inlines the value.
But this is not relevant for proofs because of proof irrelevance.

Note: This linter can be disabled with `set_option linter.style.haveILetI false`
warning: ASGinzburg/EnvelopingBalancedTensorResolution.lean:35:2: Try this: 
  haveI̵

The goal is a proposition, so `have` is preferred over `haveI`.
The difference between `have` and `haveI` is that `haveI` inlines the value.
But this is not relevant for proofs because of proof irrelevance.

Note: This linter can be disabled with `set_option linter.style.haveILetI false`
warning: ASGinzburg/EnvelopingBalancedTensorResolution.lean:38:2: Try this: 
  haveI̵

The goal is a proposition, so `have` is preferred over `haveI`.
The difference between `have` and `haveI` is that `haveI` inlines the value.
But this is not relevant for proofs because of proof irrelevance.

Note: This linter can be disabled with `set_option linter.style.haveILetI false`
warning: ASGinzburg/EnvelopingBalancedTensorResolution.lean:61:4: Try this: 
  haveI̵

The goal is a proposition, so `have` is preferred over `haveI`.
The difference between `have` and `haveI` is that `haveI` inlines the value.
But this is not relevant for proofs because of proof irrelevance.

Note: This linter can be disabled with `set_option linter.style.haveILetI false`
⚠ [3877/4782] Built ASGinzburg.BalancedTensorTotalPositiveExactness (5.0s)
warning: ASGinzburg/BalancedTensorTotalPositiveExactness.lean:22:2: Try this: 
  letI̵

The goal is a proposition, so `let` is preferred over `letI`.
The difference between `let` and `letI` is that `letI` inlines the value.
But this is not relevant for proofs because of proof irrelevance.

Note: This linter can be disabled with `set_option linter.style.haveILetI false`
warning: ASGinzburg/BalancedTensorTotalPositiveExactness.lean:23:2: Try this: 
  letI̵

The goal is a proposition, so `let` is preferred over `letI`.
The difference between `let` and `letI` is that `letI` inlines the value.
But this is not relevant for proofs because of proof irrelevance.

Note: This linter can be disabled with `set_option linter.style.haveILetI false`
⚠ [3898/4782] Built ASGinzburg.IdealQuotientRightFieldComparison (4.5s)
warning: ASGinzburg/IdealQuotientRightFieldComparison.lean:14:17: Definition `ASGinzburg.idealQuotientRightScalarTower` of class type is semireducible. Most type class instances should be instance-reducible, so consider marking this
definition with `@[instance_reducible]`. If it is intentionally semireducible, this warning can be disabled with `set_option warn.classDefReducibility false`.
⚠ [3899/4782] Built ASGinzburg.GradedNilpotentMinimalTorDetection (7.5s)
warning: ASGinzburg/GradedNilpotentMinimalTorDetection.lean:37:2: Try this: 
  letI̵

The goal is a proposition, so `let` is preferred over `letI`.
The difference between `let` and `letI` is that `letI` inlines the value.
But this is not relevant for proofs because of proof irrelevance.

Note: This linter can be disabled with `set_option linter.style.haveILetI false`
⚠ [3900/4782] Replayed ASGinzburg.OrdinaryModuleRingDualDerived
warning: ASGinzburg/OrdinaryModuleRingDualDerived.lean:36:4: Try this: 
  letI̵

The goal is a proposition, so `let` is preferred over `letI`.
The difference between `let` and `letI` is that `letI` inlines the value.
But this is not relevant for proofs because of proof irrelevance.

Note: This linter can be disabled with `set_option linter.style.haveILetI false`
warning: ASGinzburg/OrdinaryModuleRingDualDerived.lean:41:4: Try this: 
  haveI̵

The goal is a proposition, so `have` is preferred over `haveI`.
The difference between `have` and `haveI` is that `haveI` inlines the value.
But this is not relevant for proofs because of proof irrelevance.

Note: This linter can be disabled with `set_option linter.style.haveILetI false`
✔ [3901/4782] Built ASGinzburg.GradedOrdinaryMinimalResolution (5.5s)
⚠ [3922/4782] Replayed ASGinzburg.BifunctorTotalResolutionLeft
warning: ASGinzburg/BifunctorTotalResolutionLeft.lean:29:2: Try this: 
  letI̵

The goal is a proposition, so `let` is preferred over `letI`.
The difference between `let` and `letI` is that `letI` inlines the value.
But this is not relevant for proofs because of proof irrelevance.

Note: This linter can be disabled with `set_option linter.style.haveILetI false`
⚠ [3925/4782] Built ASGinzburg.GradedOrdinaryRingDualComponentMaps (5.8s)
warning: ASGinzburg/GradedOrdinaryRingDualComponentMaps.lean:27:4: Try this: 
  letI̵

The goal is a proposition, so `let` is preferred over `letI`.
The difference between `let` and `letI` is that `letI` inlines the value.
But this is not relevant for proofs because of proof irrelevance.

Note: This linter can be disabled with `set_option linter.style.haveILetI false`
warning: ASGinzburg/GradedOrdinaryRingDualComponentMaps.lean:40:4: Try this: 
  letI̵

The goal is a proposition, so `let` is preferred over `letI`.
The difference between `let` and `letI` is that `letI` inlines the value.
But this is not relevant for proofs because of proof irrelevance.

Note: This linter can be disabled with `set_option linter.style.haveILetI false`
warning: ASGinzburg/GradedOrdinaryRingDualComponentMaps.lean:56:2: Try this: 
  letI̵

The goal is a proposition, so `let` is preferred over `letI`.
The difference between `let` and `letI` is that `letI` inlines the value.
But this is not relevant for proofs because of proof irrelevance.

Note: This linter can be disabled with `set_option linter.style.haveILetI false`
✔ [3949/4782] Built ASGinzburg.NatTotalExists (3.8s)
⚠ [3954/4782] Replayed ASGinzburg.OrdinaryModuleRingDualLeftExact
warning: ASGinzburg/OrdinaryModuleRingDualLeftExact.lean:28:2: Try this: 
  letI̵

The goal is a proposition, so `let` is preferred over `letI`.
The difference between `let` and `letI` is that `letI` inlines the value.
But this is not relevant for proofs because of proof irrelevance.

Note: This linter can be disabled with `set_option linter.style.haveILetI false`
warning: ASGinzburg/OrdinaryModuleRingDualLeftExact.lean:49:2: Try this: 
  letI̵

The goal is a proposition, so `let` is preferred over `letI`.
The difference between `let` and `letI` is that `letI` inlines the value.
But this is not relevant for proofs because of proof irrelevance.

Note: This linter can be disabled with `set_option linter.style.haveILetI false`
✔ [3955/4782] Built ASGinzburg.BalancedTensorBundledRightMinimalTop (4.5s)
✖ [3956/4782] Building ASGinzburg.BifunctorTotalRightResolutionAugmentation (5.8s)
trace: .> LEAN_PATH=/workspace/as-ginzburg-lean/.lake/packages/Cli/.lake/build/lib/lean:/workspace/as-ginzburg-lean/.lake/packages/batteries/.lake/build/lib/lean:/workspace/as-ginzburg-lean/.lake/packages/Qq/.lake/build/lib/lean:/workspace/as-ginzburg-lean/.lake/packages/aesop/.lake/build/lib/lean:/workspace/as-ginzburg-lean/.lake/packages/proofwidgets/.lake/build/lib/lean:/workspace/as-ginzburg-lean/.lake/packages/importGraph/.lake/build/lib/lean:/workspace/as-ginzburg-lean/.lake/packages/LeanSearchClient/.lake/build/lib/lean:/workspace/as-ginzburg-lean/.lake/packages/plausible/.lake/build/lib/lean:/workspace/as-ginzburg-lean/.lake/packages/mathlib/.lake/build/lib/lean:/workspace/as-ginzburg-lean/.lake/build/lib/lean /workspace/as-ginzburg-lean/work/lean-upgrade/lean-4.34.1-linux/bin/lean /workspace/as-ginzburg-lean/ASGinzburg/BifunctorTotalRightResolutionAugmentation.lean -o /workspace/as-ginzburg-lean/.lake/build/lib/lean/ASGinzburg/BifunctorTotalRightResolutionAugmentation.olean -i /workspace/as-ginzburg-lean/.lake/build/lib/lean/ASGinzburg/BifunctorTotalRightResolutionAugmentation.ilean -c /workspace/as-ginzburg-lean/.lake/build/ir/ASGinzburg/BifunctorTotalRightResolutionAugmentation.c --setup /workspace/as-ginzburg-lean/.lake/build/ir/ASGinzburg/BifunctorTotalRightResolutionAugmentation.setup.json --json
error: ASGinzburg/BifunctorTotalRightResolutionAugmentation.lean:30:40: Tactic `rewrite` failed: Did not find an occurrence of the pattern
  ?f ≫ 𝟙 ?m.230
in the target expression
  (F.obj (P.X n)).map (Q.π.f 0) ≫ 𝟙 ((F.obj (P.X n)).obj (((ChainComplex.single₀ C₂).obj N).X 0)) =
    (F.obj (P.X n)).map (Q.π.f 0)

k : Type u
inst✝⁶ : Ring k
C₁ : Type u₁
C₂ : Type u₂
inst✝⁵ : Category.{v₁, u₁} C₁
inst✝⁴ : Category.{v₂, u₂} C₂
inst✝³ : Preadditive C₁
inst✝² : Abelian C₂
F : C₁ ⥤ C₂ ⥤ ModuleCat k
inst✝¹ : F.Additive
inst✝ : ∀ (X : C₁), (F.obj X).Additive
P : ChainComplex C₁ ℕ
N : C₂
Q : ProjectiveResolution N
n : ℕ
⊢ (F.obj (P.X n)).map (Q.π.f 0) ≫ 𝟙 ((F.obj (P.X n)).obj (((ChainComplex.single₀ C₂).obj N).X 0)) =
    (F.obj (P.X n)).map (Q.π.f 0)

Note: The target expression is not type-correct under the `implicit` transparency level, which may have triggered the failure. This is usually caused by unfolding of semireducible definitions in prior tactic steps. Use `set_option linter.tacticCheckInstances true` to investigate the source of the issue.
Full error:
  Application type mismatch: The argument
    𝟙 ((F.obj (P.X n)).obj (((ChainComplex.single₀ C₂).obj N).X 0))
  has type
    @Quiver.Hom (ModuleCat k) (ModuleCat.moduleCategory k).toQuiver
      ((F.obj (P.X n)).obj (((ChainComplex.single₀ C₂).obj N).X 0))
      ((F.obj (P.X n)).obj (((ChainComplex.single₀ C₂).obj N).X 0))
  but is expected to have type
    @Quiver.Hom (ModuleCat k) (ModuleCat.moduleCategory k).toQuiver
      ((F.obj (P.X n)).obj (((ChainComplex.single₀ C₂).obj N).X 0))
      ((((F.flip.obj N).mapHomologicalComplex (ComplexShape.down ℕ)).obj P).X n)
  in the application
    (F.obj (P.X n)).map (Q.π.f 0) ≫ 𝟙 ((F.obj (P.X n)).obj (((ChainComplex.single₀ C₂).obj N).X 0))
warning: ASGinzburg/BifunctorTotalRightResolutionAugmentation.lean:38:2: Try this: 
  haveI̵

The goal is a proposition, so `have` is preferred over `haveI`.
The difference between `have` and `haveI` is that `haveI` inlines the value.
But this is not relevant for proofs because of proof irrelevance.

Note: This linter can be disabled with `set_option linter.style.haveILetI false`
✖ [3957/4782] Building ASGinzburg.AlgebraEnvelopingRingDualTensorEvaluationInduction (10s)
trace: .> LEAN_PATH=/workspace/as-ginzburg-lean/.lake/packages/Cli/.lake/build/lib/lean:/workspace/as-ginzburg-lean/.lake/packages/batteries/.lake/build/lib/lean:/workspace/as-ginzburg-lean/.lake/packages/Qq/.lake/build/lib/lean:/workspace/as-ginzburg-lean/.lake/packages/aesop/.lake/build/lib/lean:/workspace/as-ginzburg-lean/.lake/packages/proofwidgets/.lake/build/lib/lean:/workspace/as-ginzburg-lean/.lake/packages/importGraph/.lake/build/lib/lean:/workspace/as-ginzburg-lean/.lake/packages/LeanSearchClient/.lake/build/lib/lean:/workspace/as-ginzburg-lean/.lake/packages/plausible/.lake/build/lib/lean:/workspace/as-ginzburg-lean/.lake/packages/mathlib/.lake/build/lib/lean:/workspace/as-ginzburg-lean/.lake/build/lib/lean /workspace/as-ginzburg-lean/work/lean-upgrade/lean-4.34.1-linux/bin/lean /workspace/as-ginzburg-lean/ASGinzburg/AlgebraEnvelopingRingDualTensorEvaluationInduction.lean -o /workspace/as-ginzburg-lean/.lake/build/lib/lean/ASGinzburg/AlgebraEnvelopingRingDualTensorEvaluationInduction.olean -i /workspace/as-ginzburg-lean/.lake/build/lib/lean/ASGinzburg/AlgebraEnvelopingRingDualTensorEvaluationInduction.ilean -c /workspace/as-ginzburg-lean/.lake/build/ir/ASGinzburg/AlgebraEnvelopingRingDualTensorEvaluationInduction.c --setup /workspace/as-ginzburg-lean/.lake/build/ir/ASGinzburg/AlgebraEnvelopingRingDualTensorEvaluationInduction.setup.json --json
warning: ASGinzburg/AlgebraEnvelopingRingDualTensorEvaluationInduction.lean:13:0: Definition `ASGinzburg.envelopingTensorEvaluationFirstRightModule` of class type is semireducible. Most type class instances should be instance-reducible, so consider marking this
definition with `@[instance_reducible]`. If it is intentionally semireducible, this warning can be disabled with `set_option warn.classDefReducibility false`.
warning: ASGinzburg/AlgebraEnvelopingRingDualTensorEvaluationInduction.lean:17:17: Definition `ASGinzburg.envelopingTensorEvaluationFirstRightModule` of class type is semireducible. Most type class instances should be instance-reducible, so consider marking this
definition with `@[instance_reducible]`. If it is intentionally semireducible, this warning can be disabled with `set_option warn.classDefReducibility false`.
warning: ASGinzburg/AlgebraEnvelopingRingDualTensorEvaluationInduction.lean:19:0: Definition `ASGinzburg.envelopingTensorEvaluationFirstRightSMul` of class type is semireducible. Most type class instances should be instance-reducible, so consider marking this
definition with `@[instance_reducible]`. If it is intentionally semireducible, this warning can be disabled with `set_option warn.classDefReducibility false`.
warning: ASGinzburg/AlgebraEnvelopingRingDualTensorEvaluationInduction.lean:23:17: Definition `ASGinzburg.envelopingTensorEvaluationFirstRightSMul` of class type is semireducible. Most type class instances should be instance-reducible, so consider marking this
definition with `@[instance_reducible]`. If it is intentionally semireducible, this warning can be disabled with `set_option warn.classDefReducibility false`.
warning: ASGinzburg/AlgebraEnvelopingRingDualTensorEvaluationInduction.lean:58:2: Try this: 
  letI̵

The goal is a proposition, so `let` is preferred over `letI`.
The difference between `let` and `letI` is that `letI` inlines the value.
But this is not relevant for proofs because of proof irrelevance.

Note: This linter can be disabled with `set_option linter.style.haveILetI false`
warning: ASGinzburg/AlgebraEnvelopingRingDualTensorEvaluationInduction.lean:59:2: Try this: 
  letI̵

The goal is a proposition, so `let` is preferred over `letI`.
The difference between `let` and `letI` is that `letI` inlines the value.
But this is not relevant for proofs because of proof irrelevance.

Note: This linter can be disabled with `set_option linter.style.haveILetI false`
warning: ASGinzburg/AlgebraEnvelopingRingDualTensorEvaluationInduction.lean:60:2: Try this: 
  letI̵

The goal is a proposition, so `let` is preferred over `letI`.
The difference between `let` and `letI` is that `letI` inlines the value.
But this is not relevant for proofs because of proof irrelevance.

Note: This linter can be disabled with `set_option linter.style.haveILetI false`
warning: ASGinzburg/AlgebraEnvelopingRingDualTensorEvaluationInduction.lean:61:9: `TensorProduct.induction_on` has been deprecated: Use `TensorProduction.inductionOn` instead
error: ASGinzburg/AlgebraEnvelopingRingDualTensorEvaluationInduction.lean:61:2: Type mismatch
  TensorProduct.induction_on t ?m.134 ?m.135 ?m.136
has type
  ?m.133 t
but is expected to have type
  ((envelopingTensorEvaluationInductionBilinear k R M) (MulOpposite.op a • t)) φ =
    ((envelopingTensorEvaluationInductionBilinear k R M) t) (a • φ)
warning: ASGinzburg/AlgebraEnvelopingRingDualTensorEvaluationInduction.lean:104:2: Try this: 
  letI̵

The goal is a proposition, so `let` is preferred over `letI`.
The difference between `let` and `letI` is that `letI` inlines the value.
But this is not relevant for proofs because of proof irrelevance.

Note: This linter can be disabled with `set_option linter.style.haveILetI false`
warning: ASGinzburg/AlgebraEnvelopingRingDualTensorEvaluationInduction.lean:105:2: Try this: 
  letI̵

The goal is a proposition, so `let` is preferred over `letI`.
The difference between `let` and `letI` is that `letI` inlines the value.
But this is not relevant for proofs because of proof irrelevance.

Note: This linter can be disabled with `set_option linter.style.haveILetI false`
warning: ASGinzburg/AlgebraEnvelopingRingDualTensorEvaluationInduction.lean:106:2: Try this: 
  letI̵

The goal is a proposition, so `let` is preferred over `letI`.
The difference between `let` and `letI` is that `letI` inlines the value.
But this is not relevant for proofs because of proof irrelevance.

Note: This linter can be disabled with `set_option linter.style.haveILetI false`
error: ASGinzburg/AlgebraEnvelopingRingDualTensorEvaluationInduction.lean:107:43: Tactic `rewrite` failed: Did not find an occurrence of the pattern
  (balancedTensorLift ?k ?R ?M ?N ?f ?h) (balancedTensorTmul ?k ?R ?M ?N ?x ?y)
in the target expression
  (balancedTensorLift k R (AlgebraEnvelopingRing k R) (BalancedTensorHom k R M k)
        (envelopingTensorEvaluationInductionBilinear k R M) ⋯)
      (balancedTensorTmul k R (AlgebraEnvelopingRing k R) (BalancedTensorHom k R M k) t φ) =
    (envelopingTensorEvaluationContraction k R M φ) t

k : Type u
inst✝⁶ : Field k
R : Type v
inst✝⁵ : Ring R
inst✝⁴ : Algebra k R
M : Type w
inst✝³ : AddCommGroup M
inst✝² : Module k M
inst✝¹ : Module Rᵐᵒᵖ M
inst✝ : IsScalarTower k Rᵐᵒᵖ M
t : AlgebraEnvelopingRing k R
φ : BalancedTensorHom k R M k
this✝¹ : Module (AlgebraEnvelopingRing k R) (BalancedTensorHom k R M R) := envelopingBalancedTensorHomModule k R M R
this✝ : IsScalarTower k (AlgebraEnvelopingRing k R) (BalancedTensorHom k R M R) :=
  envelopingTensorEvaluationHomScalarTower k R M R
this : SMulCommClass (AlgebraEnvelopingRing k R) k (BalancedTensorHom k R M R) :=
  envelopingTensorEvaluationHomScalarCommute k R M R
⊢ (balancedTensorLift k R (AlgebraEnvelopingRing k R) (BalancedTensorHom k R M k)
        (envelopingTensorEvaluationInductionBilinear k R M) ⋯)
      (balancedTensorTmul k R (AlgebraEnvelopingRing k R) (BalancedTensorHom k R M k) t φ) =
    (envelopingTensorEvaluationContraction k R M φ) t

Note: The target expression is not type-correct under the `implicit` transparency level, which may have triggered the failure. This is usually caused by unfolding of semireducible definitions in prior tactic steps. Use `set_option linter.tacticCheckInstances true` to investigate the source of the issue.
Full error:
  Application type mismatch: The argument
    envelopingTensorEvaluationInductionBilinear_balance k R M
  has type
    ∀ (a : R) (t : AlgebraEnvelopingRing k R) (φ : BalancedTensorHom k R M k),
      @Eq (BalancedTensorHom k R M R) (((envelopingTensorEvaluationInductionBilinear k R M) (MulOpposite.op a • t)) φ)
        (((envelopingTensorEvaluationInductionBilinear k R M) t) (a • φ))
  but is expected to have type
    ∀ (r : R) (x : AlgebraEnvelopingRing k R) (y : BalancedTensorHom k R M k),
      @Eq (BalancedTensorHom k R M R) (((envelopingTensorEvaluationInductionBilinear k R M) (MulOpposite.op r • x)) y)
        (((envelopingTensorEvaluationInductionBilinear k R M) x) (r • y))
  in the application
    balancedTensorLift k R (AlgebraEnvelopingRing k R) (BalancedTensorHom k R M k)
      (envelopingTensorEvaluationInductionBilinear k R M) ⋯
error: ASGinzburg/AlgebraEnvelopingRingDualTensorEvaluationInduction.lean:126:52: Tactic `rewrite` failed: Did not find an occurrence of the pattern
  (TensorProduct.lift ?m.81) (?x ⊗ₜ[?m.67] ?y)
in the target expression
  (TensorProduct.lift
        ((balancedTensorBilinear k R (AlgebraEnvelopingRing k R) (BalancedTensorHom k R M k)).flip.compl₂
          (envelopingTensorEvaluationSecondInsertion k R)))
      (φ ⊗ₜ[k] y) =
    balancedTensorTmul k R (AlgebraEnvelopingRing k R) (BalancedTensorHom k R M k) (1 ⊗ₜ[k] MulOpposite.op y) φ

k : Type u
inst✝⁶ : Field k
R : Type v
inst✝⁵ : Ring R
inst✝⁴ : Algebra k R
M : Type w
inst✝³ : AddCommGroup M
inst✝² : Module k M
inst✝¹ : Module Rᵐᵒᵖ M
inst✝ : IsScalarTower k Rᵐᵒᵖ M
φ : Module.Dual k M
y : R
⊢ (TensorProduct.lift
        ((balancedTensorBilinear k R (AlgebraEnvelopingRing k R) (BalancedTensorHom k R M k)).flip.compl₂
          (envelopingTensorEvaluationSecondInsertion k R)))
      (φ ⊗ₜ[k] y) =
    balancedTensorTmul k R (AlgebraEnvelopingRing k R) (BalancedTensorHom k R M k) (1 ⊗ₜ[k] MulOpposite.op y) φ

Note: The target expression is not type-correct under the `implicit` transparency level, which may have triggered the failure. This is usually caused by unfolding of semireducible definitions in prior tactic steps. Use `set_option linter.tacticCheckInstances true` to investigate the source of the issue.
Full error:
  Application type mismatch: The argument
    (balancedTensorBilinear k R (AlgebraEnvelopingRing k R) (BalancedTensorHom k R M k)).flip.compl₂
      (envelopingTensorEvaluationSecondInsertion k R)
  has type
    @LinearMap k k Field.toSemifield.toSemiring Field.toSemifield.toSemiring (RingHom.id k) (BalancedTensorHom k R M k)
      (R →ₗ[k] BalancedTensorSpace k R (AlgebraEnvelopingRing k R) (BalancedTensorHom k R M k))
      (balancedTensorHomAddCommGroup k R M k).toAddCommMonoid LinearMap.addCommMonoid (balancedTensorHomModuleK k R M k)
      LinearMap.module
  but is expected to have type
    @LinearMap k k Field.toSemifield.toSemiring Field.toSemifield.toSemiring (RingHom.id k) (Module.Dual k M)
      (R →ₗ[k] BalancedTensorSpace k R (AlgebraEnvelopingRing k R) (BalancedTensorHom k R M k)) LinearMap.addCommMonoid
      LinearMap.addCommMonoid LinearMap.module LinearMap.module
  in the application
    TensorProduct.lift
      ((balancedTensorBilinear k R (AlgebraEnvelopingRing k R) (BalancedTensorHom k R M k)).flip.compl₂
        (envelopingTensorEvaluationSecondInsertion k R))
warning: ASGinzburg/AlgebraEnvelopingRingDualTensorEvaluationInduction.lean:136:2: Try this: 
  letI̵

The goal is a proposition, so `let` is preferred over `letI`.
The difference between `let` and `letI` is that `letI` inlines the value.
But this is not relevant for proofs because of proof irrelevance.

Note: This linter can be disabled with `set_option linter.style.haveILetI false`
warning: ASGinzburg/AlgebraEnvelopingRingDualTensorEvaluationInduction.lean:137:2: Try this: 
  letI̵

The goal is a proposition, so `let` is preferred over `letI`.
The difference between `let` and `letI` is that `letI` inlines the value.
But this is not relevant for proofs because of proof irrelevance.

Note: This linter can be disabled with `set_option linter.style.haveILetI false`
warning: ASGinzburg/AlgebraEnvelopingRingDualTensorEvaluationInduction.lean:138:2: Try this: 
  letI̵

The goal is a proposition, so `let` is preferred over `letI`.
The difference between `let` and `letI` is that `letI` inlines the value.
But this is not relevant for proofs because of proof irrelevance.

Note: This linter can be disabled with `set_option linter.style.haveILetI false`
warning: ASGinzburg/AlgebraEnvelopingRingDualTensorEvaluationInduction.lean:139:9: `TensorProduct.induction_on` has been deprecated: Use `TensorProduction.inductionOn` instead
error: ASGinzburg/AlgebraEnvelopingRingDualTensorEvaluationInduction.lean:139:2: Type mismatch
  TensorProduct.induction_on z ?m.129 ?m.130 ?m.131
has type
  ?m.128 z
but is expected to have type
  (envelopingTensorEvaluationInduction k R M) ((envelopingTensorEvaluationFieldTensorSection k R M) z) =
    (dualTensorHom k M R) z
warning: ASGinzburg/AlgebraEnvelopingRingDualTensorEvaluationInduction.lean:167:2: Try this: 
  letI̵

The goal is a proposition, so `let` is preferred over `letI`.
The difference between `let` and `letI` is that `letI` inlines the value.
But this is not relevant for proofs because of proof irrelevance.

Note: This linter can be disabled with `set_option linter.style.haveILetI false`
warning: ASGinzburg/AlgebraEnvelopingRingDualTensorEvaluationInduction.lean:168:2: Try this: 
  letI̵

The goal is a proposition, so `let` is preferred over `letI`.
The difference between `let` and `letI` is that `letI` inlines the value.
But this is not relevant for proofs because of proof irrelevance.

Note: This linter can be disabled with `set_option linter.style.haveILetI false`
warning: ASGinzburg/AlgebraEnvelopingRingDualTensorEvaluationInduction.lean:169:2: Try this: 
  letI̵

The goal is a proposition, so `let` is preferred over `letI`.
The difference between `let` and `letI` is that `letI` inlines the value.
But this is not relevant for proofs because of proof irrelevance.

Note: This linter can be disabled with `set_option linter.style.haveILetI false`
warning: ASGinzburg/AlgebraEnvelopingRingDualTensorEvaluationInduction.lean:183:2: Try this: 
  letI̵

The goal is a proposition, so `let` is preferred over `letI`.
The difference between `let` and `letI` is that `letI` inlines the value.
But this is not relevant for proofs because of proof irrelevance.

Note: This linter can be disabled with `set_option linter.style.haveILetI false`
warning: ASGinzburg/AlgebraEnvelopingRingDualTensorEvaluationInduction.lean:184:2: Try this: 
  letI̵

The goal is a proposition, so `let` is preferred over `letI`.
The difference between `let` and `letI` is that `letI` inlines the value.
But this is not relevant for proofs because of proof irrelevance.

Note: This linter can be disabled with `set_option linter.style.haveILetI false`
warning: ASGinzburg/AlgebraEnvelopingRingDualTensorEvaluationInduction.lean:185:2: Try this: 
  letI̵

The goal is a proposition, so `let` is preferred over `letI`.
The difference between `let` and `letI` is that `letI` inlines the value.
But this is not relevant for proofs because of proof irrelevance.

Note: This linter can be disabled with `set_option linter.style.haveILetI false`
warning: ASGinzburg/AlgebraEnvelopingRingDualTensorEvaluationInduction.lean:191:11: `TensorProduct.induction_on` has been deprecated: Use `TensorProduction.inductionOn` instead
error: ASGinzburg/AlgebraEnvelopingRingDualTensorEvaluationInduction.lean:191:4: Type mismatch
  TensorProduct.induction_on t ?m.177 ?m.178 ?m.179
has type
  ?m.176 t
but is expected to have type
  (envelopingTensorEvaluationInductionInverse k R M)
      ((envelopingTensorEvaluationInduction k R M)
        (balancedTensorTmul k R (AlgebraEnvelopingRing k R) (BalancedTensorHom k R M k) t φ)) =
    balancedTensorTmul k R (AlgebraEnvelopingRing k R) (BalancedTensorHom k R M k) t φ
⚠ [3989/4782] Built ASGinzburg.OrdinaryModuleRingDualDerivedNaturality (6.3s)
warning: ASGinzburg/OrdinaryModuleRingDualDerivedNaturality.lean:13:51: This simp argument is unused:
  HomologicalComplex.comp_f

Hint: Omit it from the simp argument list.
  [apply] simp only [ordinaryProjectiveResolutionOpposite, ordinarySingleZeroOppositeIso,
    HomologicalComplex.Hom.isoOfComponents_hom_f, HomologicalComplex.opFunctor_map_f, Quiver.Hom.unop_op]

Note: This linter can be disabled with `set_option linter.unusedSimpArgs false`
warning: ASGinzburg/OrdinaryModuleRingDualDerivedNaturality.lean:14:35: This simp argument is unused:
  HomologicalComplex.Hom.isoOfComponents_hom_f

Hint: Omit it from the simp argument list.
  [apply] simp only [ordinaryProjectiveResolutionOpposite, HomologicalComplex.comp_f, ordinarySingleZeroOppositeIso,
    HomologicalComplex.opFunctor_map_f, Quiver.Hom.unop_op]

Note: This linter can be disabled with `set_option linter.unusedSimpArgs false`
warning: ASGinzburg/OrdinaryModuleRingDualDerivedNaturality.lean:15:4: This simp argument is unused:
  HomologicalComplex.opFunctor_map_f

Hint: Omit it from the simp argument list.
  [apply] simp only [ordinaryProjectiveResolutionOpposite, HomologicalComplex.comp_f, ordinarySingleZeroOppositeIso,
    HomologicalComplex.Hom.isoOfComponents_hom_f, Quiver.Hom.unop_op]

Note: This linter can be disabled with `set_option linter.unusedSimpArgs false`
warning: ASGinzburg/OrdinaryModuleRingDualDerivedNaturality.lean:15:40: This simp argument is unused:
  Quiver.Hom.unop_op

Hint: Omit it from the simp argument list.
  [apply] simp only [ordinaryProjectiveResolutionOpposite, HomologicalComplex.comp_f, ordinarySingleZeroOppositeIso,
    HomologicalComplex.Hom.isoOfComponents_hom_f, HomologicalComplex.opFunctor_map_f]

Note: This linter can be disabled with `set_option linter.unusedSimpArgs false`
⚠ [4019/4782] Built ASGinzburg.OrdinaryModuleRingDualTopFinite (4.1s)
warning: ASGinzburg/OrdinaryModuleRingDualTopFinite.lean:19:2: Try this: 
  letI̵

The goal is a proposition, so `let` is preferred over `letI`.
The difference between `let` and `letI` is that `letI` inlines the value.
But this is not relevant for proofs because of proof irrelevance.

Note: This linter can be disabled with `set_option linter.style.haveILetI false`
warning: ASGinzburg/OrdinaryModuleRingDualTopFinite.lean:20:2: Try this: 
  letI̵

The goal is a proposition, so `let` is preferred over `letI`.
The difference between `let` and `letI` is that `letI` inlines the value.
But this is not relevant for proofs because of proof irrelevance.

Note: This linter can be disabled with `set_option linter.style.haveILetI false`
warning: ASGinzburg/OrdinaryModuleRingDualTopFinite.lean:27:2: Try this: 
  letI̵

The goal is a proposition, so `let` is preferred over `letI`.
The difference between `let` and `letI` is that `letI` inlines the value.
But this is not relevant for proofs because of proof irrelevance.

Note: This linter can be disabled with `set_option linter.style.haveILetI false`
warning: ASGinzburg/OrdinaryModuleRingDualTopFinite.lean:30:2: Try this: 
  letI̵

The goal is a proposition, so `let` is preferred over `letI`.
The difference between `let` and `letI` is that `letI` inlines the value.
But this is not relevant for proofs because of proof irrelevance.

Note: This linter can be disabled with `set_option linter.style.haveILetI false`
warning: ASGinzburg/OrdinaryModuleRingDualTopFinite.lean:31:2: Try this: 
  letI̵

The goal is a proposition, so `let` is preferred over `letI`.
The difference between `let` and `letI` is that `letI` inlines the value.
But this is not relevant for proofs because of proof irrelevance.

Note: This linter can be disabled with `set_option linter.style.haveILetI false`
warning: ASGinzburg/OrdinaryModuleRingDualTopFinite.lean:33:2: Try this: 
  letI̵

The goal is a proposition, so `let` is preferred over `letI`.
The difference between `let` and `letI` is that `letI` inlines the value.
But this is not relevant for proofs because of proof irrelevance.

Note: This linter can be disabled with `set_option linter.style.haveILetI false`
warning: ASGinzburg/OrdinaryModuleRingDualTopFinite.lean:36:2: Try this: 
  letI̵

The goal is a proposition, so `let` is preferred over `letI`.
The difference between `let` and `letI` is that `letI` inlines the value.
But this is not relevant for proofs because of proof irrelevance.

Note: This linter can be disabled with `set_option linter.style.haveILetI false`
⚠ [4020/4782] Built ASGinzburg.GradedOrdinaryRingDualFiniteSupport (2.6s)
warning: ASGinzburg/GradedOrdinaryRingDualFiniteSupport.lean:20:2: Try this: 
  letI̵

The goal is a proposition, so `let` is preferred over `letI`.
The difference between `let` and `letI` is that `letI` inlines the value.
But this is not relevant for proofs because of proof irrelevance.

Note: This linter can be disabled with `set_option linter.style.haveILetI false`
✔ [4047/4782] Built ASGinzburg.GradedOrdinaryResolutionMinimality (4.2s)
✔ [4048/4782] Built ASGinzburg.AlgebraEnvelopingTensorTotalRestriction (4.7s)
✔ [4090/4782] Built ASGinzburg.ModuleFieldTensorResolution (4.8s)
⚠ [4093/4782] Built ASGinzburg.GradedOrdinaryRingDualInternalGrading (3.6s)
warning: ASGinzburg/GradedOrdinaryRingDualInternalGrading.lean:53:4: Try this: intro hp g hg
✖ [4668/4782] Building ASGinzburg.AlgebraEnvelopingTensorAugmentation (5.6s)
trace: .> LEAN_PATH=/workspace/as-ginzburg-lean/.lake/packages/Cli/.lake/build/lib/lean:/workspace/as-ginzburg-lean/.lake/packages/batteries/.lake/build/lib/lean:/workspace/as-ginzburg-lean/.lake/packages/Qq/.lake/build/lib/lean:/workspace/as-ginzburg-lean/.lake/packages/aesop/.lake/build/lib/lean:/workspace/as-ginzburg-lean/.lake/packages/proofwidgets/.lake/build/lib/lean:/workspace/as-ginzburg-lean/.lake/packages/importGraph/.lake/build/lib/lean:/workspace/as-ginzburg-lean/.lake/packages/LeanSearchClient/.lake/build/lib/lean:/workspace/as-ginzburg-lean/.lake/packages/plausible/.lake/build/lib/lean:/workspace/as-ginzburg-lean/.lake/packages/mathlib/.lake/build/lib/lean:/workspace/as-ginzburg-lean/.lake/build/lib/lean /workspace/as-ginzburg-lean/work/lean-upgrade/lean-4.34.1-linux/bin/lean /workspace/as-ginzburg-lean/ASGinzburg/AlgebraEnvelopingTensorAugmentation.lean -o /workspace/as-ginzburg-lean/.lake/build/lib/lean/ASGinzburg/AlgebraEnvelopingTensorAugmentation.olean -i /workspace/as-ginzburg-lean/.lake/build/lib/lean/ASGinzburg/AlgebraEnvelopingTensorAugmentation.ilean -c /workspace/as-ginzburg-lean/.lake/build/ir/ASGinzburg/AlgebraEnvelopingTensorAugmentation.c --setup /workspace/as-ginzburg-lean/.lake/build/ir/ASGinzburg/AlgebraEnvelopingTensorAugmentation.setup.json --json
error: ASGinzburg/AlgebraEnvelopingTensorAugmentation.lean:34:6: Tactic `rewrite` failed: Did not find an occurrence of the pattern
  ιMapBifunctor ?m.164 ?m.166 ?F ?c ?i₁ ?i₂ ?j ?h✝ ≫ (mapBifunctorMap ?f₁ ?f₂ ?F ?c).f ?j ≫ ?h
in the target expression
  ιMapBifunctor P.complex Q.complex (tensorRightEnvelopingBifunctor k R) (ComplexShape.down ℕ) 0 0 0 ⋯ ≫
      (mapBifunctorMap P.π Q.π (tensorRightEnvelopingBifunctor k R) (ComplexShape.down ℕ) ≫
              (mapBifunctorSingleLeftIso (tensorRightEnvelopingBifunctor k R) M
                  ((ChainComplex.single₀ (ModuleCat R)).obj N)).hom).f
          0 ≫
        ((singleMapHomologicalComplex ((tensorRightEnvelopingBifunctor k R).obj M) (ComplexShape.down ℕ) 0).hom.app N).f
          0 =
    ((tensorRightEnvelopingBifunctor k R).map (P.π.f 0)).app (Q.complex.X 0) ≫
      ((tensorRightEnvelopingBifunctor k R).obj M).map (Q.π.f 0)

k : Type u
inst✝² : Field k
R : Type v
inst✝¹ : Ring R
inst✝ : Algebra k R
M : ModuleCat Rᵐᵒᵖ
N : ModuleCat R
P : ProjectiveResolution M
Q : ProjectiveResolution N
⊢ ιMapBifunctor P.complex Q.complex (tensorRightEnvelopingBifunctor k R) (ComplexShape.down ℕ) 0 0 0 ⋯ ≫
      (mapBifunctorMap P.π Q.π (tensorRightEnvelopingBifunctor k R) (ComplexShape.down ℕ) ≫
              (mapBifunctorSingleLeftIso (tensorRightEnvelopingBifunctor k R) M
                  ((ChainComplex.single₀ (ModuleCat R)).obj N)).hom).f
          0 ≫
        ((singleMapHomologicalComplex ((tensorRightEnvelopingBifunctor k R).obj M) (ComplexShape.down ℕ) 0).hom.app N).f
          0 =
    ((tensorRightEnvelopingBifunctor k R).map (P.π.f 0)).app (Q.complex.X 0) ≫
      ((tensorRightEnvelopingBifunctor k R).obj M).map (Q.π.f 0)

Note: The target expression is not type-correct under the `implicit` transparency level, which may have triggered the failure. This is usually caused by unfolding of semireducible definitions in prior tactic steps. Use `set_option linter.tacticCheckInstances true` to investigate the source of the issue.
Full error:
  Application type mismatch: The argument
    mapBifunctorMap P.π Q.π (tensorRightEnvelopingBifunctor k R) (ComplexShape.down ℕ)
  has type
    @Quiver.Hom (HomologicalComplex (ModuleCat (AlgebraEnvelopingRing k R)ᵐᵒᵖ) (ComplexShape.down ℕ))
      instCategory.toQuiver
      (mapBifunctor P.complex Q.complex (tensorRightEnvelopingBifunctor k R) (ComplexShape.down ℕ))
      (mapBifunctor ((ChainComplex.single₀ (ModuleCat Rᵐᵒᵖ)).obj M) ((ChainComplex.single₀ (ModuleCat R)).obj N)
        (tensorRightEnvelopingBifunctor k R) (ComplexShape.down ℕ))
  but is expected to have type
    @Quiver.Hom (HomologicalComplex (ModuleCat (AlgebraEnvelopingRing k R)ᵐᵒᵖ) (ComplexShape.down ℕ))
      instCategory.toQuiver (tensorRightEnvelopingTotal k R P.complex Q.complex (ComplexShape.down ℕ))
      (mapBifunctor ((ChainComplex.single₀ (ModuleCat Rᵐᵒᵖ)).obj M) ((ChainComplex.single₀ (ModuleCat R)).obj N)
        (tensorRightEnvelopingBifunctor k R) (ComplexShape.down ℕ))
  in the application
    CategoryStruct.comp (mapBifunctorMap P.π Q.π (tensorRightEnvelopingBifunctor k R) (ComplexShape.down ℕ))
warning: ASGinzburg/AlgebraEnvelopingTensorAugmentation.lean:33:75: This simp argument is unused:
  Category.assoc

Hint: Omit it from the simp argument list.
  [apply] simp only [tensorRightEnvelopingAugmentation, HomologicalComplex.comp_f]

Note: This linter can be disabled with `set_option linter.unusedSimpArgs false`
⚠ [4756/4782] Built ASGinzburg.BalancedTensorEnvelopingScalarNaturality (15s)
warning: ASGinzburg/BalancedTensorEnvelopingScalarNaturality.lean:14:17: Definition `ASGinzburg.tensorRightEnvelopingModule` of class type is semireducible. Most type class instances should be instance-reducible, so consider marking this
definition with `@[instance_reducible]`. If it is intentionally semireducible, this warning can be disabled with `set_option warn.classDefReducibility false`.
warning: ASGinzburg/BalancedTensorEnvelopingScalarNaturality.lean:14:17: Definition `ASGinzburg.tensorRightEnvelopingScalarTower` of class type is semireducible. Most type class instances should be instance-reducible, so consider marking this
definition with `@[instance_reducible]`. If it is intentionally semireducible, this warning can be disabled with `set_option warn.classDefReducibility false`.
warning: ASGinzburg/BalancedTensorEnvelopingScalarNaturality.lean:14:17: Definition `ASGinzburg.regularEnvelopingModule` of class type is semireducible. Most type class instances should be instance-reducible, so consider marking this
definition with `@[instance_reducible]`. If it is intentionally semireducible, this warning can be disabled with `set_option warn.classDefReducibility false`.
warning: ASGinzburg/BalancedTensorEnvelopingScalarNaturality.lean:14:17: Definition `ASGinzburg.regularEnvelopingScalarTower` of class type is semireducible. Most type class instances should be instance-reducible, so consider marking this
definition with `@[instance_reducible]`. If it is intentionally semireducible, this warning can be disabled with `set_option warn.classDefReducibility false`.
✖ [4757/4782] Building ASGinzburg.FiniteFourTermRingHomComplex (3.0s)
trace: .> LEAN_PATH=/workspace/as-ginzburg-lean/.lake/packages/Cli/.lake/build/lib/lean:/workspace/as-ginzburg-lean/.lake/packages/batteries/.lake/build/lib/lean:/workspace/as-ginzburg-lean/.lake/packages/Qq/.lake/build/lib/lean:/workspace/as-ginzburg-lean/.lake/packages/aesop/.lake/build/lib/lean:/workspace/as-ginzburg-lean/.lake/packages/proofwidgets/.lake/build/lib/lean:/workspace/as-ginzburg-lean/.lake/packages/importGraph/.lake/build/lib/lean:/workspace/as-ginzburg-lean/.lake/packages/LeanSearchClient/.lake/build/lib/lean:/workspace/as-ginzburg-lean/.lake/packages/plausible/.lake/build/lib/lean:/workspace/as-ginzburg-lean/.lake/packages/mathlib/.lake/build/lib/lean:/workspace/as-ginzburg-lean/.lake/build/lib/lean /workspace/as-ginzburg-lean/work/lean-upgrade/lean-4.34.1-linux/bin/lean /workspace/as-ginzburg-lean/ASGinzburg/FiniteFourTermRingHomComplex.lean -o /workspace/as-ginzburg-lean/.lake/build/lib/lean/ASGinzburg/FiniteFourTermRingHomComplex.olean -i /workspace/as-ginzburg-lean/.lake/build/lib/lean/ASGinzburg/FiniteFourTermRingHomComplex.ilean -c /workspace/as-ginzburg-lean/.lake/build/ir/ASGinzburg/FiniteFourTermRingHomComplex.c --setup /workspace/as-ginzburg-lean/.lake/build/ir/ASGinzburg/FiniteFourTermRingHomComplex.setup.json --json
warning: ASGinzburg/FiniteFourTermRingHomComplex.lean:28:2: Try this: 
  haveI̵

The goal is a proposition, so `have` is preferred over `haveI`.
The difference between `have` and `haveI` is that `haveI` inlines the value.
But this is not relevant for proofs because of proof irrelevance.

Note: This linter can be disabled with `set_option linter.style.haveILetI false`
warning: ASGinzburg/FiniteFourTermRingHomComplex.lean:30:2: Try this: 
  haveI̵

The goal is a proposition, so `have` is preferred over `haveI`.
The difference between `have` and `haveI` is that `haveI` inlines the value.
But this is not relevant for proofs because of proof irrelevance.

Note: This linter can be disabled with `set_option linter.style.haveILetI false`
error: ASGinzburg/FiniteFourTermRingHomComplex.lean:57:6: omega could not prove the goal:
a possible counterexample may satisfy the constraints
  0 ≤ b ≤ 3
  a ≤ -1
where
 a := i
 b := ↑n
warning: ASGinzburg/FiniteFourTermRingHomComplex.lean:86:2: Try this: 
  haveI̵

The goal is a proposition, so `have` is preferred over `haveI`.
The difference between `have` and `haveI` is that `haveI` inlines the value.
But this is not relevant for proofs because of proof irrelevance.

Note: This linter can be disabled with `set_option linter.style.haveILetI false`
✖ [4758/4782] Building ASGinzburg.AlgebraEnvelopingTensorTotalRestrictionMaps (4.8s)
trace: .> LEAN_PATH=/workspace/as-ginzburg-lean/.lake/packages/Cli/.lake/build/lib/lean:/workspace/as-ginzburg-lean/.lake/packages/batteries/.lake/build/lib/lean:/workspace/as-ginzburg-lean/.lake/packages/Qq/.lake/build/lib/lean:/workspace/as-ginzburg-lean/.lake/packages/aesop/.lake/build/lib/lean:/workspace/as-ginzburg-lean/.lake/packages/proofwidgets/.lake/build/lib/lean:/workspace/as-ginzburg-lean/.lake/packages/importGraph/.lake/build/lib/lean:/workspace/as-ginzburg-lean/.lake/packages/LeanSearchClient/.lake/build/lib/lean:/workspace/as-ginzburg-lean/.lake/packages/plausible/.lake/build/lib/lean:/workspace/as-ginzburg-lean/.lake/packages/mathlib/.lake/build/lib/lean:/workspace/as-ginzburg-lean/.lake/build/lib/lean /workspace/as-ginzburg-lean/work/lean-upgrade/lean-4.34.1-linux/bin/lean /workspace/as-ginzburg-lean/ASGinzburg/AlgebraEnvelopingTensorTotalRestrictionMaps.lean -o /workspace/as-ginzburg-lean/.lake/build/lib/lean/ASGinzburg/AlgebraEnvelopingTensorTotalRestrictionMaps.olean -i /workspace/as-ginzburg-lean/.lake/build/lib/lean/ASGinzburg/AlgebraEnvelopingTensorTotalRestrictionMaps.ilean -c /workspace/as-ginzburg-lean/.lake/build/ir/ASGinzburg/AlgebraEnvelopingTensorTotalRestrictionMaps.c --setup /workspace/as-ginzburg-lean/.lake/build/ir/ASGinzburg/AlgebraEnvelopingTensorTotalRestrictionMaps.setup.json --json
warning: ASGinzburg/AlgebraEnvelopingTensorTotalRestrictionMaps.lean:27:2: Try this: 
  letI̵

The goal is a proposition, so `let` is preferred over `letI`.
The difference between `let` and `letI` is that `letI` inlines the value.
But this is not relevant for proofs because of proof irrelevance.

Note: This linter can be disabled with `set_option linter.style.haveILetI false`
error: ASGinzburg/AlgebraEnvelopingTensorTotalRestrictionMaps.lean:35:24: Tactic `rewrite` failed: Did not find an occurrence of the pattern
  HomologicalComplex₂.ιTotal ?K ?c₁₂ ?i₁ ?i₂ ?i₁₂ ?h ≫ (HomologicalComplex₂.total.map ?φ ?c₁₂).f ?i₁₂
in the target expression
  ((((ModuleCat.restrictScalars (algebraMap k Rᵐᵒᵖ)).mapHomologicalComplex (ComplexShape.down ℕ)).obj P).ιMapBifunctor
          (((ModuleCat.restrictScalars (algebraMap k R)).mapHomologicalComplex (ComplexShape.down ℕ)).obj Q)
          (moduleTensorBifunctor k) (ComplexShape.down ℕ) i j n h ≫
        (HomologicalComplex₂.total.map (tensorRightEnvelopingBicomplexRestrictScalarsIso k R P Q).inv
              (ComplexShape.down ℕ)).f
          n) ≫
      (bicomplexTotalFunctorIso G K (ComplexShape.down ℕ)).inv.f n =
    (tensorRightEnvelopingRestrictScalarsIso k R (P.X i) (Q.X j)).inv ≫
      (ModuleCat.restrictScalars (algebraMap k (AlgebraEnvelopingRing k R)ᵐᵒᵖ)).map
        (ιMapBifunctor P Q (tensorRightEnvelopingBifunctor k R) (ComplexShape.down ℕ) i j n h)

k : Type u
inst✝² : Field k
R : Type v
inst✝¹ : Ring R
inst✝ : Algebra k R
P : ChainComplex (ModuleCat Rᵐᵒᵖ) ℕ
Q : ChainComplex (ModuleCat R) ℕ
i j n : ℕ
h : (ComplexShape.down ℕ).π (ComplexShape.down ℕ) (ComplexShape.down ℕ) (i, j) = n
G : ModuleCat (AlgebraEnvelopingRing k R)ᵐᵒᵖ ⥤ ModuleCat k :=
  ModuleCat.restrictScalars (algebraMap k (AlgebraEnvelopingRing k R)ᵐᵒᵖ)
K : HomologicalComplex₂ (ModuleCat (AlgebraEnvelopingRing k R)ᵐᵒᵖ) (ComplexShape.down ℕ) (ComplexShape.down ℕ) :=
  tensorRightEnvelopingBicomplex k R P Q
this : ∀ (n : ℕ),
  PreservesColimit
    (Discrete.functor
      (K.toGradedObject.mapObjFun ((ComplexShape.down ℕ).π (ComplexShape.down ℕ) (ComplexShape.down ℕ)) n))
    G :=
  fun x => inferInstance
⊢ ((((ModuleCat.restrictScalars (algebraMap k Rᵐᵒᵖ)).mapHomologicalComplex (ComplexShape.down ℕ)).obj P).ιMapBifunctor
          (((ModuleCat.restrictScalars (algebraMap k R)).mapHomologicalComplex (ComplexShape.down ℕ)).obj Q)
          (moduleTensorBifunctor k) (ComplexShape.down ℕ) i j n h ≫
        (HomologicalComplex₂.total.map (tensorRightEnvelopingBicomplexRestrictScalarsIso k R P Q).inv
              (ComplexShape.down ℕ)).f
          n) ≫
      (bicomplexTotalFunctorIso G K (ComplexShape.down ℕ)).inv.f n =
    (tensorRightEnvelopingRestrictScalarsIso k R (P.X i) (Q.X j)).inv ≫
      (ModuleCat.restrictScalars (algebraMap k (AlgebraEnvelopingRing k R)ᵐᵒᵖ)).map
        (ιMapBifunctor P Q (tensorRightEnvelopingBifunctor k R) (ComplexShape.down ℕ) i j n h)

Note: The target expression is not type-correct under the `implicit` transparency level, which may have triggered the failure. This is usually caused by unfolding of semireducible definitions in prior tactic steps. Use `set_option linter.tacticCheckInstances true` to investigate the source of the issue.
Full error:
  Application type mismatch: The argument
    (tensorRightEnvelopingRestrictScalarsIso k R (P.X i) (Q.X j)).inv ≫
      (ModuleCat.restrictScalars (algebraMap k (AlgebraEnvelopingRing k R)ᵐᵒᵖ)).map
        (ιMapBifunctor P Q (tensorRightEnvelopingBifunctor k R) (ComplexShape.down ℕ) i j n h)
  has type
    @Quiver.Hom (ModuleCat k) (ModuleCat.moduleCategory k).toQuiver
      (((moduleTensorBifunctor k).obj ((ModuleCat.restrictScalars (algebraMap k Rᵐᵒᵖ)).obj (P.X i))).obj
        ((ModuleCat.restrictScalars (algebraMap k R)).obj (Q.X j)))
      ((ModuleCat.restrictScalars (algebraMap k (AlgebraEnvelopingRing k R)ᵐᵒᵖ)).obj
        ((mapBifunctor P Q (tensorRightEnvelopingBifunctor k R) (ComplexShape.down ℕ)).X n))
  but is expected to have type
    @Quiver.Hom (ModuleCat k) (ModuleCat.moduleCategory k).toQuiver
      (((moduleTensorBifunctor k).obj
            ((((ModuleCat.restrictScalars (algebraMap k Rᵐᵒᵖ)).mapHomologicalComplex (ComplexShape.down ℕ)).obj P).X
              i)).obj
        ((((ModuleCat.restrictScalars (algebraMap k R)).mapHomologicalComplex (ComplexShape.down ℕ)).obj Q).X j))
      (((G.mapHomologicalComplex (ComplexShape.down ℕ)).obj (K.total (ComplexShape.down ℕ))).X n)
  in the application
    ((((ModuleCat.restrictScalars (algebraMap k Rᵐᵒᵖ)).mapHomologicalComplex (ComplexShape.down ℕ)).obj P).ιMapBifunctor
            (((ModuleCat.restrictScalars (algebraMap k R)).mapHomologicalComplex (ComplexShape.down ℕ)).obj Q)
            (moduleTensorBifunctor k) (ComplexShape.down ℕ) i j n h ≫
          (HomologicalComplex₂.total.map (tensorRightEnvelopingBicomplexRestrictScalarsIso k R P Q).inv
                (ComplexShape.down ℕ)).f
            n) ≫
        (bicomplexTotalFunctorIso G K (ComplexShape.down ℕ)).inv.f n =
      (tensorRightEnvelopingRestrictScalarsIso k R (P.X i) (Q.X j)).inv ≫
        (ModuleCat.restrictScalars (algebraMap k (AlgebraEnvelopingRing k R)ᵐᵒᵖ)).map
          (ιMapBifunctor P Q (tensorRightEnvelopingBifunctor k R) (ComplexShape.down ℕ) i j n h)
✖ [4762/4782] Building ASGinzburg.BalancedTensorEnvelopingFunctorNaturality (4.0s)
trace: .> LEAN_PATH=/workspace/as-ginzburg-lean/.lake/packages/Cli/.lake/build/lib/lean:/workspace/as-ginzburg-lean/.lake/packages/batteries/.lake/build/lib/lean:/workspace/as-ginzburg-lean/.lake/packages/Qq/.lake/build/lib/lean:/workspace/as-ginzburg-lean/.lake/packages/aesop/.lake/build/lib/lean:/workspace/as-ginzburg-lean/.lake/packages/proofwidgets/.lake/build/lib/lean:/workspace/as-ginzburg-lean/.lake/packages/importGraph/.lake/build/lib/lean:/workspace/as-ginzburg-lean/.lake/packages/LeanSearchClient/.lake/build/lib/lean:/workspace/as-ginzburg-lean/.lake/packages/plausible/.lake/build/lib/lean:/workspace/as-ginzburg-lean/.lake/packages/mathlib/.lake/build/lib/lean:/workspace/as-ginzburg-lean/.lake/build/lib/lean /workspace/as-ginzburg-lean/work/lean-upgrade/lean-4.34.1-linux/bin/lean /workspace/as-ginzburg-lean/ASGinzburg/BalancedTensorEnvelopingFunctorNaturality.lean -o /workspace/as-ginzburg-lean/.lake/build/lib/lean/ASGinzburg/BalancedTensorEnvelopingFunctorNaturality.olean -i /workspace/as-ginzburg-lean/.lake/build/lib/lean/ASGinzburg/BalancedTensorEnvelopingFunctorNaturality.ilean -c /workspace/as-ginzburg-lean/.lake/build/ir/ASGinzburg/BalancedTensorEnvelopingFunctorNaturality.c --setup /workspace/as-ginzburg-lean/.lake/build/ir/ASGinzburg/BalancedTensorEnvelopingFunctorNaturality.setup.json --json
warning: ASGinzburg/BalancedTensorEnvelopingFunctorNaturality.lean:13:17: Definition `ASGinzburg.tensorRightEnvelopingModule` of class type is semireducible. Most type class instances should be instance-reducible, so consider marking this
definition with `@[instance_reducible]`. If it is intentionally semireducible, this warning can be disabled with `set_option warn.classDefReducibility false`.
warning: ASGinzburg/BalancedTensorEnvelopingFunctorNaturality.lean:13:17: Definition `ASGinzburg.tensorRightEnvelopingScalarTower` of class type is semireducible. Most type class instances should be instance-reducible, so consider marking this
definition with `@[instance_reducible]`. If it is intentionally semireducible, this warning can be disabled with `set_option warn.classDefReducibility false`.
warning: ASGinzburg/BalancedTensorEnvelopingFunctorNaturality.lean:13:17: Definition `ASGinzburg.regularEnvelopingModule` of class type is semireducible. Most type class instances should be instance-reducible, so consider marking this
definition with `@[instance_reducible]`. If it is intentionally semireducible, this warning can be disabled with `set_option warn.classDefReducibility false`.
warning: ASGinzburg/BalancedTensorEnvelopingFunctorNaturality.lean:13:17: Definition `ASGinzburg.regularEnvelopingScalarTower` of class type is semireducible. Most type class instances should be instance-reducible, so consider marking this
definition with `@[instance_reducible]`. If it is intentionally semireducible, this warning can be disabled with `set_option warn.classDefReducibility false`.
error: ASGinzburg/BalancedTensorEnvelopingFunctorNaturality.lean:33:24: Tactic `rewrite` failed: Did not find an occurrence of the pattern
  (balancedTensorLeftFunctor ?k (AlgebraEnvelopingRing ?k ?R) ?R).map
      (ModuleCat.ofHom (tensorRightEnvelopingMap ?k ?R (ModuleCat.Hom.hom ?f) (ModuleCat.Hom.hom ?g))) ≫
    (balancedTensorEnvelopingTensorScalarIso ?k ?R ?M' ?N').hom
in the target expression
  (balancedTensorLeftFunctor k (AlgebraEnvelopingRing k R) R).map
        (ModuleCat.ofHom (tensorRightEnvelopingMap k R (ModuleCat.Hom.hom f) (ModuleCat.Hom.hom g))) ≫
      (balancedTensorEnvelopingTensorScalarIso k R M' N' ≪≫
          (balancedTensorEnvelopingComparisonEquiv k R ↑M' ↑N').toModuleIso).hom =
    ((balancedTensorEnvelopingTensorScalarIso k R M N ≪≫
            (balancedTensorEnvelopingComparisonEquiv k R ↑M ↑N).toModuleIso).hom ≫
        ((balancedTensorBifunctor k R).obj M).map g) ≫
      ((balancedTensorBifunctor k R).map f).app N'

k : Type u
inst✝² : Field k
R : Type v
inst✝¹ : Ring R
inst✝ : Algebra k R
M M' : ModuleCat Rᵐᵒᵖ
N N' : ModuleCat R
f : M ⟶ M'
g : N ⟶ N'
h :
  ModuleCat.ofHom
        (balancedTensorMapLeft k (AlgebraEnvelopingRing k R) R
          (tensorRightEnvelopingMap k R (ModuleCat.Hom.hom f) (ModuleCat.Hom.hom g))) ≫
      (balancedTensorEnvelopingComparisonEquiv k R ↑M' ↑N').toModuleIso.hom =
    (balancedTensorEnvelopingComparisonEquiv k R ↑M ↑N).toModuleIso.hom ≫
      ((balancedTensorBifunctor k R).obj M).map g ≫ ((balancedTensorBifunctor k R).map f).app N'
⊢ (balancedTensorLeftFunctor k (AlgebraEnvelopingRing k R) R).map
        (ModuleCat.ofHom (tensorRightEnvelopingMap k R (ModuleCat.Hom.hom f) (ModuleCat.Hom.hom g))) ≫
      (balancedTensorEnvelopingTensorScalarIso k R M' N' ≪≫
          (balancedTensorEnvelopingComparisonEquiv k R ↑M' ↑N').toModuleIso).hom =
    ((balancedTensorEnvelopingTensorScalarIso k R M N ≪≫
            (balancedTensorEnvelopingComparisonEquiv k R ↑M ↑N).toModuleIso).hom ≫
        ((balancedTensorBifunctor k R).obj M).map g) ≫
      ((balancedTensorBifunctor k R).map f).app N'

Note: The target expression is not type-correct under the `implicit` transparency level, which may have triggered the failure. This is usually caused by unfolding of semireducible definitions in prior tactic steps. Use `set_option linter.tacticCheckInstances true` to investigate the source of the issue.
Full error:
  Application type mismatch: The argument
    (balancedTensorEnvelopingComparisonEquiv k R ↑M' ↑N').toModuleIso
  has type
    @Iso (ModuleCat k) (ModuleCat.moduleCategory k)
      ↧(BalancedTensorSpace k (AlgebraEnvelopingRing k R) (↑M' ⊗[k] ↑N') R) ↧(BalancedTensorSpace k R ↑M' ↑N')
  but is expected to have type
    @Iso (ModuleCat k) (ModuleCat.moduleCategory k)
      (↧(BalancedTensorSpace k (AlgebraEnvelopingRing k R) (↑M' ⊗[k] ↑N') R))
      (((balancedTensorBifunctor k R).obj M').obj N')
  in the application
    balancedTensorEnvelopingTensorScalarIso k R M' N' ≪≫
      (balancedTensorEnvelopingComparisonEquiv k R ↑M' ↑N').toModuleIso
warning: ASGinzburg/BalancedTensorEnvelopingFunctorNaturality.lean:32:48: This simp argument is unused:
  Iso.trans_hom

Hint: Omit it from the simp argument list.
  [apply] simp only [balancedTensorEnvelopingModuleIso]

Note: This linter can be disabled with `set_option linter.unusedSimpArgs false`
✖ [4777/4782] Building ASGinzburg.GradedOrdinaryRingDualData (10s)
trace: .> LEAN_PATH=/workspace/as-ginzburg-lean/.lake/packages/Cli/.lake/build/lib/lean:/workspace/as-ginzburg-lean/.lake/packages/batteries/.lake/build/lib/lean:/workspace/as-ginzburg-lean/.lake/packages/Qq/.lake/build/lib/lean:/workspace/as-ginzburg-lean/.lake/packages/aesop/.lake/build/lib/lean:/workspace/as-ginzburg-lean/.lake/packages/proofwidgets/.lake/build/lib/lean:/workspace/as-ginzburg-lean/.lake/packages/importGraph/.lake/build/lib/lean:/workspace/as-ginzburg-lean/.lake/packages/LeanSearchClient/.lake/build/lib/lean:/workspace/as-ginzburg-lean/.lake/packages/plausible/.lake/build/lib/lean:/workspace/as-ginzburg-lean/.lake/packages/mathlib/.lake/build/lib/lean:/workspace/as-ginzburg-lean/.lake/build/lib/lean /workspace/as-ginzburg-lean/work/lean-upgrade/lean-4.34.1-linux/bin/lean /workspace/as-ginzburg-lean/ASGinzburg/GradedOrdinaryRingDualData.lean -o /workspace/as-ginzburg-lean/.lake/build/lib/lean/ASGinzburg/GradedOrdinaryRingDualData.olean -i /workspace/as-ginzburg-lean/.lake/build/lib/lean/ASGinzburg/GradedOrdinaryRingDualData.ilean -c /workspace/as-ginzburg-lean/.lake/build/ir/ASGinzburg/GradedOrdinaryRingDualData.c --setup /workspace/as-ginzburg-lean/.lake/build/ir/ASGinzburg/GradedOrdinaryRingDualData.setup.json --json
warning: ASGinzburg/GradedOrdinaryRingDualData.lean:24:17: Definition `ASGinzburg.ordinaryRingDualTensorModuleK` of class type is semireducible. Most type class instances should be instance-reducible, so consider marking this
definition with `@[instance_reducible]`. If it is intentionally semireducible, this warning can be disabled with `set_option warn.classDefReducibility false`.
error: ASGinzburg/GradedOrdinaryRingDualData.lean:61:4: Type mismatch: After simplification, term
  ringDualGrade_smul_mem M hG p q (MulOpposite.unop r) hr f hf
 has type
  r • f ∈ M.ringDualGrade (p + q)
but is expected to have type
  r • f ∈ M.ringDualNativeGrade (p + q)
Some required targets logged failures:
- ASGinzburg.GinzburgGeneratorDifferentials
- ASGinzburg.FoundationRightRestriction
- ASGinzburg.RightModuleProjectives
- ASGinzburg.ProjectiveDimensionTwoDerivedVanishing
- ASGinzburg.EnvelopingBalancedTensorRegularUnit
- ASGinzburg.BifunctorTotalRightResolutionAugmentation
- ASGinzburg.AlgebraEnvelopingRingDualTensorEvaluationInduction
- ASGinzburg.AlgebraEnvelopingTensorAugmentation
- ASGinzburg.FiniteFourTermRingHomComplex
- ASGinzburg.AlgebraEnvelopingTensorTotalRestrictionMaps
- ASGinzburg.BalancedTensorEnvelopingFunctorNaturality
- ASGinzburg.GradedOrdinaryRingDualData
error: build failed
