⚠ [3373/3483] Replayed ASGinzburg.PathAlgebra
warning: ASGinzburg/PathAlgebra.lean:97:42: This simp argument is unused:
  LinearMap.add_apply

Hint: Omit it from the simp argument list.
  [apply] simp [map_add, ih, ih']

Note: This linter can be disabled with `set_option linter.unusedSimpArgs false`
✔ [3381/3483] Built ASGinzburg.FullSubcategoryEquivalence (6.2s)
⚠ [3383/3483] Replayed ASGinzburg.ProjectiveResolutionSyzygies
warning: ASGinzburg/ProjectiveResolutionSyzygies.lean:17:2: Try this: 
  haveI̵

The goal is a proposition, so `have` is preferred over `haveI`.
The difference between `have` and `haveI` is that `haveI` inlines the value.
But this is not relevant for proofs because of proof irrelevance.

Note: This linter can be disabled with `set_option linter.style.haveILetI false`
warning: ASGinzburg/ProjectiveResolutionSyzygies.lean:18:2: Try this: 
  haveI̵

The goal is a proposition, so `have` is preferred over `haveI`.
The difference between `have` and `haveI` is that `haveI` inlines the value.
But this is not relevant for proofs because of proof irrelevance.

Note: This linter can be disabled with `set_option linter.style.haveILetI false`
warning: ASGinzburg/ProjectiveResolutionSyzygies.lean:19:2: Try this: 
  haveI̵

The goal is a proposition, so `have` is preferred over `haveI`.
The difference between `have` and `haveI` is that `haveI` inlines the value.
But this is not relevant for proofs because of proof irrelevance.

Note: This linter can be disabled with `set_option linter.style.haveILetI false`
✔ [3384/3490] Built ASGinzburg.HomotopyEquivalence (7.5s)
✔ [3386/3490] Built ASGinzburg.ExtDimension (12s)
✔ [3388/3490] Built ASGinzburg.Hilbert (13s)
✔ [3391/3518] Built ASGinzburg.HomotopyDegreeReverse (5.6s)
⚠ [3394/3518] Replayed ASGinzburg.ShortExactKernels
warning: ASGinzburg/ShortExactKernels.lean:34:4: Try this: 
  letI̵

The goal is a proposition, so `let` is preferred over `letI`.
The difference between `let` and `letI` is that `letI` inlines the value.
But this is not relevant for proofs because of proof irrelevance.

Note: This linter can be disabled with `set_option linter.style.haveILetI false`
warning: ASGinzburg/ShortExactKernels.lean:37:4: Try this: 
  letI̵

The goal is a proposition, so `let` is preferred over `letI`.
The difference between `let` and `letI` is that `letI` inlines the value.
But this is not relevant for proofs because of proof irrelevance.

Note: This linter can be disabled with `set_option linter.style.haveILetI false`
warning: ASGinzburg/ShortExactKernels.lean:38:4: Try this: 
  haveI̵

The goal is a proposition, so `have` is preferred over `haveI`.
The difference between `have` and `haveI` is that `haveI` inlines the value.
But this is not relevant for proofs because of proof irrelevance.

Note: This linter can be disabled with `set_option linter.style.haveILetI false`
warning: ASGinzburg/ShortExactKernels.lean:39:4: Try this: 
  haveI̵

The goal is a proposition, so `have` is preferred over `haveI`.
The difference between `have` and `haveI` is that `haveI` inlines the value.
But this is not relevant for proofs because of proof irrelevance.

Note: This linter can be disabled with `set_option linter.style.haveILetI false`
⚠ [3396/3604] Replayed ASGinzburg.HomologicalColimitClosure
warning: ASGinzburg/HomologicalColimitClosure.lean:29:13: `CategoryTheory.Limits.HasColimit.isoOfNatIso_ι_hom_assoc` has been deprecated: Use `CategoryTheory.Limits.HasColimit.ι_isoOfNatIso_hom_assoc` instead
warning: ASGinzburg/HomologicalColimitClosure.lean:46:4: Try this: 
  letI̵

The goal is a proposition, so `let` is preferred over `letI`.
The difference between `let` and `letI` is that `letI` inlines the value.
But this is not relevant for proofs because of proof irrelevance.

Note: This linter can be disabled with `set_option linter.style.haveILetI false`
warning: ASGinzburg/HomologicalColimitClosure.lean:36:0: Definition `ASGinzburg.limitPreservesColimitsOfExactShape` of class type is semireducible. Most type class instances should be instance-reducible, so consider marking this
definition with `@[instance_reducible]`. If it is intentionally semireducible, this warning can be disabled with `set_option warn.classDefReducibility false`.
warning: ASGinzburg/HomologicalColimitClosure.lean:36:0: Definition `limitPreservesColimitsOfExactShape` is a proposition; use `theorem` instead of `def`

Note: This linter can be disabled with `set_option linter.defProp false`
warning: ASGinzburg/HomologicalColimitClosure.lean:59:0: Definition `ASGinzburg.parallelPairDiagramPreservesColimits` of class type is semireducible. Most type class instances should be instance-reducible, so consider marking this
definition with `@[instance_reducible]`. If it is intentionally semireducible, this warning can be disabled with `set_option warn.classDefReducibility false`.
warning: ASGinzburg/HomologicalColimitClosure.lean:59:0: Definition `parallelPairDiagramPreservesColimits` is a proposition; use `theorem` instead of `def`

Note: This linter can be disabled with `set_option linter.defProp false`
warning: ASGinzburg/HomologicalColimitClosure.lean:71:2: Try this: 
  letI̵

The goal is a proposition, so `let` is preferred over `letI`.
The difference between `let` and `letI` is that `letI` inlines the value.
But this is not relevant for proofs because of proof irrelevance.

Note: This linter can be disabled with `set_option linter.style.haveILetI false`
warning: ASGinzburg/HomologicalColimitClosure.lean:72:2: Try this: 
  letI̵

The goal is a proposition, so `let` is preferred over `letI`.
The difference between `let` and `letI` is that `letI` inlines the value.
But this is not relevant for proofs because of proof irrelevance.

Note: This linter can be disabled with `set_option linter.style.haveILetI false`
warning: ASGinzburg/HomologicalColimitClosure.lean:69:0: Definition `ASGinzburg.kernelFunctorPreservesExactColimits` of class type is semireducible. Most type class instances should be instance-reducible, so consider marking this
definition with `@[instance_reducible]`. If it is intentionally semireducible, this warning can be disabled with `set_option warn.classDefReducibility false`.
warning: ASGinzburg/HomologicalColimitClosure.lean:69:0: Definition `kernelFunctorPreservesExactColimits` is a proposition; use `theorem` instead of `def`

Note: This linter can be disabled with `set_option linter.defProp false`
warning: ASGinzburg/HomologicalColimitClosure.lean:78:2: Try this: 
  letI̵

The goal is a proposition, so `let` is preferred over `letI`.
The difference between `let` and `letI` is that `letI` inlines the value.
But this is not relevant for proofs because of proof irrelevance.

Note: This linter can be disabled with `set_option linter.style.haveILetI false`
warning: ASGinzburg/HomologicalColimitClosure.lean:80:2: Try this: 
  letI̵

The goal is a proposition, so `let` is preferred over `letI`.
The difference between `let` and `letI` is that `letI` inlines the value.
But this is not relevant for proofs because of proof irrelevance.

Note: This linter can be disabled with `set_option linter.style.haveILetI false`
warning: ASGinzburg/HomologicalColimitClosure.lean:76:0: Definition `ASGinzburg.cokernelFunctorPreservesColimits` of class type is semireducible. Most type class instances should be instance-reducible, so consider marking this
definition with `@[instance_reducible]`. If it is intentionally semireducible, this warning can be disabled with `set_option warn.classDefReducibility false`.
warning: ASGinzburg/HomologicalColimitClosure.lean:76:0: Definition `cokernelFunctorPreservesColimits` is a proposition; use `theorem` instead of `def`

Note: This linter can be disabled with `set_option linter.defProp false`
warning: ASGinzburg/HomologicalColimitClosure.lean:88:0: Definition `ASGinzburg.moduleCatExactCoproducts` of class type is semireducible. Most type class instances should be instance-reducible, so consider marking this
definition with `@[instance_reducible]`. If it is intentionally semireducible, this warning can be disabled with `set_option warn.classDefReducibility false`.
warning: ASGinzburg/HomologicalColimitClosure.lean:88:0: Definition `moduleCatExactCoproducts` is a proposition; use `theorem` instead of `def`

Note: This linter can be disabled with `set_option linter.defProp false`
✔ [3397/3604] Built ASGinzburg.HomotopyOpposite (7.7s)
⚠ [3399/3604] Replayed ASGinzburg.ProjectiveExtensionCovers
warning: ASGinzburg/ProjectiveExtensionCovers.lean:20:2: Try this: 
  letI̵

The goal is a proposition, so `let` is preferred over `letI`.
The difference between `let` and `letI` is that `letI` inlines the value.
But this is not relevant for proofs because of proof irrelevance.

Note: This linter can be disabled with `set_option linter.style.haveILetI false`
warning: ASGinzburg/ProjectiveExtensionCovers.lean:35:2: Try this: 
  letI̵

The goal is a proposition, so `let` is preferred over `letI`.
The difference between `let` and `letI` is that `letI` inlines the value.
But this is not relevant for proofs because of proof irrelevance.

Note: This linter can be disabled with `set_option linter.style.haveILetI false`
warning: ASGinzburg/ProjectiveExtensionCovers.lean:37:2: Try this: 
  letI̵

The goal is a proposition, so `let` is preferred over `letI`.
The difference between `let` and `letI` is that `letI` inlines the value.
But this is not relevant for proofs because of proof irrelevance.

Note: This linter can be disabled with `set_option linter.style.haveILetI false`
warning: ASGinzburg/ProjectiveExtensionCovers.lean:38:2: Try this: 
  letI̵

The goal is a proposition, so `let` is preferred over `letI`.
The difference between `let` and `letI` is that `letI` inlines the value.
But this is not relevant for proofs because of proof irrelevance.

Note: This linter can be disabled with `set_option linter.style.haveILetI false`
warning: ASGinzburg/ProjectiveExtensionCovers.lean:43:2: Try this: 
  letI̵

The goal is a proposition, so `let` is preferred over `letI`.
The difference between `let` and `letI` is that `letI` inlines the value.
But this is not relevant for proofs because of proof irrelevance.

Note: This linter can be disabled with `set_option linter.style.haveILetI false`
✔ [3401/3791] Built ASGinzburg.Representables (17s)
⚠ [3402/3791] Built ASGinzburg.ExtClassNaturality (4.2s)
warning: ASGinzburg/ExtClassNaturality.lean:45:2: Try this: 
  letI̵

The goal is a proposition, so `let` is preferred over `letI`.
The difference between `let` and `letI` is that `letI` inlines the value.
But this is not relevant for proofs because of proof irrelevance.

Note: This linter can be disabled with `set_option linter.style.haveILetI false`
⚠ [3407/3791] Built ASGinzburg.FourTermProjectiveResolution (6.5s)
warning: ASGinzburg/FourTermProjectiveResolution.lean:15:2: Try this: 
  haveI̵

The goal is a proposition, so `have` is preferred over `haveI`.
The difference between `have` and `haveI` is that `haveI` inlines the value.
But this is not relevant for proofs because of proof irrelevance.

Note: This linter can be disabled with `set_option linter.style.haveILetI false`
warning: ASGinzburg/FourTermProjectiveResolution.lean:16:2: Try this: 
  haveI̵

The goal is a proposition, so `have` is preferred over `haveI`.
The difference between `have` and `haveI` is that `haveI` inlines the value.
But this is not relevant for proofs because of proof irrelevance.

Note: This linter can be disabled with `set_option linter.style.haveILetI false`
warning: ASGinzburg/FourTermProjectiveResolution.lean:17:2: Try this: 
  haveI̵

The goal is a proposition, so `have` is preferred over `haveI`.
The difference between `have` and `haveI` is that `haveI` inlines the value.
But this is not relevant for proofs because of proof irrelevance.

Note: This linter can be disabled with `set_option linter.style.haveILetI false`
warning: ASGinzburg/FourTermProjectiveResolution.lean:87:4: Try this: 
  letI̵

The goal is a proposition, so `let` is preferred over `letI`.
The difference between `let` and `letI` is that `letI` inlines the value.
But this is not relevant for proofs because of proof irrelevance.

Note: This linter can be disabled with `set_option linter.style.haveILetI false`
warning: ASGinzburg/FourTermProjectiveResolution.lean:107:6: Try this: 
  letI̵

The goal is a proposition, so `let` is preferred over `letI`.
The difference between `let` and `letI` is that `letI` inlines the value.
But this is not relevant for proofs because of proof irrelevance.

Note: This linter can be disabled with `set_option linter.style.haveILetI false`
✔ [3408/3791] Built ASGinzburg.ProjectiveResolutionHomComplex (7.2s)
✔ [3409/3862] Built ASGinzburg.PeriodInverse (7.6s)
⚠ [3412/4123] Built ASGinzburg.CyclicDerivativeDegrees (4.8s)
warning: ASGinzburg/CyclicDerivativeDegrees.lean:21:12: `if_pos` has been deprecated: Use `ite_eq_left` instead
warning: ASGinzburg/CyclicDerivativeDegrees.lean:28:12: `if_neg` has been deprecated: Use `ite_eq_right` instead
⚠ [3413/4123] Built ASGinzburg.CyclicDerivativeCommutators (7.6s)
warning: ASGinzburg/CyclicDerivativeCommutators.lean:38:50: `if_true` has been deprecated: Use `ite_true` instead
⚠ [3414/4123] Built ASGinzburg.HomologyAugmentation (4.1s)
warning: ASGinzburg/HomologyAugmentation.lean:64:4: Try this: 
  haveI̵

The goal is a proposition, so `have` is preferred over `haveI`.
The difference between `have` and `haveI` is that `haveI` inlines the value.
But this is not relevant for proofs because of proof irrelevance.

Note: This linter can be disabled with `set_option linter.style.haveILetI false`
⚠ [3417/4123] Built ASGinzburg.GinzburgPaths (6.9s)
warning: ASGinzburg/GinzburgPaths.lean:155:41: This simp argument is unused:
  GinzburgArrow.source

Hint: Omit it from the simp argument list.
  [apply] simp only [Path.originalGinzburg, GinzburgArrow.target]

Note: This linter can be disabled with `set_option linter.unusedSimpArgs false`
warning: ASGinzburg/GinzburgPaths.lean:155:62: This simp argument is unused:
  GinzburgArrow.target

Hint: Omit it from the simp argument list.
  [apply] simp only [Path.originalGinzburg, GinzburgArrow.source]

Note: This linter can be disabled with `set_option linter.unusedSimpArgs false`
✔ [3419/4123] Built ASGinzburg.FinsuppSupportedQuotient (3.6s)
✔ [3423/4123] Built ASGinzburg.PathLinearIdeals (7.5s)
⚠ [3426/4123] Replayed ASGinzburg.CutCyclicDerivativeDelta
warning: ASGinzburg/CutCyclicDerivativeDelta.lean:27:29: `if_neg` has been deprecated: Use `ite_eq_right` instead
⚠ [3428/4123] Built ASGinzburg.RightModuleAbelian (9.2s)
warning: ASGinzburg/RightModuleAbelian.lean:38:4: Try this: 
  letI̵

The goal is a proposition, so `let` is preferred over `letI`.
The difference between `let` and `letI` is that `letI` inlines the value.
But this is not relevant for proofs because of proof irrelevance.

Note: This linter can be disabled with `set_option linter.style.haveILetI false`
warning: ASGinzburg/RightModuleAbelian.lean:47:4: Try this: 
  letI̵

The goal is a proposition, so `let` is preferred over `letI`.
The difference between `let` and `letI` is that `letI` inlines the value.
But this is not relevant for proofs because of proof irrelevance.

Note: This linter can be disabled with `set_option linter.style.haveILetI false`
warning: ASGinzburg/RightModuleAbelian.lean:67:4: Try this: 
  letI̵

The goal is a proposition, so `let` is preferred over `letI`.
The difference between `let` and `letI` is that `letI` inlines the value.
But this is not relevant for proofs because of proof irrelevance.

Note: This linter can be disabled with `set_option linter.style.haveILetI false`
warning: ASGinzburg/RightModuleAbelian.lean:77:4: Try this: 
  letI̵

The goal is a proposition, so `let` is preferred over `letI`.
The difference between `let` and `letI` is that `letI` inlines the value.
But this is not relevant for proofs because of proof irrelevance.

Note: This linter can be disabled with `set_option linter.style.haveILetI false`
warning: ASGinzburg/RightModuleAbelian.lean:89:4: Try this: 
  letI̵

The goal is a proposition, so `let` is preferred over `letI`.
The difference between `let` and `letI` is that `letI` inlines the value.
But this is not relevant for proofs because of proof irrelevance.

Note: This linter can be disabled with `set_option linter.style.haveILetI false`
warning: ASGinzburg/RightModuleAbelian.lean:97:4: Try this: 
  letI̵

The goal is a proposition, so `let` is preferred over `letI`.
The difference between `let` and `letI` is that `letI` inlines the value.
But this is not relevant for proofs because of proof irrelevance.

Note: This linter can be disabled with `set_option linter.style.haveILetI false`
warning: ASGinzburg/RightModuleAbelian.lean:123:2: Try this: 
  haveI̵

The goal is a proposition, so `have` is preferred over `haveI`.
The difference between `have` and `haveI` is that `haveI` inlines the value.
But this is not relevant for proofs because of proof irrelevance.

Note: This linter can be disabled with `set_option linter.style.haveILetI false`
✖ [3429/4124] Building ASGinzburg.ProjectiveResolutionHomExactness (4.8s)
trace: .> LEAN_PATH=/workspace/as-ginzburg-lean/.lake/packages/Cli/.lake/build/lib/lean:/workspace/as-ginzburg-lean/.lake/packages/batteries/.lake/build/lib/lean:/workspace/as-ginzburg-lean/.lake/packages/Qq/.lake/build/lib/lean:/workspace/as-ginzburg-lean/.lake/packages/aesop/.lake/build/lib/lean:/workspace/as-ginzburg-lean/.lake/packages/proofwidgets/.lake/build/lib/lean:/workspace/as-ginzburg-lean/.lake/packages/importGraph/.lake/build/lib/lean:/workspace/as-ginzburg-lean/.lake/packages/LeanSearchClient/.lake/build/lib/lean:/workspace/as-ginzburg-lean/.lake/packages/plausible/.lake/build/lib/lean:/workspace/as-ginzburg-lean/.lake/packages/mathlib/.lake/build/lib/lean:/workspace/as-ginzburg-lean/.lake/build/lib/lean /workspace/as-ginzburg-lean/work/lean-upgrade/lean-4.34.1-linux/bin/lean /workspace/as-ginzburg-lean/ASGinzburg/ProjectiveResolutionHomExactness.lean -o /workspace/as-ginzburg-lean/.lake/build/lib/lean/ASGinzburg/ProjectiveResolutionHomExactness.olean -i /workspace/as-ginzburg-lean/.lake/build/lib/lean/ASGinzburg/ProjectiveResolutionHomExactness.ilean -c /workspace/as-ginzburg-lean/.lake/build/ir/ASGinzburg/ProjectiveResolutionHomExactness.c --setup /workspace/as-ginzburg-lean/.lake/build/ir/ASGinzburg/ProjectiveResolutionHomExactness.setup.json --json
error: ASGinzburg/ProjectiveResolutionHomExactness.lean:35:4: Type mismatch: After simplification, term
  H
 has type
  Abelian.Ext.mk₀ y = 0
but is expected to have type
  Abelian.Ext.addEquiv₀.symm y = Abelian.Ext.addEquiv₀.symm 0
✔ [3431/4124] Built ASGinzburg.ProjectiveResolutionTopExtVanishing (3.3s)
✔ [3432/4124] Built ASGinzburg.OppositeCutQuiver (5.8s)
⚠ [3433/4124] Built ASGinzburg.CyclicDerivativeMixedCoefficients (5.1s)
warning: ASGinzburg/CyclicDerivativeMixedCoefficients.lean:50:13: `Finsupp.finset_sum_apply` has been deprecated: Use `Finsupp.finsetSum_apply` instead
warning: ASGinzburg/CyclicDerivativeMixedCoefficients.lean:54:39: `if_true` has been deprecated: Use `ite_true` instead
✔ [3434/4124] Built ASGinzburg.GinzburgPathAlgebra (8.5s)
✔ [3435/4124] Built ASGinzburg.CyclicDerivativeReversal (6.0s)
✔ [3436/4124] Built ASGinzburg.PathLengthFiltration (6.8s)
✖ [3437/4189] Building ASGinzburg.PathCyclicDerivativeDegrees (5.8s)
trace: .> LEAN_PATH=/workspace/as-ginzburg-lean/.lake/packages/Cli/.lake/build/lib/lean:/workspace/as-ginzburg-lean/.lake/packages/batteries/.lake/build/lib/lean:/workspace/as-ginzburg-lean/.lake/packages/Qq/.lake/build/lib/lean:/workspace/as-ginzburg-lean/.lake/packages/aesop/.lake/build/lib/lean:/workspace/as-ginzburg-lean/.lake/packages/proofwidgets/.lake/build/lib/lean:/workspace/as-ginzburg-lean/.lake/packages/importGraph/.lake/build/lib/lean:/workspace/as-ginzburg-lean/.lake/packages/LeanSearchClient/.lake/build/lib/lean:/workspace/as-ginzburg-lean/.lake/packages/plausible/.lake/build/lib/lean:/workspace/as-ginzburg-lean/.lake/packages/mathlib/.lake/build/lib/lean:/workspace/as-ginzburg-lean/.lake/build/lib/lean /workspace/as-ginzburg-lean/work/lean-upgrade/lean-4.34.1-linux/bin/lean /workspace/as-ginzburg-lean/ASGinzburg/PathCyclicDerivativeDegrees.lean -o /workspace/as-ginzburg-lean/.lake/build/lib/lean/ASGinzburg/PathCyclicDerivativeDegrees.olean -i /workspace/as-ginzburg-lean/.lake/build/lib/lean/ASGinzburg/PathCyclicDerivativeDegrees.ilean -c /workspace/as-ginzburg-lean/.lake/build/ir/ASGinzburg/PathCyclicDerivativeDegrees.c --setup /workspace/as-ginzburg-lean/.lake/build/ir/ASGinzburg/PathCyclicDerivativeDegrees.setup.json --json
warning: ASGinzburg/PathCyclicDerivativeDegrees.lean:41:16: `Set.mem_setOf_eq` has been deprecated: Use `Set.mem_ofPred_eq` instead
error: ASGinzburg/PathCyclicDerivativeDegrees.lean:46:6: Tactic `rewrite` failed: Did not find an occurrence of the pattern
  (Finsupp.mapDomain ?m.125 ?x) ?b
in the target expression
  (Finsupp.mapDomain Path.toList ((Q.pathCyclicDerivative k a) φ)) p.toList = 0

Q : CutQuiver
k : Type u
inst✝ : Field k
a : Q.Arrow
φ : ↥(Q.Potential k)
p : Q.Path (Q.target a) (Q.source a)
hp : p ∉ {p | 2 ≤ p.length ∧ p.cutDegree + Q.cutDegree a = 1}
hword : p.toList ∉ {w | 2 ≤ w.length ∧ wordCutDegree Q.cut w + Q.cutDegree a = 1}
H : (Finsupp.mapDomain Path.toList ((Q.pathCyclicDerivative k a) φ)) p.toList = 0
⊢ ((Q.pathCyclicDerivative k a) φ) p = 0
✔ [3439/4189] Built ASGinzburg.PathQuotientProducts (9.3s)
⚠ [3440/4189] Replayed ASGinzburg.ModuleCochainConnectingRepresentatives
warning: ASGinzburg/ModuleCochainConnectingRepresentatives.lean:21:2: Try this: 
  haveI̵

The goal is a proposition, so `have` is preferred over `haveI`.
The difference between `have` and `haveI` is that `haveI` inlines the value.
But this is not relevant for proofs because of proof irrelevance.

Note: This linter can be disabled with `set_option linter.style.haveILetI false`
✖ [3442/4247] Building ASGinzburg.LiftedModuleIndexing (4.3s)
trace: .> LEAN_PATH=/workspace/as-ginzburg-lean/.lake/packages/Cli/.lake/build/lib/lean:/workspace/as-ginzburg-lean/.lake/packages/batteries/.lake/build/lib/lean:/workspace/as-ginzburg-lean/.lake/packages/Qq/.lake/build/lib/lean:/workspace/as-ginzburg-lean/.lake/packages/aesop/.lake/build/lib/lean:/workspace/as-ginzburg-lean/.lake/packages/proofwidgets/.lake/build/lib/lean:/workspace/as-ginzburg-lean/.lake/packages/importGraph/.lake/build/lib/lean:/workspace/as-ginzburg-lean/.lake/packages/LeanSearchClient/.lake/build/lib/lean:/workspace/as-ginzburg-lean/.lake/packages/plausible/.lake/build/lib/lean:/workspace/as-ginzburg-lean/.lake/packages/mathlib/.lake/build/lib/lean:/workspace/as-ginzburg-lean/.lake/build/lib/lean /workspace/as-ginzburg-lean/work/lean-upgrade/lean-4.34.1-linux/bin/lean /workspace/as-ginzburg-lean/ASGinzburg/LiftedModuleIndexing.lean -o /workspace/as-ginzburg-lean/.lake/build/lib/lean/ASGinzburg/LiftedModuleIndexing.olean -i /workspace/as-ginzburg-lean/.lake/build/lib/lean/ASGinzburg/LiftedModuleIndexing.ilean -c /workspace/as-ginzburg-lean/.lake/build/ir/ASGinzburg/LiftedModuleIndexing.c --setup /workspace/as-ginzburg-lean/.lake/build/ir/ASGinzburg/LiftedModuleIndexing.setup.json --json
error: ASGinzburg/LiftedModuleIndexing.lean:50:13: Type mismatch
  (A.liftedModuleIndexWhisker Q).preimage f
has type
  M.obj ⟶ N.obj
but is expected to have type
  M ⟶ N
error: ASGinzburg/LiftedModuleIndexing.lean:54:39: Application type mismatch: The argument
  A.rightModuleHomOfLiftedComponents Q f
has type
  M ⟶ N
but is expected to have type
  M.obj ⟶ N.obj
in the application
  (A.liftedModuleIndexWhisker Q).map (A.rightModuleHomOfLiftedComponents Q f)
✔ [3443/4247] Built ASGinzburg.ModuleCokernelHomologyClasses (4.2s)
✖ [3444/4336] Building ASGinzburg.RightModuleHomology (7.7s)
trace: .> LEAN_PATH=/workspace/as-ginzburg-lean/.lake/packages/Cli/.lake/build/lib/lean:/workspace/as-ginzburg-lean/.lake/packages/batteries/.lake/build/lib/lean:/workspace/as-ginzburg-lean/.lake/packages/Qq/.lake/build/lib/lean:/workspace/as-ginzburg-lean/.lake/packages/aesop/.lake/build/lib/lean:/workspace/as-ginzburg-lean/.lake/packages/proofwidgets/.lake/build/lib/lean:/workspace/as-ginzburg-lean/.lake/packages/importGraph/.lake/build/lib/lean:/workspace/as-ginzburg-lean/.lake/packages/LeanSearchClient/.lake/build/lib/lean:/workspace/as-ginzburg-lean/.lake/packages/plausible/.lake/build/lib/lean:/workspace/as-ginzburg-lean/.lake/packages/mathlib/.lake/build/lib/lean:/workspace/as-ginzburg-lean/.lake/build/lib/lean /workspace/as-ginzburg-lean/work/lean-upgrade/lean-4.34.1-linux/bin/lean /workspace/as-ginzburg-lean/ASGinzburg/RightModuleHomology.lean -o /workspace/as-ginzburg-lean/.lake/build/lib/lean/ASGinzburg/RightModuleHomology.olean -i /workspace/as-ginzburg-lean/.lake/build/lib/lean/ASGinzburg/RightModuleHomology.ilean -c /workspace/as-ginzburg-lean/.lake/build/ir/ASGinzburg/RightModuleHomology.c --setup /workspace/as-ginzburg-lean/.lake/build/ir/ASGinzburg/RightModuleHomology.setup.json --json
warning: ASGinzburg/RightModuleHomology.lean:90:4: Try this: 
  letI̵

The goal is a proposition, so `let` is preferred over `letI`.
The difference between `let` and `letI` is that `letI` inlines the value.
But this is not relevant for proofs because of proof irrelevance.

Note: This linter can be disabled with `set_option linter.style.haveILetI false`
warning: ASGinzburg/RightModuleHomology.lean:94:4: Try this: 
  haveI̵

The goal is a proposition, so `have` is preferred over `haveI`.
The difference between `have` and `haveI` is that `haveI` inlines the value.
But this is not relevant for proofs because of proof irrelevance.

Note: This linter can be disabled with `set_option linter.style.haveILetI false`
warning: ASGinzburg/RightModuleHomology.lean:103:4: Try this: 
  letI̵

The goal is a proposition, so `let` is preferred over `letI`.
The difference between `let` and `letI` is that `letI` inlines the value.
But this is not relevant for proofs because of proof irrelevance.

Note: This linter can be disabled with `set_option linter.style.haveILetI false`
warning: ASGinzburg/RightModuleHomology.lean:107:4: Try this: 
  haveI̵

The goal is a proposition, so `have` is preferred over `haveI`.
The difference between `have` and `haveI` is that `haveI` inlines the value.
But this is not relevant for proofs because of proof irrelevance.

Note: This linter can be disabled with `set_option linter.style.haveILetI false`
error: ASGinzburg/RightModuleHomology.lean:139:4: Type mismatch: After simplification, term
  hid
 has type
  @Eq (S.homology.obj.obj (op { index := (unop X).index }) ⟶ S.homology.obj.obj (op { index := (unop X).index }))
    (𝟙 (S.homology.obj.obj (op { index := (unop X).index }))) 0
but is expected to have type
  @Eq (S.homology.obj.obj X ⟶ S.homology.obj.obj X) (𝟙 (S.homology.obj.obj X)) 0
✖ [3451/4336] Building ASGinzburg.OppositeGinzburgArrows (4.8s)
trace: .> LEAN_PATH=/workspace/as-ginzburg-lean/.lake/packages/Cli/.lake/build/lib/lean:/workspace/as-ginzburg-lean/.lake/packages/batteries/.lake/build/lib/lean:/workspace/as-ginzburg-lean/.lake/packages/Qq/.lake/build/lib/lean:/workspace/as-ginzburg-lean/.lake/packages/aesop/.lake/build/lib/lean:/workspace/as-ginzburg-lean/.lake/packages/proofwidgets/.lake/build/lib/lean:/workspace/as-ginzburg-lean/.lake/packages/importGraph/.lake/build/lib/lean:/workspace/as-ginzburg-lean/.lake/packages/LeanSearchClient/.lake/build/lib/lean:/workspace/as-ginzburg-lean/.lake/packages/plausible/.lake/build/lib/lean:/workspace/as-ginzburg-lean/.lake/packages/mathlib/.lake/build/lib/lean:/workspace/as-ginzburg-lean/.lake/build/lib/lean /workspace/as-ginzburg-lean/work/lean-upgrade/lean-4.34.1-linux/bin/lean /workspace/as-ginzburg-lean/ASGinzburg/OppositeGinzburgArrows.lean -o /workspace/as-ginzburg-lean/.lake/build/lib/lean/ASGinzburg/OppositeGinzburgArrows.olean -i /workspace/as-ginzburg-lean/.lake/build/lib/lean/ASGinzburg/OppositeGinzburgArrows.ilean -c /workspace/as-ginzburg-lean/.lake/build/ir/ASGinzburg/OppositeGinzburgArrows.c --setup /workspace/as-ginzburg-lean/.lake/build/ir/ASGinzburg/OppositeGinzburgArrows.setup.json --json
error: ASGinzburg/OppositeGinzburgArrows.lean:22:16: unsolved goals
case loop
Q : CutQuiver
v✝ : Q.Vertex
⊢ GinzburgArrow.loop (Fin.rev v✝).rev = GinzburgArrow.loop v✝
error: ASGinzburg/OppositeGinzburgArrows.lean:23:17: unsolved goals
case loop
Q : CutQuiver
v✝ : Q.opposite.Vertex
⊢ GinzburgArrow.loop (Fin.rev v✝).rev = GinzburgArrow.loop v✝
⚠ [3452/4336] Built ASGinzburg.LinearPresheafAbelian (8.8s)
warning: ASGinzburg/LinearPresheafAbelian.lean:39:4: Try this: 
  letI̵

The goal is a proposition, so `let` is preferred over `letI`.
The difference between `let` and `letI` is that `letI` inlines the value.
But this is not relevant for proofs because of proof irrelevance.

Note: This linter can be disabled with `set_option linter.style.haveILetI false`
warning: ASGinzburg/LinearPresheafAbelian.lean:48:4: Try this: 
  letI̵

The goal is a proposition, so `let` is preferred over `letI`.
The difference between `let` and `letI` is that `letI` inlines the value.
But this is not relevant for proofs because of proof irrelevance.

Note: This linter can be disabled with `set_option linter.style.haveILetI false`
warning: ASGinzburg/LinearPresheafAbelian.lean:68:4: Try this: 
  letI̵

The goal is a proposition, so `let` is preferred over `letI`.
The difference between `let` and `letI` is that `letI` inlines the value.
But this is not relevant for proofs because of proof irrelevance.

Note: This linter can be disabled with `set_option linter.style.haveILetI false`
warning: ASGinzburg/LinearPresheafAbelian.lean:78:4: Try this: 
  letI̵

The goal is a proposition, so `let` is preferred over `letI`.
The difference between `let` and `letI` is that `letI` inlines the value.
But this is not relevant for proofs because of proof irrelevance.

Note: This linter can be disabled with `set_option linter.style.haveILetI false`
warning: ASGinzburg/LinearPresheafAbelian.lean:90:4: Try this: 
  letI̵

The goal is a proposition, so `let` is preferred over `letI`.
The difference between `let` and `letI` is that `letI` inlines the value.
But this is not relevant for proofs because of proof irrelevance.

Note: This linter can be disabled with `set_option linter.style.haveILetI false`
warning: ASGinzburg/LinearPresheafAbelian.lean:98:4: Try this: 
  letI̵

The goal is a proposition, so `let` is preferred over `letI`.
The difference between `let` and `letI` is that `letI` inlines the value.
But this is not relevant for proofs because of proof irrelevance.

Note: This linter can be disabled with `set_option linter.style.haveILetI false`
warning: ASGinzburg/LinearPresheafAbelian.lean:124:2: Try this: 
  haveI̵

The goal is a proposition, so `have` is preferred over `haveI`.
The difference between `have` and `haveI` is that `haveI` inlines the value.
But this is not relevant for proofs because of proof irrelevance.

Note: This linter can be disabled with `set_option linter.style.haveILetI false`
✔ [3466/4336] Built ASGinzburg.CyclicHessianWords (5.8s)
⚠ [3476/4337] Replayed ASGinzburg.DirectSumRangeGrading
warning: ASGinzburg/DirectSumRangeGrading.lean:59:0: Definition `ASGinzburg.directSumRangeGradeDecomposition` of class type is semireducible. Most type class instances should be instance-reducible, so consider marking this
definition with `@[instance_reducible]`. If it is intentionally semireducible, this warning can be disabled with `set_option warn.classDefReducibility false`.
⚠ [3477/4337] Built ASGinzburg.AlgebraEnvelopingRegularModule (3.2s)
warning: ASGinzburg/AlgebraEnvelopingRegularModule.lean:51:0: Definition `ASGinzburg.regularEnvelopingModule` of class type is semireducible. Most type class instances should be instance-reducible, so consider marking this
definition with `@[instance_reducible]`. If it is intentionally semireducible, this warning can be disabled with `set_option warn.classDefReducibility false`.
warning: ASGinzburg/AlgebraEnvelopingRegularModule.lean:61:2: Try this: 
  letI̵

The goal is a proposition, so `let` is preferred over `letI`.
The difference between `let` and `letI` is that `letI` inlines the value.
But this is not relevant for proofs because of proof irrelevance.

Note: This linter can be disabled with `set_option linter.style.haveILetI false`
✔ [3486/4345] Built ASGinzburg.GinzburgPathWords (6.4s)
⚠ [3490/4345] Replayed ASGinzburg.AlgebraEnvelopingScalars
warning: ASGinzburg/AlgebraEnvelopingScalars.lean:11:2: Try this: 
  letI̵

The goal is a proposition, so `let` is preferred over `letI`.
The difference between `let` and `letI` is that `letI` inlines the value.
But this is not relevant for proofs because of proof irrelevance.

Note: This linter can be disabled with `set_option linter.style.haveILetI false`
warning: ASGinzburg/AlgebraEnvelopingScalars.lean:8:0: Definition `ASGinzburg.regularEnvelopingScalarTower` of class type is semireducible. Most type class instances should be instance-reducible, so consider marking this
definition with `@[instance_reducible]`. If it is intentionally semireducible, this warning can be disabled with `set_option warn.classDefReducibility false`.
warning: ASGinzburg/AlgebraEnvelopingScalars.lean:8:0: Definition `regularEnvelopingScalarTower` is a proposition; use `theorem` instead of `def`

Note: This linter can be disabled with `set_option linter.defProp false`
warning: ASGinzburg/AlgebraEnvelopingScalars.lean:21:2: Try this: 
  letI̵

The goal is a proposition, so `let` is preferred over `letI`.
The difference between `let` and `letI` is that `letI` inlines the value.
But this is not relevant for proofs because of proof irrelevance.

Note: This linter can be disabled with `set_option linter.style.haveILetI false`
warning: ASGinzburg/AlgebraEnvelopingScalars.lean:18:0: Definition `ASGinzburg.regularEnvelopingScalarComm` of class type is semireducible. Most type class instances should be instance-reducible, so consider marking this
definition with `@[instance_reducible]`. If it is intentionally semireducible, this warning can be disabled with `set_option warn.classDefReducibility false`.
warning: ASGinzburg/AlgebraEnvelopingScalars.lean:18:0: Definition `regularEnvelopingScalarComm` is a proposition; use `theorem` instead of `def`

Note: This linter can be disabled with `set_option linter.defProp false`
warning: ASGinzburg/AlgebraEnvelopingScalars.lean:29:2: Try this: 
  letI̵

The goal is a proposition, so `let` is preferred over `letI`.
The difference between `let` and `letI` is that `letI` inlines the value.
But this is not relevant for proofs because of proof irrelevance.

Note: This linter can be disabled with `set_option linter.style.haveILetI false`
warning: ASGinzburg/AlgebraEnvelopingScalars.lean:30:2: Try this: 
  letI̵

The goal is a proposition, so `let` is preferred over `letI`.
The difference between `let` and `letI` is that `letI` inlines the value.
But this is not relevant for proofs because of proof irrelevance.

Note: This linter can be disabled with `set_option linter.style.haveILetI false`
✖ [3498/4345] Building ASGinzburg.ScalarEndMultiplication (4.8s)
trace: .> LEAN_PATH=/workspace/as-ginzburg-lean/.lake/packages/Cli/.lake/build/lib/lean:/workspace/as-ginzburg-lean/.lake/packages/batteries/.lake/build/lib/lean:/workspace/as-ginzburg-lean/.lake/packages/Qq/.lake/build/lib/lean:/workspace/as-ginzburg-lean/.lake/packages/aesop/.lake/build/lib/lean:/workspace/as-ginzburg-lean/.lake/packages/proofwidgets/.lake/build/lib/lean:/workspace/as-ginzburg-lean/.lake/packages/importGraph/.lake/build/lib/lean:/workspace/as-ginzburg-lean/.lake/packages/LeanSearchClient/.lake/build/lib/lean:/workspace/as-ginzburg-lean/.lake/packages/plausible/.lake/build/lib/lean:/workspace/as-ginzburg-lean/.lake/packages/mathlib/.lake/build/lib/lean:/workspace/as-ginzburg-lean/.lake/build/lib/lean /workspace/as-ginzburg-lean/work/lean-upgrade/lean-4.34.1-linux/bin/lean /workspace/as-ginzburg-lean/ASGinzburg/ScalarEndMultiplication.lean -o /workspace/as-ginzburg-lean/.lake/build/lib/lean/ASGinzburg/ScalarEndMultiplication.olean -i /workspace/as-ginzburg-lean/.lake/build/lib/lean/ASGinzburg/ScalarEndMultiplication.ilean -c /workspace/as-ginzburg-lean/.lake/build/ir/ASGinzburg/ScalarEndMultiplication.c --setup /workspace/as-ginzburg-lean/.lake/build/ir/ASGinzburg/ScalarEndMultiplication.setup.json --json
error: ASGinzburg/ScalarEndMultiplication.lean:9:82: unsolved goals
k : Type u
inst✝ : Field k
A : ZAlgebra k
i : ℤ
c : k
⊢ (LinearEquiv.ofBijective (LinearMap.toSpanSingleton k (A.Hom i i) (A.id i)) ⋯) c = c • A.id i
warning: ASGinzburg/ScalarEndMultiplication.lean:10:28: This simp argument is unused:
  LinearEquiv.ofBijective_apply

Hint: Omit it from the simp argument list.
  [apply] simp only [scalarEndEquiv, LinearMap.toSpanSingleton_apply]

Note: This linter can be disabled with `set_option linter.unusedSimpArgs false`
warning: ASGinzburg/ScalarEndMultiplication.lean:10:58: This simp argument is unused:
  LinearMap.toSpanSingleton_apply

Hint: Omit it from the simp argument list.
  [apply] simp only [scalarEndEquiv, LinearEquiv.ofBijective_apply]

Note: This linter can be disabled with `set_option linter.unusedSimpArgs false`
⚠ [3499/4345] Replayed ASGinzburg.AlgebraEnvelopingTensorRightModule
warning: ASGinzburg/AlgebraEnvelopingTensorRightModule.lean:28:0: Definition `ASGinzburg.tensorRightEnvelopingModule` of class type is semireducible. Most type class instances should be instance-reducible, so consider marking this
definition with `@[instance_reducible]`. If it is intentionally semireducible, this warning can be disabled with `set_option warn.classDefReducibility false`.
warning: ASGinzburg/AlgebraEnvelopingTensorRightModule.lean:36:2: Try this: 
  letI̵

The goal is a proposition, so `let` is preferred over `letI`.
The difference between `let` and `letI` is that `letI` inlines the value.
But this is not relevant for proofs because of proof irrelevance.

Note: This linter can be disabled with `set_option linter.style.haveILetI false`
warning: ASGinzburg/AlgebraEnvelopingTensorRightModule.lean:42:2: Try this: 
  letI̵

The goal is a proposition, so `let` is preferred over `letI`.
The difference between `let` and `letI` is that `letI` inlines the value.
But this is not relevant for proofs because of proof irrelevance.

Note: This linter can be disabled with `set_option linter.style.haveILetI false`
warning: ASGinzburg/AlgebraEnvelopingTensorRightModule.lean:39:0: Definition `ASGinzburg.tensorRightEnvelopingScalarTower` of class type is semireducible. Most type class instances should be instance-reducible, so consider marking this
definition with `@[instance_reducible]`. If it is intentionally semireducible, this warning can be disabled with `set_option warn.classDefReducibility false`.
warning: ASGinzburg/AlgebraEnvelopingTensorRightModule.lean:39:0: Definition `tensorRightEnvelopingScalarTower` is a proposition; use `theorem` instead of `def`

Note: This linter can be disabled with `set_option linter.defProp false`
warning: ASGinzburg/AlgebraEnvelopingTensorRightModule.lean:52:2: Try this: 
  letI̵

The goal is a proposition, so `let` is preferred over `letI`.
The difference between `let` and `letI` is that `letI` inlines the value.
But this is not relevant for proofs because of proof irrelevance.

Note: This linter can be disabled with `set_option linter.style.haveILetI false`
warning: ASGinzburg/AlgebraEnvelopingTensorRightModule.lean:49:0: Definition `ASGinzburg.tensorRightEnvelopingScalarComm` of class type is semireducible. Most type class instances should be instance-reducible, so consider marking this
definition with `@[instance_reducible]`. If it is intentionally semireducible, this warning can be disabled with `set_option warn.classDefReducibility false`.
warning: ASGinzburg/AlgebraEnvelopingTensorRightModule.lean:49:0: Definition `tensorRightEnvelopingScalarComm` is a proposition; use `theorem` instead of `def`

Note: This linter can be disabled with `set_option linter.defProp false`
⚠ [3502/4345] Built ASGinzburg.SingleDegreeGrading (3.3s)
warning: ASGinzburg/SingleDegreeGrading.lean:52:0: Definition `ASGinzburg.singleDegreeGradeDecomposition` of class type is semireducible. Most type class instances should be instance-reducible, so consider marking this
definition with `@[instance_reducible]`. If it is intentionally semireducible, this warning can be disabled with `set_option warn.classDefReducibility false`.
✔ [3511/4348] Built ASGinzburg.CyclicHessianReversal (3.8s)
⚠ [3513/4348] Replayed ASGinzburg.FiniteBiproductProjectiveDimension
warning: ASGinzburg/FiniteBiproductProjectiveDimension.lean:14:2: Try this: 
  letI̵

The goal is a proposition, so `let` is preferred over `letI`.
The difference between `let` and `letI` is that `letI` inlines the value.
But this is not relevant for proofs because of proof irrelevance.

Note: This linter can be disabled with `set_option linter.style.haveILetI false`
✔ [3529/4348] Built ASGinzburg.FiniteComponentAlgebra (8.9s)
⚠ [3539/4348] Built ASGinzburg.BalancedTensorUniversal (4.0s)
warning: ASGinzburg/BalancedTensorUniversal.lean:17:9: `TensorProduct.induction_on` has been deprecated: Use `TensorProduction.inductionOn` instead
warning: ASGinzburg/BalancedTensorUniversal.lean:31:4: Unused tactic linter: `change f 0 = g 0` does nothing

Note: This linter can be disabled with `set_option linter.unusedTactic false`
warning: ASGinzburg/BalancedTensorUniversal.lean:34:4: Unused tactic linter: `change f (a + b) = g (a + b)` does nothing

Note: This linter can be disabled with `set_option linter.unusedTactic false`
⚠ [3540/4348] Built ASGinzburg.AlgebraEnvelopingBimoduleMaps (7.4s)
warning: ASGinzburg/AlgebraEnvelopingBimoduleMaps.lean:15:0: Definition `ASGinzburg.bimoduleEnvelopingModule` of class type is semireducible. Most type class instances should be instance-reducible, so consider marking this
definition with `@[instance_reducible]`. If it is intentionally semireducible, this warning can be disabled with `set_option warn.classDefReducibility false`.
warning: ASGinzburg/AlgebraEnvelopingBimoduleMaps.lean:21:2: Try this: 
  letI̵

The goal is a proposition, so `let` is preferred over `letI`.
The difference between `let` and `letI` is that `letI` inlines the value.
But this is not relevant for proofs because of proof irrelevance.

Note: This linter can be disabled with `set_option linter.style.haveILetI false`
warning: ASGinzburg/AlgebraEnvelopingBimoduleMaps.lean:28:2: Try this: 
  letI̵

The goal is a proposition, so `let` is preferred over `letI`.
The difference between `let` and `letI` is that `letI` inlines the value.
But this is not relevant for proofs because of proof irrelevance.

Note: This linter can be disabled with `set_option linter.style.haveILetI false`
warning: ASGinzburg/AlgebraEnvelopingBimoduleMaps.lean:78:2: Try this: 
  letI̵

The goal is a proposition, so `let` is preferred over `letI`.
The difference between `let` and `letI` is that `letI` inlines the value.
But this is not relevant for proofs because of proof irrelevance.

Note: This linter can be disabled with `set_option linter.style.haveILetI false`
warning: ASGinzburg/AlgebraEnvelopingBimoduleMaps.lean:79:2: Try this: 
  letI̵

The goal is a proposition, so `let` is preferred over `letI`.
The difference between `let` and `letI` is that `letI` inlines the value.
But this is not relevant for proofs because of proof irrelevance.

Note: This linter can be disabled with `set_option linter.style.haveILetI false`
✖ [3549/4348] Building ASGinzburg.GinzburgDegreeZeroAlgebra (6.6s)
trace: .> LEAN_PATH=/workspace/as-ginzburg-lean/.lake/packages/Cli/.lake/build/lib/lean:/workspace/as-ginzburg-lean/.lake/packages/batteries/.lake/build/lib/lean:/workspace/as-ginzburg-lean/.lake/packages/Qq/.lake/build/lib/lean:/workspace/as-ginzburg-lean/.lake/packages/aesop/.lake/build/lib/lean:/workspace/as-ginzburg-lean/.lake/packages/proofwidgets/.lake/build/lib/lean:/workspace/as-ginzburg-lean/.lake/packages/importGraph/.lake/build/lib/lean:/workspace/as-ginzburg-lean/.lake/packages/LeanSearchClient/.lake/build/lib/lean:/workspace/as-ginzburg-lean/.lake/packages/plausible/.lake/build/lib/lean:/workspace/as-ginzburg-lean/.lake/packages/mathlib/.lake/build/lib/lean:/workspace/as-ginzburg-lean/.lake/build/lib/lean /workspace/as-ginzburg-lean/work/lean-upgrade/lean-4.34.1-linux/bin/lean /workspace/as-ginzburg-lean/ASGinzburg/GinzburgDegreeZeroAlgebra.lean -o /workspace/as-ginzburg-lean/.lake/build/lib/lean/ASGinzburg/GinzburgDegreeZeroAlgebra.olean -i /workspace/as-ginzburg-lean/.lake/build/lib/lean/ASGinzburg/GinzburgDegreeZeroAlgebra.ilean -c /workspace/as-ginzburg-lean/.lake/build/ir/ASGinzburg/GinzburgDegreeZeroAlgebra.c --setup /workspace/as-ginzburg-lean/.lake/build/ir/ASGinzburg/GinzburgDegreeZeroAlgebra.setup.json --json
error: ASGinzburg/GinzburgDegreeZeroAlgebra.lean:55:18: unsolved goals
case snoc
Q : CutQuiver
u v w : Q.Vertex
p : Q.Path u v
v✝ : Q.Vertex
q : Q.Path v v✝
a : Q.Arrow
h : Q.source a = v✝
ih : originalGinzburg Q (p.comp q) = (originalGinzburg Q p).comp (originalGinzburg Q q)
⊢ ((originalGinzburg Q p).comp (originalGinzburg Q q)).snoc (GinzburgArrow.original a) h =
    ((originalGinzburg Q p).comp (originalGinzburg Q q)).snoc (GinzburgArrow.original a) h
⚠ [3562/4353] Built ASGinzburg.AlgebraEnvelopingTensorRightMaps (6.9s)
warning: ASGinzburg/AlgebraEnvelopingTensorRightMaps.lean:18:17: Definition `ASGinzburg.tensorRightEnvelopingModule` of class type is semireducible. Most type class instances should be instance-reducible, so consider marking this
definition with `@[instance_reducible]`. If it is intentionally semireducible, this warning can be disabled with `set_option warn.classDefReducibility false`.
✔ [3563/4353] Built ASGinzburg.FiniteComponentEmbeddings (5.2s)
✔ [3564/4353] Built ASGinzburg.FiniteComponentAlgebraMaps (6.2s)
✖ [3565/4353] Building ASGinzburg.BalancedTensorLeftUnit (3.9s)
trace: .> LEAN_PATH=/workspace/as-ginzburg-lean/.lake/packages/Cli/.lake/build/lib/lean:/workspace/as-ginzburg-lean/.lake/packages/batteries/.lake/build/lib/lean:/workspace/as-ginzburg-lean/.lake/packages/Qq/.lake/build/lib/lean:/workspace/as-ginzburg-lean/.lake/packages/aesop/.lake/build/lib/lean:/workspace/as-ginzburg-lean/.lake/packages/proofwidgets/.lake/build/lib/lean:/workspace/as-ginzburg-lean/.lake/packages/importGraph/.lake/build/lib/lean:/workspace/as-ginzburg-lean/.lake/packages/LeanSearchClient/.lake/build/lib/lean:/workspace/as-ginzburg-lean/.lake/packages/plausible/.lake/build/lib/lean:/workspace/as-ginzburg-lean/.lake/packages/mathlib/.lake/build/lib/lean:/workspace/as-ginzburg-lean/.lake/build/lib/lean /workspace/as-ginzburg-lean/work/lean-upgrade/lean-4.34.1-linux/bin/lean /workspace/as-ginzburg-lean/ASGinzburg/BalancedTensorLeftUnit.lean -o /workspace/as-ginzburg-lean/.lake/build/lib/lean/ASGinzburg/BalancedTensorLeftUnit.olean -i /workspace/as-ginzburg-lean/.lake/build/lib/lean/ASGinzburg/BalancedTensorLeftUnit.ilean -c /workspace/as-ginzburg-lean/.lake/build/ir/ASGinzburg/BalancedTensorLeftUnit.c --setup /workspace/as-ginzburg-lean/.lake/build/ir/ASGinzburg/BalancedTensorLeftUnit.setup.json --json
error: ASGinzburg/BalancedTensorLeftUnit.lean:30:36: Tactic `rewrite` failed: Did not find an occurrence of the pattern
  (balancedTensorLift ?k ?R ?M ?N ?f ?h) (balancedTensorTmul ?k ?R ?M ?N ?x ?y)
in the target expression
  (balancedTensorLeftUnitInverse k R N)
      ((balancedTensorLift k R R N (Algebra.lsmul k k N).toLinearMap ⋯) (balancedTensorTmul k R R N r y)) =
    balancedTensorTmul k R R N r y

case refine_2
k : Type u
inst✝⁷ : Field k
R : Type v
inst✝⁶ : Ring R
inst✝⁵ : Algebra k R
N : Type w
inst✝⁴ : AddCommGroup N
inst✝³ : Module k N
inst✝² : Module R N
inst✝¹ : SMulCommClass k R N
inst✝ : IsScalarTower k R N
z : BalancedTensorSpace k R R N
r : R
y : N
⊢ (balancedTensorLeftUnitInverse k R N)
      ((balancedTensorLift k R R N (Algebra.lsmul k k N).toLinearMap ⋯) (balancedTensorTmul k R R N r y)) =
    balancedTensorTmul k R R N r y

Note: The target expression is not type-correct under the `implicit` transparency level, which may have triggered the failure. This is usually caused by unfolding of semireducible definitions in prior tactic steps. Use `set_option linter.tacticCheckInstances true` to investigate the source of the issue.
Full error:
  Application type mismatch: The argument
    balancedTensorLeftUnitMap._proof_4 R N
  has type
    ∀ (r x : R) (y : N), @Eq N ((x * r) • y) (x • r • y)
  but is expected to have type
    ∀ (r x : R) (y : N),
      @Eq N (((Algebra.lsmul k k N).toLinearMap (MulOpposite.op r • x)) y)
        (((Algebra.lsmul k k N).toLinearMap x) (r • y))
  in the application
    balancedTensorLift k R R N (Algebra.lsmul k k N).toLinearMap ⋯
error: ASGinzburg/BalancedTensorLeftUnit.lean:39:34: Tactic `rewrite` failed: Did not find an occurrence of the pattern
  (balancedTensorLift ?k ?R ?M ?N ?f ?h) (balancedTensorTmul ?k ?R ?M ?N ?x ?y)
in the target expression
  (balancedTensorLift k R R N (Algebra.lsmul k k N).toLinearMap ⋯) (balancedTensorTmul k R R N 1 y) = y

k : Type u
inst✝⁷ : Field k
R : Type v
inst✝⁶ : Ring R
inst✝⁵ : Algebra k R
N : Type w
inst✝⁴ : AddCommGroup N
inst✝³ : Module k N
inst✝² : Module R N
inst✝¹ : SMulCommClass k R N
inst✝ : IsScalarTower k R N
y : N
⊢ (balancedTensorLift k R R N (Algebra.lsmul k k N).toLinearMap ⋯) (balancedTensorTmul k R R N 1 y) = y

Note: The target expression is not type-correct under the `implicit` transparency level, which may have triggered the failure. This is usually caused by unfolding of semireducible definitions in prior tactic steps. Use `set_option linter.tacticCheckInstances true` to investigate the source of the issue.
Full error:
  Application type mismatch: The argument
    balancedTensorLeftUnitMap._proof_4 R N
  has type
    ∀ (r x : R) (y : N), @Eq N ((x * r) • y) (x • r • y)
  but is expected to have type
    ∀ (r x : R) (y : N),
      @Eq N (((Algebra.lsmul k k N).toLinearMap (MulOpposite.op r • x)) y)
        (((Algebra.lsmul k k N).toLinearMap x) (r • y))
  in the application
    balancedTensorLift k R R N (Algebra.lsmul k k N).toLinearMap ⋯
✔ [3583/4422] Built ASGinzburg.FiniteComponentAlgebraEquiv (6.8s)
✔ [3588/4422] Built ASGinzburg.BalancedTensorLeftMaps (3.4s)
⚠ [3596/4422] Built ASGinzburg.BalancedTensorSwap (4.6s)
warning: ASGinzburg/BalancedTensorSwap.lean:13:0: Definition `ASGinzburg.balancedTensorDoubleOppositeModule` of class type is semireducible. Most type class instances should be instance-reducible, so consider marking this
definition with `@[instance_reducible]`. If it is intentionally semireducible, this warning can be disabled with `set_option warn.classDefReducibility false`.
warning: ASGinzburg/BalancedTensorSwap.lean:40:2: Try this: 
  letI̵

The goal is a proposition, so `let` is preferred over `letI`.
The difference between `let` and `letI` is that `letI` inlines the value.
But this is not relevant for proofs because of proof irrelevance.

Note: This linter can be disabled with `set_option linter.style.haveILetI false`
warning: ASGinzburg/BalancedTensorSwap.lean:58:2: Try this: 
  letI̵

The goal is a proposition, so `let` is preferred over `letI`.
The difference between `let` and `letI` is that `letI` inlines the value.
But this is not relevant for proofs because of proof irrelevance.

Note: This linter can be disabled with `set_option linter.style.haveILetI false`
warning: ASGinzburg/BalancedTensorSwap.lean:76:4: Try this: 
  letI̵

The goal is a proposition, so `let` is preferred over `letI`.
The difference between `let` and `letI` is that `letI` inlines the value.
But this is not relevant for proofs because of proof irrelevance.

Note: This linter can be disabled with `set_option linter.style.haveILetI false`
✔ [3605/4422] Built ASGinzburg.BalancedTensorRightMaps (3.3s)
✖ [3606/4422] Building ASGinzburg.BalancedTensorEnvelopingComparison (9.5s)
trace: .> LEAN_PATH=/workspace/as-ginzburg-lean/.lake/packages/Cli/.lake/build/lib/lean:/workspace/as-ginzburg-lean/.lake/packages/batteries/.lake/build/lib/lean:/workspace/as-ginzburg-lean/.lake/packages/Qq/.lake/build/lib/lean:/workspace/as-ginzburg-lean/.lake/packages/aesop/.lake/build/lib/lean:/workspace/as-ginzburg-lean/.lake/packages/proofwidgets/.lake/build/lib/lean:/workspace/as-ginzburg-lean/.lake/packages/importGraph/.lake/build/lib/lean:/workspace/as-ginzburg-lean/.lake/packages/LeanSearchClient/.lake/build/lib/lean:/workspace/as-ginzburg-lean/.lake/packages/plausible/.lake/build/lib/lean:/workspace/as-ginzburg-lean/.lake/packages/mathlib/.lake/build/lib/lean:/workspace/as-ginzburg-lean/.lake/build/lib/lean /workspace/as-ginzburg-lean/work/lean-upgrade/lean-4.34.1-linux/bin/lean /workspace/as-ginzburg-lean/ASGinzburg/BalancedTensorEnvelopingComparison.lean -o /workspace/as-ginzburg-lean/.lake/build/lib/lean/ASGinzburg/BalancedTensorEnvelopingComparison.olean -i /workspace/as-ginzburg-lean/.lake/build/lib/lean/ASGinzburg/BalancedTensorEnvelopingComparison.ilean -c /workspace/as-ginzburg-lean/.lake/build/ir/ASGinzburg/BalancedTensorEnvelopingComparison.c --setup /workspace/as-ginzburg-lean/.lake/build/ir/ASGinzburg/BalancedTensorEnvelopingComparison.setup.json --json
warning: ASGinzburg/BalancedTensorEnvelopingComparison.lean:16:17: Definition `ASGinzburg.tensorRightEnvelopingModule` of class type is semireducible. Most type class instances should be instance-reducible, so consider marking this
definition with `@[instance_reducible]`. If it is intentionally semireducible, this warning can be disabled with `set_option warn.classDefReducibility false`.
warning: ASGinzburg/BalancedTensorEnvelopingComparison.lean:16:17: Definition `ASGinzburg.regularEnvelopingModule` of class type is semireducible. Most type class instances should be instance-reducible, so consider marking this
definition with `@[instance_reducible]`. If it is intentionally semireducible, this warning can be disabled with `set_option warn.classDefReducibility false`.
warning: ASGinzburg/BalancedTensorEnvelopingComparison.lean:45:20: `TensorProduct.induction_on` has been deprecated: Use `TensorProduction.inductionOn` instead
error: ASGinzburg/BalancedTensorEnvelopingComparison.lean:46:9: unsolved goals
case zero
k : Type u
inst✝¹⁰ : Field k
R : Type v
inst✝⁹ : Ring R
inst✝⁸ : Algebra k R
M : Type w
inst✝⁷ : AddCommGroup M
inst✝⁶ : Module k M
inst✝⁵ : Module Rᵐᵒᵖ M
N : Type z
inst✝⁴ : AddCommGroup N
inst✝³ : Module k N
inst✝² : Module R N
inst✝¹ : IsScalarTower k Rᵐᵒᵖ M
inst✝ : IsScalarTower k R N
x : M ⊗[k] N
r : R
⊢ ((balancedTensorEnvelopingPairEvaluation k R M N) r) (0 • x) =
    ((balancedTensorEnvelopingPairEvaluation k R M N) (0 • r)) x
warning: ASGinzburg/BalancedTensorEnvelopingComparison.lean:48:24: `TensorProduct.induction_on` has been deprecated: Use `TensorProduction.inductionOn` instead
warning: ASGinzburg/BalancedTensorEnvelopingComparison.lean:46:44: This simp argument is unused:
  zero_smul

Hint: Omit it from the simp argument list.
  [apply] simp only [MulOpposite.op_zero, map_zero, LinearMap.zero_apply]

Note: This linter can be disabled with `set_option linter.unusedSimpArgs false`
warning: ASGinzburg/BalancedTensorEnvelopingComparison.lean:46:55: This simp argument is unused:
  map_zero

Hint: Omit it from the simp argument list.
  [apply] simp only [MulOpposite.op_zero, zero_smul, LinearMap.zero_apply]

Note: This linter can be disabled with `set_option linter.unusedSimpArgs false`
warning: ASGinzburg/BalancedTensorEnvelopingComparison.lean:46:65: This simp argument is unused:
  LinearMap.zero_apply

Hint: Omit it from the simp argument list.
  [apply] simp only [MulOpposite.op_zero, zero_smul, map_zero]

Note: This linter can be disabled with `set_option linter.unusedSimpArgs false`
error: ASGinzburg/BalancedTensorEnvelopingComparison.lean:77:45: Tactic `rewrite` failed: Did not find an occurrence of the pattern
  (balancedTensorLift ?k ?R ?M ?N ?f ?h) (balancedTensorTmul ?k ?R ?M ?N ?x ?y)
in the target expression
  (balancedTensorLift k (AlgebraEnvelopingRing k R) (M ⊗[k] N) R (balancedTensorEnvelopingPairEvaluation k R M N).flip
        ⋯)
      (balancedTensorTmul k (AlgebraEnvelopingRing k R) (M ⊗[k] N) R (m ⊗ₜ[k] n) r) =
    balancedTensorTmul k R M N m (r • n)

k : Type u
inst✝¹⁰ : Field k
R : Type v
inst✝⁹ : Ring R
inst✝⁸ : Algebra k R
M : Type w
inst✝⁷ : AddCommGroup M
inst✝⁶ : Module k M
inst✝⁵ : Module Rᵐᵒᵖ M
N : Type z
inst✝⁴ : AddCommGroup N
inst✝³ : Module k N
inst✝² : Module R N
inst✝¹ : IsScalarTower k Rᵐᵒᵖ M
inst✝ : IsScalarTower k R N
m : M
n : N
r : R
⊢ (balancedTensorLift k (AlgebraEnvelopingRing k R) (M ⊗[k] N) R (balancedTensorEnvelopingPairEvaluation k R M N).flip
        ⋯)
      (balancedTensorTmul k (AlgebraEnvelopingRing k R) (M ⊗[k] N) R (m ⊗ₜ[k] n) r) =
    balancedTensorTmul k R M N m (r • n)

Note: The target expression is not type-correct under the `implicit` transparency level, which may have triggered the failure. This is usually caused by unfolding of semireducible definitions in prior tactic steps. Use `set_option linter.tacticCheckInstances true` to investigate the source of the issue.
Full error:
  Application type mismatch: The argument
    balancedTensorEnvelopingPairEvaluation_balance k R M N
  has type
    ∀ (e : AlgebraEnvelopingRing k R) (x : M ⊗[k] N) (r : R),
      @Eq (BalancedTensorSpace k R M N) (((balancedTensorEnvelopingPairEvaluation k R M N) r) (MulOpposite.op e • x))
        (((balancedTensorEnvelopingPairEvaluation k R M N) (e • r)) x)
  but is expected to have type
    ∀ (r : AlgebraEnvelopingRing k R) (x : M ⊗[k] N) (y : R),
      @Eq (BalancedTensorSpace k R M N)
        (((balancedTensorEnvelopingPairEvaluation k R M N).flip (MulOpposite.op r • x)) y)
        (((balancedTensorEnvelopingPairEvaluation k R M N).flip x) (r • y))
  in the application
    balancedTensorLift k (AlgebraEnvelopingRing k R) (M ⊗[k] N) R (balancedTensorEnvelopingPairEvaluation k R M N).flip
      ⋯
error: ASGinzburg/BalancedTensorEnvelopingComparison.lean:106:49: Tactic `rewrite` failed: Did not find an occurrence of the pattern
  (balancedTensorLift ?k ?R ?M ?N ?f ?h) (balancedTensorTmul ?k ?R ?M ?N ?x ?y)
in the target expression
  (balancedTensorLift k R M N ((TensorProduct.mk k M N).compr₂ (balancedTensorEnvelopingInsertion k R M N)) ⋯)
      (balancedTensorTmul k R M N m n) =
    balancedTensorTmul k (AlgebraEnvelopingRing k R) (M ⊗[k] N) R (m ⊗ₜ[k] n) 1

k : Type u
inst✝¹⁰ : Field k
R : Type v
inst✝⁹ : Ring R
inst✝⁸ : Algebra k R
M : Type w
inst✝⁷ : AddCommGroup M
inst✝⁶ : Module k M
inst✝⁵ : Module Rᵐᵒᵖ M
N : Type z
inst✝⁴ : AddCommGroup N
inst✝³ : Module k N
inst✝² : Module R N
inst✝¹ : IsScalarTower k Rᵐᵒᵖ M
inst✝ : IsScalarTower k R N
m : M
n : N
⊢ (balancedTensorLift k R M N ((TensorProduct.mk k M N).compr₂ (balancedTensorEnvelopingInsertion k R M N)) ⋯)
      (balancedTensorTmul k R M N m n) =
    balancedTensorTmul k (AlgebraEnvelopingRing k R) (M ⊗[k] N) R (m ⊗ₜ[k] n) 1

Note: The target expression is not type-correct under the `implicit` transparency level, which may have triggered the failure. This is usually caused by unfolding of semireducible definitions in prior tactic steps. Use `set_option linter.tacticCheckInstances true` to investigate the source of the issue.
Full error:
  Application type mismatch: The argument
    balancedTensorEnvelopingInsertion_balance k R M N
  has type
    ∀ (a : R) (m : M) (n : N),
      @Eq (BalancedTensorSpace k (AlgebraEnvelopingRing k R) (M ⊗[k] N) R)
        ((balancedTensorEnvelopingInsertion k R M N) ((MulOpposite.op a • m) ⊗ₜ[k] n))
        ((balancedTensorEnvelopingInsertion k R M N) (m ⊗ₜ[k] (a • n)))
  but is expected to have type
    ∀ (r : R) (x : M) (y : N),
      @Eq (BalancedTensorSpace k (AlgebraEnvelopingRing k R) (M ⊗[k] N) R)
        ((((TensorProduct.mk k M N).compr₂ (balancedTensorEnvelopingInsertion k R M N)) (MulOpposite.op r • x)) y)
        ((((TensorProduct.mk k M N).compr₂ (balancedTensorEnvelopingInsertion k R M N)) x) (r • y))
  in the application
    balancedTensorLift k R M N ((TensorProduct.mk k M N).compr₂ (balancedTensorEnvelopingInsertion k R M N)) ⋯
warning: ASGinzburg/BalancedTensorEnvelopingComparison.lean:122:24: `TensorProduct.induction_on` has been deprecated: Use `TensorProduction.inductionOn` instead
warning: ASGinzburg/BalancedTensorEnvelopingComparison.lean:144:6: Unused tactic linter: `change
  balancedTensorEnvelopingComparisonMap k R M N (balancedTensorEnvelopingComparisonInverse k R M N 0) = 0` does nothing

Note: This linter can be disabled with `set_option linter.unusedTactic false`
✔ [3608/4422] Built ASGinzburg.ModuleCatHomUniverseExt (3.7s)
⚠ [3609/4422] Replayed ASGinzburg.AlgebraEnvelopingModuleRestrictions
warning: ASGinzburg/AlgebraEnvelopingModuleRestrictions.lean:13:0: Definition `ASGinzburg.envelopingLeftModule` of class type is semireducible. Most type class instances should be instance-reducible, so consider marking this
definition with `@[instance_reducible]`. If it is intentionally semireducible, this warning can be disabled with `set_option warn.classDefReducibility false`.
warning: ASGinzburg/AlgebraEnvelopingModuleRestrictions.lean:16:0: Definition `ASGinzburg.envelopingRightModule` of class type is semireducible. Most type class instances should be instance-reducible, so consider marking this
definition with `@[instance_reducible]`. If it is intentionally semireducible, this warning can be disabled with `set_option warn.classDefReducibility false`.
warning: ASGinzburg/AlgebraEnvelopingModuleRestrictions.lean:22:2: Try this: 
  letI̵

The goal is a proposition, so `let` is preferred over `letI`.
The difference between `let` and `letI` is that `letI` inlines the value.
But this is not relevant for proofs because of proof irrelevance.

Note: This linter can be disabled with `set_option linter.style.haveILetI false`
warning: ASGinzburg/AlgebraEnvelopingModuleRestrictions.lean:19:0: Definition `ASGinzburg.envelopingLeftScalarTower` of class type is semireducible. Most type class instances should be instance-reducible, so consider marking this
definition with `@[instance_reducible]`. If it is intentionally semireducible, this warning can be disabled with `set_option warn.classDefReducibility false`.
warning: ASGinzburg/AlgebraEnvelopingModuleRestrictions.lean:19:0: Definition `envelopingLeftScalarTower` is a proposition; use `theorem` instead of `def`

Note: This linter can be disabled with `set_option linter.defProp false`
warning: ASGinzburg/AlgebraEnvelopingModuleRestrictions.lean:33:2: Try this: 
  letI̵

The goal is a proposition, so `let` is preferred over `letI`.
The difference between `let` and `letI` is that `letI` inlines the value.
But this is not relevant for proofs because of proof irrelevance.

Note: This linter can be disabled with `set_option linter.style.haveILetI false`
warning: ASGinzburg/AlgebraEnvelopingModuleRestrictions.lean:30:0: Definition `ASGinzburg.envelopingRightScalarTower` of class type is semireducible. Most type class instances should be instance-reducible, so consider marking this
definition with `@[instance_reducible]`. If it is intentionally semireducible, this warning can be disabled with `set_option warn.classDefReducibility false`.
warning: ASGinzburg/AlgebraEnvelopingModuleRestrictions.lean:30:0: Definition `envelopingRightScalarTower` is a proposition; use `theorem` instead of `def`

Note: This linter can be disabled with `set_option linter.defProp false`
warning: ASGinzburg/AlgebraEnvelopingModuleRestrictions.lean:45:2: Try this: 
  letI̵

The goal is a proposition, so `let` is preferred over `letI`.
The difference between `let` and `letI` is that `letI` inlines the value.
But this is not relevant for proofs because of proof irrelevance.

Note: This linter can be disabled with `set_option linter.style.haveILetI false`
warning: ASGinzburg/AlgebraEnvelopingModuleRestrictions.lean:46:2: Try this: 
  letI̵

The goal is a proposition, so `let` is preferred over `letI`.
The difference between `let` and `letI` is that `letI` inlines the value.
But this is not relevant for proofs because of proof irrelevance.

Note: This linter can be disabled with `set_option linter.style.haveILetI false`
warning: ASGinzburg/AlgebraEnvelopingModuleRestrictions.lean:41:0: Definition `ASGinzburg.envelopingActionsCommute` of class type is semireducible. Most type class instances should be instance-reducible, so consider marking this
definition with `@[instance_reducible]`. If it is intentionally semireducible, this warning can be disabled with `set_option warn.classDefReducibility false`.
warning: ASGinzburg/AlgebraEnvelopingModuleRestrictions.lean:41:0: Definition `envelopingActionsCommute` is a proposition; use `theorem` instead of `def`

Note: This linter can be disabled with `set_option linter.defProp false`
✔ [3611/4422] Built ASGinzburg.FiniteComponentIdempotents (5.2s)
⚠ [3612/4422] Replayed ASGinzburg.FiniteBiproductProjectiveResolution
warning: ASGinzburg/FiniteBiproductProjectiveResolution.lean:62:2: Try this: 
  haveI̵

The goal is a proposition, so `have` is preferred over `haveI`.
The difference between `have` and `haveI` is that `haveI` inlines the value.
But this is not relevant for proofs because of proof irrelevance.

Note: This linter can be disabled with `set_option linter.style.haveILetI false`
warning: ASGinzburg/FiniteBiproductProjectiveResolution.lean:67:2: Try this: 
  haveI̵

The goal is a proposition, so `have` is preferred over `haveI`.
The difference between `have` and `haveI` is that `haveI` inlines the value.
But this is not relevant for proofs because of proof irrelevance.

Note: This linter can be disabled with `set_option linter.style.haveILetI false`
warning: ASGinzburg/FiniteBiproductProjectiveResolution.lean:85:4: Try this: 
  haveI̵

The goal is a proposition, so `have` is preferred over `haveI`.
The difference between `have` and `haveI` is that `haveI` inlines the value.
But this is not relevant for proofs because of proof irrelevance.

Note: This linter can be disabled with `set_option linter.style.haveILetI false`
warning: ASGinzburg/FiniteBiproductProjectiveResolution.lean:90:4: Try this: 
  letI̵

The goal is a proposition, so `let` is preferred over `letI`.
The difference between `let` and `letI` is that `letI` inlines the value.
But this is not relevant for proofs because of proof irrelevance.

Note: This linter can be disabled with `set_option linter.style.haveILetI false`
warning: ASGinzburg/FiniteBiproductProjectiveResolution.lean:127:2: Try this: 
  letI̵

The goal is a proposition, so `let` is preferred over `letI`.
The difference between `let` and `letI` is that `letI` inlines the value.
But this is not relevant for proofs because of proof irrelevance.

Note: This linter can be disabled with `set_option linter.style.haveILetI false`
⚠ [3613/4422] Replayed ASGinzburg.AlgebraEnvelopingRegularFinite
warning: ASGinzburg/AlgebraEnvelopingRegularFinite.lean:26:2: Try this: 
  letI̵

The goal is a proposition, so `let` is preferred over `letI`.
The difference between `let` and `letI` is that `letI` inlines the value.
But this is not relevant for proofs because of proof irrelevance.

Note: This linter can be disabled with `set_option linter.style.haveILetI false`
⚠ [3614/4422] Replayed ASGinzburg.ModuleCatFiniteCoproduct
warning: ASGinzburg/ModuleCatFiniteCoproduct.lean:21:2: Try this: 
  letI̵

The goal is a proposition, so `let` is preferred over `letI`.
The difference between `let` and `letI` is that `letI` inlines the value.
But this is not relevant for proofs because of proof irrelevance.

Note: This linter can be disabled with `set_option linter.style.haveILetI false`
✔ [3615/4422] Built ASGinzburg.ScalarQuotientVertexDecomposition (6.7s)
✖ [3635/4422] Building ASGinzburg.ProjectiveDimensionThreeDerivedVanishing (4.5s)
trace: .> LEAN_PATH=/workspace/as-ginzburg-lean/.lake/packages/Cli/.lake/build/lib/lean:/workspace/as-ginzburg-lean/.lake/packages/batteries/.lake/build/lib/lean:/workspace/as-ginzburg-lean/.lake/packages/Qq/.lake/build/lib/lean:/workspace/as-ginzburg-lean/.lake/packages/aesop/.lake/build/lib/lean:/workspace/as-ginzburg-lean/.lake/packages/proofwidgets/.lake/build/lib/lean:/workspace/as-ginzburg-lean/.lake/packages/importGraph/.lake/build/lib/lean:/workspace/as-ginzburg-lean/.lake/packages/LeanSearchClient/.lake/build/lib/lean:/workspace/as-ginzburg-lean/.lake/packages/plausible/.lake/build/lib/lean:/workspace/as-ginzburg-lean/.lake/packages/mathlib/.lake/build/lib/lean:/workspace/as-ginzburg-lean/.lake/build/lib/lean /workspace/as-ginzburg-lean/work/lean-upgrade/lean-4.34.1-linux/bin/lean /workspace/as-ginzburg-lean/ASGinzburg/ProjectiveDimensionThreeDerivedVanishing.lean -o /workspace/as-ginzburg-lean/.lake/build/lib/lean/ASGinzburg/ProjectiveDimensionThreeDerivedVanishing.olean -i /workspace/as-ginzburg-lean/.lake/build/lib/lean/ASGinzburg/ProjectiveDimensionThreeDerivedVanishing.ilean -c /workspace/as-ginzburg-lean/.lake/build/ir/ASGinzburg/ProjectiveDimensionThreeDerivedVanishing.c --setup /workspace/as-ginzburg-lean/.lake/build/ir/ASGinzburg/ProjectiveDimensionThreeDerivedVanishing.setup.json --json
error: ASGinzburg/ProjectiveDimensionThreeDerivedVanishing.lean:24:5: Function expected at
  projective_iff_hasProjectiveDimensionLT_one
but this term has type
  Projective ?m.142 ↔ HasProjectiveDimensionLT ?m.142 1

Note: Expected a function because this term is being applied to the argument
  _
✔ [3636/4422] Built ASGinzburg.BalancedTensorRightUnit (5.1s)
✔ [3657/4422] Built ASGinzburg.BalancedTensorQuotient (7.3s)
⚠ [3659/4422] Replayed ASGinzburg.ModuleCatRestrictionHomology
warning: ASGinzburg/ModuleCatRestrictionHomology.lean:13:0: Definition `ASGinzburg.moduleCatRestrictionPreservesHomology` of class type is semireducible. Most type class instances should be instance-reducible, so consider marking this
definition with `@[instance_reducible]`. If it is intentionally semireducible, this warning can be disabled with `set_option warn.classDefReducibility false`.
warning: ASGinzburg/ModuleCatRestrictionHomology.lean:13:0: Definition `moduleCatRestrictionPreservesHomology` is a proposition; use `theorem` instead of `def`

Note: This linter can be disabled with `set_option linter.defProp false`
warning: ASGinzburg/ModuleCatRestrictionHomology.lean:20:0: Definition `ASGinzburg.moduleCatRestrictionReflectsIsomorphisms` of class type is semireducible. Most type class instances should be instance-reducible, so consider marking this
definition with `@[instance_reducible]`. If it is intentionally semireducible, this warning can be disabled with `set_option warn.classDefReducibility false`.
warning: ASGinzburg/ModuleCatRestrictionHomology.lean:20:0: Definition `moduleCatRestrictionReflectsIsomorphisms` is a proposition; use `theorem` instead of `def`

Note: This linter can be disabled with `set_option linter.defProp false`
⚠ [3660/4422] Built ASGinzburg.AlgebraEnvelopingTensorRegularFree (6.4s)
warning: ASGinzburg/AlgebraEnvelopingTensorRegularFree.lean:11:17: Definition `ASGinzburg.tensorRightEnvelopingModule` of class type is semireducible. Most type class instances should be instance-reducible, so consider marking this
definition with `@[instance_reducible]`. If it is intentionally semireducible, this warning can be disabled with `set_option warn.classDefReducibility false`.
warning: ASGinzburg/AlgebraEnvelopingTensorRegularFree.lean:64:2: Try this: 
  letI̵

The goal is a proposition, so `let` is preferred over `letI`.
The difference between `let` and `letI` is that `letI` inlines the value.
But this is not relevant for proofs because of proof irrelevance.

Note: This linter can be disabled with `set_option linter.style.haveILetI false`
✔ [3661/4422] Built ASGinzburg.BalancedTensorMinimalMaps (5.0s)
✔ [3662/4422] Built ASGinzburg.BalancedTensorLeftFunctor (5.5s)
⚠ [3663/4422] Replayed ASGinzburg.ProjectiveResolutionMapAfterRestriction
warning: ASGinzburg/ProjectiveResolutionMapAfterRestriction.lean:24:2: Try this: 
  letI̵

The goal is a proposition, so `let` is preferred over `letI`.
The difference between `let` and `letI` is that `letI` inlines the value.
But this is not relevant for proofs because of proof irrelevance.

Note: This linter can be disabled with `set_option linter.style.haveILetI false`
⚠ [3664/4422] Built ASGinzburg.BalancedTensorSwapNaturality (5.5s)
warning: ASGinzburg/BalancedTensorSwapNaturality.lean:19:2: Try this: 
  letI̵

The goal is a proposition, so `let` is preferred over `letI`.
The difference between `let` and `letI` is that `letI` inlines the value.
But this is not relevant for proofs because of proof irrelevance.

Note: This linter can be disabled with `set_option linter.style.haveILetI false`
warning: ASGinzburg/BalancedTensorSwapNaturality.lean:16:0: Definition `ASGinzburg.balancedTensorDoubleOppositeIsScalarTower` of class type is semireducible. Most type class instances should be instance-reducible, so consider marking this
definition with `@[instance_reducible]`. If it is intentionally semireducible, this warning can be disabled with `set_option warn.classDefReducibility false`.
warning: ASGinzburg/BalancedTensorSwapNaturality.lean:16:0: Definition `balancedTensorDoubleOppositeIsScalarTower` is a proposition; use `theorem` instead of `def`

Note: This linter can be disabled with `set_option linter.defProp false`
warning: ASGinzburg/BalancedTensorSwapNaturality.lean:35:2: Try this: 
  letI̵

The goal is a proposition, so `let` is preferred over `letI`.
The difference between `let` and `letI` is that `letI` inlines the value.
But this is not relevant for proofs because of proof irrelevance.

Note: This linter can be disabled with `set_option linter.style.haveILetI false`
⚠ [3665/4422] Built ASGinzburg.AlgebraEnvelopingTensorBifunctor (9.4s)
warning: ASGinzburg/AlgebraEnvelopingTensorBifunctor.lean:13:17: Definition `ASGinzburg.tensorRightEnvelopingModule` of class type is semireducible. Most type class instances should be instance-reducible, so consider marking this
definition with `@[instance_reducible]`. If it is intentionally semireducible, this warning can be disabled with `set_option warn.classDefReducibility false`.
✔ [3686/4422] Built ASGinzburg.BalancedTensorRightMapLaws (4.7s)
⚠ [3687/4422] Replayed ASGinzburg.ScalarProductSeparability
warning: ASGinzburg/ScalarProductSeparability.lean:36:0: Definition `ASGinzburg.scalarProductEnvelopingModule` of class type is semireducible. Most type class instances should be instance-reducible, so consider marking this
definition with `@[instance_reducible]`. If it is intentionally semireducible, this warning can be disabled with `set_option warn.classDefReducibility false`.
warning: ASGinzburg/ScalarProductSeparability.lean:43:2: Try this: 
  letI̵

The goal is a proposition, so `let` is preferred over `letI`.
The difference between `let` and `letI` is that `letI` inlines the value.
But this is not relevant for proofs because of proof irrelevance.

Note: This linter can be disabled with `set_option linter.style.haveILetI false`
⚠ [3712/4428] Built ASGinzburg.AlgebraEnvelopingRestrictedProjective (4.0s)
warning: ASGinzburg/AlgebraEnvelopingRestrictedProjective.lean:43:2: Try this: 
  letI̵

The goal is a proposition, so `let` is preferred over `letI`.
The difference between `let` and `letI` is that `letI` inlines the value.
But this is not relevant for proofs because of proof irrelevance.

Note: This linter can be disabled with `set_option linter.style.haveILetI false`
warning: ASGinzburg/AlgebraEnvelopingRestrictedProjective.lean:44:2: Try this: 
  letI̵

The goal is a proposition, so `let` is preferred over `letI`.
The difference between `let` and `letI` is that `letI` inlines the value.
But this is not relevant for proofs because of proof irrelevance.

Note: This linter can be disabled with `set_option linter.style.haveILetI false`
warning: ASGinzburg/AlgebraEnvelopingRestrictedProjective.lean:45:2: Try this: 
  haveI̵

The goal is a proposition, so `have` is preferred over `haveI`.
The difference between `have` and `haveI` is that `haveI` inlines the value.
But this is not relevant for proofs because of proof irrelevance.

Note: This linter can be disabled with `set_option linter.style.haveILetI false`
⚠ [3713/4428] Built ASGinzburg.ScalarQuotientProjectiveDimension (4.7s)
warning: ASGinzburg/ScalarQuotientProjectiveDimension.lean:26:2: Try this: 
  letI̵

The goal is a proposition, so `let` is preferred over `letI`.
The difference between `let` and `letI` is that `letI` inlines the value.
But this is not relevant for proofs because of proof irrelevance.

Note: This linter can be disabled with `set_option linter.style.haveILetI false`
✔ [3714/4428] Built ASGinzburg.FiniteComponentMapEmbeddings (5.7s)
✔ [3715/4428] Built ASGinzburg.BalancedTensorScalarRestriction (3.9s)
✔ [3716/4428] Built ASGinzburg.FiniteComponentDecomposition (5.7s)
✔ [3763/4442] Built ASGinzburg.BalancedTensorRightFunctor (2.0s)
✖ [3820/4586] Building ASGinzburg.AlgebraEnvelopingTensorFinsuppFree (8.6s)
trace: .> LEAN_PATH=/workspace/as-ginzburg-lean/.lake/packages/Cli/.lake/build/lib/lean:/workspace/as-ginzburg-lean/.lake/packages/batteries/.lake/build/lib/lean:/workspace/as-ginzburg-lean/.lake/packages/Qq/.lake/build/lib/lean:/workspace/as-ginzburg-lean/.lake/packages/aesop/.lake/build/lib/lean:/workspace/as-ginzburg-lean/.lake/packages/proofwidgets/.lake/build/lib/lean:/workspace/as-ginzburg-lean/.lake/packages/importGraph/.lake/build/lib/lean:/workspace/as-ginzburg-lean/.lake/packages/LeanSearchClient/.lake/build/lib/lean:/workspace/as-ginzburg-lean/.lake/packages/plausible/.lake/build/lib/lean:/workspace/as-ginzburg-lean/.lake/packages/mathlib/.lake/build/lib/lean:/workspace/as-ginzburg-lean/.lake/build/lib/lean /workspace/as-ginzburg-lean/work/lean-upgrade/lean-4.34.1-linux/bin/lean /workspace/as-ginzburg-lean/ASGinzburg/AlgebraEnvelopingTensorFinsuppFree.lean -o /workspace/as-ginzburg-lean/.lake/build/lib/lean/ASGinzburg/AlgebraEnvelopingTensorFinsuppFree.olean -i /workspace/as-ginzburg-lean/.lake/build/lib/lean/ASGinzburg/AlgebraEnvelopingTensorFinsuppFree.ilean -c /workspace/as-ginzburg-lean/.lake/build/ir/ASGinzburg/AlgebraEnvelopingTensorFinsuppFree.c --setup /workspace/as-ginzburg-lean/.lake/build/ir/ASGinzburg/AlgebraEnvelopingTensorFinsuppFree.setup.json --json
warning: ASGinzburg/AlgebraEnvelopingTensorFinsuppFree.lean:12:17: Definition `ASGinzburg.tensorRightEnvelopingModule` of class type is semireducible. Most type class instances should be instance-reducible, so consider marking this
definition with `@[instance_reducible]`. If it is intentionally semireducible, this warning can be disabled with `set_option warn.classDefReducibility false`.
warning: ASGinzburg/AlgebraEnvelopingTensorFinsuppFree.lean:27:22: `TensorProduct.induction_on` has been deprecated: Use `TensorProduction.inductionOn` instead
error: ASGinzburg/AlgebraEnvelopingTensorFinsuppFree.lean:28:11: unsolved goals
case zero
k : Type u
inst✝² : Field k
R : Type v
inst✝¹ : Ring R
inst✝ : Algebra k R
I : Type w
J : Type z
x : (I →₀ R) ⊗[k] (J →₀ R)
p : I × J
⊢ ((finsuppTensorFinsupp k k R R I J) (0 • x)) p = 0 • ((finsuppTensorFinsupp k k R R I J) x) p
warning: ASGinzburg/AlgebraEnvelopingTensorFinsuppFree.lean:34:26: `TensorProduct.induction_on` has been deprecated: Use `TensorProduction.inductionOn` instead
warning: ASGinzburg/AlgebraEnvelopingTensorFinsuppFree.lean:29:40: This simp argument is unused:
  zero_smul

Hint: Omit it from the simp argument list.
  [apply] simp only [MulOpposite.op_zero, map_zero]

Note: This linter can be disabled with `set_option linter.unusedSimpArgs false`
warning: ASGinzburg/AlgebraEnvelopingTensorFinsuppFree.lean:29:51: This simp argument is unused:
  map_zero

Hint: Omit it from the simp argument list.
  [apply] simp only [MulOpposite.op_zero, zero_smul]

Note: This linter can be disabled with `set_option linter.unusedSimpArgs false`
warning: ASGinzburg/AlgebraEnvelopingTensorFinsuppFree.lean:32:19: This simp argument is unused:
  Finsupp.zero_apply

Hint: Omit it from the simp argument list.
  [apply] simp only [Finsupp.smul_apply, zero_smul]

Note: This linter can be disabled with `set_option linter.unusedSimpArgs false`
warning: ASGinzburg/AlgebraEnvelopingTensorFinsuppFree.lean:32:59: This simp argument is unused:
  zero_smul

Hint: Omit it from the simp argument list.
  [apply] simp only [Finsupp.zero_apply, Finsupp.smul_apply]

Note: This linter can be disabled with `set_option linter.unusedSimpArgs false`
warning: ASGinzburg/AlgebraEnvelopingTensorFinsuppFree.lean:84:2: Try this: 
  letI̵

The goal is a proposition, so `let` is preferred over `letI`.
The difference between `let` and `letI` is that `letI` inlines the value.
But this is not relevant for proofs because of proof irrelevance.

Note: This linter can be disabled with `set_option linter.style.haveILetI false`
⚠ [3826/4586] Replayed ASGinzburg.ModuleFieldRestrictionResolution
warning: ASGinzburg/ModuleFieldRestrictionResolution.lean:17:2: Try this: 
  letI̵

The goal is a proposition, so `let` is preferred over `letI`.
The difference between `let` and `letI` is that `letI` inlines the value.
But this is not relevant for proofs because of proof irrelevance.

Note: This linter can be disabled with `set_option linter.style.haveILetI false`
warning: ASGinzburg/ModuleFieldRestrictionResolution.lean:23:2: Try this: 
  letI̵

The goal is a proposition, so `let` is preferred over `letI`.
The difference between `let` and `letI` is that `letI` inlines the value.
But this is not relevant for proofs because of proof irrelevance.

Note: This linter can be disabled with `set_option linter.style.haveILetI false`
✔ [3859/4667] Built ASGinzburg.BalancedTensorMinimalComplex (4.4s)
⚠ [3864/4667] Replayed ASGinzburg.ModuleCatRestrictionColimits
warning: ASGinzburg/ModuleCatRestrictionColimits.lean:10:0: Definition `ASGinzburg.moduleCatRestrictionPreservesSmallColimits` of class type is semireducible. Most type class instances should be instance-reducible, so consider marking this
definition with `@[instance_reducible]`. If it is intentionally semireducible, this warning can be disabled with `set_option warn.classDefReducibility false`.
warning: ASGinzburg/ModuleCatRestrictionColimits.lean:10:0: Definition `moduleCatRestrictionPreservesSmallColimits` is a proposition; use `theorem` instead of `def`

Note: This linter can be disabled with `set_option linter.defProp false`
warning: ASGinzburg/ModuleCatRestrictionColimits.lean:18:2: Try this: 
  letI̵

The goal is a proposition, so `let` is preferred over `letI`.
The difference between `let` and `letI` is that `letI` inlines the value.
But this is not relevant for proofs because of proof irrelevance.

Note: This linter can be disabled with `set_option linter.style.haveILetI false`
warning: ASGinzburg/ModuleCatRestrictionColimits.lean:19:2: Try this: 
  letI̵

The goal is a proposition, so `let` is preferred over `letI`.
The difference between `let` and `letI` is that `letI` inlines the value.
But this is not relevant for proofs because of proof irrelevance.

Note: This linter can be disabled with `set_option linter.style.haveILetI false`
warning: ASGinzburg/ModuleCatRestrictionColimits.lean:16:0: Definition `ASGinzburg.moduleCatRestrictionReflectsSmallColimits` of class type is semireducible. Most type class instances should be instance-reducible, so consider marking this
definition with `@[instance_reducible]`. If it is intentionally semireducible, this warning can be disabled with `set_option warn.classDefReducibility false`.
warning: ASGinzburg/ModuleCatRestrictionColimits.lean:16:0: Definition `moduleCatRestrictionReflectsSmallColimits` is a proposition; use `theorem` instead of `def`

Note: This linter can be disabled with `set_option linter.defProp false`
⚠ [3876/4667] Built ASGinzburg.EnvelopingBalancedTensorRightAction (5.7s)
warning: ASGinzburg/EnvelopingBalancedTensorRightAction.lean:60:0: Definition `ASGinzburg.envelopingBalancedTensorRightModule` of class type is semireducible. Most type class instances should be instance-reducible, so consider marking this
definition with `@[instance_reducible]`. If it is intentionally semireducible, this warning can be disabled with `set_option warn.classDefReducibility false`.
warning: ASGinzburg/EnvelopingBalancedTensorRightAction.lean:69:2: Try this: 
  letI̵

The goal is a proposition, so `let` is preferred over `letI`.
The difference between `let` and `letI` is that `letI` inlines the value.
But this is not relevant for proofs because of proof irrelevance.

Note: This linter can be disabled with `set_option linter.style.haveILetI false`
warning: ASGinzburg/EnvelopingBalancedTensorRightAction.lean:70:2: Try this: 
  letI̵

The goal is a proposition, so `let` is preferred over `letI`.
The difference between `let` and `letI` is that `letI` inlines the value.
But this is not relevant for proofs because of proof irrelevance.

Note: This linter can be disabled with `set_option linter.style.haveILetI false`
warning: ASGinzburg/EnvelopingBalancedTensorRightAction.lean:71:2: Try this: 
  letI̵

The goal is a proposition, so `let` is preferred over `letI`.
The difference between `let` and `letI` is that `letI` inlines the value.
But this is not relevant for proofs because of proof irrelevance.

Note: This linter can be disabled with `set_option linter.style.haveILetI false`
warning: ASGinzburg/EnvelopingBalancedTensorRightAction.lean:72:2: Try this: 
  letI̵

The goal is a proposition, so `let` is preferred over `letI`.
The difference between `let` and `letI` is that `letI` inlines the value.
But this is not relevant for proofs because of proof irrelevance.

Note: This linter can be disabled with `set_option linter.style.haveILetI false`
⚠ [3878/4667] Replayed ASGinzburg.HomogeneousSubmoduleDecomposition
warning: ASGinzburg/HomogeneousSubmoduleDecomposition.lean:77:0: Definition `ASGinzburg.homogeneousSubmoduleDecomposition` of class type is semireducible. Most type class instances should be instance-reducible, so consider marking this
definition with `@[instance_reducible]`. If it is intentionally semireducible, this warning can be disabled with `set_option warn.classDefReducibility false`.
⚠ [3884/4667] Replayed ASGinzburg.ScalarStableGradedDecomposition
warning: ASGinzburg/ScalarStableGradedDecomposition.lean:23:0: Definition `ASGinzburg.scalarStableGradeDecomposition` of class type is semireducible. Most type class instances should be instance-reducible, so consider marking this
definition with `@[instance_reducible]`. If it is intentionally semireducible, this warning can be disabled with `set_option warn.classDefReducibility false`.
⚠ [3886/4667] Replayed ASGinzburg.GradedOrdinaryModuleData
warning: ASGinzburg/GradedOrdinaryModuleData.lean:24:0: Definition `ASGinzburg.GradedOrdinaryModuleData.decomposition` of class type is semireducible. Most type class instances should be instance-reducible, so consider marking this
definition with `@[instance_reducible]`. If it is intentionally semireducible, this warning can be disabled with `set_option warn.classDefReducibility false`.
⚠ [3887/4667] Replayed ASGinzburg.LinearDirectSumHomogeneousDecomposition
warning: ASGinzburg/LinearDirectSumHomogeneousDecomposition.lean:56:0: Definition `ASGinzburg.linearDirectSumHomogeneousDecomposition` of class type is semireducible. Most type class instances should be instance-reducible, so consider marking this
definition with `@[instance_reducible]`. If it is intentionally semireducible, this warning can be disabled with `set_option warn.classDefReducibility false`.
⚠ [3888/4667] Replayed ASGinzburg.NatHomogeneousSubspacesIntegerExtension
warning: ASGinzburg/NatHomogeneousSubspacesIntegerExtension.lean:72:0: Definition `ASGinzburg.natHomogeneousSubspaceIntegerExtensionDecomposition` of class type is semireducible. Most type class instances should be instance-reducible, so consider marking this
definition with `@[instance_reducible]`. If it is intentionally semireducible, this warning can be disabled with `set_option warn.classDefReducibility false`.
✔ [3892/4667] Built ASGinzburg.BalancedTensorHomEquiv (6.2s)
⚠ [3893/4667] Built ASGinzburg.AlgebraEnvelopingRestrictionFunctor (3.6s)
warning: ASGinzburg/AlgebraEnvelopingRestrictionFunctor.lean:26:4: Try this: 
  letI̵

The goal is a proposition, so `let` is preferred over `letI`.
The difference between `let` and `letI` is that `letI` inlines the value.
But this is not relevant for proofs because of proof irrelevance.

Note: This linter can be disabled with `set_option linter.style.haveILetI false`
warning: ASGinzburg/AlgebraEnvelopingRestrictionFunctor.lean:27:4: Try this: 
  letI̵

The goal is a proposition, so `let` is preferred over `letI`.
The difference between `let` and `letI` is that `letI` inlines the value.
But this is not relevant for proofs because of proof irrelevance.

Note: This linter can be disabled with `set_option linter.style.haveILetI false`
warning: ASGinzburg/AlgebraEnvelopingRestrictionFunctor.lean:28:4: Try this: 
  haveI̵

The goal is a proposition, so `have` is preferred over `haveI`.
The difference between `have` and `haveI` is that `haveI` inlines the value.
But this is not relevant for proofs because of proof irrelevance.

Note: This linter can be disabled with `set_option linter.style.haveILetI false`
⚠ [3898/4667] Built ASGinzburg.AlgebraEnvelopingTensorRestriction (5.2s)
warning: ASGinzburg/AlgebraEnvelopingTensorRestriction.lean:14:17: Definition `ASGinzburg.tensorRightEnvelopingModule` of class type is semireducible. Most type class instances should be instance-reducible, so consider marking this
definition with `@[instance_reducible]`. If it is intentionally semireducible, this warning can be disabled with `set_option warn.classDefReducibility false`.
warning: ASGinzburg/AlgebraEnvelopingTensorRestriction.lean:14:17: Definition `ASGinzburg.tensorRightEnvelopingScalarTower` of class type is semireducible. Most type class instances should be instance-reducible, so consider marking this
definition with `@[instance_reducible]`. If it is intentionally semireducible, this warning can be disabled with `set_option warn.classDefReducibility false`.
✔ [3900/4667] Built ASGinzburg.RightModuleColimitPreservation (5.1s)
⚠ [3901/4667] Built ASGinzburg.NoncommNilpotentIdealSum (2.9s)
warning: ASGinzburg/NoncommNilpotentIdealSum.lean:13:2: Try this: 
  letI̵

The goal is a proposition, so `let` is preferred over `letI`.
The difference between `let` and `letI` is that `letI` inlines the value.
But this is not relevant for proofs because of proof irrelevance.

Note: This linter can be disabled with `set_option linter.style.haveILetI false`
✔ [3903/4667] Built ASGinzburg.TensorExtendedIdealNilpotence (4.5s)
✔ [3904/4667] Built ASGinzburg.BalancedTensorBifunctor (5.1s)
⚠ [3905/4667] Replayed ASGinzburg.OrdinaryModuleFiniteFreeRetract
warning: ASGinzburg/OrdinaryModuleFiniteFreeRetract.lean:18:2: Try this: 
  letI̵

The goal is a proposition, so `let` is preferred over `letI`.
The difference between `let` and `letI` is that `letI` inlines the value.
But this is not relevant for proofs because of proof irrelevance.

Note: This linter can be disabled with `set_option linter.style.haveILetI false`
warning: ASGinzburg/OrdinaryModuleFiniteFreeRetract.lean:29:4: Try this: 
  letI̵

The goal is a proposition, so `let` is preferred over `letI`.
The difference between `let` and `letI` is that `letI` inlines the value.
But this is not relevant for proofs because of proof irrelevance.

Note: This linter can be disabled with `set_option linter.style.haveILetI false`
warning: ASGinzburg/OrdinaryModuleFiniteFreeRetract.lean:36:4: Try this: 
  letI̵

The goal is a proposition, so `let` is preferred over `letI`.
The difference between `let` and `letI` is that `letI` inlines the value.
But this is not relevant for proofs because of proof irrelevance.

Note: This linter can be disabled with `set_option linter.style.haveILetI false`
warning: ASGinzburg/OrdinaryModuleFiniteFreeRetract.lean:37:4: Try this: 
  letI̵

The goal is a proposition, so `let` is preferred over `letI`.
The difference between `let` and `letI` is that `letI` inlines the value.
But this is not relevant for proofs because of proof irrelevance.

Note: This linter can be disabled with `set_option linter.style.haveILetI false`
⚠ [3935/4699] Replayed ASGinzburg.BicomplexTotalProjective
warning: ASGinzburg/BicomplexTotalProjective.lean:16:2: Try this: 
  letI̵

The goal is a proposition, so `let` is preferred over `letI`.
The difference between `let` and `letI` is that `letI` inlines the value.
But this is not relevant for proofs because of proof irrelevance.

Note: This linter can be disabled with `set_option linter.style.haveILetI false`
warning: ASGinzburg/BicomplexTotalProjective.lean:18:2: Try this: 
  letI̵

The goal is a proposition, so `let` is preferred over `letI`.
The difference between `let` and `letI` is that `letI` inlines the value.
But this is not relevant for proofs because of proof irrelevance.

Note: This linter can be disabled with `set_option linter.style.haveILetI false`
warning: ASGinzburg/BicomplexTotalProjective.lean:21:2: Try this: 
  letI̵

The goal is a proposition, so `let` is preferred over `letI`.
The difference between `let` and `letI` is that `letI` inlines the value.
But this is not relevant for proofs because of proof irrelevance.

Note: This linter can be disabled with `set_option linter.style.haveILetI false`
warning: ASGinzburg/BicomplexTotalProjective.lean:25:13: `CategoryTheory.Limits.Sigma.ι_desc_assoc` has been deprecated: Use `CategoryTheory.Limits.Sigma.ι_comp_desc_assoc` instead
⚠ [3937/4699] Replayed ASGinzburg.BicomplexTotalFunctor
warning: ASGinzburg/BicomplexTotalFunctor.lean:46:2: Try this: 
  letI̵

The goal is a proposition, so `let` is preferred over `letI`.
The difference between `let` and `letI` is that `letI` inlines the value.
But this is not relevant for proofs because of proof irrelevance.

Note: This linter can be disabled with `set_option linter.style.haveILetI false`
⚠ [3939/4699] Replayed ASGinzburg.GradedNilpotentNakayama
warning: ASGinzburg/GradedNilpotentNakayama.lean:104:8: Try this: 
  letI̵

The goal is a proposition, so `let` is preferred over `letI`.
The difference between `let` and `letI` is that `letI` inlines the value.
But this is not relevant for proofs because of proof irrelevance.

Note: This linter can be disabled with `set_option linter.style.haveILetI false`
⚠ [3944/4699] Built ASGinzburg.BalancedTensorFinite (3.8s)
warning: ASGinzburg/BalancedTensorFinite.lean:45:2: Try this: 
  haveI̵

The goal is a proposition, so `have` is preferred over `haveI`.
The difference between `have` and `haveI` is that `haveI` inlines the value.
But this is not relevant for proofs because of proof irrelevance.

Note: This linter can be disabled with `set_option linter.style.haveILetI false`
⚠ [3945/4699] Built ASGinzburg.FiniteFourTermProjectiveResolution (3.7s)
warning: ASGinzburg/FiniteFourTermProjectiveResolution.lean:32:4: Try this: 
  letI̵

The goal is a proposition, so `let` is preferred over `letI`.
The difference between `let` and `letI` is that `letI` inlines the value.
But this is not relevant for proofs because of proof irrelevance.

Note: This linter can be disabled with `set_option linter.style.haveILetI false`
✖ [3954/4782] Building ASGinzburg.FourTermTruncationOfResolution (3.6s)
trace: .> LEAN_PATH=/workspace/as-ginzburg-lean/.lake/packages/Cli/.lake/build/lib/lean:/workspace/as-ginzburg-lean/.lake/packages/batteries/.lake/build/lib/lean:/workspace/as-ginzburg-lean/.lake/packages/Qq/.lake/build/lib/lean:/workspace/as-ginzburg-lean/.lake/packages/aesop/.lake/build/lib/lean:/workspace/as-ginzburg-lean/.lake/packages/proofwidgets/.lake/build/lib/lean:/workspace/as-ginzburg-lean/.lake/packages/importGraph/.lake/build/lib/lean:/workspace/as-ginzburg-lean/.lake/packages/LeanSearchClient/.lake/build/lib/lean:/workspace/as-ginzburg-lean/.lake/packages/plausible/.lake/build/lib/lean:/workspace/as-ginzburg-lean/.lake/packages/mathlib/.lake/build/lib/lean:/workspace/as-ginzburg-lean/.lake/build/lib/lean /workspace/as-ginzburg-lean/work/lean-upgrade/lean-4.34.1-linux/bin/lean /workspace/as-ginzburg-lean/ASGinzburg/FourTermTruncationOfResolution.lean -o /workspace/as-ginzburg-lean/.lake/build/lib/lean/ASGinzburg/FourTermTruncationOfResolution.olean -i /workspace/as-ginzburg-lean/.lake/build/lib/lean/ASGinzburg/FourTermTruncationOfResolution.ilean -c /workspace/as-ginzburg-lean/.lake/build/ir/ASGinzburg/FourTermTruncationOfResolution.c --setup /workspace/as-ginzburg-lean/.lake/build/ir/ASGinzburg/FourTermTruncationOfResolution.setup.json --json
error: ASGinzburg/FourTermTruncationOfResolution.lean:26:11: failed to synthesize instance of type class
  Epi (P.π.f 0)

Hint: Type class instance resolution failures can be inspected with the `set_option trace.Meta.synthInstance true` command.
⚠ [3955/4782] Replayed ASGinzburg.GradedLinearMapKernel
warning: ASGinzburg/GradedLinearMapKernel.lean:50:0: Definition `ASGinzburg.homogeneousLinearMapKernelDecomposition` of class type is semireducible. Most type class instances should be instance-reducible, so consider marking this
definition with `@[instance_reducible]`. If it is intentionally semireducible, this warning can be disabled with `set_option warn.classDefReducibility false`.
warning: ASGinzburg/GradedLinearMapKernel.lean:58:0: Definition `ASGinzburg.ordinaryHomogeneousKernelDecomposition` of class type is semireducible. Most type class instances should be instance-reducible, so consider marking this
definition with `@[instance_reducible]`. If it is intentionally semireducible, this warning can be disabled with `set_option warn.classDefReducibility false`.
⚠ [3957/4782] Replayed ASGinzburg.DirectSumGrading
warning: ASGinzburg/DirectSumGrading.lean:47:0: Definition `ASGinzburg.directSumGradeDecomposition` of class type is semireducible. Most type class instances should be instance-reducible, so consider marking this
definition with `@[instance_reducible]`. If it is intentionally semireducible, this warning can be disabled with `set_option warn.classDefReducibility false`.
✖ [3962/4782] Building ASGinzburg.BalancedTensorLeftQuotient (7.6s)
trace: .> LEAN_PATH=/workspace/as-ginzburg-lean/.lake/packages/Cli/.lake/build/lib/lean:/workspace/as-ginzburg-lean/.lake/packages/batteries/.lake/build/lib/lean:/workspace/as-ginzburg-lean/.lake/packages/Qq/.lake/build/lib/lean:/workspace/as-ginzburg-lean/.lake/packages/aesop/.lake/build/lib/lean:/workspace/as-ginzburg-lean/.lake/packages/proofwidgets/.lake/build/lib/lean:/workspace/as-ginzburg-lean/.lake/packages/importGraph/.lake/build/lib/lean:/workspace/as-ginzburg-lean/.lake/packages/LeanSearchClient/.lake/build/lib/lean:/workspace/as-ginzburg-lean/.lake/packages/plausible/.lake/build/lib/lean:/workspace/as-ginzburg-lean/.lake/packages/mathlib/.lake/build/lib/lean:/workspace/as-ginzburg-lean/.lake/build/lib/lean /workspace/as-ginzburg-lean/work/lean-upgrade/lean-4.34.1-linux/bin/lean /workspace/as-ginzburg-lean/ASGinzburg/BalancedTensorLeftQuotient.lean -o /workspace/as-ginzburg-lean/.lake/build/lib/lean/ASGinzburg/BalancedTensorLeftQuotient.olean -i /workspace/as-ginzburg-lean/.lake/build/lib/lean/ASGinzburg/BalancedTensorLeftQuotient.ilean -c /workspace/as-ginzburg-lean/.lake/build/ir/ASGinzburg/BalancedTensorLeftQuotient.c --setup /workspace/as-ginzburg-lean/.lake/build/ir/ASGinzburg/BalancedTensorLeftQuotient.setup.json --json
error: ASGinzburg/BalancedTensorLeftQuotient.lean:45:4: failed to synthesize instance of type class
  Module k (R ⧸ J)ᵐᵒᵖ

Hint: Type class instance resolution failures can be inspected with the `set_option trace.Meta.synthInstance true` command.
error: ASGinzburg/BalancedTensorLeftQuotient.lean:45:5: failed to synthesize instance of type class
  Module k (R ⧸ J)

Hint: Type class instance resolution failures can be inspected with the `set_option trace.Meta.synthInstance true` command.
error: ASGinzburg/BalancedTensorLeftQuotient.lean:47:0: Not a definitional equality: the left-hand side
  DFunLike.coe.{max (v + 1) (w + 1), v + 1, w + 1} (balancedTensorLeftQuotientCoefficient k R J N n)
    (MulOpposite.op ((Ideal.Quotient.mk J) r))
is not definitionally equal to the right-hand side
  DFunLike.coe.{w + 1, w + 1, w + 1} (balancedTensorLeftIdealAction k R J N).mkQ (r • n)
error: ASGinzburg/BalancedTensorLeftQuotient.lean:50:61: Type mismatch
  rfl
has type
  ?m.43 = ?m.43
but is expected to have type
  (balancedTensorLeftQuotientCoefficient k R J N n) (MulOpposite.op ((Ideal.Quotient.mk J) r)) =
    (balancedTensorLeftIdealAction k R J N).mkQ (r • n)
error: ASGinzburg/BalancedTensorLeftQuotient.lean:80:4: 'change' tactic failed, pattern
  (balancedTensorLeftIdealAction k R J N).mkQ ((r * s) • n) = (balancedTensorLeftIdealAction k R J N).mkQ (r • s • n)
is not definitionally equal to target
  ((balancedTensorLeftQuotientBilinear k R J N) (MulOpposite.op s • MulOpposite.op ((Ideal.Quotient.mk J) r))) n =
    ((balancedTensorLeftQuotientBilinear k R J N) (MulOpposite.op ((Ideal.Quotient.mk J) r))) (s • n)
error: ASGinzburg/BalancedTensorLeftQuotient.lean:89:2: Tactic `rfl` failed: The left-hand side
  ((balancedTensorLeftQuotientBilinear k R J N) (MulOpposite.op ((Ideal.Quotient.mk J) r))) n
is not definitionally equal to the right-hand side
  (balancedTensorLeftIdealAction k R J N).mkQ (r • n)

k : Type u
inst✝⁷ : Field k
R : Type v
inst✝⁶ : Ring R
inst✝⁵ : Algebra k R
J : Ideal R
inst✝⁴ : J.IsTwoSided
N : Type w
inst✝³ : AddCommGroup N
inst✝² : Module k N
inst✝¹ : Module R N
inst✝ : IsScalarTower k R N
r : R
n : N
⊢ ((balancedTensorLeftQuotientBilinear k R J N) (MulOpposite.op ((Ideal.Quotient.mk J) r))) n =
    (balancedTensorLeftIdealAction k R J N).mkQ (r • n)
warning: ASGinzburg/BalancedTensorLeftQuotient.lean:88:6: declaration uses `sorry`
✔ [3963/4782] Built ASGinzburg.AlgebraEnvelopingOppositeRegularComparison (7.9s)
⚠ [3964/4782] Built ASGinzburg.BicomplexTotalCoordinates (8.4s)
warning: ASGinzburg/BicomplexTotalCoordinates.lean:60:2: `push_neg` has been deprecated. Prefer using `push Not` instead.
If you'd rather continue using `push_neg` in your project, you can implement it as follows:
```
open Lean.Parser.Tactic in
macro "push_neg" cfg:optConfig loc:(location)? : tactic =>
  `(tactic| push $cfg:optConfig Not $[$loc]?)
```
warning: ASGinzburg/BicomplexTotalCoordinates.lean:81:4: `push_neg` has been deprecated. Prefer using `push Not` instead.
If you'd rather continue using `push_neg` in your project, you can implement it as follows:
```
open Lean.Parser.Tactic in
macro "push_neg" cfg:optConfig loc:(location)? : tactic =>
  `(tactic| push $cfg:optConfig Not $[$loc]?)
```
⚠ [3965/4782] Built ASGinzburg.EnvelopingBalancedTensorRightMaps (8.8s)
warning: ASGinzburg/EnvelopingBalancedTensorRightMaps.lean:19:2: Try this: 
  letI̵

The goal is a proposition, so `let` is preferred over `letI`.
The difference between `let` and `letI` is that `letI` inlines the value.
But this is not relevant for proofs because of proof irrelevance.

Note: This linter can be disabled with `set_option linter.style.haveILetI false`
warning: ASGinzburg/EnvelopingBalancedTensorRightMaps.lean:20:2: Try this: 
  letI̵

The goal is a proposition, so `let` is preferred over `letI`.
The difference between `let` and `letI` is that `letI` inlines the value.
But this is not relevant for proofs because of proof irrelevance.

Note: This linter can be disabled with `set_option linter.style.haveILetI false`
warning: ASGinzburg/EnvelopingBalancedTensorRightMaps.lean:21:2: Try this: 
  letI̵

The goal is a proposition, so `let` is preferred over `letI`.
The difference between `let` and `letI` is that `letI` inlines the value.
But this is not relevant for proofs because of proof irrelevance.

Note: This linter can be disabled with `set_option linter.style.haveILetI false`
warning: ASGinzburg/EnvelopingBalancedTensorRightMaps.lean:22:2: Try this: 
  letI̵

The goal is a proposition, so `let` is preferred over `letI`.
The difference between `let` and `letI` is that `letI` inlines the value.
But this is not relevant for proofs because of proof irrelevance.

Note: This linter can be disabled with `set_option linter.style.haveILetI false`
warning: ASGinzburg/EnvelopingBalancedTensorRightMaps.lean:16:0: Definition `ASGinzburg.envelopingBalancedTensorRightScalarTower` of class type is semireducible. Most type class instances should be instance-reducible, so consider marking this
definition with `@[instance_reducible]`. If it is intentionally semireducible, this warning can be disabled with `set_option warn.classDefReducibility false`.
warning: ASGinzburg/EnvelopingBalancedTensorRightMaps.lean:16:0: Definition `envelopingBalancedTensorRightScalarTower` is a proposition; use `theorem` instead of `def`

Note: This linter can be disabled with `set_option linter.defProp false`
warning: ASGinzburg/EnvelopingBalancedTensorRightMaps.lean:79:2: Try this: 
  letI̵

The goal is a proposition, so `let` is preferred over `letI`.
The difference between `let` and `letI` is that `letI` inlines the value.
But this is not relevant for proofs because of proof irrelevance.

Note: This linter can be disabled with `set_option linter.style.haveILetI false`
warning: ASGinzburg/EnvelopingBalancedTensorRightMaps.lean:80:2: Try this: 
  letI̵

The goal is a proposition, so `let` is preferred over `letI`.
The difference between `let` and `letI` is that `letI` inlines the value.
But this is not relevant for proofs because of proof irrelevance.

Note: This linter can be disabled with `set_option linter.style.haveILetI false`
warning: ASGinzburg/EnvelopingBalancedTensorRightMaps.lean:81:2: Try this: 
  letI̵

The goal is a proposition, so `let` is preferred over `letI`.
The difference between `let` and `letI` is that `letI` inlines the value.
But this is not relevant for proofs because of proof irrelevance.

Note: This linter can be disabled with `set_option linter.style.haveILetI false`
warning: ASGinzburg/EnvelopingBalancedTensorRightMaps.lean:82:2: Try this: 
  letI̵

The goal is a proposition, so `let` is preferred over `letI`.
The difference between `let` and `letI` is that `letI` inlines the value.
But this is not relevant for proofs because of proof irrelevance.

Note: This linter can be disabled with `set_option linter.style.haveILetI false`
warning: ASGinzburg/EnvelopingBalancedTensorRightMaps.lean:95:4: Try this: 
  letI̵

The goal is a proposition, so `let` is preferred over `letI`.
The difference between `let` and `letI` is that `letI` inlines the value.
But this is not relevant for proofs because of proof irrelevance.

Note: This linter can be disabled with `set_option linter.style.haveILetI false`
warning: ASGinzburg/EnvelopingBalancedTensorRightMaps.lean:99:4: Try this: 
  letI̵

The goal is a proposition, so `let` is preferred over `letI`.
The difference between `let` and `letI` is that `letI` inlines the value.
But this is not relevant for proofs because of proof irrelevance.

Note: This linter can be disabled with `set_option linter.style.haveILetI false`
warning: ASGinzburg/EnvelopingBalancedTensorRightMaps.lean:100:4: Try this: 
  letI̵

The goal is a proposition, so `let` is preferred over `letI`.
The difference between `let` and `letI` is that `letI` inlines the value.
But this is not relevant for proofs because of proof irrelevance.

Note: This linter can be disabled with `set_option linter.style.haveILetI false`
warning: ASGinzburg/EnvelopingBalancedTensorRightMaps.lean:106:4: Try this: 
  letI̵

The goal is a proposition, so `let` is preferred over `letI`.
The difference between `let` and `letI` is that `letI` inlines the value.
But this is not relevant for proofs because of proof irrelevance.

Note: This linter can be disabled with `set_option linter.style.haveILetI false`
warning: ASGinzburg/EnvelopingBalancedTensorRightMaps.lean:107:4: Try this: 
  letI̵

The goal is a proposition, so `let` is preferred over `letI`.
The difference between `let` and `letI` is that `letI` inlines the value.
But this is not relevant for proofs because of proof irrelevance.

Note: This linter can be disabled with `set_option linter.style.haveILetI false`
warning: ASGinzburg/EnvelopingBalancedTensorRightMaps.lean:108:4: Try this: 
  letI̵

The goal is a proposition, so `let` is preferred over `letI`.
The difference between `let` and `letI` is that `letI` inlines the value.
But this is not relevant for proofs because of proof irrelevance.

Note: This linter can be disabled with `set_option linter.style.haveILetI false`
warning: ASGinzburg/EnvelopingBalancedTensorRightMaps.lean:112:4: Try this: 
  letI̵

The goal is a proposition, so `let` is preferred over `letI`.
The difference between `let` and `letI` is that `letI` inlines the value.
But this is not relevant for proofs because of proof irrelevance.

Note: This linter can be disabled with `set_option linter.style.haveILetI false`
warning: ASGinzburg/EnvelopingBalancedTensorRightMaps.lean:113:4: Try this: 
  letI̵

The goal is a proposition, so `let` is preferred over `letI`.
The difference between `let` and `letI` is that `letI` inlines the value.
But this is not relevant for proofs because of proof irrelevance.

Note: This linter can be disabled with `set_option linter.style.haveILetI false`
warning: ASGinzburg/EnvelopingBalancedTensorRightMaps.lean:114:4: Try this: 
  letI̵

The goal is a proposition, so `let` is preferred over `letI`.
The difference between `let` and `letI` is that `letI` inlines the value.
But this is not relevant for proofs because of proof irrelevance.

Note: This linter can be disabled with `set_option linter.style.haveILetI false`
warning: ASGinzburg/EnvelopingBalancedTensorRightMaps.lean:115:4: Try this: 
  letI̵

The goal is a proposition, so `let` is preferred over `letI`.
The difference between `let` and `letI` is that `letI` inlines the value.
But this is not relevant for proofs because of proof irrelevance.

Note: This linter can be disabled with `set_option linter.style.haveILetI false`
warning: ASGinzburg/EnvelopingBalancedTensorRightMaps.lean:116:4: Try this: 
  letI̵

The goal is a proposition, so `let` is preferred over `letI`.
The difference between `let` and `letI` is that `letI` inlines the value.
But this is not relevant for proofs because of proof irrelevance.

Note: This linter can be disabled with `set_option linter.style.haveILetI false`
warning: ASGinzburg/EnvelopingBalancedTensorRightMaps.lean:117:4: Try this: 
  letI̵

The goal is a proposition, so `let` is preferred over `letI`.
The difference between `let` and `letI` is that `letI` inlines the value.
But this is not relevant for proofs because of proof irrelevance.

Note: This linter can be disabled with `set_option linter.style.haveILetI false`
warning: ASGinzburg/EnvelopingBalancedTensorRightMaps.lean:126:4: Try this: 
  letI̵

The goal is a proposition, so `let` is preferred over `letI`.
The difference between `let` and `letI` is that `letI` inlines the value.
But this is not relevant for proofs because of proof irrelevance.

Note: This linter can be disabled with `set_option linter.style.haveILetI false`
warning: ASGinzburg/EnvelopingBalancedTensorRightMaps.lean:127:4: Try this: 
  letI̵

The goal is a proposition, so `let` is preferred over `letI`.
The difference between `let` and `letI` is that `letI` inlines the value.
But this is not relevant for proofs because of proof irrelevance.

Note: This linter can be disabled with `set_option linter.style.haveILetI false`
warning: ASGinzburg/EnvelopingBalancedTensorRightMaps.lean:131:4: Try this: 
  letI̵

The goal is a proposition, so `let` is preferred over `letI`.
The difference between `let` and `letI` is that `letI` inlines the value.
But this is not relevant for proofs because of proof irrelevance.

Note: This linter can be disabled with `set_option linter.style.haveILetI false`
warning: ASGinzburg/EnvelopingBalancedTensorRightMaps.lean:132:4: Try this: 
  letI̵

The goal is a proposition, so `let` is preferred over `letI`.
The difference between `let` and `letI` is that `letI` inlines the value.
But this is not relevant for proofs because of proof irrelevance.

Note: This linter can be disabled with `set_option linter.style.haveILetI false`
warning: ASGinzburg/EnvelopingBalancedTensorRightMaps.lean:133:4: Try this: 
  letI̵

The goal is a proposition, so `let` is preferred over `letI`.
The difference between `let` and `letI` is that `letI` inlines the value.
But this is not relevant for proofs because of proof irrelevance.

Note: This linter can be disabled with `set_option linter.style.haveILetI false`
warning: ASGinzburg/EnvelopingBalancedTensorRightMaps.lean:134:4: Try this: 
  letI̵

The goal is a proposition, so `let` is preferred over `letI`.
The difference between `let` and `letI` is that `letI` inlines the value.
But this is not relevant for proofs because of proof irrelevance.

Note: This linter can be disabled with `set_option linter.style.haveILetI false`
⚠ [3966/4782] Built ASGinzburg.HomogeneousQuotientDecomposition (7.0s)
warning: ASGinzburg/HomogeneousQuotientDecomposition.lean:37:0: Definition `ASGinzburg.homogeneousQuotientDecomposition` of class type is semireducible. Most type class instances should be instance-reducible, so consider marking this
definition with `@[instance_reducible]`. If it is intentionally semireducible, this warning can be disabled with `set_option warn.classDefReducibility false`.
✖ [3968/4782] Building ASGinzburg.AlgebraEnvelopingRestrictedRegular (4.2s)
trace: .> LEAN_PATH=/workspace/as-ginzburg-lean/.lake/packages/Cli/.lake/build/lib/lean:/workspace/as-ginzburg-lean/.lake/packages/batteries/.lake/build/lib/lean:/workspace/as-ginzburg-lean/.lake/packages/Qq/.lake/build/lib/lean:/workspace/as-ginzburg-lean/.lake/packages/aesop/.lake/build/lib/lean:/workspace/as-ginzburg-lean/.lake/packages/proofwidgets/.lake/build/lib/lean:/workspace/as-ginzburg-lean/.lake/packages/importGraph/.lake/build/lib/lean:/workspace/as-ginzburg-lean/.lake/packages/LeanSearchClient/.lake/build/lib/lean:/workspace/as-ginzburg-lean/.lake/packages/plausible/.lake/build/lib/lean:/workspace/as-ginzburg-lean/.lake/packages/mathlib/.lake/build/lib/lean:/workspace/as-ginzburg-lean/.lake/build/lib/lean /workspace/as-ginzburg-lean/work/lean-upgrade/lean-4.34.1-linux/bin/lean /workspace/as-ginzburg-lean/ASGinzburg/AlgebraEnvelopingRestrictedRegular.lean -o /workspace/as-ginzburg-lean/.lake/build/lib/lean/ASGinzburg/AlgebraEnvelopingRestrictedRegular.olean -i /workspace/as-ginzburg-lean/.lake/build/lib/lean/ASGinzburg/AlgebraEnvelopingRestrictedRegular.ilean -c /workspace/as-ginzburg-lean/.lake/build/ir/ASGinzburg/AlgebraEnvelopingRestrictedRegular.c --setup /workspace/as-ginzburg-lean/.lake/build/ir/ASGinzburg/AlgebraEnvelopingRestrictedRegular.setup.json --json
warning: ASGinzburg/AlgebraEnvelopingRestrictedRegular.lean:14:2: Try this: 
  letI̵

The goal is a proposition, so `let` is preferred over `letI`.
The difference between `let` and `letI` is that `letI` inlines the value.
But this is not relevant for proofs because of proof irrelevance.

Note: This linter can be disabled with `set_option linter.style.haveILetI false`
warning: ASGinzburg/AlgebraEnvelopingRestrictedRegular.lean:24:2: Try this: 
  letI̵

The goal is a proposition, so `let` is preferred over `letI`.
The difference between `let` and `letI` is that `letI` inlines the value.
But this is not relevant for proofs because of proof irrelevance.

Note: This linter can be disabled with `set_option linter.style.haveILetI false`
error: ASGinzburg/AlgebraEnvelopingRestrictedRegular.lean:28:2: Type mismatch: After simplification, term
  regularEnvelopingModule_tmul_smul k R 1 (MulOpposite.unop b) x
 has type
  @Eq R (1 ⊗ₜ[k] MulOpposite.op (MulOpposite.unop b) • x) (x * MulOpposite.unop b)
but is expected to have type
  @Eq R (1 ⊗ₜ[k] b • x) (x * MulOpposite.unop b)
warning: ASGinzburg/AlgebraEnvelopingRestrictedRegular.lean:42:6: Try this: 
  letI̵

The goal is a proposition, so `let` is preferred over `letI`.
The difference between `let` and `letI` is that `letI` inlines the value.
But this is not relevant for proofs because of proof irrelevance.

Note: This linter can be disabled with `set_option linter.style.haveILetI false`
✔ [4004/4782] Built ASGinzburg.BalancedTensorHomMaps (5.1s)
⚠ [4020/4782] Built ASGinzburg.EnvelopingBalancedTensorHom (7.5s)
warning: ASGinzburg/EnvelopingBalancedTensorHom.lean:16:0: Definition `ASGinzburg.envelopingBalancedTensorHomRightModule` of class type is semireducible. Most type class instances should be instance-reducible, so consider marking this
definition with `@[instance_reducible]`. If it is intentionally semireducible, this warning can be disabled with `set_option warn.classDefReducibility false`.
warning: ASGinzburg/EnvelopingBalancedTensorHom.lean:23:2: Try this: 
  letI̵

The goal is a proposition, so `let` is preferred over `letI`.
The difference between `let` and `letI` is that `letI` inlines the value.
But this is not relevant for proofs because of proof irrelevance.

Note: This linter can be disabled with `set_option linter.style.haveILetI false`
warning: ASGinzburg/EnvelopingBalancedTensorHom.lean:20:0: Definition `ASGinzburg.envelopingBalancedTensorHomRightScalarTower` of class type is semireducible. Most type class instances should be instance-reducible, so consider marking this
definition with `@[instance_reducible]`. If it is intentionally semireducible, this warning can be disabled with `set_option warn.classDefReducibility false`.
warning: ASGinzburg/EnvelopingBalancedTensorHom.lean:20:0: Definition `envelopingBalancedTensorHomRightScalarTower` is a proposition; use `theorem` instead of `def`

Note: This linter can be disabled with `set_option linter.defProp false`
warning: ASGinzburg/EnvelopingBalancedTensorHom.lean:29:2: Try this: 
  letI̵

The goal is a proposition, so `let` is preferred over `letI`.
The difference between `let` and `letI` is that `letI` inlines the value.
But this is not relevant for proofs because of proof irrelevance.

Note: This linter can be disabled with `set_option linter.style.haveILetI false`
warning: ASGinzburg/EnvelopingBalancedTensorHom.lean:26:0: Definition `ASGinzburg.envelopingBalancedTensorHomActionsCommute` of class type is semireducible. Most type class instances should be instance-reducible, so consider marking this
definition with `@[instance_reducible]`. If it is intentionally semireducible, this warning can be disabled with `set_option warn.classDefReducibility false`.
warning: ASGinzburg/EnvelopingBalancedTensorHom.lean:26:0: Definition `envelopingBalancedTensorHomActionsCommute` is a proposition; use `theorem` instead of `def`

Note: This linter can be disabled with `set_option linter.defProp false`
warning: ASGinzburg/EnvelopingBalancedTensorHom.lean:36:0: Definition `ASGinzburg.envelopingBalancedTensorHomModule` of class type is semireducible. Most type class instances should be instance-reducible, so consider marking this
definition with `@[instance_reducible]`. If it is intentionally semireducible, this warning can be disabled with `set_option warn.classDefReducibility false`.
warning: ASGinzburg/EnvelopingBalancedTensorHom.lean:56:2: Try this: 
  letI̵

The goal is a proposition, so `let` is preferred over `letI`.
The difference between `let` and `letI` is that `letI` inlines the value.
But this is not relevant for proofs because of proof irrelevance.

Note: This linter can be disabled with `set_option linter.style.haveILetI false`
warning: ASGinzburg/EnvelopingBalancedTensorHom.lean:57:2: Try this: 
  letI̵

The goal is a proposition, so `let` is preferred over `letI`.
The difference between `let` and `letI` is that `letI` inlines the value.
But this is not relevant for proofs because of proof irrelevance.

Note: This linter can be disabled with `set_option linter.style.haveILetI false`
⚠ [4026/4782] Replayed ASGinzburg.GradedNilpotentActionSpanHomogeneity
warning: ASGinzburg/GradedNilpotentActionSpanHomogeneity.lean:74:2: Try this: 
  letI̵

The goal is a proposition, so `let` is preferred over `letI`.
The difference between `let` and `letI` is that `letI` inlines the value.
But this is not relevant for proofs because of proof irrelevance.

Note: This linter can be disabled with `set_option linter.style.haveILetI false`
⚠ [4028/4782] Replayed ASGinzburg.GradedNilpotentNakayamaLinearGrading
warning: ASGinzburg/GradedNilpotentNakayamaLinearGrading.lean:26:2: Try this: 
  letI̵

The goal is a proposition, so `let` is preferred over `letI`.
The difference between `let` and `letI` is that `letI` inlines the value.
But this is not relevant for proofs because of proof irrelevance.

Note: This linter can be disabled with `set_option linter.style.haveILetI false`
✔ [4029/4782] Built ASGinzburg.BalancedTensorFieldModuleChangeNaturality (5.8s)
⚠ [4031/4782] Replayed ASGinzburg.OrdinaryModuleRingDualFinite
warning: ASGinzburg/OrdinaryModuleRingDualFinite.lean:33:2: Try this: 
  letI̵

The goal is a proposition, so `let` is preferred over `letI`.
The difference between `let` and `letI` is that `letI` inlines the value.
But this is not relevant for proofs because of proof irrelevance.

Note: This linter can be disabled with `set_option linter.style.haveILetI false`
✖ [4033/4782] Building ASGinzburg.AlgebraEnvelopingQuotientTensorRightModule (12s)
trace: .> LEAN_PATH=/workspace/as-ginzburg-lean/.lake/packages/Cli/.lake/build/lib/lean:/workspace/as-ginzburg-lean/.lake/packages/batteries/.lake/build/lib/lean:/workspace/as-ginzburg-lean/.lake/packages/Qq/.lake/build/lib/lean:/workspace/as-ginzburg-lean/.lake/packages/aesop/.lake/build/lib/lean:/workspace/as-ginzburg-lean/.lake/packages/proofwidgets/.lake/build/lib/lean:/workspace/as-ginzburg-lean/.lake/packages/importGraph/.lake/build/lib/lean:/workspace/as-ginzburg-lean/.lake/packages/LeanSearchClient/.lake/build/lib/lean:/workspace/as-ginzburg-lean/.lake/packages/plausible/.lake/build/lib/lean:/workspace/as-ginzburg-lean/.lake/packages/mathlib/.lake/build/lib/lean:/workspace/as-ginzburg-lean/.lake/build/lib/lean /workspace/as-ginzburg-lean/work/lean-upgrade/lean-4.34.1-linux/bin/lean /workspace/as-ginzburg-lean/ASGinzburg/AlgebraEnvelopingQuotientTensorRightModule.lean -o /workspace/as-ginzburg-lean/.lake/build/lib/lean/ASGinzburg/AlgebraEnvelopingQuotientTensorRightModule.olean -i /workspace/as-ginzburg-lean/.lake/build/lib/lean/ASGinzburg/AlgebraEnvelopingQuotientTensorRightModule.ilean -c /workspace/as-ginzburg-lean/.lake/build/ir/ASGinzburg/AlgebraEnvelopingQuotientTensorRightModule.c --setup /workspace/as-ginzburg-lean/.lake/build/ir/ASGinzburg/AlgebraEnvelopingQuotientTensorRightModule.setup.json --json
warning: ASGinzburg/AlgebraEnvelopingQuotientTensorRightModule.lean:18:0: Definition `ASGinzburg.quotientEnvelopingRightTargetModule` of class type is semireducible. Most type class instances should be instance-reducible, so consider marking this
definition with `@[instance_reducible]`. If it is intentionally semireducible, this warning can be disabled with `set_option warn.classDefReducibility false`.
warning: ASGinzburg/AlgebraEnvelopingQuotientTensorRightModule.lean:23:17: Definition `ASGinzburg.quotientEnvelopingRightTargetModule` of class type is semireducible. Most type class instances should be instance-reducible, so consider marking this
definition with `@[instance_reducible]`. If it is intentionally semireducible, this warning can be disabled with `set_option warn.classDefReducibility false`.
warning: ASGinzburg/AlgebraEnvelopingQuotientTensorRightModule.lean:29:0: Definition `ASGinzburg.idealQuotientRightScalarTower` of class type is semireducible. Most type class instances should be instance-reducible, so consider marking this
definition with `@[instance_reducible]`. If it is intentionally semireducible, this warning can be disabled with `set_option warn.classDefReducibility false`.
warning: ASGinzburg/AlgebraEnvelopingQuotientTensorRightModule.lean:29:0: Definition `idealQuotientRightScalarTower` is a proposition; use `theorem` instead of `def`

Note: This linter can be disabled with `set_option linter.defProp false`
warning: ASGinzburg/AlgebraEnvelopingQuotientTensorRightModule.lean:35:17: Definition `ASGinzburg.idealQuotientRightScalarTower` of class type is semireducible. Most type class instances should be instance-reducible, so consider marking this
definition with `@[instance_reducible]`. If it is intentionally semireducible, this warning can be disabled with `set_option warn.classDefReducibility false`.
warning: ASGinzburg/AlgebraEnvelopingQuotientTensorRightModule.lean:63:4: This simp argument is unused:
  LinearEquiv.trans_apply

Hint: Omit it from the simp argument list.
  [apply] simp only [quotientTensorRightTmul, quotientTensorRightCanonicalFieldEquiv]

Note: This linter can be disabled with `set_option linter.unusedSimpArgs false`
warning: ASGinzburg/AlgebraEnvelopingQuotientTensorRightModule.lean:92:22: `TensorProduct.induction_on` has been deprecated: Use `TensorProduction.inductionOn` instead
error: ASGinzburg/AlgebraEnvelopingQuotientTensorRightModule.lean:93:11: unsolved goals
case zero
k : Type u
inst✝³ : Field k
R : Type v
inst✝² : Ring R
inst✝¹ : Algebra k R
J : Ideal R
inst✝ : J.IsTwoSided
x : ↑(quotientTensorRightSourceObject k R J)
hz : (quotientTensorRightCanonicalFieldEquiv k R J) 0 = 0
hadd :
  ∀ (x y : QuotientTensorRightSpace k R J),
    (quotientTensorRightCanonicalFieldEquiv k R J) (x + y) =
      (quotientTensorRightCanonicalFieldEquiv k R J) x + (quotientTensorRightCanonicalFieldEquiv k R J) y
⊢ (quotientTensorRightCanonicalFieldEquiv k R J) (0 • x) = 0
warning: ASGinzburg/AlgebraEnvelopingQuotientTensorRightModule.lean:95:26: `TensorProduct.induction_on` has been deprecated: Use `TensorProduction.inductionOn` instead
error: ASGinzburg/AlgebraEnvelopingQuotientTensorRightModule.lean:96:18: `simp` made no progress
error: ASGinzburg/AlgebraEnvelopingQuotientTensorRightModule.lean:104:16: Tactic `rewrite` failed: Did not find an occurrence of the pattern
  (quotientTensorRightCanonicalFieldEquiv ?k ?R ?J) (quotientTensorRightTmul ?k ?R ?J ?s ?t)
in the target expression
  (quotientTensorRightCanonicalFieldEquiv k R J)
      (quotientTensorRightTmul k R J (MulOpposite.op a • s) (MulOpposite.unop b • t)) =
    (AlgHom.op (algebraEnvelopingQuotientAugmentation k R J)) (MulOpposite.op (a ⊗ₜ[k] b)) *
      (quotientTensorRightCanonicalFieldEquiv k R J) (quotientTensorRightTmul k R J s t)

case tmul.tmul
k : Type u
inst✝³ : Field k
R : Type v
inst✝² : Ring R
inst✝¹ : Algebra k R
J : Ideal R
inst✝ : J.IsTwoSided
hz : (quotientTensorRightCanonicalFieldEquiv k R J) 0 = 0
hadd :
  ∀ (x y : QuotientTensorRightSpace k R J),
    (quotientTensorRightCanonicalFieldEquiv k R J) (x + y) =
      (quotientTensorRightCanonicalFieldEquiv k R J) x + (quotientTensorRightCanonicalFieldEquiv k R J) y
a : R
b : Rᵐᵒᵖ
s : ↑(idealQuotientRightObject J)
t : ↑↧(R ⧸ J)
⊢ (quotientTensorRightCanonicalFieldEquiv k R J)
      (quotientTensorRightTmul k R J (MulOpposite.op a • s) (MulOpposite.unop b • t)) =
    (AlgHom.op (algebraEnvelopingQuotientAugmentation k R J)) (MulOpposite.op (a ⊗ₜ[k] b)) *
      (quotientTensorRightCanonicalFieldEquiv k R J) (quotientTensorRightTmul k R J s t)

Note: The target expression is not type-correct under the `implicit` transparency level, which may have triggered the failure. This is usually caused by unfolding of semireducible definitions in prior tactic steps. Use `set_option linter.tacticCheckInstances true` to investigate the source of the issue.
Full error:
  Application type mismatch: The argument
    MulOpposite.op a • s
  has type
    ↑(idealQuotientRightObject J)
  but is expected to have type
    (R ⧸ J)ᵐᵒᵖ
  in the application
    quotientTensorRightTmul k R J (MulOpposite.op a • s)
error: ASGinzburg/AlgebraEnvelopingQuotientTensorRightModule.lean:119:24: unsolved goals
case tmul.add
k : Type u
inst✝³ : Field k
R : Type v
inst✝² : Ring R
inst✝¹ : Algebra k R
J : Ideal R
inst✝ : J.IsTwoSided
hz : (quotientTensorRightCanonicalFieldEquiv k R J) 0 = 0
hadd :
  ∀ (x y : QuotientTensorRightSpace k R J),
    (quotientTensorRightCanonicalFieldEquiv k R J) (x + y) =
      (quotientTensorRightCanonicalFieldEquiv k R J) x + (quotientTensorRightCanonicalFieldEquiv k R J) y
a : R
b : Rᵐᵒᵖ
x y : ↑(idealQuotientRightObject J) ⊗[k] ↑↧(R ⧸ J)
hx :
  (quotientTensorRightCanonicalFieldEquiv k R J) (MulOpposite.op (a ⊗ₜ[k] b) • x) =
    (AlgHom.op (algebraEnvelopingQuotientAugmentation k R J)) (MulOpposite.op (a ⊗ₜ[k] b)) *
      (quotientTensorRightCanonicalFieldEquiv k R J) x
hy :
  (quotientTensorRightCanonicalFieldEquiv k R J) (MulOpposite.op (a ⊗ₜ[k] b) • y) =
    (AlgHom.op (algebraEnvelopingQuotientAugmentation k R J)) (MulOpposite.op (a ⊗ₜ[k] b)) *
      (quotientTensorRightCanonicalFieldEquiv k R J) y
⊢ (quotientTensorRightCanonicalFieldEquiv k R J) (MulOpposite.op (a ⊗ₜ[k] b) • (x + y)) =
    (AlgHom.op (algebraEnvelopingQuotientAugmentation k R J)) (MulOpposite.op (a ⊗ₜ[k] b)) *
      (quotientTensorRightCanonicalFieldEquiv k R J) (x + y)
error: ASGinzburg/AlgebraEnvelopingQuotientTensorRightModule.lean:120:20: unsolved goals
case add
k : Type u
inst✝³ : Field k
R : Type v
inst✝² : Ring R
inst✝¹ : Algebra k R
J : Ideal R
inst✝ : J.IsTwoSided
x : ↑(quotientTensorRightSourceObject k R J)
hz : (quotientTensorRightCanonicalFieldEquiv k R J) 0 = 0
hadd :
  ∀ (x y : QuotientTensorRightSpace k R J),
    (quotientTensorRightCanonicalFieldEquiv k R J) (x + y) =
      (quotientTensorRightCanonicalFieldEquiv k R J) x + (quotientTensorRightCanonicalFieldEquiv k R J) y
e f : R ⊗[k] Rᵐᵒᵖ
he :
  (quotientTensorRightCanonicalFieldEquiv k R J) (MulOpposite.op e • x) =
    (AlgHom.op (algebraEnvelopingQuotientAugmentation k R J)) (MulOpposite.op e) *
      (quotientTensorRightCanonicalFieldEquiv k R J) x
hf :
  (quotientTensorRightCanonicalFieldEquiv k R J) (MulOpposite.op f • x) =
    (AlgHom.op (algebraEnvelopingQuotientAugmentation k R J)) (MulOpposite.op f) *
      (quotientTensorRightCanonicalFieldEquiv k R J) x
⊢ (quotientTensorRightCanonicalFieldEquiv k R J) (MulOpposite.op e • x + MulOpposite.op f • x) =
    (AlgHom.op (algebraEnvelopingQuotientAugmentation k R J)) (MulOpposite.op e) *
        (quotientTensorRightCanonicalFieldEquiv k R J) x +
      (AlgHom.op (algebraEnvelopingQuotientAugmentation k R J)) (MulOpposite.op f) *
        (quotientTensorRightCanonicalFieldEquiv k R J) x
warning: ASGinzburg/AlgebraEnvelopingQuotientTensorRightModule.lean:93:46: This simp argument is unused:
  zero_smul

Hint: Omit it from the simp argument list.
  [apply] simp only [MulOpposite.op_zero, hz, map_zero, zero_mul]

Note: This linter can be disabled with `set_option linter.unusedSimpArgs false`
warning: ASGinzburg/AlgebraEnvelopingQuotientTensorRightModule.lean:93:57: This simp argument is unused:
  hz

Hint: Omit it from the simp argument list.
  [apply] simp only [MulOpposite.op_zero, zero_smul, map_zero, zero_mul]

Note: This linter can be disabled with `set_option linter.unusedSimpArgs false`
warning: ASGinzburg/AlgebraEnvelopingQuotientTensorRightModule.lean:119:38: This simp argument is unused:
  smul_add

Hint: Omit it from the simp argument list.
  [apply] simp only [hadd, hx, hy, mul_add]

Note: This linter can be disabled with `set_option linter.unusedSimpArgs false`
warning: ASGinzburg/AlgebraEnvelopingQuotientTensorRightModule.lean:119:48: This simp argument is unused:
  hadd

Hint: Omit it from the simp argument list.
  [apply] simp only [smul_add, hx, hy, mul_add]

Note: This linter can be disabled with `set_option linter.unusedSimpArgs false`
warning: ASGinzburg/AlgebraEnvelopingQuotientTensorRightModule.lean:119:54: This simp argument is unused:
  hx

Hint: Omit it from the simp argument list.
  [apply] simp only [smul_add, hadd, hy, mul_add]

Note: This linter can be disabled with `set_option linter.unusedSimpArgs false`
warning: ASGinzburg/AlgebraEnvelopingQuotientTensorRightModule.lean:119:58: This simp argument is unused:
  hy

Hint: Omit it from the simp argument list.
  [apply] simp only [smul_add, hadd, hx, mul_add]

Note: This linter can be disabled with `set_option linter.unusedSimpArgs false`
warning: ASGinzburg/AlgebraEnvelopingQuotientTensorRightModule.lean:119:62: This simp argument is unused:
  mul_add

Hint: Omit it from the simp argument list.
  [apply] simp only [smul_add, hadd, hx, hy]

Note: This linter can be disabled with `set_option linter.unusedSimpArgs false`
warning: ASGinzburg/AlgebraEnvelopingQuotientTensorRightModule.lean:121:49: This simp argument is unused:
  hadd

Hint: Omit it from the simp argument list.
  [apply] simp only [MulOpposite.op_add, add_smul, map_add, he, hf, add_mul]

Note: This linter can be disabled with `set_option linter.unusedSimpArgs false`
warning: ASGinzburg/AlgebraEnvelopingQuotientTensorRightModule.lean:121:64: This simp argument is unused:
  he

Hint: Omit it from the simp argument list.
  [apply] simp only [MulOpposite.op_add, add_smul, hadd, map_add, hf, add_mul]

Note: This linter can be disabled with `set_option linter.unusedSimpArgs false`
warning: ASGinzburg/AlgebraEnvelopingQuotientTensorRightModule.lean:121:68: This simp argument is unused:
  hf

Hint: Omit it from the simp argument list.
  [apply] simp only [MulOpposite.op_add, add_smul, hadd, map_add, he, add_mul]

Note: This linter can be disabled with `set_option linter.unusedSimpArgs false`
⚠ [4036/4782] Built ASGinzburg.AlgebraEnvelopingNilpotentKernel (5.5s)
warning: ASGinzburg/AlgebraEnvelopingNilpotentKernel.lean:57:2: Try this: 
  letI̵

The goal is a proposition, so `let` is preferred over `letI`.
The difference between `let` and `letI` is that `letI` inlines the value.
But this is not relevant for proofs because of proof irrelevance.

Note: This linter can be disabled with `set_option linter.style.haveILetI false`
warning: ASGinzburg/AlgebraEnvelopingNilpotentKernel.lean:61:2: Try this: 
  letI̵

The goal is a proposition, so `let` is preferred over `letI`.
The difference between `let` and `letI` is that `letI` inlines the value.
But this is not relevant for proofs because of proof irrelevance.

Note: This linter can be disabled with `set_option linter.style.haveILetI false`
⚠ [4037/4782] Replayed ASGinzburg.AlgebraEnvelopingRightModuleBimodule
warning: ASGinzburg/AlgebraEnvelopingRightModuleBimodule.lean:27:0: Definition `ASGinzburg.rightEnvelopingLeftModule` of class type is semireducible. Most type class instances should be instance-reducible, so consider marking this
definition with `@[instance_reducible]`. If it is intentionally semireducible, this warning can be disabled with `set_option warn.classDefReducibility false`.
warning: ASGinzburg/AlgebraEnvelopingRightModuleBimodule.lean:30:0: Definition `ASGinzburg.rightEnvelopingRightModule` of class type is semireducible. Most type class instances should be instance-reducible, so consider marking this
definition with `@[instance_reducible]`. If it is intentionally semireducible, this warning can be disabled with `set_option warn.classDefReducibility false`.
warning: ASGinzburg/AlgebraEnvelopingRightModuleBimodule.lean:37:2: Try this: 
  letI̵

The goal is a proposition, so `let` is preferred over `letI`.
The difference between `let` and `letI` is that `letI` inlines the value.
But this is not relevant for proofs because of proof irrelevance.

Note: This linter can be disabled with `set_option linter.style.haveILetI false`
warning: ASGinzburg/AlgebraEnvelopingRightModuleBimodule.lean:38:2: Try this: 
  letI̵

The goal is a proposition, so `let` is preferred over `letI`.
The difference between `let` and `letI` is that `letI` inlines the value.
But this is not relevant for proofs because of proof irrelevance.

Note: This linter can be disabled with `set_option linter.style.haveILetI false`
warning: ASGinzburg/AlgebraEnvelopingRightModuleBimodule.lean:33:0: Definition `ASGinzburg.rightEnvelopingActionsCommute` of class type is semireducible. Most type class instances should be instance-reducible, so consider marking this
definition with `@[instance_reducible]`. If it is intentionally semireducible, this warning can be disabled with `set_option warn.classDefReducibility false`.
warning: ASGinzburg/AlgebraEnvelopingRightModuleBimodule.lean:33:0: Definition `rightEnvelopingActionsCommute` is a proposition; use `theorem` instead of `def`

Note: This linter can be disabled with `set_option linter.defProp false`
warning: ASGinzburg/AlgebraEnvelopingRightModuleBimodule.lean:53:2: Try this: 
  letI̵

The goal is a proposition, so `let` is preferred over `letI`.
The difference between `let` and `letI` is that `letI` inlines the value.
But this is not relevant for proofs because of proof irrelevance.

Note: This linter can be disabled with `set_option linter.style.haveILetI false`
warning: ASGinzburg/AlgebraEnvelopingRightModuleBimodule.lean:54:2: Try this: 
  letI̵

The goal is a proposition, so `let` is preferred over `letI`.
The difference between `let` and `letI` is that `letI` inlines the value.
But this is not relevant for proofs because of proof irrelevance.

Note: This linter can be disabled with `set_option linter.style.haveILetI false`
⚠ [4038/4782] Built ASGinzburg.BifunctorTotalSingleLeft (5.4s)
warning: ASGinzburg/BifunctorTotalSingleLeft.lean:36:2: `CategoryTheory.Limits.mkCofanColimit` has been deprecated: Use `CategoryTheory.Limits.Cofan.IsColimit.mk` instead

Note: The updated constant is in a different namespace. Dot notation may need to be changed (e.g., from `x.mkCofanColimit` to `Cofan.IsColimit.mk x`).
⚠ [4040/4782] Built ASGinzburg.BifunctorTotalSingleRight (6.0s)
warning: ASGinzburg/BifunctorTotalSingleRight.lean:37:2: `CategoryTheory.Limits.mkCofanColimit` has been deprecated: Use `CategoryTheory.Limits.Cofan.IsColimit.mk` instead

Note: The updated constant is in a different namespace. Dot notation may need to be changed (e.g., from `x.mkCofanColimit` to `Cofan.IsColimit.mk x`).
⚠ [4045/4782] Replayed ASGinzburg.OrthogonalIdempotentGradedBasis
warning: ASGinzburg/OrthogonalIdempotentGradedBasis.lean:18:0: Definition `idempotentFixedSpaceIsInternal` is a proposition; use `theorem` instead of `def`

Note: This linter can be disabled with `set_option linter.defProp false`
warning: ASGinzburg/OrthogonalIdempotentGradedBasis.lean:66:0: Definition `ASGinzburg.idempotentFixedSpaceGradeDecomposition` of class type is semireducible. Most type class instances should be instance-reducible, so consider marking this
definition with `@[instance_reducible]`. If it is intentionally semireducible, this warning can be disabled with `set_option warn.classDefReducibility false`.
warning: ASGinzburg/OrthogonalIdempotentGradedBasis.lean:104:2: Try this: 
  letI̵

The goal is a proposition, so `let` is preferred over `letI`.
The difference between `let` and `letI` is that `letI` inlines the value.
But this is not relevant for proofs because of proof irrelevance.

Note: This linter can be disabled with `set_option linter.style.haveILetI false`
⚠ [4046/4782] Replayed ASGinzburg.GradedLinearMapRange
warning: ASGinzburg/GradedLinearMapRange.lean:23:0: Definition `ASGinzburg.homogeneousLinearMapRangeDecomposition` of class type is semireducible. Most type class instances should be instance-reducible, so consider marking this
definition with `@[instance_reducible]`. If it is intentionally semireducible, this warning can be disabled with `set_option warn.classDefReducibility false`.
warning: ASGinzburg/GradedLinearMapRange.lean:31:0: Definition `ASGinzburg.ordinaryHomogeneousRangeDecomposition` of class type is semireducible. Most type class instances should be instance-reducible, so consider marking this
definition with `@[instance_reducible]`. If it is intentionally semireducible, this warning can be disabled with `set_option warn.classDefReducibility false`.
⚠ [4047/4782] Replayed ASGinzburg.GradedOrdinaryKernelData
warning: ASGinzburg/GradedOrdinaryKernelData.lean:32:0: Definition `ASGinzburg.GradedOrdinaryModuleData.kernelGradeDecomposition` of class type is semireducible. Most type class instances should be instance-reducible, so consider marking this
definition with `@[instance_reducible]`. If it is intentionally semireducible, this warning can be disabled with `set_option warn.classDefReducibility false`.
warning: ASGinzburg/GradedOrdinaryKernelData.lean:51:4: Try this: 
  letI̵

The goal is a proposition, so `let` is preferred over `letI`.
The difference between `let` and `letI` is that `letI` inlines the value.
But this is not relevant for proofs because of proof irrelevance.

Note: This linter can be disabled with `set_option linter.style.haveILetI false`
✖ [4051/4782] Building ASGinzburg.OrdinaryRingDualTensorEvaluation (6.0s)
trace: .> LEAN_PATH=/workspace/as-ginzburg-lean/.lake/packages/Cli/.lake/build/lib/lean:/workspace/as-ginzburg-lean/.lake/packages/batteries/.lake/build/lib/lean:/workspace/as-ginzburg-lean/.lake/packages/Qq/.lake/build/lib/lean:/workspace/as-ginzburg-lean/.lake/packages/aesop/.lake/build/lib/lean:/workspace/as-ginzburg-lean/.lake/packages/proofwidgets/.lake/build/lib/lean:/workspace/as-ginzburg-lean/.lake/packages/importGraph/.lake/build/lib/lean:/workspace/as-ginzburg-lean/.lake/packages/LeanSearchClient/.lake/build/lib/lean:/workspace/as-ginzburg-lean/.lake/packages/plausible/.lake/build/lib/lean:/workspace/as-ginzburg-lean/.lake/packages/mathlib/.lake/build/lib/lean:/workspace/as-ginzburg-lean/.lake/build/lib/lean /workspace/as-ginzburg-lean/work/lean-upgrade/lean-4.34.1-linux/bin/lean /workspace/as-ginzburg-lean/ASGinzburg/OrdinaryRingDualTensorEvaluation.lean -o /workspace/as-ginzburg-lean/.lake/build/lib/lean/ASGinzburg/OrdinaryRingDualTensorEvaluation.olean -i /workspace/as-ginzburg-lean/.lake/build/lib/lean/ASGinzburg/OrdinaryRingDualTensorEvaluation.ilean -c /workspace/as-ginzburg-lean/.lake/build/ir/ASGinzburg/OrdinaryRingDualTensorEvaluation.c --setup /workspace/as-ginzburg-lean/.lake/build/ir/ASGinzburg/OrdinaryRingDualTensorEvaluation.setup.json --json
warning: ASGinzburg/OrdinaryRingDualTensorEvaluation.lean:14:0: Definition `ASGinzburg.ordinaryRingDualTensorModuleK` of class type is semireducible. Most type class instances should be instance-reducible, so consider marking this
definition with `@[instance_reducible]`. If it is intentionally semireducible, this warning can be disabled with `set_option warn.classDefReducibility false`.
warning: ASGinzburg/OrdinaryRingDualTensorEvaluation.lean:18:17: Definition `ASGinzburg.ordinaryRingDualTensorModuleK` of class type is semireducible. Most type class instances should be instance-reducible, so consider marking this
definition with `@[instance_reducible]`. If it is intentionally semireducible, this warning can be disabled with `set_option warn.classDefReducibility false`.
warning: ASGinzburg/OrdinaryRingDualTensorEvaluation.lean:25:2: Try this: 
  letI̵

The goal is a proposition, so `let` is preferred over `letI`.
The difference between `let` and `letI` is that `letI` inlines the value.
But this is not relevant for proofs because of proof irrelevance.

Note: This linter can be disabled with `set_option linter.style.haveILetI false`
warning: ASGinzburg/OrdinaryRingDualTensorEvaluation.lean:26:2: Try this: 
  letI̵

The goal is a proposition, so `let` is preferred over `letI`.
The difference between `let` and `letI` is that `letI` inlines the value.
But this is not relevant for proofs because of proof irrelevance.

Note: This linter can be disabled with `set_option linter.style.haveILetI false`
warning: ASGinzburg/OrdinaryRingDualTensorEvaluation.lean:20:0: Definition `ASGinzburg.ordinaryRingDualTensorScalarTower` of class type is semireducible. Most type class instances should be instance-reducible, so consider marking this
definition with `@[instance_reducible]`. If it is intentionally semireducible, this warning can be disabled with `set_option warn.classDefReducibility false`.
warning: ASGinzburg/OrdinaryRingDualTensorEvaluation.lean:20:0: Definition `ordinaryRingDualTensorScalarTower` is a proposition; use `theorem` instead of `def`

Note: This linter can be disabled with `set_option linter.defProp false`
warning: ASGinzburg/OrdinaryRingDualTensorEvaluation.lean:33:17: Definition `ASGinzburg.ordinaryRingDualTensorScalarTower` of class type is semireducible. Most type class instances should be instance-reducible, so consider marking this
definition with `@[instance_reducible]`. If it is intentionally semireducible, this warning can be disabled with `set_option warn.classDefReducibility false`.
warning: ASGinzburg/OrdinaryRingDualTensorEvaluation.lean:88:4: Try this: 
  letI̵

The goal is a proposition, so `let` is preferred over `letI`.
The difference between `let` and `letI` is that `letI` inlines the value.
But this is not relevant for proofs because of proof irrelevance.

Note: This linter can be disabled with `set_option linter.style.haveILetI false`
warning: ASGinzburg/OrdinaryRingDualTensorEvaluation.lean:89:4: Try this: 
  letI̵

The goal is a proposition, so `let` is preferred over `letI`.
The difference between `let` and `letI` is that `letI` inlines the value.
But this is not relevant for proofs because of proof irrelevance.

Note: This linter can be disabled with `set_option linter.style.haveILetI false`
warning: ASGinzburg/OrdinaryRingDualTensorEvaluation.lean:90:4: Try this: 
  letI̵

The goal is a proposition, so `let` is preferred over `letI`.
The difference between `let` and `letI` is that `letI` inlines the value.
But this is not relevant for proofs because of proof irrelevance.

Note: This linter can be disabled with `set_option linter.style.haveILetI false`
warning: ASGinzburg/OrdinaryRingDualTensorEvaluation.lean:92:4: Try this: 
  letI̵

The goal is a proposition, so `let` is preferred over `letI`.
The difference between `let` and `letI` is that `letI` inlines the value.
But this is not relevant for proofs because of proof irrelevance.

Note: This linter can be disabled with `set_option linter.style.haveILetI false`
warning: ASGinzburg/OrdinaryRingDualTensorEvaluation.lean:94:4: Try this: 
  letI̵

The goal is a proposition, so `let` is preferred over `letI`.
The difference between `let` and `letI` is that `letI` inlines the value.
But this is not relevant for proofs because of proof irrelevance.

Note: This linter can be disabled with `set_option linter.style.haveILetI false`
warning: ASGinzburg/OrdinaryRingDualTensorEvaluation.lean:95:4: Try this: 
  letI̵

The goal is a proposition, so `let` is preferred over `letI`.
The difference between `let` and `letI` is that `letI` inlines the value.
But this is not relevant for proofs because of proof irrelevance.

Note: This linter can be disabled with `set_option linter.style.haveILetI false`
error: ASGinzburg/OrdinaryRingDualTensorEvaluation.lean:106:8: Tactic `rewrite` failed: Did not find an occurrence of the pattern
  (balancedTensorMapLeft ?k ?R ?N ?f) (balancedTensorTmul ?k ?R ?M ?N ?x ?y)
in the target expression
  ((ordinaryRingDualTensorEvaluation k R N (unop Q))
        ((balancedTensorMapLeft k R (↑N) (ordinaryRingDualMap R f.unop))
          (balancedTensorTmul k R (↑(ordinaryRingDual R (unop P))) (↑N) g y)))
      x =
    ((ordinaryRingDualTensorEvaluation k R N (unop P))
        (balancedTensorTmul k R (↑(ordinaryRingDual R (unop P))) (↑N) g y))
      ((ConcreteCategory.hom f.unop) x)

k : Type u
inst✝² : Field k
R : Type v
inst✝¹ : Ring R
inst✝ : Algebra k R
N : ModuleCat R
P Q : (ModuleCat R)ᵒᵖ
f : P ⟶ Q
this✝⁴ : Module k ↑(ordinaryRingDual R (unop P)) := ordinaryRingDualTensorModuleK k R (unop P)
this✝³ : Module k ↑(ordinaryRingDual R (unop Q)) := ordinaryRingDualTensorModuleK k R (unop Q)
this✝² : SMul k ↑(ordinaryRingDual R (unop P)) := (ordinaryRingDualTensorModuleK k R (unop P)).toSMul
this✝¹ : SMul k ↑(ordinaryRingDual R (unop Q)) := (ordinaryRingDualTensorModuleK k R (unop Q)).toSMul
this✝ : IsScalarTower k Rᵐᵒᵖ ↑(ordinaryRingDual R (unop P)) := ordinaryRingDualTensorScalarTower k R (unop P)
this : IsScalarTower k Rᵐᵒᵖ ↑(ordinaryRingDual R (unop Q)) := ordinaryRingDualTensorScalarTower k R (unop Q)
g : ↑((ordinaryRingDualFunctor R).obj P)
y : ↑N
x : ↑(unop Q)
⊢ ((ordinaryRingDualTensorEvaluation k R N (unop Q))
        ((balancedTensorMapLeft k R (↑N) (ordinaryRingDualMap R f.unop))
          (balancedTensorTmul k R (↑(ordinaryRingDual R (unop P))) (↑N) g y)))
      x =
    ((ordinaryRingDualTensorEvaluation k R N (unop P))
        (balancedTensorTmul k R (↑(ordinaryRingDual R (unop P))) (↑N) g y))
      ((ConcreteCategory.hom f.unop) x)

Note: The target expression is not type-correct under the `implicit` transparency level, which may have triggered the failure. This is usually caused by unfolding of semireducible definitions in prior tactic steps. Use `set_option linter.tacticCheckInstances true` to investigate the source of the issue.
Full error:
  Application type mismatch: The argument
    g
  has type
    @ModuleCat.carrier Rᵐᵒᵖ MulOpposite.instRing ((ordinaryRingDualFunctor R).obj P)
  but is expected to have type
    @ModuleCat.carrier Rᵐᵒᵖ MulOpposite.instRing (ordinaryRingDual R (unop P))
  in the application
    balancedTensorTmul k R (↑(ordinaryRingDual R (unop P))) (↑N) g
✖ [4054/4782] Building ASGinzburg.AlgebraEnvelopingOppositeLeftProjective (7.3s)
trace: .> LEAN_PATH=/workspace/as-ginzburg-lean/.lake/packages/Cli/.lake/build/lib/lean:/workspace/as-ginzburg-lean/.lake/packages/batteries/.lake/build/lib/lean:/workspace/as-ginzburg-lean/.lake/packages/Qq/.lake/build/lib/lean:/workspace/as-ginzburg-lean/.lake/packages/aesop/.lake/build/lib/lean:/workspace/as-ginzburg-lean/.lake/packages/proofwidgets/.lake/build/lib/lean:/workspace/as-ginzburg-lean/.lake/packages/importGraph/.lake/build/lib/lean:/workspace/as-ginzburg-lean/.lake/packages/LeanSearchClient/.lake/build/lib/lean:/workspace/as-ginzburg-lean/.lake/packages/plausible/.lake/build/lib/lean:/workspace/as-ginzburg-lean/.lake/packages/mathlib/.lake/build/lib/lean:/workspace/as-ginzburg-lean/.lake/build/lib/lean /workspace/as-ginzburg-lean/work/lean-upgrade/lean-4.34.1-linux/bin/lean /workspace/as-ginzburg-lean/ASGinzburg/AlgebraEnvelopingOppositeLeftProjective.lean -o /workspace/as-ginzburg-lean/.lake/build/lib/lean/ASGinzburg/AlgebraEnvelopingOppositeLeftProjective.olean -i /workspace/as-ginzburg-lean/.lake/build/lib/lean/ASGinzburg/AlgebraEnvelopingOppositeLeftProjective.ilean -c /workspace/as-ginzburg-lean/.lake/build/ir/ASGinzburg/AlgebraEnvelopingOppositeLeftProjective.c --setup /workspace/as-ginzburg-lean/.lake/build/ir/ASGinzburg/AlgebraEnvelopingOppositeLeftProjective.setup.json --json
warning: ASGinzburg/AlgebraEnvelopingOppositeLeftProjective.lean:14:0: Definition `ASGinzburg.envelopingOppositeLeftModule` of class type is semireducible. Most type class instances should be instance-reducible, so consider marking this
definition with `@[instance_reducible]`. If it is intentionally semireducible, this warning can be disabled with `set_option warn.classDefReducibility false`.
warning: ASGinzburg/AlgebraEnvelopingOppositeLeftProjective.lean:34:20: `TensorProduct.induction_on` has been deprecated: Use `TensorProduction.inductionOn` instead
error: ASGinzburg/AlgebraEnvelopingOppositeLeftProjective.lean:35:9: unsolved goals
case zero
k : Type u
inst✝² : Field k
R : Type v
inst✝¹ : Ring R
inst✝ : Algebra k R
this : Module Rᵐᵒᵖ (AlgebraEnvelopingRing k R)ᵐᵒᵖ := envelopingOppositeLeftModule k R (AlgebraEnvelopingRing k R)ᵐᵒᵖ
e : Rᵐᵒᵖ ⊗[k] Rᵐᵒᵖ ≃ₗ[k] (AlgebraEnvelopingRing k R)ᵐᵒᵖ :=
  TensorProduct.congr (MulOpposite.opLinearEquiv k).symm (LinearEquiv.refl k Rᵐᵒᵖ) ≪≫ₗ MulOpposite.opLinearEquiv k
r : Rᵐᵒᵖ
⊢ 0 = (RingHom.id Rᵐᵒᵖ) r • 0
warning: ASGinzburg/AlgebraEnvelopingOppositeLeftProjective.lean:55:2: Try this: 
  letI̵

The goal is a proposition, so `let` is preferred over `letI`.
The difference between `let` and `letI` is that `letI` inlines the value.
But this is not relevant for proofs because of proof irrelevance.

Note: This linter can be disabled with `set_option linter.style.haveILetI false`
warning: ASGinzburg/AlgebraEnvelopingOppositeLeftProjective.lean:63:2: Try this: 
  letI̵

The goal is a proposition, so `let` is preferred over `letI`.
The difference between `let` and `letI` is that `letI` inlines the value.
But this is not relevant for proofs because of proof irrelevance.

Note: This linter can be disabled with `set_option linter.style.haveILetI false`
warning: ASGinzburg/AlgebraEnvelopingOppositeLeftProjective.lean:64:2: Try this: 
  letI̵

The goal is a proposition, so `let` is preferred over `letI`.
The difference between `let` and `letI` is that `letI` inlines the value.
But this is not relevant for proofs because of proof irrelevance.

Note: This linter can be disabled with `set_option linter.style.haveILetI false`
warning: ASGinzburg/AlgebraEnvelopingOppositeLeftProjective.lean:65:2: Try this: 
  haveI̵

The goal is a proposition, so `have` is preferred over `haveI`.
The difference between `have` and `haveI` is that `haveI` inlines the value.
But this is not relevant for proofs because of proof irrelevance.

Note: This linter can be disabled with `set_option linter.style.haveILetI false`
✔ [4055/4782] Built ASGinzburg.OrdinaryModuleRingBidual (5.9s)
✔ [4056/4782] Built ASGinzburg.FiniteComponentAutomorphismCorners (9.1s)
✖ [4057/4782] Building ASGinzburg.BicomplexTotalShortExact (7.2s)
trace: .> LEAN_PATH=/workspace/as-ginzburg-lean/.lake/packages/Cli/.lake/build/lib/lean:/workspace/as-ginzburg-lean/.lake/packages/batteries/.lake/build/lib/lean:/workspace/as-ginzburg-lean/.lake/packages/Qq/.lake/build/lib/lean:/workspace/as-ginzburg-lean/.lake/packages/aesop/.lake/build/lib/lean:/workspace/as-ginzburg-lean/.lake/packages/proofwidgets/.lake/build/lib/lean:/workspace/as-ginzburg-lean/.lake/packages/importGraph/.lake/build/lib/lean:/workspace/as-ginzburg-lean/.lake/packages/LeanSearchClient/.lake/build/lib/lean:/workspace/as-ginzburg-lean/.lake/packages/plausible/.lake/build/lib/lean:/workspace/as-ginzburg-lean/.lake/packages/mathlib/.lake/build/lib/lean:/workspace/as-ginzburg-lean/.lake/build/lib/lean /workspace/as-ginzburg-lean/work/lean-upgrade/lean-4.34.1-linux/bin/lean /workspace/as-ginzburg-lean/ASGinzburg/BicomplexTotalShortExact.lean -o /workspace/as-ginzburg-lean/.lake/build/lib/lean/ASGinzburg/BicomplexTotalShortExact.olean -i /workspace/as-ginzburg-lean/.lake/build/lib/lean/ASGinzburg/BicomplexTotalShortExact.ilean -c /workspace/as-ginzburg-lean/.lake/build/ir/ASGinzburg/BicomplexTotalShortExact.c --setup /workspace/as-ginzburg-lean/.lake/build/ir/ASGinzburg/BicomplexTotalShortExact.setup.json --json
error: ASGinzburg/BicomplexTotalShortExact.lean:64:23: unsolved goals
k : Type u
inst✝ : Ring k
K L : HomologicalComplex₂ (ModuleCat k) (ComplexShape.down ℕ) (ComplexShape.down ℕ)
X Y : HomologicalComplex₂ (ModuleCat k) (ComplexShape.down ℕ) (ComplexShape.down ℕ)
f g : X ⟶ Y
n i j : ℕ
hij : (ComplexShape.down ℕ).π (ComplexShape.down ℕ) (ComplexShape.down ℕ) (i, j) = n
⊢ X.ιTotal (ComplexShape.down ℕ) i j n hij ≫ (total.map (f + g) (ComplexShape.down ℕ)).f n =
    X.ιTotal (ComplexShape.down ℕ) i j n hij ≫
      (total.map f (ComplexShape.down ℕ) + total.map g (ComplexShape.down ℕ)).f n
warning: ASGinzburg/BicomplexTotalShortExact.lean:69:53: This simp argument is unused:
  add_f_apply

Hint: Omit it from the simp argument list.
  [apply] simp only [HomologicalComplex₂.totalFunctor_map, comp_add, HomologicalComplex₂.ιTotal_map, add_comp]

Note: This linter can be disabled with `set_option linter.unusedSimpArgs false`
warning: ASGinzburg/BicomplexTotalShortExact.lean:69:66: This simp argument is unused:
  comp_add

Hint: Omit it from the simp argument list.
  [apply] simp only [HomologicalComplex₂.totalFunctor_map, add_f_apply, HomologicalComplex₂.ιTotal_map, add_comp]

Note: This linter can be disabled with `set_option linter.unusedSimpArgs false`
warning: ASGinzburg/BicomplexTotalShortExact.lean:70:6: This simp argument is unused:
  HomologicalComplex₂.ιTotal_map

Hint: Omit it from the simp argument list.
  [apply] simp only [HomologicalComplex₂.totalFunctor_map, add_f_apply, comp_add, add_comp]

Note: This linter can be disabled with `set_option linter.unusedSimpArgs false`
warning: ASGinzburg/BicomplexTotalShortExact.lean:70:38: This simp argument is unused:
  add_comp

Hint: Omit it from the simp argument list.
  [apply] simp only [HomologicalComplex₂.totalFunctor_map, add_f_apply, comp_add, HomologicalComplex₂.ιTotal_map]

Note: This linter can be disabled with `set_option linter.unusedSimpArgs false`
error: ASGinzburg/BicomplexTotalShortExact.lean:101:8: Tactic `rewrite` failed: Did not find an occurrence of the pattern
  (ConcreteCategory.hom ((Hom.f ?φ ?i).f ?j)) ((ConcreteCategory.hom (bicomplexTotalProjection ?m.213 ?n ?i ?j)) ?x)
in the target expression
  (ConcreteCategory.hom ((S.g.f i).f j)) ((ConcreteCategory.hom (bicomplexTotalProjection S.X₂ n i j)) x) = 0

k : Type u
inst✝ : Ring k
S : ShortComplex (HomologicalComplex₂ (ModuleCat k) (ComplexShape.down ℕ) (ComplexShape.down ℕ))
hS : S.Exact
n : ℕ
x :
  ↑((S.map (totalFunctor (ModuleCat k) (ComplexShape.down ℕ) (ComplexShape.down ℕ) (ComplexShape.down ℕ))).map
        (eval (ModuleCat k) (ComplexShape.down ℕ) n)).X₂
hx :
  (ConcreteCategory.hom
        ((S.map (totalFunctor (ModuleCat k) (ComplexShape.down ℕ) (ComplexShape.down ℕ) (ComplexShape.down ℕ))).map
            (eval (ModuleCat k) (ComplexShape.down ℕ) n)).g)
      x =
    0
i j : ℕ
he :
  ((S.map (eval (ChainComplex (ModuleCat k) ℕ) (ComplexShape.down ℕ) i)).map
      (eval (ModuleCat k) (ComplexShape.down ℕ) j)).Exact
⊢ (ConcreteCategory.hom ((S.g.f i).f j)) ((ConcreteCategory.hom (bicomplexTotalProjection S.X₂ n i j)) x) = 0

Note: The target expression is not type-correct under the `implicit` transparency level, which may have triggered the failure. This is usually caused by unfolding of semireducible definitions in prior tactic steps. Use `set_option linter.tacticCheckInstances true` to investigate the source of the issue.
Full error:
  Application type mismatch: The argument
    x
  has type
    @ModuleCat.carrier k inst✝
      ((S.map (totalFunctor (ModuleCat k) (ComplexShape.down ℕ) (ComplexShape.down ℕ) (ComplexShape.down ℕ))).map
          (eval (ModuleCat k) (ComplexShape.down ℕ) n)).X₂
  but is expected to have type
    @ModuleCat.carrier k inst✝ ((S.X₂.total (ComplexShape.down ℕ)).X n)
  in the application
    (ConcreteCategory.hom (bicomplexTotalProjection S.X₂ n i j)) x
error: ASGinzburg/BicomplexTotalShortExact.lean:109:2: Type mismatch
  bicomplexTotal_decomposition_apply S.X₂ n x
has type
  ∑ p ∈ Finset.antidiagonal n,
      (ConcreteCategory.hom (S.X₂.ιTotalOrZero (ComplexShape.down ℕ) p.1 p.2 n))
        ((ConcreteCategory.hom (bicomplexTotalProjection S.X₂ n p.1 p.2)) x) =
    x
but is expected to have type
  (ConcreteCategory.hom ((total.map S.f (ComplexShape.down ℕ)).f n))
      (∑ p ∈ Finset.antidiagonal n,
        (ConcreteCategory.hom (S.X₁.ιTotalOrZero (ComplexShape.down ℕ) p.1 p.2 n)) (y p.1 p.2)) =
    x
warning: ASGinzburg/BicomplexTotalShortExact.lean:108:13: This simp argument is unused:
  map_sum

Hint: Omit it from the simp argument list.
  [apply] simp only [bicomplexTotal_map_ιOrZero_apply, hy]

Note: This linter can be disabled with `set_option linter.unusedSimpArgs false`
warning: ASGinzburg/BicomplexTotalShortExact.lean:108:22: This simp argument is unused:
  bicomplexTotal_map_ιOrZero_apply

Hint: Omit it from the simp argument list.
  [apply] simp only [map_sum, hy]

Note: This linter can be disabled with `set_option linter.unusedSimpArgs false`
warning: ASGinzburg/BicomplexTotalShortExact.lean:108:56: This simp argument is unused:
  hy

Hint: Omit it from the simp argument list.
  [apply] simp only [map_sum, bicomplexTotal_map_ιOrZero_apply]

Note: This linter can be disabled with `set_option linter.unusedSimpArgs false`
warning: ASGinzburg/BicomplexTotalShortExact.lean:117:4: Try this: 
  haveI̵

The goal is a proposition, so `have` is preferred over `haveI`.
The difference between `have` and `haveI` is that `haveI` inlines the value.
But this is not relevant for proofs because of proof irrelevance.

Note: This linter can be disabled with `set_option linter.style.haveILetI false`
warning: ASGinzburg/BicomplexTotalShortExact.lean:118:4: Try this: 
  haveI̵

The goal is a proposition, so `have` is preferred over `haveI`.
The difference between `have` and `haveI` is that `haveI` inlines the value.
But this is not relevant for proofs because of proof irrelevance.

Note: This linter can be disabled with `set_option linter.style.haveILetI false`
warning: ASGinzburg/BicomplexTotalShortExact.lean:126:4: Try this: 
  haveI̵

The goal is a proposition, so `have` is preferred over `haveI`.
The difference between `have` and `haveI` is that `haveI` inlines the value.
But this is not relevant for proofs because of proof irrelevance.

Note: This linter can be disabled with `set_option linter.style.haveILetI false`
warning: ASGinzburg/BicomplexTotalShortExact.lean:127:4: Try this: 
  haveI̵

The goal is a proposition, so `have` is preferred over `haveI`.
The difference between `have` and `haveI` is that `haveI` inlines the value.
But this is not relevant for proofs because of proof irrelevance.

Note: This linter can be disabled with `set_option linter.style.haveILetI false`
warning: ASGinzburg/BicomplexTotalShortExact.lean:130:4: Try this: 
  haveI̵

The goal is a proposition, so `have` is preferred over `haveI`.
The difference between `have` and `haveI` is that `haveI` inlines the value.
But this is not relevant for proofs because of proof irrelevance.

Note: This linter can be disabled with `set_option linter.style.haveILetI false`
warning: ASGinzburg/BicomplexTotalShortExact.lean:131:4: Try this: 
  haveI̵

The goal is a proposition, so `have` is preferred over `haveI`.
The difference between `have` and `haveI` is that `haveI` inlines the value.
But this is not relevant for proofs because of proof irrelevance.

Note: This linter can be disabled with `set_option linter.style.haveILetI false`
warning: ASGinzburg/BicomplexTotalShortExact.lean:139:4: Try this: 
  haveI̵

The goal is a proposition, so `have` is preferred over `haveI`.
The difference between `have` and `haveI` is that `haveI` inlines the value.
But this is not relevant for proofs because of proof irrelevance.

Note: This linter can be disabled with `set_option linter.style.haveILetI false`
warning: ASGinzburg/BicomplexTotalShortExact.lean:140:4: Try this: 
  haveI̵

The goal is a proposition, so `have` is preferred over `haveI`.
The difference between `have` and `haveI` is that `haveI` inlines the value.
But this is not relevant for proofs because of proof irrelevance.

Note: This linter can be disabled with `set_option linter.style.haveILetI false`
⚠ [4058/4782] Replayed ASGinzburg.GradedOrdinaryFiniteHomogeneousGenerators
warning: ASGinzburg/GradedOrdinaryFiniteHomogeneousGenerators.lean:19:2: Try this: 
  letI̵

The goal is a proposition, so `let` is preferred over `letI`.
The difference between `let` and `letI` is that `letI` inlines the value.
But this is not relevant for proofs because of proof irrelevance.

Note: This linter can be disabled with `set_option linter.style.haveILetI false`
✔ [4059/4782] Built ASGinzburg.TriangleTensorAction (10s)
✖ [4079/4782] Building ASGinzburg.BicomplexTotalRowAcyclic (8.6s)
trace: .> LEAN_PATH=/workspace/as-ginzburg-lean/.lake/packages/Cli/.lake/build/lib/lean:/workspace/as-ginzburg-lean/.lake/packages/batteries/.lake/build/lib/lean:/workspace/as-ginzburg-lean/.lake/packages/Qq/.lake/build/lib/lean:/workspace/as-ginzburg-lean/.lake/packages/aesop/.lake/build/lib/lean:/workspace/as-ginzburg-lean/.lake/packages/proofwidgets/.lake/build/lib/lean:/workspace/as-ginzburg-lean/.lake/packages/importGraph/.lake/build/lib/lean:/workspace/as-ginzburg-lean/.lake/packages/LeanSearchClient/.lake/build/lib/lean:/workspace/as-ginzburg-lean/.lake/packages/plausible/.lake/build/lib/lean:/workspace/as-ginzburg-lean/.lake/packages/mathlib/.lake/build/lib/lean:/workspace/as-ginzburg-lean/.lake/build/lib/lean /workspace/as-ginzburg-lean/work/lean-upgrade/lean-4.34.1-linux/bin/lean /workspace/as-ginzburg-lean/ASGinzburg/BicomplexTotalRowAcyclic.lean -o /workspace/as-ginzburg-lean/.lake/build/lib/lean/ASGinzburg/BicomplexTotalRowAcyclic.olean -i /workspace/as-ginzburg-lean/.lake/build/lib/lean/ASGinzburg/BicomplexTotalRowAcyclic.ilean -c /workspace/as-ginzburg-lean/.lake/build/ir/ASGinzburg/BicomplexTotalRowAcyclic.c --setup /workspace/as-ginzburg-lean/.lake/build/ir/ASGinzburg/BicomplexTotalRowAcyclic.setup.json --json
error: ASGinzburg/BicomplexTotalRowAcyclic.lean:34:8: Type mismatch: After simplification, term
  hs (i + 1) j (Decidable.byContradiction fun a => bicomplexTotal_maximal_row_cycle._proof_1_1 i a)
 has type
  @Eq (↑((K.X (i + 1)).X j)) ((ConcreteCategory.hom (bicomplexTotalProjection K (i + (j + 1)) (i + 1) j)) x) 0
but is expected to have type
  @Eq (↑((K.X (i + 1)).X j)) ((ConcreteCategory.hom (bicomplexTotalProjection K (i + j + 1) (i + 1) j)) x) 0
error: ASGinzburg/BicomplexTotalRowAcyclic.lean:43:8: Type mismatch: After simplification, term
  hx
 has type
  @Eq (↑((K.total (ComplexShape.down ℕ)).X (i + j)))
    ((ConcreteCategory.hom ((K.total (ComplexShape.down ℕ)).d (i + (j + 1)) (i + j))) x) 0
but is expected to have type
  @Eq (↑((K.total (ComplexShape.down ℕ)).X (i + j)))
    ((ConcreteCategory.hom ((K.total (ComplexShape.down ℕ)).d (i + j + 1) (i + j))) x) 0
error: ASGinzburg/BicomplexTotalRowAcyclic.lean:44:6: Type mismatch: After simplification, term
  (smul_eq_zero_iff_eq ((-1) ^ i)).mp (Eq.symm h)
 has type
  @Eq (↑((K.X i).X j))
    ((ConcreteCategory.hom ((K.X i).d (j + 1) j))
      ((ConcreteCategory.hom (bicomplexTotalProjection K (i + j + 1) i (j + 1))) x))
    0
but is expected to have type
  @Eq (↑((K.X i).X (j + 1 - 1)))
    ((ConcreteCategory.hom ((K.X i).d (j + 1) (j + 1 - 1)))
      ((ConcreteCategory.hom (bicomplexTotalProjection K (i + (j + 1)) i (j + 1))) x))
    0
error: ASGinzburg/BicomplexTotalRowAcyclic.lean:55:2: Type mismatch: After simplification, term
  h
 has type
  @Eq (↑((K.X i).X j))
    ((ConcreteCategory.hom (bicomplexTotalProjection K (n + 1 - 1) i j))
      ((ConcreteCategory.hom ((K.total (ComplexShape.down ℕ)).d (n + 1) (n + 1 - 1)))
        ((ConcreteCategory.hom (K.ιTotal (ComplexShape.down ℕ) i (j + 1) (n + 1) ⋯)) y)))
    ((-1) ^ i • (ConcreteCategory.hom ((K.X i).d (j + 1) j)) y)
but is expected to have type
  @Eq (↑((K.X i).X j))
    ((ConcreteCategory.hom (bicomplexTotalProjection K n i j))
      ((ConcreteCategory.hom ((K.total (ComplexShape.down ℕ)).d (n + 1) n))
        ((ConcreteCategory.hom (K.ιTotal (ComplexShape.down ℕ) i (j + 1) (n + 1) ⋯)) y)))
    ((ConcreteCategory.hom ((-1) ^ i • (K.X i).d (j + 1) j)) y)
error: ASGinzburg/BicomplexTotalRowAcyclic.lean:67:2: Type mismatch: After simplification, term
  h
 has type
  @Eq (↑((K.X a).X b))
    ((ConcreteCategory.hom (bicomplexTotalProjection K (n + 1 - 1) a b))
      ((ConcreteCategory.hom ((K.total (ComplexShape.down ℕ)).d (n + 1) (n + 1 - 1)))
        ((ConcreteCategory.hom (K.ιTotal (ComplexShape.down ℕ) i (j + 1) (n + 1) ⋯)) y)))
    0
but is expected to have type
  @Eq (↑((K.X a).X b))
    ((ConcreteCategory.hom (bicomplexTotalProjection K n a b))
      ((ConcreteCategory.hom ((K.total (ComplexShape.down ℕ)).d (n + 1) n))
        ((ConcreteCategory.hom (K.ιTotal (ComplexShape.down ℕ) i (j + 1) (n + 1) ⋯)) y)))
    0
⚠ [4084/4782] Replayed ASGinzburg.OrdinaryPerfectDerivedObject
warning: ASGinzburg/OrdinaryPerfectDerivedObject.lean:35:2: Try this: 
  letI̵

The goal is a proposition, so `let` is preferred over `letI`.
The difference between `let` and `letI` is that `letI` inlines the value.
But this is not relevant for proofs because of proof irrelevance.

Note: This linter can be disabled with `set_option linter.style.haveILetI false`
✔ [4096/4782] Built ASGinzburg.BalancedTensorHomFunctor (3.8s)
✖ [4101/4782] Building ASGinzburg.FiniteFourTermPerfectComplex (3.7s)
trace: .> LEAN_PATH=/workspace/as-ginzburg-lean/.lake/packages/Cli/.lake/build/lib/lean:/workspace/as-ginzburg-lean/.lake/packages/batteries/.lake/build/lib/lean:/workspace/as-ginzburg-lean/.lake/packages/Qq/.lake/build/lib/lean:/workspace/as-ginzburg-lean/.lake/packages/aesop/.lake/build/lib/lean:/workspace/as-ginzburg-lean/.lake/packages/proofwidgets/.lake/build/lib/lean:/workspace/as-ginzburg-lean/.lake/packages/importGraph/.lake/build/lib/lean:/workspace/as-ginzburg-lean/.lake/packages/LeanSearchClient/.lake/build/lib/lean:/workspace/as-ginzburg-lean/.lake/packages/plausible/.lake/build/lib/lean:/workspace/as-ginzburg-lean/.lake/packages/mathlib/.lake/build/lib/lean:/workspace/as-ginzburg-lean/.lake/build/lib/lean /workspace/as-ginzburg-lean/work/lean-upgrade/lean-4.34.1-linux/bin/lean /workspace/as-ginzburg-lean/ASGinzburg/FiniteFourTermPerfectComplex.lean -o /workspace/as-ginzburg-lean/.lake/build/lib/lean/ASGinzburg/FiniteFourTermPerfectComplex.olean -i /workspace/as-ginzburg-lean/.lake/build/lib/lean/ASGinzburg/FiniteFourTermPerfectComplex.ilean -c /workspace/as-ginzburg-lean/.lake/build/ir/ASGinzburg/FiniteFourTermPerfectComplex.c --setup /workspace/as-ginzburg-lean/.lake/build/ir/ASGinzburg/FiniteFourTermPerfectComplex.setup.json --json
warning: ASGinzburg/FiniteFourTermPerfectComplex.lean:23:4: Try this: 
  haveI̵

The goal is a proposition, so `have` is preferred over `haveI`.
The difference between `have` and `haveI` is that `haveI` inlines the value.
But this is not relevant for proofs because of proof irrelevance.

Note: This linter can be disabled with `set_option linter.style.haveILetI false`
warning: ASGinzburg/FiniteFourTermPerfectComplex.lean:25:4: Try this: 
  haveI̵

The goal is a proposition, so `have` is preferred over `haveI`.
The difference between `have` and `haveI` is that `haveI` inlines the value.
But this is not relevant for proofs because of proof irrelevance.

Note: This linter can be disabled with `set_option linter.style.haveILetI false`
error: ASGinzburg/FiniteFourTermPerfectComplex.lean:40:6: omega could not prove the goal:
a possible counterexample may satisfy the constraints
  0 ≤ b ≤ 3
  a ≤ -4
where
 a := i
 b := ↑n
error: ASGinzburg/FiniteFourTermPerfectComplex.lean:62:5: Function expected at
  HomologicalComplex.quasiIso_extendMap_iff ?m.57 ?m.58
but this term has type
  QuasiIso (HomologicalComplex.extendMap ?m.57 ?m.58) ↔ QuasiIso ?m.57

Note: Expected a function because this term is being applied to the argument
  F.toProjectiveResolution.π
warning: ASGinzburg/FiniteFourTermPerfectComplex.lean:60:2: Try this: 
  haveI̵

The goal is a proposition, so `have` is preferred over `haveI`.
The difference between `have` and `haveI` is that `haveI` inlines the value.
But this is not relevant for proofs because of proof irrelevance.

Note: This linter can be disabled with `set_option linter.style.haveILetI false`
✖ [4102/4782] Building ASGinzburg.EnvelopingBalancedTensorHomMaps (4.1s)
trace: .> LEAN_PATH=/workspace/as-ginzburg-lean/.lake/packages/Cli/.lake/build/lib/lean:/workspace/as-ginzburg-lean/.lake/packages/batteries/.lake/build/lib/lean:/workspace/as-ginzburg-lean/.lake/packages/Qq/.lake/build/lib/lean:/workspace/as-ginzburg-lean/.lake/packages/aesop/.lake/build/lib/lean:/workspace/as-ginzburg-lean/.lake/packages/proofwidgets/.lake/build/lib/lean:/workspace/as-ginzburg-lean/.lake/packages/importGraph/.lake/build/lib/lean:/workspace/as-ginzburg-lean/.lake/packages/LeanSearchClient/.lake/build/lib/lean:/workspace/as-ginzburg-lean/.lake/packages/plausible/.lake/build/lib/lean:/workspace/as-ginzburg-lean/.lake/packages/mathlib/.lake/build/lib/lean:/workspace/as-ginzburg-lean/.lake/build/lib/lean /workspace/as-ginzburg-lean/work/lean-upgrade/lean-4.34.1-linux/bin/lean /workspace/as-ginzburg-lean/ASGinzburg/EnvelopingBalancedTensorHomMaps.lean -o /workspace/as-ginzburg-lean/.lake/build/lib/lean/ASGinzburg/EnvelopingBalancedTensorHomMaps.olean -i /workspace/as-ginzburg-lean/.lake/build/lib/lean/ASGinzburg/EnvelopingBalancedTensorHomMaps.ilean -c /workspace/as-ginzburg-lean/.lake/build/ir/ASGinzburg/EnvelopingBalancedTensorHomMaps.c --setup /workspace/as-ginzburg-lean/.lake/build/ir/ASGinzburg/EnvelopingBalancedTensorHomMaps.setup.json --json
warning: ASGinzburg/EnvelopingBalancedTensorHomMaps.lean:34:13: `TensorProduct.induction_on` has been deprecated: Use `TensorProduction.inductionOn` instead
error: ASGinzburg/EnvelopingBalancedTensorHomMaps.lean:34:6: Type mismatch
  TensorProduct.induction_on t ?m.210 ?m.211 ?m.212
has type
  ?m.209 t
but is expected to have type
  (fun x =>
        (have this := fk ∘ₗ (balancedTensorHomLinearEquiv k R M X) (t • g);
          this)
          x)
      x =
    (fun x =>
        (have this := (RingHom.id (AlgebraEnvelopingRing k R)) t • fk ∘ₗ (balancedTensorHomLinearEquiv k R M X) g;
          this)
          x)
      x
⚠ [4103/4782] Built ASGinzburg.HomogeneousOrdinaryQuotientDecomposition (7.3s)
warning: ASGinzburg/HomogeneousOrdinaryQuotientDecomposition.lean:26:0: Definition `ASGinzburg.homogeneousOrdinaryQuotientDecomposition` of class type is semireducible. Most type class instances should be instance-reducible, so consider marking this
definition with `@[instance_reducible]`. If it is intentionally semireducible, this warning can be disabled with `set_option warn.classDefReducibility false`.
✔ [4110/4782] Built ASGinzburg.EnvelopingBalancedTensorForgetComparison (10s)
⚠ [4112/4782] Built ASGinzburg.GradedNilpotentCoverSurjectivity (4.6s)
warning: ASGinzburg/GradedNilpotentCoverSurjectivity.lean:32:2: Try this: 
  letI̵

The goal is a proposition, so `let` is preferred over `letI`.
The difference between `let` and `letI` is that `letI` inlines the value.
But this is not relevant for proofs because of proof irrelevance.

Note: This linter can be disabled with `set_option linter.style.haveILetI false`
warning: ASGinzburg/GradedNilpotentCoverSurjectivity.lean:52:2: Try this: 
  letI̵

The goal is a proposition, so `let` is preferred over `letI`.
The difference between `let` and `letI` is that `letI` inlines the value.
But this is not relevant for proofs because of proof irrelevance.

Note: This linter can be disabled with `set_option linter.style.haveILetI false`
✖ [4117/4782] Building ASGinzburg.EnvelopingBalancedTensorHomEquiv (7.7s)
trace: .> LEAN_PATH=/workspace/as-ginzburg-lean/.lake/packages/Cli/.lake/build/lib/lean:/workspace/as-ginzburg-lean/.lake/packages/batteries/.lake/build/lib/lean:/workspace/as-ginzburg-lean/.lake/packages/Qq/.lake/build/lib/lean:/workspace/as-ginzburg-lean/.lake/packages/aesop/.lake/build/lib/lean:/workspace/as-ginzburg-lean/.lake/packages/proofwidgets/.lake/build/lib/lean:/workspace/as-ginzburg-lean/.lake/packages/importGraph/.lake/build/lib/lean:/workspace/as-ginzburg-lean/.lake/packages/LeanSearchClient/.lake/build/lib/lean:/workspace/as-ginzburg-lean/.lake/packages/plausible/.lake/build/lib/lean:/workspace/as-ginzburg-lean/.lake/packages/mathlib/.lake/build/lib/lean:/workspace/as-ginzburg-lean/.lake/build/lib/lean /workspace/as-ginzburg-lean/work/lean-upgrade/lean-4.34.1-linux/bin/lean /workspace/as-ginzburg-lean/ASGinzburg/EnvelopingBalancedTensorHomEquiv.lean -o /workspace/as-ginzburg-lean/.lake/build/lib/lean/ASGinzburg/EnvelopingBalancedTensorHomEquiv.olean -i /workspace/as-ginzburg-lean/.lake/build/lib/lean/ASGinzburg/EnvelopingBalancedTensorHomEquiv.ilean -c /workspace/as-ginzburg-lean/.lake/build/ir/ASGinzburg/EnvelopingBalancedTensorHomEquiv.c --setup /workspace/as-ginzburg-lean/.lake/build/ir/ASGinzburg/EnvelopingBalancedTensorHomEquiv.setup.json --json
warning: ASGinzburg/EnvelopingBalancedTensorHomEquiv.lean:36:13: `TensorProduct.induction_on` has been deprecated: Use `TensorProduction.inductionOn` instead
error: ASGinzburg/EnvelopingBalancedTensorHomEquiv.lean:36:6: Type mismatch
  TensorProduct.induction_on t ?m.230 ?m.231 ?m.232
has type
  ?m.229 t
but is expected to have type
  (fun x =>
        (have this := g (t • p);
          this)
          x)
      x =
    (fun x =>
        (have this := (RingHom.id (AlgebraEnvelopingRing k R)) t • g p;
          this)
          x)
      x
error: ASGinzburg/EnvelopingBalancedTensorHomEquiv.lean:83:6: Type mismatch: After simplification, term
  hx
 has type
  @Eq X ((g (a ⊗ₜ[k] 1 • p)) x) ((g p) (MulOpposite.op a • x))
but is expected to have type
  @Eq X ((g (a • p)) x) ((g p) (MulOpposite.op ((RingHom.id R) a) • x))
error: ASGinzburg/EnvelopingBalancedTensorHomEquiv.lean:116:8: Type mismatch: After simplification, term
  hx
 has type
  @Eq X ((g (1 ⊗ₜ[k] b • p)) x) (b • (g p) x)
but is expected to have type
  @Eq X ((g (b • p)) x) (b • (g p) x)
warning: ASGinzburg/EnvelopingBalancedTensorHomEquiv.lean:127:2: Try this: 
  letI̵

The goal is a proposition, so `let` is preferred over `letI`.
The difference between `let` and `letI` is that `letI` inlines the value.
But this is not relevant for proofs because of proof irrelevance.

Note: This linter can be disabled with `set_option linter.style.haveILetI false`
warning: ASGinzburg/EnvelopingBalancedTensorHomEquiv.lean:128:2: Try this: 
  letI̵

The goal is a proposition, so `let` is preferred over `letI`.
The difference between `let` and `letI` is that `letI` inlines the value.
But this is not relevant for proofs because of proof irrelevance.

Note: This linter can be disabled with `set_option linter.style.haveILetI false`
⚠ [4118/4782] Replayed ASGinzburg.GradedOrdinaryRingDualBoundedBelow
warning: ASGinzburg/GradedOrdinaryRingDualBoundedBelow.lean:20:2: Try this: 
  letI̵

The goal is a proposition, so `let` is preferred over `letI`.
The difference between `let` and `letI` is that `letI` inlines the value.
But this is not relevant for proofs because of proof irrelevance.

Note: This linter can be disabled with `set_option linter.style.haveILetI false`
⚠ [4143/4782] Built ASGinzburg.GradedOrdinaryRingDualComponents (4.4s)
warning: ASGinzburg/GradedOrdinaryRingDualComponents.lean:28:2: Try this: 
  letI̵

The goal is a proposition, so `let` is preferred over `letI`.
The difference between `let` and `letI` is that `letI` inlines the value.
But this is not relevant for proofs because of proof irrelevance.

Note: This linter can be disabled with `set_option linter.style.haveILetI false`
warning: ASGinzburg/GradedOrdinaryRingDualComponents.lean:42:2: Try this: 
  letI̵

The goal is a proposition, so `let` is preferred over `letI`.
The difference between `let` and `letI` is that `letI` inlines the value.
But this is not relevant for proofs because of proof irrelevance.

Note: This linter can be disabled with `set_option linter.style.haveILetI false`
warning: ASGinzburg/GradedOrdinaryRingDualComponents.lean:89:2: Try this: 
  letI̵

The goal is a proposition, so `let` is preferred over `letI`.
The difference between `let` and `letI` is that `letI` inlines the value.
But this is not relevant for proofs because of proof irrelevance.

Note: This linter can be disabled with `set_option linter.style.haveILetI false`
warning: ASGinzburg/GradedOrdinaryRingDualComponents.lean:104:2: Try this: 
  letI̵

The goal is a proposition, so `let` is preferred over `letI`.
The difference between `let` and `letI` is that `letI` inlines the value.
But this is not relevant for proofs because of proof irrelevance.

Note: This linter can be disabled with `set_option linter.style.haveILetI false`
✖ [4150/4782] Building ASGinzburg.GradedNilpotentFiniteGeneration (6.8s)
trace: .> LEAN_PATH=/workspace/as-ginzburg-lean/.lake/packages/Cli/.lake/build/lib/lean:/workspace/as-ginzburg-lean/.lake/packages/batteries/.lake/build/lib/lean:/workspace/as-ginzburg-lean/.lake/packages/Qq/.lake/build/lib/lean:/workspace/as-ginzburg-lean/.lake/packages/aesop/.lake/build/lib/lean:/workspace/as-ginzburg-lean/.lake/packages/proofwidgets/.lake/build/lib/lean:/workspace/as-ginzburg-lean/.lake/packages/importGraph/.lake/build/lib/lean:/workspace/as-ginzburg-lean/.lake/packages/LeanSearchClient/.lake/build/lib/lean:/workspace/as-ginzburg-lean/.lake/packages/plausible/.lake/build/lib/lean:/workspace/as-ginzburg-lean/.lake/packages/mathlib/.lake/build/lib/lean:/workspace/as-ginzburg-lean/.lake/build/lib/lean /workspace/as-ginzburg-lean/work/lean-upgrade/lean-4.34.1-linux/bin/lean /workspace/as-ginzburg-lean/ASGinzburg/GradedNilpotentFiniteGeneration.lean -o /workspace/as-ginzburg-lean/.lake/build/lib/lean/ASGinzburg/GradedNilpotentFiniteGeneration.olean -i /workspace/as-ginzburg-lean/.lake/build/lib/lean/ASGinzburg/GradedNilpotentFiniteGeneration.ilean -c /workspace/as-ginzburg-lean/.lake/build/ir/ASGinzburg/GradedNilpotentFiniteGeneration.c --setup /workspace/as-ginzburg-lean/.lake/build/ir/ASGinzburg/GradedNilpotentFiniteGeneration.setup.json --json
error: ASGinzburg/GradedNilpotentFiniteGeneration.lean:49:25: Unknown constant `DistribMulAction.toLinearMap`
error: ASGinzburg/GradedNilpotentFiniteGeneration.lean:52:19: Type mismatch
  Submodule.smul_of_tower_mem N r hy
has type
  r • y ∈ N
but is expected to have type
  L y ∈ S
error: ASGinzburg/GradedNilpotentFiniteGeneration.lean:51:24: Type mismatch: After simplification, term
  h₀ q r y hy
 has type
  r • y ∈ G q
but is expected to have type
  L y ∈ G q
warning: ASGinzburg/GradedNilpotentFiniteGeneration.lean:74:2: Try this: 
  letI̵

The goal is a proposition, so `let` is preferred over `letI`.
The difference between `let` and `letI` is that `letI` inlines the value.
But this is not relevant for proofs because of proof irrelevance.

Note: This linter can be disabled with `set_option linter.style.haveILetI false`
warning: ASGinzburg/GradedNilpotentFiniteGeneration.lean:96:2: Try this: 
  letI̵

The goal is a proposition, so `let` is preferred over `letI`.
The difference between `let` and `letI` is that `letI` inlines the value.
But this is not relevant for proofs because of proof irrelevance.

Note: This linter can be disabled with `set_option linter.style.haveILetI false`
✔ [4151/4782] Built ASGinzburg.GradedOrdinaryMinimalSyzygies (6.0s)
✔ [4159/4782] Built ASGinzburg.FiniteComponentAutomorphismProducts (7.8s)
✔ [4174/4782] Built ASGinzburg.BalancedTensorAdjunction (5.3s)
✖ [4184/4782] Building ASGinzburg.TriangleCutSliceAction (6.4s)
trace: .> LEAN_PATH=/workspace/as-ginzburg-lean/.lake/packages/Cli/.lake/build/lib/lean:/workspace/as-ginzburg-lean/.lake/packages/batteries/.lake/build/lib/lean:/workspace/as-ginzburg-lean/.lake/packages/Qq/.lake/build/lib/lean:/workspace/as-ginzburg-lean/.lake/packages/aesop/.lake/build/lib/lean:/workspace/as-ginzburg-lean/.lake/packages/proofwidgets/.lake/build/lib/lean:/workspace/as-ginzburg-lean/.lake/packages/importGraph/.lake/build/lib/lean:/workspace/as-ginzburg-lean/.lake/packages/LeanSearchClient/.lake/build/lib/lean:/workspace/as-ginzburg-lean/.lake/packages/plausible/.lake/build/lib/lean:/workspace/as-ginzburg-lean/.lake/packages/mathlib/.lake/build/lib/lean:/workspace/as-ginzburg-lean/.lake/build/lib/lean /workspace/as-ginzburg-lean/work/lean-upgrade/lean-4.34.1-linux/bin/lean /workspace/as-ginzburg-lean/ASGinzburg/TriangleCutSliceAction.lean -o /workspace/as-ginzburg-lean/.lake/build/lib/lean/ASGinzburg/TriangleCutSliceAction.olean -i /workspace/as-ginzburg-lean/.lake/build/lib/lean/ASGinzburg/TriangleCutSliceAction.ilean -c /workspace/as-ginzburg-lean/.lake/build/ir/ASGinzburg/TriangleCutSliceAction.c --setup /workspace/as-ginzburg-lean/.lake/build/ir/ASGinzburg/TriangleCutSliceAction.setup.json --json
error: ASGinzburg/TriangleCutSliceAction.lean:26:2: Type mismatch: After simplification, term
  h
 has type
  @Eq k ((Pi.basisFun k (Fin 3)).toDualEquiv.symm (g.dualMap ((Pi.basisFun k (Fin 3)).toDual (Pi.single j 1))) i)
    (g (Pi.single i 1) j)
but is expected to have type
  @Eq k ((Pi.basisFun k (Fin 3)).toDualEquiv.symm (g.dualMap ((Pi.basisFun k (Fin 3)).toDualEquiv (Pi.single j 1))) i)
    (g (Pi.single i 1) j)
✔ [4185/4782] Built ASGinzburg.HomogeneousOrdinaryQuotientAction (4.4s)
⚠ [4190/4782] Built ASGinzburg.HomogeneousIdempotentQuotientBasisLifts (5.2s)
warning: ASGinzburg/HomogeneousIdempotentQuotientBasisLifts.lean:30:2: Try this: 
  letI̵

The goal is a proposition, so `let` is preferred over `letI`.
The difference between `let` and `letI` is that `letI` inlines the value.
But this is not relevant for proofs because of proof irrelevance.

Note: This linter can be disabled with `set_option linter.style.haveILetI false`
✖ [4193/4782] Building ASGinzburg.GradedOrdinaryMinimalResolution (3.9s)
trace: .> LEAN_PATH=/workspace/as-ginzburg-lean/.lake/packages/Cli/.lake/build/lib/lean:/workspace/as-ginzburg-lean/.lake/packages/batteries/.lake/build/lib/lean:/workspace/as-ginzburg-lean/.lake/packages/Qq/.lake/build/lib/lean:/workspace/as-ginzburg-lean/.lake/packages/aesop/.lake/build/lib/lean:/workspace/as-ginzburg-lean/.lake/packages/proofwidgets/.lake/build/lib/lean:/workspace/as-ginzburg-lean/.lake/packages/importGraph/.lake/build/lib/lean:/workspace/as-ginzburg-lean/.lake/packages/LeanSearchClient/.lake/build/lib/lean:/workspace/as-ginzburg-lean/.lake/packages/plausible/.lake/build/lib/lean:/workspace/as-ginzburg-lean/.lake/packages/mathlib/.lake/build/lib/lean:/workspace/as-ginzburg-lean/.lake/build/lib/lean /workspace/as-ginzburg-lean/work/lean-upgrade/lean-4.34.1-linux/bin/lean /workspace/as-ginzburg-lean/ASGinzburg/GradedOrdinaryMinimalResolution.lean -o /workspace/as-ginzburg-lean/.lake/build/lib/lean/ASGinzburg/GradedOrdinaryMinimalResolution.olean -i /workspace/as-ginzburg-lean/.lake/build/lib/lean/ASGinzburg/GradedOrdinaryMinimalResolution.ilean -c /workspace/as-ginzburg-lean/.lake/build/ir/ASGinzburg/GradedOrdinaryMinimalResolution.c --setup /workspace/as-ginzburg-lean/.lake/build/ir/ASGinzburg/GradedOrdinaryMinimalResolution.setup.json --json
error: ASGinzburg/GradedOrdinaryMinimalResolution.lean:23:11: Function expected at
  ChainComplex.of_d ?m.165 ?m.166 ?m.167
but this term has type
  ChainComplex.of.d ?m.165 ?m.166 (?m.167 + 1) ?m.167 = ?m.166 ?m.167

Note: Expected a function because this term is being applied to the argument
  (n + 1)
error: ASGinzburg/GradedOrdinaryMinimalResolution.lean:24:61: Function expected at
  ChainComplex.of_d ?m.153 ?m.154 ?m.155
but this term has type
  ChainComplex.of.d ?m.153 ?m.154 (?m.155 + 1) ?m.155 = ?m.154 ?m.155

Note: Expected a function because this term is being applied to the argument
  n
error: ASGinzburg/GradedOrdinaryMinimalResolution.lean:22:2: Type mismatch: After simplification, term
  differential_exact C M n
 has type
  { X₁ := term C M (n + 1 + 1), X₂ := term C M (n + 1), X₃ := term C M n, f := differential C M (n + 1),
      g := differential C M n, zero := ⋯ }.Exact
but is expected to have type
  { X₁ := (complex C M).X (n + 2), X₂ := (complex C M).X (n + 1), X₃ := (complex C M).X n,
      f := (complex C M).d (n + 2) (n + 1), g := (complex C M).d (n + 1) n, zero := ⋯ }.Exact
error: ASGinzburg/GradedOrdinaryMinimalResolution.lean:30:59: Function expected at
  ChainComplex.of_d ?m.105 ?m.106 ?m.107
but this term has type
  ChainComplex.of.d ?m.105 ?m.106 (?m.107 + 1) ?m.107 = ?m.106 ?m.107

Note: Expected a function because this term is being applied to the argument
  0
error: ASGinzburg/GradedOrdinaryMinimalResolution.lean:29:55: unsolved goals
k : Type u
inst✝² : Field k
R : Type v
inst✝¹ : Ring R
inst✝ : Algebra k R
A : ℤ → Submodule k R
b : ℤ
J : Ideal R
C : (M : GradedOrdinaryBoundedModule k R A b) → GradedOrdinaryProjectiveCover (↑M) b J
M : GradedOrdinaryBoundedModule k R A b
⊢ (complex C M).d 1 0 ≫ cover C M 0 = 0
error: ASGinzburg/GradedOrdinaryMinimalResolution.lean:36:6: `dsimp` made no progress
error: ASGinzburg/GradedOrdinaryMinimalResolution.lean:59:57: Application type mismatch: The argument
  differential_sq C M
has type
  ∀ (n : ℕ), differential C M (n + 1) ≫ differential C M n = 0
of sort `Prop` but is expected to have type
  ℕ
of sort `Type` in the application
  ChainComplex.of_d (term C M) (differential C M) (differential_sq C M)
error: ASGinzburg/GradedOrdinaryMinimalResolution.lean:57:70: unsolved goals
k : Type u
inst✝² : Field k
R : Type v
inst✝¹ : Ring R
inst✝ : Algebra k R
A : ℤ → Submodule k R
b : ℤ
J : Ideal R
C : (M : GradedOrdinaryBoundedModule k R A b) → GradedOrdinaryProjectiveCover (↑M) b J
M : GradedOrdinaryBoundedModule k R A b
n : ℕ
x : ↑((resolution C M).complex.X (n + 1))
⊢ (ConcreteCategory.hom ((resolution C M).complex.d (n + 1) n)) x ∈
    ordinaryIdealActionSpan k R (↑((resolution C M).complex.X n)) J
error: ASGinzburg/GradedOrdinaryMinimalResolution.lean:72:57: Application type mismatch: The argument
  differential_sq C M
has type
  ∀ (n : ℕ), differential C M (n + 1) ≫ differential C M n = 0
of sort `Prop` but is expected to have type
  ℕ
of sort `Type` in the application
  ChainComplex.of_d (term C M) (differential C M) (differential_sq C M)
error: ASGinzburg/GradedOrdinaryMinimalResolution.lean:70:48: unsolved goals
k : Type u
inst✝² : Field k
R : Type v
inst✝¹ : Ring R
inst✝ : Algebra k R
A : ℤ → Submodule k R
b : ℤ
J : Ideal R
C : (M : GradedOrdinaryBoundedModule k R A b) → GradedOrdinaryProjectiveCover (↑M) b J
M : GradedOrdinaryBoundedModule k R A b
n : ℕ
⊢ (termData C M (n + 1)).PreservesGrade (termData C M n) ((resolution C M).complex.d (n + 1) n)
✖ [4194/4782] Building ASGinzburg.GradedOrdinaryRingDualComponentMaps (5.5s)
trace: .> LEAN_PATH=/workspace/as-ginzburg-lean/.lake/packages/Cli/.lake/build/lib/lean:/workspace/as-ginzburg-lean/.lake/packages/batteries/.lake/build/lib/lean:/workspace/as-ginzburg-lean/.lake/packages/Qq/.lake/build/lib/lean:/workspace/as-ginzburg-lean/.lake/packages/aesop/.lake/build/lib/lean:/workspace/as-ginzburg-lean/.lake/packages/proofwidgets/.lake/build/lib/lean:/workspace/as-ginzburg-lean/.lake/packages/importGraph/.lake/build/lib/lean:/workspace/as-ginzburg-lean/.lake/packages/LeanSearchClient/.lake/build/lib/lean:/workspace/as-ginzburg-lean/.lake/packages/plausible/.lake/build/lib/lean:/workspace/as-ginzburg-lean/.lake/packages/mathlib/.lake/build/lib/lean:/workspace/as-ginzburg-lean/.lake/build/lib/lean /workspace/as-ginzburg-lean/work/lean-upgrade/lean-4.34.1-linux/bin/lean /workspace/as-ginzburg-lean/ASGinzburg/GradedOrdinaryRingDualComponentMaps.lean -o /workspace/as-ginzburg-lean/.lake/build/lib/lean/ASGinzburg/GradedOrdinaryRingDualComponentMaps.olean -i /workspace/as-ginzburg-lean/.lake/build/lib/lean/ASGinzburg/GradedOrdinaryRingDualComponentMaps.ilean -c /workspace/as-ginzburg-lean/.lake/build/ir/ASGinzburg/GradedOrdinaryRingDualComponentMaps.c --setup /workspace/as-ginzburg-lean/.lake/build/ir/ASGinzburg/GradedOrdinaryRingDualComponentMaps.setup.json --json
warning: ASGinzburg/GradedOrdinaryRingDualComponentMaps.lean:27:4: Try this: 
  letI̵

The goal is a proposition, so `let` is preferred over `letI`.
The difference between `let` and `letI` is that `letI` inlines the value.
But this is not relevant for proofs because of proof irrelevance.

Note: This linter can be disabled with `set_option linter.style.haveILetI false`
warning: ASGinzburg/GradedOrdinaryRingDualComponentMaps.lean:40:4: Try this: 
  letI̵

The goal is a proposition, so `let` is preferred over `letI`.
The difference between `let` and `letI` is that `letI` inlines the value.
But this is not relevant for proofs because of proof irrelevance.

Note: This linter can be disabled with `set_option linter.style.haveILetI false`
warning: ASGinzburg/GradedOrdinaryRingDualComponentMaps.lean:56:2: Try this: 
  letI̵

The goal is a proposition, so `let` is preferred over `letI`.
The difference between `let` and `letI` is that `letI` inlines the value.
But this is not relevant for proofs because of proof irrelevance.

Note: This linter can be disabled with `set_option linter.style.haveILetI false`
error: ASGinzburg/GradedOrdinaryRingDualComponentMaps.lean:66:6: Type mismatch: After simplification, term
  h
 has type
  @Eq R ((homogeneousComponent k R G s) (f ↑x)) 0
but is expected to have type
  @Eq R (↑(((DirectSum.decompose G) (f ↑x)) s)) 0
⚠ [4195/4782] Built ASGinzburg.BifunctorTotalResolutionLeft (5.2s)
warning: ASGinzburg/BifunctorTotalResolutionLeft.lean:29:2: Try this: 
  letI̵

The goal is a proposition, so `let` is preferred over `letI`.
The difference between `let` and `letI` is that `letI` inlines the value.
But this is not relevant for proofs because of proof irrelevance.

Note: This linter can be disabled with `set_option linter.style.haveILetI false`
⚠ [4219/4782] Built ASGinzburg.OrdinaryModuleRingDualDerived (7.3s)
warning: ASGinzburg/OrdinaryModuleRingDualDerived.lean:36:4: Try this: 
  letI̵

The goal is a proposition, so `let` is preferred over `letI`.
The difference between `let` and `letI` is that `letI` inlines the value.
But this is not relevant for proofs because of proof irrelevance.

Note: This linter can be disabled with `set_option linter.style.haveILetI false`
warning: ASGinzburg/OrdinaryModuleRingDualDerived.lean:41:4: Try this: 
  haveI̵

The goal is a proposition, so `have` is preferred over `haveI`.
The difference between `have` and `haveI` is that `haveI` inlines the value.
But this is not relevant for proofs because of proof irrelevance.

Note: This linter can be disabled with `set_option linter.style.haveILetI false`
⚠ [4223/4782] Built ASGinzburg.BalancedTensorLeftAdjunction (7.2s)
warning: ASGinzburg/BalancedTensorLeftAdjunction.lean:29:2: Try this: 
  letI̵

The goal is a proposition, so `let` is preferred over `letI`.
The difference between `let` and `letI` is that `letI` inlines the value.
But this is not relevant for proofs because of proof irrelevance.

Note: This linter can be disabled with `set_option linter.style.haveILetI false`
warning: ASGinzburg/BalancedTensorLeftAdjunction.lean:30:2: Try this: 
  letI̵

The goal is a proposition, so `let` is preferred over `letI`.
The difference between `let` and `letI` is that `letI` inlines the value.
But this is not relevant for proofs because of proof irrelevance.

Note: This linter can be disabled with `set_option linter.style.haveILetI false`
warning: ASGinzburg/BalancedTensorLeftAdjunction.lean:31:2: Try this: 
  letI̵

The goal is a proposition, so `let` is preferred over `letI`.
The difference between `let` and `letI` is that `letI` inlines the value.
But this is not relevant for proofs because of proof irrelevance.

Note: This linter can be disabled with `set_option linter.style.haveILetI false`
✔ [4224/4782] Built ASGinzburg.BalancedTensorTor (7.7s)
⚠ [4228/4782] Built ASGinzburg.BalancedTensorProjectiveExactness (12s)
warning: ASGinzburg/BalancedTensorProjectiveExactness.lean:85:2: Try this: 
  letI̵

The goal is a proposition, so `let` is preferred over `letI`.
The difference between `let` and `letI` is that `letI` inlines the value.
But this is not relevant for proofs because of proof irrelevance.

Note: This linter can be disabled with `set_option linter.style.haveILetI false`
warning: ASGinzburg/BalancedTensorProjectiveExactness.lean:86:2: Try this: 
  letI̵

The goal is a proposition, so `let` is preferred over `letI`.
The difference between `let` and `letI` is that `letI` inlines the value.
But this is not relevant for proofs because of proof irrelevance.

Note: This linter can be disabled with `set_option linter.style.haveILetI false`
warning: ASGinzburg/BalancedTensorProjectiveExactness.lean:87:2: Try this: 
  letI̵

The goal is a proposition, so `let` is preferred over `letI`.
The difference between `let` and `letI` is that `letI` inlines the value.
But this is not relevant for proofs because of proof irrelevance.

Note: This linter can be disabled with `set_option linter.style.haveILetI false`
warning: ASGinzburg/BalancedTensorProjectiveExactness.lean:88:2: Try this: 
  letI̵

The goal is a proposition, so `let` is preferred over `letI`.
The difference between `let` and `letI` is that `letI` inlines the value.
But this is not relevant for proofs because of proof irrelevance.

Note: This linter can be disabled with `set_option linter.style.haveILetI false`
warning: ASGinzburg/BalancedTensorProjectiveExactness.lean:112:2: Try this: 
  letI̵

The goal is a proposition, so `let` is preferred over `letI`.
The difference between `let` and `letI` is that `letI` inlines the value.
But this is not relevant for proofs because of proof irrelevance.

Note: This linter can be disabled with `set_option linter.style.haveILetI false`
warning: ASGinzburg/BalancedTensorProjectiveExactness.lean:113:2: Try this: 
  letI̵

The goal is a proposition, so `let` is preferred over `letI`.
The difference between `let` and `letI` is that `letI` inlines the value.
But this is not relevant for proofs because of proof irrelevance.

Note: This linter can be disabled with `set_option linter.style.haveILetI false`
warning: ASGinzburg/BalancedTensorProjectiveExactness.lean:123:2: Try this: 
  letI̵

The goal is a proposition, so `let` is preferred over `letI`.
The difference between `let` and `letI` is that `letI` inlines the value.
But this is not relevant for proofs because of proof irrelevance.

Note: This linter can be disabled with `set_option linter.style.haveILetI false`
warning: ASGinzburg/BalancedTensorProjectiveExactness.lean:124:2: Try this: 
  letI̵

The goal is a proposition, so `let` is preferred over `letI`.
The difference between `let` and `letI` is that `letI` inlines the value.
But this is not relevant for proofs because of proof irrelevance.

Note: This linter can be disabled with `set_option linter.style.haveILetI false`
warning: ASGinzburg/BalancedTensorProjectiveExactness.lean:125:2: Try this: 
  letI̵

The goal is a proposition, so `let` is preferred over `letI`.
The difference between `let` and `letI` is that `letI` inlines the value.
But this is not relevant for proofs because of proof irrelevance.

Note: This linter can be disabled with `set_option linter.style.haveILetI false`
warning: ASGinzburg/BalancedTensorProjectiveExactness.lean:126:2: Try this: 
  letI̵

The goal is a proposition, so `let` is preferred over `letI`.
The difference between `let` and `letI` is that `letI` inlines the value.
But this is not relevant for proofs because of proof irrelevance.

Note: This linter can be disabled with `set_option linter.style.haveILetI false`
⚠ [4229/4782] Built ASGinzburg.GradedOrdinaryCokernelData (6.4s)
warning: ASGinzburg/GradedOrdinaryCokernelData.lean:21:0: Definition `ASGinzburg.GradedOrdinaryModuleData.cokernelGradeDecomposition` of class type is semireducible. Most type class instances should be instance-reducible, so consider marking this
definition with `@[instance_reducible]`. If it is intentionally semireducible, this warning can be disabled with `set_option warn.classDefReducibility false`.
warning: ASGinzburg/GradedOrdinaryCokernelData.lean:38:4: Try this: 
  letI̵

The goal is a proposition, so `let` is preferred over `letI`.
The difference between `let` and `letI` is that `letI` inlines the value.
But this is not relevant for proofs because of proof irrelevance.

Note: This linter can be disabled with `set_option linter.style.haveILetI false`
✔ [4230/4782] Built ASGinzburg.FiniteHomogeneousIdempotentQuotientBasisLifts (6.9s)
✔ [4254/4782] Built ASGinzburg.BifunctorTotalResolution (7.4s)
✖ [4261/4782] Building ASGinzburg.OrdinaryModuleRingDualDerivedNaturality (5.2s)
trace: .> LEAN_PATH=/workspace/as-ginzburg-lean/.lake/packages/Cli/.lake/build/lib/lean:/workspace/as-ginzburg-lean/.lake/packages/batteries/.lake/build/lib/lean:/workspace/as-ginzburg-lean/.lake/packages/Qq/.lake/build/lib/lean:/workspace/as-ginzburg-lean/.lake/packages/aesop/.lake/build/lib/lean:/workspace/as-ginzburg-lean/.lake/packages/proofwidgets/.lake/build/lib/lean:/workspace/as-ginzburg-lean/.lake/packages/importGraph/.lake/build/lib/lean:/workspace/as-ginzburg-lean/.lake/packages/LeanSearchClient/.lake/build/lib/lean:/workspace/as-ginzburg-lean/.lake/packages/plausible/.lake/build/lib/lean:/workspace/as-ginzburg-lean/.lake/packages/mathlib/.lake/build/lib/lean:/workspace/as-ginzburg-lean/.lake/build/lib/lean /workspace/as-ginzburg-lean/work/lean-upgrade/lean-4.34.1-linux/bin/lean /workspace/as-ginzburg-lean/ASGinzburg/OrdinaryModuleRingDualDerivedNaturality.lean -o /workspace/as-ginzburg-lean/.lake/build/lib/lean/ASGinzburg/OrdinaryModuleRingDualDerivedNaturality.olean -i /workspace/as-ginzburg-lean/.lake/build/lib/lean/ASGinzburg/OrdinaryModuleRingDualDerivedNaturality.ilean -c /workspace/as-ginzburg-lean/.lake/build/ir/ASGinzburg/OrdinaryModuleRingDualDerivedNaturality.c --setup /workspace/as-ginzburg-lean/.lake/build/ir/ASGinzburg/OrdinaryModuleRingDualDerivedNaturality.setup.json --json
warning: ASGinzburg/OrdinaryModuleRingDualDerivedNaturality.lean:13:51: This simp argument is unused:
  HomologicalComplex.comp_f

Hint: Omit it from the simp argument list.
  [apply] simp only [ordinaryProjectiveResolutionOpposite, ordinarySingleZeroOppositeIso,
    HomologicalComplex.Hom.isoOfComponents_hom_f, HomologicalComplex.opFunctor_map_f, Quiver.Hom.unop_op]

Note: This linter can be disabled with `set_option linter.unusedSimpArgs false`
warning: ASGinzburg/OrdinaryModuleRingDualDerivedNaturality.lean:14:35: This simp argument is unused:
  HomologicalComplex.Hom.isoOfComponents_hom_f

Hint: Omit it from the simp argument list.
  [apply] simp only [ordinaryProjectiveResolutionOpposite, HomologicalComplex.comp_f, ordinarySingleZeroOppositeIso,
    HomologicalComplex.opFunctor_map_f, Quiver.Hom.unop_op]

Note: This linter can be disabled with `set_option linter.unusedSimpArgs false`
warning: ASGinzburg/OrdinaryModuleRingDualDerivedNaturality.lean:15:4: This simp argument is unused:
  HomologicalComplex.opFunctor_map_f

Hint: Omit it from the simp argument list.
  [apply] simp only [ordinaryProjectiveResolutionOpposite, HomologicalComplex.comp_f, ordinarySingleZeroOppositeIso,
    HomologicalComplex.Hom.isoOfComponents_hom_f, Quiver.Hom.unop_op]

Note: This linter can be disabled with `set_option linter.unusedSimpArgs false`
warning: ASGinzburg/OrdinaryModuleRingDualDerivedNaturality.lean:15:40: This simp argument is unused:
  Quiver.Hom.unop_op

Hint: Omit it from the simp argument list.
  [apply] simp only [ordinaryProjectiveResolutionOpposite, HomologicalComplex.comp_f, ordinarySingleZeroOppositeIso,
    HomologicalComplex.Hom.isoOfComponents_hom_f, HomologicalComplex.opFunctor_map_f]

Note: This linter can be disabled with `set_option linter.unusedSimpArgs false`
error: ASGinzburg/OrdinaryModuleRingDualDerivedNaturality.lean:37:17: Tactic `rewrite` failed: Did not find an occurrence of the pattern
  Quiver.Hom.op ?m.279 ≫ Quiver.Hom.op ?m.278
in the target expression
  (f.f 0 ≫ Q.π.f 0).op = f₀.op ≫ (P.π.f 0).op

R : Type v
inst✝ : Ring R
M N : ModuleCat R
f₀ : M ⟶ N
P : ProjectiveResolution M
Q : ProjectiveResolution N
f : P.complex ⟶ Q.complex
hf : f.f 0 ≫ Q.π.f 0 = P.π.f 0 ≫ f₀
n : ℕ
⊢ (f.f 0 ≫ Q.π.f 0).op = f₀.op ≫ (P.π.f 0).op

Note: The target expression is not type-correct under the `implicit` transparency level, which may have triggered the failure. This is usually caused by unfolding of semireducible definitions in prior tactic steps. Use `set_option linter.tacticCheckInstances true` to investigate the source of the issue.
Full error:
  Application type mismatch: The argument
    (P.π.f 0).op
  has type
    @Quiver.Hom (ModuleCat R)ᵒᵖ Quiver.opposite (op (((ChainComplex.single₀ (ModuleCat R)).obj M).X 0))
      (op (P.complex.X 0))
  but is expected to have type
    @Quiver.Hom (ModuleCat R)ᵒᵖ CategoryStruct.opposite.toQuiver (op M) (op (P.complex.X 0))
  in the application
    f₀.op ≫ (P.π.f 0).op
error: ASGinzburg/OrdinaryModuleRingDualDerivedNaturality.lean:51:6: Tactic `rewrite` failed: Did not find an occurrence of the pattern
  @Eq (?m.156 ⟶ (ordinaryRingDualExtFunctor R n).obj (op M)) ?m.164 ?m.165
in the target expression
  @Eq
    ((((ordinaryRingDualFunctor R).mapHomologicalComplex (ComplexShape.up ℕ)).obj
            (HomologicalComplex.op Q.complex)).homology
        n ⟶
      (ordinaryRingDualExtFunctor R n).obj (op M))
    ((ordinaryRingDualResolutionHomologyIso R Q n).inv ≫ (ordinaryRingDualExtFunctor R n).map f₀.op)
    (HomologicalComplex.homologyMap
        (((ordinaryRingDualFunctor R).mapHomologicalComplex (ComplexShape.up ℕ)).map
          ((HomologicalComplex.opFunctor (ModuleCat R) (ComplexShape.down ℕ)).map f.op))
        n ≫
      (ordinaryRingDualResolutionHomologyIso R P n).inv)

R : Type v
inst✝ : Ring R
M N : ModuleCat R
f₀ : M ⟶ N
P : ProjectiveResolution M
Q : ProjectiveResolution N
f : P.complex ⟶ Q.complex
hf : f.f 0 ≫ Q.π.f 0 = P.π.f 0 ≫ f₀
n : ℕ
⊢ (ordinaryRingDualResolutionHomologyIso R Q n).inv ≫ (ordinaryRingDualExtFunctor R n).map f₀.op =
    HomologicalComplex.homologyMap
        (((ordinaryRingDualFunctor R).mapHomologicalComplex (ComplexShape.up ℕ)).map
          ((HomologicalComplex.opFunctor (ModuleCat R) (ComplexShape.down ℕ)).map f.op))
        n ≫
      (ordinaryRingDualResolutionHomologyIso R P n).inv

Note: The target expression is not type-correct under the `implicit` transparency level, which may have triggered the failure. This is usually caused by unfolding of semireducible definitions in prior tactic steps. Use `set_option linter.tacticCheckInstances true` to investigate the source of the issue.
Full error:
  Application type mismatch: The argument
    HomologicalComplex.op Q.complex
  has type
    @HomologicalComplex ℕ (ModuleCat R)ᵒᵖ Category.opposite Limits.hasZeroMorphismsOpposite (ComplexShape.down ℕ).symm
  but is expected to have type
    @HomologicalComplex ℕ (ModuleCat R)ᵒᵖ Category.opposite Limits.hasZeroMorphismsOpposite (ComplexShape.up ℕ)
  in the application
    ((ordinaryRingDualFunctor R).mapHomologicalComplex (ComplexShape.up ℕ)).obj (HomologicalComplex.op Q.complex)
✔ [4262/4782] Built ASGinzburg.BalancedTensorAdjunctionFormulas (18s)
⚠ [4263/4782] Built ASGinzburg.OrdinaryModuleRingDualLeftExact (10s)
warning: ASGinzburg/OrdinaryModuleRingDualLeftExact.lean:28:2: Try this: 
  letI̵

The goal is a proposition, so `let` is preferred over `letI`.
The difference between `let` and `letI` is that `letI` inlines the value.
But this is not relevant for proofs because of proof irrelevance.

Note: This linter can be disabled with `set_option linter.style.haveILetI false`
warning: ASGinzburg/OrdinaryModuleRingDualLeftExact.lean:49:2: Try this: 
  letI̵

The goal is a proposition, so `let` is preferred over `letI`.
The difference between `let` and `letI` is that `letI` inlines the value.
But this is not relevant for proofs because of proof irrelevance.

Note: This linter can be disabled with `set_option linter.style.haveILetI false`
✖ [4264/4782] Building ASGinzburg.OrdinaryModuleRingDualTopFinite (9.3s)
trace: .> LEAN_PATH=/workspace/as-ginzburg-lean/.lake/packages/Cli/.lake/build/lib/lean:/workspace/as-ginzburg-lean/.lake/packages/batteries/.lake/build/lib/lean:/workspace/as-ginzburg-lean/.lake/packages/Qq/.lake/build/lib/lean:/workspace/as-ginzburg-lean/.lake/packages/aesop/.lake/build/lib/lean:/workspace/as-ginzburg-lean/.lake/packages/proofwidgets/.lake/build/lib/lean:/workspace/as-ginzburg-lean/.lake/packages/importGraph/.lake/build/lib/lean:/workspace/as-ginzburg-lean/.lake/packages/LeanSearchClient/.lake/build/lib/lean:/workspace/as-ginzburg-lean/.lake/packages/plausible/.lake/build/lib/lean:/workspace/as-ginzburg-lean/.lake/packages/mathlib/.lake/build/lib/lean:/workspace/as-ginzburg-lean/.lake/build/lib/lean /workspace/as-ginzburg-lean/work/lean-upgrade/lean-4.34.1-linux/bin/lean /workspace/as-ginzburg-lean/ASGinzburg/OrdinaryModuleRingDualTopFinite.lean -o /workspace/as-ginzburg-lean/.lake/build/lib/lean/ASGinzburg/OrdinaryModuleRingDualTopFinite.olean -i /workspace/as-ginzburg-lean/.lake/build/lib/lean/ASGinzburg/OrdinaryModuleRingDualTopFinite.ilean -c /workspace/as-ginzburg-lean/.lake/build/ir/ASGinzburg/OrdinaryModuleRingDualTopFinite.c --setup /workspace/as-ginzburg-lean/.lake/build/ir/ASGinzburg/OrdinaryModuleRingDualTopFinite.setup.json --json
warning: ASGinzburg/OrdinaryModuleRingDualTopFinite.lean:19:2: Try this: 
  letI̵

The goal is a proposition, so `let` is preferred over `letI`.
The difference between `let` and `letI` is that `letI` inlines the value.
But this is not relevant for proofs because of proof irrelevance.

Note: This linter can be disabled with `set_option linter.style.haveILetI false`
warning: ASGinzburg/OrdinaryModuleRingDualTopFinite.lean:20:2: Try this: 
  letI̵

The goal is a proposition, so `let` is preferred over `letI`.
The difference between `let` and `letI` is that `letI` inlines the value.
But this is not relevant for proofs because of proof irrelevance.

Note: This linter can be disabled with `set_option linter.style.haveILetI false`
error: ASGinzburg/OrdinaryModuleRingDualTopFinite.lean:25:4: Type mismatch: After simplification, term
  hK₄
 has type
  @IsZero (ModuleCat Rᵐᵒᵖ) (ModuleCat.moduleCategory Rᵐᵒᵖ) (K.X 4)
but is expected to have type
  @IsZero (ModuleCat Rᵐᵒᵖ) (ModuleCat.moduleCategory Rᵐᵒᵖ) (K.X (3 + 1))
warning: ASGinzburg/OrdinaryModuleRingDualTopFinite.lean:27:2: Try this: 
  letI̵

The goal is a proposition, so `let` is preferred over `letI`.
The difference between `let` and `letI` is that `letI` inlines the value.
But this is not relevant for proofs because of proof irrelevance.

Note: This linter can be disabled with `set_option linter.style.haveILetI false`
warning: ASGinzburg/OrdinaryModuleRingDualTopFinite.lean:30:2: Try this: 
  letI̵

The goal is a proposition, so `let` is preferred over `letI`.
The difference between `let` and `letI` is that `letI` inlines the value.
But this is not relevant for proofs because of proof irrelevance.

Note: This linter can be disabled with `set_option linter.style.haveILetI false`
warning: ASGinzburg/OrdinaryModuleRingDualTopFinite.lean:31:2: Try this: 
  letI̵

The goal is a proposition, so `let` is preferred over `letI`.
The difference between `let` and `letI` is that `letI` inlines the value.
But this is not relevant for proofs because of proof irrelevance.

Note: This linter can be disabled with `set_option linter.style.haveILetI false`
warning: ASGinzburg/OrdinaryModuleRingDualTopFinite.lean:33:2: Try this: 
  letI̵

The goal is a proposition, so `let` is preferred over `letI`.
The difference between `let` and `letI` is that `letI` inlines the value.
But this is not relevant for proofs because of proof irrelevance.

Note: This linter can be disabled with `set_option linter.style.haveILetI false`
warning: ASGinzburg/OrdinaryModuleRingDualTopFinite.lean:36:2: Try this: 
  letI̵

The goal is a proposition, so `let` is preferred over `letI`.
The difference between `let` and `letI` is that `letI` inlines the value.
But this is not relevant for proofs because of proof irrelevance.

Note: This linter can be disabled with `set_option linter.style.haveILetI false`
✖ [4265/4782] Building ASGinzburg.BalancedTensorTorObjectComparison (8.8s)
trace: .> LEAN_PATH=/workspace/as-ginzburg-lean/.lake/packages/Cli/.lake/build/lib/lean:/workspace/as-ginzburg-lean/.lake/packages/batteries/.lake/build/lib/lean:/workspace/as-ginzburg-lean/.lake/packages/Qq/.lake/build/lib/lean:/workspace/as-ginzburg-lean/.lake/packages/aesop/.lake/build/lib/lean:/workspace/as-ginzburg-lean/.lake/packages/proofwidgets/.lake/build/lib/lean:/workspace/as-ginzburg-lean/.lake/packages/importGraph/.lake/build/lib/lean:/workspace/as-ginzburg-lean/.lake/packages/LeanSearchClient/.lake/build/lib/lean:/workspace/as-ginzburg-lean/.lake/packages/plausible/.lake/build/lib/lean:/workspace/as-ginzburg-lean/.lake/packages/mathlib/.lake/build/lib/lean:/workspace/as-ginzburg-lean/.lake/build/lib/lean /workspace/as-ginzburg-lean/work/lean-upgrade/lean-4.34.1-linux/bin/lean /workspace/as-ginzburg-lean/ASGinzburg/BalancedTensorTorObjectComparison.lean -o /workspace/as-ginzburg-lean/.lake/build/lib/lean/ASGinzburg/BalancedTensorTorObjectComparison.olean -i /workspace/as-ginzburg-lean/.lake/build/lib/lean/ASGinzburg/BalancedTensorTorObjectComparison.ilean -c /workspace/as-ginzburg-lean/.lake/build/ir/ASGinzburg/BalancedTensorTorObjectComparison.c --setup /workspace/as-ginzburg-lean/.lake/build/ir/ASGinzburg/BalancedTensorTorObjectComparison.setup.json --json
error: ASGinzburg/BalancedTensorTorObjectComparison.lean:23:12: Tactic `rewrite` failed: Did not find an occurrence of the pattern
  NatTrans.leftDerived ?α ?n ≫ NatTrans.leftDerived ?β ?n
in the target expression
  NatTrans.leftDerived d.hom n ≫ NatTrans.leftDerived d.inv n = 𝟙 (balancedTensorTorFunctor k R (↑M) n)

k : Type u
inst✝² : Field k
R : Type v
inst✝¹ : Ring R
inst✝ : Algebra k R
M M' : ModuleCat Rᵐᵒᵖ
e : M ≅ M'
n : ℕ
d : balancedTensorRightFunctor k R ↑M ≅ balancedTensorRightFunctor k R ↑M' := (balancedTensorBifunctor k R).mapIso e
⊢ NatTrans.leftDerived d.hom n ≫ NatTrans.leftDerived d.inv n = 𝟙 (balancedTensorTorFunctor k R (↑M) n)

Note: The target expression is not type-correct under the `implicit` transparency level, which may have triggered the failure. This is usually caused by unfolding of semireducible definitions in prior tactic steps. Use `set_option linter.tacticCheckInstances true` to investigate the source of the issue.
Full error:
  Application type mismatch: The argument
    NatTrans.leftDerived d.hom n
  has type
    @Quiver.Hom (ModuleCat R ⥤ ModuleCat k) Functor.category.toQuiver
      ((balancedTensorRightFunctor k R ↑M).leftDerived n) ((balancedTensorRightFunctor k R ↑M').leftDerived n)
  but is expected to have type
    @Quiver.Hom (ModuleCat R ⥤ ModuleCat k) Functor.category.toQuiver (balancedTensorTorFunctor k R (↑M) n)
      (balancedTensorTorFunctor k R (↑M') n)
  in the application
    CategoryStruct.comp (NatTrans.leftDerived d.hom n)
error: ASGinzburg/BalancedTensorTorObjectComparison.lean:26:12: Tactic `rewrite` failed: Did not find an occurrence of the pattern
  NatTrans.leftDerived ?α ?n ≫ NatTrans.leftDerived ?β ?n
in the target expression
  NatTrans.leftDerived d.inv n ≫ NatTrans.leftDerived d.hom n = 𝟙 (balancedTensorTorFunctor k R (↑M') n)

k : Type u
inst✝² : Field k
R : Type v
inst✝¹ : Ring R
inst✝ : Algebra k R
M M' : ModuleCat Rᵐᵒᵖ
e : M ≅ M'
n : ℕ
d : balancedTensorRightFunctor k R ↑M ≅ balancedTensorRightFunctor k R ↑M' := (balancedTensorBifunctor k R).mapIso e
⊢ NatTrans.leftDerived d.inv n ≫ NatTrans.leftDerived d.hom n = 𝟙 (balancedTensorTorFunctor k R (↑M') n)

Note: The target expression is not type-correct under the `implicit` transparency level, which may have triggered the failure. This is usually caused by unfolding of semireducible definitions in prior tactic steps. Use `set_option linter.tacticCheckInstances true` to investigate the source of the issue.
Full error:
  Application type mismatch: The argument
    NatTrans.leftDerived d.inv n
  has type
    @Quiver.Hom (ModuleCat R ⥤ ModuleCat k) Functor.category.toQuiver
      ((balancedTensorRightFunctor k R ↑M').leftDerived n) ((balancedTensorRightFunctor k R ↑M).leftDerived n)
  but is expected to have type
    @Quiver.Hom (ModuleCat R ⥤ ModuleCat k) Functor.category.toQuiver (balancedTensorTorFunctor k R (↑M') n)
      (balancedTensorTorFunctor k R (↑M) n)
  in the application
    CategoryStruct.comp (NatTrans.leftDerived d.inv n)
✔ [4290/4782] Built ASGinzburg.BalancedTensorTorResolution (10s)
✖ [4294/4782] Building ASGinzburg.BalancedTensorLeftProjectiveExactness (9.9s)
trace: .> LEAN_PATH=/workspace/as-ginzburg-lean/.lake/packages/Cli/.lake/build/lib/lean:/workspace/as-ginzburg-lean/.lake/packages/batteries/.lake/build/lib/lean:/workspace/as-ginzburg-lean/.lake/packages/Qq/.lake/build/lib/lean:/workspace/as-ginzburg-lean/.lake/packages/aesop/.lake/build/lib/lean:/workspace/as-ginzburg-lean/.lake/packages/proofwidgets/.lake/build/lib/lean:/workspace/as-ginzburg-lean/.lake/packages/importGraph/.lake/build/lib/lean:/workspace/as-ginzburg-lean/.lake/packages/LeanSearchClient/.lake/build/lib/lean:/workspace/as-ginzburg-lean/.lake/packages/plausible/.lake/build/lib/lean:/workspace/as-ginzburg-lean/.lake/packages/mathlib/.lake/build/lib/lean:/workspace/as-ginzburg-lean/.lake/build/lib/lean /workspace/as-ginzburg-lean/work/lean-upgrade/lean-4.34.1-linux/bin/lean /workspace/as-ginzburg-lean/ASGinzburg/BalancedTensorLeftProjectiveExactness.lean -o /workspace/as-ginzburg-lean/.lake/build/lib/lean/ASGinzburg/BalancedTensorLeftProjectiveExactness.olean -i /workspace/as-ginzburg-lean/.lake/build/lib/lean/ASGinzburg/BalancedTensorLeftProjectiveExactness.ilean -c /workspace/as-ginzburg-lean/.lake/build/ir/ASGinzburg/BalancedTensorLeftProjectiveExactness.c --setup /workspace/as-ginzburg-lean/.lake/build/ir/ASGinzburg/BalancedTensorLeftProjectiveExactness.setup.json --json
warning: ASGinzburg/BalancedTensorLeftProjectiveExactness.lean:31:2: Try this: 
  letI̵

The goal is a proposition, so `let` is preferred over `letI`.
The difference between `let` and `letI` is that `letI` inlines the value.
But this is not relevant for proofs because of proof irrelevance.

Note: This linter can be disabled with `set_option linter.style.haveILetI false`
error: ASGinzburg/BalancedTensorLeftProjectiveExactness.lean:32:8: Unknown constant `Module.Projective.of_ringEquiv`
warning: ASGinzburg/BalancedTensorLeftProjectiveExactness.lean:39:2: Try this: 
  letI̵

The goal is a proposition, so `let` is preferred over `letI`.
The difference between `let` and `letI` is that `letI` inlines the value.
But this is not relevant for proofs because of proof irrelevance.

Note: This linter can be disabled with `set_option linter.style.haveILetI false`
warning: ASGinzburg/BalancedTensorLeftProjectiveExactness.lean:40:2: Try this: 
  letI̵

The goal is a proposition, so `let` is preferred over `letI`.
The difference between `let` and `letI` is that `letI` inlines the value.
But this is not relevant for proofs because of proof irrelevance.

Note: This linter can be disabled with `set_option linter.style.haveILetI false`
warning: ASGinzburg/BalancedTensorLeftProjectiveExactness.lean:41:2: Try this: 
  letI̵

The goal is a proposition, so `let` is preferred over `letI`.
The difference between `let` and `letI` is that `letI` inlines the value.
But this is not relevant for proofs because of proof irrelevance.

Note: This linter can be disabled with `set_option linter.style.haveILetI false`
warning: ASGinzburg/BalancedTensorLeftProjectiveExactness.lean:42:2: Try this: 
  letI̵

The goal is a proposition, so `let` is preferred over `letI`.
The difference between `let` and `letI` is that `letI` inlines the value.
But this is not relevant for proofs because of proof irrelevance.

Note: This linter can be disabled with `set_option linter.style.haveILetI false`
warning: ASGinzburg/BalancedTensorLeftProjectiveExactness.lean:43:8: `CategoryTheory.Functor.preservesMonomorphisms.of_iso` has been deprecated: Use `CategoryTheory.Functor.PreservesMonomorphisms.of_iso` instead

Note: The updated constant is in a different namespace. Dot notation may need to be changed (e.g., from `x.of_iso` to `Functor.PreservesMonomorphisms.of_iso x`).
⚠ [4408/4782] Built ASGinzburg.BalancedTensorTorProjectiveRight (8.2s)
warning: ASGinzburg/BalancedTensorTorProjectiveRight.lean:19:2: Try this: 
  letI̵

The goal is a proposition, so `let` is preferred over `letI`.
The difference between `let` and `letI` is that `letI` inlines the value.
But this is not relevant for proofs because of proof irrelevance.

Note: This linter can be disabled with `set_option linter.style.haveILetI false`
✔ [4731/4782] Built ASGinzburg.BifunctorTotalResolutionFormula (4.7s)
✔ [4735/4782] Built ASGinzburg.GradedCokernelFunctorEpiReflection (6.2s)
✖ [4740/4782] Building ASGinzburg.BalancedTensorTorLeft (8.6s)
trace: .> LEAN_PATH=/workspace/as-ginzburg-lean/.lake/packages/Cli/.lake/build/lib/lean:/workspace/as-ginzburg-lean/.lake/packages/batteries/.lake/build/lib/lean:/workspace/as-ginzburg-lean/.lake/packages/Qq/.lake/build/lib/lean:/workspace/as-ginzburg-lean/.lake/packages/aesop/.lake/build/lib/lean:/workspace/as-ginzburg-lean/.lake/packages/proofwidgets/.lake/build/lib/lean:/workspace/as-ginzburg-lean/.lake/packages/importGraph/.lake/build/lib/lean:/workspace/as-ginzburg-lean/.lake/packages/LeanSearchClient/.lake/build/lib/lean:/workspace/as-ginzburg-lean/.lake/packages/plausible/.lake/build/lib/lean:/workspace/as-ginzburg-lean/.lake/packages/mathlib/.lake/build/lib/lean:/workspace/as-ginzburg-lean/.lake/build/lib/lean /workspace/as-ginzburg-lean/work/lean-upgrade/lean-4.34.1-linux/bin/lean /workspace/as-ginzburg-lean/ASGinzburg/BalancedTensorTorLeft.lean -o /workspace/as-ginzburg-lean/.lake/build/lib/lean/ASGinzburg/BalancedTensorTorLeft.olean -i /workspace/as-ginzburg-lean/.lake/build/lib/lean/ASGinzburg/BalancedTensorTorLeft.ilean -c /workspace/as-ginzburg-lean/.lake/build/ir/ASGinzburg/BalancedTensorTorLeft.c --setup /workspace/as-ginzburg-lean/.lake/build/ir/ASGinzburg/BalancedTensorTorLeft.setup.json --json
error: ASGinzburg/BalancedTensorTorLeft.lean:35:12: Tactic `rewrite` failed: Did not find an occurrence of the pattern
  NatTrans.leftDerived ?α ?n ≫ NatTrans.leftDerived ?β ?n
in the target expression
  NatTrans.leftDerived e.hom n ≫ NatTrans.leftDerived e.inv n = 𝟙 (balancedTensorTorLeftFunctor k R N n)

k : Type u
inst✝⁵ : Field k
R : Type v
inst✝⁴ : Ring R
inst✝³ : Algebra k R
N : Type w
inst✝² : AddCommGroup N
inst✝¹ : Module k N
inst✝ : Module R N
n : ℕ
this : Module Rᵐᵒᵖᵐᵒᵖ N := balancedTensorDoubleOppositeModule R N
e : balancedTensorLeftFunctor k R N ≅ balancedTensorRightFunctor k Rᵐᵒᵖ N := balancedTensorLeftSwapIso k R N
⊢ NatTrans.leftDerived e.hom n ≫ NatTrans.leftDerived e.inv n = 𝟙 (balancedTensorTorLeftFunctor k R N n)

Note: The target expression is not type-correct under the `implicit` transparency level, which may have triggered the failure. This is usually caused by unfolding of semireducible definitions in prior tactic steps. Use `set_option linter.tacticCheckInstances true` to investigate the source of the issue.
Full error:
  Application type mismatch: The argument
    NatTrans.leftDerived e.hom n
  has type
    @Quiver.Hom (ModuleCat Rᵐᵒᵖ ⥤ ModuleCat k) Functor.category.toQuiver
      ((balancedTensorLeftFunctor k R N).leftDerived n) ((balancedTensorRightFunctor k Rᵐᵒᵖ N).leftDerived n)
  but is expected to have type
    @Quiver.Hom (ModuleCat Rᵐᵒᵖ ⥤ ModuleCat k) Functor.category.toQuiver (balancedTensorTorLeftFunctor k R N n)
      (balancedTensorTorFunctor k Rᵐᵒᵖ N n)
  in the application
    CategoryStruct.comp (NatTrans.leftDerived e.hom n)
error: ASGinzburg/BalancedTensorTorLeft.lean:38:12: Tactic `rewrite` failed: Did not find an occurrence of the pattern
  NatTrans.leftDerived ?α ?n ≫ NatTrans.leftDerived ?β ?n
in the target expression
  NatTrans.leftDerived e.inv n ≫ NatTrans.leftDerived e.hom n = 𝟙 (balancedTensorTorFunctor k Rᵐᵒᵖ N n)

k : Type u
inst✝⁵ : Field k
R : Type v
inst✝⁴ : Ring R
inst✝³ : Algebra k R
N : Type w
inst✝² : AddCommGroup N
inst✝¹ : Module k N
inst✝ : Module R N
n : ℕ
this : Module Rᵐᵒᵖᵐᵒᵖ N := balancedTensorDoubleOppositeModule R N
e : balancedTensorLeftFunctor k R N ≅ balancedTensorRightFunctor k Rᵐᵒᵖ N := balancedTensorLeftSwapIso k R N
⊢ NatTrans.leftDerived e.inv n ≫ NatTrans.leftDerived e.hom n = 𝟙 (balancedTensorTorFunctor k Rᵐᵒᵖ N n)

Note: The target expression is not type-correct under the `implicit` transparency level, which may have triggered the failure. This is usually caused by unfolding of semireducible definitions in prior tactic steps. Use `set_option linter.tacticCheckInstances true` to investigate the source of the issue.
Full error:
  Application type mismatch: The argument
    NatTrans.leftDerived e.inv n
  has type
    @Quiver.Hom (ModuleCat Rᵐᵒᵖ ⥤ ModuleCat k) Functor.category.toQuiver
      ((balancedTensorRightFunctor k Rᵐᵒᵖ N).leftDerived n) ((balancedTensorLeftFunctor k R N).leftDerived n)
  but is expected to have type
    @Quiver.Hom (ModuleCat Rᵐᵒᵖ ⥤ ModuleCat k) Functor.category.toQuiver (balancedTensorTorFunctor k Rᵐᵒᵖ N n)
      (balancedTensorTorLeftFunctor k R N n)
  in the application
    CategoryStruct.comp (NatTrans.leftDerived e.inv n)
✔ [4768/4782] Built ASGinzburg.BalancedTensorRightMinimalResolution (7.6s)
Some required targets logged failures:
- ASGinzburg.ProjectiveResolutionHomExactness
- ASGinzburg.PathCyclicDerivativeDegrees
- ASGinzburg.LiftedModuleIndexing
- ASGinzburg.RightModuleHomology
- ASGinzburg.OppositeGinzburgArrows
- ASGinzburg.ScalarEndMultiplication
- ASGinzburg.GinzburgDegreeZeroAlgebra
- ASGinzburg.BalancedTensorLeftUnit
- ASGinzburg.BalancedTensorEnvelopingComparison
- ASGinzburg.ProjectiveDimensionThreeDerivedVanishing
- ASGinzburg.AlgebraEnvelopingTensorFinsuppFree
- ASGinzburg.FourTermTruncationOfResolution
- ASGinzburg.BalancedTensorLeftQuotient
- ASGinzburg.AlgebraEnvelopingRestrictedRegular
- ASGinzburg.AlgebraEnvelopingQuotientTensorRightModule
- ASGinzburg.OrdinaryRingDualTensorEvaluation
- ASGinzburg.AlgebraEnvelopingOppositeLeftProjective
- ASGinzburg.BicomplexTotalShortExact
- ASGinzburg.BicomplexTotalRowAcyclic
- ASGinzburg.FiniteFourTermPerfectComplex
- ASGinzburg.EnvelopingBalancedTensorHomMaps
- ASGinzburg.EnvelopingBalancedTensorHomEquiv
- ASGinzburg.GradedNilpotentFiniteGeneration
- ASGinzburg.TriangleCutSliceAction
- ASGinzburg.GradedOrdinaryMinimalResolution
- ASGinzburg.GradedOrdinaryRingDualComponentMaps
- ASGinzburg.OrdinaryModuleRingDualDerivedNaturality
- ASGinzburg.OrdinaryModuleRingDualTopFinite
- ASGinzburg.BalancedTensorTorObjectComparison
- ASGinzburg.BalancedTensorLeftProjectiveExactness
- ASGinzburg.BalancedTensorTorLeft
error: build failed
