⚠ [3150/3281] Replayed ASGinzburg.RightModuleAbelian
warning: ASGinzburg/RightModuleAbelian.lean:38:4: Try this: 
  letI̵

The goal is a proposition, so `let` is preferred over `letI`.
The difference between `let` and `letI` is that `letI` inlines the value.
But this is not relevant for proofs because of proof irrelevance.

Note: This linter can be disabled with `set_option linter.style.haveILetI false`
warning: ASGinzburg/RightModuleAbelian.lean:47:4: Try this: 
  letI̵

The goal is a proposition, so `let` is preferred over `letI`.
The difference between `let` and `letI` is that `letI` inlines the value.
But this is not relevant for proofs because of proof irrelevance.

Note: This linter can be disabled with `set_option linter.style.haveILetI false`
warning: ASGinzburg/RightModuleAbelian.lean:67:4: Try this: 
  letI̵

The goal is a proposition, so `let` is preferred over `letI`.
The difference between `let` and `letI` is that `letI` inlines the value.
But this is not relevant for proofs because of proof irrelevance.

Note: This linter can be disabled with `set_option linter.style.haveILetI false`
warning: ASGinzburg/RightModuleAbelian.lean:77:4: Try this: 
  letI̵

The goal is a proposition, so `let` is preferred over `letI`.
The difference between `let` and `letI` is that `letI` inlines the value.
But this is not relevant for proofs because of proof irrelevance.

Note: This linter can be disabled with `set_option linter.style.haveILetI false`
warning: ASGinzburg/RightModuleAbelian.lean:89:4: Try this: 
  letI̵

The goal is a proposition, so `let` is preferred over `letI`.
The difference between `let` and `letI` is that `letI` inlines the value.
But this is not relevant for proofs because of proof irrelevance.

Note: This linter can be disabled with `set_option linter.style.haveILetI false`
warning: ASGinzburg/RightModuleAbelian.lean:97:4: Try this: 
  letI̵

The goal is a proposition, so `let` is preferred over `letI`.
The difference between `let` and `letI` is that `letI` inlines the value.
But this is not relevant for proofs because of proof irrelevance.

Note: This linter can be disabled with `set_option linter.style.haveILetI false`
warning: ASGinzburg/RightModuleAbelian.lean:123:2: Try this: 
  haveI̵

The goal is a proposition, so `have` is preferred over `haveI`.
The difference between `have` and `haveI` is that `haveI` inlines the value.
But this is not relevant for proofs because of proof irrelevance.

Note: This linter can be disabled with `set_option linter.style.haveILetI false`
⚠ [3204/3281] Replayed ASGinzburg.RightModuleHomology
warning: ASGinzburg/RightModuleHomology.lean:90:4: Try this: 
  letI̵

The goal is a proposition, so `let` is preferred over `letI`.
The difference between `let` and `letI` is that `letI` inlines the value.
But this is not relevant for proofs because of proof irrelevance.

Note: This linter can be disabled with `set_option linter.style.haveILetI false`
warning: ASGinzburg/RightModuleHomology.lean:94:4: Try this: 
  haveI̵

The goal is a proposition, so `have` is preferred over `haveI`.
The difference between `have` and `haveI` is that `haveI` inlines the value.
But this is not relevant for proofs because of proof irrelevance.

Note: This linter can be disabled with `set_option linter.style.haveILetI false`
warning: ASGinzburg/RightModuleHomology.lean:103:4: Try this: 
  letI̵

The goal is a proposition, so `let` is preferred over `letI`.
The difference between `let` and `letI` is that `letI` inlines the value.
But this is not relevant for proofs because of proof irrelevance.

Note: This linter can be disabled with `set_option linter.style.haveILetI false`
warning: ASGinzburg/RightModuleHomology.lean:107:4: Try this: 
  haveI̵

The goal is a proposition, so `have` is preferred over `haveI`.
The difference between `have` and `haveI` is that `haveI` inlines the value.
But this is not relevant for proofs because of proof irrelevance.

Note: This linter can be disabled with `set_option linter.style.haveILetI false`
⚠ [3207/3281] Replayed ASGinzburg.RightModuleEnoughProjectives
warning: ASGinzburg/RightModuleEnoughProjectives.lean:42:12: `CategoryTheory.Limits.Sigma.ι_desc` has been deprecated: Use `CategoryTheory.Limits.Sigma.ι_comp_desc` instead
⚠ [3338/3483] Replayed ASGinzburg.RightModuleExtLinear
warning: ASGinzburg/RightModuleExtLinear.lean:29:2: Try this: 
  letI̵

The goal is a proposition, so `let` is preferred over `letI`.
The difference between `let` and `letI` is that `letI` inlines the value.
But this is not relevant for proofs because of proof irrelevance.

Note: This linter can be disabled with `set_option linter.style.haveILetI false`
warning: ASGinzburg/RightModuleExtLinear.lean:30:2: Try this: 
  letI̵

The goal is a proposition, so `let` is preferred over `letI`.
The difference between `let` and `letI` is that `letI` inlines the value.
But this is not relevant for proofs because of proof irrelevance.

Note: This linter can be disabled with `set_option linter.style.haveILetI false`
warning: ASGinzburg/RightModuleExtLinear.lean:37:2: Try this: 
  letI̵

The goal is a proposition, so `let` is preferred over `letI`.
The difference between `let` and `letI` is that `letI` inlines the value.
But this is not relevant for proofs because of proof irrelevance.

Note: This linter can be disabled with `set_option linter.style.haveILetI false`
warning: ASGinzburg/RightModuleExtLinear.lean:38:2: Try this: 
  letI̵

The goal is a proposition, so `let` is preferred over `letI`.
The difference between `let` and `letI` is that `letI` inlines the value.
But this is not relevant for proofs because of proof irrelevance.

Note: This linter can be disabled with `set_option linter.style.haveILetI false`
warning: ASGinzburg/RightModuleExtLinear.lean:39:2: Try this: 
  letI̵

The goal is a proposition, so `let` is preferred over `letI`.
The difference between `let` and `letI` is that `letI` inlines the value.
But this is not relevant for proofs because of proof irrelevance.

Note: This linter can be disabled with `set_option linter.style.haveILetI false`
warning: ASGinzburg/RightModuleExtLinear.lean:75:2: Try this: 
  letI̵

The goal is a proposition, so `let` is preferred over `letI`.
The difference between `let` and `letI` is that `letI` inlines the value.
But this is not relevant for proofs because of proof irrelevance.

Note: This linter can be disabled with `set_option linter.style.haveILetI false`
warning: ASGinzburg/RightModuleExtLinear.lean:76:2: Try this: 
  letI̵

The goal is a proposition, so `let` is preferred over `letI`.
The difference between `let` and `letI` is that `letI` inlines the value.
But this is not relevant for proofs because of proof irrelevance.

Note: This linter can be disabled with `set_option linter.style.haveILetI false`
warning: ASGinzburg/RightModuleExtLinear.lean:77:2: Try this: 
  letI̵

The goal is a proposition, so `let` is preferred over `letI`.
The difference between `let` and `letI` is that `letI` inlines the value.
But this is not relevant for proofs because of proof irrelevance.

Note: This linter can be disabled with `set_option linter.style.haveILetI false`
warning: ASGinzburg/RightModuleExtLinear.lean:78:2: Try this: 
  letI̵

The goal is a proposition, so `let` is preferred over `letI`.
The difference between `let` and `letI` is that `letI` inlines the value.
But this is not relevant for proofs because of proof irrelevance.

Note: This linter can be disabled with `set_option linter.style.haveILetI false`
⚠ [3339/3483] Replayed ASGinzburg.RightModuleExtSequence
warning: ASGinzburg/RightModuleExtSequence.lean:19:2: Try this: 
  letI̵

The goal is a proposition, so `let` is preferred over `letI`.
The difference between `let` and `letI` is that `letI` inlines the value.
But this is not relevant for proofs because of proof irrelevance.

Note: This linter can be disabled with `set_option linter.style.haveILetI false`
warning: ASGinzburg/RightModuleExtSequence.lean:20:2: Try this: 
  letI̵

The goal is a proposition, so `let` is preferred over `letI`.
The difference between `let` and `letI` is that `letI` inlines the value.
But this is not relevant for proofs because of proof irrelevance.

Note: This linter can be disabled with `set_option linter.style.haveILetI false`
warning: ASGinzburg/RightModuleExtSequence.lean:21:2: Try this: 
  letI̵

The goal is a proposition, so `let` is preferred over `letI`.
The difference between `let` and `letI` is that `letI` inlines the value.
But this is not relevant for proofs because of proof irrelevance.

Note: This linter can be disabled with `set_option linter.style.haveILetI false`
warning: ASGinzburg/RightModuleExtSequence.lean:28:2: Try this: 
  letI̵

The goal is a proposition, so `let` is preferred over `letI`.
The difference between `let` and `letI` is that `letI` inlines the value.
But this is not relevant for proofs because of proof irrelevance.

Note: This linter can be disabled with `set_option linter.style.haveILetI false`
warning: ASGinzburg/RightModuleExtSequence.lean:29:2: Try this: 
  letI̵

The goal is a proposition, so `let` is preferred over `letI`.
The difference between `let` and `letI` is that `letI` inlines the value.
But this is not relevant for proofs because of proof irrelevance.

Note: This linter can be disabled with `set_option linter.style.haveILetI false`
warning: ASGinzburg/RightModuleExtSequence.lean:43:2: Try this: 
  letI̵

The goal is a proposition, so `let` is preferred over `letI`.
The difference between `let` and `letI` is that `letI` inlines the value.
But this is not relevant for proofs because of proof irrelevance.

Note: This linter can be disabled with `set_option linter.style.haveILetI false`
warning: ASGinzburg/RightModuleExtSequence.lean:44:2: Try this: 
  letI̵

The goal is a proposition, so `let` is preferred over `letI`.
The difference between `let` and `letI` is that `letI` inlines the value.
But this is not relevant for proofs because of proof irrelevance.

Note: This linter can be disabled with `set_option linter.style.haveILetI false`
warning: ASGinzburg/RightModuleExtSequence.lean:45:2: Try this: 
  letI̵

The goal is a proposition, so `let` is preferred over `letI`.
The difference between `let` and `letI` is that `letI` inlines the value.
But this is not relevant for proofs because of proof irrelevance.

Note: This linter can be disabled with `set_option linter.style.haveILetI false`
⚠ [3344/3483] Replayed ASGinzburg.RightSubmodules
warning: ASGinzburg/RightSubmodules.lean:45:4: Try this: 
  letI̵

The goal is a proposition, so `let` is preferred over `letI`.
The difference between `let` and `letI` is that `letI` inlines the value.
But this is not relevant for proofs because of proof irrelevance.

Note: This linter can be disabled with `set_option linter.style.haveILetI false`
warning: ASGinzburg/RightSubmodules.lean:55:4: Try this: 
  letI̵

The goal is a proposition, so `let` is preferred over `letI`.
The difference between `let` and `letI` is that `letI` inlines the value.
But this is not relevant for proofs because of proof irrelevance.

Note: This linter can be disabled with `set_option linter.style.haveILetI false`
⚠ [3349/3483] Replayed ASGinzburg.SimpleRightModules
warning: ASGinzburg/SimpleRightModules.lean:147:6: Try this: 
  letI̵

The goal is a proposition, so `let` is preferred over `letI`.
The difference between `let` and `letI` is that `letI` inlines the value.
But this is not relevant for proofs because of proof irrelevance.

Note: This linter can be disabled with `set_option linter.style.haveILetI false`
warning: ASGinzburg/SimpleRightModules.lean:154:6: Try this: 
  haveI̵

The goal is a proposition, so `have` is preferred over `haveI`.
The difference between `have` and `haveI` is that `haveI` inlines the value.
But this is not relevant for proofs because of proof irrelevance.

Note: This linter can be disabled with `set_option linter.style.haveILetI false`
warning: ASGinzburg/SimpleRightModules.lean:155:6: Try this: 
  haveI̵

The goal is a proposition, so `have` is preferred over `haveI`.
The difference between `have` and `haveI` is that `haveI` inlines the value.
But this is not relevant for proofs because of proof irrelevance.

Note: This linter can be disabled with `set_option linter.style.haveILetI false`
⚠ [3350/3483] Replayed ASGinzburg.RightModuleRadical
warning: ASGinzburg/RightModuleRadical.lean:23:4: Try this: 
  letI̵

The goal is a proposition, so `let` is preferred over `letI`.
The difference between `let` and `letI` is that `letI` inlines the value.
But this is not relevant for proofs because of proof irrelevance.

Note: This linter can be disabled with `set_option linter.style.haveILetI false`
⚠ [3352/3483] Replayed ASGinzburg.RightModuleSimpleHom
warning: ASGinzburg/RightModuleSimpleHom.lean:28:6: Try this: 
  haveI̵

The goal is a proposition, so `have` is preferred over `haveI`.
The difference between `have` and `haveI` is that `haveI` inlines the value.
But this is not relevant for proofs because of proof irrelevance.

Note: This linter can be disabled with `set_option linter.style.haveILetI false`
warning: ASGinzburg/RightModuleSimpleHom.lean:33:6: Try this: 
  haveI̵

The goal is a proposition, so `have` is preferred over `haveI`.
The difference between `have` and `haveI` is that `haveI` inlines the value.
But this is not relevant for proofs because of proof irrelevance.

Note: This linter can be disabled with `set_option linter.style.haveILetI false`
⚠ [3353/3483] Replayed ASGinzburg.ASResolution
warning: ASGinzburg/ASResolution.lean:67:15: `CategoryTheory.Limits.Sigma.ι_desc_assoc` has been deprecated: Use `CategoryTheory.Limits.Sigma.ι_comp_desc_assoc` instead
⚠ [3354/3483] Replayed ASGinzburg.RightModuleHomFinite
warning: ASGinzburg/RightModuleHomFinite.lean:59:2: Try this: 
  letI̵

The goal is a proposition, so `let` is preferred over `letI`.
The difference between `let` and `letI` is that `letI` inlines the value.
But this is not relevant for proofs because of proof irrelevance.

Note: This linter can be disabled with `set_option linter.style.haveILetI false`
warning: ASGinzburg/RightModuleHomFinite.lean:66:2: Try this: 
  letI̵

The goal is a proposition, so `let` is preferred over `letI`.
The difference between `let` and `letI` is that `letI` inlines the value.
But this is not relevant for proofs because of proof irrelevance.

Note: This linter can be disabled with `set_option linter.style.haveILetI false`
⚠ [3392/3483] Replayed ASGinzburg.HomologicalColimitClosure
warning: ASGinzburg/HomologicalColimitClosure.lean:29:13: `CategoryTheory.Limits.HasColimit.isoOfNatIso_ι_hom_assoc` has been deprecated: Use `CategoryTheory.Limits.HasColimit.ι_isoOfNatIso_hom_assoc` instead
warning: ASGinzburg/HomologicalColimitClosure.lean:46:4: Try this: 
  letI̵

The goal is a proposition, so `let` is preferred over `letI`.
The difference between `let` and `letI` is that `letI` inlines the value.
But this is not relevant for proofs because of proof irrelevance.

Note: This linter can be disabled with `set_option linter.style.haveILetI false`
warning: ASGinzburg/HomologicalColimitClosure.lean:36:0: Definition `ASGinzburg.limitPreservesColimitsOfExactShape` of class type is semireducible. Most type class instances should be instance-reducible, so consider marking this
definition with `@[instance_reducible]`. If it is intentionally semireducible, this warning can be disabled with `set_option warn.classDefReducibility false`.
warning: ASGinzburg/HomologicalColimitClosure.lean:36:0: Definition `limitPreservesColimitsOfExactShape` is a proposition; use `theorem` instead of `def`

Note: This linter can be disabled with `set_option linter.defProp false`
warning: ASGinzburg/HomologicalColimitClosure.lean:59:0: Definition `ASGinzburg.parallelPairDiagramPreservesColimits` of class type is semireducible. Most type class instances should be instance-reducible, so consider marking this
definition with `@[instance_reducible]`. If it is intentionally semireducible, this warning can be disabled with `set_option warn.classDefReducibility false`.
warning: ASGinzburg/HomologicalColimitClosure.lean:59:0: Definition `parallelPairDiagramPreservesColimits` is a proposition; use `theorem` instead of `def`

Note: This linter can be disabled with `set_option linter.defProp false`
warning: ASGinzburg/HomologicalColimitClosure.lean:71:2: Try this: 
  letI̵

The goal is a proposition, so `let` is preferred over `letI`.
The difference between `let` and `letI` is that `letI` inlines the value.
But this is not relevant for proofs because of proof irrelevance.

Note: This linter can be disabled with `set_option linter.style.haveILetI false`
warning: ASGinzburg/HomologicalColimitClosure.lean:72:2: Try this: 
  letI̵

The goal is a proposition, so `let` is preferred over `letI`.
The difference between `let` and `letI` is that `letI` inlines the value.
But this is not relevant for proofs because of proof irrelevance.

Note: This linter can be disabled with `set_option linter.style.haveILetI false`
warning: ASGinzburg/HomologicalColimitClosure.lean:69:0: Definition `ASGinzburg.kernelFunctorPreservesExactColimits` of class type is semireducible. Most type class instances should be instance-reducible, so consider marking this
definition with `@[instance_reducible]`. If it is intentionally semireducible, this warning can be disabled with `set_option warn.classDefReducibility false`.
warning: ASGinzburg/HomologicalColimitClosure.lean:69:0: Definition `kernelFunctorPreservesExactColimits` is a proposition; use `theorem` instead of `def`

Note: This linter can be disabled with `set_option linter.defProp false`
warning: ASGinzburg/HomologicalColimitClosure.lean:78:2: Try this: 
  letI̵

The goal is a proposition, so `let` is preferred over `letI`.
The difference between `let` and `letI` is that `letI` inlines the value.
But this is not relevant for proofs because of proof irrelevance.

Note: This linter can be disabled with `set_option linter.style.haveILetI false`
warning: ASGinzburg/HomologicalColimitClosure.lean:80:2: Try this: 
  letI̵

The goal is a proposition, so `let` is preferred over `letI`.
The difference between `let` and `letI` is that `letI` inlines the value.
But this is not relevant for proofs because of proof irrelevance.

Note: This linter can be disabled with `set_option linter.style.haveILetI false`
warning: ASGinzburg/HomologicalColimitClosure.lean:76:0: Definition `ASGinzburg.cokernelFunctorPreservesColimits` of class type is semireducible. Most type class instances should be instance-reducible, so consider marking this
definition with `@[instance_reducible]`. If it is intentionally semireducible, this warning can be disabled with `set_option warn.classDefReducibility false`.
warning: ASGinzburg/HomologicalColimitClosure.lean:76:0: Definition `cokernelFunctorPreservesColimits` is a proposition; use `theorem` instead of `def`

Note: This linter can be disabled with `set_option linter.defProp false`
warning: ASGinzburg/HomologicalColimitClosure.lean:88:0: Definition `ASGinzburg.moduleCatExactCoproducts` of class type is semireducible. Most type class instances should be instance-reducible, so consider marking this
definition with `@[instance_reducible]`. If it is intentionally semireducible, this warning can be disabled with `set_option warn.classDefReducibility false`.
warning: ASGinzburg/HomologicalColimitClosure.lean:88:0: Definition `moduleCatExactCoproducts` is a proposition; use `theorem` instead of `def`

Note: This linter can be disabled with `set_option linter.defProp false`
⚠ [3393/3483] Replayed ASGinzburg.RightModuleHomKernel
warning: ASGinzburg/RightModuleHomKernel.lean:85:2: Try this: 
  letI̵

The goal is a proposition, so `let` is preferred over `letI`.
The difference between `let` and `letI` is that `letI` inlines the value.
But this is not relevant for proofs because of proof irrelevance.

Note: This linter can be disabled with `set_option linter.style.haveILetI false`
warning: ASGinzburg/RightModuleHomKernel.lean:77:0: Definition `ASGinzburg.ZAlgebra.rightModuleHomPreservesExactColimits` of class type is semireducible. Most type class instances should be instance-reducible, so consider marking this
definition with `@[instance_reducible]`. If it is intentionally semireducible, this warning can be disabled with `set_option warn.classDefReducibility false`.
warning: ASGinzburg/RightModuleHomKernel.lean:77:0: Definition `rightModuleHomPreservesExactColimits` is a proposition; use `theorem` instead of `def`

Note: This linter can be disabled with `set_option linter.defProp false`
⚠ [3395/3483] Replayed ASGinzburg.FiniteCoproductHomColimits
warning: ASGinzburg/FiniteCoproductHomColimits.lean:73:2: Try this: 
  letI̵

The goal is a proposition, so `let` is preferred over `letI`.
The difference between `let` and `letI` is that `letI` inlines the value.
But this is not relevant for proofs because of proof irrelevance.

Note: This linter can be disabled with `set_option linter.style.haveILetI false`
⚠ [3396/3483] Replayed ASGinzburg.ASResolutionSyzygies
warning: ASGinzburg/ASResolutionSyzygies.lean:23:2: Try this: 
  haveI̵

The goal is a proposition, so `have` is preferred over `haveI`.
The difference between `have` and `haveI` is that `haveI` inlines the value.
But this is not relevant for proofs because of proof irrelevance.

Note: This linter can be disabled with `set_option linter.style.haveILetI false`
warning: ASGinzburg/ASResolutionSyzygies.lean:24:2: Try this: 
  haveI̵

The goal is a proposition, so `have` is preferred over `haveI`.
The difference between `have` and `haveI` is that `haveI` inlines the value.
But this is not relevant for proofs because of proof irrelevance.

Note: This linter can be disabled with `set_option linter.style.haveILetI false`
warning: ASGinzburg/ASResolutionSyzygies.lean:25:2: Try this: 
  haveI̵

The goal is a proposition, so `have` is preferred over `haveI`.
The difference between `have` and `haveI` is that `haveI` inlines the value.
But this is not relevant for proofs because of proof irrelevance.

Note: This linter can be disabled with `set_option linter.style.haveILetI false`
⚠ [3397/3483] Replayed ASGinzburg.ASResolutionExtBounds
warning: ASGinzburg/ASResolutionExtBounds.lean:34:2: Try this: 
  letI̵

The goal is a proposition, so `let` is preferred over `letI`.
The difference between `let` and `letI` is that `letI` inlines the value.
But this is not relevant for proofs because of proof irrelevance.

Note: This linter can be disabled with `set_option linter.style.haveILetI false`
⚠ [3398/3483] Replayed ASGinzburg.LeftModuleAbelian
warning: ASGinzburg/LeftModuleAbelian.lean:37:4: Try this: 
  letI̵

The goal is a proposition, so `let` is preferred over `letI`.
The difference between `let` and `letI` is that `letI` inlines the value.
But this is not relevant for proofs because of proof irrelevance.

Note: This linter can be disabled with `set_option linter.style.haveILetI false`
warning: ASGinzburg/LeftModuleAbelian.lean:46:4: Try this: 
  letI̵

The goal is a proposition, so `let` is preferred over `letI`.
The difference between `let` and `letI` is that `letI` inlines the value.
But this is not relevant for proofs because of proof irrelevance.

Note: This linter can be disabled with `set_option linter.style.haveILetI false`
warning: ASGinzburg/LeftModuleAbelian.lean:66:4: Try this: 
  letI̵

The goal is a proposition, so `let` is preferred over `letI`.
The difference between `let` and `letI` is that `letI` inlines the value.
But this is not relevant for proofs because of proof irrelevance.

Note: This linter can be disabled with `set_option linter.style.haveILetI false`
warning: ASGinzburg/LeftModuleAbelian.lean:76:4: Try this: 
  letI̵

The goal is a proposition, so `let` is preferred over `letI`.
The difference between `let` and `letI` is that `letI` inlines the value.
But this is not relevant for proofs because of proof irrelevance.

Note: This linter can be disabled with `set_option linter.style.haveILetI false`
warning: ASGinzburg/LeftModuleAbelian.lean:88:4: Try this: 
  letI̵

The goal is a proposition, so `let` is preferred over `letI`.
The difference between `let` and `letI` is that `letI` inlines the value.
But this is not relevant for proofs because of proof irrelevance.

Note: This linter can be disabled with `set_option linter.style.haveILetI false`
warning: ASGinzburg/LeftModuleAbelian.lean:96:4: Try this: 
  letI̵

The goal is a proposition, so `let` is preferred over `letI`.
The difference between `let` and `letI` is that `letI` inlines the value.
But this is not relevant for proofs because of proof irrelevance.

Note: This linter can be disabled with `set_option linter.style.haveILetI false`
warning: ASGinzburg/LeftModuleAbelian.lean:122:2: Try this: 
  haveI̵

The goal is a proposition, so `have` is preferred over `haveI`.
The difference between `have` and `haveI` is that `haveI` inlines the value.
But this is not relevant for proofs because of proof irrelevance.

Note: This linter can be disabled with `set_option linter.style.haveILetI false`
⚠ [3399/3483] Replayed ASGinzburg.LeftModuleHomology
warning: ASGinzburg/LeftModuleHomology.lean:88:4: Try this: 
  letI̵

The goal is a proposition, so `let` is preferred over `letI`.
The difference between `let` and `letI` is that `letI` inlines the value.
But this is not relevant for proofs because of proof irrelevance.

Note: This linter can be disabled with `set_option linter.style.haveILetI false`
warning: ASGinzburg/LeftModuleHomology.lean:92:4: Try this: 
  haveI̵

The goal is a proposition, so `have` is preferred over `haveI`.
The difference between `have` and `haveI` is that `haveI` inlines the value.
But this is not relevant for proofs because of proof irrelevance.

Note: This linter can be disabled with `set_option linter.style.haveILetI false`
warning: ASGinzburg/LeftModuleHomology.lean:101:4: Try this: 
  letI̵

The goal is a proposition, so `let` is preferred over `letI`.
The difference between `let` and `letI` is that `letI` inlines the value.
But this is not relevant for proofs because of proof irrelevance.

Note: This linter can be disabled with `set_option linter.style.haveILetI false`
warning: ASGinzburg/LeftModuleHomology.lean:105:4: Try this: 
  haveI̵

The goal is a proposition, so `have` is preferred over `haveI`.
The difference between `have` and `haveI` is that `haveI` inlines the value.
But this is not relevant for proofs because of proof irrelevance.

Note: This linter can be disabled with `set_option linter.style.haveILetI false`
⚠ [3400/3483] Replayed ASGinzburg.LeftSubmodules
warning: ASGinzburg/LeftSubmodules.lean:45:4: Try this: 
  letI̵

The goal is a proposition, so `let` is preferred over `letI`.
The difference between `let` and `letI` is that `letI` inlines the value.
But this is not relevant for proofs because of proof irrelevance.

Note: This linter can be disabled with `set_option linter.style.haveILetI false`
warning: ASGinzburg/LeftSubmodules.lean:55:4: Try this: 
  letI̵

The goal is a proposition, so `let` is preferred over `letI`.
The difference between `let` and `letI` is that `letI` inlines the value.
But this is not relevant for proofs because of proof irrelevance.

Note: This linter can be disabled with `set_option linter.style.haveILetI false`
⚠ [3401/3483] Replayed ASGinzburg.SimpleLeftModules
warning: ASGinzburg/SimpleLeftModules.lean:134:6: Try this: 
  letI̵

The goal is a proposition, so `let` is preferred over `letI`.
The difference between `let` and `letI` is that `letI` inlines the value.
But this is not relevant for proofs because of proof irrelevance.

Note: This linter can be disabled with `set_option linter.style.haveILetI false`
warning: ASGinzburg/SimpleLeftModules.lean:141:6: Try this: 
  haveI̵

The goal is a proposition, so `have` is preferred over `haveI`.
The difference between `have` and `haveI` is that `haveI` inlines the value.
But this is not relevant for proofs because of proof irrelevance.

Note: This linter can be disabled with `set_option linter.style.haveILetI false`
warning: ASGinzburg/SimpleLeftModules.lean:142:6: Try this: 
  haveI̵

The goal is a proposition, so `have` is preferred over `haveI`.
The difference between `have` and `haveI` is that `haveI` inlines the value.
But this is not relevant for proofs because of proof irrelevance.

Note: This linter can be disabled with `set_option linter.style.haveILetI false`
⚠ [3403/3483] Replayed ASGinzburg.ASResolutionComplex
warning: ASGinzburg/ASResolutionComplex.lean:58:4: Try this: 
  letI̵

The goal is a proposition, so `let` is preferred over `letI`.
The difference between `let` and `letI` is that `letI` inlines the value.
But this is not relevant for proofs because of proof irrelevance.

Note: This linter can be disabled with `set_option linter.style.haveILetI false`
⚠ [3405/3483] Replayed ASGinzburg.ASResolutionExtFinite
warning: ASGinzburg/ASResolutionExtFinite.lean:24:2: Try this: 
  letI̵

The goal is a proposition, so `let` is preferred over `letI`.
The difference between `let` and `letI` is that `letI` inlines the value.
But this is not relevant for proofs because of proof irrelevance.

Note: This linter can be disabled with `set_option linter.style.haveILetI false`
warning: ASGinzburg/ASResolutionExtFinite.lean:38:2: Try this: 
  letI̵

The goal is a proposition, so `let` is preferred over `letI`.
The difference between `let` and `letI` is that `letI` inlines the value.
But this is not relevant for proofs because of proof irrelevance.

Note: This linter can be disabled with `set_option linter.style.haveILetI false`
warning: ASGinzburg/ASResolutionExtFinite.lean:39:2: Try this: 
  letI̵

The goal is a proposition, so `let` is preferred over `letI`.
The difference between `let` and `letI` is that `letI` inlines the value.
But this is not relevant for proofs because of proof irrelevance.

Note: This linter can be disabled with `set_option linter.style.haveILetI false`
warning: ASGinzburg/ASResolutionExtFinite.lean:40:2: Try this: 
  letI̵

The goal is a proposition, so `let` is preferred over `letI`.
The difference between `let` and `letI` is that `letI` inlines the value.
But this is not relevant for proofs because of proof irrelevance.

Note: This linter can be disabled with `set_option linter.style.haveILetI false`
warning: ASGinzburg/ASResolutionExtFinite.lean:41:2: Try this: 
  letI̵

The goal is a proposition, so `let` is preferred over `letI`.
The difference between `let` and `letI` is that `letI` inlines the value.
But this is not relevant for proofs because of proof irrelevance.

Note: This linter can be disabled with `set_option linter.style.haveILetI false`
warning: ASGinzburg/ASResolutionExtFinite.lean:42:2: Try this: 
  letI̵

The goal is a proposition, so `let` is preferred over `letI`.
The difference between `let` and `letI` is that `letI` inlines the value.
But this is not relevant for proofs because of proof irrelevance.

Note: This linter can be disabled with `set_option linter.style.haveILetI false`
warning: ASGinzburg/ASResolutionExtFinite.lean:43:2: Try this: 
  letI̵

The goal is a proposition, so `let` is preferred over `letI`.
The difference between `let` and `letI` is that `letI` inlines the value.
But this is not relevant for proofs because of proof irrelevance.

Note: This linter can be disabled with `set_option linter.style.haveILetI false`
warning: ASGinzburg/ASResolutionExtFinite.lean:45:4: Try this: 
  letI̵

The goal is a proposition, so `let` is preferred over `letI`.
The difference between `let` and `letI` is that `letI` inlines the value.
But this is not relevant for proofs because of proof irrelevance.

Note: This linter can be disabled with `set_option linter.style.haveILetI false`
warning: ASGinzburg/ASResolutionExtFinite.lean:49:4: Try this: 
  letI̵

The goal is a proposition, so `let` is preferred over `letI`.
The difference between `let` and `letI` is that `letI` inlines the value.
But this is not relevant for proofs because of proof irrelevance.

Note: This linter can be disabled with `set_option linter.style.haveILetI false`
warning: ASGinzburg/ASResolutionExtFinite.lean:55:4: Try this: 
  letI̵

The goal is a proposition, so `let` is preferred over `letI`.
The difference between `let` and `letI` is that `letI` inlines the value.
But this is not relevant for proofs because of proof irrelevance.

Note: This linter can be disabled with `set_option linter.style.haveILetI false`
warning: ASGinzburg/ASResolutionExtFinite.lean:60:4: Try this: 
  letI̵

The goal is a proposition, so `let` is preferred over `letI`.
The difference between `let` and `letI` is that `letI` inlines the value.
But this is not relevant for proofs because of proof irrelevance.

Note: This linter can be disabled with `set_option linter.style.haveILetI false`
⚠ [3407/3483] Replayed ASGinzburg.LeftModuleEnoughProjectives
warning: ASGinzburg/LeftModuleEnoughProjectives.lean:42:12: `CategoryTheory.Limits.Sigma.ι_desc` has been deprecated: Use `CategoryTheory.Limits.Sigma.ι_comp_desc` instead
⚠ [3410/3483] Replayed ASGinzburg.ExactEquivalenceExt
warning: ASGinzburg/ExactEquivalenceExt.lean:22:2: Try this: 
  haveI̵

The goal is a proposition, so `have` is preferred over `haveI`.
The difference between `have` and `haveI` is that `haveI` inlines the value.
But this is not relevant for proofs because of proof irrelevance.

Note: This linter can be disabled with `set_option linter.style.haveILetI false`
warning: ASGinzburg/ExactEquivalenceExt.lean:145:0: Definition `ASGinzburg.exactExtModule` of class type is semireducible. Most type class instances should be instance-reducible, so consider marking this
definition with `@[instance_reducible]`. If it is intentionally semireducible, this warning can be disabled with `set_option warn.classDefReducibility false`.
⚠ [3411/3483] Replayed ASGinzburg.LinearExtTransport
warning: ASGinzburg/LinearExtTransport.lean:11:17: Definition `ASGinzburg.exactExtModule` of class type is semireducible. Most type class instances should be instance-reducible, so consider marking this
definition with `@[instance_reducible]`. If it is intentionally semireducible, this warning can be disabled with `set_option warn.classDefReducibility false`.
warning: ASGinzburg/LinearExtTransport.lean:27:2: Try this: 
  letI̵

The goal is a proposition, so `let` is preferred over `letI`.
The difference between `let` and `letI` is that `letI` inlines the value.
But this is not relevant for proofs because of proof irrelevance.

Note: This linter can be disabled with `set_option linter.style.haveILetI false`
warning: ASGinzburg/LinearExtTransport.lean:28:2: Try this: 
  letI̵

The goal is a proposition, so `let` is preferred over `letI`.
The difference between `let` and `letI` is that `letI` inlines the value.
But this is not relevant for proofs because of proof irrelevance.

Note: This linter can be disabled with `set_option linter.style.haveILetI false`
warning: ASGinzburg/LinearExtTransport.lean:43:2: Try this: 
  letI̵

The goal is a proposition, so `let` is preferred over `letI`.
The difference between `let` and `letI` is that `letI` inlines the value.
But this is not relevant for proofs because of proof irrelevance.

Note: This linter can be disabled with `set_option linter.style.haveILetI false`
warning: ASGinzburg/LinearExtTransport.lean:44:2: Try this: 
  letI̵

The goal is a proposition, so `let` is preferred over `letI`.
The difference between `let` and `letI` is that `letI` inlines the value.
But this is not relevant for proofs because of proof irrelevance.

Note: This linter can be disabled with `set_option linter.style.haveILetI false`
warning: ASGinzburg/LinearExtTransport.lean:59:2: Try this: 
  letI̵

The goal is a proposition, so `let` is preferred over `letI`.
The difference between `let` and `letI` is that `letI` inlines the value.
But this is not relevant for proofs because of proof irrelevance.

Note: This linter can be disabled with `set_option linter.style.haveILetI false`
warning: ASGinzburg/LinearExtTransport.lean:60:2: Try this: 
  letI̵

The goal is a proposition, so `let` is preferred over `letI`.
The difference between `let` and `letI` is that `letI` inlines the value.
But this is not relevant for proofs because of proof irrelevance.

Note: This linter can be disabled with `set_option linter.style.haveILetI false`
⚠ [3415/3483] Replayed ASGinzburg.PathAlgebra
warning: ASGinzburg/PathAlgebra.lean:97:42: This simp argument is unused:
  LinearMap.add_apply

Hint: Omit it from the simp argument list.
  [apply] simp [map_add, ih, ih']

Note: This linter can be disabled with `set_option linter.unusedSimpArgs false`
⚠ [3429/3483] Replayed ASGinzburg.ProjectiveResolutionSyzygies
warning: ASGinzburg/ProjectiveResolutionSyzygies.lean:17:2: Try this: 
  haveI̵

The goal is a proposition, so `have` is preferred over `haveI`.
The difference between `have` and `haveI` is that `haveI` inlines the value.
But this is not relevant for proofs because of proof irrelevance.

Note: This linter can be disabled with `set_option linter.style.haveILetI false`
warning: ASGinzburg/ProjectiveResolutionSyzygies.lean:18:2: Try this: 
  haveI̵

The goal is a proposition, so `have` is preferred over `haveI`.
The difference between `have` and `haveI` is that `haveI` inlines the value.
But this is not relevant for proofs because of proof irrelevance.

Note: This linter can be disabled with `set_option linter.style.haveILetI false`
warning: ASGinzburg/ProjectiveResolutionSyzygies.lean:19:2: Try this: 
  haveI̵

The goal is a proposition, so `have` is preferred over `haveI`.
The difference between `have` and `haveI` is that `haveI` inlines the value.
But this is not relevant for proofs because of proof irrelevance.

Note: This linter can be disabled with `set_option linter.style.haveILetI false`
⚠ [3430/3490] Built ASGinzburg.ASRegular (9.6s)
warning: ASGinzburg/ASRegular.lean:69:2: Try this: 
  letI̵

The goal is a proposition, so `let` is preferred over `letI`.
The difference between `let` and `letI` is that `letI` inlines the value.
But this is not relevant for proofs because of proof irrelevance.

Note: This linter can be disabled with `set_option linter.style.haveILetI false`
warning: ASGinzburg/ASRegular.lean:81:4: Try this: 
  letI̵

The goal is a proposition, so `let` is preferred over `letI`.
The difference between `let` and `letI` is that `letI` inlines the value.
But this is not relevant for proofs because of proof irrelevance.

Note: This linter can be disabled with `set_option linter.style.haveILetI false`
warning: ASGinzburg/ASRegular.lean:85:4: Try this: 
  letI̵

The goal is a proposition, so `let` is preferred over `letI`.
The difference between `let` and `letI` is that `letI` inlines the value.
But this is not relevant for proofs because of proof irrelevance.

Note: This linter can be disabled with `set_option linter.style.haveILetI false`
⚠ [3434/3490] Built ASGinzburg.FiniteProjectiveBidual (9.9s)
warning: ASGinzburg/FiniteProjectiveBidual.lean:43:2: Try this: 
  letI̵

The goal is a proposition, so `let` is preferred over `letI`.
The difference between `let` and `letI` is that `letI` inlines the value.
But this is not relevant for proofs because of proof irrelevance.

Note: This linter can be disabled with `set_option linter.style.haveILetI false`
warning: ASGinzburg/FiniteProjectiveBidual.lean:51:2: Try this: 
  letI̵

The goal is a proposition, so `let` is preferred over `letI`.
The difference between `let` and `letI` is that `letI` inlines the value.
But this is not relevant for proofs because of proof irrelevance.

Note: This linter can be disabled with `set_option linter.style.haveILetI false`
warning: ASGinzburg/FiniteProjectiveBidual.lean:68:2: Try this: 
  letI̵

The goal is a proposition, so `let` is preferred over `letI`.
The difference between `let` and `letI` is that `letI` inlines the value.
But this is not relevant for proofs because of proof irrelevance.

Note: This linter can be disabled with `set_option linter.style.haveILetI false`
warning: ASGinzburg/FiniteProjectiveBidual.lean:75:2: Try this: 
  letI̵

The goal is a proposition, so `let` is preferred over `letI`.
The difference between `let` and `letI` is that `letI` inlines the value.
But this is not relevant for proofs because of proof irrelevance.

Note: This linter can be disabled with `set_option linter.style.haveILetI false`
✔ [3436/3564] Built ASGinzburg.ASResolutionHomComplex (42s)
✔ [3438/3604] Built ASGinzburg.ASDualityHomCohomology (20s)
⚠ [3440/3604] Replayed ASGinzburg.ShortExactKernels
warning: ASGinzburg/ShortExactKernels.lean:34:4: Try this: 
  letI̵

The goal is a proposition, so `let` is preferred over `letI`.
The difference between `let` and `letI` is that `letI` inlines the value.
But this is not relevant for proofs because of proof irrelevance.

Note: This linter can be disabled with `set_option linter.style.haveILetI false`
warning: ASGinzburg/ShortExactKernels.lean:37:4: Try this: 
  letI̵

The goal is a proposition, so `let` is preferred over `letI`.
The difference between `let` and `letI` is that `letI` inlines the value.
But this is not relevant for proofs because of proof irrelevance.

Note: This linter can be disabled with `set_option linter.style.haveILetI false`
warning: ASGinzburg/ShortExactKernels.lean:38:4: Try this: 
  haveI̵

The goal is a proposition, so `have` is preferred over `haveI`.
The difference between `have` and `haveI` is that `haveI` inlines the value.
But this is not relevant for proofs because of proof irrelevance.

Note: This linter can be disabled with `set_option linter.style.haveILetI false`
warning: ASGinzburg/ShortExactKernels.lean:39:4: Try this: 
  haveI̵

The goal is a proposition, so `have` is preferred over `haveI`.
The difference between `have` and `haveI` is that `haveI` inlines the value.
But this is not relevant for proofs because of proof irrelevance.

Note: This linter can be disabled with `set_option linter.style.haveILetI false`
⚠ [3441/3604] Replayed ASGinzburg.FourTermProjectiveResolution
warning: ASGinzburg/FourTermProjectiveResolution.lean:15:2: Try this: 
  haveI̵

The goal is a proposition, so `have` is preferred over `haveI`.
The difference between `have` and `haveI` is that `haveI` inlines the value.
But this is not relevant for proofs because of proof irrelevance.

Note: This linter can be disabled with `set_option linter.style.haveILetI false`
warning: ASGinzburg/FourTermProjectiveResolution.lean:16:2: Try this: 
  haveI̵

The goal is a proposition, so `have` is preferred over `haveI`.
The difference between `have` and `haveI` is that `haveI` inlines the value.
But this is not relevant for proofs because of proof irrelevance.

Note: This linter can be disabled with `set_option linter.style.haveILetI false`
warning: ASGinzburg/FourTermProjectiveResolution.lean:17:2: Try this: 
  haveI̵

The goal is a proposition, so `have` is preferred over `haveI`.
The difference between `have` and `haveI` is that `haveI` inlines the value.
But this is not relevant for proofs because of proof irrelevance.

Note: This linter can be disabled with `set_option linter.style.haveILetI false`
warning: ASGinzburg/FourTermProjectiveResolution.lean:87:4: Try this: 
  letI̵

The goal is a proposition, so `let` is preferred over `letI`.
The difference between `let` and `letI` is that `letI` inlines the value.
But this is not relevant for proofs because of proof irrelevance.

Note: This linter can be disabled with `set_option linter.style.haveILetI false`
warning: ASGinzburg/FourTermProjectiveResolution.lean:107:6: Try this: 
  letI̵

The goal is a proposition, so `let` is preferred over `letI`.
The difference between `let` and `letI` is that `letI` inlines the value.
But this is not relevant for proofs because of proof irrelevance.

Note: This linter can be disabled with `set_option linter.style.haveILetI false`
✔ [3443/3604] Built ASGinzburg.ASDualityTopCokernel (63s)
⚠ [3444/3604] Replayed ASGinzburg.ExtClassNaturality
warning: ASGinzburg/ExtClassNaturality.lean:45:2: Try this: 
  letI̵

The goal is a proposition, so `let` is preferred over `letI`.
The difference between `let` and `letI` is that `letI` inlines the value.
But this is not relevant for proofs because of proof irrelevance.

Note: This linter can be disabled with `set_option linter.style.haveILetI false`
⚠ [3449/3828] Replayed ASGinzburg.ProjectiveExtensionCovers
warning: ASGinzburg/ProjectiveExtensionCovers.lean:20:2: Try this: 
  letI̵

The goal is a proposition, so `let` is preferred over `letI`.
The difference between `let` and `letI` is that `letI` inlines the value.
But this is not relevant for proofs because of proof irrelevance.

Note: This linter can be disabled with `set_option linter.style.haveILetI false`
warning: ASGinzburg/ProjectiveExtensionCovers.lean:35:2: Try this: 
  letI̵

The goal is a proposition, so `let` is preferred over `letI`.
The difference between `let` and `letI` is that `letI` inlines the value.
But this is not relevant for proofs because of proof irrelevance.

Note: This linter can be disabled with `set_option linter.style.haveILetI false`
warning: ASGinzburg/ProjectiveExtensionCovers.lean:37:2: Try this: 
  letI̵

The goal is a proposition, so `let` is preferred over `letI`.
The difference between `let` and `letI` is that `letI` inlines the value.
But this is not relevant for proofs because of proof irrelevance.

Note: This linter can be disabled with `set_option linter.style.haveILetI false`
warning: ASGinzburg/ProjectiveExtensionCovers.lean:38:2: Try this: 
  letI̵

The goal is a proposition, so `let` is preferred over `letI`.
The difference between `let` and `letI` is that `letI` inlines the value.
But this is not relevant for proofs because of proof irrelevance.

Note: This linter can be disabled with `set_option linter.style.haveILetI false`
warning: ASGinzburg/ProjectiveExtensionCovers.lean:43:2: Try this: 
  letI̵

The goal is a proposition, so `let` is preferred over `letI`.
The difference between `let` and `letI` is that `letI` inlines the value.
But this is not relevant for proofs because of proof irrelevance.

Note: This linter can be disabled with `set_option linter.style.haveILetI false`
✖ [3450/3828] Building ASGinzburg.ASGenerators (5.0s)
trace: .> LEAN_PATH=/workspace/as-ginzburg-lean/.lake/packages/Cli/.lake/build/lib/lean:/workspace/as-ginzburg-lean/.lake/packages/batteries/.lake/build/lib/lean:/workspace/as-ginzburg-lean/.lake/packages/Qq/.lake/build/lib/lean:/workspace/as-ginzburg-lean/.lake/packages/aesop/.lake/build/lib/lean:/workspace/as-ginzburg-lean/.lake/packages/proofwidgets/.lake/build/lib/lean:/workspace/as-ginzburg-lean/.lake/packages/importGraph/.lake/build/lib/lean:/workspace/as-ginzburg-lean/.lake/packages/LeanSearchClient/.lake/build/lib/lean:/workspace/as-ginzburg-lean/.lake/packages/plausible/.lake/build/lib/lean:/workspace/as-ginzburg-lean/.lake/packages/mathlib/.lake/build/lib/lean:/workspace/as-ginzburg-lean/.lake/build/lib/lean /workspace/as-ginzburg-lean/work/lean-upgrade/lean-4.34.1-linux/bin/lean /workspace/as-ginzburg-lean/ASGinzburg/ASGenerators.lean -o /workspace/as-ginzburg-lean/.lake/build/lib/lean/ASGinzburg/ASGenerators.olean -i /workspace/as-ginzburg-lean/.lake/build/lib/lean/ASGinzburg/ASGenerators.ilean -c /workspace/as-ginzburg-lean/.lake/build/ir/ASGinzburg/ASGenerators.c --setup /workspace/as-ginzburg-lean/.lake/build/ir/ASGinzburg/ASGenerators.setup.json --json
error: ASGinzburg/ASGenerators.lean:58:8: Tactic `rewrite` failed: Did not find an occurrence of the pattern
  ?f ≫ ?g ≫ ?h
in the target expression
  ModuleCat.ofHom (DirectSum.lof k (Q.incomingArrows w) (fun a => A.Hom i (Q.height (Q.incomingSource w a))) a) ≫
      ((PreservesCoproduct.iso (A.rightModuleEvaluation i) fun a =>
            A.representable (Q.height (Q.incomingSource w a))) ≪≫
          ModuleCat.coprodIsoDirectSum fun j =>
            (A.rightModuleEvaluation i).obj (A.representable (Q.height (Q.incomingSource w j)))).inv =
    (A.rightModuleEvaluation i).map (Sigma.ι (fun b => A.representable (Q.height (Q.incomingSource w b))) a)

k : Type u
inst✝ : Field k
A : ZAlgebra k
Q : CutQuiver
w : Q.LiftVertex
R : A.ASResolution Q w
i : ℤ
a : Q.incomingArrows w
x : A.Hom i (Q.height (Q.incomingSource w a))
⊢ ModuleCat.ofHom (DirectSum.lof k (Q.incomingArrows w) (fun a => A.Hom i (Q.height (Q.incomingSource w a))) a) ≫
      ((PreservesCoproduct.iso (A.rightModuleEvaluation i) fun a =>
            A.representable (Q.height (Q.incomingSource w a))) ≪≫
          ModuleCat.coprodIsoDirectSum fun j =>
            (A.rightModuleEvaluation i).obj (A.representable (Q.height (Q.incomingSource w j)))).inv =
    (A.rightModuleEvaluation i).map (Sigma.ι (fun b => A.representable (Q.height (Q.incomingSource w b))) a)

Note: The target expression is not type-correct under the `implicit` transparency level, which may have triggered the failure. This is usually caused by unfolding of semireducible definitions in prior tactic steps. Use `set_option linter.tacticCheckInstances true` to investigate the source of the issue.
Full error:
  Application type mismatch: The argument
    PreservesCoproduct.iso (A.rightModuleEvaluation i) fun a => A.representable (Q.height (Q.incomingSource w a))
  has type
    @Iso (ModuleCat k) (ModuleCat.moduleCategory k)
      ((A.rightModuleEvaluation i).obj (∐ fun a => A.representable (Q.height (Q.incomingSource w a))))
      (∐ fun j => (A.rightModuleEvaluation i).obj (A.representable (Q.height (Q.incomingSource w j))))
  but is expected to have type
    @Iso (ModuleCat k) (ModuleCat.moduleCategory k) ((A.rightModuleEvaluation i).obj (A.asResolutionTerm₁ Q w))
      (∐ fun j => (A.rightModuleEvaluation i).obj (A.representable (Q.height (Q.incomingSource w j))))
  in the application
    (PreservesCoproduct.iso (A.rightModuleEvaluation i) fun a =>
        A.representable (Q.height (Q.incomingSource w a))).trans
error: ASGinzburg/ASGenerators.lean:83:2: Type mismatch: After simplification, term
  Eq.symm (d₁_component_lof R i a x)
 has type
  @Eq (↑((A.rightModuleEvaluation i).obj (A.representable (Q.height w)))) ((A.comp (R.incomingElement a)) x)
    ((ModuleCat.Hom.hom ((A.rightModuleEvaluation i).map R.d₁))
      ((ModuleCat.Hom.hom (R.term₁ComponentIso i).inv)
        ((DirectSum.lof k (Q.incomingArrows w) (fun i_1 => A.Hom i (Q.height (Q.incomingSource w i_1))) a) x)))
but is expected to have type
  @Eq (A.Hom i (Q.height w)) ((A.comp (R.incomingElement a)) x)
    (((ModuleCat.Hom.hom ((A.rightModuleEvaluation i).map R.d₁) ∘ₗ ModuleCat.Hom.hom (R.term₁ComponentIso i).inv) ∘ₗ
        DirectSum.lof k (Q.incomingArrows w) (fun i_1 => A.Hom i (Q.height (Q.incomingSource w i_1))) a)
      x)
⚠ [3458/3828] Replayed ASGinzburg.CyclicDerivativeDegrees
warning: ASGinzburg/CyclicDerivativeDegrees.lean:21:12: `if_pos` has been deprecated: Use `ite_eq_left` instead
warning: ASGinzburg/CyclicDerivativeDegrees.lean:28:12: `if_neg` has been deprecated: Use `ite_eq_right` instead
⚠ [3459/3828] Replayed ASGinzburg.CyclicDerivativeCommutators
warning: ASGinzburg/CyclicDerivativeCommutators.lean:38:50: `if_true` has been deprecated: Use `ite_true` instead
⚠ [3460/3828] Replayed ASGinzburg.GinzburgPaths
warning: ASGinzburg/GinzburgPaths.lean:155:41: This simp argument is unused:
  GinzburgArrow.source

Hint: Omit it from the simp argument list.
  [apply] simp only [Path.originalGinzburg, GinzburgArrow.target]

Note: This linter can be disabled with `set_option linter.unusedSimpArgs false`
warning: ASGinzburg/GinzburgPaths.lean:155:62: This simp argument is unused:
  GinzburgArrow.target

Hint: Omit it from the simp argument list.
  [apply] simp only [Path.originalGinzburg, GinzburgArrow.source]

Note: This linter can be disabled with `set_option linter.unusedSimpArgs false`
⚠ [3467/4123] Replayed ASGinzburg.HomologyAugmentation
warning: ASGinzburg/HomologyAugmentation.lean:64:4: Try this: 
  haveI̵

The goal is a proposition, so `have` is preferred over `haveI`.
The difference between `have` and `haveI` is that `haveI` inlines the value.
But this is not relevant for proofs because of proof irrelevance.

Note: This linter can be disabled with `set_option linter.style.haveILetI false`
⚠ [3470/4123] Replayed ASGinzburg.RepresentableRadicalComponents
warning: ASGinzburg/RepresentableRadicalComponents.lean:34:6: `if_neg` has been deprecated: Use `ite_eq_right` instead
⚠ [3503/4124] Replayed ASGinzburg.LinearRepresentationEquivalence
warning: ASGinzburg/LinearRepresentationEquivalence.lean:53:4: Try this: 
  letI̵

The goal is a proposition, so `let` is preferred over `letI`.
The difference between `let` and `letI` is that `letI` inlines the value.
But this is not relevant for proofs because of proof irrelevance.

Note: This linter can be disabled with `set_option linter.style.haveILetI false`
warning: ASGinzburg/LinearRepresentationEquivalence.lean:54:4: Try this: 
  letI̵

The goal is a proposition, so `let` is preferred over `letI`.
The difference between `let` and `letI` is that `letI` inlines the value.
But this is not relevant for proofs because of proof irrelevance.

Note: This linter can be disabled with `set_option linter.style.haveILetI false`
⚠ [3510/4124] Replayed ASGinzburg.CyclicDerivativeMixedCoefficients
warning: ASGinzburg/CyclicDerivativeMixedCoefficients.lean:50:13: `Finsupp.finset_sum_apply` has been deprecated: Use `Finsupp.finsetSum_apply` instead
warning: ASGinzburg/CyclicDerivativeMixedCoefficients.lean:54:39: `if_true` has been deprecated: Use `ite_true` instead
⚠ [3512/4124] Replayed ASGinzburg.FiniteRepresentableHomCoordinates
warning: ASGinzburg/FiniteRepresentableHomCoordinates.lean:40:12: `CategoryTheory.Limits.Sigma.ι_desc` has been deprecated: Use `CategoryTheory.Limits.Sigma.ι_comp_desc` instead
warning: ASGinzburg/FiniteRepresentableHomCoordinates.lean:20:8: Unused tactic linter: `change A.representableYonedaEquiv (i a) M (_ ≫ (f + g)) = _` does nothing

Note: This linter can be disabled with `set_option linter.unusedTactic false`
⚠ [3515/4124] Replayed ASGinzburg.LinearPresheafAbelian
warning: ASGinzburg/LinearPresheafAbelian.lean:39:4: Try this: 
  letI̵

The goal is a proposition, so `let` is preferred over `letI`.
The difference between `let` and `letI` is that `letI` inlines the value.
But this is not relevant for proofs because of proof irrelevance.

Note: This linter can be disabled with `set_option linter.style.haveILetI false`
warning: ASGinzburg/LinearPresheafAbelian.lean:48:4: Try this: 
  letI̵

The goal is a proposition, so `let` is preferred over `letI`.
The difference between `let` and `letI` is that `letI` inlines the value.
But this is not relevant for proofs because of proof irrelevance.

Note: This linter can be disabled with `set_option linter.style.haveILetI false`
warning: ASGinzburg/LinearPresheafAbelian.lean:68:4: Try this: 
  letI̵

The goal is a proposition, so `let` is preferred over `letI`.
The difference between `let` and `letI` is that `letI` inlines the value.
But this is not relevant for proofs because of proof irrelevance.

Note: This linter can be disabled with `set_option linter.style.haveILetI false`
warning: ASGinzburg/LinearPresheafAbelian.lean:78:4: Try this: 
  letI̵

The goal is a proposition, so `let` is preferred over `letI`.
The difference between `let` and `letI` is that `letI` inlines the value.
But this is not relevant for proofs because of proof irrelevance.

Note: This linter can be disabled with `set_option linter.style.haveILetI false`
warning: ASGinzburg/LinearPresheafAbelian.lean:90:4: Try this: 
  letI̵

The goal is a proposition, so `let` is preferred over `letI`.
The difference between `let` and `letI` is that `letI` inlines the value.
But this is not relevant for proofs because of proof irrelevance.

Note: This linter can be disabled with `set_option linter.style.haveILetI false`
warning: ASGinzburg/LinearPresheafAbelian.lean:98:4: Try this: 
  letI̵

The goal is a proposition, so `let` is preferred over `letI`.
The difference between `let` and `letI` is that `letI` inlines the value.
But this is not relevant for proofs because of proof irrelevance.

Note: This linter can be disabled with `set_option linter.style.haveILetI false`
warning: ASGinzburg/LinearPresheafAbelian.lean:124:2: Try this: 
  haveI̵

The goal is a proposition, so `have` is preferred over `haveI`.
The difference between `have` and `haveI` is that `haveI` inlines the value.
But this is not relevant for proofs because of proof irrelevance.

Note: This linter can be disabled with `set_option linter.style.haveILetI false`
⚠ [3516/4124] Replayed ASGinzburg.CoproductDropZero
warning: ASGinzburg/CoproductDropZero.lean:33:25: `CategoryTheory.Limits.Sigma.ι_desc` has been deprecated: Use `CategoryTheory.Limits.Sigma.ι_comp_desc` instead
⚠ [3525/4124] Replayed ASGinzburg.CutCyclicDerivativeDelta
warning: ASGinzburg/CutCyclicDerivativeDelta.lean:27:29: `if_neg` has been deprecated: Use `ite_eq_right` instead
⚠ [3533/4247] Replayed ASGinzburg.PathCyclicDerivativeDegrees
warning: ASGinzburg/PathCyclicDerivativeDegrees.lean:41:16: `Set.mem_setOf_eq` has been deprecated: Use `Set.mem_ofPred_eq` instead
⚠ [3538/4247] Replayed ASGinzburg.ModuleCochainConnectingRepresentatives
warning: ASGinzburg/ModuleCochainConnectingRepresentatives.lean:21:2: Try this: 
  haveI̵

The goal is a proposition, so `have` is preferred over `haveI`.
The difference between `have` and `haveI` is that `haveI` inlines the value.
But this is not relevant for proofs because of proof irrelevance.

Note: This linter can be disabled with `set_option linter.style.haveILetI false`
✔ [3545/4247] Built ASGinzburg.FiniteRepresentableDualMatrix (11s)
⚠ [3550/4247] Replayed ASGinzburg.FoundationRightRestriction
warning: ASGinzburg/FoundationRightRestriction.lean:31:4: Try this: 
  letI̵

The goal is a proposition, so `let` is preferred over `letI`.
The difference between `let` and `letI` is that `letI` inlines the value.
But this is not relevant for proofs because of proof irrelevance.

Note: This linter can be disabled with `set_option linter.style.haveILetI false`
warning: ASGinzburg/FoundationRightRestriction.lean:32:4: Try this: 
  letI̵

The goal is a proposition, so `let` is preferred over `letI`.
The difference between `let` and `letI` is that `letI` inlines the value.
But this is not relevant for proofs because of proof irrelevance.

Note: This linter can be disabled with `set_option linter.style.haveILetI false`
⚠ [3556/4247] Built ASGinzburg.ASDualityExt (73s)
warning: ASGinzburg/ASDualityExt.lean:44:2: Try this: 
  letI̵

The goal is a proposition, so `let` is preferred over `letI`.
The difference between `let` and `letI` is that `letI` inlines the value.
But this is not relevant for proofs because of proof irrelevance.

Note: This linter can be disabled with `set_option linter.style.haveILetI false`
⚠ [3576/4313] Replayed ASGinzburg.FoundationRestrictionExactness
warning: ASGinzburg/FoundationRestrictionExactness.lean:14:2: Try this: 
  haveI̵

The goal is a proposition, so `have` is preferred over `haveI`.
The difference between `have` and `haveI` is that `haveI` inlines the value.
But this is not relevant for proofs because of proof irrelevance.

Note: This linter can be disabled with `set_option linter.style.haveILetI false`
warning: ASGinzburg/FoundationRestrictionExactness.lean:26:2: Try this: 
  haveI̵

The goal is a proposition, so `have` is preferred over `haveI`.
The difference between `have` and `haveI` is that `haveI` inlines the value.
But this is not relevant for proofs because of proof irrelevance.

Note: This linter can be disabled with `set_option linter.style.haveILetI false`
⚠ [3591/4313] Replayed ASGinzburg.VertexSimpleFromPresentation
warning: ASGinzburg/VertexSimpleFromPresentation.lean:22:4: Try this: 
  haveI̵

The goal is a proposition, so `have` is preferred over `haveI`.
The difference between `have` and `haveI` is that `haveI` inlines the value.
But this is not relevant for proofs because of proof irrelevance.

Note: This linter can be disabled with `set_option linter.style.haveILetI false`
warning: ASGinzburg/VertexSimpleFromPresentation.lean:26:39: `if_neg` has been deprecated: Use `ite_eq_right` instead
✖ [3598/4336] Building ASGinzburg.FiniteRepresentableCovariantMatrix (6.0s)
trace: .> LEAN_PATH=/workspace/as-ginzburg-lean/.lake/packages/Cli/.lake/build/lib/lean:/workspace/as-ginzburg-lean/.lake/packages/batteries/.lake/build/lib/lean:/workspace/as-ginzburg-lean/.lake/packages/Qq/.lake/build/lib/lean:/workspace/as-ginzburg-lean/.lake/packages/aesop/.lake/build/lib/lean:/workspace/as-ginzburg-lean/.lake/packages/proofwidgets/.lake/build/lib/lean:/workspace/as-ginzburg-lean/.lake/packages/importGraph/.lake/build/lib/lean:/workspace/as-ginzburg-lean/.lake/packages/LeanSearchClient/.lake/build/lib/lean:/workspace/as-ginzburg-lean/.lake/packages/plausible/.lake/build/lib/lean:/workspace/as-ginzburg-lean/.lake/packages/mathlib/.lake/build/lib/lean:/workspace/as-ginzburg-lean/.lake/build/lib/lean /workspace/as-ginzburg-lean/work/lean-upgrade/lean-4.34.1-linux/bin/lean /workspace/as-ginzburg-lean/ASGinzburg/FiniteRepresentableCovariantMatrix.lean -o /workspace/as-ginzburg-lean/.lake/build/lib/lean/ASGinzburg/FiniteRepresentableCovariantMatrix.olean -i /workspace/as-ginzburg-lean/.lake/build/lib/lean/ASGinzburg/FiniteRepresentableCovariantMatrix.ilean -c /workspace/as-ginzburg-lean/.lake/build/ir/ASGinzburg/FiniteRepresentableCovariantMatrix.c --setup /workspace/as-ginzburg-lean/.lake/build/ir/ASGinzburg/FiniteRepresentableCovariantMatrix.setup.json --json
error: ASGinzburg/FiniteRepresentableCovariantMatrix.lean:37:6: Tactic `rewrite` failed: Did not find an occurrence of the pattern
  ?g (∑ x ∈ ?s, ?f x)
in the target expression
  (A.rightFiniteCoproductPiEquiv (fun b => A.representable (j b)) l)
      (∑ a,
        (ConcreteCategory.hom ((Sigma.ι (fun a => A.representable (i a)) a ≫ d).hom.app (op { index := l })))
          ((A.rightFiniteCoproductPiEquiv (fun a => A.representable (i a)) l) x a))
      b =
    ∑ a,
      (A.comp
          ((A.rightFiniteCoproductPiEquiv (fun b => A.representable (j b)) (i a))
            ((A.representableYonedaEquiv (i a) (∐ fun b => A.representable (j b)))
              (Sigma.ι (fun a => A.representable (i a)) a ≫ d))
            b))
        ((A.rightFiniteCoproductPiEquiv (fun a => A.representable (i a)) l) x a)

k : Type u
inst✝⁴ : Field k
A : ZAlgebra k
I J : Type
inst✝³ : Fintype I
inst✝² : Fintype J
inst✝¹ : DecidableEq I
inst✝ : DecidableEq J
i : I → ℤ
j : J → ℤ
l : ℤ
d : (∐ fun a => A.representable (i a)) ⟶ ∐ fun b => A.representable (j b)
x : ↑((A.rightModuleEvaluation l).obj (∐ fun a => A.representable (i a)))
b : J
⊢ (A.rightFiniteCoproductPiEquiv (fun b => A.representable (j b)) l)
      (∑ a,
        (ConcreteCategory.hom ((Sigma.ι (fun a => A.representable (i a)) a ≫ d).hom.app (op { index := l })))
          ((A.rightFiniteCoproductPiEquiv (fun a => A.representable (i a)) l) x a))
      b =
    ∑ a,
      (A.comp
          ((A.rightFiniteCoproductPiEquiv (fun b => A.representable (j b)) (i a))
            ((A.representableYonedaEquiv (i a) (∐ fun b => A.representable (j b)))
              (Sigma.ι (fun a => A.representable (i a)) a ≫ d))
            b))
        ((A.rightFiniteCoproductPiEquiv (fun a => A.representable (i a)) l) x a)

Note: The target expression is not type-correct under the `implicit` transparency level, which may have triggered the failure. This is usually caused by unfolding of semireducible definitions in prior tactic steps. Use `set_option linter.tacticCheckInstances true` to investigate the source of the issue.
Full error:
  Application type mismatch: The argument
    (A.rightFiniteCoproductPiEquiv (fun a => A.representable (i a)) l) x a
  has type
    @ModuleCat.carrier k inst✝⁴.toDivisionRing.toRing ((A.rightModuleEvaluation l).obj (A.representable (i a)))
  but is expected to have type
    @ModuleCat.carrier k inst✝⁴.toDivisionRing.toRing ((A.representable (i a)).obj.obj (op { index := l }))
  in the application
    (ConcreteCategory.hom ((Sigma.ι (fun a => A.representable (i a)) a ≫ d).hom.app (op { index := l })))
      ((A.rightFiniteCoproductPiEquiv (fun a => A.representable (i a)) l) x a)
⚠ [3612/4422] Built ASGinzburg.FiniteProjectiveHomColimits (28s)
warning: ASGinzburg/FiniteProjectiveHomColimits.lean:35:2: Try this: 
  letI̵

The goal is a proposition, so `let` is preferred over `letI`.
The difference between `let` and `letI` is that `letI` inlines the value.
But this is not relevant for proofs because of proof irrelevance.

Note: This linter can be disabled with `set_option linter.style.haveILetI false`
warning: ASGinzburg/FiniteProjectiveHomColimits.lean:37:2: Try this: 
  letI̵

The goal is a proposition, so `let` is preferred over `letI`.
The difference between `let` and `letI` is that `letI` inlines the value.
But this is not relevant for proofs because of proof irrelevance.

Note: This linter can be disabled with `set_option linter.style.haveILetI false`
warning: ASGinzburg/FiniteProjectiveHomColimits.lean:32:0: Definition `ASGinzburg.preservesColimit_of_functor_retract` of class type is semireducible. Most type class instances should be instance-reducible, so consider marking this
definition with `@[instance_reducible]`. If it is intentionally semireducible, this warning can be disabled with `set_option warn.classDefReducibility false`.
warning: ASGinzburg/FiniteProjectiveHomColimits.lean:32:0: Definition `preservesColimit_of_functor_retract` is a proposition; use `theorem` instead of `def`

Note: This linter can be disabled with `set_option linter.defProp false`
warning: ASGinzburg/FiniteProjectiveHomColimits.lean:41:0: Definition `ASGinzburg.preservesColimitsOfShape_of_functor_retract` of class type is semireducible. Most type class instances should be instance-reducible, so consider marking this
definition with `@[instance_reducible]`. If it is intentionally semireducible, this warning can be disabled with `set_option warn.classDefReducibility false`.
warning: ASGinzburg/FiniteProjectiveHomColimits.lean:41:0: Definition `preservesColimitsOfShape_of_functor_retract` is a proposition; use `theorem` instead of `def`

Note: This linter can be disabled with `set_option linter.defProp false`
warning: ASGinzburg/FiniteProjectiveHomColimits.lean:53:0: Definition `ASGinzburg.ZAlgebra.rightFiniteProjectiveHomPreservesColimits` of class type is semireducible. Most type class instances should be instance-reducible, so consider marking this
definition with `@[instance_reducible]`. If it is intentionally semireducible, this warning can be disabled with `set_option warn.classDefReducibility false`.
warning: ASGinzburg/FiniteProjectiveHomColimits.lean:53:0: Definition `rightFiniteProjectiveHomPreservesColimits` is a proposition; use `theorem` instead of `def`

Note: This linter can be disabled with `set_option linter.defProp false`
⚠ [3614/4422] Replayed ASGinzburg.GinzburgGeneratorGradings
warning: ASGinzburg/GinzburgGeneratorGradings.lean:37:16: `Set.mem_setOf_eq` has been deprecated: Use `Set.mem_ofPred_eq` instead
⚠ [3615/4422] Replayed ASGinzburg.GinzburgPathDifferential
warning: ASGinzburg/GinzburgPathDifferential.lean:2:0: 'Mathlib.Algebra.Field.Power' has been deprecated: please replace this import by

import Mathlib.Algebra.Ring.Int.Parity
⚠ [3620/4422] Replayed ASGinzburg.GinzburgDegreeZeroDifferential
warning: ASGinzburg/GinzburgDegreeZeroDifferential.lean:14:15: `Set.mem_setOf_eq` has been deprecated: Use `Set.mem_ofPred_eq` instead
⚠ [3623/4422] Replayed ASGinzburg.GinzburgPathFiniteness
warning: ASGinzburg/GinzburgPathFiniteness.lean:50:2: Try this: 
  letI̵

The goal is a proposition, so `let` is preferred over `letI`.
The difference between `let` and `letI` is that `letI` inlines the value.
But this is not relevant for proofs because of proof irrelevance.

Note: This linter can be disabled with `set_option linter.style.haveILetI false`
warning: ASGinzburg/GinzburgPathFiniteness.lean:70:2: Try this: 
  haveI̵

The goal is a proposition, so `have` is preferred over `haveI`.
The difference between `have` and `haveI` is that `haveI` inlines the value.
But this is not relevant for proofs because of proof irrelevance.

Note: This linter can be disabled with `set_option linter.style.haveILetI false`
warning: ASGinzburg/GinzburgPathFiniteness.lean:73:2: Try this: 
  letI̵

The goal is a proposition, so `let` is preferred over `letI`.
The difference between `let` and `letI` is that `letI` inlines the value.
But this is not relevant for proofs because of proof irrelevance.

Note: This linter can be disabled with `set_option linter.style.haveILetI false`
⚠ [3625/4422] Replayed ASGinzburg.PathCutGrading
warning: ASGinzburg/PathCutGrading.lean:59:48: `if_pos` has been deprecated: Use `ite_eq_left` instead
warning: ASGinzburg/PathCutGrading.lean:66:2: Try this: 
  letI̵

The goal is a proposition, so `let` is preferred over `letI`.
The difference between `let` and `letI` is that `letI` inlines the value.
But this is not relevant for proofs because of proof irrelevance.

Note: This linter can be disabled with `set_option linter.style.haveILetI false`
warning: ASGinzburg/PathCutGrading.lean:67:2: Try this: 
  letI̵

The goal is a proposition, so `let` is preferred over `letI`.
The difference between `let` and `letI` is that `letI` inlines the value.
But this is not relevant for proofs because of proof irrelevance.

Note: This linter can be disabled with `set_option linter.style.haveILetI false`
⚠ [3627/4422] Replayed ASGinzburg.GinzburgCutDecomposition
warning: ASGinzburg/GinzburgCutDecomposition.lean:34:13: `Finsupp.finset_sum_apply` has been deprecated: Use `Finsupp.finsetSum_apply` instead
⚠ [3644/4422] Replayed ASGinzburg.GinzburgLoopWordCoefficients
warning: ASGinzburg/GinzburgLoopWordCoefficients.lean:43:41: `Finsupp.finset_sum_apply` has been deprecated: Use `Finsupp.finsetSum_apply` instead
⚠ [3645/4422] Replayed ASGinzburg.GinzburgLoopPathCoefficients
warning: ASGinzburg/GinzburgLoopPathCoefficients.lean:24:49: `if_pos` has been deprecated: Use `ite_eq_left` instead
✖ [3698/4422] Building ASGinzburg.ASResolutionComplexMinimality (4.4s)
trace: .> LEAN_PATH=/workspace/as-ginzburg-lean/.lake/packages/Cli/.lake/build/lib/lean:/workspace/as-ginzburg-lean/.lake/packages/batteries/.lake/build/lib/lean:/workspace/as-ginzburg-lean/.lake/packages/Qq/.lake/build/lib/lean:/workspace/as-ginzburg-lean/.lake/packages/aesop/.lake/build/lib/lean:/workspace/as-ginzburg-lean/.lake/packages/proofwidgets/.lake/build/lib/lean:/workspace/as-ginzburg-lean/.lake/packages/importGraph/.lake/build/lib/lean:/workspace/as-ginzburg-lean/.lake/packages/LeanSearchClient/.lake/build/lib/lean:/workspace/as-ginzburg-lean/.lake/packages/plausible/.lake/build/lib/lean:/workspace/as-ginzburg-lean/.lake/packages/mathlib/.lake/build/lib/lean:/workspace/as-ginzburg-lean/.lake/build/lib/lean /workspace/as-ginzburg-lean/work/lean-upgrade/lean-4.34.1-linux/bin/lean /workspace/as-ginzburg-lean/ASGinzburg/ASResolutionComplexMinimality.lean -o /workspace/as-ginzburg-lean/.lake/build/lib/lean/ASGinzburg/ASResolutionComplexMinimality.olean -i /workspace/as-ginzburg-lean/.lake/build/lib/lean/ASGinzburg/ASResolutionComplexMinimality.ilean -c /workspace/as-ginzburg-lean/.lake/build/ir/ASGinzburg/ASResolutionComplexMinimality.c --setup /workspace/as-ginzburg-lean/.lake/build/ir/ASGinzburg/ASResolutionComplexMinimality.setup.json --json
error: ASGinzburg/ASResolutionComplexMinimality.lean:14:6: Tactic `rewrite` failed: Did not find an occurrence of the pattern
  ChainComplex.of.d ?X ?d (?j + 1) ?j
in the target expression
  A.IsMinimalMorphism ((ChainComplex.of R.complexTerm R.complexDifferential ⋯).d (n + 1) n)

k : Type u
inst✝ : Field k
A : ZAlgebra k
Q : CutQuiver
x : Q.LiftVertex
R : A.ASResolution Q x
n : ℕ
⊢ A.IsMinimalMorphism ((ChainComplex.of R.complexTerm R.complexDifferential ⋯).d (n + 1) n)
⚠ [3701/4422] Replayed ASGinzburg.DirectSumRangeGrading
warning: ASGinzburg/DirectSumRangeGrading.lean:59:0: Definition `ASGinzburg.directSumRangeGradeDecomposition` of class type is semireducible. Most type class instances should be instance-reducible, so consider marking this
definition with `@[instance_reducible]`. If it is intentionally semireducible, this warning can be disabled with `set_option warn.classDefReducibility false`.
⚠ [3702/4422] Replayed ASGinzburg.SingleDegreeGrading
warning: ASGinzburg/SingleDegreeGrading.lean:52:0: Definition `ASGinzburg.singleDegreeGradeDecomposition` of class type is semireducible. Most type class instances should be instance-reducible, so consider marking this
definition with `@[instance_reducible]`. If it is intentionally semireducible, this warning can be disabled with `set_option warn.classDefReducibility false`.
⚠ [3703/4422] Replayed ASGinzburg.AlgebraEnvelopingRegularModule
warning: ASGinzburg/AlgebraEnvelopingRegularModule.lean:51:0: Definition `ASGinzburg.regularEnvelopingModule` of class type is semireducible. Most type class instances should be instance-reducible, so consider marking this
definition with `@[instance_reducible]`. If it is intentionally semireducible, this warning can be disabled with `set_option warn.classDefReducibility false`.
warning: ASGinzburg/AlgebraEnvelopingRegularModule.lean:61:2: Try this: 
  letI̵

The goal is a proposition, so `let` is preferred over `letI`.
The difference between `let` and `letI` is that `letI` inlines the value.
But this is not relevant for proofs because of proof irrelevance.

Note: This linter can be disabled with `set_option linter.style.haveILetI false`
⚠ [3704/4422] Replayed ASGinzburg.AlgebraEnvelopingBimoduleMaps
warning: ASGinzburg/AlgebraEnvelopingBimoduleMaps.lean:15:0: Definition `ASGinzburg.bimoduleEnvelopingModule` of class type is semireducible. Most type class instances should be instance-reducible, so consider marking this
definition with `@[instance_reducible]`. If it is intentionally semireducible, this warning can be disabled with `set_option warn.classDefReducibility false`.
warning: ASGinzburg/AlgebraEnvelopingBimoduleMaps.lean:21:2: Try this: 
  letI̵

The goal is a proposition, so `let` is preferred over `letI`.
The difference between `let` and `letI` is that `letI` inlines the value.
But this is not relevant for proofs because of proof irrelevance.

Note: This linter can be disabled with `set_option linter.style.haveILetI false`
warning: ASGinzburg/AlgebraEnvelopingBimoduleMaps.lean:28:2: Try this: 
  letI̵

The goal is a proposition, so `let` is preferred over `letI`.
The difference between `let` and `letI` is that `letI` inlines the value.
But this is not relevant for proofs because of proof irrelevance.

Note: This linter can be disabled with `set_option linter.style.haveILetI false`
warning: ASGinzburg/AlgebraEnvelopingBimoduleMaps.lean:78:2: Try this: 
  letI̵

The goal is a proposition, so `let` is preferred over `letI`.
The difference between `let` and `letI` is that `letI` inlines the value.
But this is not relevant for proofs because of proof irrelevance.

Note: This linter can be disabled with `set_option linter.style.haveILetI false`
warning: ASGinzburg/AlgebraEnvelopingBimoduleMaps.lean:79:2: Try this: 
  letI̵

The goal is a proposition, so `let` is preferred over `letI`.
The difference between `let` and `letI` is that `letI` inlines the value.
But this is not relevant for proofs because of proof irrelevance.

Note: This linter can be disabled with `set_option linter.style.haveILetI false`
⚠ [3705/4422] Replayed ASGinzburg.AlgebraEnvelopingScalars
warning: ASGinzburg/AlgebraEnvelopingScalars.lean:11:2: Try this: 
  letI̵

The goal is a proposition, so `let` is preferred over `letI`.
The difference between `let` and `letI` is that `letI` inlines the value.
But this is not relevant for proofs because of proof irrelevance.

Note: This linter can be disabled with `set_option linter.style.haveILetI false`
warning: ASGinzburg/AlgebraEnvelopingScalars.lean:8:0: Definition `ASGinzburg.regularEnvelopingScalarTower` of class type is semireducible. Most type class instances should be instance-reducible, so consider marking this
definition with `@[instance_reducible]`. If it is intentionally semireducible, this warning can be disabled with `set_option warn.classDefReducibility false`.
warning: ASGinzburg/AlgebraEnvelopingScalars.lean:8:0: Definition `regularEnvelopingScalarTower` is a proposition; use `theorem` instead of `def`

Note: This linter can be disabled with `set_option linter.defProp false`
warning: ASGinzburg/AlgebraEnvelopingScalars.lean:21:2: Try this: 
  letI̵

The goal is a proposition, so `let` is preferred over `letI`.
The difference between `let` and `letI` is that `letI` inlines the value.
But this is not relevant for proofs because of proof irrelevance.

Note: This linter can be disabled with `set_option linter.style.haveILetI false`
warning: ASGinzburg/AlgebraEnvelopingScalars.lean:18:0: Definition `ASGinzburg.regularEnvelopingScalarComm` of class type is semireducible. Most type class instances should be instance-reducible, so consider marking this
definition with `@[instance_reducible]`. If it is intentionally semireducible, this warning can be disabled with `set_option warn.classDefReducibility false`.
warning: ASGinzburg/AlgebraEnvelopingScalars.lean:18:0: Definition `regularEnvelopingScalarComm` is a proposition; use `theorem` instead of `def`

Note: This linter can be disabled with `set_option linter.defProp false`
warning: ASGinzburg/AlgebraEnvelopingScalars.lean:29:2: Try this: 
  letI̵

The goal is a proposition, so `let` is preferred over `letI`.
The difference between `let` and `letI` is that `letI` inlines the value.
But this is not relevant for proofs because of proof irrelevance.

Note: This linter can be disabled with `set_option linter.style.haveILetI false`
warning: ASGinzburg/AlgebraEnvelopingScalars.lean:30:2: Try this: 
  letI̵

The goal is a proposition, so `let` is preferred over `letI`.
The difference between `let` and `letI` is that `letI` inlines the value.
But this is not relevant for proofs because of proof irrelevance.

Note: This linter can be disabled with `set_option linter.style.haveILetI false`
⚠ [3707/4422] Replayed ASGinzburg.AlgebraEnvelopingTensorRightModule
warning: ASGinzburg/AlgebraEnvelopingTensorRightModule.lean:28:0: Definition `ASGinzburg.tensorRightEnvelopingModule` of class type is semireducible. Most type class instances should be instance-reducible, so consider marking this
definition with `@[instance_reducible]`. If it is intentionally semireducible, this warning can be disabled with `set_option warn.classDefReducibility false`.
warning: ASGinzburg/AlgebraEnvelopingTensorRightModule.lean:36:2: Try this: 
  letI̵

The goal is a proposition, so `let` is preferred over `letI`.
The difference between `let` and `letI` is that `letI` inlines the value.
But this is not relevant for proofs because of proof irrelevance.

Note: This linter can be disabled with `set_option linter.style.haveILetI false`
warning: ASGinzburg/AlgebraEnvelopingTensorRightModule.lean:42:2: Try this: 
  letI̵

The goal is a proposition, so `let` is preferred over `letI`.
The difference between `let` and `letI` is that `letI` inlines the value.
But this is not relevant for proofs because of proof irrelevance.

Note: This linter can be disabled with `set_option linter.style.haveILetI false`
warning: ASGinzburg/AlgebraEnvelopingTensorRightModule.lean:39:0: Definition `ASGinzburg.tensorRightEnvelopingScalarTower` of class type is semireducible. Most type class instances should be instance-reducible, so consider marking this
definition with `@[instance_reducible]`. If it is intentionally semireducible, this warning can be disabled with `set_option warn.classDefReducibility false`.
warning: ASGinzburg/AlgebraEnvelopingTensorRightModule.lean:39:0: Definition `tensorRightEnvelopingScalarTower` is a proposition; use `theorem` instead of `def`

Note: This linter can be disabled with `set_option linter.defProp false`
warning: ASGinzburg/AlgebraEnvelopingTensorRightModule.lean:52:2: Try this: 
  letI̵

The goal is a proposition, so `let` is preferred over `letI`.
The difference between `let` and `letI` is that `letI` inlines the value.
But this is not relevant for proofs because of proof irrelevance.

Note: This linter can be disabled with `set_option linter.style.haveILetI false`
warning: ASGinzburg/AlgebraEnvelopingTensorRightModule.lean:49:0: Definition `ASGinzburg.tensorRightEnvelopingScalarComm` of class type is semireducible. Most type class instances should be instance-reducible, so consider marking this
definition with `@[instance_reducible]`. If it is intentionally semireducible, this warning can be disabled with `set_option warn.classDefReducibility false`.
warning: ASGinzburg/AlgebraEnvelopingTensorRightModule.lean:49:0: Definition `tensorRightEnvelopingScalarComm` is a proposition; use `theorem` instead of `def`

Note: This linter can be disabled with `set_option linter.defProp false`
⚠ [3708/4422] Replayed ASGinzburg.AlgebraEnvelopingTensorRightMaps
warning: ASGinzburg/AlgebraEnvelopingTensorRightMaps.lean:18:17: Definition `ASGinzburg.tensorRightEnvelopingModule` of class type is semireducible. Most type class instances should be instance-reducible, so consider marking this
definition with `@[instance_reducible]`. If it is intentionally semireducible, this warning can be disabled with `set_option warn.classDefReducibility false`.
⚠ [3711/4422] Replayed ASGinzburg.BalancedTensorUniversal
warning: ASGinzburg/BalancedTensorUniversal.lean:17:9: `TensorProduct.induction_on` has been deprecated: Use `TensorProduction.inductionOn` instead
warning: ASGinzburg/BalancedTensorUniversal.lean:31:4: Unused tactic linter: `change f 0 = g 0` does nothing

Note: This linter can be disabled with `set_option linter.unusedTactic false`
warning: ASGinzburg/BalancedTensorUniversal.lean:34:4: Unused tactic linter: `change f (a + b) = g (a + b)` does nothing

Note: This linter can be disabled with `set_option linter.unusedTactic false`
⚠ [3717/4422] Replayed ASGinzburg.BalancedTensorEnvelopingComparison
warning: ASGinzburg/BalancedTensorEnvelopingComparison.lean:16:17: Definition `ASGinzburg.tensorRightEnvelopingModule` of class type is semireducible. Most type class instances should be instance-reducible, so consider marking this
definition with `@[instance_reducible]`. If it is intentionally semireducible, this warning can be disabled with `set_option warn.classDefReducibility false`.
warning: ASGinzburg/BalancedTensorEnvelopingComparison.lean:16:17: Definition `ASGinzburg.regularEnvelopingModule` of class type is semireducible. Most type class instances should be instance-reducible, so consider marking this
definition with `@[instance_reducible]`. If it is intentionally semireducible, this warning can be disabled with `set_option warn.classDefReducibility false`.
warning: ASGinzburg/BalancedTensorEnvelopingComparison.lean:138:6: Unused tactic linter: `change
  balancedTensorEnvelopingComparisonMap k R M N (balancedTensorEnvelopingComparisonInverse k R M N 0) = 0` does nothing

Note: This linter can be disabled with `set_option linter.unusedTactic false`
⚠ [3719/4422] Replayed ASGinzburg.BalancedTensorEnvelopingNaturality
warning: ASGinzburg/BalancedTensorEnvelopingNaturality.lean:20:17: Definition `ASGinzburg.tensorRightEnvelopingModule` of class type is semireducible. Most type class instances should be instance-reducible, so consider marking this
definition with `@[instance_reducible]`. If it is intentionally semireducible, this warning can be disabled with `set_option warn.classDefReducibility false`.
warning: ASGinzburg/BalancedTensorEnvelopingNaturality.lean:20:17: Definition `ASGinzburg.regularEnvelopingModule` of class type is semireducible. Most type class instances should be instance-reducible, so consider marking this
definition with `@[instance_reducible]`. If it is intentionally semireducible, this warning can be disabled with `set_option warn.classDefReducibility false`.
warning: ASGinzburg/BalancedTensorEnvelopingNaturality.lean:20:17: Definition `ASGinzburg.tensorRightEnvelopingScalarTower` of class type is semireducible. Most type class instances should be instance-reducible, so consider marking this
definition with `@[instance_reducible]`. If it is intentionally semireducible, this warning can be disabled with `set_option warn.classDefReducibility false`.
⚠ [3721/4422] Replayed ASGinzburg.BalancedTensorSwap
warning: ASGinzburg/BalancedTensorSwap.lean:13:0: Definition `ASGinzburg.balancedTensorDoubleOppositeModule` of class type is semireducible. Most type class instances should be instance-reducible, so consider marking this
definition with `@[instance_reducible]`. If it is intentionally semireducible, this warning can be disabled with `set_option warn.classDefReducibility false`.
warning: ASGinzburg/BalancedTensorSwap.lean:40:2: Try this: 
  letI̵

The goal is a proposition, so `let` is preferred over `letI`.
The difference between `let` and `letI` is that `letI` inlines the value.
But this is not relevant for proofs because of proof irrelevance.

Note: This linter can be disabled with `set_option linter.style.haveILetI false`
warning: ASGinzburg/BalancedTensorSwap.lean:58:2: Try this: 
  letI̵

The goal is a proposition, so `let` is preferred over `letI`.
The difference between `let` and `letI` is that `letI` inlines the value.
But this is not relevant for proofs because of proof irrelevance.

Note: This linter can be disabled with `set_option linter.style.haveILetI false`
warning: ASGinzburg/BalancedTensorSwap.lean:76:4: Try this: 
  letI̵

The goal is a proposition, so `let` is preferred over `letI`.
The difference between `let` and `letI` is that `letI` inlines the value.
But this is not relevant for proofs because of proof irrelevance.

Note: This linter can be disabled with `set_option linter.style.haveILetI false`
⚠ [3722/4422] Replayed ASGinzburg.BalancedTensorSwapNaturality
warning: ASGinzburg/BalancedTensorSwapNaturality.lean:19:2: Try this: 
  letI̵

The goal is a proposition, so `let` is preferred over `letI`.
The difference between `let` and `letI` is that `letI` inlines the value.
But this is not relevant for proofs because of proof irrelevance.

Note: This linter can be disabled with `set_option linter.style.haveILetI false`
warning: ASGinzburg/BalancedTensorSwapNaturality.lean:16:0: Definition `ASGinzburg.balancedTensorDoubleOppositeIsScalarTower` of class type is semireducible. Most type class instances should be instance-reducible, so consider marking this
definition with `@[instance_reducible]`. If it is intentionally semireducible, this warning can be disabled with `set_option warn.classDefReducibility false`.
warning: ASGinzburg/BalancedTensorSwapNaturality.lean:16:0: Definition `balancedTensorDoubleOppositeIsScalarTower` is a proposition; use `theorem` instead of `def`

Note: This linter can be disabled with `set_option linter.defProp false`
warning: ASGinzburg/BalancedTensorSwapNaturality.lean:35:2: Try this: 
  letI̵

The goal is a proposition, so `let` is preferred over `letI`.
The difference between `let` and `letI` is that `letI` inlines the value.
But this is not relevant for proofs because of proof irrelevance.

Note: This linter can be disabled with `set_option linter.style.haveILetI false`
⚠ [3723/4422] Replayed ASGinzburg.BalancedTensorLeftUnit
warning: ASGinzburg/BalancedTensorLeftUnit.lean:27:6: Unused tactic linter: `change balancedTensorLeftUnitInverse k R N (balancedTensorLeftUnitMap k R N 0) = 0` does nothing

Note: This linter can be disabled with `set_option linter.unusedTactic false`
⚠ [3728/4422] Replayed ASGinzburg.FiniteBiproductProjectiveDimension
warning: ASGinzburg/FiniteBiproductProjectiveDimension.lean:14:2: Try this: 
  letI̵

The goal is a proposition, so `let` is preferred over `letI`.
The difference between `let` and `letI` is that `letI` inlines the value.
But this is not relevant for proofs because of proof irrelevance.

Note: This linter can be disabled with `set_option linter.style.haveILetI false`
⚠ [3737/4422] Replayed ASGinzburg.ScalarQuotientProjectiveDimension
warning: ASGinzburg/ScalarQuotientProjectiveDimension.lean:26:2: Try this: 
  letI̵

The goal is a proposition, so `let` is preferred over `letI`.
The difference between `let` and `letI` is that `letI` inlines the value.
But this is not relevant for proofs because of proof irrelevance.

Note: This linter can be disabled with `set_option linter.style.haveILetI false`
⚠ [3741/4422] Replayed ASGinzburg.RightModuleBoundedNakayama
warning: ASGinzburg/RightModuleBoundedNakayama.lean:50:6: Try this: 
  letI̵

The goal is a proposition, so `let` is preferred over `letI`.
The difference between `let` and `letI` is that `letI` inlines the value.
But this is not relevant for proofs because of proof irrelevance.

Note: This linter can be disabled with `set_option linter.style.haveILetI false`
⚠ [3746/4422] Replayed ASGinzburg.AlgebraEnvelopingModuleRestrictions
warning: ASGinzburg/AlgebraEnvelopingModuleRestrictions.lean:13:0: Definition `ASGinzburg.envelopingLeftModule` of class type is semireducible. Most type class instances should be instance-reducible, so consider marking this
definition with `@[instance_reducible]`. If it is intentionally semireducible, this warning can be disabled with `set_option warn.classDefReducibility false`.
warning: ASGinzburg/AlgebraEnvelopingModuleRestrictions.lean:16:0: Definition `ASGinzburg.envelopingRightModule` of class type is semireducible. Most type class instances should be instance-reducible, so consider marking this
definition with `@[instance_reducible]`. If it is intentionally semireducible, this warning can be disabled with `set_option warn.classDefReducibility false`.
warning: ASGinzburg/AlgebraEnvelopingModuleRestrictions.lean:22:2: Try this: 
  letI̵

The goal is a proposition, so `let` is preferred over `letI`.
The difference between `let` and `letI` is that `letI` inlines the value.
But this is not relevant for proofs because of proof irrelevance.

Note: This linter can be disabled with `set_option linter.style.haveILetI false`
warning: ASGinzburg/AlgebraEnvelopingModuleRestrictions.lean:19:0: Definition `ASGinzburg.envelopingLeftScalarTower` of class type is semireducible. Most type class instances should be instance-reducible, so consider marking this
definition with `@[instance_reducible]`. If it is intentionally semireducible, this warning can be disabled with `set_option warn.classDefReducibility false`.
warning: ASGinzburg/AlgebraEnvelopingModuleRestrictions.lean:19:0: Definition `envelopingLeftScalarTower` is a proposition; use `theorem` instead of `def`

Note: This linter can be disabled with `set_option linter.defProp false`
warning: ASGinzburg/AlgebraEnvelopingModuleRestrictions.lean:33:2: Try this: 
  letI̵

The goal is a proposition, so `let` is preferred over `letI`.
The difference between `let` and `letI` is that `letI` inlines the value.
But this is not relevant for proofs because of proof irrelevance.

Note: This linter can be disabled with `set_option linter.style.haveILetI false`
warning: ASGinzburg/AlgebraEnvelopingModuleRestrictions.lean:30:0: Definition `ASGinzburg.envelopingRightScalarTower` of class type is semireducible. Most type class instances should be instance-reducible, so consider marking this
definition with `@[instance_reducible]`. If it is intentionally semireducible, this warning can be disabled with `set_option warn.classDefReducibility false`.
warning: ASGinzburg/AlgebraEnvelopingModuleRestrictions.lean:30:0: Definition `envelopingRightScalarTower` is a proposition; use `theorem` instead of `def`

Note: This linter can be disabled with `set_option linter.defProp false`
warning: ASGinzburg/AlgebraEnvelopingModuleRestrictions.lean:45:2: Try this: 
  letI̵

The goal is a proposition, so `let` is preferred over `letI`.
The difference between `let` and `letI` is that `letI` inlines the value.
But this is not relevant for proofs because of proof irrelevance.

Note: This linter can be disabled with `set_option linter.style.haveILetI false`
warning: ASGinzburg/AlgebraEnvelopingModuleRestrictions.lean:46:2: Try this: 
  letI̵

The goal is a proposition, so `let` is preferred over `letI`.
The difference between `let` and `letI` is that `letI` inlines the value.
But this is not relevant for proofs because of proof irrelevance.

Note: This linter can be disabled with `set_option linter.style.haveILetI false`
warning: ASGinzburg/AlgebraEnvelopingModuleRestrictions.lean:41:0: Definition `ASGinzburg.envelopingActionsCommute` of class type is semireducible. Most type class instances should be instance-reducible, so consider marking this
definition with `@[instance_reducible]`. If it is intentionally semireducible, this warning can be disabled with `set_option warn.classDefReducibility false`.
warning: ASGinzburg/AlgebraEnvelopingModuleRestrictions.lean:41:0: Definition `envelopingActionsCommute` is a proposition; use `theorem` instead of `def`

Note: This linter can be disabled with `set_option linter.defProp false`
⚠ [3747/4422] Replayed ASGinzburg.EnvelopingBalancedTensorHom
warning: ASGinzburg/EnvelopingBalancedTensorHom.lean:16:0: Definition `ASGinzburg.envelopingBalancedTensorHomRightModule` of class type is semireducible. Most type class instances should be instance-reducible, so consider marking this
definition with `@[instance_reducible]`. If it is intentionally semireducible, this warning can be disabled with `set_option warn.classDefReducibility false`.
warning: ASGinzburg/EnvelopingBalancedTensorHom.lean:23:2: Try this: 
  letI̵

The goal is a proposition, so `let` is preferred over `letI`.
The difference between `let` and `letI` is that `letI` inlines the value.
But this is not relevant for proofs because of proof irrelevance.

Note: This linter can be disabled with `set_option linter.style.haveILetI false`
warning: ASGinzburg/EnvelopingBalancedTensorHom.lean:20:0: Definition `ASGinzburg.envelopingBalancedTensorHomRightScalarTower` of class type is semireducible. Most type class instances should be instance-reducible, so consider marking this
definition with `@[instance_reducible]`. If it is intentionally semireducible, this warning can be disabled with `set_option warn.classDefReducibility false`.
warning: ASGinzburg/EnvelopingBalancedTensorHom.lean:20:0: Definition `envelopingBalancedTensorHomRightScalarTower` is a proposition; use `theorem` instead of `def`

Note: This linter can be disabled with `set_option linter.defProp false`
warning: ASGinzburg/EnvelopingBalancedTensorHom.lean:29:2: Try this: 
  letI̵

The goal is a proposition, so `let` is preferred over `letI`.
The difference between `let` and `letI` is that `letI` inlines the value.
But this is not relevant for proofs because of proof irrelevance.

Note: This linter can be disabled with `set_option linter.style.haveILetI false`
warning: ASGinzburg/EnvelopingBalancedTensorHom.lean:26:0: Definition `ASGinzburg.envelopingBalancedTensorHomActionsCommute` of class type is semireducible. Most type class instances should be instance-reducible, so consider marking this
definition with `@[instance_reducible]`. If it is intentionally semireducible, this warning can be disabled with `set_option warn.classDefReducibility false`.
warning: ASGinzburg/EnvelopingBalancedTensorHom.lean:26:0: Definition `envelopingBalancedTensorHomActionsCommute` is a proposition; use `theorem` instead of `def`

Note: This linter can be disabled with `set_option linter.defProp false`
warning: ASGinzburg/EnvelopingBalancedTensorHom.lean:36:0: Definition `ASGinzburg.envelopingBalancedTensorHomModule` of class type is semireducible. Most type class instances should be instance-reducible, so consider marking this
definition with `@[instance_reducible]`. If it is intentionally semireducible, this warning can be disabled with `set_option warn.classDefReducibility false`.
warning: ASGinzburg/EnvelopingBalancedTensorHom.lean:56:2: Try this: 
  letI̵

The goal is a proposition, so `let` is preferred over `letI`.
The difference between `let` and `letI` is that `letI` inlines the value.
But this is not relevant for proofs because of proof irrelevance.

Note: This linter can be disabled with `set_option linter.style.haveILetI false`
warning: ASGinzburg/EnvelopingBalancedTensorHom.lean:57:2: Try this: 
  letI̵

The goal is a proposition, so `let` is preferred over `letI`.
The difference between `let` and `letI` is that `letI` inlines the value.
But this is not relevant for proofs because of proof irrelevance.

Note: This linter can be disabled with `set_option linter.style.haveILetI false`
⚠ [3748/4422] Replayed ASGinzburg.EnvelopingBalancedTensorRightAction
warning: ASGinzburg/EnvelopingBalancedTensorRightAction.lean:60:0: Definition `ASGinzburg.envelopingBalancedTensorRightModule` of class type is semireducible. Most type class instances should be instance-reducible, so consider marking this
definition with `@[instance_reducible]`. If it is intentionally semireducible, this warning can be disabled with `set_option warn.classDefReducibility false`.
warning: ASGinzburg/EnvelopingBalancedTensorRightAction.lean:69:2: Try this: 
  letI̵

The goal is a proposition, so `let` is preferred over `letI`.
The difference between `let` and `letI` is that `letI` inlines the value.
But this is not relevant for proofs because of proof irrelevance.

Note: This linter can be disabled with `set_option linter.style.haveILetI false`
warning: ASGinzburg/EnvelopingBalancedTensorRightAction.lean:70:2: Try this: 
  letI̵

The goal is a proposition, so `let` is preferred over `letI`.
The difference between `let` and `letI` is that `letI` inlines the value.
But this is not relevant for proofs because of proof irrelevance.

Note: This linter can be disabled with `set_option linter.style.haveILetI false`
warning: ASGinzburg/EnvelopingBalancedTensorRightAction.lean:71:2: Try this: 
  letI̵

The goal is a proposition, so `let` is preferred over `letI`.
The difference between `let` and `letI` is that `letI` inlines the value.
But this is not relevant for proofs because of proof irrelevance.

Note: This linter can be disabled with `set_option linter.style.haveILetI false`
warning: ASGinzburg/EnvelopingBalancedTensorRightAction.lean:72:2: Try this: 
  letI̵

The goal is a proposition, so `let` is preferred over `letI`.
The difference between `let` and `letI` is that `letI` inlines the value.
But this is not relevant for proofs because of proof irrelevance.

Note: This linter can be disabled with `set_option linter.style.haveILetI false`
⚠ [3749/4422] Replayed ASGinzburg.AlgebraEnvelopingRestrictedProjective
warning: ASGinzburg/AlgebraEnvelopingRestrictedProjective.lean:43:2: Try this: 
  letI̵

The goal is a proposition, so `let` is preferred over `letI`.
The difference between `let` and `letI` is that `letI` inlines the value.
But this is not relevant for proofs because of proof irrelevance.

Note: This linter can be disabled with `set_option linter.style.haveILetI false`
warning: ASGinzburg/AlgebraEnvelopingRestrictedProjective.lean:44:2: Try this: 
  letI̵

The goal is a proposition, so `let` is preferred over `letI`.
The difference between `let` and `letI` is that `letI` inlines the value.
But this is not relevant for proofs because of proof irrelevance.

Note: This linter can be disabled with `set_option linter.style.haveILetI false`
warning: ASGinzburg/AlgebraEnvelopingRestrictedProjective.lean:45:2: Try this: 
  haveI̵

The goal is a proposition, so `have` is preferred over `haveI`.
The difference between `have` and `haveI` is that `haveI` inlines the value.
But this is not relevant for proofs because of proof irrelevance.

Note: This linter can be disabled with `set_option linter.style.haveILetI false`
⚠ [3750/4422] Replayed ASGinzburg.ModuleCatRestrictionHomology
warning: ASGinzburg/ModuleCatRestrictionHomology.lean:13:0: Definition `ASGinzburg.moduleCatRestrictionPreservesHomology` of class type is semireducible. Most type class instances should be instance-reducible, so consider marking this
definition with `@[instance_reducible]`. If it is intentionally semireducible, this warning can be disabled with `set_option warn.classDefReducibility false`.
warning: ASGinzburg/ModuleCatRestrictionHomology.lean:13:0: Definition `moduleCatRestrictionPreservesHomology` is a proposition; use `theorem` instead of `def`

Note: This linter can be disabled with `set_option linter.defProp false`
warning: ASGinzburg/ModuleCatRestrictionHomology.lean:20:0: Definition `ASGinzburg.moduleCatRestrictionReflectsIsomorphisms` of class type is semireducible. Most type class instances should be instance-reducible, so consider marking this
definition with `@[instance_reducible]`. If it is intentionally semireducible, this warning can be disabled with `set_option warn.classDefReducibility false`.
warning: ASGinzburg/ModuleCatRestrictionHomology.lean:20:0: Definition `moduleCatRestrictionReflectsIsomorphisms` is a proposition; use `theorem` instead of `def`

Note: This linter can be disabled with `set_option linter.defProp false`
⚠ [3753/4422] Replayed ASGinzburg.FiniteBiproductProjectiveResolution
warning: ASGinzburg/FiniteBiproductProjectiveResolution.lean:62:2: Try this: 
  haveI̵

The goal is a proposition, so `have` is preferred over `haveI`.
The difference between `have` and `haveI` is that `haveI` inlines the value.
But this is not relevant for proofs because of proof irrelevance.

Note: This linter can be disabled with `set_option linter.style.haveILetI false`
warning: ASGinzburg/FiniteBiproductProjectiveResolution.lean:67:2: Try this: 
  haveI̵

The goal is a proposition, so `have` is preferred over `haveI`.
The difference between `have` and `haveI` is that `haveI` inlines the value.
But this is not relevant for proofs because of proof irrelevance.

Note: This linter can be disabled with `set_option linter.style.haveILetI false`
warning: ASGinzburg/FiniteBiproductProjectiveResolution.lean:85:4: Try this: 
  haveI̵

The goal is a proposition, so `have` is preferred over `haveI`.
The difference between `have` and `haveI` is that `haveI` inlines the value.
But this is not relevant for proofs because of proof irrelevance.

Note: This linter can be disabled with `set_option linter.style.haveILetI false`
warning: ASGinzburg/FiniteBiproductProjectiveResolution.lean:90:4: Try this: 
  letI̵

The goal is a proposition, so `let` is preferred over `letI`.
The difference between `let` and `letI` is that `letI` inlines the value.
But this is not relevant for proofs because of proof irrelevance.

Note: This linter can be disabled with `set_option linter.style.haveILetI false`
warning: ASGinzburg/FiniteBiproductProjectiveResolution.lean:127:2: Try this: 
  letI̵

The goal is a proposition, so `let` is preferred over `letI`.
The difference between `let` and `letI` is that `letI` inlines the value.
But this is not relevant for proofs because of proof irrelevance.

Note: This linter can be disabled with `set_option linter.style.haveILetI false`
⚠ [3754/4422] Replayed ASGinzburg.AlgebraEnvelopingRegularFinite
warning: ASGinzburg/AlgebraEnvelopingRegularFinite.lean:26:2: Try this: 
  letI̵

The goal is a proposition, so `let` is preferred over `letI`.
The difference between `let` and `letI` is that `letI` inlines the value.
But this is not relevant for proofs because of proof irrelevance.

Note: This linter can be disabled with `set_option linter.style.haveILetI false`
⚠ [3755/4422] Replayed ASGinzburg.ModuleCatFiniteCoproduct
warning: ASGinzburg/ModuleCatFiniteCoproduct.lean:21:2: Try this: 
  letI̵

The goal is a proposition, so `let` is preferred over `letI`.
The difference between `let` and `letI` is that `letI` inlines the value.
But this is not relevant for proofs because of proof irrelevance.

Note: This linter can be disabled with `set_option linter.style.haveILetI false`
⚠ [3756/4422] Replayed ASGinzburg.AlgebraEnvelopingTensorRegularFree
warning: ASGinzburg/AlgebraEnvelopingTensorRegularFree.lean:11:17: Definition `ASGinzburg.tensorRightEnvelopingModule` of class type is semireducible. Most type class instances should be instance-reducible, so consider marking this
definition with `@[instance_reducible]`. If it is intentionally semireducible, this warning can be disabled with `set_option warn.classDefReducibility false`.
warning: ASGinzburg/AlgebraEnvelopingTensorRegularFree.lean:64:2: Try this: 
  letI̵

The goal is a proposition, so `let` is preferred over `letI`.
The difference between `let` and `letI` is that `letI` inlines the value.
But this is not relevant for proofs because of proof irrelevance.

Note: This linter can be disabled with `set_option linter.style.haveILetI false`
⚠ [3757/4422] Replayed ASGinzburg.AlgebraEnvelopingTensorBifunctor
warning: ASGinzburg/AlgebraEnvelopingTensorBifunctor.lean:13:17: Definition `ASGinzburg.tensorRightEnvelopingModule` of class type is semireducible. Most type class instances should be instance-reducible, so consider marking this
definition with `@[instance_reducible]`. If it is intentionally semireducible, this warning can be disabled with `set_option warn.classDefReducibility false`.
⚠ [3969/4703] Replayed ASGinzburg.BalancedTensorLeftAdjunction
warning: ASGinzburg/BalancedTensorLeftAdjunction.lean:29:2: Try this: 
  letI̵

The goal is a proposition, so `let` is preferred over `letI`.
The difference between `let` and `letI` is that `letI` inlines the value.
But this is not relevant for proofs because of proof irrelevance.

Note: This linter can be disabled with `set_option linter.style.haveILetI false`
warning: ASGinzburg/BalancedTensorLeftAdjunction.lean:30:2: Try this: 
  letI̵

The goal is a proposition, so `let` is preferred over `letI`.
The difference between `let` and `letI` is that `letI` inlines the value.
But this is not relevant for proofs because of proof irrelevance.

Note: This linter can be disabled with `set_option linter.style.haveILetI false`
warning: ASGinzburg/BalancedTensorLeftAdjunction.lean:31:2: Try this: 
  letI̵

The goal is a proposition, so `let` is preferred over `letI`.
The difference between `let` and `letI` is that `letI` inlines the value.
But this is not relevant for proofs because of proof irrelevance.

Note: This linter can be disabled with `set_option linter.style.haveILetI false`
⚠ [3974/4703] Replayed ASGinzburg.ScalarProductSeparability
warning: ASGinzburg/ScalarProductSeparability.lean:36:0: Definition `ASGinzburg.scalarProductEnvelopingModule` of class type is semireducible. Most type class instances should be instance-reducible, so consider marking this
definition with `@[instance_reducible]`. If it is intentionally semireducible, this warning can be disabled with `set_option warn.classDefReducibility false`.
warning: ASGinzburg/ScalarProductSeparability.lean:43:2: Try this: 
  letI̵

The goal is a proposition, so `let` is preferred over `letI`.
The difference between `let` and `letI` is that `letI` inlines the value.
But this is not relevant for proofs because of proof irrelevance.

Note: This linter can be disabled with `set_option linter.style.haveILetI false`
⚠ [3977/4703] Replayed ASGinzburg.EnvelopingBalancedTensorRightMaps
warning: ASGinzburg/EnvelopingBalancedTensorRightMaps.lean:19:2: Try this: 
  letI̵

The goal is a proposition, so `let` is preferred over `letI`.
The difference between `let` and `letI` is that `letI` inlines the value.
But this is not relevant for proofs because of proof irrelevance.

Note: This linter can be disabled with `set_option linter.style.haveILetI false`
warning: ASGinzburg/EnvelopingBalancedTensorRightMaps.lean:20:2: Try this: 
  letI̵

The goal is a proposition, so `let` is preferred over `letI`.
The difference between `let` and `letI` is that `letI` inlines the value.
But this is not relevant for proofs because of proof irrelevance.

Note: This linter can be disabled with `set_option linter.style.haveILetI false`
warning: ASGinzburg/EnvelopingBalancedTensorRightMaps.lean:21:2: Try this: 
  letI̵

The goal is a proposition, so `let` is preferred over `letI`.
The difference between `let` and `letI` is that `letI` inlines the value.
But this is not relevant for proofs because of proof irrelevance.

Note: This linter can be disabled with `set_option linter.style.haveILetI false`
warning: ASGinzburg/EnvelopingBalancedTensorRightMaps.lean:22:2: Try this: 
  letI̵

The goal is a proposition, so `let` is preferred over `letI`.
The difference between `let` and `letI` is that `letI` inlines the value.
But this is not relevant for proofs because of proof irrelevance.

Note: This linter can be disabled with `set_option linter.style.haveILetI false`
warning: ASGinzburg/EnvelopingBalancedTensorRightMaps.lean:16:0: Definition `ASGinzburg.envelopingBalancedTensorRightScalarTower` of class type is semireducible. Most type class instances should be instance-reducible, so consider marking this
definition with `@[instance_reducible]`. If it is intentionally semireducible, this warning can be disabled with `set_option warn.classDefReducibility false`.
warning: ASGinzburg/EnvelopingBalancedTensorRightMaps.lean:16:0: Definition `envelopingBalancedTensorRightScalarTower` is a proposition; use `theorem` instead of `def`

Note: This linter can be disabled with `set_option linter.defProp false`
warning: ASGinzburg/EnvelopingBalancedTensorRightMaps.lean:79:2: Try this: 
  letI̵

The goal is a proposition, so `let` is preferred over `letI`.
The difference between `let` and `letI` is that `letI` inlines the value.
But this is not relevant for proofs because of proof irrelevance.

Note: This linter can be disabled with `set_option linter.style.haveILetI false`
warning: ASGinzburg/EnvelopingBalancedTensorRightMaps.lean:80:2: Try this: 
  letI̵

The goal is a proposition, so `let` is preferred over `letI`.
The difference between `let` and `letI` is that `letI` inlines the value.
But this is not relevant for proofs because of proof irrelevance.

Note: This linter can be disabled with `set_option linter.style.haveILetI false`
warning: ASGinzburg/EnvelopingBalancedTensorRightMaps.lean:81:2: Try this: 
  letI̵

The goal is a proposition, so `let` is preferred over `letI`.
The difference between `let` and `letI` is that `letI` inlines the value.
But this is not relevant for proofs because of proof irrelevance.

Note: This linter can be disabled with `set_option linter.style.haveILetI false`
warning: ASGinzburg/EnvelopingBalancedTensorRightMaps.lean:82:2: Try this: 
  letI̵

The goal is a proposition, so `let` is preferred over `letI`.
The difference between `let` and `letI` is that `letI` inlines the value.
But this is not relevant for proofs because of proof irrelevance.

Note: This linter can be disabled with `set_option linter.style.haveILetI false`
warning: ASGinzburg/EnvelopingBalancedTensorRightMaps.lean:95:4: Try this: 
  letI̵

The goal is a proposition, so `let` is preferred over `letI`.
The difference between `let` and `letI` is that `letI` inlines the value.
But this is not relevant for proofs because of proof irrelevance.

Note: This linter can be disabled with `set_option linter.style.haveILetI false`
warning: ASGinzburg/EnvelopingBalancedTensorRightMaps.lean:99:4: Try this: 
  letI̵

The goal is a proposition, so `let` is preferred over `letI`.
The difference between `let` and `letI` is that `letI` inlines the value.
But this is not relevant for proofs because of proof irrelevance.

Note: This linter can be disabled with `set_option linter.style.haveILetI false`
warning: ASGinzburg/EnvelopingBalancedTensorRightMaps.lean:100:4: Try this: 
  letI̵

The goal is a proposition, so `let` is preferred over `letI`.
The difference between `let` and `letI` is that `letI` inlines the value.
But this is not relevant for proofs because of proof irrelevance.

Note: This linter can be disabled with `set_option linter.style.haveILetI false`
warning: ASGinzburg/EnvelopingBalancedTensorRightMaps.lean:106:4: Try this: 
  letI̵

The goal is a proposition, so `let` is preferred over `letI`.
The difference between `let` and `letI` is that `letI` inlines the value.
But this is not relevant for proofs because of proof irrelevance.

Note: This linter can be disabled with `set_option linter.style.haveILetI false`
warning: ASGinzburg/EnvelopingBalancedTensorRightMaps.lean:107:4: Try this: 
  letI̵

The goal is a proposition, so `let` is preferred over `letI`.
The difference between `let` and `letI` is that `letI` inlines the value.
But this is not relevant for proofs because of proof irrelevance.

Note: This linter can be disabled with `set_option linter.style.haveILetI false`
warning: ASGinzburg/EnvelopingBalancedTensorRightMaps.lean:108:4: Try this: 
  letI̵

The goal is a proposition, so `let` is preferred over `letI`.
The difference between `let` and `letI` is that `letI` inlines the value.
But this is not relevant for proofs because of proof irrelevance.

Note: This linter can be disabled with `set_option linter.style.haveILetI false`
warning: ASGinzburg/EnvelopingBalancedTensorRightMaps.lean:112:4: Try this: 
  letI̵

The goal is a proposition, so `let` is preferred over `letI`.
The difference between `let` and `letI` is that `letI` inlines the value.
But this is not relevant for proofs because of proof irrelevance.

Note: This linter can be disabled with `set_option linter.style.haveILetI false`
warning: ASGinzburg/EnvelopingBalancedTensorRightMaps.lean:113:4: Try this: 
  letI̵

The goal is a proposition, so `let` is preferred over `letI`.
The difference between `let` and `letI` is that `letI` inlines the value.
But this is not relevant for proofs because of proof irrelevance.

Note: This linter can be disabled with `set_option linter.style.haveILetI false`
warning: ASGinzburg/EnvelopingBalancedTensorRightMaps.lean:114:4: Try this: 
  letI̵

The goal is a proposition, so `let` is preferred over `letI`.
The difference between `let` and `letI` is that `letI` inlines the value.
But this is not relevant for proofs because of proof irrelevance.

Note: This linter can be disabled with `set_option linter.style.haveILetI false`
warning: ASGinzburg/EnvelopingBalancedTensorRightMaps.lean:115:4: Try this: 
  letI̵

The goal is a proposition, so `let` is preferred over `letI`.
The difference between `let` and `letI` is that `letI` inlines the value.
But this is not relevant for proofs because of proof irrelevance.

Note: This linter can be disabled with `set_option linter.style.haveILetI false`
warning: ASGinzburg/EnvelopingBalancedTensorRightMaps.lean:116:4: Try this: 
  letI̵

The goal is a proposition, so `let` is preferred over `letI`.
The difference between `let` and `letI` is that `letI` inlines the value.
But this is not relevant for proofs because of proof irrelevance.

Note: This linter can be disabled with `set_option linter.style.haveILetI false`
warning: ASGinzburg/EnvelopingBalancedTensorRightMaps.lean:117:4: Try this: 
  letI̵

The goal is a proposition, so `let` is preferred over `letI`.
The difference between `let` and `letI` is that `letI` inlines the value.
But this is not relevant for proofs because of proof irrelevance.

Note: This linter can be disabled with `set_option linter.style.haveILetI false`
warning: ASGinzburg/EnvelopingBalancedTensorRightMaps.lean:126:4: Try this: 
  letI̵

The goal is a proposition, so `let` is preferred over `letI`.
The difference between `let` and `letI` is that `letI` inlines the value.
But this is not relevant for proofs because of proof irrelevance.

Note: This linter can be disabled with `set_option linter.style.haveILetI false`
warning: ASGinzburg/EnvelopingBalancedTensorRightMaps.lean:127:4: Try this: 
  letI̵

The goal is a proposition, so `let` is preferred over `letI`.
The difference between `let` and `letI` is that `letI` inlines the value.
But this is not relevant for proofs because of proof irrelevance.

Note: This linter can be disabled with `set_option linter.style.haveILetI false`
warning: ASGinzburg/EnvelopingBalancedTensorRightMaps.lean:131:4: Try this: 
  letI̵

The goal is a proposition, so `let` is preferred over `letI`.
The difference between `let` and `letI` is that `letI` inlines the value.
But this is not relevant for proofs because of proof irrelevance.

Note: This linter can be disabled with `set_option linter.style.haveILetI false`
warning: ASGinzburg/EnvelopingBalancedTensorRightMaps.lean:132:4: Try this: 
  letI̵

The goal is a proposition, so `let` is preferred over `letI`.
The difference between `let` and `letI` is that `letI` inlines the value.
But this is not relevant for proofs because of proof irrelevance.

Note: This linter can be disabled with `set_option linter.style.haveILetI false`
warning: ASGinzburg/EnvelopingBalancedTensorRightMaps.lean:133:4: Try this: 
  letI̵

The goal is a proposition, so `let` is preferred over `letI`.
The difference between `let` and `letI` is that `letI` inlines the value.
But this is not relevant for proofs because of proof irrelevance.

Note: This linter can be disabled with `set_option linter.style.haveILetI false`
warning: ASGinzburg/EnvelopingBalancedTensorRightMaps.lean:134:4: Try this: 
  letI̵

The goal is a proposition, so `let` is preferred over `letI`.
The difference between `let` and `letI` is that `letI` inlines the value.
But this is not relevant for proofs because of proof irrelevance.

Note: This linter can be disabled with `set_option linter.style.haveILetI false`
⚠ [3978/4703] Replayed ASGinzburg.EnvelopingBalancedTensorHomEquiv
warning: ASGinzburg/EnvelopingBalancedTensorHomEquiv.lean:121:2: Try this: 
  letI̵

The goal is a proposition, so `let` is preferred over `letI`.
The difference between `let` and `letI` is that `letI` inlines the value.
But this is not relevant for proofs because of proof irrelevance.

Note: This linter can be disabled with `set_option linter.style.haveILetI false`
warning: ASGinzburg/EnvelopingBalancedTensorHomEquiv.lean:122:2: Try this: 
  letI̵

The goal is a proposition, so `let` is preferred over `letI`.
The difference between `let` and `letI` is that `letI` inlines the value.
But this is not relevant for proofs because of proof irrelevance.

Note: This linter can be disabled with `set_option linter.style.haveILetI false`
⚠ [3979/4703] Replayed ASGinzburg.EnvelopingBalancedTensorHomMaps
warning: ASGinzburg/EnvelopingBalancedTensorHomMaps.lean:39:8: Unused tactic linter: `change f (((a ⊗ₜ[k] b) • g) x) = ((a ⊗ₜ[k] b) • h) x` does nothing

Note: This linter can be disabled with `set_option linter.unusedTactic false`
⚠ [3980/4703] Replayed ASGinzburg.EnvelopingBalancedTensorProjective
warning: ASGinzburg/EnvelopingBalancedTensorProjective.lean:17:2: Try this: 
  letI̵

The goal is a proposition, so `let` is preferred over `letI`.
The difference between `let` and `letI` is that `letI` inlines the value.
But this is not relevant for proofs because of proof irrelevance.

Note: This linter can be disabled with `set_option linter.style.haveILetI false`
warning: ASGinzburg/EnvelopingBalancedTensorProjective.lean:18:2: Try this: 
  letI̵

The goal is a proposition, so `let` is preferred over `letI`.
The difference between `let` and `letI` is that `letI` inlines the value.
But this is not relevant for proofs because of proof irrelevance.

Note: This linter can be disabled with `set_option linter.style.haveILetI false`
warning: ASGinzburg/EnvelopingBalancedTensorProjective.lean:19:2: Try this: 
  letI̵

The goal is a proposition, so `let` is preferred over `letI`.
The difference between `let` and `letI` is that `letI` inlines the value.
But this is not relevant for proofs because of proof irrelevance.

Note: This linter can be disabled with `set_option linter.style.haveILetI false`
warning: ASGinzburg/EnvelopingBalancedTensorProjective.lean:22:2: Try this: 
  letI̵

The goal is a proposition, so `let` is preferred over `letI`.
The difference between `let` and `letI` is that `letI` inlines the value.
But this is not relevant for proofs because of proof irrelevance.

Note: This linter can be disabled with `set_option linter.style.haveILetI false`
warning: ASGinzburg/EnvelopingBalancedTensorProjective.lean:23:2: Try this: 
  letI̵

The goal is a proposition, so `let` is preferred over `letI`.
The difference between `let` and `letI` is that `letI` inlines the value.
But this is not relevant for proofs because of proof irrelevance.

Note: This linter can be disabled with `set_option linter.style.haveILetI false`
⚠ [3981/4703] Replayed ASGinzburg.EnvelopingBalancedTensorProjectiveFunctor
warning: ASGinzburg/EnvelopingBalancedTensorProjectiveFunctor.lean:20:4: Try this: 
  letI̵

The goal is a proposition, so `let` is preferred over `letI`.
The difference between `let` and `letI` is that `letI` inlines the value.
But this is not relevant for proofs because of proof irrelevance.

Note: This linter can be disabled with `set_option linter.style.haveILetI false`
warning: ASGinzburg/EnvelopingBalancedTensorProjectiveFunctor.lean:21:4: Try this: 
  letI̵

The goal is a proposition, so `let` is preferred over `letI`.
The difference between `let` and `letI` is that `letI` inlines the value.
But this is not relevant for proofs because of proof irrelevance.

Note: This linter can be disabled with `set_option linter.style.haveILetI false`
warning: ASGinzburg/EnvelopingBalancedTensorProjectiveFunctor.lean:22:4: Try this: 
  haveI̵

The goal is a proposition, so `have` is preferred over `haveI`.
The difference between `have` and `haveI` is that `haveI` inlines the value.
But this is not relevant for proofs because of proof irrelevance.

Note: This linter can be disabled with `set_option linter.style.haveILetI false`
⚠ [3982/4703] Replayed ASGinzburg.AlgebraEnvelopingRestrictionFunctor
warning: ASGinzburg/AlgebraEnvelopingRestrictionFunctor.lean:26:4: Try this: 
  letI̵

The goal is a proposition, so `let` is preferred over `letI`.
The difference between `let` and `letI` is that `letI` inlines the value.
But this is not relevant for proofs because of proof irrelevance.

Note: This linter can be disabled with `set_option linter.style.haveILetI false`
warning: ASGinzburg/AlgebraEnvelopingRestrictionFunctor.lean:27:4: Try this: 
  letI̵

The goal is a proposition, so `let` is preferred over `letI`.
The difference between `let` and `letI` is that `letI` inlines the value.
But this is not relevant for proofs because of proof irrelevance.

Note: This linter can be disabled with `set_option linter.style.haveILetI false`
warning: ASGinzburg/AlgebraEnvelopingRestrictionFunctor.lean:28:4: Try this: 
  haveI̵

The goal is a proposition, so `have` is preferred over `haveI`.
The difference between `have` and `haveI` is that `haveI` inlines the value.
But this is not relevant for proofs because of proof irrelevance.

Note: This linter can be disabled with `set_option linter.style.haveILetI false`
⚠ [3984/4703] Replayed ASGinzburg.AlgebraEnvelopingRestrictedRegular
warning: ASGinzburg/AlgebraEnvelopingRestrictedRegular.lean:14:2: Try this: 
  letI̵

The goal is a proposition, so `let` is preferred over `letI`.
The difference between `let` and `letI` is that `letI` inlines the value.
But this is not relevant for proofs because of proof irrelevance.

Note: This linter can be disabled with `set_option linter.style.haveILetI false`
warning: ASGinzburg/AlgebraEnvelopingRestrictedRegular.lean:24:2: Try this: 
  letI̵

The goal is a proposition, so `let` is preferred over `letI`.
The difference between `let` and `letI` is that `letI` inlines the value.
But this is not relevant for proofs because of proof irrelevance.

Note: This linter can be disabled with `set_option linter.style.haveILetI false`
warning: ASGinzburg/AlgebraEnvelopingRestrictedRegular.lean:42:6: Try this: 
  letI̵

The goal is a proposition, so `let` is preferred over `letI`.
The difference between `let` and `letI` is that `letI` inlines the value.
But this is not relevant for proofs because of proof irrelevance.

Note: This linter can be disabled with `set_option linter.style.haveILetI false`
⚠ [3985/4703] Replayed ASGinzburg.ProjectiveResolutionMapAfterRestriction
warning: ASGinzburg/ProjectiveResolutionMapAfterRestriction.lean:24:2: Try this: 
  letI̵

The goal is a proposition, so `let` is preferred over `letI`.
The difference between `let` and `letI` is that `letI` inlines the value.
But this is not relevant for proofs because of proof irrelevance.

Note: This linter can be disabled with `set_option linter.style.haveILetI false`
⚠ [3986/4703] Replayed ASGinzburg.EnvelopingBalancedTensorResolution
warning: ASGinzburg/EnvelopingBalancedTensorResolution.lean:28:2: Try this: 
  letI̵

The goal is a proposition, so `let` is preferred over `letI`.
The difference between `let` and `letI` is that `letI` inlines the value.
But this is not relevant for proofs because of proof irrelevance.

Note: This linter can be disabled with `set_option linter.style.haveILetI false`
warning: ASGinzburg/EnvelopingBalancedTensorResolution.lean:29:2: Try this: 
  letI̵

The goal is a proposition, so `let` is preferred over `letI`.
The difference between `let` and `letI` is that `letI` inlines the value.
But this is not relevant for proofs because of proof irrelevance.

Note: This linter can be disabled with `set_option linter.style.haveILetI false`
warning: ASGinzburg/EnvelopingBalancedTensorResolution.lean:35:2: Try this: 
  haveI̵

The goal is a proposition, so `have` is preferred over `haveI`.
The difference between `have` and `haveI` is that `haveI` inlines the value.
But this is not relevant for proofs because of proof irrelevance.

Note: This linter can be disabled with `set_option linter.style.haveILetI false`
warning: ASGinzburg/EnvelopingBalancedTensorResolution.lean:38:2: Try this: 
  haveI̵

The goal is a proposition, so `have` is preferred over `haveI`.
The difference between `have` and `haveI` is that `haveI` inlines the value.
But this is not relevant for proofs because of proof irrelevance.

Note: This linter can be disabled with `set_option linter.style.haveILetI false`
warning: ASGinzburg/EnvelopingBalancedTensorResolution.lean:61:4: Try this: 
  haveI̵

The goal is a proposition, so `have` is preferred over `haveI`.
The difference between `have` and `haveI` is that `haveI` inlines the value.
But this is not relevant for proofs because of proof irrelevance.

Note: This linter can be disabled with `set_option linter.style.haveILetI false`
⚠ [3987/4703] Replayed ASGinzburg.EnvelopingBalancedTensorRegularUnit
warning: ASGinzburg/EnvelopingBalancedTensorRegularUnit.lean:26:6: Try this: 
  letI̵

The goal is a proposition, so `let` is preferred over `letI`.
The difference between `let` and `letI` is that `letI` inlines the value.
But this is not relevant for proofs because of proof irrelevance.

Note: This linter can be disabled with `set_option linter.style.haveILetI false`
warning: ASGinzburg/EnvelopingBalancedTensorRegularUnit.lean:61:2: Try this: 
  letI̵

The goal is a proposition, so `let` is preferred over `letI`.
The difference between `let` and `letI` is that `letI` inlines the value.
But this is not relevant for proofs because of proof irrelevance.

Note: This linter can be disabled with `set_option linter.style.haveILetI false`
warning: ASGinzburg/EnvelopingBalancedTensorRegularUnit.lean:62:2: Try this: 
  letI̵

The goal is a proposition, so `let` is preferred over `letI`.
The difference between `let` and `letI` is that `letI` inlines the value.
But this is not relevant for proofs because of proof irrelevance.

Note: This linter can be disabled with `set_option linter.style.haveILetI false`
warning: ASGinzburg/EnvelopingBalancedTensorRegularUnit.lean:93:10: Try this: 
  letI̵

The goal is a proposition, so `let` is preferred over `letI`.
The difference between `let` and `letI` is that `letI` inlines the value.
But this is not relevant for proofs because of proof irrelevance.

Note: This linter can be disabled with `set_option linter.style.haveILetI false`
⚠ [3989/4703] Replayed ASGinzburg.AlgebraEnvelopingTensorFinsuppFree
warning: ASGinzburg/AlgebraEnvelopingTensorFinsuppFree.lean:12:17: Definition `ASGinzburg.tensorRightEnvelopingModule` of class type is semireducible. Most type class instances should be instance-reducible, so consider marking this
definition with `@[instance_reducible]`. If it is intentionally semireducible, this warning can be disabled with `set_option warn.classDefReducibility false`.
warning: ASGinzburg/AlgebraEnvelopingTensorFinsuppFree.lean:78:2: Try this: 
  letI̵

The goal is a proposition, so `let` is preferred over `letI`.
The difference between `let` and `letI` is that `letI` inlines the value.
But this is not relevant for proofs because of proof irrelevance.

Note: This linter can be disabled with `set_option linter.style.haveILetI false`
⚠ [3990/4703] Replayed ASGinzburg.AlgebraEnvelopingTensorProjective
warning: ASGinzburg/AlgebraEnvelopingTensorProjective.lean:12:17: Definition `ASGinzburg.tensorRightEnvelopingModule` of class type is semireducible. Most type class instances should be instance-reducible, so consider marking this
definition with `@[instance_reducible]`. If it is intentionally semireducible, this warning can be disabled with `set_option warn.classDefReducibility false`.
warning: ASGinzburg/AlgebraEnvelopingTensorProjective.lean:50:2: Try this: 
  letI̵

The goal is a proposition, so `let` is preferred over `letI`.
The difference between `let` and `letI` is that `letI` inlines the value.
But this is not relevant for proofs because of proof irrelevance.

Note: This linter can be disabled with `set_option linter.style.haveILetI false`
⚠ [3996/4703] Replayed ASGinzburg.BicomplexTotalProjective
warning: ASGinzburg/BicomplexTotalProjective.lean:16:2: Try this: 
  letI̵

The goal is a proposition, so `let` is preferred over `letI`.
The difference between `let` and `letI` is that `letI` inlines the value.
But this is not relevant for proofs because of proof irrelevance.

Note: This linter can be disabled with `set_option linter.style.haveILetI false`
warning: ASGinzburg/BicomplexTotalProjective.lean:18:2: Try this: 
  letI̵

The goal is a proposition, so `let` is preferred over `letI`.
The difference between `let` and `letI` is that `letI` inlines the value.
But this is not relevant for proofs because of proof irrelevance.

Note: This linter can be disabled with `set_option linter.style.haveILetI false`
warning: ASGinzburg/BicomplexTotalProjective.lean:21:2: Try this: 
  letI̵

The goal is a proposition, so `let` is preferred over `letI`.
The difference between `let` and `letI` is that `letI` inlines the value.
But this is not relevant for proofs because of proof irrelevance.

Note: This linter can be disabled with `set_option linter.style.haveILetI false`
warning: ASGinzburg/BicomplexTotalProjective.lean:25:13: `CategoryTheory.Limits.Sigma.ι_desc_assoc` has been deprecated: Use `CategoryTheory.Limits.Sigma.ι_comp_desc_assoc` instead
⚠ [3998/4703] Replayed ASGinzburg.AlgebraEnvelopingTensorTotal
warning: ASGinzburg/AlgebraEnvelopingTensorTotal.lean:15:17: Definition `ASGinzburg.tensorRightEnvelopingModule` of class type is semireducible. Most type class instances should be instance-reducible, so consider marking this
definition with `@[instance_reducible]`. If it is intentionally semireducible, this warning can be disabled with `set_option warn.classDefReducibility false`.
warning: ASGinzburg/AlgebraEnvelopingTensorTotal.lean:29:2: Try this: 
  letI̵

The goal is a proposition, so `let` is preferred over `letI`.
The difference between `let` and `letI` is that `letI` inlines the value.
But this is not relevant for proofs because of proof irrelevance.

Note: This linter can be disabled with `set_option linter.style.haveILetI false`
warning: ASGinzburg/AlgebraEnvelopingTensorTotal.lean:42:2: Try this: 
  letI̵

The goal is a proposition, so `let` is preferred over `letI`.
The difference between `let` and `letI` is that `letI` inlines the value.
But this is not relevant for proofs because of proof irrelevance.

Note: This linter can be disabled with `set_option linter.style.haveILetI false`
warning: ASGinzburg/AlgebraEnvelopingTensorTotal.lean:44:2: Try this: 
  letI̵

The goal is a proposition, so `let` is preferred over `letI`.
The difference between `let` and `letI` is that `letI` inlines the value.
But this is not relevant for proofs because of proof irrelevance.

Note: This linter can be disabled with `set_option linter.style.haveILetI false`
⚠ [3999/4703] Replayed ASGinzburg.AlgebraEnvelopingTensorFinite
warning: ASGinzburg/AlgebraEnvelopingTensorFinite.lean:17:17: Definition `ASGinzburg.tensorRightEnvelopingModule` of class type is semireducible. Most type class instances should be instance-reducible, so consider marking this
definition with `@[instance_reducible]`. If it is intentionally semireducible, this warning can be disabled with `set_option warn.classDefReducibility false`.
warning: ASGinzburg/AlgebraEnvelopingTensorFinite.lean:34:2: Try this: 
  letI̵

The goal is a proposition, so `let` is preferred over `letI`.
The difference between `let` and `letI` is that `letI` inlines the value.
But this is not relevant for proofs because of proof irrelevance.

Note: This linter can be disabled with `set_option linter.style.haveILetI false`
⚠ [4000/4703] Replayed ASGinzburg.TensorTotalFinite
warning: ASGinzburg/TensorTotalFinite.lean:24:2: Try this: 
  letI̵

The goal is a proposition, so `let` is preferred over `letI`.
The difference between `let` and `letI` is that `letI` inlines the value.
But this is not relevant for proofs because of proof irrelevance.

Note: This linter can be disabled with `set_option linter.style.haveILetI false`
warning: ASGinzburg/TensorTotalFinite.lean:51:17: Definition `ASGinzburg.tensorRightEnvelopingModule` of class type is semireducible. Most type class instances should be instance-reducible, so consider marking this
definition with `@[instance_reducible]`. If it is intentionally semireducible, this warning can be disabled with `set_option warn.classDefReducibility false`.
warning: ASGinzburg/TensorTotalFinite.lean:59:2: Try this: 
  letI̵

The goal is a proposition, so `let` is preferred over `letI`.
The difference between `let` and `letI` is that `letI` inlines the value.
But this is not relevant for proofs because of proof irrelevance.

Note: This linter can be disabled with `set_option linter.style.haveILetI false`
warning: ASGinzburg/TensorTotalFinite.lean:62:2: Try this: 
  letI̵

The goal is a proposition, so `let` is preferred over `letI`.
The difference between `let` and `letI` is that `letI` inlines the value.
But this is not relevant for proofs because of proof irrelevance.

Note: This linter can be disabled with `set_option linter.style.haveILetI false`
⚠ [4002/4703] Replayed ASGinzburg.BifunctorTotalSingleLeft
warning: ASGinzburg/BifunctorTotalSingleLeft.lean:36:2: `CategoryTheory.Limits.mkCofanColimit` has been deprecated: Use `CategoryTheory.Limits.Cofan.IsColimit.mk` instead

Note: The updated constant is in a different namespace. Dot notation may need to be changed (e.g., from `x.mkCofanColimit` to `Cofan.IsColimit.mk x`).
⚠ [4005/4703] Replayed ASGinzburg.AlgebraEnvelopingTensorRestriction
warning: ASGinzburg/AlgebraEnvelopingTensorRestriction.lean:14:17: Definition `ASGinzburg.tensorRightEnvelopingModule` of class type is semireducible. Most type class instances should be instance-reducible, so consider marking this
definition with `@[instance_reducible]`. If it is intentionally semireducible, this warning can be disabled with `set_option warn.classDefReducibility false`.
warning: ASGinzburg/AlgebraEnvelopingTensorRestriction.lean:14:17: Definition `ASGinzburg.tensorRightEnvelopingScalarTower` of class type is semireducible. Most type class instances should be instance-reducible, so consider marking this
definition with `@[instance_reducible]`. If it is intentionally semireducible, this warning can be disabled with `set_option warn.classDefReducibility false`.
⚠ [4007/4703] Replayed ASGinzburg.BicomplexTotalFunctor
warning: ASGinzburg/BicomplexTotalFunctor.lean:46:2: Try this: 
  letI̵

The goal is a proposition, so `let` is preferred over `letI`.
The difference between `let` and `letI` is that `letI` inlines the value.
But this is not relevant for proofs because of proof irrelevance.

Note: This linter can be disabled with `set_option linter.style.haveILetI false`
⚠ [4009/4703] Replayed ASGinzburg.AlgebraEnvelopingTensorTotalRestrictionMaps
warning: ASGinzburg/AlgebraEnvelopingTensorTotalRestrictionMaps.lean:28:2: Try this: 
  letI̵

The goal is a proposition, so `let` is preferred over `letI`.
The difference between `let` and `letI` is that `letI` inlines the value.
But this is not relevant for proofs because of proof irrelevance.

Note: This linter can be disabled with `set_option linter.style.haveILetI false`
⚠ [4010/4703] Replayed ASGinzburg.ModuleFieldRestrictionResolution
warning: ASGinzburg/ModuleFieldRestrictionResolution.lean:17:2: Try this: 
  letI̵

The goal is a proposition, so `let` is preferred over `letI`.
The difference between `let` and `letI` is that `letI` inlines the value.
But this is not relevant for proofs because of proof irrelevance.

Note: This linter can be disabled with `set_option linter.style.haveILetI false`
warning: ASGinzburg/ModuleFieldRestrictionResolution.lean:23:2: Try this: 
  letI̵

The goal is a proposition, so `let` is preferred over `letI`.
The difference between `let` and `letI` is that `letI` inlines the value.
But this is not relevant for proofs because of proof irrelevance.

Note: This linter can be disabled with `set_option linter.style.haveILetI false`
⚠ [4015/4703] Replayed ASGinzburg.BifunctorTotalResolutionLeft
warning: ASGinzburg/BifunctorTotalResolutionLeft.lean:29:2: Try this: 
  letI̵

The goal is a proposition, so `let` is preferred over `letI`.
The difference between `let` and `letI` is that `letI` inlines the value.
But this is not relevant for proofs because of proof irrelevance.

Note: This linter can be disabled with `set_option linter.style.haveILetI false`
⚠ [4020/4703] Replayed ASGinzburg.BalancedTensorProjectiveExactness
warning: ASGinzburg/BalancedTensorProjectiveExactness.lean:85:2: Try this: 
  letI̵

The goal is a proposition, so `let` is preferred over `letI`.
The difference between `let` and `letI` is that `letI` inlines the value.
But this is not relevant for proofs because of proof irrelevance.

Note: This linter can be disabled with `set_option linter.style.haveILetI false`
warning: ASGinzburg/BalancedTensorProjectiveExactness.lean:86:2: Try this: 
  letI̵

The goal is a proposition, so `let` is preferred over `letI`.
The difference between `let` and `letI` is that `letI` inlines the value.
But this is not relevant for proofs because of proof irrelevance.

Note: This linter can be disabled with `set_option linter.style.haveILetI false`
warning: ASGinzburg/BalancedTensorProjectiveExactness.lean:87:2: Try this: 
  letI̵

The goal is a proposition, so `let` is preferred over `letI`.
The difference between `let` and `letI` is that `letI` inlines the value.
But this is not relevant for proofs because of proof irrelevance.

Note: This linter can be disabled with `set_option linter.style.haveILetI false`
warning: ASGinzburg/BalancedTensorProjectiveExactness.lean:88:2: Try this: 
  letI̵

The goal is a proposition, so `let` is preferred over `letI`.
The difference between `let` and `letI` is that `letI` inlines the value.
But this is not relevant for proofs because of proof irrelevance.

Note: This linter can be disabled with `set_option linter.style.haveILetI false`
warning: ASGinzburg/BalancedTensorProjectiveExactness.lean:112:2: Try this: 
  letI̵

The goal is a proposition, so `let` is preferred over `letI`.
The difference between `let` and `letI` is that `letI` inlines the value.
But this is not relevant for proofs because of proof irrelevance.

Note: This linter can be disabled with `set_option linter.style.haveILetI false`
warning: ASGinzburg/BalancedTensorProjectiveExactness.lean:113:2: Try this: 
  letI̵

The goal is a proposition, so `let` is preferred over `letI`.
The difference between `let` and `letI` is that `letI` inlines the value.
But this is not relevant for proofs because of proof irrelevance.

Note: This linter can be disabled with `set_option linter.style.haveILetI false`
warning: ASGinzburg/BalancedTensorProjectiveExactness.lean:123:2: Try this: 
  letI̵

The goal is a proposition, so `let` is preferred over `letI`.
The difference between `let` and `letI` is that `letI` inlines the value.
But this is not relevant for proofs because of proof irrelevance.

Note: This linter can be disabled with `set_option linter.style.haveILetI false`
warning: ASGinzburg/BalancedTensorProjectiveExactness.lean:124:2: Try this: 
  letI̵

The goal is a proposition, so `let` is preferred over `letI`.
The difference between `let` and `letI` is that `letI` inlines the value.
But this is not relevant for proofs because of proof irrelevance.

Note: This linter can be disabled with `set_option linter.style.haveILetI false`
warning: ASGinzburg/BalancedTensorProjectiveExactness.lean:125:2: Try this: 
  letI̵

The goal is a proposition, so `let` is preferred over `letI`.
The difference between `let` and `letI` is that `letI` inlines the value.
But this is not relevant for proofs because of proof irrelevance.

Note: This linter can be disabled with `set_option linter.style.haveILetI false`
warning: ASGinzburg/BalancedTensorProjectiveExactness.lean:126:2: Try this: 
  letI̵

The goal is a proposition, so `let` is preferred over `letI`.
The difference between `let` and `letI` is that `letI` inlines the value.
But this is not relevant for proofs because of proof irrelevance.

Note: This linter can be disabled with `set_option linter.style.haveILetI false`
⚠ [4021/4703] Replayed ASGinzburg.BalancedTensorTorProjectiveRight
warning: ASGinzburg/BalancedTensorTorProjectiveRight.lean:19:2: Try this: 
  letI̵

The goal is a proposition, so `let` is preferred over `letI`.
The difference between `let` and `letI` is that `letI` inlines the value.
But this is not relevant for proofs because of proof irrelevance.

Note: This linter can be disabled with `set_option linter.style.haveILetI false`
⚠ [4022/4703] Replayed ASGinzburg.BicomplexTotalCoordinates
warning: ASGinzburg/BicomplexTotalCoordinates.lean:60:2: `push_neg` has been deprecated. Prefer using `push Not` instead.
If you'd rather continue using `push_neg` in your project, you can implement it as follows:
```
open Lean.Parser.Tactic in
macro "push_neg" cfg:optConfig loc:(location)? : tactic =>
  `(tactic| push $cfg:optConfig Not $[$loc]?)
```
warning: ASGinzburg/BicomplexTotalCoordinates.lean:81:4: `push_neg` has been deprecated. Prefer using `push Not` instead.
If you'd rather continue using `push_neg` in your project, you can implement it as follows:
```
open Lean.Parser.Tactic in
macro "push_neg" cfg:optConfig loc:(location)? : tactic =>
  `(tactic| push $cfg:optConfig Not $[$loc]?)
```
⚠ [4026/4703] Replayed ASGinzburg.BicomplexTotalShortExact
warning: ASGinzburg/BicomplexTotalShortExact.lean:119:4: Try this: 
  haveI̵

The goal is a proposition, so `have` is preferred over `haveI`.
The difference between `have` and `haveI` is that `haveI` inlines the value.
But this is not relevant for proofs because of proof irrelevance.

Note: This linter can be disabled with `set_option linter.style.haveILetI false`
warning: ASGinzburg/BicomplexTotalShortExact.lean:120:4: Try this: 
  haveI̵

The goal is a proposition, so `have` is preferred over `haveI`.
The difference between `have` and `haveI` is that `haveI` inlines the value.
But this is not relevant for proofs because of proof irrelevance.

Note: This linter can be disabled with `set_option linter.style.haveILetI false`
warning: ASGinzburg/BicomplexTotalShortExact.lean:128:4: Try this: 
  haveI̵

The goal is a proposition, so `have` is preferred over `haveI`.
The difference between `have` and `haveI` is that `haveI` inlines the value.
But this is not relevant for proofs because of proof irrelevance.

Note: This linter can be disabled with `set_option linter.style.haveILetI false`
warning: ASGinzburg/BicomplexTotalShortExact.lean:129:4: Try this: 
  haveI̵

The goal is a proposition, so `have` is preferred over `haveI`.
The difference between `have` and `haveI` is that `haveI` inlines the value.
But this is not relevant for proofs because of proof irrelevance.

Note: This linter can be disabled with `set_option linter.style.haveILetI false`
warning: ASGinzburg/BicomplexTotalShortExact.lean:132:4: Try this: 
  haveI̵

The goal is a proposition, so `have` is preferred over `haveI`.
The difference between `have` and `haveI` is that `haveI` inlines the value.
But this is not relevant for proofs because of proof irrelevance.

Note: This linter can be disabled with `set_option linter.style.haveILetI false`
warning: ASGinzburg/BicomplexTotalShortExact.lean:133:4: Try this: 
  haveI̵

The goal is a proposition, so `have` is preferred over `haveI`.
The difference between `have` and `haveI` is that `haveI` inlines the value.
But this is not relevant for proofs because of proof irrelevance.

Note: This linter can be disabled with `set_option linter.style.haveILetI false`
warning: ASGinzburg/BicomplexTotalShortExact.lean:141:4: Try this: 
  haveI̵

The goal is a proposition, so `have` is preferred over `haveI`.
The difference between `have` and `haveI` is that `haveI` inlines the value.
But this is not relevant for proofs because of proof irrelevance.

Note: This linter can be disabled with `set_option linter.style.haveILetI false`
warning: ASGinzburg/BicomplexTotalShortExact.lean:142:4: Try this: 
  haveI̵

The goal is a proposition, so `have` is preferred over `haveI`.
The difference between `have` and `haveI` is that `haveI` inlines the value.
But this is not relevant for proofs because of proof irrelevance.

Note: This linter can be disabled with `set_option linter.style.haveILetI false`
⚠ [4028/4703] Replayed ASGinzburg.BicomplexTotalRowQuasiIso
warning: ASGinzburg/BicomplexTotalRowQuasiIso.lean:19:2: Try this: 
  haveI̵

The goal is a proposition, so `have` is preferred over `haveI`.
The difference between `have` and `haveI` is that `haveI` inlines the value.
But this is not relevant for proofs because of proof irrelevance.

Note: This linter can be disabled with `set_option linter.style.haveILetI false`
warning: ASGinzburg/BicomplexTotalRowQuasiIso.lean:20:2: Try this: 
  haveI̵

The goal is a proposition, so `have` is preferred over `haveI`.
The difference between `have` and `haveI` is that `haveI` inlines the value.
But this is not relevant for proofs because of proof irrelevance.

Note: This linter can be disabled with `set_option linter.style.haveILetI false`
warning: ASGinzburg/BicomplexTotalRowQuasiIso.lean:38:2: Try this: 
  haveI̵

The goal is a proposition, so `have` is preferred over `haveI`.
The difference between `have` and `haveI` is that `haveI` inlines the value.
But this is not relevant for proofs because of proof irrelevance.

Note: This linter can be disabled with `set_option linter.style.haveILetI false`
⚠ [4029/4703] Replayed ASGinzburg.BifunctorTotalSingleRight
warning: ASGinzburg/BifunctorTotalSingleRight.lean:37:2: `CategoryTheory.Limits.mkCofanColimit` has been deprecated: Use `CategoryTheory.Limits.Cofan.IsColimit.mk` instead

Note: The updated constant is in a different namespace. Dot notation may need to be changed (e.g., from `x.mkCofanColimit` to `Cofan.IsColimit.mk x`).
⚠ [4032/4703] Replayed ASGinzburg.GradedNilpotentNakayama
warning: ASGinzburg/GradedNilpotentNakayama.lean:104:8: Try this: 
  letI̵

The goal is a proposition, so `let` is preferred over `letI`.
The difference between `let` and `letI` is that `letI` inlines the value.
But this is not relevant for proofs because of proof irrelevance.

Note: This linter can be disabled with `set_option linter.style.haveILetI false`
⚠ [4033/4703] Replayed ASGinzburg.ModuleCatRestrictionColimits
warning: ASGinzburg/ModuleCatRestrictionColimits.lean:10:0: Definition `ASGinzburg.moduleCatRestrictionPreservesSmallColimits` of class type is semireducible. Most type class instances should be instance-reducible, so consider marking this
definition with `@[instance_reducible]`. If it is intentionally semireducible, this warning can be disabled with `set_option warn.classDefReducibility false`.
warning: ASGinzburg/ModuleCatRestrictionColimits.lean:10:0: Definition `moduleCatRestrictionPreservesSmallColimits` is a proposition; use `theorem` instead of `def`

Note: This linter can be disabled with `set_option linter.defProp false`
warning: ASGinzburg/ModuleCatRestrictionColimits.lean:18:2: Try this: 
  letI̵

The goal is a proposition, so `let` is preferred over `letI`.
The difference between `let` and `letI` is that `letI` inlines the value.
But this is not relevant for proofs because of proof irrelevance.

Note: This linter can be disabled with `set_option linter.style.haveILetI false`
warning: ASGinzburg/ModuleCatRestrictionColimits.lean:19:2: Try this: 
  letI̵

The goal is a proposition, so `let` is preferred over `letI`.
The difference between `let` and `letI` is that `letI` inlines the value.
But this is not relevant for proofs because of proof irrelevance.

Note: This linter can be disabled with `set_option linter.style.haveILetI false`
warning: ASGinzburg/ModuleCatRestrictionColimits.lean:16:0: Definition `ASGinzburg.moduleCatRestrictionReflectsSmallColimits` of class type is semireducible. Most type class instances should be instance-reducible, so consider marking this
definition with `@[instance_reducible]`. If it is intentionally semireducible, this warning can be disabled with `set_option warn.classDefReducibility false`.
warning: ASGinzburg/ModuleCatRestrictionColimits.lean:16:0: Definition `moduleCatRestrictionReflectsSmallColimits` is a proposition; use `theorem` instead of `def`

Note: This linter can be disabled with `set_option linter.defProp false`
⚠ [4034/4703] Replayed ASGinzburg.RightModuleBoundedGeneration
warning: ASGinzburg/RightModuleBoundedGeneration.lean:25:6: Try this: 
  letI̵

The goal is a proposition, so `let` is preferred over `letI`.
The difference between `let` and `letI` is that `letI` inlines the value.
But this is not relevant for proofs because of proof irrelevance.

Note: This linter can be disabled with `set_option linter.style.haveILetI false`
⚠ [4035/4703] Replayed ASGinzburg.RightTopBasisPresentation
warning: ASGinzburg/RightTopBasisPresentation.lean:46:12: `CategoryTheory.Limits.Sigma.ι_desc` has been deprecated: Use `CategoryTheory.Limits.Sigma.ι_comp_desc` instead
⚠ [4037/4703] Replayed ASGinzburg.RightTopBasisBoundedness
warning: ASGinzburg/RightTopBasisBoundedness.lean:16:2: Try this: 
  letI̵

The goal is a proposition, so `let` is preferred over `letI`.
The difference between `let` and `letI` is that `letI` inlines the value.
But this is not relevant for proofs because of proof irrelevance.

Note: This linter can be disabled with `set_option linter.style.haveILetI false`
warning: ASGinzburg/RightTopBasisBoundedness.lean:18:2: Try this: 
  letI̵

The goal is a proposition, so `let` is preferred over `letI`.
The difference between `let` and `letI` is that `letI` inlines the value.
But this is not relevant for proofs because of proof irrelevance.

Note: This linter can be disabled with `set_option linter.style.haveILetI false`
warning: ASGinzburg/RightTopBasisBoundedness.lean:32:2: Try this: 
  letI̵

The goal is a proposition, so `let` is preferred over `letI`.
The difference between `let` and `letI` is that `letI` inlines the value.
But this is not relevant for proofs because of proof irrelevance.

Note: This linter can be disabled with `set_option linter.style.haveILetI false`
warning: ASGinzburg/RightTopBasisBoundedness.lean:38:2: Try this: 
  letI̵

The goal is a proposition, so `let` is preferred over `letI`.
The difference between `let` and `letI` is that `letI` inlines the value.
But this is not relevant for proofs because of proof irrelevance.

Note: This linter can be disabled with `set_option linter.style.haveILetI false`
⚠ [4042/4703] Replayed ASGinzburg.RightModuleBoundedRadicalQuotient
warning: ASGinzburg/RightModuleBoundedRadicalQuotient.lean:14:2: Try this: 
  letI̵

The goal is a proposition, so `let` is preferred over `letI`.
The difference between `let` and `letI` is that `letI` inlines the value.
But this is not relevant for proofs because of proof irrelevance.

Note: This linter can be disabled with `set_option linter.style.haveILetI false`
⚠ [4045/4703] Replayed ASGinzburg.HomogeneousSubmoduleDecomposition
warning: ASGinzburg/HomogeneousSubmoduleDecomposition.lean:77:0: Definition `ASGinzburg.homogeneousSubmoduleDecomposition` of class type is semireducible. Most type class instances should be instance-reducible, so consider marking this
definition with `@[instance_reducible]`. If it is intentionally semireducible, this warning can be disabled with `set_option warn.classDefReducibility false`.
⚠ [4046/4703] Replayed ASGinzburg.GradedLinearMapKernel
warning: ASGinzburg/GradedLinearMapKernel.lean:50:0: Definition `ASGinzburg.homogeneousLinearMapKernelDecomposition` of class type is semireducible. Most type class instances should be instance-reducible, so consider marking this
definition with `@[instance_reducible]`. If it is intentionally semireducible, this warning can be disabled with `set_option warn.classDefReducibility false`.
warning: ASGinzburg/GradedLinearMapKernel.lean:58:0: Definition `ASGinzburg.ordinaryHomogeneousKernelDecomposition` of class type is semireducible. Most type class instances should be instance-reducible, so consider marking this
definition with `@[instance_reducible]`. If it is intentionally semireducible, this warning can be disabled with `set_option warn.classDefReducibility false`.
⚠ [4047/4703] Replayed ASGinzburg.OrthogonalIdempotentGradedBasis
warning: ASGinzburg/OrthogonalIdempotentGradedBasis.lean:18:0: Definition `idempotentFixedSpaceIsInternal` is a proposition; use `theorem` instead of `def`

Note: This linter can be disabled with `set_option linter.defProp false`
warning: ASGinzburg/OrthogonalIdempotentGradedBasis.lean:66:0: Definition `ASGinzburg.idempotentFixedSpaceGradeDecomposition` of class type is semireducible. Most type class instances should be instance-reducible, so consider marking this
definition with `@[instance_reducible]`. If it is intentionally semireducible, this warning can be disabled with `set_option warn.classDefReducibility false`.
warning: ASGinzburg/OrthogonalIdempotentGradedBasis.lean:104:2: Try this: 
  letI̵

The goal is a proposition, so `let` is preferred over `letI`.
The difference between `let` and `letI` is that `letI` inlines the value.
But this is not relevant for proofs because of proof irrelevance.

Note: This linter can be disabled with `set_option linter.style.haveILetI false`
⚠ [4049/4703] Replayed ASGinzburg.HomogeneousQuotientDecomposition
warning: ASGinzburg/HomogeneousQuotientDecomposition.lean:37:0: Definition `ASGinzburg.homogeneousQuotientDecomposition` of class type is semireducible. Most type class instances should be instance-reducible, so consider marking this
definition with `@[instance_reducible]`. If it is intentionally semireducible, this warning can be disabled with `set_option warn.classDefReducibility false`.
⚠ [4050/4703] Replayed ASGinzburg.HomogeneousOrdinaryQuotientDecomposition
warning: ASGinzburg/HomogeneousOrdinaryQuotientDecomposition.lean:26:0: Definition `ASGinzburg.homogeneousOrdinaryQuotientDecomposition` of class type is semireducible. Most type class instances should be instance-reducible, so consider marking this
definition with `@[instance_reducible]`. If it is intentionally semireducible, this warning can be disabled with `set_option warn.classDefReducibility false`.
⚠ [4051/4703] Replayed ASGinzburg.HomogeneousIdempotentQuotientBasisLifts
warning: ASGinzburg/HomogeneousIdempotentQuotientBasisLifts.lean:30:2: Try this: 
  letI̵

The goal is a proposition, so `let` is preferred over `letI`.
The difference between `let` and `letI` is that `letI` inlines the value.
But this is not relevant for proofs because of proof irrelevance.

Note: This linter can be disabled with `set_option linter.style.haveILetI false`
⚠ [4054/4703] Replayed ASGinzburg.DirectSumGrading
warning: ASGinzburg/DirectSumGrading.lean:47:0: Definition `ASGinzburg.directSumGradeDecomposition` of class type is semireducible. Most type class instances should be instance-reducible, so consider marking this
definition with `@[instance_reducible]`. If it is intentionally semireducible, this warning can be disabled with `set_option warn.classDefReducibility false`.
⚠ [4055/4703] Replayed ASGinzburg.GradedLinearMapRange
warning: ASGinzburg/GradedLinearMapRange.lean:23:0: Definition `ASGinzburg.homogeneousLinearMapRangeDecomposition` of class type is semireducible. Most type class instances should be instance-reducible, so consider marking this
definition with `@[instance_reducible]`. If it is intentionally semireducible, this warning can be disabled with `set_option warn.classDefReducibility false`.
warning: ASGinzburg/GradedLinearMapRange.lean:31:0: Definition `ASGinzburg.ordinaryHomogeneousRangeDecomposition` of class type is semireducible. Most type class instances should be instance-reducible, so consider marking this
definition with `@[instance_reducible]`. If it is intentionally semireducible, this warning can be disabled with `set_option warn.classDefReducibility false`.
⚠ [4057/4703] Replayed ASGinzburg.ScalarStableGradedDecomposition
warning: ASGinzburg/ScalarStableGradedDecomposition.lean:23:0: Definition `ASGinzburg.scalarStableGradeDecomposition` of class type is semireducible. Most type class instances should be instance-reducible, so consider marking this
definition with `@[instance_reducible]`. If it is intentionally semireducible, this warning can be disabled with `set_option warn.classDefReducibility false`.
⚠ [4058/4703] Replayed ASGinzburg.GradedNilpotentActionSpanHomogeneity
warning: ASGinzburg/GradedNilpotentActionSpanHomogeneity.lean:74:2: Try this: 
  letI̵

The goal is a proposition, so `let` is preferred over `letI`.
The difference between `let` and `letI` is that `letI` inlines the value.
But this is not relevant for proofs because of proof irrelevance.

Note: This linter can be disabled with `set_option linter.style.haveILetI false`
⚠ [4061/4703] Replayed ASGinzburg.GradedNilpotentNakayamaLinearGrading
warning: ASGinzburg/GradedNilpotentNakayamaLinearGrading.lean:26:2: Try this: 
  letI̵

The goal is a proposition, so `let` is preferred over `letI`.
The difference between `let` and `letI` is that `letI` inlines the value.
But this is not relevant for proofs because of proof irrelevance.

Note: This linter can be disabled with `set_option linter.style.haveILetI false`
⚠ [4062/4703] Replayed ASGinzburg.GradedNilpotentCoverSurjectivity
warning: ASGinzburg/GradedNilpotentCoverSurjectivity.lean:32:2: Try this: 
  letI̵

The goal is a proposition, so `let` is preferred over `letI`.
The difference between `let` and `letI` is that `letI` inlines the value.
But this is not relevant for proofs because of proof irrelevance.

Note: This linter can be disabled with `set_option linter.style.haveILetI false`
warning: ASGinzburg/GradedNilpotentCoverSurjectivity.lean:52:2: Try this: 
  letI̵

The goal is a proposition, so `let` is preferred over `letI`.
The difference between `let` and `letI` is that `letI` inlines the value.
But this is not relevant for proofs because of proof irrelevance.

Note: This linter can be disabled with `set_option linter.style.haveILetI false`
⚠ [4063/4703] Replayed ASGinzburg.GradedOrdinaryModuleData
warning: ASGinzburg/GradedOrdinaryModuleData.lean:24:0: Definition `ASGinzburg.GradedOrdinaryModuleData.decomposition` of class type is semireducible. Most type class instances should be instance-reducible, so consider marking this
definition with `@[instance_reducible]`. If it is intentionally semireducible, this warning can be disabled with `set_option warn.classDefReducibility false`.
⚠ [4065/4703] Replayed ASGinzburg.LinearDirectSumHomogeneousDecomposition
warning: ASGinzburg/LinearDirectSumHomogeneousDecomposition.lean:56:0: Definition `ASGinzburg.linearDirectSumHomogeneousDecomposition` of class type is semireducible. Most type class instances should be instance-reducible, so consider marking this
definition with `@[instance_reducible]`. If it is intentionally semireducible, this warning can be disabled with `set_option warn.classDefReducibility false`.
⚠ [4066/4703] Replayed ASGinzburg.NatHomogeneousSubspacesIntegerExtension
warning: ASGinzburg/NatHomogeneousSubspacesIntegerExtension.lean:72:0: Definition `ASGinzburg.natHomogeneousSubspaceIntegerExtensionDecomposition` of class type is semireducible. Most type class instances should be instance-reducible, so consider marking this
definition with `@[instance_reducible]`. If it is intentionally semireducible, this warning can be disabled with `set_option warn.classDefReducibility false`.
⚠ [4073/4703] Replayed ASGinzburg.NoncommNilpotentIdealSum
warning: ASGinzburg/NoncommNilpotentIdealSum.lean:13:2: Try this: 
  letI̵

The goal is a proposition, so `let` is preferred over `letI`.
The difference between `let` and `letI` is that `letI` inlines the value.
But this is not relevant for proofs because of proof irrelevance.

Note: This linter can be disabled with `set_option linter.style.haveILetI false`
⚠ [4074/4703] Replayed ASGinzburg.AlgebraEnvelopingNilpotentKernel
warning: ASGinzburg/AlgebraEnvelopingNilpotentKernel.lean:57:2: Try this: 
  letI̵

The goal is a proposition, so `let` is preferred over `letI`.
The difference between `let` and `letI` is that `letI` inlines the value.
But this is not relevant for proofs because of proof irrelevance.

Note: This linter can be disabled with `set_option linter.style.haveILetI false`
warning: ASGinzburg/AlgebraEnvelopingNilpotentKernel.lean:61:2: Try this: 
  letI̵

The goal is a proposition, so `let` is preferred over `letI`.
The difference between `let` and `letI` is that `letI` inlines the value.
But this is not relevant for proofs because of proof irrelevance.

Note: This linter can be disabled with `set_option linter.style.haveILetI false`
⚠ [4077/4703] Replayed ASGinzburg.GradedOrdinaryKernelData
warning: ASGinzburg/GradedOrdinaryKernelData.lean:32:0: Definition `ASGinzburg.GradedOrdinaryModuleData.kernelGradeDecomposition` of class type is semireducible. Most type class instances should be instance-reducible, so consider marking this
definition with `@[instance_reducible]`. If it is intentionally semireducible, this warning can be disabled with `set_option warn.classDefReducibility false`.
warning: ASGinzburg/GradedOrdinaryKernelData.lean:51:4: Try this: 
  letI̵

The goal is a proposition, so `let` is preferred over `letI`.
The difference between `let` and `letI` is that `letI` inlines the value.
But this is not relevant for proofs because of proof irrelevance.

Note: This linter can be disabled with `set_option linter.style.haveILetI false`
⚠ [4082/4703] Replayed ASGinzburg.AlgebraEnvelopingQuotientTensorRightModule
warning: ASGinzburg/AlgebraEnvelopingQuotientTensorRightModule.lean:18:0: Definition `ASGinzburg.quotientEnvelopingRightTargetModule` of class type is semireducible. Most type class instances should be instance-reducible, so consider marking this
definition with `@[instance_reducible]`. If it is intentionally semireducible, this warning can be disabled with `set_option warn.classDefReducibility false`.
warning: ASGinzburg/AlgebraEnvelopingQuotientTensorRightModule.lean:23:17: Definition `ASGinzburg.quotientEnvelopingRightTargetModule` of class type is semireducible. Most type class instances should be instance-reducible, so consider marking this
definition with `@[instance_reducible]`. If it is intentionally semireducible, this warning can be disabled with `set_option warn.classDefReducibility false`.
warning: ASGinzburg/AlgebraEnvelopingQuotientTensorRightModule.lean:29:0: Definition `ASGinzburg.idealQuotientRightScalarTower` of class type is semireducible. Most type class instances should be instance-reducible, so consider marking this
definition with `@[instance_reducible]`. If it is intentionally semireducible, this warning can be disabled with `set_option warn.classDefReducibility false`.
warning: ASGinzburg/AlgebraEnvelopingQuotientTensorRightModule.lean:29:0: Definition `idealQuotientRightScalarTower` is a proposition; use `theorem` instead of `def`

Note: This linter can be disabled with `set_option linter.defProp false`
warning: ASGinzburg/AlgebraEnvelopingQuotientTensorRightModule.lean:35:17: Definition `ASGinzburg.idealQuotientRightScalarTower` of class type is semireducible. Most type class instances should be instance-reducible, so consider marking this
definition with `@[instance_reducible]`. If it is intentionally semireducible, this warning can be disabled with `set_option warn.classDefReducibility false`.
warning: ASGinzburg/AlgebraEnvelopingQuotientTensorRightModule.lean:63:4: This simp argument is unused:
  LinearEquiv.trans_apply

Hint: Omit it from the simp argument list.
  [apply] simp only [quotientTensorRightTmul, quotientTensorRightCanonicalFieldEquiv]

Note: This linter can be disabled with `set_option linter.unusedSimpArgs false`
warning: ASGinzburg/AlgebraEnvelopingQuotientTensorRightModule.lean:80:4: Try this: 
  letI̵

The goal is a proposition, so `let` is preferred over `letI`.
The difference between `let` and `letI` is that `letI` inlines the value.
But this is not relevant for proofs because of proof irrelevance.

Note: This linter can be disabled with `set_option linter.style.haveILetI false`
⚠ [4086/4703] Replayed ASGinzburg.BalancedTensorEnvelopingFunctorComparison
warning: ASGinzburg/BalancedTensorEnvelopingFunctorComparison.lean:19:17: Definition `ASGinzburg.tensorRightEnvelopingModule` of class type is semireducible. Most type class instances should be instance-reducible, so consider marking this
definition with `@[instance_reducible]`. If it is intentionally semireducible, this warning can be disabled with `set_option warn.classDefReducibility false`.
warning: ASGinzburg/BalancedTensorEnvelopingFunctorComparison.lean:19:17: Definition `ASGinzburg.tensorRightEnvelopingScalarTower` of class type is semireducible. Most type class instances should be instance-reducible, so consider marking this
definition with `@[instance_reducible]`. If it is intentionally semireducible, this warning can be disabled with `set_option warn.classDefReducibility false`.
warning: ASGinzburg/BalancedTensorEnvelopingFunctorComparison.lean:19:17: Definition `ASGinzburg.regularEnvelopingModule` of class type is semireducible. Most type class instances should be instance-reducible, so consider marking this
definition with `@[instance_reducible]`. If it is intentionally semireducible, this warning can be disabled with `set_option warn.classDefReducibility false`.
warning: ASGinzburg/BalancedTensorEnvelopingFunctorComparison.lean:19:17: Definition `ASGinzburg.regularEnvelopingScalarTower` of class type is semireducible. Most type class instances should be instance-reducible, so consider marking this
definition with `@[instance_reducible]`. If it is intentionally semireducible, this warning can be disabled with `set_option warn.classDefReducibility false`.
⚠ [4088/4703] Replayed ASGinzburg.BalancedTensorEnvelopingScalarNaturality
warning: ASGinzburg/BalancedTensorEnvelopingScalarNaturality.lean:14:17: Definition `ASGinzburg.tensorRightEnvelopingModule` of class type is semireducible. Most type class instances should be instance-reducible, so consider marking this
definition with `@[instance_reducible]`. If it is intentionally semireducible, this warning can be disabled with `set_option warn.classDefReducibility false`.
warning: ASGinzburg/BalancedTensorEnvelopingScalarNaturality.lean:14:17: Definition `ASGinzburg.tensorRightEnvelopingScalarTower` of class type is semireducible. Most type class instances should be instance-reducible, so consider marking this
definition with `@[instance_reducible]`. If it is intentionally semireducible, this warning can be disabled with `set_option warn.classDefReducibility false`.
warning: ASGinzburg/BalancedTensorEnvelopingScalarNaturality.lean:14:17: Definition `ASGinzburg.regularEnvelopingModule` of class type is semireducible. Most type class instances should be instance-reducible, so consider marking this
definition with `@[instance_reducible]`. If it is intentionally semireducible, this warning can be disabled with `set_option warn.classDefReducibility false`.
warning: ASGinzburg/BalancedTensorEnvelopingScalarNaturality.lean:14:17: Definition `ASGinzburg.regularEnvelopingScalarTower` of class type is semireducible. Most type class instances should be instance-reducible, so consider marking this
definition with `@[instance_reducible]`. If it is intentionally semireducible, this warning can be disabled with `set_option warn.classDefReducibility false`.
⚠ [4090/4703] Replayed ASGinzburg.BifunctorTotalRightResolutionAugmentation
warning: ASGinzburg/BifunctorTotalRightResolutionAugmentation.lean:39:2: Try this: 
  haveI̵

The goal is a proposition, so `have` is preferred over `haveI`.
The difference between `have` and `haveI` is that `haveI` inlines the value.
But this is not relevant for proofs because of proof irrelevance.

Note: This linter can be disabled with `set_option linter.style.haveILetI false`
⚠ [4091/4703] Replayed ASGinzburg.BalancedTensorLeftProjectiveExactness
warning: ASGinzburg/BalancedTensorLeftProjectiveExactness.lean:31:2: Try this: 
  letI̵

The goal is a proposition, so `let` is preferred over `letI`.
The difference between `let` and `letI` is that `letI` inlines the value.
But this is not relevant for proofs because of proof irrelevance.

Note: This linter can be disabled with `set_option linter.style.haveILetI false`
warning: ASGinzburg/BalancedTensorLeftProjectiveExactness.lean:38:2: Try this: 
  letI̵

The goal is a proposition, so `let` is preferred over `letI`.
The difference between `let` and `letI` is that `letI` inlines the value.
But this is not relevant for proofs because of proof irrelevance.

Note: This linter can be disabled with `set_option linter.style.haveILetI false`
warning: ASGinzburg/BalancedTensorLeftProjectiveExactness.lean:39:2: Try this: 
  letI̵

The goal is a proposition, so `let` is preferred over `letI`.
The difference between `let` and `letI` is that `letI` inlines the value.
But this is not relevant for proofs because of proof irrelevance.

Note: This linter can be disabled with `set_option linter.style.haveILetI false`
warning: ASGinzburg/BalancedTensorLeftProjectiveExactness.lean:40:2: Try this: 
  letI̵

The goal is a proposition, so `let` is preferred over `letI`.
The difference between `let` and `letI` is that `letI` inlines the value.
But this is not relevant for proofs because of proof irrelevance.

Note: This linter can be disabled with `set_option linter.style.haveILetI false`
warning: ASGinzburg/BalancedTensorLeftProjectiveExactness.lean:41:2: Try this: 
  letI̵

The goal is a proposition, so `let` is preferred over `letI`.
The difference between `let` and `letI` is that `letI` inlines the value.
But this is not relevant for proofs because of proof irrelevance.

Note: This linter can be disabled with `set_option linter.style.haveILetI false`
warning: ASGinzburg/BalancedTensorLeftProjectiveExactness.lean:42:8: `CategoryTheory.Functor.preservesMonomorphisms.of_iso` has been deprecated: Use `CategoryTheory.Functor.PreservesMonomorphisms.of_iso` instead

Note: The updated constant is in a different namespace. Dot notation may need to be changed (e.g., from `x.of_iso` to `Functor.PreservesMonomorphisms.of_iso x`).
⚠ [4093/4703] Replayed ASGinzburg.BalancedTensorFinite
warning: ASGinzburg/BalancedTensorFinite.lean:45:2: Try this: 
  haveI̵

The goal is a proposition, so `have` is preferred over `haveI`.
The difference between `have` and `haveI` is that `haveI` inlines the value.
But this is not relevant for proofs because of proof irrelevance.

Note: This linter can be disabled with `set_option linter.style.haveILetI false`
⚠ [4094/4703] Replayed ASGinzburg.BalancedTensorTorLeftFinite
warning: ASGinzburg/BalancedTensorTorLeftFinite.lean:16:2: Try this: 
  haveI̵

The goal is a proposition, so `have` is preferred over `haveI`.
The difference between `have` and `haveI` is that `haveI` inlines the value.
But this is not relevant for proofs because of proof irrelevance.

Note: This linter can be disabled with `set_option linter.style.haveILetI false`
warning: ASGinzburg/BalancedTensorTorLeftFinite.lean:32:2: Try this: 
  haveI̵

The goal is a proposition, so `have` is preferred over `haveI`.
The difference between `have` and `haveI` is that `haveI` inlines the value.
But this is not relevant for proofs because of proof irrelevance.

Note: This linter can be disabled with `set_option linter.style.haveILetI false`
warning: ASGinzburg/BalancedTensorTorLeftFinite.lean:34:2: Try this: 
  haveI̵

The goal is a proposition, so `have` is preferred over `haveI`.
The difference between `have` and `haveI` is that `haveI` inlines the value.
But this is not relevant for proofs because of proof irrelevance.

Note: This linter can be disabled with `set_option linter.style.haveILetI false`
warning: ASGinzburg/BalancedTensorTorLeftFinite.lean:37:2: Try this: 
  haveI̵

The goal is a proposition, so `have` is preferred over `haveI`.
The difference between `have` and `haveI` is that `haveI` inlines the value.
But this is not relevant for proofs because of proof irrelevance.

Note: This linter can be disabled with `set_option linter.style.haveILetI false`
warning: ASGinzburg/BalancedTensorTorLeftFinite.lean:39:2: Try this: 
  haveI̵

The goal is a proposition, so `have` is preferred over `haveI`.
The difference between `have` and `haveI` is that `haveI` inlines the value.
But this is not relevant for proofs because of proof irrelevance.

Note: This linter can be disabled with `set_option linter.style.haveILetI false`
⚠ [4098/4703] Replayed ASGinzburg.IdealQuotientRightFieldComparison
warning: ASGinzburg/IdealQuotientRightFieldComparison.lean:14:17: Definition `ASGinzburg.idealQuotientRightScalarTower` of class type is semireducible. Most type class instances should be instance-reducible, so consider marking this
definition with `@[instance_reducible]`. If it is intentionally semireducible, this warning can be disabled with `set_option warn.classDefReducibility false`.
⚠ [4101/4703] Replayed ASGinzburg.BalancedTensorRightMinimalTop
warning: ASGinzburg/BalancedTensorRightMinimalTop.lean:49:2: Try this: 
  letI̵

The goal is a proposition, so `let` is preferred over `letI`.
The difference between `let` and `letI` is that `letI` inlines the value.
But this is not relevant for proofs because of proof irrelevance.

Note: This linter can be disabled with `set_option linter.style.haveILetI false`
⚠ [4104/4703] Replayed ASGinzburg.GradedNilpotentFiniteGeneration
warning: ASGinzburg/GradedNilpotentFiniteGeneration.lean:76:2: Try this: 
  letI̵

The goal is a proposition, so `let` is preferred over `letI`.
The difference between `let` and `letI` is that `letI` inlines the value.
But this is not relevant for proofs because of proof irrelevance.

Note: This linter can be disabled with `set_option linter.style.haveILetI false`
warning: ASGinzburg/GradedNilpotentFiniteGeneration.lean:98:2: Try this: 
  letI̵

The goal is a proposition, so `let` is preferred over `letI`.
The difference between `let` and `letI` is that `letI` inlines the value.
But this is not relevant for proofs because of proof irrelevance.

Note: This linter can be disabled with `set_option linter.style.haveILetI false`
⚠ [4105/4703] Replayed ASGinzburg.FiniteFourTermProjectiveResolution
warning: ASGinzburg/FiniteFourTermProjectiveResolution.lean:32:4: Try this: 
  letI̵

The goal is a proposition, so `let` is preferred over `letI`.
The difference between `let` and `letI` is that `letI` inlines the value.
But this is not relevant for proofs because of proof irrelevance.

Note: This linter can be disabled with `set_option linter.style.haveILetI false`
⚠ [4108/4703] Replayed ASGinzburg.OrdinaryModuleFiniteFreeRetract
warning: ASGinzburg/OrdinaryModuleFiniteFreeRetract.lean:18:2: Try this: 
  letI̵

The goal is a proposition, so `let` is preferred over `letI`.
The difference between `let` and `letI` is that `letI` inlines the value.
But this is not relevant for proofs because of proof irrelevance.

Note: This linter can be disabled with `set_option linter.style.haveILetI false`
warning: ASGinzburg/OrdinaryModuleFiniteFreeRetract.lean:29:4: Try this: 
  letI̵

The goal is a proposition, so `let` is preferred over `letI`.
The difference between `let` and `letI` is that `letI` inlines the value.
But this is not relevant for proofs because of proof irrelevance.

Note: This linter can be disabled with `set_option linter.style.haveILetI false`
warning: ASGinzburg/OrdinaryModuleFiniteFreeRetract.lean:36:4: Try this: 
  letI̵

The goal is a proposition, so `let` is preferred over `letI`.
The difference between `let` and `letI` is that `letI` inlines the value.
But this is not relevant for proofs because of proof irrelevance.

Note: This linter can be disabled with `set_option linter.style.haveILetI false`
warning: ASGinzburg/OrdinaryModuleFiniteFreeRetract.lean:37:4: Try this: 
  letI̵

The goal is a proposition, so `let` is preferred over `letI`.
The difference between `let` and `letI` is that `letI` inlines the value.
But this is not relevant for proofs because of proof irrelevance.

Note: This linter can be disabled with `set_option linter.style.haveILetI false`
⚠ [4112/4703] Replayed ASGinzburg.ModuleCatRingEquivProjectiveDimension
warning: ASGinzburg/ModuleCatRingEquivProjectiveDimension.lean:18:2: Try this: 
  letI̵

The goal is a proposition, so `let` is preferred over `letI`.
The difference between `let` and `letI` is that `letI` inlines the value.
But this is not relevant for proofs because of proof irrelevance.

Note: This linter can be disabled with `set_option linter.style.haveILetI false`
⚠ [4113/4703] Replayed ASGinzburg.EnvelopingLeftModuleProjectiveDimension
warning: ASGinzburg/EnvelopingLeftModuleProjectiveDimension.lean:16:2: Try this: 
  haveI̵

The goal is a proposition, so `have` is preferred over `haveI`.
The difference between `have` and `haveI` is that `haveI` inlines the value.
But this is not relevant for proofs because of proof irrelevance.

Note: This linter can be disabled with `set_option linter.style.haveILetI false`
warning: ASGinzburg/EnvelopingLeftModuleProjectiveDimension.lean:31:2: Try this: 
  haveI̵

The goal is a proposition, so `have` is preferred over `haveI`.
The difference between `have` and `haveI` is that `haveI` inlines the value.
But this is not relevant for proofs because of proof irrelevance.

Note: This linter can be disabled with `set_option linter.style.haveILetI false`
⚠ [4116/4703] Replayed ASGinzburg.BalancedTensorTotalPositiveExactness
warning: ASGinzburg/BalancedTensorTotalPositiveExactness.lean:22:2: Try this: 
  letI̵

The goal is a proposition, so `let` is preferred over `letI`.
The difference between `let` and `letI` is that `letI` inlines the value.
But this is not relevant for proofs because of proof irrelevance.

Note: This linter can be disabled with `set_option linter.style.haveILetI false`
warning: ASGinzburg/BalancedTensorTotalPositiveExactness.lean:23:2: Try this: 
  letI̵

The goal is a proposition, so `let` is preferred over `letI`.
The difference between `let` and `letI` is that `letI` inlines the value.
But this is not relevant for proofs because of proof irrelevance.

Note: This linter can be disabled with `set_option linter.style.haveILetI false`
⚠ [4118/4703] Replayed ASGinzburg.GradedNilpotentMinimalTorDetection
warning: ASGinzburg/GradedNilpotentMinimalTorDetection.lean:37:2: Try this: 
  letI̵

The goal is a proposition, so `let` is preferred over `letI`.
The difference between `let` and `letI` is that `letI` inlines the value.
But this is not relevant for proofs because of proof irrelevance.

Note: This linter can be disabled with `set_option linter.style.haveILetI false`
⚠ [4124/4703] Replayed ASGinzburg.TriangleQuadraticResolution
warning: ASGinzburg/TriangleQuadraticResolution.lean:68:4: Try this: 
  haveI̵

The goal is a proposition, so `have` is preferred over `haveI`.
The difference between `have` and `haveI` is that `haveI` inlines the value.
But this is not relevant for proofs because of proof irrelevance.

Note: This linter can be disabled with `set_option linter.style.haveILetI false`
warning: ASGinzburg/TriangleQuadraticResolution.lean:111:4: Try this: 
  haveI̵

The goal is a proposition, so `have` is preferred over `haveI`.
The difference between `have` and `haveI` is that `haveI` inlines the value.
But this is not relevant for proofs because of proof irrelevance.

Note: This linter can be disabled with `set_option linter.style.haveILetI false`
⚠ [4141/4782] Replayed ASGinzburg.BalancedTensorEnvelopingFunctorNaturality
warning: ASGinzburg/BalancedTensorEnvelopingFunctorNaturality.lean:13:17: Definition `ASGinzburg.tensorRightEnvelopingModule` of class type is semireducible. Most type class instances should be instance-reducible, so consider marking this
definition with `@[instance_reducible]`. If it is intentionally semireducible, this warning can be disabled with `set_option warn.classDefReducibility false`.
warning: ASGinzburg/BalancedTensorEnvelopingFunctorNaturality.lean:13:17: Definition `ASGinzburg.tensorRightEnvelopingScalarTower` of class type is semireducible. Most type class instances should be instance-reducible, so consider marking this
definition with `@[instance_reducible]`. If it is intentionally semireducible, this warning can be disabled with `set_option warn.classDefReducibility false`.
warning: ASGinzburg/BalancedTensorEnvelopingFunctorNaturality.lean:13:17: Definition `ASGinzburg.regularEnvelopingModule` of class type is semireducible. Most type class instances should be instance-reducible, so consider marking this
definition with `@[instance_reducible]`. If it is intentionally semireducible, this warning can be disabled with `set_option warn.classDefReducibility false`.
warning: ASGinzburg/BalancedTensorEnvelopingFunctorNaturality.lean:13:17: Definition `ASGinzburg.regularEnvelopingScalarTower` of class type is semireducible. Most type class instances should be instance-reducible, so consider marking this
definition with `@[instance_reducible]`. If it is intentionally semireducible, this warning can be disabled with `set_option warn.classDefReducibility false`.
⚠ [4142/4782] Replayed ASGinzburg.BalancedTensorEnvelopingBicomplexComparison
warning: ASGinzburg/BalancedTensorEnvelopingBicomplexComparison.lean:17:17: Definition `ASGinzburg.regularEnvelopingModule` of class type is semireducible. Most type class instances should be instance-reducible, so consider marking this
definition with `@[instance_reducible]`. If it is intentionally semireducible, this warning can be disabled with `set_option warn.classDefReducibility false`.
warning: ASGinzburg/BalancedTensorEnvelopingBicomplexComparison.lean:17:17: Definition `ASGinzburg.regularEnvelopingScalarTower` of class type is semireducible. Most type class instances should be instance-reducible, so consider marking this
definition with `@[instance_reducible]`. If it is intentionally semireducible, this warning can be disabled with `set_option warn.classDefReducibility false`.
⚠ [4143/4782] Replayed ASGinzburg.BalancedTensorDoubleResolutionTor
warning: ASGinzburg/BalancedTensorDoubleResolutionTor.lean:20:2: Try this: 
  letI̵

The goal is a proposition, so `let` is preferred over `letI`.
The difference between `let` and `letI` is that `letI` inlines the value.
But this is not relevant for proofs because of proof irrelevance.

Note: This linter can be disabled with `set_option linter.style.haveILetI false`
warning: ASGinzburg/BalancedTensorDoubleResolutionTor.lean:21:2: Try this: 
  letI̵

The goal is a proposition, so `let` is preferred over `letI`.
The difference between `let` and `letI` is that `letI` inlines the value.
But this is not relevant for proofs because of proof irrelevance.

Note: This linter can be disabled with `set_option linter.style.haveILetI false`
warning: ASGinzburg/BalancedTensorDoubleResolutionTor.lean:40:2: Try this: 
  letI̵

The goal is a proposition, so `let` is preferred over `letI`.
The difference between `let` and `letI` is that `letI` inlines the value.
But this is not relevant for proofs because of proof irrelevance.

Note: This linter can be disabled with `set_option linter.style.haveILetI false`
warning: ASGinzburg/BalancedTensorDoubleResolutionTor.lean:43:2: Try this: 
  letI̵

The goal is a proposition, so `let` is preferred over `letI`.
The difference between `let` and `letI` is that `letI` inlines the value.
But this is not relevant for proofs because of proof irrelevance.

Note: This linter can be disabled with `set_option linter.style.haveILetI false`
⚠ [4145/4782] Replayed ASGinzburg.FiniteFourTermPerfectComplex
warning: ASGinzburg/FiniteFourTermPerfectComplex.lean:23:4: Try this: 
  haveI̵

The goal is a proposition, so `have` is preferred over `haveI`.
The difference between `have` and `haveI` is that `haveI` inlines the value.
But this is not relevant for proofs because of proof irrelevance.

Note: This linter can be disabled with `set_option linter.style.haveILetI false`
warning: ASGinzburg/FiniteFourTermPerfectComplex.lean:25:4: Try this: 
  haveI̵

The goal is a proposition, so `have` is preferred over `haveI`.
The difference between `have` and `haveI` is that `haveI` inlines the value.
But this is not relevant for proofs because of proof irrelevance.

Note: This linter can be disabled with `set_option linter.style.haveILetI false`
warning: ASGinzburg/FiniteFourTermPerfectComplex.lean:60:2: Try this: 
  haveI̵

The goal is a proposition, so `have` is preferred over `haveI`.
The difference between `have` and `haveI` is that `haveI` inlines the value.
But this is not relevant for proofs because of proof irrelevance.

Note: This linter can be disabled with `set_option linter.style.haveILetI false`
⚠ [4147/4782] Replayed ASGinzburg.OrdinaryPerfectDerivedObject
warning: ASGinzburg/OrdinaryPerfectDerivedObject.lean:35:2: Try this: 
  letI̵

The goal is a proposition, so `let` is preferred over `letI`.
The difference between `let` and `letI` is that `letI` inlines the value.
But this is not relevant for proofs because of proof irrelevance.

Note: This linter can be disabled with `set_option linter.style.haveILetI false`
⚠ [4149/4782] Replayed ASGinzburg.QuadraticResolutionComponents
warning: ASGinzburg/QuadraticResolutionComponents.lean:36:4: Try this: 
  letI̵

The goal is a proposition, so `let` is preferred over `letI`.
The difference between `let` and `letI` is that `letI` inlines the value.
But this is not relevant for proofs because of proof irrelevance.

Note: This linter can be disabled with `set_option linter.style.haveILetI false`
warning: ASGinzburg/QuadraticResolutionComponents.lean:38:8: `if_neg` has been deprecated: Use `ite_eq_right` instead
warning: ASGinzburg/QuadraticResolutionComponents.lean:48:2: Try this: 
  haveI̵

The goal is a proposition, so `have` is preferred over `haveI`.
The difference between `have` and `haveI` is that `haveI` inlines the value.
But this is not relevant for proofs because of proof irrelevance.

Note: This linter can be disabled with `set_option linter.style.haveILetI false`
warning: ASGinzburg/QuadraticResolutionComponents.lean:49:2: Try this: 
  haveI̵

The goal is a proposition, so `have` is preferred over `haveI`.
The difference between `have` and `haveI` is that `haveI` inlines the value.
But this is not relevant for proofs because of proof irrelevance.

Note: This linter can be disabled with `set_option linter.style.haveILetI false`
warning: ASGinzburg/QuadraticResolutionComponents.lean:50:2: Try this: 
  haveI̵

The goal is a proposition, so `have` is preferred over `haveI`.
The difference between `have` and `haveI` is that `haveI` inlines the value.
But this is not relevant for proofs because of proof irrelevance.

Note: This linter can be disabled with `set_option linter.style.haveILetI false`
warning: ASGinzburg/QuadraticResolutionComponents.lean:53:2: Try this: 
  haveI̵

The goal is a proposition, so `have` is preferred over `haveI`.
The difference between `have` and `haveI` is that `haveI` inlines the value.
But this is not relevant for proofs because of proof irrelevance.

Note: This linter can be disabled with `set_option linter.style.haveILetI false`
⚠ [4150/4782] Replayed ASGinzburg.ASResolutionComponentEuler
warning: ASGinzburg/ASResolutionComponentEuler.lean:32:2: Try this: 
  letI̵

The goal is a proposition, so `let` is preferred over `letI`.
The difference between `let` and `letI` is that `letI` inlines the value.
But this is not relevant for proofs because of proof irrelevance.

Note: This linter can be disabled with `set_option linter.style.haveILetI false`
warning: ASGinzburg/ASResolutionComponentEuler.lean:41:2: Try this: 
  letI̵

The goal is a proposition, so `let` is preferred over `letI`.
The difference between `let` and `letI` is that `letI` inlines the value.
But this is not relevant for proofs because of proof irrelevance.

Note: This linter can be disabled with `set_option linter.style.haveILetI false`
warning: ASGinzburg/ASResolutionComponentEuler.lean:53:2: Try this: 
  letI̵

The goal is a proposition, so `let` is preferred over `letI`.
The difference between `let` and `letI` is that `letI` inlines the value.
But this is not relevant for proofs because of proof irrelevance.

Note: This linter can be disabled with `set_option linter.style.haveILetI false`
warning: ASGinzburg/ASResolutionComponentEuler.lean:66:2: Try this: 
  letI̵

The goal is a proposition, so `let` is preferred over `letI`.
The difference between `let` and `letI` is that `letI` inlines the value.
But this is not relevant for proofs because of proof irrelevance.

Note: This linter can be disabled with `set_option linter.style.haveILetI false`
warning: ASGinzburg/ASResolutionComponentEuler.lean:84:2: Try this: 
  haveI̵

The goal is a proposition, so `have` is preferred over `haveI`.
The difference between `have` and `haveI` is that `haveI` inlines the value.
But this is not relevant for proofs because of proof irrelevance.

Note: This linter can be disabled with `set_option linter.style.haveILetI false`
warning: ASGinzburg/ASResolutionComponentEuler.lean:85:2: Try this: 
  haveI̵

The goal is a proposition, so `have` is preferred over `haveI`.
The difference between `have` and `haveI` is that `haveI` inlines the value.
But this is not relevant for proofs because of proof irrelevance.

Note: This linter can be disabled with `set_option linter.style.haveILetI false`
warning: ASGinzburg/ASResolutionComponentEuler.lean:86:2: Try this: 
  haveI̵

The goal is a proposition, so `have` is preferred over `haveI`.
The difference between `have` and `haveI` is that `haveI` inlines the value.
But this is not relevant for proofs because of proof irrelevance.

Note: This linter can be disabled with `set_option linter.style.haveILetI false`
warning: ASGinzburg/ASResolutionComponentEuler.lean:87:2: Try this: 
  haveI̵

The goal is a proposition, so `have` is preferred over `haveI`.
The difference between `have` and `haveI` is that `haveI` inlines the value.
But this is not relevant for proofs because of proof irrelevance.

Note: This linter can be disabled with `set_option linter.style.haveILetI false`
⚠ [4153/4782] Replayed ASGinzburg.OrdinaryModuleRingDualFinite
warning: ASGinzburg/OrdinaryModuleRingDualFinite.lean:33:2: Try this: 
  letI̵

The goal is a proposition, so `let` is preferred over `letI`.
The difference between `let` and `letI` is that `letI` inlines the value.
But this is not relevant for proofs because of proof irrelevance.

Note: This linter can be disabled with `set_option linter.style.haveILetI false`
⚠ [4156/4782] Replayed ASGinzburg.GradedOrdinaryRingDualComponents
warning: ASGinzburg/GradedOrdinaryRingDualComponents.lean:28:2: Try this: 
  letI̵

The goal is a proposition, so `let` is preferred over `letI`.
The difference between `let` and `letI` is that `letI` inlines the value.
But this is not relevant for proofs because of proof irrelevance.

Note: This linter can be disabled with `set_option linter.style.haveILetI false`
warning: ASGinzburg/GradedOrdinaryRingDualComponents.lean:42:2: Try this: 
  letI̵

The goal is a proposition, so `let` is preferred over `letI`.
The difference between `let` and `letI` is that `letI` inlines the value.
But this is not relevant for proofs because of proof irrelevance.

Note: This linter can be disabled with `set_option linter.style.haveILetI false`
warning: ASGinzburg/GradedOrdinaryRingDualComponents.lean:89:2: Try this: 
  letI̵

The goal is a proposition, so `let` is preferred over `letI`.
The difference between `let` and `letI` is that `letI` inlines the value.
But this is not relevant for proofs because of proof irrelevance.

Note: This linter can be disabled with `set_option linter.style.haveILetI false`
warning: ASGinzburg/GradedOrdinaryRingDualComponents.lean:104:2: Try this: 
  letI̵

The goal is a proposition, so `let` is preferred over `letI`.
The difference between `let` and `letI` is that `letI` inlines the value.
But this is not relevant for proofs because of proof irrelevance.

Note: This linter can be disabled with `set_option linter.style.haveILetI false`
⚠ [4157/4782] Replayed ASGinzburg.GradedOrdinaryFiniteHomogeneousGenerators
warning: ASGinzburg/GradedOrdinaryFiniteHomogeneousGenerators.lean:19:2: Try this: 
  letI̵

The goal is a proposition, so `let` is preferred over `letI`.
The difference between `let` and `letI` is that `letI` inlines the value.
But this is not relevant for proofs because of proof irrelevance.

Note: This linter can be disabled with `set_option linter.style.haveILetI false`
⚠ [4158/4782] Replayed ASGinzburg.GradedOrdinaryRingDualBoundedBelow
warning: ASGinzburg/GradedOrdinaryRingDualBoundedBelow.lean:20:2: Try this: 
  letI̵

The goal is a proposition, so `let` is preferred over `letI`.
The difference between `let` and `letI` is that `letI` inlines the value.
But this is not relevant for proofs because of proof irrelevance.

Note: This linter can be disabled with `set_option linter.style.haveILetI false`
⚠ [4159/4782] Replayed ASGinzburg.OrdinaryRingDualTensorEvaluation
warning: ASGinzburg/OrdinaryRingDualTensorEvaluation.lean:14:0: Definition `ASGinzburg.ordinaryRingDualTensorModuleK` of class type is semireducible. Most type class instances should be instance-reducible, so consider marking this
definition with `@[instance_reducible]`. If it is intentionally semireducible, this warning can be disabled with `set_option warn.classDefReducibility false`.
warning: ASGinzburg/OrdinaryRingDualTensorEvaluation.lean:18:17: Definition `ASGinzburg.ordinaryRingDualTensorModuleK` of class type is semireducible. Most type class instances should be instance-reducible, so consider marking this
definition with `@[instance_reducible]`. If it is intentionally semireducible, this warning can be disabled with `set_option warn.classDefReducibility false`.
warning: ASGinzburg/OrdinaryRingDualTensorEvaluation.lean:25:2: Try this: 
  letI̵

The goal is a proposition, so `let` is preferred over `letI`.
The difference between `let` and `letI` is that `letI` inlines the value.
But this is not relevant for proofs because of proof irrelevance.

Note: This linter can be disabled with `set_option linter.style.haveILetI false`
warning: ASGinzburg/OrdinaryRingDualTensorEvaluation.lean:26:2: Try this: 
  letI̵

The goal is a proposition, so `let` is preferred over `letI`.
The difference between `let` and `letI` is that `letI` inlines the value.
But this is not relevant for proofs because of proof irrelevance.

Note: This linter can be disabled with `set_option linter.style.haveILetI false`
warning: ASGinzburg/OrdinaryRingDualTensorEvaluation.lean:20:0: Definition `ASGinzburg.ordinaryRingDualTensorScalarTower` of class type is semireducible. Most type class instances should be instance-reducible, so consider marking this
definition with `@[instance_reducible]`. If it is intentionally semireducible, this warning can be disabled with `set_option warn.classDefReducibility false`.
warning: ASGinzburg/OrdinaryRingDualTensorEvaluation.lean:20:0: Definition `ordinaryRingDualTensorScalarTower` is a proposition; use `theorem` instead of `def`

Note: This linter can be disabled with `set_option linter.defProp false`
warning: ASGinzburg/OrdinaryRingDualTensorEvaluation.lean:33:17: Definition `ASGinzburg.ordinaryRingDualTensorScalarTower` of class type is semireducible. Most type class instances should be instance-reducible, so consider marking this
definition with `@[instance_reducible]`. If it is intentionally semireducible, this warning can be disabled with `set_option warn.classDefReducibility false`.
warning: ASGinzburg/OrdinaryRingDualTensorEvaluation.lean:88:4: Try this: 
  letI̵

The goal is a proposition, so `let` is preferred over `letI`.
The difference between `let` and `letI` is that `letI` inlines the value.
But this is not relevant for proofs because of proof irrelevance.

Note: This linter can be disabled with `set_option linter.style.haveILetI false`
warning: ASGinzburg/OrdinaryRingDualTensorEvaluation.lean:89:4: Try this: 
  letI̵

The goal is a proposition, so `let` is preferred over `letI`.
The difference between `let` and `letI` is that `letI` inlines the value.
But this is not relevant for proofs because of proof irrelevance.

Note: This linter can be disabled with `set_option linter.style.haveILetI false`
warning: ASGinzburg/OrdinaryRingDualTensorEvaluation.lean:90:4: Try this: 
  letI̵

The goal is a proposition, so `let` is preferred over `letI`.
The difference between `let` and `letI` is that `letI` inlines the value.
But this is not relevant for proofs because of proof irrelevance.

Note: This linter can be disabled with `set_option linter.style.haveILetI false`
warning: ASGinzburg/OrdinaryRingDualTensorEvaluation.lean:92:4: Try this: 
  letI̵

The goal is a proposition, so `let` is preferred over `letI`.
The difference between `let` and `letI` is that `letI` inlines the value.
But this is not relevant for proofs because of proof irrelevance.

Note: This linter can be disabled with `set_option linter.style.haveILetI false`
warning: ASGinzburg/OrdinaryRingDualTensorEvaluation.lean:94:4: Try this: 
  letI̵

The goal is a proposition, so `let` is preferred over `letI`.
The difference between `let` and `letI` is that `letI` inlines the value.
But this is not relevant for proofs because of proof irrelevance.

Note: This linter can be disabled with `set_option linter.style.haveILetI false`
warning: ASGinzburg/OrdinaryRingDualTensorEvaluation.lean:95:4: Try this: 
  letI̵

The goal is a proposition, so `let` is preferred over `letI`.
The difference between `let` and `letI` is that `letI` inlines the value.
But this is not relevant for proofs because of proof irrelevance.

Note: This linter can be disabled with `set_option linter.style.haveILetI false`
⚠ [4166/4782] Replayed ASGinzburg.AlgebraEnvelopingOppositeLeftProjective
warning: ASGinzburg/AlgebraEnvelopingOppositeLeftProjective.lean:14:0: Definition `ASGinzburg.envelopingOppositeLeftModule` of class type is semireducible. Most type class instances should be instance-reducible, so consider marking this
definition with `@[instance_reducible]`. If it is intentionally semireducible, this warning can be disabled with `set_option warn.classDefReducibility false`.
warning: ASGinzburg/AlgebraEnvelopingOppositeLeftProjective.lean:54:2: Try this: 
  letI̵

The goal is a proposition, so `let` is preferred over `letI`.
The difference between `let` and `letI` is that `letI` inlines the value.
But this is not relevant for proofs because of proof irrelevance.

Note: This linter can be disabled with `set_option linter.style.haveILetI false`
warning: ASGinzburg/AlgebraEnvelopingOppositeLeftProjective.lean:62:2: Try this: 
  letI̵

The goal is a proposition, so `let` is preferred over `letI`.
The difference between `let` and `letI` is that `letI` inlines the value.
But this is not relevant for proofs because of proof irrelevance.

Note: This linter can be disabled with `set_option linter.style.haveILetI false`
warning: ASGinzburg/AlgebraEnvelopingOppositeLeftProjective.lean:63:2: Try this: 
  letI̵

The goal is a proposition, so `let` is preferred over `letI`.
The difference between `let` and `letI` is that `letI` inlines the value.
But this is not relevant for proofs because of proof irrelevance.

Note: This linter can be disabled with `set_option linter.style.haveILetI false`
warning: ASGinzburg/AlgebraEnvelopingOppositeLeftProjective.lean:64:2: Try this: 
  haveI̵

The goal is a proposition, so `have` is preferred over `haveI`.
The difference between `have` and `haveI` is that `haveI` inlines the value.
But this is not relevant for proofs because of proof irrelevance.

Note: This linter can be disabled with `set_option linter.style.haveILetI false`
⚠ [4167/4782] Replayed ASGinzburg.AlgebraEnvelopingRightModuleBimodule
warning: ASGinzburg/AlgebraEnvelopingRightModuleBimodule.lean:27:0: Definition `ASGinzburg.rightEnvelopingLeftModule` of class type is semireducible. Most type class instances should be instance-reducible, so consider marking this
definition with `@[instance_reducible]`. If it is intentionally semireducible, this warning can be disabled with `set_option warn.classDefReducibility false`.
warning: ASGinzburg/AlgebraEnvelopingRightModuleBimodule.lean:30:0: Definition `ASGinzburg.rightEnvelopingRightModule` of class type is semireducible. Most type class instances should be instance-reducible, so consider marking this
definition with `@[instance_reducible]`. If it is intentionally semireducible, this warning can be disabled with `set_option warn.classDefReducibility false`.
warning: ASGinzburg/AlgebraEnvelopingRightModuleBimodule.lean:37:2: Try this: 
  letI̵

The goal is a proposition, so `let` is preferred over `letI`.
The difference between `let` and `letI` is that `letI` inlines the value.
But this is not relevant for proofs because of proof irrelevance.

Note: This linter can be disabled with `set_option linter.style.haveILetI false`
warning: ASGinzburg/AlgebraEnvelopingRightModuleBimodule.lean:38:2: Try this: 
  letI̵

The goal is a proposition, so `let` is preferred over `letI`.
The difference between `let` and `letI` is that `letI` inlines the value.
But this is not relevant for proofs because of proof irrelevance.

Note: This linter can be disabled with `set_option linter.style.haveILetI false`
warning: ASGinzburg/AlgebraEnvelopingRightModuleBimodule.lean:33:0: Definition `ASGinzburg.rightEnvelopingActionsCommute` of class type is semireducible. Most type class instances should be instance-reducible, so consider marking this
definition with `@[instance_reducible]`. If it is intentionally semireducible, this warning can be disabled with `set_option warn.classDefReducibility false`.
warning: ASGinzburg/AlgebraEnvelopingRightModuleBimodule.lean:33:0: Definition `rightEnvelopingActionsCommute` is a proposition; use `theorem` instead of `def`

Note: This linter can be disabled with `set_option linter.defProp false`
warning: ASGinzburg/AlgebraEnvelopingRightModuleBimodule.lean:53:2: Try this: 
  letI̵

The goal is a proposition, so `let` is preferred over `letI`.
The difference between `let` and `letI` is that `letI` inlines the value.
But this is not relevant for proofs because of proof irrelevance.

Note: This linter can be disabled with `set_option linter.style.haveILetI false`
warning: ASGinzburg/AlgebraEnvelopingRightModuleBimodule.lean:54:2: Try this: 
  letI̵

The goal is a proposition, so `let` is preferred over `letI`.
The difference between `let` and `letI` is that `letI` inlines the value.
But this is not relevant for proofs because of proof irrelevance.

Note: This linter can be disabled with `set_option linter.style.haveILetI false`
⚠ [4176/4782] Replayed ASGinzburg.GradedOrdinaryCokernelData
warning: ASGinzburg/GradedOrdinaryCokernelData.lean:21:0: Definition `ASGinzburg.GradedOrdinaryModuleData.cokernelGradeDecomposition` of class type is semireducible. Most type class instances should be instance-reducible, so consider marking this
definition with `@[instance_reducible]`. If it is intentionally semireducible, this warning can be disabled with `set_option warn.classDefReducibility false`.
warning: ASGinzburg/GradedOrdinaryCokernelData.lean:38:4: Try this: 
  letI̵

The goal is a proposition, so `let` is preferred over `letI`.
The difference between `let` and `letI` is that `letI` inlines the value.
But this is not relevant for proofs because of proof irrelevance.

Note: This linter can be disabled with `set_option linter.style.haveILetI false`
⚠ [4189/4782] Replayed ASGinzburg.AlgebraEnvelopingTensorAugmentationRestriction
warning: ASGinzburg/AlgebraEnvelopingTensorAugmentationRestriction.lean:31:2: Try this: 
  letI̵

The goal is a proposition, so `let` is preferred over `letI`.
The difference between `let` and `letI` is that `letI` inlines the value.
But this is not relevant for proofs because of proof irrelevance.

Note: This linter can be disabled with `set_option linter.style.haveILetI false`
warning: ASGinzburg/AlgebraEnvelopingTensorAugmentationRestriction.lean:33:2: Try this: 
  letI̵

The goal is a proposition, so `let` is preferred over `letI`.
The difference between `let` and `letI` is that `letI` inlines the value.
But this is not relevant for proofs because of proof irrelevance.

Note: This linter can be disabled with `set_option linter.style.haveILetI false`
warning: ASGinzburg/AlgebraEnvelopingTensorAugmentationRestriction.lean:40:2: Try this: 
  letI̵

The goal is a proposition, so `let` is preferred over `letI`.
The difference between `let` and `letI` is that `letI` inlines the value.
But this is not relevant for proofs because of proof irrelevance.

Note: This linter can be disabled with `set_option linter.style.haveILetI false`
⚠ [4190/4782] Built ASGinzburg.RightBoundedMinimalSyzygies (4.5s)
warning: ASGinzburg/RightBoundedMinimalSyzygies.lean:77:2: Try this: 
  letI̵

The goal is a proposition, so `let` is preferred over `letI`.
The difference between `let` and `letI` is that `letI` inlines the value.
But this is not relevant for proofs because of proof irrelevance.

Note: This linter can be disabled with `set_option linter.style.haveILetI false`
⚠ [4191/4782] Replayed ASGinzburg.BalancedTensorDoubleResolutionRightTor
warning: ASGinzburg/BalancedTensorDoubleResolutionRightTor.lean:32:2: Try this: 
  letI̵

The goal is a proposition, so `let` is preferred over `letI`.
The difference between `let` and `letI` is that `letI` inlines the value.
But this is not relevant for proofs because of proof irrelevance.

Note: This linter can be disabled with `set_option linter.style.haveILetI false`
warning: ASGinzburg/BalancedTensorDoubleResolutionRightTor.lean:33:2: Try this: 
  letI̵

The goal is a proposition, so `let` is preferred over `letI`.
The difference between `let` and `letI` is that `letI` inlines the value.
But this is not relevant for proofs because of proof irrelevance.

Note: This linter can be disabled with `set_option linter.style.haveILetI false`
warning: ASGinzburg/BalancedTensorDoubleResolutionRightTor.lean:55:2: Try this: 
  letI̵

The goal is a proposition, so `let` is preferred over `letI`.
The difference between `let` and `letI` is that `letI` inlines the value.
But this is not relevant for proofs because of proof irrelevance.

Note: This linter can be disabled with `set_option linter.style.haveILetI false`
warning: ASGinzburg/BalancedTensorDoubleResolutionRightTor.lean:58:2: Try this: 
  letI̵

The goal is a proposition, so `let` is preferred over `letI`.
The difference between `let` and `letI` is that `letI` inlines the value.
But this is not relevant for proofs because of proof irrelevance.

Note: This linter can be disabled with `set_option linter.style.haveILetI false`
warning: ASGinzburg/BalancedTensorDoubleResolutionRightTor.lean:61:2: Try this: 
  letI̵

The goal is a proposition, so `let` is preferred over `letI`.
The difference between `let` and `letI` is that `letI` inlines the value.
But this is not relevant for proofs because of proof irrelevance.

Note: This linter can be disabled with `set_option linter.style.haveILetI false`
warning: ASGinzburg/BalancedTensorDoubleResolutionRightTor.lean:65:2: Try this: 
  letI̵

The goal is a proposition, so `let` is preferred over `letI`.
The difference between `let` and `letI` is that `letI` inlines the value.
But this is not relevant for proofs because of proof irrelevance.

Note: This linter can be disabled with `set_option linter.style.haveILetI false`
⚠ [4193/4782] Replayed ASGinzburg.AlgebraEnvelopingOppositeLeftRestriction
warning: ASGinzburg/AlgebraEnvelopingOppositeLeftRestriction.lean:22:4: Try this: 
  letI̵

The goal is a proposition, so `let` is preferred over `letI`.
The difference between `let` and `letI` is that `letI` inlines the value.
But this is not relevant for proofs because of proof irrelevance.

Note: This linter can be disabled with `set_option linter.style.haveILetI false`
warning: ASGinzburg/AlgebraEnvelopingOppositeLeftRestriction.lean:23:4: Try this: 
  letI̵

The goal is a proposition, so `let` is preferred over `letI`.
The difference between `let` and `letI` is that `letI` inlines the value.
But this is not relevant for proofs because of proof irrelevance.

Note: This linter can be disabled with `set_option linter.style.haveILetI false`
warning: ASGinzburg/AlgebraEnvelopingOppositeLeftRestriction.lean:24:4: Try this: 
  haveI̵

The goal is a proposition, so `have` is preferred over `haveI`.
The difference between `have` and `haveI` is that `haveI` inlines the value.
But this is not relevant for proofs because of proof irrelevance.

Note: This linter can be disabled with `set_option linter.style.haveILetI false`
⚠ [4194/4782] Replayed ASGinzburg.AlgebraEnvelopingRingDualTensorEvaluationHom
warning: ASGinzburg/AlgebraEnvelopingRingDualTensorEvaluationHom.lean:20:2: Try this: 
  letI̵

The goal is a proposition, so `let` is preferred over `letI`.
The difference between `let` and `letI` is that `letI` inlines the value.
But this is not relevant for proofs because of proof irrelevance.

Note: This linter can be disabled with `set_option linter.style.haveILetI false`
warning: ASGinzburg/AlgebraEnvelopingRingDualTensorEvaluationHom.lean:21:2: Try this: 
  letI̵

The goal is a proposition, so `let` is preferred over `letI`.
The difference between `let` and `letI` is that `letI` inlines the value.
But this is not relevant for proofs because of proof irrelevance.

Note: This linter can be disabled with `set_option linter.style.haveILetI false`
warning: ASGinzburg/AlgebraEnvelopingRingDualTensorEvaluationHom.lean:22:2: Try this: 
  letI̵

The goal is a proposition, so `let` is preferred over `letI`.
The difference between `let` and `letI` is that `letI` inlines the value.
But this is not relevant for proofs because of proof irrelevance.

Note: This linter can be disabled with `set_option linter.style.haveILetI false`
warning: ASGinzburg/AlgebraEnvelopingRingDualTensorEvaluationHom.lean:23:2: Try this: 
  letI̵

The goal is a proposition, so `let` is preferred over `letI`.
The difference between `let` and `letI` is that `letI` inlines the value.
But this is not relevant for proofs because of proof irrelevance.

Note: This linter can be disabled with `set_option linter.style.haveILetI false`
warning: ASGinzburg/AlgebraEnvelopingRingDualTensorEvaluationHom.lean:17:0: Definition `ASGinzburg.envelopingTensorEvaluationHomScalarTower` of class type is semireducible. Most type class instances should be instance-reducible, so consider marking this
definition with `@[instance_reducible]`. If it is intentionally semireducible, this warning can be disabled with `set_option warn.classDefReducibility false`.
warning: ASGinzburg/AlgebraEnvelopingRingDualTensorEvaluationHom.lean:17:0: Definition `envelopingTensorEvaluationHomScalarTower` is a proposition; use `theorem` instead of `def`

Note: This linter can be disabled with `set_option linter.defProp false`
warning: ASGinzburg/AlgebraEnvelopingRingDualTensorEvaluationHom.lean:33:2: Try this: 
  letI̵

The goal is a proposition, so `let` is preferred over `letI`.
The difference between `let` and `letI` is that `letI` inlines the value.
But this is not relevant for proofs because of proof irrelevance.

Note: This linter can be disabled with `set_option linter.style.haveILetI false`
warning: ASGinzburg/AlgebraEnvelopingRingDualTensorEvaluationHom.lean:34:2: Try this: 
  letI̵

The goal is a proposition, so `let` is preferred over `letI`.
The difference between `let` and `letI` is that `letI` inlines the value.
But this is not relevant for proofs because of proof irrelevance.

Note: This linter can be disabled with `set_option linter.style.haveILetI false`
warning: ASGinzburg/AlgebraEnvelopingRingDualTensorEvaluationHom.lean:35:2: Try this: 
  letI̵

The goal is a proposition, so `let` is preferred over `letI`.
The difference between `let` and `letI` is that `letI` inlines the value.
But this is not relevant for proofs because of proof irrelevance.

Note: This linter can be disabled with `set_option linter.style.haveILetI false`
warning: ASGinzburg/AlgebraEnvelopingRingDualTensorEvaluationHom.lean:36:2: Try this: 
  letI̵

The goal is a proposition, so `let` is preferred over `letI`.
The difference between `let` and `letI` is that `letI` inlines the value.
But this is not relevant for proofs because of proof irrelevance.

Note: This linter can be disabled with `set_option linter.style.haveILetI false`
warning: ASGinzburg/AlgebraEnvelopingRingDualTensorEvaluationHom.lean:30:0: Definition `ASGinzburg.envelopingTensorEvaluationHomScalarCommute` of class type is semireducible. Most type class instances should be instance-reducible, so consider marking this
definition with `@[instance_reducible]`. If it is intentionally semireducible, this warning can be disabled with `set_option warn.classDefReducibility false`.
warning: ASGinzburg/AlgebraEnvelopingRingDualTensorEvaluationHom.lean:30:0: Definition `envelopingTensorEvaluationHomScalarCommute` is a proposition; use `theorem` instead of `def`

Note: This linter can be disabled with `set_option linter.defProp false`
warning: ASGinzburg/AlgebraEnvelopingRingDualTensorEvaluationHom.lean:74:2: Try this: 
  letI̵

The goal is a proposition, so `let` is preferred over `letI`.
The difference between `let` and `letI` is that `letI` inlines the value.
But this is not relevant for proofs because of proof irrelevance.

Note: This linter can be disabled with `set_option linter.style.haveILetI false`
⚠ [4207/4782] Replayed ASGinzburg.BalancedTensorEnvelopingTotalComparison
warning: ASGinzburg/BalancedTensorEnvelopingTotalComparison.lean:19:17: Definition `ASGinzburg.regularEnvelopingModule` of class type is semireducible. Most type class instances should be instance-reducible, so consider marking this
definition with `@[instance_reducible]`. If it is intentionally semireducible, this warning can be disabled with `set_option warn.classDefReducibility false`.
warning: ASGinzburg/BalancedTensorEnvelopingTotalComparison.lean:19:17: Definition `ASGinzburg.regularEnvelopingScalarTower` of class type is semireducible. Most type class instances should be instance-reducible, so consider marking this
definition with `@[instance_reducible]`. If it is intentionally semireducible, this warning can be disabled with `set_option warn.classDefReducibility false`.
⚠ [4209/4782] Replayed ASGinzburg.GradedOrdinaryRingDualComponentMaps
warning: ASGinzburg/GradedOrdinaryRingDualComponentMaps.lean:27:4: Try this: 
  letI̵

The goal is a proposition, so `let` is preferred over `letI`.
The difference between `let` and `letI` is that `letI` inlines the value.
But this is not relevant for proofs because of proof irrelevance.

Note: This linter can be disabled with `set_option linter.style.haveILetI false`
warning: ASGinzburg/GradedOrdinaryRingDualComponentMaps.lean:40:4: Try this: 
  letI̵

The goal is a proposition, so `let` is preferred over `letI`.
The difference between `let` and `letI` is that `letI` inlines the value.
But this is not relevant for proofs because of proof irrelevance.

Note: This linter can be disabled with `set_option linter.style.haveILetI false`
warning: ASGinzburg/GradedOrdinaryRingDualComponentMaps.lean:56:2: Try this: 
  letI̵

The goal is a proposition, so `let` is preferred over `letI`.
The difference between `let` and `letI` is that `letI` inlines the value.
But this is not relevant for proofs because of proof irrelevance.

Note: This linter can be disabled with `set_option linter.style.haveILetI false`
✖ [4212/4782] Building ASGinzburg.OrdinaryFiniteProjectiveRingBidual (4.4s)
trace: .> LEAN_PATH=/workspace/as-ginzburg-lean/.lake/packages/Cli/.lake/build/lib/lean:/workspace/as-ginzburg-lean/.lake/packages/batteries/.lake/build/lib/lean:/workspace/as-ginzburg-lean/.lake/packages/Qq/.lake/build/lib/lean:/workspace/as-ginzburg-lean/.lake/packages/aesop/.lake/build/lib/lean:/workspace/as-ginzburg-lean/.lake/packages/proofwidgets/.lake/build/lib/lean:/workspace/as-ginzburg-lean/.lake/packages/importGraph/.lake/build/lib/lean:/workspace/as-ginzburg-lean/.lake/packages/LeanSearchClient/.lake/build/lib/lean:/workspace/as-ginzburg-lean/.lake/packages/plausible/.lake/build/lib/lean:/workspace/as-ginzburg-lean/.lake/packages/mathlib/.lake/build/lib/lean:/workspace/as-ginzburg-lean/.lake/build/lib/lean /workspace/as-ginzburg-lean/work/lean-upgrade/lean-4.34.1-linux/bin/lean /workspace/as-ginzburg-lean/ASGinzburg/OrdinaryFiniteProjectiveRingBidual.lean -o /workspace/as-ginzburg-lean/.lake/build/lib/lean/ASGinzburg/OrdinaryFiniteProjectiveRingBidual.olean -i /workspace/as-ginzburg-lean/.lake/build/lib/lean/ASGinzburg/OrdinaryFiniteProjectiveRingBidual.ilean -c /workspace/as-ginzburg-lean/.lake/build/ir/ASGinzburg/OrdinaryFiniteProjectiveRingBidual.c --setup /workspace/as-ginzburg-lean/.lake/build/ir/ASGinzburg/OrdinaryFiniteProjectiveRingBidual.setup.json --json
warning: ASGinzburg/OrdinaryFiniteProjectiveRingBidual.lean:79:2: Try this: 
  letI̵

The goal is a proposition, so `let` is preferred over `letI`.
The difference between `let` and `letI` is that `letI` inlines the value.
But this is not relevant for proofs because of proof irrelevance.

Note: This linter can be disabled with `set_option linter.style.haveILetI false`
error: ASGinzburg/OrdinaryFiniteProjectiveRingBidual.lean:92:8: failed to synthesize instance of type class
  IsIso (ordinaryRingBidualEvaluation R P)

Hint: Type class instance resolution failures can be inspected with the `set_option trace.Meta.synthInstance true` command.
error: ASGinzburg/OrdinaryFiniteProjectiveRingBidual.lean:94:0: Not a definitional equality: the left-hand side
  (ordinaryFiniteProjectiveRingBidualIso R hP).hom
is not definitionally equal to the right-hand side
  ordinaryRingBidualEvaluation R P
error: ASGinzburg/OrdinaryFiniteProjectiveRingBidual.lean:96:91: Type mismatch
  rfl
has type
  ?m.12 = ?m.12
but is expected to have type
  (ordinaryFiniteProjectiveRingBidualIso R hP).hom = ordinaryRingBidualEvaluation R P
⚠ [4283/4782] Replayed ASGinzburg.AlgebraEnvelopingTensorResolution
warning: ASGinzburg/AlgebraEnvelopingTensorResolution.lean:20:4: Try this: 
  letI̵

The goal is a proposition, so `let` is preferred over `letI`.
The difference between `let` and `letI` is that `letI` inlines the value.
But this is not relevant for proofs because of proof irrelevance.

Note: This linter can be disabled with `set_option linter.style.haveILetI false`
warning: ASGinzburg/AlgebraEnvelopingTensorResolution.lean:21:4: Try this: 
  letI̵

The goal is a proposition, so `let` is preferred over `letI`.
The difference between `let` and `letI` is that `letI` inlines the value.
But this is not relevant for proofs because of proof irrelevance.

Note: This linter can be disabled with `set_option linter.style.haveILetI false`
warning: ASGinzburg/AlgebraEnvelopingTensorResolution.lean:17:2: Try this: 
  letI̵

The goal is a proposition, so `let` is preferred over `letI`.
The difference between `let` and `letI` is that `letI` inlines the value.
But this is not relevant for proofs because of proof irrelevance.

Note: This linter can be disabled with `set_option linter.style.haveILetI false`
warning: ASGinzburg/AlgebraEnvelopingTensorResolution.lean:34:2: Try this: 
  letI̵

The goal is a proposition, so `let` is preferred over `letI`.
The difference between `let` and `letI` is that `letI` inlines the value.
But this is not relevant for proofs because of proof irrelevance.

Note: This linter can be disabled with `set_option linter.style.haveILetI false`
warning: ASGinzburg/AlgebraEnvelopingTensorResolution.lean:45:6: Try this: 
  letI̵

The goal is a proposition, so `let` is preferred over `letI`.
The difference between `let` and `letI` is that `letI` inlines the value.
But this is not relevant for proofs because of proof irrelevance.

Note: This linter can be disabled with `set_option linter.style.haveILetI false`
warning: ASGinzburg/AlgebraEnvelopingTensorResolution.lean:35:2: Try this: 
  letI̵

The goal is a proposition, so `let` is preferred over `letI`.
The difference between `let` and `letI` is that `letI` inlines the value.
But this is not relevant for proofs because of proof irrelevance.

Note: This linter can be disabled with `set_option linter.style.haveILetI false`
warning: ASGinzburg/AlgebraEnvelopingTensorResolution.lean:59:6: Try this: 
  letI̵

The goal is a proposition, so `let` is preferred over `letI`.
The difference between `let` and `letI` is that `letI` inlines the value.
But this is not relevant for proofs because of proof irrelevance.

Note: This linter can be disabled with `set_option linter.style.haveILetI false`
warning: ASGinzburg/AlgebraEnvelopingTensorResolution.lean:58:4: Try this: 
  letI̵

The goal is a proposition, so `let` is preferred over `letI`.
The difference between `let` and `letI` is that `letI` inlines the value.
But this is not relevant for proofs because of proof irrelevance.

Note: This linter can be disabled with `set_option linter.style.haveILetI false`
warning: ASGinzburg/AlgebraEnvelopingTensorResolution.lean:62:6: Try this: 
  letI̵

The goal is a proposition, so `let` is preferred over `letI`.
The difference between `let` and `letI` is that `letI` inlines the value.
But this is not relevant for proofs because of proof irrelevance.

Note: This linter can be disabled with `set_option linter.style.haveILetI false`
warning: ASGinzburg/AlgebraEnvelopingTensorResolution.lean:61:4: Try this: 
  letI̵

The goal is a proposition, so `let` is preferred over `letI`.
The difference between `let` and `letI` is that `letI` inlines the value.
But this is not relevant for proofs because of proof irrelevance.

Note: This linter can be disabled with `set_option linter.style.haveILetI false`
⚠ [4285/4782] Replayed ASGinzburg.BalancedTensorEnvelopingTorComparison
warning: ASGinzburg/BalancedTensorEnvelopingTorComparison.lean:18:17: Definition `ASGinzburg.regularEnvelopingModule` of class type is semireducible. Most type class instances should be instance-reducible, so consider marking this
definition with `@[instance_reducible]`. If it is intentionally semireducible, this warning can be disabled with `set_option warn.classDefReducibility false`.
warning: ASGinzburg/BalancedTensorEnvelopingTorComparison.lean:18:17: Definition `ASGinzburg.regularEnvelopingScalarTower` of class type is semireducible. Most type class instances should be instance-reducible, so consider marking this
definition with `@[instance_reducible]`. If it is intentionally semireducible, this warning can be disabled with `set_option warn.classDefReducibility false`.
⚠ [4286/4782] Replayed ASGinzburg.BalancedTensorTorBalanceConsequences
warning: ASGinzburg/BalancedTensorTorBalanceConsequences.lean:28:2: Try this: 
  haveI̵

The goal is a proposition, so `have` is preferred over `haveI`.
The difference between `have` and `haveI` is that `haveI` inlines the value.
But this is not relevant for proofs because of proof irrelevance.

Note: This linter can be disabled with `set_option linter.style.haveILetI false`
⚠ [4287/4782] Replayed ASGinzburg.BalancedTensorEnvelopingSecondTorComparison
warning: ASGinzburg/BalancedTensorEnvelopingSecondTorComparison.lean:16:17: Definition `ASGinzburg.regularEnvelopingModule` of class type is semireducible. Most type class instances should be instance-reducible, so consider marking this
definition with `@[instance_reducible]`. If it is intentionally semireducible, this warning can be disabled with `set_option warn.classDefReducibility false`.
warning: ASGinzburg/BalancedTensorEnvelopingSecondTorComparison.lean:16:17: Definition `ASGinzburg.regularEnvelopingScalarTower` of class type is semireducible. Most type class instances should be instance-reducible, so consider marking this
definition with `@[instance_reducible]`. If it is intentionally semireducible, this warning can be disabled with `set_option warn.classDefReducibility false`.
warning: ASGinzburg/BalancedTensorEnvelopingSecondTorComparison.lean:47:2: Try this: 
  haveI̵

The goal is a proposition, so `have` is preferred over `haveI`.
The difference between `have` and `haveI` is that `haveI` inlines the value.
But this is not relevant for proofs because of proof irrelevance.

Note: This linter can be disabled with `set_option linter.style.haveILetI false`
⚠ [4288/4782] Replayed ASGinzburg.OrdinaryModuleRingDualDerived
warning: ASGinzburg/OrdinaryModuleRingDualDerived.lean:36:4: Try this: 
  letI̵

The goal is a proposition, so `let` is preferred over `letI`.
The difference between `let` and `letI` is that `letI` inlines the value.
But this is not relevant for proofs because of proof irrelevance.

Note: This linter can be disabled with `set_option linter.style.haveILetI false`
warning: ASGinzburg/OrdinaryModuleRingDualDerived.lean:41:4: Try this: 
  haveI̵

The goal is a proposition, so `have` is preferred over `haveI`.
The difference between `have` and `haveI` is that `haveI` inlines the value.
But this is not relevant for proofs because of proof irrelevance.

Note: This linter can be disabled with `set_option linter.style.haveILetI false`
⚠ [4289/4782] Replayed ASGinzburg.OrdinaryModuleRingDualTopFinite
warning: ASGinzburg/OrdinaryModuleRingDualTopFinite.lean:19:2: Try this: 
  letI̵

The goal is a proposition, so `let` is preferred over `letI`.
The difference between `let` and `letI` is that `letI` inlines the value.
But this is not relevant for proofs because of proof irrelevance.

Note: This linter can be disabled with `set_option linter.style.haveILetI false`
warning: ASGinzburg/OrdinaryModuleRingDualTopFinite.lean:20:2: Try this: 
  letI̵

The goal is a proposition, so `let` is preferred over `letI`.
The difference between `let` and `letI` is that `letI` inlines the value.
But this is not relevant for proofs because of proof irrelevance.

Note: This linter can be disabled with `set_option linter.style.haveILetI false`
warning: ASGinzburg/OrdinaryModuleRingDualTopFinite.lean:27:2: Try this: 
  letI̵

The goal is a proposition, so `let` is preferred over `letI`.
The difference between `let` and `letI` is that `letI` inlines the value.
But this is not relevant for proofs because of proof irrelevance.

Note: This linter can be disabled with `set_option linter.style.haveILetI false`
warning: ASGinzburg/OrdinaryModuleRingDualTopFinite.lean:30:2: Try this: 
  letI̵

The goal is a proposition, so `let` is preferred over `letI`.
The difference between `let` and `letI` is that `letI` inlines the value.
But this is not relevant for proofs because of proof irrelevance.

Note: This linter can be disabled with `set_option linter.style.haveILetI false`
warning: ASGinzburg/OrdinaryModuleRingDualTopFinite.lean:31:2: Try this: 
  letI̵

The goal is a proposition, so `let` is preferred over `letI`.
The difference between `let` and `letI` is that `letI` inlines the value.
But this is not relevant for proofs because of proof irrelevance.

Note: This linter can be disabled with `set_option linter.style.haveILetI false`
warning: ASGinzburg/OrdinaryModuleRingDualTopFinite.lean:33:2: Try this: 
  letI̵

The goal is a proposition, so `let` is preferred over `letI`.
The difference between `let` and `letI` is that `letI` inlines the value.
But this is not relevant for proofs because of proof irrelevance.

Note: This linter can be disabled with `set_option linter.style.haveILetI false`
warning: ASGinzburg/OrdinaryModuleRingDualTopFinite.lean:36:2: Try this: 
  letI̵

The goal is a proposition, so `let` is preferred over `letI`.
The difference between `let` and `letI` is that `letI` inlines the value.
But this is not relevant for proofs because of proof irrelevance.

Note: This linter can be disabled with `set_option linter.style.haveILetI false`
⚠ [4290/4782] Replayed ASGinzburg.FiniteFourTermRingHomComplex
warning: ASGinzburg/FiniteFourTermRingHomComplex.lean:28:2: Try this: 
  haveI̵

The goal is a proposition, so `have` is preferred over `haveI`.
The difference between `have` and `haveI` is that `haveI` inlines the value.
But this is not relevant for proofs because of proof irrelevance.

Note: This linter can be disabled with `set_option linter.style.haveILetI false`
warning: ASGinzburg/FiniteFourTermRingHomComplex.lean:30:2: Try this: 
  haveI̵

The goal is a proposition, so `have` is preferred over `haveI`.
The difference between `have` and `haveI` is that `haveI` inlines the value.
But this is not relevant for proofs because of proof irrelevance.

Note: This linter can be disabled with `set_option linter.style.haveILetI false`
warning: ASGinzburg/FiniteFourTermRingHomComplex.lean:86:2: Try this: 
  haveI̵

The goal is a proposition, so `have` is preferred over `haveI`.
The difference between `have` and `haveI` is that `haveI` inlines the value.
But this is not relevant for proofs because of proof irrelevance.

Note: This linter can be disabled with `set_option linter.style.haveILetI false`
⚠ [4291/4782] Replayed ASGinzburg.GradedOrdinaryRingDualFiniteSupport
warning: ASGinzburg/GradedOrdinaryRingDualFiniteSupport.lean:20:2: Try this: 
  letI̵

The goal is a proposition, so `let` is preferred over `letI`.
The difference between `let` and `letI` is that `letI` inlines the value.
But this is not relevant for proofs because of proof irrelevance.

Note: This linter can be disabled with `set_option linter.style.haveILetI false`
⚠ [4292/4782] Replayed ASGinzburg.GradedOrdinaryRingDualInternalGrading
warning: ASGinzburg/GradedOrdinaryRingDualInternalGrading.lean:53:4: Try this: intro hp g hg
⚠ [4293/4782] Replayed ASGinzburg.GradedOrdinaryRingDualData
warning: ASGinzburg/GradedOrdinaryRingDualData.lean:24:17: Definition `ASGinzburg.ordinaryRingDualTensorModuleK` of class type is semireducible. Most type class instances should be instance-reducible, so consider marking this
definition with `@[instance_reducible]`. If it is intentionally semireducible, this warning can be disabled with `set_option warn.classDefReducibility false`.
⚠ [4294/4782] Replayed ASGinzburg.AlgebraEnvelopingRingDualTensorEvaluationInduction
warning: ASGinzburg/AlgebraEnvelopingRingDualTensorEvaluationInduction.lean:13:0: Definition `ASGinzburg.envelopingTensorEvaluationFirstRightModule` of class type is semireducible. Most type class instances should be instance-reducible, so consider marking this
definition with `@[instance_reducible]`. If it is intentionally semireducible, this warning can be disabled with `set_option warn.classDefReducibility false`.
warning: ASGinzburg/AlgebraEnvelopingRingDualTensorEvaluationInduction.lean:17:17: Definition `ASGinzburg.envelopingTensorEvaluationFirstRightModule` of class type is semireducible. Most type class instances should be instance-reducible, so consider marking this
definition with `@[instance_reducible]`. If it is intentionally semireducible, this warning can be disabled with `set_option warn.classDefReducibility false`.
warning: ASGinzburg/AlgebraEnvelopingRingDualTensorEvaluationInduction.lean:19:0: Definition `ASGinzburg.envelopingTensorEvaluationFirstRightSMul` of class type is semireducible. Most type class instances should be instance-reducible, so consider marking this
definition with `@[instance_reducible]`. If it is intentionally semireducible, this warning can be disabled with `set_option warn.classDefReducibility false`.
warning: ASGinzburg/AlgebraEnvelopingRingDualTensorEvaluationInduction.lean:23:17: Definition `ASGinzburg.envelopingTensorEvaluationFirstRightSMul` of class type is semireducible. Most type class instances should be instance-reducible, so consider marking this
definition with `@[instance_reducible]`. If it is intentionally semireducible, this warning can be disabled with `set_option warn.classDefReducibility false`.
warning: ASGinzburg/AlgebraEnvelopingRingDualTensorEvaluationInduction.lean:58:2: Try this: 
  letI̵

The goal is a proposition, so `let` is preferred over `letI`.
The difference between `let` and `letI` is that `letI` inlines the value.
But this is not relevant for proofs because of proof irrelevance.

Note: This linter can be disabled with `set_option linter.style.haveILetI false`
warning: ASGinzburg/AlgebraEnvelopingRingDualTensorEvaluationInduction.lean:59:2: Try this: 
  letI̵

The goal is a proposition, so `let` is preferred over `letI`.
The difference between `let` and `letI` is that `letI` inlines the value.
But this is not relevant for proofs because of proof irrelevance.

Note: This linter can be disabled with `set_option linter.style.haveILetI false`
warning: ASGinzburg/AlgebraEnvelopingRingDualTensorEvaluationInduction.lean:60:2: Try this: 
  letI̵

The goal is a proposition, so `let` is preferred over `letI`.
The difference between `let` and `letI` is that `letI` inlines the value.
But this is not relevant for proofs because of proof irrelevance.

Note: This linter can be disabled with `set_option linter.style.haveILetI false`
warning: ASGinzburg/AlgebraEnvelopingRingDualTensorEvaluationInduction.lean:102:2: Try this: 
  letI̵

The goal is a proposition, so `let` is preferred over `letI`.
The difference between `let` and `letI` is that `letI` inlines the value.
But this is not relevant for proofs because of proof irrelevance.

Note: This linter can be disabled with `set_option linter.style.haveILetI false`
warning: ASGinzburg/AlgebraEnvelopingRingDualTensorEvaluationInduction.lean:103:2: Try this: 
  letI̵

The goal is a proposition, so `let` is preferred over `letI`.
The difference between `let` and `letI` is that `letI` inlines the value.
But this is not relevant for proofs because of proof irrelevance.

Note: This linter can be disabled with `set_option linter.style.haveILetI false`
warning: ASGinzburg/AlgebraEnvelopingRingDualTensorEvaluationInduction.lean:104:2: Try this: 
  letI̵

The goal is a proposition, so `let` is preferred over `letI`.
The difference between `let` and `letI` is that `letI` inlines the value.
But this is not relevant for proofs because of proof irrelevance.

Note: This linter can be disabled with `set_option linter.style.haveILetI false`
warning: ASGinzburg/AlgebraEnvelopingRingDualTensorEvaluationInduction.lean:132:2: Try this: 
  letI̵

The goal is a proposition, so `let` is preferred over `letI`.
The difference between `let` and `letI` is that `letI` inlines the value.
But this is not relevant for proofs because of proof irrelevance.

Note: This linter can be disabled with `set_option linter.style.haveILetI false`
warning: ASGinzburg/AlgebraEnvelopingRingDualTensorEvaluationInduction.lean:133:2: Try this: 
  letI̵

The goal is a proposition, so `let` is preferred over `letI`.
The difference between `let` and `letI` is that `letI` inlines the value.
But this is not relevant for proofs because of proof irrelevance.

Note: This linter can be disabled with `set_option linter.style.haveILetI false`
warning: ASGinzburg/AlgebraEnvelopingRingDualTensorEvaluationInduction.lean:134:2: Try this: 
  letI̵

The goal is a proposition, so `let` is preferred over `letI`.
The difference between `let` and `letI` is that `letI` inlines the value.
But this is not relevant for proofs because of proof irrelevance.

Note: This linter can be disabled with `set_option linter.style.haveILetI false`
warning: ASGinzburg/AlgebraEnvelopingRingDualTensorEvaluationInduction.lean:168:2: Try this: 
  letI̵

The goal is a proposition, so `let` is preferred over `letI`.
The difference between `let` and `letI` is that `letI` inlines the value.
But this is not relevant for proofs because of proof irrelevance.

Note: This linter can be disabled with `set_option linter.style.haveILetI false`
warning: ASGinzburg/AlgebraEnvelopingRingDualTensorEvaluationInduction.lean:169:2: Try this: 
  letI̵

The goal is a proposition, so `let` is preferred over `letI`.
The difference between `let` and `letI` is that `letI` inlines the value.
But this is not relevant for proofs because of proof irrelevance.

Note: This linter can be disabled with `set_option linter.style.haveILetI false`
warning: ASGinzburg/AlgebraEnvelopingRingDualTensorEvaluationInduction.lean:170:2: Try this: 
  letI̵

The goal is a proposition, so `let` is preferred over `letI`.
The difference between `let` and `letI` is that `letI` inlines the value.
But this is not relevant for proofs because of proof irrelevance.

Note: This linter can be disabled with `set_option linter.style.haveILetI false`
warning: ASGinzburg/AlgebraEnvelopingRingDualTensorEvaluationInduction.lean:184:2: Try this: 
  letI̵

The goal is a proposition, so `let` is preferred over `letI`.
The difference between `let` and `letI` is that `letI` inlines the value.
But this is not relevant for proofs because of proof irrelevance.

Note: This linter can be disabled with `set_option linter.style.haveILetI false`
warning: ASGinzburg/AlgebraEnvelopingRingDualTensorEvaluationInduction.lean:185:2: Try this: 
  letI̵

The goal is a proposition, so `let` is preferred over `letI`.
The difference between `let` and `letI` is that `letI` inlines the value.
But this is not relevant for proofs because of proof irrelevance.

Note: This linter can be disabled with `set_option linter.style.haveILetI false`
warning: ASGinzburg/AlgebraEnvelopingRingDualTensorEvaluationInduction.lean:186:2: Try this: 
  letI̵

The goal is a proposition, so `let` is preferred over `letI`.
The difference between `let` and `letI` is that `letI` inlines the value.
But this is not relevant for proofs because of proof irrelevance.

Note: This linter can be disabled with `set_option linter.style.haveILetI false`
⚠ [4295/4782] Replayed ASGinzburg.AlgebraEnvelopingRingDualTensorEvaluationShuffle
warning: ASGinzburg/AlgebraEnvelopingRingDualTensorEvaluationShuffle.lean:16:0: Definition `ASGinzburg.envelopingTensorEvaluationRestrictedRightModule` of class type is semireducible. Most type class instances should be instance-reducible, so consider marking this
definition with `@[instance_reducible]`. If it is intentionally semireducible, this warning can be disabled with `set_option warn.classDefReducibility false`.
warning: ASGinzburg/AlgebraEnvelopingRingDualTensorEvaluationShuffle.lean:20:0: Definition `ASGinzburg.envelopingTensorEvaluationRestrictedRightSMul` of class type is semireducible. Most type class instances should be instance-reducible, so consider marking this
definition with `@[instance_reducible]`. If it is intentionally semireducible, this warning can be disabled with `set_option warn.classDefReducibility false`.
warning: ASGinzburg/AlgebraEnvelopingRingDualTensorEvaluationShuffle.lean:23:17: Definition `ASGinzburg.envelopingTensorEvaluationFirstRightModule` of class type is semireducible. Most type class instances should be instance-reducible, so consider marking this
definition with `@[instance_reducible]`. If it is intentionally semireducible, this warning can be disabled with `set_option warn.classDefReducibility false`.
warning: ASGinzburg/AlgebraEnvelopingRingDualTensorEvaluationShuffle.lean:24:17: Definition `ASGinzburg.envelopingTensorEvaluationFirstRightSMul` of class type is semireducible. Most type class instances should be instance-reducible, so consider marking this
definition with `@[instance_reducible]`. If it is intentionally semireducible, this warning can be disabled with `set_option warn.classDefReducibility false`.
warning: ASGinzburg/AlgebraEnvelopingRingDualTensorEvaluationShuffle.lean:59:2: Try this: 
  letI̵

The goal is a proposition, so `let` is preferred over `letI`.
The difference between `let` and `letI` is that `letI` inlines the value.
But this is not relevant for proofs because of proof irrelevance.

Note: This linter can be disabled with `set_option linter.style.haveILetI false`
warning: ASGinzburg/AlgebraEnvelopingRingDualTensorEvaluationShuffle.lean:60:2: Try this: 
  letI̵

The goal is a proposition, so `let` is preferred over `letI`.
The difference between `let` and `letI` is that `letI` inlines the value.
But this is not relevant for proofs because of proof irrelevance.

Note: This linter can be disabled with `set_option linter.style.haveILetI false`
warning: ASGinzburg/AlgebraEnvelopingRingDualTensorEvaluationShuffle.lean:109:2: Try this: 
  letI̵

The goal is a proposition, so `let` is preferred over `letI`.
The difference between `let` and `letI` is that `letI` inlines the value.
But this is not relevant for proofs because of proof irrelevance.

Note: This linter can be disabled with `set_option linter.style.haveILetI false`
warning: ASGinzburg/AlgebraEnvelopingRingDualTensorEvaluationShuffle.lean:145:2: Try this: 
  letI̵

The goal is a proposition, so `let` is preferred over `letI`.
The difference between `let` and `letI` is that `letI` inlines the value.
But this is not relevant for proofs because of proof irrelevance.

Note: This linter can be disabled with `set_option linter.style.haveILetI false`
warning: ASGinzburg/AlgebraEnvelopingRingDualTensorEvaluationShuffle.lean:146:2: Try this: 
  letI̵

The goal is a proposition, so `let` is preferred over `letI`.
The difference between `let` and `letI` is that `letI` inlines the value.
But this is not relevant for proofs because of proof irrelevance.

Note: This linter can be disabled with `set_option linter.style.haveILetI false`
warning: ASGinzburg/AlgebraEnvelopingRingDualTensorEvaluationShuffle.lean:147:2: Try this: 
  letI̵

The goal is a proposition, so `let` is preferred over `letI`.
The difference between `let` and `letI` is that `letI` inlines the value.
But this is not relevant for proofs because of proof irrelevance.

Note: This linter can be disabled with `set_option linter.style.haveILetI false`
warning: ASGinzburg/AlgebraEnvelopingRingDualTensorEvaluationShuffle.lean:175:2: Try this: 
  letI̵

The goal is a proposition, so `let` is preferred over `letI`.
The difference between `let` and `letI` is that `letI` inlines the value.
But this is not relevant for proofs because of proof irrelevance.

Note: This linter can be disabled with `set_option linter.style.haveILetI false`
warning: ASGinzburg/AlgebraEnvelopingRingDualTensorEvaluationShuffle.lean:176:2: Try this: 
  letI̵

The goal is a proposition, so `let` is preferred over `letI`.
The difference between `let` and `letI` is that `letI` inlines the value.
But this is not relevant for proofs because of proof irrelevance.

Note: This linter can be disabled with `set_option linter.style.haveILetI false`
warning: ASGinzburg/AlgebraEnvelopingRingDualTensorEvaluationShuffle.lean:177:2: Try this: 
  letI̵

The goal is a proposition, so `let` is preferred over `letI`.
The difference between `let` and `letI` is that `letI` inlines the value.
But this is not relevant for proofs because of proof irrelevance.

Note: This linter can be disabled with `set_option linter.style.haveILetI false`
warning: ASGinzburg/AlgebraEnvelopingRingDualTensorEvaluationShuffle.lean:178:2: Try this: 
  letI̵

The goal is a proposition, so `let` is preferred over `letI`.
The difference between `let` and `letI` is that `letI` inlines the value.
But this is not relevant for proofs because of proof irrelevance.

Note: This linter can be disabled with `set_option linter.style.haveILetI false`
warning: ASGinzburg/AlgebraEnvelopingRingDualTensorEvaluationShuffle.lean:179:2: Try this: 
  letI̵

The goal is a proposition, so `let` is preferred over `letI`.
The difference between `let` and `letI` is that `letI` inlines the value.
But this is not relevant for proofs because of proof irrelevance.

Note: This linter can be disabled with `set_option linter.style.haveILetI false`
warning: ASGinzburg/AlgebraEnvelopingRingDualTensorEvaluationShuffle.lean:197:2: Try this: 
  letI̵

The goal is a proposition, so `let` is preferred over `letI`.
The difference between `let` and `letI` is that `letI` inlines the value.
But this is not relevant for proofs because of proof irrelevance.

Note: This linter can be disabled with `set_option linter.style.haveILetI false`
warning: ASGinzburg/AlgebraEnvelopingRingDualTensorEvaluationShuffle.lean:198:2: Try this: 
  letI̵

The goal is a proposition, so `let` is preferred over `letI`.
The difference between `let` and `letI` is that `letI` inlines the value.
But this is not relevant for proofs because of proof irrelevance.

Note: This linter can be disabled with `set_option linter.style.haveILetI false`
warning: ASGinzburg/AlgebraEnvelopingRingDualTensorEvaluationShuffle.lean:199:2: Try this: 
  letI̵

The goal is a proposition, so `let` is preferred over `letI`.
The difference between `let` and `letI` is that `letI` inlines the value.
But this is not relevant for proofs because of proof irrelevance.

Note: This linter can be disabled with `set_option linter.style.haveILetI false`
warning: ASGinzburg/AlgebraEnvelopingRingDualTensorEvaluationShuffle.lean:200:2: Try this: 
  letI̵

The goal is a proposition, so `let` is preferred over `letI`.
The difference between `let` and `letI` is that `letI` inlines the value.
But this is not relevant for proofs because of proof irrelevance.

Note: This linter can be disabled with `set_option linter.style.haveILetI false`
warning: ASGinzburg/AlgebraEnvelopingRingDualTensorEvaluationShuffle.lean:201:2: Try this: 
  letI̵

The goal is a proposition, so `let` is preferred over `letI`.
The difference between `let` and `letI` is that `letI` inlines the value.
But this is not relevant for proofs because of proof irrelevance.

Note: This linter can be disabled with `set_option linter.style.haveILetI false`
warning: ASGinzburg/AlgebraEnvelopingRingDualTensorEvaluationShuffle.lean:250:2: Try this: 
  letI̵

The goal is a proposition, so `let` is preferred over `letI`.
The difference between `let` and `letI` is that `letI` inlines the value.
But this is not relevant for proofs because of proof irrelevance.

Note: This linter can be disabled with `set_option linter.style.haveILetI false`
warning: ASGinzburg/AlgebraEnvelopingRingDualTensorEvaluationShuffle.lean:251:2: Try this: 
  letI̵

The goal is a proposition, so `let` is preferred over `letI`.
The difference between `let` and `letI` is that `letI` inlines the value.
But this is not relevant for proofs because of proof irrelevance.

Note: This linter can be disabled with `set_option linter.style.haveILetI false`
warning: ASGinzburg/AlgebraEnvelopingRingDualTensorEvaluationShuffle.lean:252:2: Try this: 
  letI̵

The goal is a proposition, so `let` is preferred over `letI`.
The difference between `let` and `letI` is that `letI` inlines the value.
But this is not relevant for proofs because of proof irrelevance.

Note: This linter can be disabled with `set_option linter.style.haveILetI false`
warning: ASGinzburg/AlgebraEnvelopingRingDualTensorEvaluationShuffle.lean:253:2: Try this: 
  letI̵

The goal is a proposition, so `let` is preferred over `letI`.
The difference between `let` and `letI` is that `letI` inlines the value.
But this is not relevant for proofs because of proof irrelevance.

Note: This linter can be disabled with `set_option linter.style.haveILetI false`
warning: ASGinzburg/AlgebraEnvelopingRingDualTensorEvaluationShuffle.lean:254:2: Try this: 
  letI̵

The goal is a proposition, so `let` is preferred over `letI`.
The difference between `let` and `letI` is that `letI` inlines the value.
But this is not relevant for proofs because of proof irrelevance.

Note: This linter can be disabled with `set_option linter.style.haveILetI false`
warning: ASGinzburg/AlgebraEnvelopingRingDualTensorEvaluationShuffle.lean:269:2: Try this: 
  letI̵

The goal is a proposition, so `let` is preferred over `letI`.
The difference between `let` and `letI` is that `letI` inlines the value.
But this is not relevant for proofs because of proof irrelevance.

Note: This linter can be disabled with `set_option linter.style.haveILetI false`
warning: ASGinzburg/AlgebraEnvelopingRingDualTensorEvaluationShuffle.lean:270:2: Try this: 
  letI̵

The goal is a proposition, so `let` is preferred over `letI`.
The difference between `let` and `letI` is that `letI` inlines the value.
But this is not relevant for proofs because of proof irrelevance.

Note: This linter can be disabled with `set_option linter.style.haveILetI false`
warning: ASGinzburg/AlgebraEnvelopingRingDualTensorEvaluationShuffle.lean:271:2: Try this: 
  letI̵

The goal is a proposition, so `let` is preferred over `letI`.
The difference between `let` and `letI` is that `letI` inlines the value.
But this is not relevant for proofs because of proof irrelevance.

Note: This linter can be disabled with `set_option linter.style.haveILetI false`
warning: ASGinzburg/AlgebraEnvelopingRingDualTensorEvaluationShuffle.lean:272:2: Try this: 
  letI̵

The goal is a proposition, so `let` is preferred over `letI`.
The difference between `let` and `letI` is that `letI` inlines the value.
But this is not relevant for proofs because of proof irrelevance.

Note: This linter can be disabled with `set_option linter.style.haveILetI false`
warning: ASGinzburg/AlgebraEnvelopingRingDualTensorEvaluationShuffle.lean:273:2: Try this: 
  letI̵

The goal is a proposition, so `let` is preferred over `letI`.
The difference between `let` and `letI` is that `letI` inlines the value.
But this is not relevant for proofs because of proof irrelevance.

Note: This linter can be disabled with `set_option linter.style.haveILetI false`
warning: ASGinzburg/AlgebraEnvelopingRingDualTensorEvaluationShuffle.lean:298:2: Try this: 
  letI̵

The goal is a proposition, so `let` is preferred over `letI`.
The difference between `let` and `letI` is that `letI` inlines the value.
But this is not relevant for proofs because of proof irrelevance.

Note: This linter can be disabled with `set_option linter.style.haveILetI false`
warning: ASGinzburg/AlgebraEnvelopingRingDualTensorEvaluationShuffle.lean:299:2: Try this: 
  letI̵

The goal is a proposition, so `let` is preferred over `letI`.
The difference between `let` and `letI` is that `letI` inlines the value.
But this is not relevant for proofs because of proof irrelevance.

Note: This linter can be disabled with `set_option linter.style.haveILetI false`
warning: ASGinzburg/AlgebraEnvelopingRingDualTensorEvaluationShuffle.lean:300:2: Try this: 
  letI̵

The goal is a proposition, so `let` is preferred over `letI`.
The difference between `let` and `letI` is that `letI` inlines the value.
But this is not relevant for proofs because of proof irrelevance.

Note: This linter can be disabled with `set_option linter.style.haveILetI false`
warning: ASGinzburg/AlgebraEnvelopingRingDualTensorEvaluationShuffle.lean:301:2: Try this: 
  letI̵

The goal is a proposition, so `let` is preferred over `letI`.
The difference between `let` and `letI` is that `letI` inlines the value.
But this is not relevant for proofs because of proof irrelevance.

Note: This linter can be disabled with `set_option linter.style.haveILetI false`
warning: ASGinzburg/AlgebraEnvelopingRingDualTensorEvaluationShuffle.lean:302:2: Try this: 
  letI̵

The goal is a proposition, so `let` is preferred over `letI`.
The difference between `let` and `letI` is that `letI` inlines the value.
But this is not relevant for proofs because of proof irrelevance.

Note: This linter can be disabled with `set_option linter.style.haveILetI false`
✖ [4296/4782] Building ASGinzburg.OrdinaryRingDualTensorEvaluationFinite (11s)
trace: .> LEAN_PATH=/workspace/as-ginzburg-lean/.lake/packages/Cli/.lake/build/lib/lean:/workspace/as-ginzburg-lean/.lake/packages/batteries/.lake/build/lib/lean:/workspace/as-ginzburg-lean/.lake/packages/Qq/.lake/build/lib/lean:/workspace/as-ginzburg-lean/.lake/packages/aesop/.lake/build/lib/lean:/workspace/as-ginzburg-lean/.lake/packages/proofwidgets/.lake/build/lib/lean:/workspace/as-ginzburg-lean/.lake/packages/importGraph/.lake/build/lib/lean:/workspace/as-ginzburg-lean/.lake/packages/LeanSearchClient/.lake/build/lib/lean:/workspace/as-ginzburg-lean/.lake/packages/plausible/.lake/build/lib/lean:/workspace/as-ginzburg-lean/.lake/packages/mathlib/.lake/build/lib/lean:/workspace/as-ginzburg-lean/.lake/build/lib/lean /workspace/as-ginzburg-lean/work/lean-upgrade/lean-4.34.1-linux/bin/lean /workspace/as-ginzburg-lean/ASGinzburg/OrdinaryRingDualTensorEvaluationFinite.lean -o /workspace/as-ginzburg-lean/.lake/build/lib/lean/ASGinzburg/OrdinaryRingDualTensorEvaluationFinite.olean -i /workspace/as-ginzburg-lean/.lake/build/lib/lean/ASGinzburg/OrdinaryRingDualTensorEvaluationFinite.ilean -c /workspace/as-ginzburg-lean/.lake/build/ir/ASGinzburg/OrdinaryRingDualTensorEvaluationFinite.c --setup /workspace/as-ginzburg-lean/.lake/build/ir/ASGinzburg/OrdinaryRingDualTensorEvaluationFinite.setup.json --json
warning: ASGinzburg/OrdinaryRingDualTensorEvaluationFinite.lean:15:17: Definition `ASGinzburg.ordinaryRingDualTensorModuleK` of class type is semireducible. Most type class instances should be instance-reducible, so consider marking this
definition with `@[instance_reducible]`. If it is intentionally semireducible, this warning can be disabled with `set_option warn.classDefReducibility false`.
warning: ASGinzburg/OrdinaryRingDualTensorEvaluationFinite.lean:17:0: Definition `ASGinzburg.ordinaryRingDualFiniteFreeTensorModuleK` of class type is semireducible. Most type class instances should be instance-reducible, so consider marking this
definition with `@[instance_reducible]`. If it is intentionally semireducible, this warning can be disabled with `set_option warn.classDefReducibility false`.
warning: ASGinzburg/OrdinaryRingDualTensorEvaluationFinite.lean:21:17: Definition `ASGinzburg.ordinaryRingDualFiniteFreeTensorModuleK` of class type is semireducible. Most type class instances should be instance-reducible, so consider marking this
definition with `@[instance_reducible]`. If it is intentionally semireducible, this warning can be disabled with `set_option warn.classDefReducibility false`.
warning: ASGinzburg/OrdinaryRingDualTensorEvaluationFinite.lean:30:27: This simp argument is unused:
  LinearMap.proj_apply

Hint: Omit it from the simp argument list.
  [apply] simp [Pi.basisFun_apply, Pi.single_apply]

Note: This linter can be disabled with `set_option linter.unusedSimpArgs false`
error: ASGinzburg/OrdinaryRingDualTensorEvaluationFinite.lean:91:2: unsolved goals
case refine_3
k : Type u
inst✝² : Field k
R : Type v
inst✝¹ : Ring R
inst✝ : Algebra k R
N : ModuleCat R
n : ℕ
z : BalancedTensorSpace k R ↑(ordinaryRingDual R ↧(Fin n → R)) ↑N
x y : BalancedTensorSpace k R ↑(ordinaryRingDual R ↧(Fin n → R)) ↑N
hx : (ordinaryRingDualTensorFiniteFreeInverse k R N n) ((ordinaryRingDualTensorEvaluation k R N ↧(Fin n → R)) x) = x
hy : (ordinaryRingDualTensorFiniteFreeInverse k R N n) ((ordinaryRingDualTensorEvaluation k R N ↧(Fin n → R)) y) = y
⊢ x + y = x + y
⚠ [4307/4782] Replayed ASGinzburg.OrdinaryModuleRingDualDerivedNaturality
warning: ASGinzburg/OrdinaryModuleRingDualDerivedNaturality.lean:13:51: This simp argument is unused:
  HomologicalComplex.comp_f

Hint: Omit it from the simp argument list.
  [apply] simp only [ordinaryProjectiveResolutionOpposite, ordinarySingleZeroOppositeIso,
    HomologicalComplex.Hom.isoOfComponents_hom_f, HomologicalComplex.opFunctor_map_f, Quiver.Hom.unop_op]

Note: This linter can be disabled with `set_option linter.unusedSimpArgs false`
warning: ASGinzburg/OrdinaryModuleRingDualDerivedNaturality.lean:14:35: This simp argument is unused:
  HomologicalComplex.Hom.isoOfComponents_hom_f

Hint: Omit it from the simp argument list.
  [apply] simp only [ordinaryProjectiveResolutionOpposite, HomologicalComplex.comp_f, ordinarySingleZeroOppositeIso,
    HomologicalComplex.opFunctor_map_f, Quiver.Hom.unop_op]

Note: This linter can be disabled with `set_option linter.unusedSimpArgs false`
warning: ASGinzburg/OrdinaryModuleRingDualDerivedNaturality.lean:15:4: This simp argument is unused:
  HomologicalComplex.opFunctor_map_f

Hint: Omit it from the simp argument list.
  [apply] simp only [ordinaryProjectiveResolutionOpposite, HomologicalComplex.comp_f, ordinarySingleZeroOppositeIso,
    HomologicalComplex.Hom.isoOfComponents_hom_f, Quiver.Hom.unop_op]

Note: This linter can be disabled with `set_option linter.unusedSimpArgs false`
warning: ASGinzburg/OrdinaryModuleRingDualDerivedNaturality.lean:15:40: This simp argument is unused:
  Quiver.Hom.unop_op

Hint: Omit it from the simp argument list.
  [apply] simp only [ordinaryProjectiveResolutionOpposite, HomologicalComplex.comp_f, ordinarySingleZeroOppositeIso,
    HomologicalComplex.Hom.isoOfComponents_hom_f, HomologicalComplex.opFunctor_map_f]

Note: This linter can be disabled with `set_option linter.unusedSimpArgs false`
⚠ [4308/4782] Replayed ASGinzburg.OrdinaryModuleRingDualLeftExact
warning: ASGinzburg/OrdinaryModuleRingDualLeftExact.lean:28:2: Try this: 
  letI̵

The goal is a proposition, so `let` is preferred over `letI`.
The difference between `let` and `letI` is that `letI` inlines the value.
But this is not relevant for proofs because of proof irrelevance.

Note: This linter can be disabled with `set_option linter.style.haveILetI false`
warning: ASGinzburg/OrdinaryModuleRingDualLeftExact.lean:49:2: Try this: 
  letI̵

The goal is a proposition, so `let` is preferred over `letI`.
The difference between `let` and `letI` is that `letI` inlines the value.
But this is not relevant for proofs because of proof irrelevance.

Note: This linter can be disabled with `set_option linter.style.haveILetI false`
✖ [4315/4782] Building ASGinzburg.RightBoundedMinimalResolution (4.1s)
trace: .> LEAN_PATH=/workspace/as-ginzburg-lean/.lake/packages/Cli/.lake/build/lib/lean:/workspace/as-ginzburg-lean/.lake/packages/batteries/.lake/build/lib/lean:/workspace/as-ginzburg-lean/.lake/packages/Qq/.lake/build/lib/lean:/workspace/as-ginzburg-lean/.lake/packages/aesop/.lake/build/lib/lean:/workspace/as-ginzburg-lean/.lake/packages/proofwidgets/.lake/build/lib/lean:/workspace/as-ginzburg-lean/.lake/packages/importGraph/.lake/build/lib/lean:/workspace/as-ginzburg-lean/.lake/packages/LeanSearchClient/.lake/build/lib/lean:/workspace/as-ginzburg-lean/.lake/packages/plausible/.lake/build/lib/lean:/workspace/as-ginzburg-lean/.lake/packages/mathlib/.lake/build/lib/lean:/workspace/as-ginzburg-lean/.lake/build/lib/lean /workspace/as-ginzburg-lean/work/lean-upgrade/lean-4.34.1-linux/bin/lean /workspace/as-ginzburg-lean/ASGinzburg/RightBoundedMinimalResolution.lean -o /workspace/as-ginzburg-lean/.lake/build/lib/lean/ASGinzburg/RightBoundedMinimalResolution.olean -i /workspace/as-ginzburg-lean/.lake/build/lib/lean/ASGinzburg/RightBoundedMinimalResolution.ilean -c /workspace/as-ginzburg-lean/.lake/build/ir/ASGinzburg/RightBoundedMinimalResolution.c --setup /workspace/as-ginzburg-lean/.lake/build/ir/ASGinzburg/RightBoundedMinimalResolution.setup.json --json
error: ASGinzburg/RightBoundedMinimalResolution.lean:21:11: Function expected at
  ChainComplex.of_d ?m.128 ?m.129 ?m.130
but this term has type
  ChainComplex.of.d ?m.128 ?m.129 (?m.130 + 1) ?m.130 = ?m.129 ?m.130

Note: Expected a function because this term is being applied to the argument
  (n + 1)
error: ASGinzburg/RightBoundedMinimalResolution.lean:22:55: Function expected at
  ChainComplex.of_d ?m.116 ?m.117 ?m.118
but this term has type
  ChainComplex.of.d ?m.116 ?m.117 (?m.118 + 1) ?m.118 = ?m.117 ?m.118

Note: Expected a function because this term is being applied to the argument
  n
error: ASGinzburg/RightBoundedMinimalResolution.lean:20:2: Type mismatch: After simplification, term
  differential_exact M n
 has type
  { X₁ := M.term (n + 1 + 1), X₂ := M.term (n + 1), X₃ := M.term n, f := M.differential (n + 1), g := M.differential n,
      zero := ⋯ }.Exact
but is expected to have type
  { X₁ := M.complex.X (n + 2), X₂ := M.complex.X (n + 1), X₃ := M.complex.X n, f := M.complex.d (n + 2) (n + 1),
      g := M.complex.d (n + 1) n, zero := ⋯ }.Exact
error: ASGinzburg/RightBoundedMinimalResolution.lean:27:53: Function expected at
  ChainComplex.of_d ?m.67 ?m.68 ?m.69
but this term has type
  ChainComplex.of.d ?m.67 ?m.68 (?m.69 + 1) ?m.69 = ?m.68 ?m.69

Note: Expected a function because this term is being applied to the argument
  0
error: ASGinzburg/RightBoundedMinimalResolution.lean:26:53: unsolved goals
k : Type u
inst✝ : Field k
A : ZAlgebra k
b : ℤ
M : A.HeightBoundedRightModule b
⊢ M.complex.d 1 0 ≫ M.cover 0 = 0
error: ASGinzburg/RightBoundedMinimalResolution.lean:33:6: `dsimp` made no progress
error: ASGinzburg/RightBoundedMinimalResolution.lean:53:57: Function expected at
  ChainComplex.of_d ?m.52 ?m.53 ?m.54
but this term has type
  ChainComplex.of.d ?m.52 ?m.53 (?m.54 + 1) ?m.54 = ?m.53 ?m.54

Note: Expected a function because this term is being applied to the argument
  n
error: ASGinzburg/RightBoundedMinimalResolution.lean:52:83: unsolved goals
k : Type u
inst✝ : Field k
A : ZAlgebra k
b : ℤ
M : A.HeightBoundedRightModule b
n : ℕ
⊢ A.IsMinimalMorphism (M.complex.d (n + 1) n)
✖ [4316/4782] Building ASGinzburg.FiniteProjectiveDuality (96s)
trace: .> LEAN_PATH=/workspace/as-ginzburg-lean/.lake/packages/Cli/.lake/build/lib/lean:/workspace/as-ginzburg-lean/.lake/packages/batteries/.lake/build/lib/lean:/workspace/as-ginzburg-lean/.lake/packages/Qq/.lake/build/lib/lean:/workspace/as-ginzburg-lean/.lake/packages/aesop/.lake/build/lib/lean:/workspace/as-ginzburg-lean/.lake/packages/proofwidgets/.lake/build/lib/lean:/workspace/as-ginzburg-lean/.lake/packages/importGraph/.lake/build/lib/lean:/workspace/as-ginzburg-lean/.lake/packages/LeanSearchClient/.lake/build/lib/lean:/workspace/as-ginzburg-lean/.lake/packages/plausible/.lake/build/lib/lean:/workspace/as-ginzburg-lean/.lake/packages/mathlib/.lake/build/lib/lean:/workspace/as-ginzburg-lean/.lake/build/lib/lean /workspace/as-ginzburg-lean/work/lean-upgrade/lean-4.34.1-linux/bin/lean /workspace/as-ginzburg-lean/ASGinzburg/FiniteProjectiveDuality.lean -o /workspace/as-ginzburg-lean/.lake/build/lib/lean/ASGinzburg/FiniteProjectiveDuality.olean -i /workspace/as-ginzburg-lean/.lake/build/lib/lean/ASGinzburg/FiniteProjectiveDuality.ilean -c /workspace/as-ginzburg-lean/.lake/build/ir/ASGinzburg/FiniteProjectiveDuality.c --setup /workspace/as-ginzburg-lean/.lake/build/ir/ASGinzburg/FiniteProjectiveDuality.setup.json --json
warning: ASGinzburg/FiniteProjectiveDuality.lean:19:15: `CategoryTheory.Limits.Sigma.ι_desc_assoc` has been deprecated: Use `CategoryTheory.Limits.Sigma.ι_comp_desc_assoc` instead
error: ASGinzburg/FiniteProjectiveDuality.lean:31:5: Unknown identifier `opCoproductIsoProduct`
error: ASGinzburg/FiniteProjectiveDuality.lean:42:5: Unknown identifier `opCoproductIsoProduct`
warning: ASGinzburg/FiniteProjectiveDuality.lean:72:2: Try this: 
  letI̵

The goal is a proposition, so `let` is preferred over `letI`.
The difference between `let` and `letI` is that `letI` inlines the value.
But this is not relevant for proofs because of proof irrelevance.

Note: This linter can be disabled with `set_option linter.style.haveILetI false`
warning: ASGinzburg/FiniteProjectiveDuality.lean:78:2: Try this: 
  letI̵

The goal is a proposition, so `let` is preferred over `letI`.
The difference between `let` and `letI` is that `letI` inlines the value.
But this is not relevant for proofs because of proof irrelevance.

Note: This linter can be disabled with `set_option linter.style.haveILetI false`
error: ASGinzburg/FiniteProjectiveDuality.lean:143:5: (deterministic) timeout at `whnf`, maximum number of heartbeats (200000) has been reached

Note: Use `set_option maxHeartbeats <num>` to set the limit.

Hint: Additional diagnostic information may be available using the `set_option diagnostics true` command.
error: ASGinzburg/FiniteProjectiveDuality.lean:157:5: (deterministic) timeout at `whnf`, maximum number of heartbeats (200000) has been reached

Note: Use `set_option maxHeartbeats <num>` to set the limit.

Hint: Additional diagnostic information may be available using the `set_option diagnostics true` command.
error: ASGinzburg/FiniteProjectiveDuality.lean:165:15: Invalid field `rightFiniteProjectiveBidualIso`: The environment does not contain `ASGinzburg.ZAlgebra.rightFiniteProjectiveBidualIso`, so it is not possible to project the field `rightFiniteProjectiveBidualIso` from an expression
  A
of type `ZAlgebra k`
error: ASGinzburg/FiniteProjectiveDuality.lean:170:8: Invalid field `leftFiniteProjectiveBidualIso`: The environment does not contain `ASGinzburg.ZAlgebra.leftFiniteProjectiveBidualIso`, so it is not possible to project the field `leftFiniteProjectiveBidualIso` from an expression
  A
of type `ZAlgebra k`
✖ [4359/4782] Building ASGinzburg.ASDualityDimension (24s)
trace: .> LEAN_PATH=/workspace/as-ginzburg-lean/.lake/packages/Cli/.lake/build/lib/lean:/workspace/as-ginzburg-lean/.lake/packages/batteries/.lake/build/lib/lean:/workspace/as-ginzburg-lean/.lake/packages/Qq/.lake/build/lib/lean:/workspace/as-ginzburg-lean/.lake/packages/aesop/.lake/build/lib/lean:/workspace/as-ginzburg-lean/.lake/packages/proofwidgets/.lake/build/lib/lean:/workspace/as-ginzburg-lean/.lake/packages/importGraph/.lake/build/lib/lean:/workspace/as-ginzburg-lean/.lake/packages/LeanSearchClient/.lake/build/lib/lean:/workspace/as-ginzburg-lean/.lake/packages/plausible/.lake/build/lib/lean:/workspace/as-ginzburg-lean/.lake/packages/mathlib/.lake/build/lib/lean:/workspace/as-ginzburg-lean/.lake/build/lib/lean /workspace/as-ginzburg-lean/work/lean-upgrade/lean-4.34.1-linux/bin/lean /workspace/as-ginzburg-lean/ASGinzburg/ASDualityDimension.lean -o /workspace/as-ginzburg-lean/.lake/build/lib/lean/ASGinzburg/ASDualityDimension.olean -i /workspace/as-ginzburg-lean/.lake/build/lib/lean/ASGinzburg/ASDualityDimension.ilean -c /workspace/as-ginzburg-lean/.lake/build/ir/ASGinzburg/ASDualityDimension.c --setup /workspace/as-ginzburg-lean/.lake/build/ir/ASGinzburg/ASDualityDimension.setup.json --json
warning: ASGinzburg/ASDualityDimension.lean:26:2: Try this: 
  letI̵

The goal is a proposition, so `let` is preferred over `letI`.
The difference between `let` and `letI` is that `letI` inlines the value.
But this is not relevant for proofs because of proof irrelevance.

Note: This linter can be disabled with `set_option linter.style.haveILetI false`
error: ASGinzburg/ASDualityDimension.lean:69:63: Function expected at
  zero_le
but this term has type
  0 ≤ ?m.153

Note: Expected a function because this term is being applied to the argument
  _
warning: ASGinzburg/ASDualityDimension.lean:85:4: Try this: 
  letI̵

The goal is a proposition, so `let` is preferred over `letI`.
The difference between `let` and `letI` is that `letI` inlines the value.
But this is not relevant for proofs because of proof irrelevance.

Note: This linter can be disabled with `set_option linter.style.haveILetI false`
warning: ASGinzburg/ASDualityDimension.lean:113:8: `if_neg` has been deprecated: Use `ite_eq_right` instead
⚠ [4367/4782] Built ASGinzburg.ASResolutionExtColimits (138s)
warning: ASGinzburg/ASResolutionExtColimits.lean:12:0: Definition `ASGinzburg.ZAlgebra.rightModuleExtZeroPreservesColimits` of class type is semireducible. Most type class instances should be instance-reducible, so consider marking this
definition with `@[instance_reducible]`. If it is intentionally semireducible, this warning can be disabled with `set_option warn.classDefReducibility false`.
warning: ASGinzburg/ASResolutionExtColimits.lean:12:0: Definition `rightModuleExtZeroPreservesColimits` is a proposition; use `theorem` instead of `def`

Note: This linter can be disabled with `set_option linter.defProp false`
warning: ASGinzburg/ASResolutionExtColimits.lean:24:2: Try this: 
  letI̵

The goal is a proposition, so `let` is preferred over `letI`.
The difference between `let` and `letI` is that `letI` inlines the value.
But this is not relevant for proofs because of proof irrelevance.

Note: This linter can be disabled with `set_option linter.style.haveILetI false`
warning: ASGinzburg/ASResolutionExtColimits.lean:18:0: Definition `ASGinzburg.ZAlgebra.rightModuleExtSuccPreservesColimits` of class type is semireducible. Most type class instances should be instance-reducible, so consider marking this
definition with `@[instance_reducible]`. If it is intentionally semireducible, this warning can be disabled with `set_option warn.classDefReducibility false`.
warning: ASGinzburg/ASResolutionExtColimits.lean:18:0: Definition `rightModuleExtSuccPreservesColimits` is a proposition; use `theorem` instead of `def`

Note: This linter can be disabled with `set_option linter.defProp false`
warning: ASGinzburg/ASResolutionExtColimits.lean:32:0: Definition `ASGinzburg.ZAlgebra.ASResolution.secondSyzygyHomPreservesColimits` of class type is semireducible. Most type class instances should be instance-reducible, so consider marking this
definition with `@[instance_reducible]`. If it is intentionally semireducible, this warning can be disabled with `set_option warn.classDefReducibility false`.
warning: ASGinzburg/ASResolutionExtColimits.lean:32:0: Definition `secondSyzygyHomPreservesColimits` is a proposition; use `theorem` instead of `def`

Note: This linter can be disabled with `set_option linter.defProp false`
warning: ASGinzburg/ASResolutionExtColimits.lean:40:2: Try this: 
  letI̵

The goal is a proposition, so `let` is preferred over `letI`.
The difference between `let` and `letI` is that `letI` inlines the value.
But this is not relevant for proofs because of proof irrelevance.

Note: This linter can be disabled with `set_option linter.style.haveILetI false`
warning: ASGinzburg/ASResolutionExtColimits.lean:37:0: Definition `ASGinzburg.ZAlgebra.ASResolution.firstSyzygyHomPreservesColimits` of class type is semireducible. Most type class instances should be instance-reducible, so consider marking this
definition with `@[instance_reducible]`. If it is intentionally semireducible, this warning can be disabled with `set_option warn.classDefReducibility false`.
warning: ASGinzburg/ASResolutionExtColimits.lean:37:0: Definition `firstSyzygyHomPreservesColimits` is a proposition; use `theorem` instead of `def`

Note: This linter can be disabled with `set_option linter.defProp false`
warning: ASGinzburg/ASResolutionExtColimits.lean:46:2: Try this: 
  letI̵

The goal is a proposition, so `let` is preferred over `letI`.
The difference between `let` and `letI` is that `letI` inlines the value.
But this is not relevant for proofs because of proof irrelevance.

Note: This linter can be disabled with `set_option linter.style.haveILetI false`
warning: ASGinzburg/ASResolutionExtColimits.lean:43:0: Definition `ASGinzburg.ZAlgebra.ASResolution.simpleHomPreservesColimits` of class type is semireducible. Most type class instances should be instance-reducible, so consider marking this
definition with `@[instance_reducible]`. If it is intentionally semireducible, this warning can be disabled with `set_option warn.classDefReducibility false`.
warning: ASGinzburg/ASResolutionExtColimits.lean:43:0: Definition `simpleHomPreservesColimits` is a proposition; use `theorem` instead of `def`

Note: This linter can be disabled with `set_option linter.defProp false`
warning: ASGinzburg/ASResolutionExtColimits.lean:52:2: Try this: 
  letI̵

The goal is a proposition, so `let` is preferred over `letI`.
The difference between `let` and `letI` is that `letI` inlines the value.
But this is not relevant for proofs because of proof irrelevance.

Note: This linter can be disabled with `set_option linter.style.haveILetI false`
warning: ASGinzburg/ASResolutionExtColimits.lean:50:0: Definition `ASGinzburg.ZAlgebra.ASResolution.secondSyzygyExtOnePreservesColimits` of class type is semireducible. Most type class instances should be instance-reducible, so consider marking this
definition with `@[instance_reducible]`. If it is intentionally semireducible, this warning can be disabled with `set_option warn.classDefReducibility false`.
warning: ASGinzburg/ASResolutionExtColimits.lean:50:0: Definition `secondSyzygyExtOnePreservesColimits` is a proposition; use `theorem` instead of `def`

Note: This linter can be disabled with `set_option linter.defProp false`
warning: ASGinzburg/ASResolutionExtColimits.lean:58:2: Try this: 
  letI̵

The goal is a proposition, so `let` is preferred over `letI`.
The difference between `let` and `letI` is that `letI` inlines the value.
But this is not relevant for proofs because of proof irrelevance.

Note: This linter can be disabled with `set_option linter.style.haveILetI false`
warning: ASGinzburg/ASResolutionExtColimits.lean:59:2: Try this: 
  letI̵

The goal is a proposition, so `let` is preferred over `letI`.
The difference between `let` and `letI` is that `letI` inlines the value.
But this is not relevant for proofs because of proof irrelevance.

Note: This linter can be disabled with `set_option linter.style.haveILetI false`
warning: ASGinzburg/ASResolutionExtColimits.lean:60:2: Try this: 
  letI̵

The goal is a proposition, so `let` is preferred over `letI`.
The difference between `let` and `letI` is that `letI` inlines the value.
But this is not relevant for proofs because of proof irrelevance.

Note: This linter can be disabled with `set_option linter.style.haveILetI false`
warning: ASGinzburg/ASResolutionExtColimits.lean:55:0: Definition `ASGinzburg.ZAlgebra.ASResolution.firstSyzygyExtOnePreservesColimits` of class type is semireducible. Most type class instances should be instance-reducible, so consider marking this
definition with `@[instance_reducible]`. If it is intentionally semireducible, this warning can be disabled with `set_option warn.classDefReducibility false`.
warning: ASGinzburg/ASResolutionExtColimits.lean:55:0: Definition `firstSyzygyExtOnePreservesColimits` is a proposition; use `theorem` instead of `def`

Note: This linter can be disabled with `set_option linter.defProp false`
warning: ASGinzburg/ASResolutionExtColimits.lean:66:2: Try this: 
  letI̵

The goal is a proposition, so `let` is preferred over `letI`.
The difference between `let` and `letI` is that `letI` inlines the value.
But this is not relevant for proofs because of proof irrelevance.

Note: This linter can be disabled with `set_option linter.style.haveILetI false`
warning: ASGinzburg/ASResolutionExtColimits.lean:67:2: Try this: 
  letI̵

The goal is a proposition, so `let` is preferred over `letI`.
The difference between `let` and `letI` is that `letI` inlines the value.
But this is not relevant for proofs because of proof irrelevance.

Note: This linter can be disabled with `set_option linter.style.haveILetI false`
warning: ASGinzburg/ASResolutionExtColimits.lean:63:0: Definition `ASGinzburg.ZAlgebra.ASResolution.simpleExtOnePreservesColimits` of class type is semireducible. Most type class instances should be instance-reducible, so consider marking this
definition with `@[instance_reducible]`. If it is intentionally semireducible, this warning can be disabled with `set_option warn.classDefReducibility false`.
warning: ASGinzburg/ASResolutionExtColimits.lean:63:0: Definition `simpleExtOnePreservesColimits` is a proposition; use `theorem` instead of `def`

Note: This linter can be disabled with `set_option linter.defProp false`
warning: ASGinzburg/ASResolutionExtColimits.lean:75:2: Try this: 
  letI̵

The goal is a proposition, so `let` is preferred over `letI`.
The difference between `let` and `letI` is that `letI` inlines the value.
But this is not relevant for proofs because of proof irrelevance.

Note: This linter can be disabled with `set_option linter.style.haveILetI false`
warning: ASGinzburg/ASResolutionExtColimits.lean:72:0: Definition `ASGinzburg.ZAlgebra.ASResolution.simpleExtTwoPreservesColimits` of class type is semireducible. Most type class instances should be instance-reducible, so consider marking this
definition with `@[instance_reducible]`. If it is intentionally semireducible, this warning can be disabled with `set_option warn.classDefReducibility false`.
warning: ASGinzburg/ASResolutionExtColimits.lean:72:0: Definition `simpleExtTwoPreservesColimits` is a proposition; use `theorem` instead of `def`

Note: This linter can be disabled with `set_option linter.defProp false`
warning: ASGinzburg/ASResolutionExtColimits.lean:82:2: Try this: 
  letI̵

The goal is a proposition, so `let` is preferred over `letI`.
The difference between `let` and `letI` is that `letI` inlines the value.
But this is not relevant for proofs because of proof irrelevance.

Note: This linter can be disabled with `set_option linter.style.haveILetI false`
warning: ASGinzburg/ASResolutionExtColimits.lean:83:2: Try this: 
  letI̵

The goal is a proposition, so `let` is preferred over `letI`.
The difference between `let` and `letI` is that `letI` inlines the value.
But this is not relevant for proofs because of proof irrelevance.

Note: This linter can be disabled with `set_option linter.style.haveILetI false`
warning: ASGinzburg/ASResolutionExtColimits.lean:79:0: Definition `ASGinzburg.ZAlgebra.ASResolution.simpleExtThreePreservesColimits` of class type is semireducible. Most type class instances should be instance-reducible, so consider marking this
definition with `@[instance_reducible]`. If it is intentionally semireducible, this warning can be disabled with `set_option warn.classDefReducibility false`.
warning: ASGinzburg/ASResolutionExtColimits.lean:79:0: Definition `simpleExtThreePreservesColimits` is a proposition; use `theorem` instead of `def`

Note: This linter can be disabled with `set_option linter.defProp false`
warning: ASGinzburg/ASResolutionExtColimits.lean:94:2: Try this: 
  letI̵

The goal is a proposition, so `let` is preferred over `letI`.
The difference between `let` and `letI` is that `letI` inlines the value.
But this is not relevant for proofs because of proof irrelevance.

Note: This linter can be disabled with `set_option linter.style.haveILetI false`
warning: ASGinzburg/ASResolutionExtColimits.lean:104:4: Try this: 
  letI̵

The goal is a proposition, so `let` is preferred over `letI`.
The difference between `let` and `letI` is that `letI` inlines the value.
But this is not relevant for proofs because of proof irrelevance.

Note: This linter can be disabled with `set_option linter.style.haveILetI false`
warning: ASGinzburg/ASResolutionExtColimits.lean:99:0: Definition `ASGinzburg.ZAlgebra.ASResolution.simpleExtPreservesExactColimits` of class type is semireducible. Most type class instances should be instance-reducible, so consider marking this
definition with `@[instance_reducible]`. If it is intentionally semireducible, this warning can be disabled with `set_option warn.classDefReducibility false`.
warning: ASGinzburg/ASResolutionExtColimits.lean:99:0: Definition `simpleExtPreservesExactColimits` is a proposition; use `theorem` instead of `def`

Note: This linter can be disabled with `set_option linter.defProp false`
warning: ASGinzburg/ASResolutionExtColimits.lean:121:2: Try this: 
  letI̵

The goal is a proposition, so `let` is preferred over `letI`.
The difference between `let` and `letI` is that `letI` inlines the value.
But this is not relevant for proofs because of proof irrelevance.

Note: This linter can be disabled with `set_option linter.style.haveILetI false`
warning: ASGinzburg/ASResolutionExtColimits.lean:117:0: Definition `ASGinzburg.ZAlgebra.ASResolution.simpleExtPreservesCoproducts` of class type is semireducible. Most type class instances should be instance-reducible, so consider marking this
definition with `@[instance_reducible]`. If it is intentionally semireducible, this warning can be disabled with `set_option warn.classDefReducibility false`.
warning: ASGinzburg/ASResolutionExtColimits.lean:117:0: Definition `simpleExtPreservesCoproducts` is a proposition; use `theorem` instead of `def`

Note: This linter can be disabled with `set_option linter.defProp false`
warning: ASGinzburg/ASResolutionExtColimits.lean:136:2: Try this: 
  letI̵

The goal is a proposition, so `let` is preferred over `letI`.
The difference between `let` and `letI` is that `letI` inlines the value.
But this is not relevant for proofs because of proof irrelevance.

Note: This linter can be disabled with `set_option linter.style.haveILetI false`
Some required targets logged failures:
- ASGinzburg.ASGenerators
- ASGinzburg.FiniteRepresentableCovariantMatrix
- ASGinzburg.ASResolutionComplexMinimality
- ASGinzburg.OrdinaryFiniteProjectiveRingBidual
- ASGinzburg.OrdinaryRingDualTensorEvaluationFinite
- ASGinzburg.RightBoundedMinimalResolution
- ASGinzburg.FiniteProjectiveDuality
- ASGinzburg.ASDualityDimension
error: build failed
