⚠ [3150/3266] Replayed ASGinzburg.RightModuleAbelian
warning: ASGinzburg/RightModuleAbelian.lean:38:4: Try this: 
  letI̵

The goal is a proposition, so `let` is preferred over `letI`.
The difference between `let` and `letI` is that `letI` inlines the value.
But this is not relevant for proofs because of proof irrelevance.

Note: This linter can be disabled with `set_option linter.style.haveILetI false`
warning: ASGinzburg/RightModuleAbelian.lean:47:4: Try this: 
  letI̵

The goal is a proposition, so `let` is preferred over `letI`.
The difference between `let` and `letI` is that `letI` inlines the value.
But this is not relevant for proofs because of proof irrelevance.

Note: This linter can be disabled with `set_option linter.style.haveILetI false`
warning: ASGinzburg/RightModuleAbelian.lean:67:4: Try this: 
  letI̵

The goal is a proposition, so `let` is preferred over `letI`.
The difference between `let` and `letI` is that `letI` inlines the value.
But this is not relevant for proofs because of proof irrelevance.

Note: This linter can be disabled with `set_option linter.style.haveILetI false`
warning: ASGinzburg/RightModuleAbelian.lean:77:4: Try this: 
  letI̵

The goal is a proposition, so `let` is preferred over `letI`.
The difference between `let` and `letI` is that `letI` inlines the value.
But this is not relevant for proofs because of proof irrelevance.

Note: This linter can be disabled with `set_option linter.style.haveILetI false`
warning: ASGinzburg/RightModuleAbelian.lean:89:4: Try this: 
  letI̵

The goal is a proposition, so `let` is preferred over `letI`.
The difference between `let` and `letI` is that `letI` inlines the value.
But this is not relevant for proofs because of proof irrelevance.

Note: This linter can be disabled with `set_option linter.style.haveILetI false`
warning: ASGinzburg/RightModuleAbelian.lean:97:4: Try this: 
  letI̵

The goal is a proposition, so `let` is preferred over `letI`.
The difference between `let` and `letI` is that `letI` inlines the value.
But this is not relevant for proofs because of proof irrelevance.

Note: This linter can be disabled with `set_option linter.style.haveILetI false`
warning: ASGinzburg/RightModuleAbelian.lean:123:2: Try this: 
  haveI̵

The goal is a proposition, so `have` is preferred over `haveI`.
The difference between `have` and `haveI` is that `haveI` inlines the value.
But this is not relevant for proofs because of proof irrelevance.

Note: This linter can be disabled with `set_option linter.style.haveILetI false`
⚠ [3204/3266] Replayed ASGinzburg.RightModuleHomology
warning: ASGinzburg/RightModuleHomology.lean:90:4: Try this: 
  letI̵

The goal is a proposition, so `let` is preferred over `letI`.
The difference between `let` and `letI` is that `letI` inlines the value.
But this is not relevant for proofs because of proof irrelevance.

Note: This linter can be disabled with `set_option linter.style.haveILetI false`
warning: ASGinzburg/RightModuleHomology.lean:94:4: Try this: 
  haveI̵

The goal is a proposition, so `have` is preferred over `haveI`.
The difference between `have` and `haveI` is that `haveI` inlines the value.
But this is not relevant for proofs because of proof irrelevance.

Note: This linter can be disabled with `set_option linter.style.haveILetI false`
warning: ASGinzburg/RightModuleHomology.lean:103:4: Try this: 
  letI̵

The goal is a proposition, so `let` is preferred over `letI`.
The difference between `let` and `letI` is that `letI` inlines the value.
But this is not relevant for proofs because of proof irrelevance.

Note: This linter can be disabled with `set_option linter.style.haveILetI false`
warning: ASGinzburg/RightModuleHomology.lean:107:4: Try this: 
  haveI̵

The goal is a proposition, so `have` is preferred over `haveI`.
The difference between `have` and `haveI` is that `haveI` inlines the value.
But this is not relevant for proofs because of proof irrelevance.

Note: This linter can be disabled with `set_option linter.style.haveILetI false`
⚠ [3207/3266] Replayed ASGinzburg.RightModuleEnoughProjectives
warning: ASGinzburg/RightModuleEnoughProjectives.lean:42:12: `CategoryTheory.Limits.Sigma.ι_desc` has been deprecated: Use `CategoryTheory.Limits.Sigma.ι_comp_desc` instead
⚠ [3338/3483] Replayed ASGinzburg.RightModuleExtLinear
warning: ASGinzburg/RightModuleExtLinear.lean:29:2: Try this: 
  letI̵

The goal is a proposition, so `let` is preferred over `letI`.
The difference between `let` and `letI` is that `letI` inlines the value.
But this is not relevant for proofs because of proof irrelevance.

Note: This linter can be disabled with `set_option linter.style.haveILetI false`
warning: ASGinzburg/RightModuleExtLinear.lean:30:2: Try this: 
  letI̵

The goal is a proposition, so `let` is preferred over `letI`.
The difference between `let` and `letI` is that `letI` inlines the value.
But this is not relevant for proofs because of proof irrelevance.

Note: This linter can be disabled with `set_option linter.style.haveILetI false`
warning: ASGinzburg/RightModuleExtLinear.lean:37:2: Try this: 
  letI̵

The goal is a proposition, so `let` is preferred over `letI`.
The difference between `let` and `letI` is that `letI` inlines the value.
But this is not relevant for proofs because of proof irrelevance.

Note: This linter can be disabled with `set_option linter.style.haveILetI false`
warning: ASGinzburg/RightModuleExtLinear.lean:38:2: Try this: 
  letI̵

The goal is a proposition, so `let` is preferred over `letI`.
The difference between `let` and `letI` is that `letI` inlines the value.
But this is not relevant for proofs because of proof irrelevance.

Note: This linter can be disabled with `set_option linter.style.haveILetI false`
warning: ASGinzburg/RightModuleExtLinear.lean:39:2: Try this: 
  letI̵

The goal is a proposition, so `let` is preferred over `letI`.
The difference between `let` and `letI` is that `letI` inlines the value.
But this is not relevant for proofs because of proof irrelevance.

Note: This linter can be disabled with `set_option linter.style.haveILetI false`
warning: ASGinzburg/RightModuleExtLinear.lean:75:2: Try this: 
  letI̵

The goal is a proposition, so `let` is preferred over `letI`.
The difference between `let` and `letI` is that `letI` inlines the value.
But this is not relevant for proofs because of proof irrelevance.

Note: This linter can be disabled with `set_option linter.style.haveILetI false`
warning: ASGinzburg/RightModuleExtLinear.lean:76:2: Try this: 
  letI̵

The goal is a proposition, so `let` is preferred over `letI`.
The difference between `let` and `letI` is that `letI` inlines the value.
But this is not relevant for proofs because of proof irrelevance.

Note: This linter can be disabled with `set_option linter.style.haveILetI false`
warning: ASGinzburg/RightModuleExtLinear.lean:77:2: Try this: 
  letI̵

The goal is a proposition, so `let` is preferred over `letI`.
The difference between `let` and `letI` is that `letI` inlines the value.
But this is not relevant for proofs because of proof irrelevance.

Note: This linter can be disabled with `set_option linter.style.haveILetI false`
warning: ASGinzburg/RightModuleExtLinear.lean:78:2: Try this: 
  letI̵

The goal is a proposition, so `let` is preferred over `letI`.
The difference between `let` and `letI` is that `letI` inlines the value.
But this is not relevant for proofs because of proof irrelevance.

Note: This linter can be disabled with `set_option linter.style.haveILetI false`
⚠ [3339/3483] Replayed ASGinzburg.RightModuleExtSequence
warning: ASGinzburg/RightModuleExtSequence.lean:19:2: Try this: 
  letI̵

The goal is a proposition, so `let` is preferred over `letI`.
The difference between `let` and `letI` is that `letI` inlines the value.
But this is not relevant for proofs because of proof irrelevance.

Note: This linter can be disabled with `set_option linter.style.haveILetI false`
warning: ASGinzburg/RightModuleExtSequence.lean:20:2: Try this: 
  letI̵

The goal is a proposition, so `let` is preferred over `letI`.
The difference between `let` and `letI` is that `letI` inlines the value.
But this is not relevant for proofs because of proof irrelevance.

Note: This linter can be disabled with `set_option linter.style.haveILetI false`
warning: ASGinzburg/RightModuleExtSequence.lean:21:2: Try this: 
  letI̵

The goal is a proposition, so `let` is preferred over `letI`.
The difference between `let` and `letI` is that `letI` inlines the value.
But this is not relevant for proofs because of proof irrelevance.

Note: This linter can be disabled with `set_option linter.style.haveILetI false`
warning: ASGinzburg/RightModuleExtSequence.lean:28:2: Try this: 
  letI̵

The goal is a proposition, so `let` is preferred over `letI`.
The difference between `let` and `letI` is that `letI` inlines the value.
But this is not relevant for proofs because of proof irrelevance.

Note: This linter can be disabled with `set_option linter.style.haveILetI false`
warning: ASGinzburg/RightModuleExtSequence.lean:29:2: Try this: 
  letI̵

The goal is a proposition, so `let` is preferred over `letI`.
The difference between `let` and `letI` is that `letI` inlines the value.
But this is not relevant for proofs because of proof irrelevance.

Note: This linter can be disabled with `set_option linter.style.haveILetI false`
warning: ASGinzburg/RightModuleExtSequence.lean:43:2: Try this: 
  letI̵

The goal is a proposition, so `let` is preferred over `letI`.
The difference between `let` and `letI` is that `letI` inlines the value.
But this is not relevant for proofs because of proof irrelevance.

Note: This linter can be disabled with `set_option linter.style.haveILetI false`
warning: ASGinzburg/RightModuleExtSequence.lean:44:2: Try this: 
  letI̵

The goal is a proposition, so `let` is preferred over `letI`.
The difference between `let` and `letI` is that `letI` inlines the value.
But this is not relevant for proofs because of proof irrelevance.

Note: This linter can be disabled with `set_option linter.style.haveILetI false`
warning: ASGinzburg/RightModuleExtSequence.lean:45:2: Try this: 
  letI̵

The goal is a proposition, so `let` is preferred over `letI`.
The difference between `let` and `letI` is that `letI` inlines the value.
But this is not relevant for proofs because of proof irrelevance.

Note: This linter can be disabled with `set_option linter.style.haveILetI false`
⚠ [3343/3483] Replayed ASGinzburg.RightSubmodules
warning: ASGinzburg/RightSubmodules.lean:45:4: Try this: 
  letI̵

The goal is a proposition, so `let` is preferred over `letI`.
The difference between `let` and `letI` is that `letI` inlines the value.
But this is not relevant for proofs because of proof irrelevance.

Note: This linter can be disabled with `set_option linter.style.haveILetI false`
warning: ASGinzburg/RightSubmodules.lean:55:4: Try this: 
  letI̵

The goal is a proposition, so `let` is preferred over `letI`.
The difference between `let` and `letI` is that `letI` inlines the value.
But this is not relevant for proofs because of proof irrelevance.

Note: This linter can be disabled with `set_option linter.style.haveILetI false`
⚠ [3348/3483] Replayed ASGinzburg.SimpleRightModules
warning: ASGinzburg/SimpleRightModules.lean:147:6: Try this: 
  letI̵

The goal is a proposition, so `let` is preferred over `letI`.
The difference between `let` and `letI` is that `letI` inlines the value.
But this is not relevant for proofs because of proof irrelevance.

Note: This linter can be disabled with `set_option linter.style.haveILetI false`
warning: ASGinzburg/SimpleRightModules.lean:154:6: Try this: 
  haveI̵

The goal is a proposition, so `have` is preferred over `haveI`.
The difference between `have` and `haveI` is that `haveI` inlines the value.
But this is not relevant for proofs because of proof irrelevance.

Note: This linter can be disabled with `set_option linter.style.haveILetI false`
warning: ASGinzburg/SimpleRightModules.lean:155:6: Try this: 
  haveI̵

The goal is a proposition, so `have` is preferred over `haveI`.
The difference between `have` and `haveI` is that `haveI` inlines the value.
But this is not relevant for proofs because of proof irrelevance.

Note: This linter can be disabled with `set_option linter.style.haveILetI false`
⚠ [3386/3483] Replayed ASGinzburg.HomologicalColimitClosure
warning: ASGinzburg/HomologicalColimitClosure.lean:29:13: `CategoryTheory.Limits.HasColimit.isoOfNatIso_ι_hom_assoc` has been deprecated: Use `CategoryTheory.Limits.HasColimit.ι_isoOfNatIso_hom_assoc` instead
warning: ASGinzburg/HomologicalColimitClosure.lean:46:4: Try this: 
  letI̵

The goal is a proposition, so `let` is preferred over `letI`.
The difference between `let` and `letI` is that `letI` inlines the value.
But this is not relevant for proofs because of proof irrelevance.

Note: This linter can be disabled with `set_option linter.style.haveILetI false`
warning: ASGinzburg/HomologicalColimitClosure.lean:36:0: Definition `ASGinzburg.limitPreservesColimitsOfExactShape` of class type is semireducible. Most type class instances should be instance-reducible, so consider marking this
definition with `@[instance_reducible]`. If it is intentionally semireducible, this warning can be disabled with `set_option warn.classDefReducibility false`.
warning: ASGinzburg/HomologicalColimitClosure.lean:36:0: Definition `limitPreservesColimitsOfExactShape` is a proposition; use `theorem` instead of `def`

Note: This linter can be disabled with `set_option linter.defProp false`
warning: ASGinzburg/HomologicalColimitClosure.lean:59:0: Definition `ASGinzburg.parallelPairDiagramPreservesColimits` of class type is semireducible. Most type class instances should be instance-reducible, so consider marking this
definition with `@[instance_reducible]`. If it is intentionally semireducible, this warning can be disabled with `set_option warn.classDefReducibility false`.
warning: ASGinzburg/HomologicalColimitClosure.lean:59:0: Definition `parallelPairDiagramPreservesColimits` is a proposition; use `theorem` instead of `def`

Note: This linter can be disabled with `set_option linter.defProp false`
warning: ASGinzburg/HomologicalColimitClosure.lean:71:2: Try this: 
  letI̵

The goal is a proposition, so `let` is preferred over `letI`.
The difference between `let` and `letI` is that `letI` inlines the value.
But this is not relevant for proofs because of proof irrelevance.

Note: This linter can be disabled with `set_option linter.style.haveILetI false`
warning: ASGinzburg/HomologicalColimitClosure.lean:72:2: Try this: 
  letI̵

The goal is a proposition, so `let` is preferred over `letI`.
The difference between `let` and `letI` is that `letI` inlines the value.
But this is not relevant for proofs because of proof irrelevance.

Note: This linter can be disabled with `set_option linter.style.haveILetI false`
warning: ASGinzburg/HomologicalColimitClosure.lean:69:0: Definition `ASGinzburg.kernelFunctorPreservesExactColimits` of class type is semireducible. Most type class instances should be instance-reducible, so consider marking this
definition with `@[instance_reducible]`. If it is intentionally semireducible, this warning can be disabled with `set_option warn.classDefReducibility false`.
warning: ASGinzburg/HomologicalColimitClosure.lean:69:0: Definition `kernelFunctorPreservesExactColimits` is a proposition; use `theorem` instead of `def`

Note: This linter can be disabled with `set_option linter.defProp false`
warning: ASGinzburg/HomologicalColimitClosure.lean:78:2: Try this: 
  letI̵

The goal is a proposition, so `let` is preferred over `letI`.
The difference between `let` and `letI` is that `letI` inlines the value.
But this is not relevant for proofs because of proof irrelevance.

Note: This linter can be disabled with `set_option linter.style.haveILetI false`
warning: ASGinzburg/HomologicalColimitClosure.lean:80:2: Try this: 
  letI̵

The goal is a proposition, so `let` is preferred over `letI`.
The difference between `let` and `letI` is that `letI` inlines the value.
But this is not relevant for proofs because of proof irrelevance.

Note: This linter can be disabled with `set_option linter.style.haveILetI false`
warning: ASGinzburg/HomologicalColimitClosure.lean:76:0: Definition `ASGinzburg.cokernelFunctorPreservesColimits` of class type is semireducible. Most type class instances should be instance-reducible, so consider marking this
definition with `@[instance_reducible]`. If it is intentionally semireducible, this warning can be disabled with `set_option warn.classDefReducibility false`.
warning: ASGinzburg/HomologicalColimitClosure.lean:76:0: Definition `cokernelFunctorPreservesColimits` is a proposition; use `theorem` instead of `def`

Note: This linter can be disabled with `set_option linter.defProp false`
warning: ASGinzburg/HomologicalColimitClosure.lean:88:0: Definition `ASGinzburg.moduleCatExactCoproducts` of class type is semireducible. Most type class instances should be instance-reducible, so consider marking this
definition with `@[instance_reducible]`. If it is intentionally semireducible, this warning can be disabled with `set_option warn.classDefReducibility false`.
warning: ASGinzburg/HomologicalColimitClosure.lean:88:0: Definition `moduleCatExactCoproducts` is a proposition; use `theorem` instead of `def`

Note: This linter can be disabled with `set_option linter.defProp false`
⚠ [3388/3483] Replayed ASGinzburg.LeftModuleAbelian
warning: ASGinzburg/LeftModuleAbelian.lean:37:4: Try this: 
  letI̵

The goal is a proposition, so `let` is preferred over `letI`.
The difference between `let` and `letI` is that `letI` inlines the value.
But this is not relevant for proofs because of proof irrelevance.

Note: This linter can be disabled with `set_option linter.style.haveILetI false`
warning: ASGinzburg/LeftModuleAbelian.lean:46:4: Try this: 
  letI̵

The goal is a proposition, so `let` is preferred over `letI`.
The difference between `let` and `letI` is that `letI` inlines the value.
But this is not relevant for proofs because of proof irrelevance.

Note: This linter can be disabled with `set_option linter.style.haveILetI false`
warning: ASGinzburg/LeftModuleAbelian.lean:66:4: Try this: 
  letI̵

The goal is a proposition, so `let` is preferred over `letI`.
The difference between `let` and `letI` is that `letI` inlines the value.
But this is not relevant for proofs because of proof irrelevance.

Note: This linter can be disabled with `set_option linter.style.haveILetI false`
warning: ASGinzburg/LeftModuleAbelian.lean:76:4: Try this: 
  letI̵

The goal is a proposition, so `let` is preferred over `letI`.
The difference between `let` and `letI` is that `letI` inlines the value.
But this is not relevant for proofs because of proof irrelevance.

Note: This linter can be disabled with `set_option linter.style.haveILetI false`
warning: ASGinzburg/LeftModuleAbelian.lean:88:4: Try this: 
  letI̵

The goal is a proposition, so `let` is preferred over `letI`.
The difference between `let` and `letI` is that `letI` inlines the value.
But this is not relevant for proofs because of proof irrelevance.

Note: This linter can be disabled with `set_option linter.style.haveILetI false`
warning: ASGinzburg/LeftModuleAbelian.lean:96:4: Try this: 
  letI̵

The goal is a proposition, so `let` is preferred over `letI`.
The difference between `let` and `letI` is that `letI` inlines the value.
But this is not relevant for proofs because of proof irrelevance.

Note: This linter can be disabled with `set_option linter.style.haveILetI false`
warning: ASGinzburg/LeftModuleAbelian.lean:122:2: Try this: 
  haveI̵

The goal is a proposition, so `have` is preferred over `haveI`.
The difference between `have` and `haveI` is that `haveI` inlines the value.
But this is not relevant for proofs because of proof irrelevance.

Note: This linter can be disabled with `set_option linter.style.haveILetI false`
⚠ [3389/3483] Replayed ASGinzburg.LeftModuleHomology
warning: ASGinzburg/LeftModuleHomology.lean:88:4: Try this: 
  letI̵

The goal is a proposition, so `let` is preferred over `letI`.
The difference between `let` and `letI` is that `letI` inlines the value.
But this is not relevant for proofs because of proof irrelevance.

Note: This linter can be disabled with `set_option linter.style.haveILetI false`
warning: ASGinzburg/LeftModuleHomology.lean:92:4: Try this: 
  haveI̵

The goal is a proposition, so `have` is preferred over `haveI`.
The difference between `have` and `haveI` is that `haveI` inlines the value.
But this is not relevant for proofs because of proof irrelevance.

Note: This linter can be disabled with `set_option linter.style.haveILetI false`
warning: ASGinzburg/LeftModuleHomology.lean:101:4: Try this: 
  letI̵

The goal is a proposition, so `let` is preferred over `letI`.
The difference between `let` and `letI` is that `letI` inlines the value.
But this is not relevant for proofs because of proof irrelevance.

Note: This linter can be disabled with `set_option linter.style.haveILetI false`
warning: ASGinzburg/LeftModuleHomology.lean:105:4: Try this: 
  haveI̵

The goal is a proposition, so `have` is preferred over `haveI`.
The difference between `have` and `haveI` is that `haveI` inlines the value.
But this is not relevant for proofs because of proof irrelevance.

Note: This linter can be disabled with `set_option linter.style.haveILetI false`
⚠ [3392/3483] Replayed ASGinzburg.ExactEquivalenceExt
warning: ASGinzburg/ExactEquivalenceExt.lean:22:2: Try this: 
  haveI̵

The goal is a proposition, so `have` is preferred over `haveI`.
The difference between `have` and `haveI` is that `haveI` inlines the value.
But this is not relevant for proofs because of proof irrelevance.

Note: This linter can be disabled with `set_option linter.style.haveILetI false`
warning: ASGinzburg/ExactEquivalenceExt.lean:145:0: Definition `ASGinzburg.exactExtModule` of class type is semireducible. Most type class instances should be instance-reducible, so consider marking this
definition with `@[instance_reducible]`. If it is intentionally semireducible, this warning can be disabled with `set_option warn.classDefReducibility false`.
⚠ [3395/3483] Replayed ASGinzburg.PathAlgebra
warning: ASGinzburg/PathAlgebra.lean:97:42: This simp argument is unused:
  LinearMap.add_apply

Hint: Omit it from the simp argument list.
  [apply] simp [map_add, ih, ih']

Note: This linter can be disabled with `set_option linter.unusedSimpArgs false`
⚠ [3407/3483] Replayed ASGinzburg.ProjectiveResolutionSyzygies
warning: ASGinzburg/ProjectiveResolutionSyzygies.lean:17:2: Try this: 
  haveI̵

The goal is a proposition, so `have` is preferred over `haveI`.
The difference between `have` and `haveI` is that `haveI` inlines the value.
But this is not relevant for proofs because of proof irrelevance.

Note: This linter can be disabled with `set_option linter.style.haveILetI false`
warning: ASGinzburg/ProjectiveResolutionSyzygies.lean:18:2: Try this: 
  haveI̵

The goal is a proposition, so `have` is preferred over `haveI`.
The difference between `have` and `haveI` is that `haveI` inlines the value.
But this is not relevant for proofs because of proof irrelevance.

Note: This linter can be disabled with `set_option linter.style.haveILetI false`
warning: ASGinzburg/ProjectiveResolutionSyzygies.lean:19:2: Try this: 
  haveI̵

The goal is a proposition, so `have` is preferred over `haveI`.
The difference between `have` and `haveI` is that `haveI` inlines the value.
But this is not relevant for proofs because of proof irrelevance.

Note: This linter can be disabled with `set_option linter.style.haveILetI false`
⚠ [3410/3564] Built ASGinzburg.RightModuleRadical (7.7s)
warning: ASGinzburg/RightModuleRadical.lean:23:4: Try this: 
  letI̵

The goal is a proposition, so `let` is preferred over `letI`.
The difference between `let` and `letI` is that `letI` inlines the value.
But this is not relevant for proofs because of proof irrelevance.

Note: This linter can be disabled with `set_option linter.style.haveILetI false`
✔ [3411/3564] Built ASGinzburg.LeftModuleProjectives (7.7s)
⚠ [3412/3564] Built ASGinzburg.LinearExtTransport (7.6s)
warning: ASGinzburg/LinearExtTransport.lean:11:17: Definition `ASGinzburg.exactExtModule` of class type is semireducible. Most type class instances should be instance-reducible, so consider marking this
definition with `@[instance_reducible]`. If it is intentionally semireducible, this warning can be disabled with `set_option warn.classDefReducibility false`.
warning: ASGinzburg/LinearExtTransport.lean:27:2: Try this: 
  letI̵

The goal is a proposition, so `let` is preferred over `letI`.
The difference between `let` and `letI` is that `letI` inlines the value.
But this is not relevant for proofs because of proof irrelevance.

Note: This linter can be disabled with `set_option linter.style.haveILetI false`
warning: ASGinzburg/LinearExtTransport.lean:28:2: Try this: 
  letI̵

The goal is a proposition, so `let` is preferred over `letI`.
The difference between `let` and `letI` is that `letI` inlines the value.
But this is not relevant for proofs because of proof irrelevance.

Note: This linter can be disabled with `set_option linter.style.haveILetI false`
warning: ASGinzburg/LinearExtTransport.lean:43:2: Try this: 
  letI̵

The goal is a proposition, so `let` is preferred over `letI`.
The difference between `let` and `letI` is that `letI` inlines the value.
But this is not relevant for proofs because of proof irrelevance.

Note: This linter can be disabled with `set_option linter.style.haveILetI false`
warning: ASGinzburg/LinearExtTransport.lean:44:2: Try this: 
  letI̵

The goal is a proposition, so `let` is preferred over `letI`.
The difference between `let` and `letI` is that `letI` inlines the value.
But this is not relevant for proofs because of proof irrelevance.

Note: This linter can be disabled with `set_option linter.style.haveILetI false`
warning: ASGinzburg/LinearExtTransport.lean:59:2: Try this: 
  letI̵

The goal is a proposition, so `let` is preferred over `letI`.
The difference between `let` and `letI` is that `letI` inlines the value.
But this is not relevant for proofs because of proof irrelevance.

Note: This linter can be disabled with `set_option linter.style.haveILetI false`
warning: ASGinzburg/LinearExtTransport.lean:60:2: Try this: 
  letI̵

The goal is a proposition, so `let` is preferred over `letI`.
The difference between `let` and `letI` is that `letI` inlines the value.
But this is not relevant for proofs because of proof irrelevance.

Note: This linter can be disabled with `set_option linter.style.haveILetI false`
⚠ [3418/3564] Replayed ASGinzburg.ShortExactKernels
warning: ASGinzburg/ShortExactKernels.lean:34:4: Try this: 
  letI̵

The goal is a proposition, so `let` is preferred over `letI`.
The difference between `let` and `letI` is that `letI` inlines the value.
But this is not relevant for proofs because of proof irrelevance.

Note: This linter can be disabled with `set_option linter.style.haveILetI false`
warning: ASGinzburg/ShortExactKernels.lean:37:4: Try this: 
  letI̵

The goal is a proposition, so `let` is preferred over `letI`.
The difference between `let` and `letI` is that `letI` inlines the value.
But this is not relevant for proofs because of proof irrelevance.

Note: This linter can be disabled with `set_option linter.style.haveILetI false`
warning: ASGinzburg/ShortExactKernels.lean:38:4: Try this: 
  haveI̵

The goal is a proposition, so `have` is preferred over `haveI`.
The difference between `have` and `haveI` is that `haveI` inlines the value.
But this is not relevant for proofs because of proof irrelevance.

Note: This linter can be disabled with `set_option linter.style.haveILetI false`
warning: ASGinzburg/ShortExactKernels.lean:39:4: Try this: 
  haveI̵

The goal is a proposition, so `have` is preferred over `haveI`.
The difference between `have` and `haveI` is that `haveI` inlines the value.
But this is not relevant for proofs because of proof irrelevance.

Note: This linter can be disabled with `set_option linter.style.haveILetI false`
⚠ [3419/3564] Replayed ASGinzburg.ProjectiveExtensionCovers
warning: ASGinzburg/ProjectiveExtensionCovers.lean:20:2: Try this: 
  letI̵

The goal is a proposition, so `let` is preferred over `letI`.
The difference between `let` and `letI` is that `letI` inlines the value.
But this is not relevant for proofs because of proof irrelevance.

Note: This linter can be disabled with `set_option linter.style.haveILetI false`
warning: ASGinzburg/ProjectiveExtensionCovers.lean:35:2: Try this: 
  letI̵

The goal is a proposition, so `let` is preferred over `letI`.
The difference between `let` and `letI` is that `letI` inlines the value.
But this is not relevant for proofs because of proof irrelevance.

Note: This linter can be disabled with `set_option linter.style.haveILetI false`
warning: ASGinzburg/ProjectiveExtensionCovers.lean:37:2: Try this: 
  letI̵

The goal is a proposition, so `let` is preferred over `letI`.
The difference between `let` and `letI` is that `letI` inlines the value.
But this is not relevant for proofs because of proof irrelevance.

Note: This linter can be disabled with `set_option linter.style.haveILetI false`
warning: ASGinzburg/ProjectiveExtensionCovers.lean:38:2: Try this: 
  letI̵

The goal is a proposition, so `let` is preferred over `letI`.
The difference between `let` and `letI` is that `letI` inlines the value.
But this is not relevant for proofs because of proof irrelevance.

Note: This linter can be disabled with `set_option linter.style.haveILetI false`
warning: ASGinzburg/ProjectiveExtensionCovers.lean:43:2: Try this: 
  letI̵

The goal is a proposition, so `let` is preferred over `letI`.
The difference between `let` and `letI` is that `letI` inlines the value.
But this is not relevant for proofs because of proof irrelevance.

Note: This linter can be disabled with `set_option linter.style.haveILetI false`
⚠ [3420/3564] Replayed ASGinzburg.FourTermProjectiveResolution
warning: ASGinzburg/FourTermProjectiveResolution.lean:15:2: Try this: 
  haveI̵

The goal is a proposition, so `have` is preferred over `haveI`.
The difference between `have` and `haveI` is that `haveI` inlines the value.
But this is not relevant for proofs because of proof irrelevance.

Note: This linter can be disabled with `set_option linter.style.haveILetI false`
warning: ASGinzburg/FourTermProjectiveResolution.lean:16:2: Try this: 
  haveI̵

The goal is a proposition, so `have` is preferred over `haveI`.
The difference between `have` and `haveI` is that `haveI` inlines the value.
But this is not relevant for proofs because of proof irrelevance.

Note: This linter can be disabled with `set_option linter.style.haveILetI false`
warning: ASGinzburg/FourTermProjectiveResolution.lean:17:2: Try this: 
  haveI̵

The goal is a proposition, so `have` is preferred over `haveI`.
The difference between `have` and `haveI` is that `haveI` inlines the value.
But this is not relevant for proofs because of proof irrelevance.

Note: This linter can be disabled with `set_option linter.style.haveILetI false`
warning: ASGinzburg/FourTermProjectiveResolution.lean:87:4: Try this: 
  letI̵

The goal is a proposition, so `let` is preferred over `letI`.
The difference between `let` and `letI` is that `letI` inlines the value.
But this is not relevant for proofs because of proof irrelevance.

Note: This linter can be disabled with `set_option linter.style.haveILetI false`
warning: ASGinzburg/FourTermProjectiveResolution.lean:107:6: Try this: 
  letI̵

The goal is a proposition, so `let` is preferred over `letI`.
The difference between `let` and `letI` is that `letI` inlines the value.
But this is not relevant for proofs because of proof irrelevance.

Note: This linter can be disabled with `set_option linter.style.haveILetI false`
⚠ [3422/3564] Replayed ASGinzburg.ExtClassNaturality
warning: ASGinzburg/ExtClassNaturality.lean:45:2: Try this: 
  letI̵

The goal is a proposition, so `let` is preferred over `letI`.
The difference between `let` and `letI` is that `letI` inlines the value.
But this is not relevant for proofs because of proof irrelevance.

Note: This linter can be disabled with `set_option linter.style.haveILetI false`
⚠ [3426/3564] Built ASGinzburg.LeftSubmodules (8.5s)
warning: ASGinzburg/LeftSubmodules.lean:45:4: Try this: 
  letI̵

The goal is a proposition, so `let` is preferred over `letI`.
The difference between `let` and `letI` is that `letI` inlines the value.
But this is not relevant for proofs because of proof irrelevance.

Note: This linter can be disabled with `set_option linter.style.haveILetI false`
warning: ASGinzburg/LeftSubmodules.lean:55:4: Try this: 
  letI̵

The goal is a proposition, so `let` is preferred over `letI`.
The difference between `let` and `letI` is that `letI` inlines the value.
But this is not relevant for proofs because of proof irrelevance.

Note: This linter can be disabled with `set_option linter.style.haveILetI false`
✔ [3427/3604] Built ASGinzburg.RightModuleMinimality (4.6s)
⚠ [3428/3791] Built ASGinzburg.LeftModuleEnoughProjectives (6.1s)
warning: ASGinzburg/LeftModuleEnoughProjectives.lean:42:12: `CategoryTheory.Limits.Sigma.ι_desc` has been deprecated: Use `CategoryTheory.Limits.Sigma.ι_comp_desc` instead
✖ [3429/3791] Building ASGinzburg.CoproductRadicals (8.9s)
trace: .> LEAN_PATH=/workspace/as-ginzburg-lean/.lake/packages/Cli/.lake/build/lib/lean:/workspace/as-ginzburg-lean/.lake/packages/batteries/.lake/build/lib/lean:/workspace/as-ginzburg-lean/.lake/packages/Qq/.lake/build/lib/lean:/workspace/as-ginzburg-lean/.lake/packages/aesop/.lake/build/lib/lean:/workspace/as-ginzburg-lean/.lake/packages/proofwidgets/.lake/build/lib/lean:/workspace/as-ginzburg-lean/.lake/packages/importGraph/.lake/build/lib/lean:/workspace/as-ginzburg-lean/.lake/packages/LeanSearchClient/.lake/build/lib/lean:/workspace/as-ginzburg-lean/.lake/packages/plausible/.lake/build/lib/lean:/workspace/as-ginzburg-lean/.lake/packages/mathlib/.lake/build/lib/lean:/workspace/as-ginzburg-lean/.lake/build/lib/lean /workspace/as-ginzburg-lean/work/lean-upgrade/lean-4.34.1-linux/bin/lean /workspace/as-ginzburg-lean/ASGinzburg/CoproductRadicals.lean -o /workspace/as-ginzburg-lean/.lake/build/lib/lean/ASGinzburg/CoproductRadicals.olean -i /workspace/as-ginzburg-lean/.lake/build/lib/lean/ASGinzburg/CoproductRadicals.ilean -c /workspace/as-ginzburg-lean/.lake/build/ir/ASGinzburg/CoproductRadicals.c --setup /workspace/as-ginzburg-lean/.lake/build/ir/ASGinzburg/CoproductRadicals.setup.json --json
error: ASGinzburg/CoproductRadicals.lean:81:6: Type mismatch: After simplification, term
  Eq.symm Hzero
 has type
  @Eq (↑((A.rightModuleEvaluation i).obj (g a))) ((ModuleCat.Hom.hom 0) x)
    ((ModuleCat.Hom.hom
        ((A.rightModuleEvaluation i).map (Sigma.ι g b) ≫
          (A.rightModuleEvaluation i).map (A.rightFiniteCoproductProjection g a)))
      x)
but is expected to have type
  @Eq (↑((A.rightModuleEvaluation i).obj (g a))) 0
    ((ModuleCat.Hom.hom ((A.rightModuleEvaluation i).map (A.rightFiniteCoproductProjection g a)))
      ((ModuleCat.Hom.hom ((A.rightModuleEvaluation i).map (Sigma.ι g b))) x))
⚠ [3434/3791] Replayed ASGinzburg.CyclicDerivativeDegrees
warning: ASGinzburg/CyclicDerivativeDegrees.lean:21:12: `if_pos` has been deprecated: Use `ite_eq_left` instead
warning: ASGinzburg/CyclicDerivativeDegrees.lean:28:12: `if_neg` has been deprecated: Use `ite_eq_right` instead
⚠ [3435/3791] Replayed ASGinzburg.CyclicDerivativeCommutators
warning: ASGinzburg/CyclicDerivativeCommutators.lean:38:50: `if_true` has been deprecated: Use `ite_true` instead
⚠ [3436/4123] Replayed ASGinzburg.GinzburgPaths
warning: ASGinzburg/GinzburgPaths.lean:155:41: This simp argument is unused:
  GinzburgArrow.source

Hint: Omit it from the simp argument list.
  [apply] simp only [Path.originalGinzburg, GinzburgArrow.target]

Note: This linter can be disabled with `set_option linter.unusedSimpArgs false`
warning: ASGinzburg/GinzburgPaths.lean:155:62: This simp argument is unused:
  GinzburgArrow.target

Hint: Omit it from the simp argument list.
  [apply] simp only [Path.originalGinzburg, GinzburgArrow.source]

Note: This linter can be disabled with `set_option linter.unusedSimpArgs false`
✖ [3439/4123] Building ASGinzburg.SimpleLeftModules (6.4s)
trace: .> LEAN_PATH=/workspace/as-ginzburg-lean/.lake/packages/Cli/.lake/build/lib/lean:/workspace/as-ginzburg-lean/.lake/packages/batteries/.lake/build/lib/lean:/workspace/as-ginzburg-lean/.lake/packages/Qq/.lake/build/lib/lean:/workspace/as-ginzburg-lean/.lake/packages/aesop/.lake/build/lib/lean:/workspace/as-ginzburg-lean/.lake/packages/proofwidgets/.lake/build/lib/lean:/workspace/as-ginzburg-lean/.lake/packages/importGraph/.lake/build/lib/lean:/workspace/as-ginzburg-lean/.lake/packages/LeanSearchClient/.lake/build/lib/lean:/workspace/as-ginzburg-lean/.lake/packages/plausible/.lake/build/lib/lean:/workspace/as-ginzburg-lean/.lake/packages/mathlib/.lake/build/lib/lean:/workspace/as-ginzburg-lean/.lake/build/lib/lean /workspace/as-ginzburg-lean/work/lean-upgrade/lean-4.34.1-linux/bin/lean /workspace/as-ginzburg-lean/ASGinzburg/SimpleLeftModules.lean -o /workspace/as-ginzburg-lean/.lake/build/lib/lean/ASGinzburg/SimpleLeftModules.olean -i /workspace/as-ginzburg-lean/.lake/build/lib/lean/ASGinzburg/SimpleLeftModules.ilean -c /workspace/as-ginzburg-lean/.lake/build/ir/ASGinzburg/SimpleLeftModules.c --setup /workspace/as-ginzburg-lean/.lake/build/ir/ASGinzburg/SimpleLeftModules.setup.json --json
error: ASGinzburg/SimpleLeftModules.lean:18:6: unsolved goals
case pos
k : Type u
inst✝ : Field k
A : ZAlgebra k
i : ℤ
X Y : A.Obj
f : X ⟶ Y
x : ↑((A.leftRepresentable i).obj.obj X)
hx : x ∈ if i < X.index then ⊤ else ⊥
hy : ¬i < Y.index
hx' : i < X.index
hf : f = 0
⊢ 0 x ∈ if i < Y.index then ⊤ else ⊥
error: ASGinzburg/SimpleLeftModules.lean:38:6: failed to synthesize
  Module k ↑((A.leftRepresentable i).obj.obj { index := j })

Hint: Additional diagnostic information may be available using the `set_option diagnostics true` command.
error: ASGinzburg/SimpleLeftModules.lean:42:4: unsolved goals
case a
k : Type u
inst✝ : Field k
A : ZAlgebra k
i j : ℤ
hj : i < j
⊢ A.positiveLeftActionSpan (A.leftRepresentable i) j ≤ ⊤
error: ASGinzburg/SimpleLeftModules.lean:43:72: unsolved goals
k : Type u
inst✝ : Field k
A : ZAlgebra k
i j : ℤ
hj : ¬i < j
l : ℤ
hl : l < j
x : ↑((A.leftModuleEvaluation l).obj (A.leftRepresentable i))
a : A.Hom l j
hx : x = 0
⊢ (A.comp a) 0 = 0
error: ASGinzburg/SimpleLeftModules.lean:50:4: Type mismatch: After simplification, term
  Eq.symm (le_antisymm hz bot_le)
 has type
  @Eq (Submodule k ↑((A.leftModuleEvaluation j).obj (A.leftRepresentable i))) ⊥
    (A.positiveLeftActionSpan (A.leftRepresentable i) j)
but is expected to have type
  @Eq (Submodule k ↑((A.leftRepresentable i).obj.obj { index := j })) ⊥
    (A.positiveLeftActionSpan (A.leftRepresentable i) j)
warning: ASGinzburg/SimpleLeftModules.lean:42:12: declaration uses `sorry`
warning: ASGinzburg/SimpleLeftModules.lean:65:9: declaration uses `sorry`
error: ASGinzburg/SimpleLeftModules.lean:74:4: Type mismatch: After simplification, term
  e
 has type
  @Iso (ModuleCat k) (ModuleCat.moduleCategory k)
    ((A.leftModuleEvaluation i).obj (cokernel (A.leftRepresentableRadical i).inclusion)) (cokernel 0)
but is expected to have type
  @Iso (ModuleCat k) (ModuleCat.moduleCategory k) ((A.leftModuleEvaluation i).obj (A.simpleLeftModule i)) (cokernel 0)
error: ASGinzburg/SimpleLeftModules.lean:85:95: unsolved goals
k : Type u
inst✝ : Field k
A : ZAlgebra k
i j : ℤ
hji : j ≠ i
h : i < j
x : ↑((A.leftModuleEvaluation j).obj (A.leftRepresentable i))
⊢ x ∈ ⊤
warning: ASGinzburg/SimpleLeftModules.lean:89:12: declaration uses `sorry`
warning: ASGinzburg/SimpleLeftModules.lean:125:6: Try this: 
  letI̵

The goal is a proposition, so `let` is preferred over `letI`.
The difference between `let` and `letI` is that `letI` inlines the value.
But this is not relevant for proofs because of proof irrelevance.

Note: This linter can be disabled with `set_option linter.style.haveILetI false`
warning: ASGinzburg/SimpleLeftModules.lean:132:6: Try this: 
  haveI̵

The goal is a proposition, so `have` is preferred over `haveI`.
The difference between `have` and `haveI` is that `haveI` inlines the value.
But this is not relevant for proofs because of proof irrelevance.

Note: This linter can be disabled with `set_option linter.style.haveILetI false`
warning: ASGinzburg/SimpleLeftModules.lean:133:6: Try this: 
  haveI̵

The goal is a proposition, so `have` is preferred over `haveI`.
The difference between `have` and `haveI` is that `haveI` inlines the value.
But this is not relevant for proofs because of proof irrelevance.

Note: This linter can be disabled with `set_option linter.style.haveILetI false`
⚠ [3443/4123] Replayed ASGinzburg.HomologyAugmentation
warning: ASGinzburg/HomologyAugmentation.lean:64:4: Try this: 
  haveI̵

The goal is a proposition, so `have` is preferred over `haveI`.
The difference between `have` and `haveI` is that `haveI` inlines the value.
But this is not relevant for proofs because of proof irrelevance.

Note: This linter can be disabled with `set_option linter.style.haveILetI false`
✖ [3445/4123] Building ASGinzburg.RightModuleSimpleHom (5.3s)
trace: .> LEAN_PATH=/workspace/as-ginzburg-lean/.lake/packages/Cli/.lake/build/lib/lean:/workspace/as-ginzburg-lean/.lake/packages/batteries/.lake/build/lib/lean:/workspace/as-ginzburg-lean/.lake/packages/Qq/.lake/build/lib/lean:/workspace/as-ginzburg-lean/.lake/packages/aesop/.lake/build/lib/lean:/workspace/as-ginzburg-lean/.lake/packages/proofwidgets/.lake/build/lib/lean:/workspace/as-ginzburg-lean/.lake/packages/importGraph/.lake/build/lib/lean:/workspace/as-ginzburg-lean/.lake/packages/LeanSearchClient/.lake/build/lib/lean:/workspace/as-ginzburg-lean/.lake/packages/plausible/.lake/build/lib/lean:/workspace/as-ginzburg-lean/.lake/packages/mathlib/.lake/build/lib/lean:/workspace/as-ginzburg-lean/.lake/build/lib/lean /workspace/as-ginzburg-lean/work/lean-upgrade/lean-4.34.1-linux/bin/lean /workspace/as-ginzburg-lean/ASGinzburg/RightModuleSimpleHom.lean -o /workspace/as-ginzburg-lean/.lake/build/lib/lean/ASGinzburg/RightModuleSimpleHom.olean -i /workspace/as-ginzburg-lean/.lake/build/lib/lean/ASGinzburg/RightModuleSimpleHom.ilean -c /workspace/as-ginzburg-lean/.lake/build/ir/ASGinzburg/RightModuleSimpleHom.c --setup /workspace/as-ginzburg-lean/.lake/build/ir/ASGinzburg/RightModuleSimpleHom.setup.json --json
warning: ASGinzburg/RightModuleSimpleHom.lean:24:6: Try this: 
  haveI̵

The goal is a proposition, so `have` is preferred over `haveI`.
The difference between `have` and `haveI` is that `haveI` inlines the value.
But this is not relevant for proofs because of proof irrelevance.

Note: This linter can be disabled with `set_option linter.style.haveILetI false`
error: ASGinzburg/RightModuleSimpleHom.lean:27:14: Tactic `rewrite` failed: Did not find an occurrence of the pattern
  ?f 0
in the target expression
  (ConcreteCategory.hom
        ((A.simpleRightModule i).obj.map
          (have this := a;
            this).op))
      0 ∈
    ↑⊥

case pos
k : Type u
inst✝ : Field k
A : ZAlgebra k
i j l : ℤ
hl : j < l
x : ↑((A.rightModuleEvaluation l).obj (A.simpleRightModule i))
a : A.Hom j l
hj : j = i
hli : l ≠ i
this : Subsingleton ↑((A.rightModuleEvaluation l).obj (A.simpleRightModule i))
hx : x = 0
⊢ (ConcreteCategory.hom
        ((A.simpleRightModule i).obj.map
          (have this := a;
            this).op))
      0 ∈
    ↑⊥

Note: The target expression is not type-correct under the `implicit` transparency level, which may have triggered the failure. This is usually caused by unfolding of semireducible definitions in prior tactic steps. Use `set_option linter.tacticCheckInstances true` to investigate the source of the issue.
Full error:
  Application type mismatch: The argument
    0
  has type
    @ModuleCat.carrier k inst✝.toDivisionRing.toRing ((A.rightModuleEvaluation l).obj (A.simpleRightModule i))
  but is expected to have type
    @ModuleCat.carrier k inst✝.toDivisionRing.toRing ((A.simpleRightModule i).obj.obj (op { index := l }))
  in the application
    (ConcreteCategory.hom
        ((A.simpleRightModule i).obj.map
          (have this := a;
            this).op))
      0
warning: ASGinzburg/RightModuleSimpleHom.lean:29:6: Try this: 
  haveI̵

The goal is a proposition, so `have` is preferred over `haveI`.
The difference between `have` and `haveI` is that `haveI` inlines the value.
But this is not relevant for proofs because of proof irrelevance.

Note: This linter can be disabled with `set_option linter.style.haveILetI false`
⚠ [3457/4123] Replayed ASGinzburg.LinearRepresentationEquivalence
warning: ASGinzburg/LinearRepresentationEquivalence.lean:53:4: Try this: 
  letI̵

The goal is a proposition, so `let` is preferred over `letI`.
The difference between `let` and `letI` is that `letI` inlines the value.
But this is not relevant for proofs because of proof irrelevance.

Note: This linter can be disabled with `set_option linter.style.haveILetI false`
warning: ASGinzburg/LinearRepresentationEquivalence.lean:54:4: Try this: 
  letI̵

The goal is a proposition, so `let` is preferred over `letI`.
The difference between `let` and `letI` is that `letI` inlines the value.
But this is not relevant for proofs because of proof irrelevance.

Note: This linter can be disabled with `set_option linter.style.haveILetI false`
⚠ [3463/4123] Replayed ASGinzburg.CyclicDerivativeMixedCoefficients
warning: ASGinzburg/CyclicDerivativeMixedCoefficients.lean:50:13: `Finsupp.finset_sum_apply` has been deprecated: Use `Finsupp.finsetSum_apply` instead
warning: ASGinzburg/CyclicDerivativeMixedCoefficients.lean:54:39: `if_true` has been deprecated: Use `ite_true` instead
⚠ [3467/4123] Replayed ASGinzburg.LinearPresheafAbelian
warning: ASGinzburg/LinearPresheafAbelian.lean:39:4: Try this: 
  letI̵

The goal is a proposition, so `let` is preferred over `letI`.
The difference between `let` and `letI` is that `letI` inlines the value.
But this is not relevant for proofs because of proof irrelevance.

Note: This linter can be disabled with `set_option linter.style.haveILetI false`
warning: ASGinzburg/LinearPresheafAbelian.lean:48:4: Try this: 
  letI̵

The goal is a proposition, so `let` is preferred over `letI`.
The difference between `let` and `letI` is that `letI` inlines the value.
But this is not relevant for proofs because of proof irrelevance.

Note: This linter can be disabled with `set_option linter.style.haveILetI false`
warning: ASGinzburg/LinearPresheafAbelian.lean:68:4: Try this: 
  letI̵

The goal is a proposition, so `let` is preferred over `letI`.
The difference between `let` and `letI` is that `letI` inlines the value.
But this is not relevant for proofs because of proof irrelevance.

Note: This linter can be disabled with `set_option linter.style.haveILetI false`
warning: ASGinzburg/LinearPresheafAbelian.lean:78:4: Try this: 
  letI̵

The goal is a proposition, so `let` is preferred over `letI`.
The difference between `let` and `letI` is that `letI` inlines the value.
But this is not relevant for proofs because of proof irrelevance.

Note: This linter can be disabled with `set_option linter.style.haveILetI false`
warning: ASGinzburg/LinearPresheafAbelian.lean:90:4: Try this: 
  letI̵

The goal is a proposition, so `let` is preferred over `letI`.
The difference between `let` and `letI` is that `letI` inlines the value.
But this is not relevant for proofs because of proof irrelevance.

Note: This linter can be disabled with `set_option linter.style.haveILetI false`
warning: ASGinzburg/LinearPresheafAbelian.lean:98:4: Try this: 
  letI̵

The goal is a proposition, so `let` is preferred over `letI`.
The difference between `let` and `letI` is that `letI` inlines the value.
But this is not relevant for proofs because of proof irrelevance.

Note: This linter can be disabled with `set_option linter.style.haveILetI false`
warning: ASGinzburg/LinearPresheafAbelian.lean:124:2: Try this: 
  haveI̵

The goal is a proposition, so `have` is preferred over `haveI`.
The difference between `have` and `haveI` is that `haveI` inlines the value.
But this is not relevant for proofs because of proof irrelevance.

Note: This linter can be disabled with `set_option linter.style.haveILetI false`
✖ [3482/4337] Building ASGinzburg.LeftModuleExt (4.8s)
trace: .> LEAN_PATH=/workspace/as-ginzburg-lean/.lake/packages/Cli/.lake/build/lib/lean:/workspace/as-ginzburg-lean/.lake/packages/batteries/.lake/build/lib/lean:/workspace/as-ginzburg-lean/.lake/packages/Qq/.lake/build/lib/lean:/workspace/as-ginzburg-lean/.lake/packages/aesop/.lake/build/lib/lean:/workspace/as-ginzburg-lean/.lake/packages/proofwidgets/.lake/build/lib/lean:/workspace/as-ginzburg-lean/.lake/packages/importGraph/.lake/build/lib/lean:/workspace/as-ginzburg-lean/.lake/packages/LeanSearchClient/.lake/build/lib/lean:/workspace/as-ginzburg-lean/.lake/packages/plausible/.lake/build/lib/lean:/workspace/as-ginzburg-lean/.lake/packages/mathlib/.lake/build/lib/lean:/workspace/as-ginzburg-lean/.lake/build/lib/lean /workspace/as-ginzburg-lean/work/lean-upgrade/lean-4.34.1-linux/bin/lean /workspace/as-ginzburg-lean/ASGinzburg/LeftModuleExt.lean -o /workspace/as-ginzburg-lean/.lake/build/lib/lean/ASGinzburg/LeftModuleExt.olean -i /workspace/as-ginzburg-lean/.lake/build/lib/lean/ASGinzburg/LeftModuleExt.ilean -c /workspace/as-ginzburg-lean/.lake/build/ir/ASGinzburg/LeftModuleExt.c --setup /workspace/as-ginzburg-lean/.lake/build/ir/ASGinzburg/LeftModuleExt.setup.json --json
error: ASGinzburg/LeftModuleExt.lean:29:52: failed to solve universe constraint
  v =?= max (max u (v + 1)) v
while trying to unify
  UnivLE.{max (max u (v + 1)) v, v} : Prop
with
  UnivLE.{max (max u (v + 1)) v, max (max u (v + 1)) v} : Prop
⚠ [3505/4337] Replayed ASGinzburg.PathCyclicDerivativeDegrees
warning: ASGinzburg/PathCyclicDerivativeDegrees.lean:41:16: `Set.mem_setOf_eq` has been deprecated: Use `Set.mem_ofPred_eq` instead
⚠ [3514/4337] Replayed ASGinzburg.GinzburgGeneratorGradings
warning: ASGinzburg/GinzburgGeneratorGradings.lean:37:16: `Set.mem_setOf_eq` has been deprecated: Use `Set.mem_ofPred_eq` instead
⚠ [3515/4337] Replayed ASGinzburg.GinzburgPathDifferential
warning: ASGinzburg/GinzburgPathDifferential.lean:2:0: 'Mathlib.Algebra.Field.Power' has been deprecated: please replace this import by

import Mathlib.Algebra.Ring.Int.Parity
⚠ [3520/4337] Replayed ASGinzburg.GinzburgPathFiniteness
warning: ASGinzburg/GinzburgPathFiniteness.lean:50:2: Try this: 
  letI̵

The goal is a proposition, so `let` is preferred over `letI`.
The difference between `let` and `letI` is that `letI` inlines the value.
But this is not relevant for proofs because of proof irrelevance.

Note: This linter can be disabled with `set_option linter.style.haveILetI false`
warning: ASGinzburg/GinzburgPathFiniteness.lean:70:2: Try this: 
  haveI̵

The goal is a proposition, so `have` is preferred over `haveI`.
The difference between `have` and `haveI` is that `haveI` inlines the value.
But this is not relevant for proofs because of proof irrelevance.

Note: This linter can be disabled with `set_option linter.style.haveILetI false`
warning: ASGinzburg/GinzburgPathFiniteness.lean:73:2: Try this: 
  letI̵

The goal is a proposition, so `let` is preferred over `letI`.
The difference between `let` and `letI` is that `letI` inlines the value.
But this is not relevant for proofs because of proof irrelevance.

Note: This linter can be disabled with `set_option linter.style.haveILetI false`
⚠ [3530/4337] Replayed ASGinzburg.ModuleCochainConnectingRepresentatives
warning: ASGinzburg/ModuleCochainConnectingRepresentatives.lean:21:2: Try this: 
  haveI̵

The goal is a proposition, so `have` is preferred over `haveI`.
The difference between `have` and `haveI` is that `haveI` inlines the value.
But this is not relevant for proofs because of proof irrelevance.

Note: This linter can be disabled with `set_option linter.style.haveILetI false`
⚠ [3557/4337] Replayed ASGinzburg.FoundationRightRestriction
warning: ASGinzburg/FoundationRightRestriction.lean:31:4: Try this: 
  letI̵

The goal is a proposition, so `let` is preferred over `letI`.
The difference between `let` and `letI` is that `letI` inlines the value.
But this is not relevant for proofs because of proof irrelevance.

Note: This linter can be disabled with `set_option linter.style.haveILetI false`
warning: ASGinzburg/FoundationRightRestriction.lean:32:4: Try this: 
  letI̵

The goal is a proposition, so `let` is preferred over `letI`.
The difference between `let` and `letI` is that `letI` inlines the value.
But this is not relevant for proofs because of proof irrelevance.

Note: This linter can be disabled with `set_option linter.style.haveILetI false`
⚠ [3558/4337] Replayed ASGinzburg.FoundationRestrictionExactness
warning: ASGinzburg/FoundationRestrictionExactness.lean:14:2: Try this: 
  haveI̵

The goal is a proposition, so `have` is preferred over `haveI`.
The difference between `have` and `haveI` is that `haveI` inlines the value.
But this is not relevant for proofs because of proof irrelevance.

Note: This linter can be disabled with `set_option linter.style.haveILetI false`
warning: ASGinzburg/FoundationRestrictionExactness.lean:26:2: Try this: 
  haveI̵

The goal is a proposition, so `have` is preferred over `haveI`.
The difference between `have` and `haveI` is that `haveI` inlines the value.
But this is not relevant for proofs because of proof irrelevance.

Note: This linter can be disabled with `set_option linter.style.haveILetI false`
⚠ [3579/4337] Replayed ASGinzburg.CutCyclicDerivativeDelta
warning: ASGinzburg/CutCyclicDerivativeDelta.lean:27:29: `if_neg` has been deprecated: Use `ite_eq_right` instead
⚠ [3592/4337] Replayed ASGinzburg.VertexSimpleFromPresentation
warning: ASGinzburg/VertexSimpleFromPresentation.lean:22:4: Try this: 
  haveI̵

The goal is a proposition, so `have` is preferred over `haveI`.
The difference between `have` and `haveI` is that `haveI` inlines the value.
But this is not relevant for proofs because of proof irrelevance.

Note: This linter can be disabled with `set_option linter.style.haveILetI false`
warning: ASGinzburg/VertexSimpleFromPresentation.lean:26:39: `if_neg` has been deprecated: Use `ite_eq_right` instead
⚠ [3598/4337] Replayed ASGinzburg.DirectSumRangeGrading
warning: ASGinzburg/DirectSumRangeGrading.lean:59:0: Definition `ASGinzburg.directSumRangeGradeDecomposition` of class type is semireducible. Most type class instances should be instance-reducible, so consider marking this
definition with `@[instance_reducible]`. If it is intentionally semireducible, this warning can be disabled with `set_option warn.classDefReducibility false`.
⚠ [3599/4337] Replayed ASGinzburg.SingleDegreeGrading
warning: ASGinzburg/SingleDegreeGrading.lean:52:0: Definition `ASGinzburg.singleDegreeGradeDecomposition` of class type is semireducible. Most type class instances should be instance-reducible, so consider marking this
definition with `@[instance_reducible]`. If it is intentionally semireducible, this warning can be disabled with `set_option warn.classDefReducibility false`.
⚠ [3600/4337] Replayed ASGinzburg.AlgebraEnvelopingRegularModule
warning: ASGinzburg/AlgebraEnvelopingRegularModule.lean:51:0: Definition `ASGinzburg.regularEnvelopingModule` of class type is semireducible. Most type class instances should be instance-reducible, so consider marking this
definition with `@[instance_reducible]`. If it is intentionally semireducible, this warning can be disabled with `set_option warn.classDefReducibility false`.
warning: ASGinzburg/AlgebraEnvelopingRegularModule.lean:61:2: Try this: 
  letI̵

The goal is a proposition, so `let` is preferred over `letI`.
The difference between `let` and `letI` is that `letI` inlines the value.
But this is not relevant for proofs because of proof irrelevance.

Note: This linter can be disabled with `set_option linter.style.haveILetI false`
⚠ [3607/4345] Built ASGinzburg.RepresentableRadicalComponents (4.9s)
warning: ASGinzburg/RepresentableRadicalComponents.lean:34:6: `if_neg` has been deprecated: Use `ite_eq_right` instead
⚠ [3612/4345] Replayed ASGinzburg.GinzburgLoopWordCoefficients
warning: ASGinzburg/GinzburgLoopWordCoefficients.lean:43:41: `Finsupp.finset_sum_apply` has been deprecated: Use `Finsupp.finsetSum_apply` instead
⚠ [3639/4345] Replayed ASGinzburg.AlgebraEnvelopingBimoduleMaps
warning: ASGinzburg/AlgebraEnvelopingBimoduleMaps.lean:15:0: Definition `ASGinzburg.bimoduleEnvelopingModule` of class type is semireducible. Most type class instances should be instance-reducible, so consider marking this
definition with `@[instance_reducible]`. If it is intentionally semireducible, this warning can be disabled with `set_option warn.classDefReducibility false`.
warning: ASGinzburg/AlgebraEnvelopingBimoduleMaps.lean:21:2: Try this: 
  letI̵

The goal is a proposition, so `let` is preferred over `letI`.
The difference between `let` and `letI` is that `letI` inlines the value.
But this is not relevant for proofs because of proof irrelevance.

Note: This linter can be disabled with `set_option linter.style.haveILetI false`
warning: ASGinzburg/AlgebraEnvelopingBimoduleMaps.lean:28:2: Try this: 
  letI̵

The goal is a proposition, so `let` is preferred over `letI`.
The difference between `let` and `letI` is that `letI` inlines the value.
But this is not relevant for proofs because of proof irrelevance.

Note: This linter can be disabled with `set_option linter.style.haveILetI false`
warning: ASGinzburg/AlgebraEnvelopingBimoduleMaps.lean:78:2: Try this: 
  letI̵

The goal is a proposition, so `let` is preferred over `letI`.
The difference between `let` and `letI` is that `letI` inlines the value.
But this is not relevant for proofs because of proof irrelevance.

Note: This linter can be disabled with `set_option linter.style.haveILetI false`
warning: ASGinzburg/AlgebraEnvelopingBimoduleMaps.lean:79:2: Try this: 
  letI̵

The goal is a proposition, so `let` is preferred over `letI`.
The difference between `let` and `letI` is that `letI` inlines the value.
But this is not relevant for proofs because of proof irrelevance.

Note: This linter can be disabled with `set_option linter.style.haveILetI false`
⚠ [3640/4345] Replayed ASGinzburg.AlgebraEnvelopingScalars
warning: ASGinzburg/AlgebraEnvelopingScalars.lean:11:2: Try this: 
  letI̵

The goal is a proposition, so `let` is preferred over `letI`.
The difference between `let` and `letI` is that `letI` inlines the value.
But this is not relevant for proofs because of proof irrelevance.

Note: This linter can be disabled with `set_option linter.style.haveILetI false`
warning: ASGinzburg/AlgebraEnvelopingScalars.lean:8:0: Definition `ASGinzburg.regularEnvelopingScalarTower` of class type is semireducible. Most type class instances should be instance-reducible, so consider marking this
definition with `@[instance_reducible]`. If it is intentionally semireducible, this warning can be disabled with `set_option warn.classDefReducibility false`.
warning: ASGinzburg/AlgebraEnvelopingScalars.lean:8:0: Definition `regularEnvelopingScalarTower` is a proposition; use `theorem` instead of `def`

Note: This linter can be disabled with `set_option linter.defProp false`
warning: ASGinzburg/AlgebraEnvelopingScalars.lean:21:2: Try this: 
  letI̵

The goal is a proposition, so `let` is preferred over `letI`.
The difference between `let` and `letI` is that `letI` inlines the value.
But this is not relevant for proofs because of proof irrelevance.

Note: This linter can be disabled with `set_option linter.style.haveILetI false`
warning: ASGinzburg/AlgebraEnvelopingScalars.lean:18:0: Definition `ASGinzburg.regularEnvelopingScalarComm` of class type is semireducible. Most type class instances should be instance-reducible, so consider marking this
definition with `@[instance_reducible]`. If it is intentionally semireducible, this warning can be disabled with `set_option warn.classDefReducibility false`.
warning: ASGinzburg/AlgebraEnvelopingScalars.lean:18:0: Definition `regularEnvelopingScalarComm` is a proposition; use `theorem` instead of `def`

Note: This linter can be disabled with `set_option linter.defProp false`
warning: ASGinzburg/AlgebraEnvelopingScalars.lean:29:2: Try this: 
  letI̵

The goal is a proposition, so `let` is preferred over `letI`.
The difference between `let` and `letI` is that `letI` inlines the value.
But this is not relevant for proofs because of proof irrelevance.

Note: This linter can be disabled with `set_option linter.style.haveILetI false`
warning: ASGinzburg/AlgebraEnvelopingScalars.lean:30:2: Try this: 
  letI̵

The goal is a proposition, so `let` is preferred over `letI`.
The difference between `let` and `letI` is that `letI` inlines the value.
But this is not relevant for proofs because of proof irrelevance.

Note: This linter can be disabled with `set_option linter.style.haveILetI false`
⚠ [3645/4346] Replayed ASGinzburg.GinzburgDegreeZeroDifferential
warning: ASGinzburg/GinzburgDegreeZeroDifferential.lean:14:15: `Set.mem_setOf_eq` has been deprecated: Use `Set.mem_ofPred_eq` instead
⚠ [3668/4346] Replayed ASGinzburg.AlgebraEnvelopingTensorRightModule
warning: ASGinzburg/AlgebraEnvelopingTensorRightModule.lean:28:0: Definition `ASGinzburg.tensorRightEnvelopingModule` of class type is semireducible. Most type class instances should be instance-reducible, so consider marking this
definition with `@[instance_reducible]`. If it is intentionally semireducible, this warning can be disabled with `set_option warn.classDefReducibility false`.
warning: ASGinzburg/AlgebraEnvelopingTensorRightModule.lean:36:2: Try this: 
  letI̵

The goal is a proposition, so `let` is preferred over `letI`.
The difference between `let` and `letI` is that `letI` inlines the value.
But this is not relevant for proofs because of proof irrelevance.

Note: This linter can be disabled with `set_option linter.style.haveILetI false`
warning: ASGinzburg/AlgebraEnvelopingTensorRightModule.lean:42:2: Try this: 
  letI̵

The goal is a proposition, so `let` is preferred over `letI`.
The difference between `let` and `letI` is that `letI` inlines the value.
But this is not relevant for proofs because of proof irrelevance.

Note: This linter can be disabled with `set_option linter.style.haveILetI false`
warning: ASGinzburg/AlgebraEnvelopingTensorRightModule.lean:39:0: Definition `ASGinzburg.tensorRightEnvelopingScalarTower` of class type is semireducible. Most type class instances should be instance-reducible, so consider marking this
definition with `@[instance_reducible]`. If it is intentionally semireducible, this warning can be disabled with `set_option warn.classDefReducibility false`.
warning: ASGinzburg/AlgebraEnvelopingTensorRightModule.lean:39:0: Definition `tensorRightEnvelopingScalarTower` is a proposition; use `theorem` instead of `def`

Note: This linter can be disabled with `set_option linter.defProp false`
warning: ASGinzburg/AlgebraEnvelopingTensorRightModule.lean:52:2: Try this: 
  letI̵

The goal is a proposition, so `let` is preferred over `letI`.
The difference between `let` and `letI` is that `letI` inlines the value.
But this is not relevant for proofs because of proof irrelevance.

Note: This linter can be disabled with `set_option linter.style.haveILetI false`
warning: ASGinzburg/AlgebraEnvelopingTensorRightModule.lean:49:0: Definition `ASGinzburg.tensorRightEnvelopingScalarComm` of class type is semireducible. Most type class instances should be instance-reducible, so consider marking this
definition with `@[instance_reducible]`. If it is intentionally semireducible, this warning can be disabled with `set_option warn.classDefReducibility false`.
warning: ASGinzburg/AlgebraEnvelopingTensorRightModule.lean:49:0: Definition `tensorRightEnvelopingScalarComm` is a proposition; use `theorem` instead of `def`

Note: This linter can be disabled with `set_option linter.defProp false`
⚠ [3669/4346] Replayed ASGinzburg.BalancedTensorUniversal
warning: ASGinzburg/BalancedTensorUniversal.lean:17:9: `TensorProduct.induction_on` has been deprecated: Use `TensorProduction.inductionOn` instead
warning: ASGinzburg/BalancedTensorUniversal.lean:31:4: Unused tactic linter: `change f 0 = g 0` does nothing

Note: This linter can be disabled with `set_option linter.unusedTactic false`
warning: ASGinzburg/BalancedTensorUniversal.lean:34:4: Unused tactic linter: `change f (a + b) = g (a + b)` does nothing

Note: This linter can be disabled with `set_option linter.unusedTactic false`
⚠ [3671/4346] Replayed ASGinzburg.FiniteBiproductProjectiveDimension
warning: ASGinzburg/FiniteBiproductProjectiveDimension.lean:14:2: Try this: 
  letI̵

The goal is a proposition, so `let` is preferred over `letI`.
The difference between `let` and `letI` is that `letI` inlines the value.
But this is not relevant for proofs because of proof irrelevance.

Note: This linter can be disabled with `set_option linter.style.haveILetI false`
⚠ [3688/4422] Replayed ASGinzburg.PathCutGrading
warning: ASGinzburg/PathCutGrading.lean:59:48: `if_pos` has been deprecated: Use `ite_eq_left` instead
warning: ASGinzburg/PathCutGrading.lean:66:2: Try this: 
  letI̵

The goal is a proposition, so `let` is preferred over `letI`.
The difference between `let` and `letI` is that `letI` inlines the value.
But this is not relevant for proofs because of proof irrelevance.

Note: This linter can be disabled with `set_option linter.style.haveILetI false`
warning: ASGinzburg/PathCutGrading.lean:67:2: Try this: 
  letI̵

The goal is a proposition, so `let` is preferred over `letI`.
The difference between `let` and `letI` is that `letI` inlines the value.
But this is not relevant for proofs because of proof irrelevance.

Note: This linter can be disabled with `set_option linter.style.haveILetI false`
⚠ [3693/4422] Replayed ASGinzburg.GinzburgCutDecomposition
warning: ASGinzburg/GinzburgCutDecomposition.lean:34:13: `Finsupp.finset_sum_apply` has been deprecated: Use `Finsupp.finsetSum_apply` instead
✔ [3710/4422] Built ASGinzburg.RightRadicalEpimorphisms (4.5s)
⚠ [3740/4422] Replayed ASGinzburg.AlgebraEnvelopingTensorRightMaps
warning: ASGinzburg/AlgebraEnvelopingTensorRightMaps.lean:18:17: Definition `ASGinzburg.tensorRightEnvelopingModule` of class type is semireducible. Most type class instances should be instance-reducible, so consider marking this
definition with `@[instance_reducible]`. If it is intentionally semireducible, this warning can be disabled with `set_option warn.classDefReducibility false`.
⚠ [3745/4422] Replayed ASGinzburg.BalancedTensorEnvelopingComparison
warning: ASGinzburg/BalancedTensorEnvelopingComparison.lean:16:17: Definition `ASGinzburg.tensorRightEnvelopingModule` of class type is semireducible. Most type class instances should be instance-reducible, so consider marking this
definition with `@[instance_reducible]`. If it is intentionally semireducible, this warning can be disabled with `set_option warn.classDefReducibility false`.
warning: ASGinzburg/BalancedTensorEnvelopingComparison.lean:16:17: Definition `ASGinzburg.regularEnvelopingModule` of class type is semireducible. Most type class instances should be instance-reducible, so consider marking this
definition with `@[instance_reducible]`. If it is intentionally semireducible, this warning can be disabled with `set_option warn.classDefReducibility false`.
warning: ASGinzburg/BalancedTensorEnvelopingComparison.lean:138:6: Unused tactic linter: `change
  balancedTensorEnvelopingComparisonMap k R M N (balancedTensorEnvelopingComparisonInverse k R M N 0) = 0` does nothing

Note: This linter can be disabled with `set_option linter.unusedTactic false`
⚠ [3747/4422] Replayed ASGinzburg.BalancedTensorEnvelopingNaturality
warning: ASGinzburg/BalancedTensorEnvelopingNaturality.lean:20:17: Definition `ASGinzburg.tensorRightEnvelopingModule` of class type is semireducible. Most type class instances should be instance-reducible, so consider marking this
definition with `@[instance_reducible]`. If it is intentionally semireducible, this warning can be disabled with `set_option warn.classDefReducibility false`.
warning: ASGinzburg/BalancedTensorEnvelopingNaturality.lean:20:17: Definition `ASGinzburg.regularEnvelopingModule` of class type is semireducible. Most type class instances should be instance-reducible, so consider marking this
definition with `@[instance_reducible]`. If it is intentionally semireducible, this warning can be disabled with `set_option warn.classDefReducibility false`.
warning: ASGinzburg/BalancedTensorEnvelopingNaturality.lean:20:17: Definition `ASGinzburg.tensorRightEnvelopingScalarTower` of class type is semireducible. Most type class instances should be instance-reducible, so consider marking this
definition with `@[instance_reducible]`. If it is intentionally semireducible, this warning can be disabled with `set_option warn.classDefReducibility false`.
⚠ [3749/4422] Replayed ASGinzburg.BalancedTensorSwap
warning: ASGinzburg/BalancedTensorSwap.lean:13:0: Definition `ASGinzburg.balancedTensorDoubleOppositeModule` of class type is semireducible. Most type class instances should be instance-reducible, so consider marking this
definition with `@[instance_reducible]`. If it is intentionally semireducible, this warning can be disabled with `set_option warn.classDefReducibility false`.
warning: ASGinzburg/BalancedTensorSwap.lean:40:2: Try this: 
  letI̵

The goal is a proposition, so `let` is preferred over `letI`.
The difference between `let` and `letI` is that `letI` inlines the value.
But this is not relevant for proofs because of proof irrelevance.

Note: This linter can be disabled with `set_option linter.style.haveILetI false`
warning: ASGinzburg/BalancedTensorSwap.lean:58:2: Try this: 
  letI̵

The goal is a proposition, so `let` is preferred over `letI`.
The difference between `let` and `letI` is that `letI` inlines the value.
But this is not relevant for proofs because of proof irrelevance.

Note: This linter can be disabled with `set_option linter.style.haveILetI false`
warning: ASGinzburg/BalancedTensorSwap.lean:76:4: Try this: 
  letI̵

The goal is a proposition, so `let` is preferred over `letI`.
The difference between `let` and `letI` is that `letI` inlines the value.
But this is not relevant for proofs because of proof irrelevance.

Note: This linter can be disabled with `set_option linter.style.haveILetI false`
⚠ [3750/4422] Replayed ASGinzburg.BalancedTensorSwapNaturality
warning: ASGinzburg/BalancedTensorSwapNaturality.lean:19:2: Try this: 
  letI̵

The goal is a proposition, so `let` is preferred over `letI`.
The difference between `let` and `letI` is that `letI` inlines the value.
But this is not relevant for proofs because of proof irrelevance.

Note: This linter can be disabled with `set_option linter.style.haveILetI false`
warning: ASGinzburg/BalancedTensorSwapNaturality.lean:16:0: Definition `ASGinzburg.balancedTensorDoubleOppositeIsScalarTower` of class type is semireducible. Most type class instances should be instance-reducible, so consider marking this
definition with `@[instance_reducible]`. If it is intentionally semireducible, this warning can be disabled with `set_option warn.classDefReducibility false`.
warning: ASGinzburg/BalancedTensorSwapNaturality.lean:16:0: Definition `balancedTensorDoubleOppositeIsScalarTower` is a proposition; use `theorem` instead of `def`

Note: This linter can be disabled with `set_option linter.defProp false`
warning: ASGinzburg/BalancedTensorSwapNaturality.lean:35:2: Try this: 
  letI̵

The goal is a proposition, so `let` is preferred over `letI`.
The difference between `let` and `letI` is that `letI` inlines the value.
But this is not relevant for proofs because of proof irrelevance.

Note: This linter can be disabled with `set_option linter.style.haveILetI false`
⚠ [3751/4422] Replayed ASGinzburg.BalancedTensorLeftUnit
warning: ASGinzburg/BalancedTensorLeftUnit.lean:27:6: Unused tactic linter: `change balancedTensorLeftUnitInverse k R N (balancedTensorLeftUnitMap k R N 0) = 0` does nothing

Note: This linter can be disabled with `set_option linter.unusedTactic false`
✖ [3761/4667] Building ASGinzburg.LeftModuleADual (17s)
trace: .> LEAN_PATH=/workspace/as-ginzburg-lean/.lake/packages/Cli/.lake/build/lib/lean:/workspace/as-ginzburg-lean/.lake/packages/batteries/.lake/build/lib/lean:/workspace/as-ginzburg-lean/.lake/packages/Qq/.lake/build/lib/lean:/workspace/as-ginzburg-lean/.lake/packages/aesop/.lake/build/lib/lean:/workspace/as-ginzburg-lean/.lake/packages/proofwidgets/.lake/build/lib/lean:/workspace/as-ginzburg-lean/.lake/packages/importGraph/.lake/build/lib/lean:/workspace/as-ginzburg-lean/.lake/packages/LeanSearchClient/.lake/build/lib/lean:/workspace/as-ginzburg-lean/.lake/packages/plausible/.lake/build/lib/lean:/workspace/as-ginzburg-lean/.lake/packages/mathlib/.lake/build/lib/lean:/workspace/as-ginzburg-lean/.lake/build/lib/lean /workspace/as-ginzburg-lean/work/lean-upgrade/lean-4.34.1-linux/bin/lean /workspace/as-ginzburg-lean/ASGinzburg/LeftModuleADual.lean -o /workspace/as-ginzburg-lean/.lake/build/lib/lean/ASGinzburg/LeftModuleADual.olean -i /workspace/as-ginzburg-lean/.lake/build/lib/lean/ASGinzburg/LeftModuleADual.ilean -c /workspace/as-ginzburg-lean/.lake/build/ir/ASGinzburg/LeftModuleADual.c --setup /workspace/as-ginzburg-lean/.lake/build/ir/ASGinzburg/LeftModuleADual.setup.json --json
error: ASGinzburg/LeftModuleADual.lean:28:13: unsolved goals
k : Type u
inst✝ : Field k
A : ZAlgebra k
X Y : A.Objᵒᵖ
f g : X ⟶ Y
Z : A.Obj
h : ↑((A.leftRepresentableFunctor.obj X).obj.obj Z)
⊢ (f.unop + g.unop) ≫ h = f.unop ≫ h + g.unop ≫ h
error: ASGinzburg/LeftModuleADual.lean:51:14: unsolved goals
k : Type u
inst✝ : Field k
A : ZAlgebra k
M X Y : A.LeftModule
f : X ⟶ Y
r : k
h : ↑(((linearCoyoneda k A.LeftModule).obj (op M)).obj X)
⊢ h ≫ (r • f) = r • h ≫ f
⚠ [3868/4667] Replayed ASGinzburg.BalancedTensorLeftAdjunction
warning: ASGinzburg/BalancedTensorLeftAdjunction.lean:29:2: Try this: 
  letI̵

The goal is a proposition, so `let` is preferred over `letI`.
The difference between `let` and `letI` is that `letI` inlines the value.
But this is not relevant for proofs because of proof irrelevance.

Note: This linter can be disabled with `set_option linter.style.haveILetI false`
warning: ASGinzburg/BalancedTensorLeftAdjunction.lean:30:2: Try this: 
  letI̵

The goal is a proposition, so `let` is preferred over `letI`.
The difference between `let` and `letI` is that `letI` inlines the value.
But this is not relevant for proofs because of proof irrelevance.

Note: This linter can be disabled with `set_option linter.style.haveILetI false`
warning: ASGinzburg/BalancedTensorLeftAdjunction.lean:31:2: Try this: 
  letI̵

The goal is a proposition, so `let` is preferred over `letI`.
The difference between `let` and `letI` is that `letI` inlines the value.
But this is not relevant for proofs because of proof irrelevance.

Note: This linter can be disabled with `set_option linter.style.haveILetI false`
⚠ [3872/4667] Replayed ASGinzburg.ScalarProductSeparability
warning: ASGinzburg/ScalarProductSeparability.lean:36:0: Definition `ASGinzburg.scalarProductEnvelopingModule` of class type is semireducible. Most type class instances should be instance-reducible, so consider marking this
definition with `@[instance_reducible]`. If it is intentionally semireducible, this warning can be disabled with `set_option warn.classDefReducibility false`.
warning: ASGinzburg/ScalarProductSeparability.lean:43:2: Try this: 
  letI̵

The goal is a proposition, so `let` is preferred over `letI`.
The difference between `let` and `letI` is that `letI` inlines the value.
But this is not relevant for proofs because of proof irrelevance.

Note: This linter can be disabled with `set_option linter.style.haveILetI false`
⚠ [3873/4667] Replayed ASGinzburg.ScalarQuotientProjectiveDimension
warning: ASGinzburg/ScalarQuotientProjectiveDimension.lean:26:2: Try this: 
  letI̵

The goal is a proposition, so `let` is preferred over `letI`.
The difference between `let` and `letI` is that `letI` inlines the value.
But this is not relevant for proofs because of proof irrelevance.

Note: This linter can be disabled with `set_option linter.style.haveILetI false`
⚠ [3881/4667] Replayed ASGinzburg.AlgebraEnvelopingModuleRestrictions
warning: ASGinzburg/AlgebraEnvelopingModuleRestrictions.lean:13:0: Definition `ASGinzburg.envelopingLeftModule` of class type is semireducible. Most type class instances should be instance-reducible, so consider marking this
definition with `@[instance_reducible]`. If it is intentionally semireducible, this warning can be disabled with `set_option warn.classDefReducibility false`.
warning: ASGinzburg/AlgebraEnvelopingModuleRestrictions.lean:16:0: Definition `ASGinzburg.envelopingRightModule` of class type is semireducible. Most type class instances should be instance-reducible, so consider marking this
definition with `@[instance_reducible]`. If it is intentionally semireducible, this warning can be disabled with `set_option warn.classDefReducibility false`.
warning: ASGinzburg/AlgebraEnvelopingModuleRestrictions.lean:22:2: Try this: 
  letI̵

The goal is a proposition, so `let` is preferred over `letI`.
The difference between `let` and `letI` is that `letI` inlines the value.
But this is not relevant for proofs because of proof irrelevance.

Note: This linter can be disabled with `set_option linter.style.haveILetI false`
warning: ASGinzburg/AlgebraEnvelopingModuleRestrictions.lean:19:0: Definition `ASGinzburg.envelopingLeftScalarTower` of class type is semireducible. Most type class instances should be instance-reducible, so consider marking this
definition with `@[instance_reducible]`. If it is intentionally semireducible, this warning can be disabled with `set_option warn.classDefReducibility false`.
warning: ASGinzburg/AlgebraEnvelopingModuleRestrictions.lean:19:0: Definition `envelopingLeftScalarTower` is a proposition; use `theorem` instead of `def`

Note: This linter can be disabled with `set_option linter.defProp false`
warning: ASGinzburg/AlgebraEnvelopingModuleRestrictions.lean:33:2: Try this: 
  letI̵

The goal is a proposition, so `let` is preferred over `letI`.
The difference between `let` and `letI` is that `letI` inlines the value.
But this is not relevant for proofs because of proof irrelevance.

Note: This linter can be disabled with `set_option linter.style.haveILetI false`
warning: ASGinzburg/AlgebraEnvelopingModuleRestrictions.lean:30:0: Definition `ASGinzburg.envelopingRightScalarTower` of class type is semireducible. Most type class instances should be instance-reducible, so consider marking this
definition with `@[instance_reducible]`. If it is intentionally semireducible, this warning can be disabled with `set_option warn.classDefReducibility false`.
warning: ASGinzburg/AlgebraEnvelopingModuleRestrictions.lean:30:0: Definition `envelopingRightScalarTower` is a proposition; use `theorem` instead of `def`

Note: This linter can be disabled with `set_option linter.defProp false`
warning: ASGinzburg/AlgebraEnvelopingModuleRestrictions.lean:45:2: Try this: 
  letI̵

The goal is a proposition, so `let` is preferred over `letI`.
The difference between `let` and `letI` is that `letI` inlines the value.
But this is not relevant for proofs because of proof irrelevance.

Note: This linter can be disabled with `set_option linter.style.haveILetI false`
warning: ASGinzburg/AlgebraEnvelopingModuleRestrictions.lean:46:2: Try this: 
  letI̵

The goal is a proposition, so `let` is preferred over `letI`.
The difference between `let` and `letI` is that `letI` inlines the value.
But this is not relevant for proofs because of proof irrelevance.

Note: This linter can be disabled with `set_option linter.style.haveILetI false`
warning: ASGinzburg/AlgebraEnvelopingModuleRestrictions.lean:41:0: Definition `ASGinzburg.envelopingActionsCommute` of class type is semireducible. Most type class instances should be instance-reducible, so consider marking this
definition with `@[instance_reducible]`. If it is intentionally semireducible, this warning can be disabled with `set_option warn.classDefReducibility false`.
warning: ASGinzburg/AlgebraEnvelopingModuleRestrictions.lean:41:0: Definition `envelopingActionsCommute` is a proposition; use `theorem` instead of `def`

Note: This linter can be disabled with `set_option linter.defProp false`
⚠ [3882/4667] Replayed ASGinzburg.EnvelopingBalancedTensorHom
warning: ASGinzburg/EnvelopingBalancedTensorHom.lean:16:0: Definition `ASGinzburg.envelopingBalancedTensorHomRightModule` of class type is semireducible. Most type class instances should be instance-reducible, so consider marking this
definition with `@[instance_reducible]`. If it is intentionally semireducible, this warning can be disabled with `set_option warn.classDefReducibility false`.
warning: ASGinzburg/EnvelopingBalancedTensorHom.lean:23:2: Try this: 
  letI̵

The goal is a proposition, so `let` is preferred over `letI`.
The difference between `let` and `letI` is that `letI` inlines the value.
But this is not relevant for proofs because of proof irrelevance.

Note: This linter can be disabled with `set_option linter.style.haveILetI false`
warning: ASGinzburg/EnvelopingBalancedTensorHom.lean:20:0: Definition `ASGinzburg.envelopingBalancedTensorHomRightScalarTower` of class type is semireducible. Most type class instances should be instance-reducible, so consider marking this
definition with `@[instance_reducible]`. If it is intentionally semireducible, this warning can be disabled with `set_option warn.classDefReducibility false`.
warning: ASGinzburg/EnvelopingBalancedTensorHom.lean:20:0: Definition `envelopingBalancedTensorHomRightScalarTower` is a proposition; use `theorem` instead of `def`

Note: This linter can be disabled with `set_option linter.defProp false`
warning: ASGinzburg/EnvelopingBalancedTensorHom.lean:29:2: Try this: 
  letI̵

The goal is a proposition, so `let` is preferred over `letI`.
The difference between `let` and `letI` is that `letI` inlines the value.
But this is not relevant for proofs because of proof irrelevance.

Note: This linter can be disabled with `set_option linter.style.haveILetI false`
warning: ASGinzburg/EnvelopingBalancedTensorHom.lean:26:0: Definition `ASGinzburg.envelopingBalancedTensorHomActionsCommute` of class type is semireducible. Most type class instances should be instance-reducible, so consider marking this
definition with `@[instance_reducible]`. If it is intentionally semireducible, this warning can be disabled with `set_option warn.classDefReducibility false`.
warning: ASGinzburg/EnvelopingBalancedTensorHom.lean:26:0: Definition `envelopingBalancedTensorHomActionsCommute` is a proposition; use `theorem` instead of `def`

Note: This linter can be disabled with `set_option linter.defProp false`
warning: ASGinzburg/EnvelopingBalancedTensorHom.lean:36:0: Definition `ASGinzburg.envelopingBalancedTensorHomModule` of class type is semireducible. Most type class instances should be instance-reducible, so consider marking this
definition with `@[instance_reducible]`. If it is intentionally semireducible, this warning can be disabled with `set_option warn.classDefReducibility false`.
warning: ASGinzburg/EnvelopingBalancedTensorHom.lean:56:2: Try this: 
  letI̵

The goal is a proposition, so `let` is preferred over `letI`.
The difference between `let` and `letI` is that `letI` inlines the value.
But this is not relevant for proofs because of proof irrelevance.

Note: This linter can be disabled with `set_option linter.style.haveILetI false`
warning: ASGinzburg/EnvelopingBalancedTensorHom.lean:57:2: Try this: 
  letI̵

The goal is a proposition, so `let` is preferred over `letI`.
The difference between `let` and `letI` is that `letI` inlines the value.
But this is not relevant for proofs because of proof irrelevance.

Note: This linter can be disabled with `set_option linter.style.haveILetI false`
⚠ [3883/4667] Replayed ASGinzburg.EnvelopingBalancedTensorRightAction
warning: ASGinzburg/EnvelopingBalancedTensorRightAction.lean:60:0: Definition `ASGinzburg.envelopingBalancedTensorRightModule` of class type is semireducible. Most type class instances should be instance-reducible, so consider marking this
definition with `@[instance_reducible]`. If it is intentionally semireducible, this warning can be disabled with `set_option warn.classDefReducibility false`.
warning: ASGinzburg/EnvelopingBalancedTensorRightAction.lean:69:2: Try this: 
  letI̵

The goal is a proposition, so `let` is preferred over `letI`.
The difference between `let` and `letI` is that `letI` inlines the value.
But this is not relevant for proofs because of proof irrelevance.

Note: This linter can be disabled with `set_option linter.style.haveILetI false`
warning: ASGinzburg/EnvelopingBalancedTensorRightAction.lean:70:2: Try this: 
  letI̵

The goal is a proposition, so `let` is preferred over `letI`.
The difference between `let` and `letI` is that `letI` inlines the value.
But this is not relevant for proofs because of proof irrelevance.

Note: This linter can be disabled with `set_option linter.style.haveILetI false`
warning: ASGinzburg/EnvelopingBalancedTensorRightAction.lean:71:2: Try this: 
  letI̵

The goal is a proposition, so `let` is preferred over `letI`.
The difference between `let` and `letI` is that `letI` inlines the value.
But this is not relevant for proofs because of proof irrelevance.

Note: This linter can be disabled with `set_option linter.style.haveILetI false`
warning: ASGinzburg/EnvelopingBalancedTensorRightAction.lean:72:2: Try this: 
  letI̵

The goal is a proposition, so `let` is preferred over `letI`.
The difference between `let` and `letI` is that `letI` inlines the value.
But this is not relevant for proofs because of proof irrelevance.

Note: This linter can be disabled with `set_option linter.style.haveILetI false`
⚠ [3884/4667] Replayed ASGinzburg.EnvelopingBalancedTensorRightMaps
warning: ASGinzburg/EnvelopingBalancedTensorRightMaps.lean:19:2: Try this: 
  letI̵

The goal is a proposition, so `let` is preferred over `letI`.
The difference between `let` and `letI` is that `letI` inlines the value.
But this is not relevant for proofs because of proof irrelevance.

Note: This linter can be disabled with `set_option linter.style.haveILetI false`
warning: ASGinzburg/EnvelopingBalancedTensorRightMaps.lean:20:2: Try this: 
  letI̵

The goal is a proposition, so `let` is preferred over `letI`.
The difference between `let` and `letI` is that `letI` inlines the value.
But this is not relevant for proofs because of proof irrelevance.

Note: This linter can be disabled with `set_option linter.style.haveILetI false`
warning: ASGinzburg/EnvelopingBalancedTensorRightMaps.lean:21:2: Try this: 
  letI̵

The goal is a proposition, so `let` is preferred over `letI`.
The difference between `let` and `letI` is that `letI` inlines the value.
But this is not relevant for proofs because of proof irrelevance.

Note: This linter can be disabled with `set_option linter.style.haveILetI false`
warning: ASGinzburg/EnvelopingBalancedTensorRightMaps.lean:22:2: Try this: 
  letI̵

The goal is a proposition, so `let` is preferred over `letI`.
The difference between `let` and `letI` is that `letI` inlines the value.
But this is not relevant for proofs because of proof irrelevance.

Note: This linter can be disabled with `set_option linter.style.haveILetI false`
warning: ASGinzburg/EnvelopingBalancedTensorRightMaps.lean:16:0: Definition `ASGinzburg.envelopingBalancedTensorRightScalarTower` of class type is semireducible. Most type class instances should be instance-reducible, so consider marking this
definition with `@[instance_reducible]`. If it is intentionally semireducible, this warning can be disabled with `set_option warn.classDefReducibility false`.
warning: ASGinzburg/EnvelopingBalancedTensorRightMaps.lean:16:0: Definition `envelopingBalancedTensorRightScalarTower` is a proposition; use `theorem` instead of `def`

Note: This linter can be disabled with `set_option linter.defProp false`
warning: ASGinzburg/EnvelopingBalancedTensorRightMaps.lean:79:2: Try this: 
  letI̵

The goal is a proposition, so `let` is preferred over `letI`.
The difference between `let` and `letI` is that `letI` inlines the value.
But this is not relevant for proofs because of proof irrelevance.

Note: This linter can be disabled with `set_option linter.style.haveILetI false`
warning: ASGinzburg/EnvelopingBalancedTensorRightMaps.lean:80:2: Try this: 
  letI̵

The goal is a proposition, so `let` is preferred over `letI`.
The difference between `let` and `letI` is that `letI` inlines the value.
But this is not relevant for proofs because of proof irrelevance.

Note: This linter can be disabled with `set_option linter.style.haveILetI false`
warning: ASGinzburg/EnvelopingBalancedTensorRightMaps.lean:81:2: Try this: 
  letI̵

The goal is a proposition, so `let` is preferred over `letI`.
The difference between `let` and `letI` is that `letI` inlines the value.
But this is not relevant for proofs because of proof irrelevance.

Note: This linter can be disabled with `set_option linter.style.haveILetI false`
warning: ASGinzburg/EnvelopingBalancedTensorRightMaps.lean:82:2: Try this: 
  letI̵

The goal is a proposition, so `let` is preferred over `letI`.
The difference between `let` and `letI` is that `letI` inlines the value.
But this is not relevant for proofs because of proof irrelevance.

Note: This linter can be disabled with `set_option linter.style.haveILetI false`
warning: ASGinzburg/EnvelopingBalancedTensorRightMaps.lean:95:4: Try this: 
  letI̵

The goal is a proposition, so `let` is preferred over `letI`.
The difference between `let` and `letI` is that `letI` inlines the value.
But this is not relevant for proofs because of proof irrelevance.

Note: This linter can be disabled with `set_option linter.style.haveILetI false`
warning: ASGinzburg/EnvelopingBalancedTensorRightMaps.lean:99:4: Try this: 
  letI̵

The goal is a proposition, so `let` is preferred over `letI`.
The difference between `let` and `letI` is that `letI` inlines the value.
But this is not relevant for proofs because of proof irrelevance.

Note: This linter can be disabled with `set_option linter.style.haveILetI false`
warning: ASGinzburg/EnvelopingBalancedTensorRightMaps.lean:100:4: Try this: 
  letI̵

The goal is a proposition, so `let` is preferred over `letI`.
The difference between `let` and `letI` is that `letI` inlines the value.
But this is not relevant for proofs because of proof irrelevance.

Note: This linter can be disabled with `set_option linter.style.haveILetI false`
warning: ASGinzburg/EnvelopingBalancedTensorRightMaps.lean:106:4: Try this: 
  letI̵

The goal is a proposition, so `let` is preferred over `letI`.
The difference between `let` and `letI` is that `letI` inlines the value.
But this is not relevant for proofs because of proof irrelevance.

Note: This linter can be disabled with `set_option linter.style.haveILetI false`
warning: ASGinzburg/EnvelopingBalancedTensorRightMaps.lean:107:4: Try this: 
  letI̵

The goal is a proposition, so `let` is preferred over `letI`.
The difference between `let` and `letI` is that `letI` inlines the value.
But this is not relevant for proofs because of proof irrelevance.

Note: This linter can be disabled with `set_option linter.style.haveILetI false`
warning: ASGinzburg/EnvelopingBalancedTensorRightMaps.lean:108:4: Try this: 
  letI̵

The goal is a proposition, so `let` is preferred over `letI`.
The difference between `let` and `letI` is that `letI` inlines the value.
But this is not relevant for proofs because of proof irrelevance.

Note: This linter can be disabled with `set_option linter.style.haveILetI false`
warning: ASGinzburg/EnvelopingBalancedTensorRightMaps.lean:112:4: Try this: 
  letI̵

The goal is a proposition, so `let` is preferred over `letI`.
The difference between `let` and `letI` is that `letI` inlines the value.
But this is not relevant for proofs because of proof irrelevance.

Note: This linter can be disabled with `set_option linter.style.haveILetI false`
warning: ASGinzburg/EnvelopingBalancedTensorRightMaps.lean:113:4: Try this: 
  letI̵

The goal is a proposition, so `let` is preferred over `letI`.
The difference between `let` and `letI` is that `letI` inlines the value.
But this is not relevant for proofs because of proof irrelevance.

Note: This linter can be disabled with `set_option linter.style.haveILetI false`
warning: ASGinzburg/EnvelopingBalancedTensorRightMaps.lean:114:4: Try this: 
  letI̵

The goal is a proposition, so `let` is preferred over `letI`.
The difference between `let` and `letI` is that `letI` inlines the value.
But this is not relevant for proofs because of proof irrelevance.

Note: This linter can be disabled with `set_option linter.style.haveILetI false`
warning: ASGinzburg/EnvelopingBalancedTensorRightMaps.lean:115:4: Try this: 
  letI̵

The goal is a proposition, so `let` is preferred over `letI`.
The difference between `let` and `letI` is that `letI` inlines the value.
But this is not relevant for proofs because of proof irrelevance.

Note: This linter can be disabled with `set_option linter.style.haveILetI false`
warning: ASGinzburg/EnvelopingBalancedTensorRightMaps.lean:116:4: Try this: 
  letI̵

The goal is a proposition, so `let` is preferred over `letI`.
The difference between `let` and `letI` is that `letI` inlines the value.
But this is not relevant for proofs because of proof irrelevance.

Note: This linter can be disabled with `set_option linter.style.haveILetI false`
warning: ASGinzburg/EnvelopingBalancedTensorRightMaps.lean:117:4: Try this: 
  letI̵

The goal is a proposition, so `let` is preferred over `letI`.
The difference between `let` and `letI` is that `letI` inlines the value.
But this is not relevant for proofs because of proof irrelevance.

Note: This linter can be disabled with `set_option linter.style.haveILetI false`
warning: ASGinzburg/EnvelopingBalancedTensorRightMaps.lean:126:4: Try this: 
  letI̵

The goal is a proposition, so `let` is preferred over `letI`.
The difference between `let` and `letI` is that `letI` inlines the value.
But this is not relevant for proofs because of proof irrelevance.

Note: This linter can be disabled with `set_option linter.style.haveILetI false`
warning: ASGinzburg/EnvelopingBalancedTensorRightMaps.lean:127:4: Try this: 
  letI̵

The goal is a proposition, so `let` is preferred over `letI`.
The difference between `let` and `letI` is that `letI` inlines the value.
But this is not relevant for proofs because of proof irrelevance.

Note: This linter can be disabled with `set_option linter.style.haveILetI false`
warning: ASGinzburg/EnvelopingBalancedTensorRightMaps.lean:131:4: Try this: 
  letI̵

The goal is a proposition, so `let` is preferred over `letI`.
The difference between `let` and `letI` is that `letI` inlines the value.
But this is not relevant for proofs because of proof irrelevance.

Note: This linter can be disabled with `set_option linter.style.haveILetI false`
warning: ASGinzburg/EnvelopingBalancedTensorRightMaps.lean:132:4: Try this: 
  letI̵

The goal is a proposition, so `let` is preferred over `letI`.
The difference between `let` and `letI` is that `letI` inlines the value.
But this is not relevant for proofs because of proof irrelevance.

Note: This linter can be disabled with `set_option linter.style.haveILetI false`
warning: ASGinzburg/EnvelopingBalancedTensorRightMaps.lean:133:4: Try this: 
  letI̵

The goal is a proposition, so `let` is preferred over `letI`.
The difference between `let` and `letI` is that `letI` inlines the value.
But this is not relevant for proofs because of proof irrelevance.

Note: This linter can be disabled with `set_option linter.style.haveILetI false`
warning: ASGinzburg/EnvelopingBalancedTensorRightMaps.lean:134:4: Try this: 
  letI̵

The goal is a proposition, so `let` is preferred over `letI`.
The difference between `let` and `letI` is that `letI` inlines the value.
But this is not relevant for proofs because of proof irrelevance.

Note: This linter can be disabled with `set_option linter.style.haveILetI false`
⚠ [3885/4667] Replayed ASGinzburg.EnvelopingBalancedTensorHomEquiv
warning: ASGinzburg/EnvelopingBalancedTensorHomEquiv.lean:121:2: Try this: 
  letI̵

The goal is a proposition, so `let` is preferred over `letI`.
The difference between `let` and `letI` is that `letI` inlines the value.
But this is not relevant for proofs because of proof irrelevance.

Note: This linter can be disabled with `set_option linter.style.haveILetI false`
warning: ASGinzburg/EnvelopingBalancedTensorHomEquiv.lean:122:2: Try this: 
  letI̵

The goal is a proposition, so `let` is preferred over `letI`.
The difference between `let` and `letI` is that `letI` inlines the value.
But this is not relevant for proofs because of proof irrelevance.

Note: This linter can be disabled with `set_option linter.style.haveILetI false`
⚠ [3886/4667] Replayed ASGinzburg.EnvelopingBalancedTensorHomMaps
warning: ASGinzburg/EnvelopingBalancedTensorHomMaps.lean:39:8: Unused tactic linter: `change f (((a ⊗ₜ[k] b) • g) x) = ((a ⊗ₜ[k] b) • h) x` does nothing

Note: This linter can be disabled with `set_option linter.unusedTactic false`
⚠ [3887/4667] Replayed ASGinzburg.EnvelopingBalancedTensorProjective
warning: ASGinzburg/EnvelopingBalancedTensorProjective.lean:17:2: Try this: 
  letI̵

The goal is a proposition, so `let` is preferred over `letI`.
The difference between `let` and `letI` is that `letI` inlines the value.
But this is not relevant for proofs because of proof irrelevance.

Note: This linter can be disabled with `set_option linter.style.haveILetI false`
warning: ASGinzburg/EnvelopingBalancedTensorProjective.lean:18:2: Try this: 
  letI̵

The goal is a proposition, so `let` is preferred over `letI`.
The difference between `let` and `letI` is that `letI` inlines the value.
But this is not relevant for proofs because of proof irrelevance.

Note: This linter can be disabled with `set_option linter.style.haveILetI false`
warning: ASGinzburg/EnvelopingBalancedTensorProjective.lean:19:2: Try this: 
  letI̵

The goal is a proposition, so `let` is preferred over `letI`.
The difference between `let` and `letI` is that `letI` inlines the value.
But this is not relevant for proofs because of proof irrelevance.

Note: This linter can be disabled with `set_option linter.style.haveILetI false`
warning: ASGinzburg/EnvelopingBalancedTensorProjective.lean:22:2: Try this: 
  letI̵

The goal is a proposition, so `let` is preferred over `letI`.
The difference between `let` and `letI` is that `letI` inlines the value.
But this is not relevant for proofs because of proof irrelevance.

Note: This linter can be disabled with `set_option linter.style.haveILetI false`
warning: ASGinzburg/EnvelopingBalancedTensorProjective.lean:23:2: Try this: 
  letI̵

The goal is a proposition, so `let` is preferred over `letI`.
The difference between `let` and `letI` is that `letI` inlines the value.
But this is not relevant for proofs because of proof irrelevance.

Note: This linter can be disabled with `set_option linter.style.haveILetI false`
⚠ [3888/4667] Replayed ASGinzburg.AlgebraEnvelopingRestrictedProjective
warning: ASGinzburg/AlgebraEnvelopingRestrictedProjective.lean:43:2: Try this: 
  letI̵

The goal is a proposition, so `let` is preferred over `letI`.
The difference between `let` and `letI` is that `letI` inlines the value.
But this is not relevant for proofs because of proof irrelevance.

Note: This linter can be disabled with `set_option linter.style.haveILetI false`
warning: ASGinzburg/AlgebraEnvelopingRestrictedProjective.lean:44:2: Try this: 
  letI̵

The goal is a proposition, so `let` is preferred over `letI`.
The difference between `let` and `letI` is that `letI` inlines the value.
But this is not relevant for proofs because of proof irrelevance.

Note: This linter can be disabled with `set_option linter.style.haveILetI false`
warning: ASGinzburg/AlgebraEnvelopingRestrictedProjective.lean:45:2: Try this: 
  haveI̵

The goal is a proposition, so `have` is preferred over `haveI`.
The difference between `have` and `haveI` is that `haveI` inlines the value.
But this is not relevant for proofs because of proof irrelevance.

Note: This linter can be disabled with `set_option linter.style.haveILetI false`
⚠ [3889/4667] Replayed ASGinzburg.AlgebraEnvelopingRestrictionFunctor
warning: ASGinzburg/AlgebraEnvelopingRestrictionFunctor.lean:26:4: Try this: 
  letI̵

The goal is a proposition, so `let` is preferred over `letI`.
The difference between `let` and `letI` is that `letI` inlines the value.
But this is not relevant for proofs because of proof irrelevance.

Note: This linter can be disabled with `set_option linter.style.haveILetI false`
warning: ASGinzburg/AlgebraEnvelopingRestrictionFunctor.lean:27:4: Try this: 
  letI̵

The goal is a proposition, so `let` is preferred over `letI`.
The difference between `let` and `letI` is that `letI` inlines the value.
But this is not relevant for proofs because of proof irrelevance.

Note: This linter can be disabled with `set_option linter.style.haveILetI false`
warning: ASGinzburg/AlgebraEnvelopingRestrictionFunctor.lean:28:4: Try this: 
  haveI̵

The goal is a proposition, so `have` is preferred over `haveI`.
The difference between `have` and `haveI` is that `haveI` inlines the value.
But this is not relevant for proofs because of proof irrelevance.

Note: This linter can be disabled with `set_option linter.style.haveILetI false`
⚠ [3891/4667] Replayed ASGinzburg.AlgebraEnvelopingRestrictedRegular
warning: ASGinzburg/AlgebraEnvelopingRestrictedRegular.lean:14:2: Try this: 
  letI̵

The goal is a proposition, so `let` is preferred over `letI`.
The difference between `let` and `letI` is that `letI` inlines the value.
But this is not relevant for proofs because of proof irrelevance.

Note: This linter can be disabled with `set_option linter.style.haveILetI false`
warning: ASGinzburg/AlgebraEnvelopingRestrictedRegular.lean:24:2: Try this: 
  letI̵

The goal is a proposition, so `let` is preferred over `letI`.
The difference between `let` and `letI` is that `letI` inlines the value.
But this is not relevant for proofs because of proof irrelevance.

Note: This linter can be disabled with `set_option linter.style.haveILetI false`
warning: ASGinzburg/AlgebraEnvelopingRestrictedRegular.lean:42:6: Try this: 
  letI̵

The goal is a proposition, so `let` is preferred over `letI`.
The difference between `let` and `letI` is that `letI` inlines the value.
But this is not relevant for proofs because of proof irrelevance.

Note: This linter can be disabled with `set_option linter.style.haveILetI false`
⚠ [3892/4667] Replayed ASGinzburg.ModuleCatRestrictionHomology
warning: ASGinzburg/ModuleCatRestrictionHomology.lean:13:0: Definition `ASGinzburg.moduleCatRestrictionPreservesHomology` of class type is semireducible. Most type class instances should be instance-reducible, so consider marking this
definition with `@[instance_reducible]`. If it is intentionally semireducible, this warning can be disabled with `set_option warn.classDefReducibility false`.
warning: ASGinzburg/ModuleCatRestrictionHomology.lean:13:0: Definition `moduleCatRestrictionPreservesHomology` is a proposition; use `theorem` instead of `def`

Note: This linter can be disabled with `set_option linter.defProp false`
warning: ASGinzburg/ModuleCatRestrictionHomology.lean:20:0: Definition `ASGinzburg.moduleCatRestrictionReflectsIsomorphisms` of class type is semireducible. Most type class instances should be instance-reducible, so consider marking this
definition with `@[instance_reducible]`. If it is intentionally semireducible, this warning can be disabled with `set_option warn.classDefReducibility false`.
warning: ASGinzburg/ModuleCatRestrictionHomology.lean:20:0: Definition `moduleCatRestrictionReflectsIsomorphisms` is a proposition; use `theorem` instead of `def`

Note: This linter can be disabled with `set_option linter.defProp false`
⚠ [3894/4667] Replayed ASGinzburg.ProjectiveResolutionMapAfterRestriction
warning: ASGinzburg/ProjectiveResolutionMapAfterRestriction.lean:24:2: Try this: 
  letI̵

The goal is a proposition, so `let` is preferred over `letI`.
The difference between `let` and `letI` is that `letI` inlines the value.
But this is not relevant for proofs because of proof irrelevance.

Note: This linter can be disabled with `set_option linter.style.haveILetI false`
⚠ [3896/4667] Replayed ASGinzburg.EnvelopingBalancedTensorRegularUnit
warning: ASGinzburg/EnvelopingBalancedTensorRegularUnit.lean:26:6: Try this: 
  letI̵

The goal is a proposition, so `let` is preferred over `letI`.
The difference between `let` and `letI` is that `letI` inlines the value.
But this is not relevant for proofs because of proof irrelevance.

Note: This linter can be disabled with `set_option linter.style.haveILetI false`
warning: ASGinzburg/EnvelopingBalancedTensorRegularUnit.lean:61:2: Try this: 
  letI̵

The goal is a proposition, so `let` is preferred over `letI`.
The difference between `let` and `letI` is that `letI` inlines the value.
But this is not relevant for proofs because of proof irrelevance.

Note: This linter can be disabled with `set_option linter.style.haveILetI false`
warning: ASGinzburg/EnvelopingBalancedTensorRegularUnit.lean:62:2: Try this: 
  letI̵

The goal is a proposition, so `let` is preferred over `letI`.
The difference between `let` and `letI` is that `letI` inlines the value.
But this is not relevant for proofs because of proof irrelevance.

Note: This linter can be disabled with `set_option linter.style.haveILetI false`
warning: ASGinzburg/EnvelopingBalancedTensorRegularUnit.lean:93:10: Try this: 
  letI̵

The goal is a proposition, so `let` is preferred over `letI`.
The difference between `let` and `letI` is that `letI` inlines the value.
But this is not relevant for proofs because of proof irrelevance.

Note: This linter can be disabled with `set_option linter.style.haveILetI false`
⚠ [3897/4667] Replayed ASGinzburg.FiniteBiproductProjectiveResolution
warning: ASGinzburg/FiniteBiproductProjectiveResolution.lean:62:2: Try this: 
  haveI̵

The goal is a proposition, so `have` is preferred over `haveI`.
The difference between `have` and `haveI` is that `haveI` inlines the value.
But this is not relevant for proofs because of proof irrelevance.

Note: This linter can be disabled with `set_option linter.style.haveILetI false`
warning: ASGinzburg/FiniteBiproductProjectiveResolution.lean:67:2: Try this: 
  haveI̵

The goal is a proposition, so `have` is preferred over `haveI`.
The difference between `have` and `haveI` is that `haveI` inlines the value.
But this is not relevant for proofs because of proof irrelevance.

Note: This linter can be disabled with `set_option linter.style.haveILetI false`
warning: ASGinzburg/FiniteBiproductProjectiveResolution.lean:85:4: Try this: 
  haveI̵

The goal is a proposition, so `have` is preferred over `haveI`.
The difference between `have` and `haveI` is that `haveI` inlines the value.
But this is not relevant for proofs because of proof irrelevance.

Note: This linter can be disabled with `set_option linter.style.haveILetI false`
warning: ASGinzburg/FiniteBiproductProjectiveResolution.lean:90:4: Try this: 
  letI̵

The goal is a proposition, so `let` is preferred over `letI`.
The difference between `let` and `letI` is that `letI` inlines the value.
But this is not relevant for proofs because of proof irrelevance.

Note: This linter can be disabled with `set_option linter.style.haveILetI false`
warning: ASGinzburg/FiniteBiproductProjectiveResolution.lean:127:2: Try this: 
  letI̵

The goal is a proposition, so `let` is preferred over `letI`.
The difference between `let` and `letI` is that `letI` inlines the value.
But this is not relevant for proofs because of proof irrelevance.

Note: This linter can be disabled with `set_option linter.style.haveILetI false`
⚠ [3898/4667] Replayed ASGinzburg.AlgebraEnvelopingRegularFinite
warning: ASGinzburg/AlgebraEnvelopingRegularFinite.lean:26:2: Try this: 
  letI̵

The goal is a proposition, so `let` is preferred over `letI`.
The difference between `let` and `letI` is that `letI` inlines the value.
But this is not relevant for proofs because of proof irrelevance.

Note: This linter can be disabled with `set_option linter.style.haveILetI false`
⚠ [3899/4667] Replayed ASGinzburg.ModuleCatFiniteCoproduct
warning: ASGinzburg/ModuleCatFiniteCoproduct.lean:21:2: Try this: 
  letI̵

The goal is a proposition, so `let` is preferred over `letI`.
The difference between `let` and `letI` is that `letI` inlines the value.
But this is not relevant for proofs because of proof irrelevance.

Note: This linter can be disabled with `set_option linter.style.haveILetI false`
⚠ [3900/4667] Replayed ASGinzburg.AlgebraEnvelopingTensorRegularFree
warning: ASGinzburg/AlgebraEnvelopingTensorRegularFree.lean:11:17: Definition `ASGinzburg.tensorRightEnvelopingModule` of class type is semireducible. Most type class instances should be instance-reducible, so consider marking this
definition with `@[instance_reducible]`. If it is intentionally semireducible, this warning can be disabled with `set_option warn.classDefReducibility false`.
warning: ASGinzburg/AlgebraEnvelopingTensorRegularFree.lean:64:2: Try this: 
  letI̵

The goal is a proposition, so `let` is preferred over `letI`.
The difference between `let` and `letI` is that `letI` inlines the value.
But this is not relevant for proofs because of proof irrelevance.

Note: This linter can be disabled with `set_option linter.style.haveILetI false`
⚠ [3901/4667] Replayed ASGinzburg.AlgebraEnvelopingTensorFinsuppFree
warning: ASGinzburg/AlgebraEnvelopingTensorFinsuppFree.lean:12:17: Definition `ASGinzburg.tensorRightEnvelopingModule` of class type is semireducible. Most type class instances should be instance-reducible, so consider marking this
definition with `@[instance_reducible]`. If it is intentionally semireducible, this warning can be disabled with `set_option warn.classDefReducibility false`.
warning: ASGinzburg/AlgebraEnvelopingTensorFinsuppFree.lean:78:2: Try this: 
  letI̵

The goal is a proposition, so `let` is preferred over `letI`.
The difference between `let` and `letI` is that `letI` inlines the value.
But this is not relevant for proofs because of proof irrelevance.

Note: This linter can be disabled with `set_option linter.style.haveILetI false`
⚠ [3902/4667] Replayed ASGinzburg.AlgebraEnvelopingTensorProjective
warning: ASGinzburg/AlgebraEnvelopingTensorProjective.lean:12:17: Definition `ASGinzburg.tensorRightEnvelopingModule` of class type is semireducible. Most type class instances should be instance-reducible, so consider marking this
definition with `@[instance_reducible]`. If it is intentionally semireducible, this warning can be disabled with `set_option warn.classDefReducibility false`.
warning: ASGinzburg/AlgebraEnvelopingTensorProjective.lean:50:2: Try this: 
  letI̵

The goal is a proposition, so `let` is preferred over `letI`.
The difference between `let` and `letI` is that `letI` inlines the value.
But this is not relevant for proofs because of proof irrelevance.

Note: This linter can be disabled with `set_option linter.style.haveILetI false`
⚠ [3903/4667] Replayed ASGinzburg.AlgebraEnvelopingTensorBifunctor
warning: ASGinzburg/AlgebraEnvelopingTensorBifunctor.lean:13:17: Definition `ASGinzburg.tensorRightEnvelopingModule` of class type is semireducible. Most type class instances should be instance-reducible, so consider marking this
definition with `@[instance_reducible]`. If it is intentionally semireducible, this warning can be disabled with `set_option warn.classDefReducibility false`.
⚠ [3908/4667] Replayed ASGinzburg.AlgebraEnvelopingTensorFinite
warning: ASGinzburg/AlgebraEnvelopingTensorFinite.lean:17:17: Definition `ASGinzburg.tensorRightEnvelopingModule` of class type is semireducible. Most type class instances should be instance-reducible, so consider marking this
definition with `@[instance_reducible]`. If it is intentionally semireducible, this warning can be disabled with `set_option warn.classDefReducibility false`.
warning: ASGinzburg/AlgebraEnvelopingTensorFinite.lean:34:2: Try this: 
  letI̵

The goal is a proposition, so `let` is preferred over `letI`.
The difference between `let` and `letI` is that `letI` inlines the value.
But this is not relevant for proofs because of proof irrelevance.

Note: This linter can be disabled with `set_option linter.style.haveILetI false`
⚠ [3910/4667] Replayed ASGinzburg.AlgebraEnvelopingTensorRestriction
warning: ASGinzburg/AlgebraEnvelopingTensorRestriction.lean:14:17: Definition `ASGinzburg.tensorRightEnvelopingModule` of class type is semireducible. Most type class instances should be instance-reducible, so consider marking this
definition with `@[instance_reducible]`. If it is intentionally semireducible, this warning can be disabled with `set_option warn.classDefReducibility false`.
warning: ASGinzburg/AlgebraEnvelopingTensorRestriction.lean:14:17: Definition `ASGinzburg.tensorRightEnvelopingScalarTower` of class type is semireducible. Most type class instances should be instance-reducible, so consider marking this
definition with `@[instance_reducible]`. If it is intentionally semireducible, this warning can be disabled with `set_option warn.classDefReducibility false`.
⚠ [3911/4667] Replayed ASGinzburg.ModuleFieldRestrictionResolution
warning: ASGinzburg/ModuleFieldRestrictionResolution.lean:17:2: Try this: 
  letI̵

The goal is a proposition, so `let` is preferred over `letI`.
The difference between `let` and `letI` is that `letI` inlines the value.
But this is not relevant for proofs because of proof irrelevance.

Note: This linter can be disabled with `set_option linter.style.haveILetI false`
warning: ASGinzburg/ModuleFieldRestrictionResolution.lean:23:2: Try this: 
  letI̵

The goal is a proposition, so `let` is preferred over `letI`.
The difference between `let` and `letI` is that `letI` inlines the value.
But this is not relevant for proofs because of proof irrelevance.

Note: This linter can be disabled with `set_option linter.style.haveILetI false`
⚠ [3913/4667] Replayed ASGinzburg.BalancedTensorProjectiveExactness
warning: ASGinzburg/BalancedTensorProjectiveExactness.lean:85:2: Try this: 
  letI̵

The goal is a proposition, so `let` is preferred over `letI`.
The difference between `let` and `letI` is that `letI` inlines the value.
But this is not relevant for proofs because of proof irrelevance.

Note: This linter can be disabled with `set_option linter.style.haveILetI false`
warning: ASGinzburg/BalancedTensorProjectiveExactness.lean:86:2: Try this: 
  letI̵

The goal is a proposition, so `let` is preferred over `letI`.
The difference between `let` and `letI` is that `letI` inlines the value.
But this is not relevant for proofs because of proof irrelevance.

Note: This linter can be disabled with `set_option linter.style.haveILetI false`
warning: ASGinzburg/BalancedTensorProjectiveExactness.lean:87:2: Try this: 
  letI̵

The goal is a proposition, so `let` is preferred over `letI`.
The difference between `let` and `letI` is that `letI` inlines the value.
But this is not relevant for proofs because of proof irrelevance.

Note: This linter can be disabled with `set_option linter.style.haveILetI false`
warning: ASGinzburg/BalancedTensorProjectiveExactness.lean:88:2: Try this: 
  letI̵

The goal is a proposition, so `let` is preferred over `letI`.
The difference between `let` and `letI` is that `letI` inlines the value.
But this is not relevant for proofs because of proof irrelevance.

Note: This linter can be disabled with `set_option linter.style.haveILetI false`
warning: ASGinzburg/BalancedTensorProjectiveExactness.lean:112:2: Try this: 
  letI̵

The goal is a proposition, so `let` is preferred over `letI`.
The difference between `let` and `letI` is that `letI` inlines the value.
But this is not relevant for proofs because of proof irrelevance.

Note: This linter can be disabled with `set_option linter.style.haveILetI false`
warning: ASGinzburg/BalancedTensorProjectiveExactness.lean:113:2: Try this: 
  letI̵

The goal is a proposition, so `let` is preferred over `letI`.
The difference between `let` and `letI` is that `letI` inlines the value.
But this is not relevant for proofs because of proof irrelevance.

Note: This linter can be disabled with `set_option linter.style.haveILetI false`
warning: ASGinzburg/BalancedTensorProjectiveExactness.lean:123:2: Try this: 
  letI̵

The goal is a proposition, so `let` is preferred over `letI`.
The difference between `let` and `letI` is that `letI` inlines the value.
But this is not relevant for proofs because of proof irrelevance.

Note: This linter can be disabled with `set_option linter.style.haveILetI false`
warning: ASGinzburg/BalancedTensorProjectiveExactness.lean:124:2: Try this: 
  letI̵

The goal is a proposition, so `let` is preferred over `letI`.
The difference between `let` and `letI` is that `letI` inlines the value.
But this is not relevant for proofs because of proof irrelevance.

Note: This linter can be disabled with `set_option linter.style.haveILetI false`
warning: ASGinzburg/BalancedTensorProjectiveExactness.lean:125:2: Try this: 
  letI̵

The goal is a proposition, so `let` is preferred over `letI`.
The difference between `let` and `letI` is that `letI` inlines the value.
But this is not relevant for proofs because of proof irrelevance.

Note: This linter can be disabled with `set_option linter.style.haveILetI false`
warning: ASGinzburg/BalancedTensorProjectiveExactness.lean:126:2: Try this: 
  letI̵

The goal is a proposition, so `let` is preferred over `letI`.
The difference between `let` and `letI` is that `letI` inlines the value.
But this is not relevant for proofs because of proof irrelevance.

Note: This linter can be disabled with `set_option linter.style.haveILetI false`
⚠ [3917/4667] Replayed ASGinzburg.ModuleCatRestrictionColimits
warning: ASGinzburg/ModuleCatRestrictionColimits.lean:10:0: Definition `ASGinzburg.moduleCatRestrictionPreservesSmallColimits` of class type is semireducible. Most type class instances should be instance-reducible, so consider marking this
definition with `@[instance_reducible]`. If it is intentionally semireducible, this warning can be disabled with `set_option warn.classDefReducibility false`.
warning: ASGinzburg/ModuleCatRestrictionColimits.lean:10:0: Definition `moduleCatRestrictionPreservesSmallColimits` is a proposition; use `theorem` instead of `def`

Note: This linter can be disabled with `set_option linter.defProp false`
warning: ASGinzburg/ModuleCatRestrictionColimits.lean:18:2: Try this: 
  letI̵

The goal is a proposition, so `let` is preferred over `letI`.
The difference between `let` and `letI` is that `letI` inlines the value.
But this is not relevant for proofs because of proof irrelevance.

Note: This linter can be disabled with `set_option linter.style.haveILetI false`
warning: ASGinzburg/ModuleCatRestrictionColimits.lean:19:2: Try this: 
  letI̵

The goal is a proposition, so `let` is preferred over `letI`.
The difference between `let` and `letI` is that `letI` inlines the value.
But this is not relevant for proofs because of proof irrelevance.

Note: This linter can be disabled with `set_option linter.style.haveILetI false`
warning: ASGinzburg/ModuleCatRestrictionColimits.lean:16:0: Definition `ASGinzburg.moduleCatRestrictionReflectsSmallColimits` of class type is semireducible. Most type class instances should be instance-reducible, so consider marking this
definition with `@[instance_reducible]`. If it is intentionally semireducible, this warning can be disabled with `set_option warn.classDefReducibility false`.
warning: ASGinzburg/ModuleCatRestrictionColimits.lean:16:0: Definition `moduleCatRestrictionReflectsSmallColimits` is a proposition; use `theorem` instead of `def`

Note: This linter can be disabled with `set_option linter.defProp false`
✔ [3922/4667] Built ASGinzburg.OppositeGinzburgPathEquiv (5.7s)
⚠ [3933/4780] Built ASGinzburg.GinzburgLoopPathCoefficients (4.0s)
warning: ASGinzburg/GinzburgLoopPathCoefficients.lean:24:49: `if_pos` has been deprecated: Use `ite_eq_left` instead
⚠ [3938/4780] Replayed ASGinzburg.EnvelopingBalancedTensorProjectiveFunctor
warning: ASGinzburg/EnvelopingBalancedTensorProjectiveFunctor.lean:20:4: Try this: 
  letI̵

The goal is a proposition, so `let` is preferred over `letI`.
The difference between `let` and `letI` is that `letI` inlines the value.
But this is not relevant for proofs because of proof irrelevance.

Note: This linter can be disabled with `set_option linter.style.haveILetI false`
warning: ASGinzburg/EnvelopingBalancedTensorProjectiveFunctor.lean:21:4: Try this: 
  letI̵

The goal is a proposition, so `let` is preferred over `letI`.
The difference between `let` and `letI` is that `letI` inlines the value.
But this is not relevant for proofs because of proof irrelevance.

Note: This linter can be disabled with `set_option linter.style.haveILetI false`
warning: ASGinzburg/EnvelopingBalancedTensorProjectiveFunctor.lean:22:4: Try this: 
  haveI̵

The goal is a proposition, so `have` is preferred over `haveI`.
The difference between `have` and `haveI` is that `haveI` inlines the value.
But this is not relevant for proofs because of proof irrelevance.

Note: This linter can be disabled with `set_option linter.style.haveILetI false`
⚠ [3940/4780] Replayed ASGinzburg.BalancedTensorTorProjectiveRight
warning: ASGinzburg/BalancedTensorTorProjectiveRight.lean:19:2: Try this: 
  letI̵

The goal is a proposition, so `let` is preferred over `letI`.
The difference between `let` and `letI` is that `letI` inlines the value.
But this is not relevant for proofs because of proof irrelevance.

Note: This linter can be disabled with `set_option linter.style.haveILetI false`
⚠ [3941/4780] Replayed ASGinzburg.GradedNilpotentNakayama
warning: ASGinzburg/GradedNilpotentNakayama.lean:104:8: Try this: 
  letI̵

The goal is a proposition, so `let` is preferred over `letI`.
The difference between `let` and `letI` is that `letI` inlines the value.
But this is not relevant for proofs because of proof irrelevance.

Note: This linter can be disabled with `set_option linter.style.haveILetI false`
⚠ [3945/4780] Replayed ASGinzburg.HomogeneousSubmoduleDecomposition
warning: ASGinzburg/HomogeneousSubmoduleDecomposition.lean:77:0: Definition `ASGinzburg.homogeneousSubmoduleDecomposition` of class type is semireducible. Most type class instances should be instance-reducible, so consider marking this
definition with `@[instance_reducible]`. If it is intentionally semireducible, this warning can be disabled with `set_option warn.classDefReducibility false`.
⚠ [3947/4780] Replayed ASGinzburg.HomogeneousQuotientDecomposition
warning: ASGinzburg/HomogeneousQuotientDecomposition.lean:37:0: Definition `ASGinzburg.homogeneousQuotientDecomposition` of class type is semireducible. Most type class instances should be instance-reducible, so consider marking this
definition with `@[instance_reducible]`. If it is intentionally semireducible, this warning can be disabled with `set_option warn.classDefReducibility false`.
⚠ [3953/4780] Replayed ASGinzburg.ScalarStableGradedDecomposition
warning: ASGinzburg/ScalarStableGradedDecomposition.lean:23:0: Definition `ASGinzburg.scalarStableGradeDecomposition` of class type is semireducible. Most type class instances should be instance-reducible, so consider marking this
definition with `@[instance_reducible]`. If it is intentionally semireducible, this warning can be disabled with `set_option warn.classDefReducibility false`.
⚠ [3955/4780] Replayed ASGinzburg.GradedOrdinaryModuleData
warning: ASGinzburg/GradedOrdinaryModuleData.lean:24:0: Definition `ASGinzburg.GradedOrdinaryModuleData.decomposition` of class type is semireducible. Most type class instances should be instance-reducible, so consider marking this
definition with `@[instance_reducible]`. If it is intentionally semireducible, this warning can be disabled with `set_option warn.classDefReducibility false`.
⚠ [3956/4780] Replayed ASGinzburg.LinearDirectSumHomogeneousDecomposition
warning: ASGinzburg/LinearDirectSumHomogeneousDecomposition.lean:56:0: Definition `ASGinzburg.linearDirectSumHomogeneousDecomposition` of class type is semireducible. Most type class instances should be instance-reducible, so consider marking this
definition with `@[instance_reducible]`. If it is intentionally semireducible, this warning can be disabled with `set_option warn.classDefReducibility false`.
⚠ [3957/4780] Replayed ASGinzburg.NatHomogeneousSubspacesIntegerExtension
warning: ASGinzburg/NatHomogeneousSubspacesIntegerExtension.lean:72:0: Definition `ASGinzburg.natHomogeneousSubspaceIntegerExtensionDecomposition` of class type is semireducible. Most type class instances should be instance-reducible, so consider marking this
definition with `@[instance_reducible]`. If it is intentionally semireducible, this warning can be disabled with `set_option warn.classDefReducibility false`.
⚠ [3962/4780] Replayed ASGinzburg.NoncommNilpotentIdealSum
warning: ASGinzburg/NoncommNilpotentIdealSum.lean:13:2: Try this: 
  letI̵

The goal is a proposition, so `let` is preferred over `letI`.
The difference between `let` and `letI` is that `letI` inlines the value.
But this is not relevant for proofs because of proof irrelevance.

Note: This linter can be disabled with `set_option linter.style.haveILetI false`
⚠ [3969/4780] Replayed ASGinzburg.BalancedTensorLeftProjectiveExactness
warning: ASGinzburg/BalancedTensorLeftProjectiveExactness.lean:31:2: Try this: 
  letI̵

The goal is a proposition, so `let` is preferred over `letI`.
The difference between `let` and `letI` is that `letI` inlines the value.
But this is not relevant for proofs because of proof irrelevance.

Note: This linter can be disabled with `set_option linter.style.haveILetI false`
warning: ASGinzburg/BalancedTensorLeftProjectiveExactness.lean:38:2: Try this: 
  letI̵

The goal is a proposition, so `let` is preferred over `letI`.
The difference between `let` and `letI` is that `letI` inlines the value.
But this is not relevant for proofs because of proof irrelevance.

Note: This linter can be disabled with `set_option linter.style.haveILetI false`
warning: ASGinzburg/BalancedTensorLeftProjectiveExactness.lean:39:2: Try this: 
  letI̵

The goal is a proposition, so `let` is preferred over `letI`.
The difference between `let` and `letI` is that `letI` inlines the value.
But this is not relevant for proofs because of proof irrelevance.

Note: This linter can be disabled with `set_option linter.style.haveILetI false`
warning: ASGinzburg/BalancedTensorLeftProjectiveExactness.lean:40:2: Try this: 
  letI̵

The goal is a proposition, so `let` is preferred over `letI`.
The difference between `let` and `letI` is that `letI` inlines the value.
But this is not relevant for proofs because of proof irrelevance.

Note: This linter can be disabled with `set_option linter.style.haveILetI false`
warning: ASGinzburg/BalancedTensorLeftProjectiveExactness.lean:41:2: Try this: 
  letI̵

The goal is a proposition, so `let` is preferred over `letI`.
The difference between `let` and `letI` is that `letI` inlines the value.
But this is not relevant for proofs because of proof irrelevance.

Note: This linter can be disabled with `set_option linter.style.haveILetI false`
warning: ASGinzburg/BalancedTensorLeftProjectiveExactness.lean:42:8: `CategoryTheory.Functor.preservesMonomorphisms.of_iso` has been deprecated: Use `CategoryTheory.Functor.PreservesMonomorphisms.of_iso` instead

Note: The updated constant is in a different namespace. Dot notation may need to be changed (e.g., from `x.of_iso` to `Functor.PreservesMonomorphisms.of_iso x`).
⚠ [3970/4780] Replayed ASGinzburg.BalancedTensorFinite
warning: ASGinzburg/BalancedTensorFinite.lean:45:2: Try this: 
  haveI̵

The goal is a proposition, so `have` is preferred over `haveI`.
The difference between `have` and `haveI` is that `haveI` inlines the value.
But this is not relevant for proofs because of proof irrelevance.

Note: This linter can be disabled with `set_option linter.style.haveILetI false`
⚠ [3974/4780] Replayed ASGinzburg.FiniteFourTermProjectiveResolution
warning: ASGinzburg/FiniteFourTermProjectiveResolution.lean:32:4: Try this: 
  letI̵

The goal is a proposition, so `let` is preferred over `letI`.
The difference between `let` and `letI` is that `letI` inlines the value.
But this is not relevant for proofs because of proof irrelevance.

Note: This linter can be disabled with `set_option linter.style.haveILetI false`
⚠ [3976/4780] Replayed ASGinzburg.OrdinaryModuleFiniteFreeRetract
warning: ASGinzburg/OrdinaryModuleFiniteFreeRetract.lean:18:2: Try this: 
  letI̵

The goal is a proposition, so `let` is preferred over `letI`.
The difference between `let` and `letI` is that `letI` inlines the value.
But this is not relevant for proofs because of proof irrelevance.

Note: This linter can be disabled with `set_option linter.style.haveILetI false`
warning: ASGinzburg/OrdinaryModuleFiniteFreeRetract.lean:29:4: Try this: 
  letI̵

The goal is a proposition, so `let` is preferred over `letI`.
The difference between `let` and `letI` is that `letI` inlines the value.
But this is not relevant for proofs because of proof irrelevance.

Note: This linter can be disabled with `set_option linter.style.haveILetI false`
warning: ASGinzburg/OrdinaryModuleFiniteFreeRetract.lean:36:4: Try this: 
  letI̵

The goal is a proposition, so `let` is preferred over `letI`.
The difference between `let` and `letI` is that `letI` inlines the value.
But this is not relevant for proofs because of proof irrelevance.

Note: This linter can be disabled with `set_option linter.style.haveILetI false`
warning: ASGinzburg/OrdinaryModuleFiniteFreeRetract.lean:37:4: Try this: 
  letI̵

The goal is a proposition, so `let` is preferred over `letI`.
The difference between `let` and `letI` is that `letI` inlines the value.
But this is not relevant for proofs because of proof irrelevance.

Note: This linter can be disabled with `set_option linter.style.haveILetI false`
⚠ [3979/4780] Replayed ASGinzburg.ModuleCatRingEquivProjectiveDimension
warning: ASGinzburg/ModuleCatRingEquivProjectiveDimension.lean:18:2: Try this: 
  letI̵

The goal is a proposition, so `let` is preferred over `letI`.
The difference between `let` and `letI` is that `letI` inlines the value.
But this is not relevant for proofs because of proof irrelevance.

Note: This linter can be disabled with `set_option linter.style.haveILetI false`
⚠ [4153/4782] Replayed ASGinzburg.EnvelopingBalancedTensorResolution
warning: ASGinzburg/EnvelopingBalancedTensorResolution.lean:28:2: Try this: 
  letI̵

The goal is a proposition, so `let` is preferred over `letI`.
The difference between `let` and `letI` is that `letI` inlines the value.
But this is not relevant for proofs because of proof irrelevance.

Note: This linter can be disabled with `set_option linter.style.haveILetI false`
warning: ASGinzburg/EnvelopingBalancedTensorResolution.lean:29:2: Try this: 
  letI̵

The goal is a proposition, so `let` is preferred over `letI`.
The difference between `let` and `letI` is that `letI` inlines the value.
But this is not relevant for proofs because of proof irrelevance.

Note: This linter can be disabled with `set_option linter.style.haveILetI false`
warning: ASGinzburg/EnvelopingBalancedTensorResolution.lean:35:2: Try this: 
  haveI̵

The goal is a proposition, so `have` is preferred over `haveI`.
The difference between `have` and `haveI` is that `haveI` inlines the value.
But this is not relevant for proofs because of proof irrelevance.

Note: This linter can be disabled with `set_option linter.style.haveILetI false`
warning: ASGinzburg/EnvelopingBalancedTensorResolution.lean:38:2: Try this: 
  haveI̵

The goal is a proposition, so `have` is preferred over `haveI`.
The difference between `have` and `haveI` is that `haveI` inlines the value.
But this is not relevant for proofs because of proof irrelevance.

Note: This linter can be disabled with `set_option linter.style.haveILetI false`
warning: ASGinzburg/EnvelopingBalancedTensorResolution.lean:61:4: Try this: 
  haveI̵

The goal is a proposition, so `have` is preferred over `haveI`.
The difference between `have` and `haveI` is that `haveI` inlines the value.
But this is not relevant for proofs because of proof irrelevance.

Note: This linter can be disabled with `set_option linter.style.haveILetI false`
⚠ [4155/4782] Replayed ASGinzburg.BicomplexTotalProjective
warning: ASGinzburg/BicomplexTotalProjective.lean:16:2: Try this: 
  letI̵

The goal is a proposition, so `let` is preferred over `letI`.
The difference between `let` and `letI` is that `letI` inlines the value.
But this is not relevant for proofs because of proof irrelevance.

Note: This linter can be disabled with `set_option linter.style.haveILetI false`
warning: ASGinzburg/BicomplexTotalProjective.lean:18:2: Try this: 
  letI̵

The goal is a proposition, so `let` is preferred over `letI`.
The difference between `let` and `letI` is that `letI` inlines the value.
But this is not relevant for proofs because of proof irrelevance.

Note: This linter can be disabled with `set_option linter.style.haveILetI false`
warning: ASGinzburg/BicomplexTotalProjective.lean:21:2: Try this: 
  letI̵

The goal is a proposition, so `let` is preferred over `letI`.
The difference between `let` and `letI` is that `letI` inlines the value.
But this is not relevant for proofs because of proof irrelevance.

Note: This linter can be disabled with `set_option linter.style.haveILetI false`
warning: ASGinzburg/BicomplexTotalProjective.lean:25:13: `CategoryTheory.Limits.Sigma.ι_desc_assoc` has been deprecated: Use `CategoryTheory.Limits.Sigma.ι_comp_desc_assoc` instead
⚠ [4157/4782] Replayed ASGinzburg.AlgebraEnvelopingTensorTotal
warning: ASGinzburg/AlgebraEnvelopingTensorTotal.lean:15:17: Definition `ASGinzburg.tensorRightEnvelopingModule` of class type is semireducible. Most type class instances should be instance-reducible, so consider marking this
definition with `@[instance_reducible]`. If it is intentionally semireducible, this warning can be disabled with `set_option warn.classDefReducibility false`.
warning: ASGinzburg/AlgebraEnvelopingTensorTotal.lean:29:2: Try this: 
  letI̵

The goal is a proposition, so `let` is preferred over `letI`.
The difference between `let` and `letI` is that `letI` inlines the value.
But this is not relevant for proofs because of proof irrelevance.

Note: This linter can be disabled with `set_option linter.style.haveILetI false`
warning: ASGinzburg/AlgebraEnvelopingTensorTotal.lean:42:2: Try this: 
  letI̵

The goal is a proposition, so `let` is preferred over `letI`.
The difference between `let` and `letI` is that `letI` inlines the value.
But this is not relevant for proofs because of proof irrelevance.

Note: This linter can be disabled with `set_option linter.style.haveILetI false`
warning: ASGinzburg/AlgebraEnvelopingTensorTotal.lean:44:2: Try this: 
  letI̵

The goal is a proposition, so `let` is preferred over `letI`.
The difference between `let` and `letI` is that `letI` inlines the value.
But this is not relevant for proofs because of proof irrelevance.

Note: This linter can be disabled with `set_option linter.style.haveILetI false`
⚠ [4158/4782] Replayed ASGinzburg.TensorTotalFinite
warning: ASGinzburg/TensorTotalFinite.lean:24:2: Try this: 
  letI̵

The goal is a proposition, so `let` is preferred over `letI`.
The difference between `let` and `letI` is that `letI` inlines the value.
But this is not relevant for proofs because of proof irrelevance.

Note: This linter can be disabled with `set_option linter.style.haveILetI false`
warning: ASGinzburg/TensorTotalFinite.lean:51:17: Definition `ASGinzburg.tensorRightEnvelopingModule` of class type is semireducible. Most type class instances should be instance-reducible, so consider marking this
definition with `@[instance_reducible]`. If it is intentionally semireducible, this warning can be disabled with `set_option warn.classDefReducibility false`.
warning: ASGinzburg/TensorTotalFinite.lean:59:2: Try this: 
  letI̵

The goal is a proposition, so `let` is preferred over `letI`.
The difference between `let` and `letI` is that `letI` inlines the value.
But this is not relevant for proofs because of proof irrelevance.

Note: This linter can be disabled with `set_option linter.style.haveILetI false`
warning: ASGinzburg/TensorTotalFinite.lean:62:2: Try this: 
  letI̵

The goal is a proposition, so `let` is preferred over `letI`.
The difference between `let` and `letI` is that `letI` inlines the value.
But this is not relevant for proofs because of proof irrelevance.

Note: This linter can be disabled with `set_option linter.style.haveILetI false`
⚠ [4160/4782] Replayed ASGinzburg.BifunctorTotalSingleLeft
warning: ASGinzburg/BifunctorTotalSingleLeft.lean:36:2: `CategoryTheory.Limits.mkCofanColimit` has been deprecated: Use `CategoryTheory.Limits.Cofan.IsColimit.mk` instead

Note: The updated constant is in a different namespace. Dot notation may need to be changed (e.g., from `x.mkCofanColimit` to `Cofan.IsColimit.mk x`).
⚠ [4163/4782] Replayed ASGinzburg.BicomplexTotalFunctor
warning: ASGinzburg/BicomplexTotalFunctor.lean:46:2: Try this: 
  letI̵

The goal is a proposition, so `let` is preferred over `letI`.
The difference between `let` and `letI` is that `letI` inlines the value.
But this is not relevant for proofs because of proof irrelevance.

Note: This linter can be disabled with `set_option linter.style.haveILetI false`
⚠ [4165/4782] Replayed ASGinzburg.AlgebraEnvelopingTensorTotalRestrictionMaps
warning: ASGinzburg/AlgebraEnvelopingTensorTotalRestrictionMaps.lean:28:2: Try this: 
  letI̵

The goal is a proposition, so `let` is preferred over `letI`.
The difference between `let` and `letI` is that `letI` inlines the value.
But this is not relevant for proofs because of proof irrelevance.

Note: This linter can be disabled with `set_option linter.style.haveILetI false`
⚠ [4170/4782] Replayed ASGinzburg.BifunctorTotalResolutionLeft
warning: ASGinzburg/BifunctorTotalResolutionLeft.lean:29:2: Try this: 
  letI̵

The goal is a proposition, so `let` is preferred over `letI`.
The difference between `let` and `letI` is that `letI` inlines the value.
But this is not relevant for proofs because of proof irrelevance.

Note: This linter can be disabled with `set_option linter.style.haveILetI false`
⚠ [4174/4782] Replayed ASGinzburg.AlgebraEnvelopingTensorAugmentationRestriction
warning: ASGinzburg/AlgebraEnvelopingTensorAugmentationRestriction.lean:31:2: Try this: 
  letI̵

The goal is a proposition, so `let` is preferred over `letI`.
The difference between `let` and `letI` is that `letI` inlines the value.
But this is not relevant for proofs because of proof irrelevance.

Note: This linter can be disabled with `set_option linter.style.haveILetI false`
warning: ASGinzburg/AlgebraEnvelopingTensorAugmentationRestriction.lean:33:2: Try this: 
  letI̵

The goal is a proposition, so `let` is preferred over `letI`.
The difference between `let` and `letI` is that `letI` inlines the value.
But this is not relevant for proofs because of proof irrelevance.

Note: This linter can be disabled with `set_option linter.style.haveILetI false`
warning: ASGinzburg/AlgebraEnvelopingTensorAugmentationRestriction.lean:40:2: Try this: 
  letI̵

The goal is a proposition, so `let` is preferred over `letI`.
The difference between `let` and `letI` is that `letI` inlines the value.
But this is not relevant for proofs because of proof irrelevance.

Note: This linter can be disabled with `set_option linter.style.haveILetI false`
⚠ [4175/4782] Replayed ASGinzburg.AlgebraEnvelopingTensorResolution
warning: ASGinzburg/AlgebraEnvelopingTensorResolution.lean:20:4: Try this: 
  letI̵

The goal is a proposition, so `let` is preferred over `letI`.
The difference between `let` and `letI` is that `letI` inlines the value.
But this is not relevant for proofs because of proof irrelevance.

Note: This linter can be disabled with `set_option linter.style.haveILetI false`
warning: ASGinzburg/AlgebraEnvelopingTensorResolution.lean:21:4: Try this: 
  letI̵

The goal is a proposition, so `let` is preferred over `letI`.
The difference between `let` and `letI` is that `letI` inlines the value.
But this is not relevant for proofs because of proof irrelevance.

Note: This linter can be disabled with `set_option linter.style.haveILetI false`
warning: ASGinzburg/AlgebraEnvelopingTensorResolution.lean:17:2: Try this: 
  letI̵

The goal is a proposition, so `let` is preferred over `letI`.
The difference between `let` and `letI` is that `letI` inlines the value.
But this is not relevant for proofs because of proof irrelevance.

Note: This linter can be disabled with `set_option linter.style.haveILetI false`
warning: ASGinzburg/AlgebraEnvelopingTensorResolution.lean:34:2: Try this: 
  letI̵

The goal is a proposition, so `let` is preferred over `letI`.
The difference between `let` and `letI` is that `letI` inlines the value.
But this is not relevant for proofs because of proof irrelevance.

Note: This linter can be disabled with `set_option linter.style.haveILetI false`
warning: ASGinzburg/AlgebraEnvelopingTensorResolution.lean:45:6: Try this: 
  letI̵

The goal is a proposition, so `let` is preferred over `letI`.
The difference between `let` and `letI` is that `letI` inlines the value.
But this is not relevant for proofs because of proof irrelevance.

Note: This linter can be disabled with `set_option linter.style.haveILetI false`
warning: ASGinzburg/AlgebraEnvelopingTensorResolution.lean:35:2: Try this: 
  letI̵

The goal is a proposition, so `let` is preferred over `letI`.
The difference between `let` and `letI` is that `letI` inlines the value.
But this is not relevant for proofs because of proof irrelevance.

Note: This linter can be disabled with `set_option linter.style.haveILetI false`
warning: ASGinzburg/AlgebraEnvelopingTensorResolution.lean:59:6: Try this: 
  letI̵

The goal is a proposition, so `let` is preferred over `letI`.
The difference between `let` and `letI` is that `letI` inlines the value.
But this is not relevant for proofs because of proof irrelevance.

Note: This linter can be disabled with `set_option linter.style.haveILetI false`
warning: ASGinzburg/AlgebraEnvelopingTensorResolution.lean:58:4: Try this: 
  letI̵

The goal is a proposition, so `let` is preferred over `letI`.
The difference between `let` and `letI` is that `letI` inlines the value.
But this is not relevant for proofs because of proof irrelevance.

Note: This linter can be disabled with `set_option linter.style.haveILetI false`
warning: ASGinzburg/AlgebraEnvelopingTensorResolution.lean:62:6: Try this: 
  letI̵

The goal is a proposition, so `let` is preferred over `letI`.
The difference between `let` and `letI` is that `letI` inlines the value.
But this is not relevant for proofs because of proof irrelevance.

Note: This linter can be disabled with `set_option linter.style.haveILetI false`
warning: ASGinzburg/AlgebraEnvelopingTensorResolution.lean:61:4: Try this: 
  letI̵

The goal is a proposition, so `let` is preferred over `letI`.
The difference between `let` and `letI` is that `letI` inlines the value.
But this is not relevant for proofs because of proof irrelevance.

Note: This linter can be disabled with `set_option linter.style.haveILetI false`
⚠ [4179/4782] Replayed ASGinzburg.BicomplexTotalCoordinates
warning: ASGinzburg/BicomplexTotalCoordinates.lean:60:2: `push_neg` has been deprecated. Prefer using `push Not` instead.
If you'd rather continue using `push_neg` in your project, you can implement it as follows:
```
open Lean.Parser.Tactic in
macro "push_neg" cfg:optConfig loc:(location)? : tactic =>
  `(tactic| push $cfg:optConfig Not $[$loc]?)
```
warning: ASGinzburg/BicomplexTotalCoordinates.lean:81:4: `push_neg` has been deprecated. Prefer using `push Not` instead.
If you'd rather continue using `push_neg` in your project, you can implement it as follows:
```
open Lean.Parser.Tactic in
macro "push_neg" cfg:optConfig loc:(location)? : tactic =>
  `(tactic| push $cfg:optConfig Not $[$loc]?)
```
⚠ [4182/4782] Replayed ASGinzburg.BicomplexTotalShortExact
warning: ASGinzburg/BicomplexTotalShortExact.lean:119:4: Try this: 
  haveI̵

The goal is a proposition, so `have` is preferred over `haveI`.
The difference between `have` and `haveI` is that `haveI` inlines the value.
But this is not relevant for proofs because of proof irrelevance.

Note: This linter can be disabled with `set_option linter.style.haveILetI false`
warning: ASGinzburg/BicomplexTotalShortExact.lean:120:4: Try this: 
  haveI̵

The goal is a proposition, so `have` is preferred over `haveI`.
The difference between `have` and `haveI` is that `haveI` inlines the value.
But this is not relevant for proofs because of proof irrelevance.

Note: This linter can be disabled with `set_option linter.style.haveILetI false`
warning: ASGinzburg/BicomplexTotalShortExact.lean:128:4: Try this: 
  haveI̵

The goal is a proposition, so `have` is preferred over `haveI`.
The difference between `have` and `haveI` is that `haveI` inlines the value.
But this is not relevant for proofs because of proof irrelevance.

Note: This linter can be disabled with `set_option linter.style.haveILetI false`
warning: ASGinzburg/BicomplexTotalShortExact.lean:129:4: Try this: 
  haveI̵

The goal is a proposition, so `have` is preferred over `haveI`.
The difference between `have` and `haveI` is that `haveI` inlines the value.
But this is not relevant for proofs because of proof irrelevance.

Note: This linter can be disabled with `set_option linter.style.haveILetI false`
warning: ASGinzburg/BicomplexTotalShortExact.lean:132:4: Try this: 
  haveI̵

The goal is a proposition, so `have` is preferred over `haveI`.
The difference between `have` and `haveI` is that `haveI` inlines the value.
But this is not relevant for proofs because of proof irrelevance.

Note: This linter can be disabled with `set_option linter.style.haveILetI false`
warning: ASGinzburg/BicomplexTotalShortExact.lean:133:4: Try this: 
  haveI̵

The goal is a proposition, so `have` is preferred over `haveI`.
The difference between `have` and `haveI` is that `haveI` inlines the value.
But this is not relevant for proofs because of proof irrelevance.

Note: This linter can be disabled with `set_option linter.style.haveILetI false`
warning: ASGinzburg/BicomplexTotalShortExact.lean:141:4: Try this: 
  haveI̵

The goal is a proposition, so `have` is preferred over `haveI`.
The difference between `have` and `haveI` is that `haveI` inlines the value.
But this is not relevant for proofs because of proof irrelevance.

Note: This linter can be disabled with `set_option linter.style.haveILetI false`
warning: ASGinzburg/BicomplexTotalShortExact.lean:142:4: Try this: 
  haveI̵

The goal is a proposition, so `have` is preferred over `haveI`.
The difference between `have` and `haveI` is that `haveI` inlines the value.
But this is not relevant for proofs because of proof irrelevance.

Note: This linter can be disabled with `set_option linter.style.haveILetI false`
⚠ [4183/4782] Replayed ASGinzburg.BicomplexTotalRowQuasiIso
warning: ASGinzburg/BicomplexTotalRowQuasiIso.lean:19:2: Try this: 
  haveI̵

The goal is a proposition, so `have` is preferred over `haveI`.
The difference between `have` and `haveI` is that `haveI` inlines the value.
But this is not relevant for proofs because of proof irrelevance.

Note: This linter can be disabled with `set_option linter.style.haveILetI false`
warning: ASGinzburg/BicomplexTotalRowQuasiIso.lean:20:2: Try this: 
  haveI̵

The goal is a proposition, so `have` is preferred over `haveI`.
The difference between `have` and `haveI` is that `haveI` inlines the value.
But this is not relevant for proofs because of proof irrelevance.

Note: This linter can be disabled with `set_option linter.style.haveILetI false`
warning: ASGinzburg/BicomplexTotalRowQuasiIso.lean:38:2: Try this: 
  haveI̵

The goal is a proposition, so `have` is preferred over `haveI`.
The difference between `have` and `haveI` is that `haveI` inlines the value.
But this is not relevant for proofs because of proof irrelevance.

Note: This linter can be disabled with `set_option linter.style.haveILetI false`
⚠ [4184/4782] Replayed ASGinzburg.BifunctorTotalSingleRight
warning: ASGinzburg/BifunctorTotalSingleRight.lean:37:2: `CategoryTheory.Limits.mkCofanColimit` has been deprecated: Use `CategoryTheory.Limits.Cofan.IsColimit.mk` instead

Note: The updated constant is in a different namespace. Dot notation may need to be changed (e.g., from `x.mkCofanColimit` to `Cofan.IsColimit.mk x`).
⚠ [4186/4782] Replayed ASGinzburg.GradedLinearMapKernel
warning: ASGinzburg/GradedLinearMapKernel.lean:50:0: Definition `ASGinzburg.homogeneousLinearMapKernelDecomposition` of class type is semireducible. Most type class instances should be instance-reducible, so consider marking this
definition with `@[instance_reducible]`. If it is intentionally semireducible, this warning can be disabled with `set_option warn.classDefReducibility false`.
warning: ASGinzburg/GradedLinearMapKernel.lean:58:0: Definition `ASGinzburg.ordinaryHomogeneousKernelDecomposition` of class type is semireducible. Most type class instances should be instance-reducible, so consider marking this
definition with `@[instance_reducible]`. If it is intentionally semireducible, this warning can be disabled with `set_option warn.classDefReducibility false`.
⚠ [4187/4782] Replayed ASGinzburg.OrthogonalIdempotentGradedBasis
warning: ASGinzburg/OrthogonalIdempotentGradedBasis.lean:18:0: Definition `idempotentFixedSpaceIsInternal` is a proposition; use `theorem` instead of `def`

Note: This linter can be disabled with `set_option linter.defProp false`
warning: ASGinzburg/OrthogonalIdempotentGradedBasis.lean:66:0: Definition `ASGinzburg.idempotentFixedSpaceGradeDecomposition` of class type is semireducible. Most type class instances should be instance-reducible, so consider marking this
definition with `@[instance_reducible]`. If it is intentionally semireducible, this warning can be disabled with `set_option warn.classDefReducibility false`.
warning: ASGinzburg/OrthogonalIdempotentGradedBasis.lean:104:2: Try this: 
  letI̵

The goal is a proposition, so `let` is preferred over `letI`.
The difference between `let` and `letI` is that `letI` inlines the value.
But this is not relevant for proofs because of proof irrelevance.

Note: This linter can be disabled with `set_option linter.style.haveILetI false`
⚠ [4188/4782] Replayed ASGinzburg.HomogeneousOrdinaryQuotientDecomposition
warning: ASGinzburg/HomogeneousOrdinaryQuotientDecomposition.lean:26:0: Definition `ASGinzburg.homogeneousOrdinaryQuotientDecomposition` of class type is semireducible. Most type class instances should be instance-reducible, so consider marking this
definition with `@[instance_reducible]`. If it is intentionally semireducible, this warning can be disabled with `set_option warn.classDefReducibility false`.
⚠ [4189/4782] Replayed ASGinzburg.HomogeneousIdempotentQuotientBasisLifts
warning: ASGinzburg/HomogeneousIdempotentQuotientBasisLifts.lean:30:2: Try this: 
  letI̵

The goal is a proposition, so `let` is preferred over `letI`.
The difference between `let` and `letI` is that `letI` inlines the value.
But this is not relevant for proofs because of proof irrelevance.

Note: This linter can be disabled with `set_option linter.style.haveILetI false`
⚠ [4191/4782] Replayed ASGinzburg.DirectSumGrading
warning: ASGinzburg/DirectSumGrading.lean:47:0: Definition `ASGinzburg.directSumGradeDecomposition` of class type is semireducible. Most type class instances should be instance-reducible, so consider marking this
definition with `@[instance_reducible]`. If it is intentionally semireducible, this warning can be disabled with `set_option warn.classDefReducibility false`.
⚠ [4192/4782] Replayed ASGinzburg.GradedLinearMapRange
warning: ASGinzburg/GradedLinearMapRange.lean:23:0: Definition `ASGinzburg.homogeneousLinearMapRangeDecomposition` of class type is semireducible. Most type class instances should be instance-reducible, so consider marking this
definition with `@[instance_reducible]`. If it is intentionally semireducible, this warning can be disabled with `set_option warn.classDefReducibility false`.
warning: ASGinzburg/GradedLinearMapRange.lean:31:0: Definition `ASGinzburg.ordinaryHomogeneousRangeDecomposition` of class type is semireducible. Most type class instances should be instance-reducible, so consider marking this
definition with `@[instance_reducible]`. If it is intentionally semireducible, this warning can be disabled with `set_option warn.classDefReducibility false`.
⚠ [4200/4782] Replayed ASGinzburg.GradedNilpotentActionSpanHomogeneity
warning: ASGinzburg/GradedNilpotentActionSpanHomogeneity.lean:74:2: Try this: 
  letI̵

The goal is a proposition, so `let` is preferred over `letI`.
The difference between `let` and `letI` is that `letI` inlines the value.
But this is not relevant for proofs because of proof irrelevance.

Note: This linter can be disabled with `set_option linter.style.haveILetI false`
⚠ [4202/4782] Replayed ASGinzburg.GradedNilpotentNakayamaLinearGrading
warning: ASGinzburg/GradedNilpotentNakayamaLinearGrading.lean:26:2: Try this: 
  letI̵

The goal is a proposition, so `let` is preferred over `letI`.
The difference between `let` and `letI` is that `letI` inlines the value.
But this is not relevant for proofs because of proof irrelevance.

Note: This linter can be disabled with `set_option linter.style.haveILetI false`
⚠ [4203/4782] Replayed ASGinzburg.GradedNilpotentCoverSurjectivity
warning: ASGinzburg/GradedNilpotentCoverSurjectivity.lean:32:2: Try this: 
  letI̵

The goal is a proposition, so `let` is preferred over `letI`.
The difference between `let` and `letI` is that `letI` inlines the value.
But this is not relevant for proofs because of proof irrelevance.

Note: This linter can be disabled with `set_option linter.style.haveILetI false`
warning: ASGinzburg/GradedNilpotentCoverSurjectivity.lean:52:2: Try this: 
  letI̵

The goal is a proposition, so `let` is preferred over `letI`.
The difference between `let` and `letI` is that `letI` inlines the value.
But this is not relevant for proofs because of proof irrelevance.

Note: This linter can be disabled with `set_option linter.style.haveILetI false`
⚠ [4208/4782] Replayed ASGinzburg.AlgebraEnvelopingNilpotentKernel
warning: ASGinzburg/AlgebraEnvelopingNilpotentKernel.lean:57:2: Try this: 
  letI̵

The goal is a proposition, so `let` is preferred over `letI`.
The difference between `let` and `letI` is that `letI` inlines the value.
But this is not relevant for proofs because of proof irrelevance.

Note: This linter can be disabled with `set_option linter.style.haveILetI false`
warning: ASGinzburg/AlgebraEnvelopingNilpotentKernel.lean:61:2: Try this: 
  letI̵

The goal is a proposition, so `let` is preferred over `letI`.
The difference between `let` and `letI` is that `letI` inlines the value.
But this is not relevant for proofs because of proof irrelevance.

Note: This linter can be disabled with `set_option linter.style.haveILetI false`
⚠ [4209/4782] Replayed ASGinzburg.GradedOrdinaryKernelData
warning: ASGinzburg/GradedOrdinaryKernelData.lean:32:0: Definition `ASGinzburg.GradedOrdinaryModuleData.kernelGradeDecomposition` of class type is semireducible. Most type class instances should be instance-reducible, so consider marking this
definition with `@[instance_reducible]`. If it is intentionally semireducible, this warning can be disabled with `set_option warn.classDefReducibility false`.
warning: ASGinzburg/GradedOrdinaryKernelData.lean:51:4: Try this: 
  letI̵

The goal is a proposition, so `let` is preferred over `letI`.
The difference between `let` and `letI` is that `letI` inlines the value.
But this is not relevant for proofs because of proof irrelevance.

Note: This linter can be disabled with `set_option linter.style.haveILetI false`
⚠ [4214/4782] Replayed ASGinzburg.AlgebraEnvelopingQuotientTensorRightModule
warning: ASGinzburg/AlgebraEnvelopingQuotientTensorRightModule.lean:18:0: Definition `ASGinzburg.quotientEnvelopingRightTargetModule` of class type is semireducible. Most type class instances should be instance-reducible, so consider marking this
definition with `@[instance_reducible]`. If it is intentionally semireducible, this warning can be disabled with `set_option warn.classDefReducibility false`.
warning: ASGinzburg/AlgebraEnvelopingQuotientTensorRightModule.lean:23:17: Definition `ASGinzburg.quotientEnvelopingRightTargetModule` of class type is semireducible. Most type class instances should be instance-reducible, so consider marking this
definition with `@[instance_reducible]`. If it is intentionally semireducible, this warning can be disabled with `set_option warn.classDefReducibility false`.
warning: ASGinzburg/AlgebraEnvelopingQuotientTensorRightModule.lean:29:0: Definition `ASGinzburg.idealQuotientRightScalarTower` of class type is semireducible. Most type class instances should be instance-reducible, so consider marking this
definition with `@[instance_reducible]`. If it is intentionally semireducible, this warning can be disabled with `set_option warn.classDefReducibility false`.
warning: ASGinzburg/AlgebraEnvelopingQuotientTensorRightModule.lean:29:0: Definition `idealQuotientRightScalarTower` is a proposition; use `theorem` instead of `def`

Note: This linter can be disabled with `set_option linter.defProp false`
warning: ASGinzburg/AlgebraEnvelopingQuotientTensorRightModule.lean:35:17: Definition `ASGinzburg.idealQuotientRightScalarTower` of class type is semireducible. Most type class instances should be instance-reducible, so consider marking this
definition with `@[instance_reducible]`. If it is intentionally semireducible, this warning can be disabled with `set_option warn.classDefReducibility false`.
warning: ASGinzburg/AlgebraEnvelopingQuotientTensorRightModule.lean:63:4: This simp argument is unused:
  LinearEquiv.trans_apply

Hint: Omit it from the simp argument list.
  [apply] simp only [quotientTensorRightTmul, quotientTensorRightCanonicalFieldEquiv]

Note: This linter can be disabled with `set_option linter.unusedSimpArgs false`
warning: ASGinzburg/AlgebraEnvelopingQuotientTensorRightModule.lean:80:4: Try this: 
  letI̵

The goal is a proposition, so `let` is preferred over `letI`.
The difference between `let` and `letI` is that `letI` inlines the value.
But this is not relevant for proofs because of proof irrelevance.

Note: This linter can be disabled with `set_option linter.style.haveILetI false`
⚠ [4216/4782] Replayed ASGinzburg.BalancedTensorEnvelopingFunctorComparison
warning: ASGinzburg/BalancedTensorEnvelopingFunctorComparison.lean:19:17: Definition `ASGinzburg.tensorRightEnvelopingModule` of class type is semireducible. Most type class instances should be instance-reducible, so consider marking this
definition with `@[instance_reducible]`. If it is intentionally semireducible, this warning can be disabled with `set_option warn.classDefReducibility false`.
warning: ASGinzburg/BalancedTensorEnvelopingFunctorComparison.lean:19:17: Definition `ASGinzburg.tensorRightEnvelopingScalarTower` of class type is semireducible. Most type class instances should be instance-reducible, so consider marking this
definition with `@[instance_reducible]`. If it is intentionally semireducible, this warning can be disabled with `set_option warn.classDefReducibility false`.
warning: ASGinzburg/BalancedTensorEnvelopingFunctorComparison.lean:19:17: Definition `ASGinzburg.regularEnvelopingModule` of class type is semireducible. Most type class instances should be instance-reducible, so consider marking this
definition with `@[instance_reducible]`. If it is intentionally semireducible, this warning can be disabled with `set_option warn.classDefReducibility false`.
warning: ASGinzburg/BalancedTensorEnvelopingFunctorComparison.lean:19:17: Definition `ASGinzburg.regularEnvelopingScalarTower` of class type is semireducible. Most type class instances should be instance-reducible, so consider marking this
definition with `@[instance_reducible]`. If it is intentionally semireducible, this warning can be disabled with `set_option warn.classDefReducibility false`.
⚠ [4218/4782] Replayed ASGinzburg.BalancedTensorEnvelopingScalarNaturality
warning: ASGinzburg/BalancedTensorEnvelopingScalarNaturality.lean:14:17: Definition `ASGinzburg.tensorRightEnvelopingModule` of class type is semireducible. Most type class instances should be instance-reducible, so consider marking this
definition with `@[instance_reducible]`. If it is intentionally semireducible, this warning can be disabled with `set_option warn.classDefReducibility false`.
warning: ASGinzburg/BalancedTensorEnvelopingScalarNaturality.lean:14:17: Definition `ASGinzburg.tensorRightEnvelopingScalarTower` of class type is semireducible. Most type class instances should be instance-reducible, so consider marking this
definition with `@[instance_reducible]`. If it is intentionally semireducible, this warning can be disabled with `set_option warn.classDefReducibility false`.
warning: ASGinzburg/BalancedTensorEnvelopingScalarNaturality.lean:14:17: Definition `ASGinzburg.regularEnvelopingModule` of class type is semireducible. Most type class instances should be instance-reducible, so consider marking this
definition with `@[instance_reducible]`. If it is intentionally semireducible, this warning can be disabled with `set_option warn.classDefReducibility false`.
warning: ASGinzburg/BalancedTensorEnvelopingScalarNaturality.lean:14:17: Definition `ASGinzburg.regularEnvelopingScalarTower` of class type is semireducible. Most type class instances should be instance-reducible, so consider marking this
definition with `@[instance_reducible]`. If it is intentionally semireducible, this warning can be disabled with `set_option warn.classDefReducibility false`.
⚠ [4219/4782] Replayed ASGinzburg.BalancedTensorEnvelopingFunctorNaturality
warning: ASGinzburg/BalancedTensorEnvelopingFunctorNaturality.lean:13:17: Definition `ASGinzburg.tensorRightEnvelopingModule` of class type is semireducible. Most type class instances should be instance-reducible, so consider marking this
definition with `@[instance_reducible]`. If it is intentionally semireducible, this warning can be disabled with `set_option warn.classDefReducibility false`.
warning: ASGinzburg/BalancedTensorEnvelopingFunctorNaturality.lean:13:17: Definition `ASGinzburg.tensorRightEnvelopingScalarTower` of class type is semireducible. Most type class instances should be instance-reducible, so consider marking this
definition with `@[instance_reducible]`. If it is intentionally semireducible, this warning can be disabled with `set_option warn.classDefReducibility false`.
warning: ASGinzburg/BalancedTensorEnvelopingFunctorNaturality.lean:13:17: Definition `ASGinzburg.regularEnvelopingModule` of class type is semireducible. Most type class instances should be instance-reducible, so consider marking this
definition with `@[instance_reducible]`. If it is intentionally semireducible, this warning can be disabled with `set_option warn.classDefReducibility false`.
warning: ASGinzburg/BalancedTensorEnvelopingFunctorNaturality.lean:13:17: Definition `ASGinzburg.regularEnvelopingScalarTower` of class type is semireducible. Most type class instances should be instance-reducible, so consider marking this
definition with `@[instance_reducible]`. If it is intentionally semireducible, this warning can be disabled with `set_option warn.classDefReducibility false`.
⚠ [4220/4782] Replayed ASGinzburg.BalancedTensorEnvelopingBicomplexComparison
warning: ASGinzburg/BalancedTensorEnvelopingBicomplexComparison.lean:17:17: Definition `ASGinzburg.regularEnvelopingModule` of class type is semireducible. Most type class instances should be instance-reducible, so consider marking this
definition with `@[instance_reducible]`. If it is intentionally semireducible, this warning can be disabled with `set_option warn.classDefReducibility false`.
warning: ASGinzburg/BalancedTensorEnvelopingBicomplexComparison.lean:17:17: Definition `ASGinzburg.regularEnvelopingScalarTower` of class type is semireducible. Most type class instances should be instance-reducible, so consider marking this
definition with `@[instance_reducible]`. If it is intentionally semireducible, this warning can be disabled with `set_option warn.classDefReducibility false`.
⚠ [4221/4782] Replayed ASGinzburg.BalancedTensorEnvelopingTotalComparison
warning: ASGinzburg/BalancedTensorEnvelopingTotalComparison.lean:19:17: Definition `ASGinzburg.regularEnvelopingModule` of class type is semireducible. Most type class instances should be instance-reducible, so consider marking this
definition with `@[instance_reducible]`. If it is intentionally semireducible, this warning can be disabled with `set_option warn.classDefReducibility false`.
warning: ASGinzburg/BalancedTensorEnvelopingTotalComparison.lean:19:17: Definition `ASGinzburg.regularEnvelopingScalarTower` of class type is semireducible. Most type class instances should be instance-reducible, so consider marking this
definition with `@[instance_reducible]`. If it is intentionally semireducible, this warning can be disabled with `set_option warn.classDefReducibility false`.
⚠ [4223/4782] Replayed ASGinzburg.BifunctorTotalRightResolutionAugmentation
warning: ASGinzburg/BifunctorTotalRightResolutionAugmentation.lean:39:2: Try this: 
  haveI̵

The goal is a proposition, so `have` is preferred over `haveI`.
The difference between `have` and `haveI` is that `haveI` inlines the value.
But this is not relevant for proofs because of proof irrelevance.

Note: This linter can be disabled with `set_option linter.style.haveILetI false`
⚠ [4224/4782] Replayed ASGinzburg.BalancedTensorDoubleResolutionTor
warning: ASGinzburg/BalancedTensorDoubleResolutionTor.lean:20:2: Try this: 
  letI̵

The goal is a proposition, so `let` is preferred over `letI`.
The difference between `let` and `letI` is that `letI` inlines the value.
But this is not relevant for proofs because of proof irrelevance.

Note: This linter can be disabled with `set_option linter.style.haveILetI false`
warning: ASGinzburg/BalancedTensorDoubleResolutionTor.lean:21:2: Try this: 
  letI̵

The goal is a proposition, so `let` is preferred over `letI`.
The difference between `let` and `letI` is that `letI` inlines the value.
But this is not relevant for proofs because of proof irrelevance.

Note: This linter can be disabled with `set_option linter.style.haveILetI false`
warning: ASGinzburg/BalancedTensorDoubleResolutionTor.lean:40:2: Try this: 
  letI̵

The goal is a proposition, so `let` is preferred over `letI`.
The difference between `let` and `letI` is that `letI` inlines the value.
But this is not relevant for proofs because of proof irrelevance.

Note: This linter can be disabled with `set_option linter.style.haveILetI false`
warning: ASGinzburg/BalancedTensorDoubleResolutionTor.lean:43:2: Try this: 
  letI̵

The goal is a proposition, so `let` is preferred over `letI`.
The difference between `let` and `letI` is that `letI` inlines the value.
But this is not relevant for proofs because of proof irrelevance.

Note: This linter can be disabled with `set_option linter.style.haveILetI false`
⚠ [4225/4782] Replayed ASGinzburg.BalancedTensorEnvelopingTorComparison
warning: ASGinzburg/BalancedTensorEnvelopingTorComparison.lean:18:17: Definition `ASGinzburg.regularEnvelopingModule` of class type is semireducible. Most type class instances should be instance-reducible, so consider marking this
definition with `@[instance_reducible]`. If it is intentionally semireducible, this warning can be disabled with `set_option warn.classDefReducibility false`.
warning: ASGinzburg/BalancedTensorEnvelopingTorComparison.lean:18:17: Definition `ASGinzburg.regularEnvelopingScalarTower` of class type is semireducible. Most type class instances should be instance-reducible, so consider marking this
definition with `@[instance_reducible]`. If it is intentionally semireducible, this warning can be disabled with `set_option warn.classDefReducibility false`.
⚠ [4227/4782] Replayed ASGinzburg.BalancedTensorDoubleResolutionRightTor
warning: ASGinzburg/BalancedTensorDoubleResolutionRightTor.lean:32:2: Try this: 
  letI̵

The goal is a proposition, so `let` is preferred over `letI`.
The difference between `let` and `letI` is that `letI` inlines the value.
But this is not relevant for proofs because of proof irrelevance.

Note: This linter can be disabled with `set_option linter.style.haveILetI false`
warning: ASGinzburg/BalancedTensorDoubleResolutionRightTor.lean:33:2: Try this: 
  letI̵

The goal is a proposition, so `let` is preferred over `letI`.
The difference between `let` and `letI` is that `letI` inlines the value.
But this is not relevant for proofs because of proof irrelevance.

Note: This linter can be disabled with `set_option linter.style.haveILetI false`
warning: ASGinzburg/BalancedTensorDoubleResolutionRightTor.lean:55:2: Try this: 
  letI̵

The goal is a proposition, so `let` is preferred over `letI`.
The difference between `let` and `letI` is that `letI` inlines the value.
But this is not relevant for proofs because of proof irrelevance.

Note: This linter can be disabled with `set_option linter.style.haveILetI false`
warning: ASGinzburg/BalancedTensorDoubleResolutionRightTor.lean:58:2: Try this: 
  letI̵

The goal is a proposition, so `let` is preferred over `letI`.
The difference between `let` and `letI` is that `letI` inlines the value.
But this is not relevant for proofs because of proof irrelevance.

Note: This linter can be disabled with `set_option linter.style.haveILetI false`
warning: ASGinzburg/BalancedTensorDoubleResolutionRightTor.lean:61:2: Try this: 
  letI̵

The goal is a proposition, so `let` is preferred over `letI`.
The difference between `let` and `letI` is that `letI` inlines the value.
But this is not relevant for proofs because of proof irrelevance.

Note: This linter can be disabled with `set_option linter.style.haveILetI false`
warning: ASGinzburg/BalancedTensorDoubleResolutionRightTor.lean:65:2: Try this: 
  letI̵

The goal is a proposition, so `let` is preferred over `letI`.
The difference between `let` and `letI` is that `letI` inlines the value.
But this is not relevant for proofs because of proof irrelevance.

Note: This linter can be disabled with `set_option linter.style.haveILetI false`
⚠ [4228/4782] Replayed ASGinzburg.BalancedTensorTorLeftFinite
warning: ASGinzburg/BalancedTensorTorLeftFinite.lean:16:2: Try this: 
  haveI̵

The goal is a proposition, so `have` is preferred over `haveI`.
The difference between `have` and `haveI` is that `haveI` inlines the value.
But this is not relevant for proofs because of proof irrelevance.

Note: This linter can be disabled with `set_option linter.style.haveILetI false`
warning: ASGinzburg/BalancedTensorTorLeftFinite.lean:32:2: Try this: 
  haveI̵

The goal is a proposition, so `have` is preferred over `haveI`.
The difference between `have` and `haveI` is that `haveI` inlines the value.
But this is not relevant for proofs because of proof irrelevance.

Note: This linter can be disabled with `set_option linter.style.haveILetI false`
warning: ASGinzburg/BalancedTensorTorLeftFinite.lean:34:2: Try this: 
  haveI̵

The goal is a proposition, so `have` is preferred over `haveI`.
The difference between `have` and `haveI` is that `haveI` inlines the value.
But this is not relevant for proofs because of proof irrelevance.

Note: This linter can be disabled with `set_option linter.style.haveILetI false`
warning: ASGinzburg/BalancedTensorTorLeftFinite.lean:37:2: Try this: 
  haveI̵

The goal is a proposition, so `have` is preferred over `haveI`.
The difference between `have` and `haveI` is that `haveI` inlines the value.
But this is not relevant for proofs because of proof irrelevance.

Note: This linter can be disabled with `set_option linter.style.haveILetI false`
warning: ASGinzburg/BalancedTensorTorLeftFinite.lean:39:2: Try this: 
  haveI̵

The goal is a proposition, so `have` is preferred over `haveI`.
The difference between `have` and `haveI` is that `haveI` inlines the value.
But this is not relevant for proofs because of proof irrelevance.

Note: This linter can be disabled with `set_option linter.style.haveILetI false`
⚠ [4229/4782] Replayed ASGinzburg.BalancedTensorTorBalanceConsequences
warning: ASGinzburg/BalancedTensorTorBalanceConsequences.lean:28:2: Try this: 
  haveI̵

The goal is a proposition, so `have` is preferred over `haveI`.
The difference between `have` and `haveI` is that `haveI` inlines the value.
But this is not relevant for proofs because of proof irrelevance.

Note: This linter can be disabled with `set_option linter.style.haveILetI false`
⚠ [4231/4782] Replayed ASGinzburg.BalancedTensorEnvelopingSecondTorComparison
warning: ASGinzburg/BalancedTensorEnvelopingSecondTorComparison.lean:16:17: Definition `ASGinzburg.regularEnvelopingModule` of class type is semireducible. Most type class instances should be instance-reducible, so consider marking this
definition with `@[instance_reducible]`. If it is intentionally semireducible, this warning can be disabled with `set_option warn.classDefReducibility false`.
warning: ASGinzburg/BalancedTensorEnvelopingSecondTorComparison.lean:16:17: Definition `ASGinzburg.regularEnvelopingScalarTower` of class type is semireducible. Most type class instances should be instance-reducible, so consider marking this
definition with `@[instance_reducible]`. If it is intentionally semireducible, this warning can be disabled with `set_option warn.classDefReducibility false`.
warning: ASGinzburg/BalancedTensorEnvelopingSecondTorComparison.lean:47:2: Try this: 
  haveI̵

The goal is a proposition, so `have` is preferred over `haveI`.
The difference between `have` and `haveI` is that `haveI` inlines the value.
But this is not relevant for proofs because of proof irrelevance.

Note: This linter can be disabled with `set_option linter.style.haveILetI false`
⚠ [4234/4782] Replayed ASGinzburg.IdealQuotientRightFieldComparison
warning: ASGinzburg/IdealQuotientRightFieldComparison.lean:14:17: Definition `ASGinzburg.idealQuotientRightScalarTower` of class type is semireducible. Most type class instances should be instance-reducible, so consider marking this
definition with `@[instance_reducible]`. If it is intentionally semireducible, this warning can be disabled with `set_option warn.classDefReducibility false`.
⚠ [4235/4782] Replayed ASGinzburg.BalancedTensorRightMinimalTop
warning: ASGinzburg/BalancedTensorRightMinimalTop.lean:49:2: Try this: 
  letI̵

The goal is a proposition, so `let` is preferred over `letI`.
The difference between `let` and `letI` is that `letI` inlines the value.
But this is not relevant for proofs because of proof irrelevance.

Note: This linter can be disabled with `set_option linter.style.haveILetI false`
⚠ [4238/4782] Replayed ASGinzburg.GradedNilpotentFiniteGeneration
warning: ASGinzburg/GradedNilpotentFiniteGeneration.lean:76:2: Try this: 
  letI̵

The goal is a proposition, so `let` is preferred over `letI`.
The difference between `let` and `letI` is that `letI` inlines the value.
But this is not relevant for proofs because of proof irrelevance.

Note: This linter can be disabled with `set_option linter.style.haveILetI false`
warning: ASGinzburg/GradedNilpotentFiniteGeneration.lean:98:2: Try this: 
  letI̵

The goal is a proposition, so `let` is preferred over `letI`.
The difference between `let` and `letI` is that `letI` inlines the value.
But this is not relevant for proofs because of proof irrelevance.

Note: This linter can be disabled with `set_option linter.style.haveILetI false`
⚠ [4241/4782] Replayed ASGinzburg.FiniteFourTermPerfectComplex
warning: ASGinzburg/FiniteFourTermPerfectComplex.lean:23:4: Try this: 
  haveI̵

The goal is a proposition, so `have` is preferred over `haveI`.
The difference between `have` and `haveI` is that `haveI` inlines the value.
But this is not relevant for proofs because of proof irrelevance.

Note: This linter can be disabled with `set_option linter.style.haveILetI false`
warning: ASGinzburg/FiniteFourTermPerfectComplex.lean:25:4: Try this: 
  haveI̵

The goal is a proposition, so `have` is preferred over `haveI`.
The difference between `have` and `haveI` is that `haveI` inlines the value.
But this is not relevant for proofs because of proof irrelevance.

Note: This linter can be disabled with `set_option linter.style.haveILetI false`
warning: ASGinzburg/FiniteFourTermPerfectComplex.lean:60:2: Try this: 
  haveI̵

The goal is a proposition, so `have` is preferred over `haveI`.
The difference between `have` and `haveI` is that `haveI` inlines the value.
But this is not relevant for proofs because of proof irrelevance.

Note: This linter can be disabled with `set_option linter.style.haveILetI false`
⚠ [4243/4782] Replayed ASGinzburg.OrdinaryPerfectDerivedObject
warning: ASGinzburg/OrdinaryPerfectDerivedObject.lean:35:2: Try this: 
  letI̵

The goal is a proposition, so `let` is preferred over `letI`.
The difference between `let` and `letI` is that `letI` inlines the value.
But this is not relevant for proofs because of proof irrelevance.

Note: This linter can be disabled with `set_option linter.style.haveILetI false`
⚠ [4244/4782] Replayed ASGinzburg.EnvelopingLeftModuleProjectiveDimension
warning: ASGinzburg/EnvelopingLeftModuleProjectiveDimension.lean:16:2: Try this: 
  haveI̵

The goal is a proposition, so `have` is preferred over `haveI`.
The difference between `have` and `haveI` is that `haveI` inlines the value.
But this is not relevant for proofs because of proof irrelevance.

Note: This linter can be disabled with `set_option linter.style.haveILetI false`
warning: ASGinzburg/EnvelopingLeftModuleProjectiveDimension.lean:31:2: Try this: 
  haveI̵

The goal is a proposition, so `have` is preferred over `haveI`.
The difference between `have` and `haveI` is that `haveI` inlines the value.
But this is not relevant for proofs because of proof irrelevance.

Note: This linter can be disabled with `set_option linter.style.haveILetI false`
⚠ [4245/4782] Replayed ASGinzburg.BalancedTensorTotalPositiveExactness
warning: ASGinzburg/BalancedTensorTotalPositiveExactness.lean:22:2: Try this: 
  letI̵

The goal is a proposition, so `let` is preferred over `letI`.
The difference between `let` and `letI` is that `letI` inlines the value.
But this is not relevant for proofs because of proof irrelevance.

Note: This linter can be disabled with `set_option linter.style.haveILetI false`
warning: ASGinzburg/BalancedTensorTotalPositiveExactness.lean:23:2: Try this: 
  letI̵

The goal is a proposition, so `let` is preferred over `letI`.
The difference between `let` and `letI` is that `letI` inlines the value.
But this is not relevant for proofs because of proof irrelevance.

Note: This linter can be disabled with `set_option linter.style.haveILetI false`
⚠ [4250/4782] Replayed ASGinzburg.GradedNilpotentMinimalTorDetection
warning: ASGinzburg/GradedNilpotentMinimalTorDetection.lean:37:2: Try this: 
  letI̵

The goal is a proposition, so `let` is preferred over `letI`.
The difference between `let` and `letI` is that `letI` inlines the value.
But this is not relevant for proofs because of proof irrelevance.

Note: This linter can be disabled with `set_option linter.style.haveILetI false`
⚠ [4257/4782] Replayed ASGinzburg.OrdinaryModuleRingDualDerived
warning: ASGinzburg/OrdinaryModuleRingDualDerived.lean:36:4: Try this: 
  letI̵

The goal is a proposition, so `let` is preferred over `letI`.
The difference between `let` and `letI` is that `letI` inlines the value.
But this is not relevant for proofs because of proof irrelevance.

Note: This linter can be disabled with `set_option linter.style.haveILetI false`
warning: ASGinzburg/OrdinaryModuleRingDualDerived.lean:41:4: Try this: 
  haveI̵

The goal is a proposition, so `have` is preferred over `haveI`.
The difference between `have` and `haveI` is that `haveI` inlines the value.
But this is not relevant for proofs because of proof irrelevance.

Note: This linter can be disabled with `set_option linter.style.haveILetI false`
⚠ [4258/4782] Replayed ASGinzburg.OrdinaryModuleRingDualFinite
warning: ASGinzburg/OrdinaryModuleRingDualFinite.lean:33:2: Try this: 
  letI̵

The goal is a proposition, so `let` is preferred over `letI`.
The difference between `let` and `letI` is that `letI` inlines the value.
But this is not relevant for proofs because of proof irrelevance.

Note: This linter can be disabled with `set_option linter.style.haveILetI false`
⚠ [4259/4782] Replayed ASGinzburg.OrdinaryModuleRingDualTopFinite
warning: ASGinzburg/OrdinaryModuleRingDualTopFinite.lean:19:2: Try this: 
  letI̵

The goal is a proposition, so `let` is preferred over `letI`.
The difference between `let` and `letI` is that `letI` inlines the value.
But this is not relevant for proofs because of proof irrelevance.

Note: This linter can be disabled with `set_option linter.style.haveILetI false`
warning: ASGinzburg/OrdinaryModuleRingDualTopFinite.lean:20:2: Try this: 
  letI̵

The goal is a proposition, so `let` is preferred over `letI`.
The difference between `let` and `letI` is that `letI` inlines the value.
But this is not relevant for proofs because of proof irrelevance.

Note: This linter can be disabled with `set_option linter.style.haveILetI false`
warning: ASGinzburg/OrdinaryModuleRingDualTopFinite.lean:27:2: Try this: 
  letI̵

The goal is a proposition, so `let` is preferred over `letI`.
The difference between `let` and `letI` is that `letI` inlines the value.
But this is not relevant for proofs because of proof irrelevance.

Note: This linter can be disabled with `set_option linter.style.haveILetI false`
warning: ASGinzburg/OrdinaryModuleRingDualTopFinite.lean:30:2: Try this: 
  letI̵

The goal is a proposition, so `let` is preferred over `letI`.
The difference between `let` and `letI` is that `letI` inlines the value.
But this is not relevant for proofs because of proof irrelevance.

Note: This linter can be disabled with `set_option linter.style.haveILetI false`
warning: ASGinzburg/OrdinaryModuleRingDualTopFinite.lean:31:2: Try this: 
  letI̵

The goal is a proposition, so `let` is preferred over `letI`.
The difference between `let` and `letI` is that `letI` inlines the value.
But this is not relevant for proofs because of proof irrelevance.

Note: This linter can be disabled with `set_option linter.style.haveILetI false`
warning: ASGinzburg/OrdinaryModuleRingDualTopFinite.lean:33:2: Try this: 
  letI̵

The goal is a proposition, so `let` is preferred over `letI`.
The difference between `let` and `letI` is that `letI` inlines the value.
But this is not relevant for proofs because of proof irrelevance.

Note: This linter can be disabled with `set_option linter.style.haveILetI false`
warning: ASGinzburg/OrdinaryModuleRingDualTopFinite.lean:36:2: Try this: 
  letI̵

The goal is a proposition, so `let` is preferred over `letI`.
The difference between `let` and `letI` is that `letI` inlines the value.
But this is not relevant for proofs because of proof irrelevance.

Note: This linter can be disabled with `set_option linter.style.haveILetI false`
⚠ [4260/4782] Replayed ASGinzburg.FiniteFourTermRingHomComplex
warning: ASGinzburg/FiniteFourTermRingHomComplex.lean:28:2: Try this: 
  haveI̵

The goal is a proposition, so `have` is preferred over `haveI`.
The difference between `have` and `haveI` is that `haveI` inlines the value.
But this is not relevant for proofs because of proof irrelevance.

Note: This linter can be disabled with `set_option linter.style.haveILetI false`
warning: ASGinzburg/FiniteFourTermRingHomComplex.lean:30:2: Try this: 
  haveI̵

The goal is a proposition, so `have` is preferred over `haveI`.
The difference between `have` and `haveI` is that `haveI` inlines the value.
But this is not relevant for proofs because of proof irrelevance.

Note: This linter can be disabled with `set_option linter.style.haveILetI false`
warning: ASGinzburg/FiniteFourTermRingHomComplex.lean:86:2: Try this: 
  haveI̵

The goal is a proposition, so `have` is preferred over `haveI`.
The difference between `have` and `haveI` is that `haveI` inlines the value.
But this is not relevant for proofs because of proof irrelevance.

Note: This linter can be disabled with `set_option linter.style.haveILetI false`
⚠ [4263/4782] Replayed ASGinzburg.GradedOrdinaryRingDualComponents
warning: ASGinzburg/GradedOrdinaryRingDualComponents.lean:28:2: Try this: 
  letI̵

The goal is a proposition, so `let` is preferred over `letI`.
The difference between `let` and `letI` is that `letI` inlines the value.
But this is not relevant for proofs because of proof irrelevance.

Note: This linter can be disabled with `set_option linter.style.haveILetI false`
warning: ASGinzburg/GradedOrdinaryRingDualComponents.lean:42:2: Try this: 
  letI̵

The goal is a proposition, so `let` is preferred over `letI`.
The difference between `let` and `letI` is that `letI` inlines the value.
But this is not relevant for proofs because of proof irrelevance.

Note: This linter can be disabled with `set_option linter.style.haveILetI false`
warning: ASGinzburg/GradedOrdinaryRingDualComponents.lean:89:2: Try this: 
  letI̵

The goal is a proposition, so `let` is preferred over `letI`.
The difference between `let` and `letI` is that `letI` inlines the value.
But this is not relevant for proofs because of proof irrelevance.

Note: This linter can be disabled with `set_option linter.style.haveILetI false`
warning: ASGinzburg/GradedOrdinaryRingDualComponents.lean:104:2: Try this: 
  letI̵

The goal is a proposition, so `let` is preferred over `letI`.
The difference between `let` and `letI` is that `letI` inlines the value.
But this is not relevant for proofs because of proof irrelevance.

Note: This linter can be disabled with `set_option linter.style.haveILetI false`
⚠ [4264/4782] Replayed ASGinzburg.GradedOrdinaryRingDualComponentMaps
warning: ASGinzburg/GradedOrdinaryRingDualComponentMaps.lean:27:4: Try this: 
  letI̵

The goal is a proposition, so `let` is preferred over `letI`.
The difference between `let` and `letI` is that `letI` inlines the value.
But this is not relevant for proofs because of proof irrelevance.

Note: This linter can be disabled with `set_option linter.style.haveILetI false`
warning: ASGinzburg/GradedOrdinaryRingDualComponentMaps.lean:40:4: Try this: 
  letI̵

The goal is a proposition, so `let` is preferred over `letI`.
The difference between `let` and `letI` is that `letI` inlines the value.
But this is not relevant for proofs because of proof irrelevance.

Note: This linter can be disabled with `set_option linter.style.haveILetI false`
warning: ASGinzburg/GradedOrdinaryRingDualComponentMaps.lean:56:2: Try this: 
  letI̵

The goal is a proposition, so `let` is preferred over `letI`.
The difference between `let` and `letI` is that `letI` inlines the value.
But this is not relevant for proofs because of proof irrelevance.

Note: This linter can be disabled with `set_option linter.style.haveILetI false`
⚠ [4265/4782] Replayed ASGinzburg.GradedOrdinaryFiniteHomogeneousGenerators
warning: ASGinzburg/GradedOrdinaryFiniteHomogeneousGenerators.lean:19:2: Try this: 
  letI̵

The goal is a proposition, so `let` is preferred over `letI`.
The difference between `let` and `letI` is that `letI` inlines the value.
But this is not relevant for proofs because of proof irrelevance.

Note: This linter can be disabled with `set_option linter.style.haveILetI false`
⚠ [4266/4782] Replayed ASGinzburg.GradedOrdinaryRingDualFiniteSupport
warning: ASGinzburg/GradedOrdinaryRingDualFiniteSupport.lean:20:2: Try this: 
  letI̵

The goal is a proposition, so `let` is preferred over `letI`.
The difference between `let` and `letI` is that `letI` inlines the value.
But this is not relevant for proofs because of proof irrelevance.

Note: This linter can be disabled with `set_option linter.style.haveILetI false`
⚠ [4267/4782] Replayed ASGinzburg.GradedOrdinaryRingDualInternalGrading
warning: ASGinzburg/GradedOrdinaryRingDualInternalGrading.lean:53:4: Try this: intro hp g hg
⚠ [4268/4782] Replayed ASGinzburg.GradedOrdinaryRingDualBoundedBelow
warning: ASGinzburg/GradedOrdinaryRingDualBoundedBelow.lean:20:2: Try this: 
  letI̵

The goal is a proposition, so `let` is preferred over `letI`.
The difference between `let` and `letI` is that `letI` inlines the value.
But this is not relevant for proofs because of proof irrelevance.

Note: This linter can be disabled with `set_option linter.style.haveILetI false`
⚠ [4269/4782] Replayed ASGinzburg.OrdinaryRingDualTensorEvaluation
warning: ASGinzburg/OrdinaryRingDualTensorEvaluation.lean:14:0: Definition `ASGinzburg.ordinaryRingDualTensorModuleK` of class type is semireducible. Most type class instances should be instance-reducible, so consider marking this
definition with `@[instance_reducible]`. If it is intentionally semireducible, this warning can be disabled with `set_option warn.classDefReducibility false`.
warning: ASGinzburg/OrdinaryRingDualTensorEvaluation.lean:18:17: Definition `ASGinzburg.ordinaryRingDualTensorModuleK` of class type is semireducible. Most type class instances should be instance-reducible, so consider marking this
definition with `@[instance_reducible]`. If it is intentionally semireducible, this warning can be disabled with `set_option warn.classDefReducibility false`.
warning: ASGinzburg/OrdinaryRingDualTensorEvaluation.lean:25:2: Try this: 
  letI̵

The goal is a proposition, so `let` is preferred over `letI`.
The difference between `let` and `letI` is that `letI` inlines the value.
But this is not relevant for proofs because of proof irrelevance.

Note: This linter can be disabled with `set_option linter.style.haveILetI false`
warning: ASGinzburg/OrdinaryRingDualTensorEvaluation.lean:26:2: Try this: 
  letI̵

The goal is a proposition, so `let` is preferred over `letI`.
The difference between `let` and `letI` is that `letI` inlines the value.
But this is not relevant for proofs because of proof irrelevance.

Note: This linter can be disabled with `set_option linter.style.haveILetI false`
warning: ASGinzburg/OrdinaryRingDualTensorEvaluation.lean:20:0: Definition `ASGinzburg.ordinaryRingDualTensorScalarTower` of class type is semireducible. Most type class instances should be instance-reducible, so consider marking this
definition with `@[instance_reducible]`. If it is intentionally semireducible, this warning can be disabled with `set_option warn.classDefReducibility false`.
warning: ASGinzburg/OrdinaryRingDualTensorEvaluation.lean:20:0: Definition `ordinaryRingDualTensorScalarTower` is a proposition; use `theorem` instead of `def`

Note: This linter can be disabled with `set_option linter.defProp false`
warning: ASGinzburg/OrdinaryRingDualTensorEvaluation.lean:33:17: Definition `ASGinzburg.ordinaryRingDualTensorScalarTower` of class type is semireducible. Most type class instances should be instance-reducible, so consider marking this
definition with `@[instance_reducible]`. If it is intentionally semireducible, this warning can be disabled with `set_option warn.classDefReducibility false`.
warning: ASGinzburg/OrdinaryRingDualTensorEvaluation.lean:88:4: Try this: 
  letI̵

The goal is a proposition, so `let` is preferred over `letI`.
The difference between `let` and `letI` is that `letI` inlines the value.
But this is not relevant for proofs because of proof irrelevance.

Note: This linter can be disabled with `set_option linter.style.haveILetI false`
warning: ASGinzburg/OrdinaryRingDualTensorEvaluation.lean:89:4: Try this: 
  letI̵

The goal is a proposition, so `let` is preferred over `letI`.
The difference between `let` and `letI` is that `letI` inlines the value.
But this is not relevant for proofs because of proof irrelevance.

Note: This linter can be disabled with `set_option linter.style.haveILetI false`
warning: ASGinzburg/OrdinaryRingDualTensorEvaluation.lean:90:4: Try this: 
  letI̵

The goal is a proposition, so `let` is preferred over `letI`.
The difference between `let` and `letI` is that `letI` inlines the value.
But this is not relevant for proofs because of proof irrelevance.

Note: This linter can be disabled with `set_option linter.style.haveILetI false`
warning: ASGinzburg/OrdinaryRingDualTensorEvaluation.lean:92:4: Try this: 
  letI̵

The goal is a proposition, so `let` is preferred over `letI`.
The difference between `let` and `letI` is that `letI` inlines the value.
But this is not relevant for proofs because of proof irrelevance.

Note: This linter can be disabled with `set_option linter.style.haveILetI false`
warning: ASGinzburg/OrdinaryRingDualTensorEvaluation.lean:94:4: Try this: 
  letI̵

The goal is a proposition, so `let` is preferred over `letI`.
The difference between `let` and `letI` is that `letI` inlines the value.
But this is not relevant for proofs because of proof irrelevance.

Note: This linter can be disabled with `set_option linter.style.haveILetI false`
warning: ASGinzburg/OrdinaryRingDualTensorEvaluation.lean:95:4: Try this: 
  letI̵

The goal is a proposition, so `let` is preferred over `letI`.
The difference between `let` and `letI` is that `letI` inlines the value.
But this is not relevant for proofs because of proof irrelevance.

Note: This linter can be disabled with `set_option linter.style.haveILetI false`
⚠ [4270/4782] Replayed ASGinzburg.GradedOrdinaryRingDualData
warning: ASGinzburg/GradedOrdinaryRingDualData.lean:24:17: Definition `ASGinzburg.ordinaryRingDualTensorModuleK` of class type is semireducible. Most type class instances should be instance-reducible, so consider marking this
definition with `@[instance_reducible]`. If it is intentionally semireducible, this warning can be disabled with `set_option warn.classDefReducibility false`.
⚠ [4278/4782] Replayed ASGinzburg.AlgebraEnvelopingOppositeLeftProjective
warning: ASGinzburg/AlgebraEnvelopingOppositeLeftProjective.lean:14:0: Definition `ASGinzburg.envelopingOppositeLeftModule` of class type is semireducible. Most type class instances should be instance-reducible, so consider marking this
definition with `@[instance_reducible]`. If it is intentionally semireducible, this warning can be disabled with `set_option warn.classDefReducibility false`.
warning: ASGinzburg/AlgebraEnvelopingOppositeLeftProjective.lean:54:2: Try this: 
  letI̵

The goal is a proposition, so `let` is preferred over `letI`.
The difference between `let` and `letI` is that `letI` inlines the value.
But this is not relevant for proofs because of proof irrelevance.

Note: This linter can be disabled with `set_option linter.style.haveILetI false`
warning: ASGinzburg/AlgebraEnvelopingOppositeLeftProjective.lean:62:2: Try this: 
  letI̵

The goal is a proposition, so `let` is preferred over `letI`.
The difference between `let` and `letI` is that `letI` inlines the value.
But this is not relevant for proofs because of proof irrelevance.

Note: This linter can be disabled with `set_option linter.style.haveILetI false`
warning: ASGinzburg/AlgebraEnvelopingOppositeLeftProjective.lean:63:2: Try this: 
  letI̵

The goal is a proposition, so `let` is preferred over `letI`.
The difference between `let` and `letI` is that `letI` inlines the value.
But this is not relevant for proofs because of proof irrelevance.

Note: This linter can be disabled with `set_option linter.style.haveILetI false`
warning: ASGinzburg/AlgebraEnvelopingOppositeLeftProjective.lean:64:2: Try this: 
  haveI̵

The goal is a proposition, so `have` is preferred over `haveI`.
The difference between `have` and `haveI` is that `haveI` inlines the value.
But this is not relevant for proofs because of proof irrelevance.

Note: This linter can be disabled with `set_option linter.style.haveILetI false`
⚠ [4279/4782] Replayed ASGinzburg.AlgebraEnvelopingOppositeLeftRestriction
warning: ASGinzburg/AlgebraEnvelopingOppositeLeftRestriction.lean:22:4: Try this: 
  letI̵

The goal is a proposition, so `let` is preferred over `letI`.
The difference between `let` and `letI` is that `letI` inlines the value.
But this is not relevant for proofs because of proof irrelevance.

Note: This linter can be disabled with `set_option linter.style.haveILetI false`
warning: ASGinzburg/AlgebraEnvelopingOppositeLeftRestriction.lean:23:4: Try this: 
  letI̵

The goal is a proposition, so `let` is preferred over `letI`.
The difference between `let` and `letI` is that `letI` inlines the value.
But this is not relevant for proofs because of proof irrelevance.

Note: This linter can be disabled with `set_option linter.style.haveILetI false`
warning: ASGinzburg/AlgebraEnvelopingOppositeLeftRestriction.lean:24:4: Try this: 
  haveI̵

The goal is a proposition, so `have` is preferred over `haveI`.
The difference between `have` and `haveI` is that `haveI` inlines the value.
But this is not relevant for proofs because of proof irrelevance.

Note: This linter can be disabled with `set_option linter.style.haveILetI false`
⚠ [4280/4782] Replayed ASGinzburg.AlgebraEnvelopingRightModuleBimodule
warning: ASGinzburg/AlgebraEnvelopingRightModuleBimodule.lean:27:0: Definition `ASGinzburg.rightEnvelopingLeftModule` of class type is semireducible. Most type class instances should be instance-reducible, so consider marking this
definition with `@[instance_reducible]`. If it is intentionally semireducible, this warning can be disabled with `set_option warn.classDefReducibility false`.
warning: ASGinzburg/AlgebraEnvelopingRightModuleBimodule.lean:30:0: Definition `ASGinzburg.rightEnvelopingRightModule` of class type is semireducible. Most type class instances should be instance-reducible, so consider marking this
definition with `@[instance_reducible]`. If it is intentionally semireducible, this warning can be disabled with `set_option warn.classDefReducibility false`.
warning: ASGinzburg/AlgebraEnvelopingRightModuleBimodule.lean:37:2: Try this: 
  letI̵

The goal is a proposition, so `let` is preferred over `letI`.
The difference between `let` and `letI` is that `letI` inlines the value.
But this is not relevant for proofs because of proof irrelevance.

Note: This linter can be disabled with `set_option linter.style.haveILetI false`
warning: ASGinzburg/AlgebraEnvelopingRightModuleBimodule.lean:38:2: Try this: 
  letI̵

The goal is a proposition, so `let` is preferred over `letI`.
The difference between `let` and `letI` is that `letI` inlines the value.
But this is not relevant for proofs because of proof irrelevance.

Note: This linter can be disabled with `set_option linter.style.haveILetI false`
warning: ASGinzburg/AlgebraEnvelopingRightModuleBimodule.lean:33:0: Definition `ASGinzburg.rightEnvelopingActionsCommute` of class type is semireducible. Most type class instances should be instance-reducible, so consider marking this
definition with `@[instance_reducible]`. If it is intentionally semireducible, this warning can be disabled with `set_option warn.classDefReducibility false`.
warning: ASGinzburg/AlgebraEnvelopingRightModuleBimodule.lean:33:0: Definition `rightEnvelopingActionsCommute` is a proposition; use `theorem` instead of `def`

Note: This linter can be disabled with `set_option linter.defProp false`
warning: ASGinzburg/AlgebraEnvelopingRightModuleBimodule.lean:53:2: Try this: 
  letI̵

The goal is a proposition, so `let` is preferred over `letI`.
The difference between `let` and `letI` is that `letI` inlines the value.
But this is not relevant for proofs because of proof irrelevance.

Note: This linter can be disabled with `set_option linter.style.haveILetI false`
warning: ASGinzburg/AlgebraEnvelopingRightModuleBimodule.lean:54:2: Try this: 
  letI̵

The goal is a proposition, so `let` is preferred over `letI`.
The difference between `let` and `letI` is that `letI` inlines the value.
But this is not relevant for proofs because of proof irrelevance.

Note: This linter can be disabled with `set_option linter.style.haveILetI false`
⚠ [4281/4782] Replayed ASGinzburg.AlgebraEnvelopingRingDualTensorEvaluationHom
warning: ASGinzburg/AlgebraEnvelopingRingDualTensorEvaluationHom.lean:20:2: Try this: 
  letI̵

The goal is a proposition, so `let` is preferred over `letI`.
The difference between `let` and `letI` is that `letI` inlines the value.
But this is not relevant for proofs because of proof irrelevance.

Note: This linter can be disabled with `set_option linter.style.haveILetI false`
warning: ASGinzburg/AlgebraEnvelopingRingDualTensorEvaluationHom.lean:21:2: Try this: 
  letI̵

The goal is a proposition, so `let` is preferred over `letI`.
The difference between `let` and `letI` is that `letI` inlines the value.
But this is not relevant for proofs because of proof irrelevance.

Note: This linter can be disabled with `set_option linter.style.haveILetI false`
warning: ASGinzburg/AlgebraEnvelopingRingDualTensorEvaluationHom.lean:22:2: Try this: 
  letI̵

The goal is a proposition, so `let` is preferred over `letI`.
The difference between `let` and `letI` is that `letI` inlines the value.
But this is not relevant for proofs because of proof irrelevance.

Note: This linter can be disabled with `set_option linter.style.haveILetI false`
warning: ASGinzburg/AlgebraEnvelopingRingDualTensorEvaluationHom.lean:23:2: Try this: 
  letI̵

The goal is a proposition, so `let` is preferred over `letI`.
The difference between `let` and `letI` is that `letI` inlines the value.
But this is not relevant for proofs because of proof irrelevance.

Note: This linter can be disabled with `set_option linter.style.haveILetI false`
warning: ASGinzburg/AlgebraEnvelopingRingDualTensorEvaluationHom.lean:17:0: Definition `ASGinzburg.envelopingTensorEvaluationHomScalarTower` of class type is semireducible. Most type class instances should be instance-reducible, so consider marking this
definition with `@[instance_reducible]`. If it is intentionally semireducible, this warning can be disabled with `set_option warn.classDefReducibility false`.
warning: ASGinzburg/AlgebraEnvelopingRingDualTensorEvaluationHom.lean:17:0: Definition `envelopingTensorEvaluationHomScalarTower` is a proposition; use `theorem` instead of `def`

Note: This linter can be disabled with `set_option linter.defProp false`
warning: ASGinzburg/AlgebraEnvelopingRingDualTensorEvaluationHom.lean:33:2: Try this: 
  letI̵

The goal is a proposition, so `let` is preferred over `letI`.
The difference between `let` and `letI` is that `letI` inlines the value.
But this is not relevant for proofs because of proof irrelevance.

Note: This linter can be disabled with `set_option linter.style.haveILetI false`
warning: ASGinzburg/AlgebraEnvelopingRingDualTensorEvaluationHom.lean:34:2: Try this: 
  letI̵

The goal is a proposition, so `let` is preferred over `letI`.
The difference between `let` and `letI` is that `letI` inlines the value.
But this is not relevant for proofs because of proof irrelevance.

Note: This linter can be disabled with `set_option linter.style.haveILetI false`
warning: ASGinzburg/AlgebraEnvelopingRingDualTensorEvaluationHom.lean:35:2: Try this: 
  letI̵

The goal is a proposition, so `let` is preferred over `letI`.
The difference between `let` and `letI` is that `letI` inlines the value.
But this is not relevant for proofs because of proof irrelevance.

Note: This linter can be disabled with `set_option linter.style.haveILetI false`
warning: ASGinzburg/AlgebraEnvelopingRingDualTensorEvaluationHom.lean:36:2: Try this: 
  letI̵

The goal is a proposition, so `let` is preferred over `letI`.
The difference between `let` and `letI` is that `letI` inlines the value.
But this is not relevant for proofs because of proof irrelevance.

Note: This linter can be disabled with `set_option linter.style.haveILetI false`
warning: ASGinzburg/AlgebraEnvelopingRingDualTensorEvaluationHom.lean:30:0: Definition `ASGinzburg.envelopingTensorEvaluationHomScalarCommute` of class type is semireducible. Most type class instances should be instance-reducible, so consider marking this
definition with `@[instance_reducible]`. If it is intentionally semireducible, this warning can be disabled with `set_option warn.classDefReducibility false`.
warning: ASGinzburg/AlgebraEnvelopingRingDualTensorEvaluationHom.lean:30:0: Definition `envelopingTensorEvaluationHomScalarCommute` is a proposition; use `theorem` instead of `def`

Note: This linter can be disabled with `set_option linter.defProp false`
warning: ASGinzburg/AlgebraEnvelopingRingDualTensorEvaluationHom.lean:74:2: Try this: 
  letI̵

The goal is a proposition, so `let` is preferred over `letI`.
The difference between `let` and `letI` is that `letI` inlines the value.
But this is not relevant for proofs because of proof irrelevance.

Note: This linter can be disabled with `set_option linter.style.haveILetI false`
⚠ [4282/4782] Replayed ASGinzburg.AlgebraEnvelopingRingDualTensorEvaluationInduction
warning: ASGinzburg/AlgebraEnvelopingRingDualTensorEvaluationInduction.lean:13:0: Definition `ASGinzburg.envelopingTensorEvaluationFirstRightModule` of class type is semireducible. Most type class instances should be instance-reducible, so consider marking this
definition with `@[instance_reducible]`. If it is intentionally semireducible, this warning can be disabled with `set_option warn.classDefReducibility false`.
warning: ASGinzburg/AlgebraEnvelopingRingDualTensorEvaluationInduction.lean:17:17: Definition `ASGinzburg.envelopingTensorEvaluationFirstRightModule` of class type is semireducible. Most type class instances should be instance-reducible, so consider marking this
definition with `@[instance_reducible]`. If it is intentionally semireducible, this warning can be disabled with `set_option warn.classDefReducibility false`.
warning: ASGinzburg/AlgebraEnvelopingRingDualTensorEvaluationInduction.lean:19:0: Definition `ASGinzburg.envelopingTensorEvaluationFirstRightSMul` of class type is semireducible. Most type class instances should be instance-reducible, so consider marking this
definition with `@[instance_reducible]`. If it is intentionally semireducible, this warning can be disabled with `set_option warn.classDefReducibility false`.
warning: ASGinzburg/AlgebraEnvelopingRingDualTensorEvaluationInduction.lean:23:17: Definition `ASGinzburg.envelopingTensorEvaluationFirstRightSMul` of class type is semireducible. Most type class instances should be instance-reducible, so consider marking this
definition with `@[instance_reducible]`. If it is intentionally semireducible, this warning can be disabled with `set_option warn.classDefReducibility false`.
warning: ASGinzburg/AlgebraEnvelopingRingDualTensorEvaluationInduction.lean:58:2: Try this: 
  letI̵

The goal is a proposition, so `let` is preferred over `letI`.
The difference between `let` and `letI` is that `letI` inlines the value.
But this is not relevant for proofs because of proof irrelevance.

Note: This linter can be disabled with `set_option linter.style.haveILetI false`
warning: ASGinzburg/AlgebraEnvelopingRingDualTensorEvaluationInduction.lean:59:2: Try this: 
  letI̵

The goal is a proposition, so `let` is preferred over `letI`.
The difference between `let` and `letI` is that `letI` inlines the value.
But this is not relevant for proofs because of proof irrelevance.

Note: This linter can be disabled with `set_option linter.style.haveILetI false`
warning: ASGinzburg/AlgebraEnvelopingRingDualTensorEvaluationInduction.lean:60:2: Try this: 
  letI̵

The goal is a proposition, so `let` is preferred over `letI`.
The difference between `let` and `letI` is that `letI` inlines the value.
But this is not relevant for proofs because of proof irrelevance.

Note: This linter can be disabled with `set_option linter.style.haveILetI false`
warning: ASGinzburg/AlgebraEnvelopingRingDualTensorEvaluationInduction.lean:102:2: Try this: 
  letI̵

The goal is a proposition, so `let` is preferred over `letI`.
The difference between `let` and `letI` is that `letI` inlines the value.
But this is not relevant for proofs because of proof irrelevance.

Note: This linter can be disabled with `set_option linter.style.haveILetI false`
warning: ASGinzburg/AlgebraEnvelopingRingDualTensorEvaluationInduction.lean:103:2: Try this: 
  letI̵

The goal is a proposition, so `let` is preferred over `letI`.
The difference between `let` and `letI` is that `letI` inlines the value.
But this is not relevant for proofs because of proof irrelevance.

Note: This linter can be disabled with `set_option linter.style.haveILetI false`
warning: ASGinzburg/AlgebraEnvelopingRingDualTensorEvaluationInduction.lean:104:2: Try this: 
  letI̵

The goal is a proposition, so `let` is preferred over `letI`.
The difference between `let` and `letI` is that `letI` inlines the value.
But this is not relevant for proofs because of proof irrelevance.

Note: This linter can be disabled with `set_option linter.style.haveILetI false`
warning: ASGinzburg/AlgebraEnvelopingRingDualTensorEvaluationInduction.lean:132:2: Try this: 
  letI̵

The goal is a proposition, so `let` is preferred over `letI`.
The difference between `let` and `letI` is that `letI` inlines the value.
But this is not relevant for proofs because of proof irrelevance.

Note: This linter can be disabled with `set_option linter.style.haveILetI false`
warning: ASGinzburg/AlgebraEnvelopingRingDualTensorEvaluationInduction.lean:133:2: Try this: 
  letI̵

The goal is a proposition, so `let` is preferred over `letI`.
The difference between `let` and `letI` is that `letI` inlines the value.
But this is not relevant for proofs because of proof irrelevance.

Note: This linter can be disabled with `set_option linter.style.haveILetI false`
warning: ASGinzburg/AlgebraEnvelopingRingDualTensorEvaluationInduction.lean:134:2: Try this: 
  letI̵

The goal is a proposition, so `let` is preferred over `letI`.
The difference between `let` and `letI` is that `letI` inlines the value.
But this is not relevant for proofs because of proof irrelevance.

Note: This linter can be disabled with `set_option linter.style.haveILetI false`
warning: ASGinzburg/AlgebraEnvelopingRingDualTensorEvaluationInduction.lean:168:2: Try this: 
  letI̵

The goal is a proposition, so `let` is preferred over `letI`.
The difference between `let` and `letI` is that `letI` inlines the value.
But this is not relevant for proofs because of proof irrelevance.

Note: This linter can be disabled with `set_option linter.style.haveILetI false`
warning: ASGinzburg/AlgebraEnvelopingRingDualTensorEvaluationInduction.lean:169:2: Try this: 
  letI̵

The goal is a proposition, so `let` is preferred over `letI`.
The difference between `let` and `letI` is that `letI` inlines the value.
But this is not relevant for proofs because of proof irrelevance.

Note: This linter can be disabled with `set_option linter.style.haveILetI false`
warning: ASGinzburg/AlgebraEnvelopingRingDualTensorEvaluationInduction.lean:170:2: Try this: 
  letI̵

The goal is a proposition, so `let` is preferred over `letI`.
The difference between `let` and `letI` is that `letI` inlines the value.
But this is not relevant for proofs because of proof irrelevance.

Note: This linter can be disabled with `set_option linter.style.haveILetI false`
warning: ASGinzburg/AlgebraEnvelopingRingDualTensorEvaluationInduction.lean:184:2: Try this: 
  letI̵

The goal is a proposition, so `let` is preferred over `letI`.
The difference between `let` and `letI` is that `letI` inlines the value.
But this is not relevant for proofs because of proof irrelevance.

Note: This linter can be disabled with `set_option linter.style.haveILetI false`
warning: ASGinzburg/AlgebraEnvelopingRingDualTensorEvaluationInduction.lean:185:2: Try this: 
  letI̵

The goal is a proposition, so `let` is preferred over `letI`.
The difference between `let` and `letI` is that `letI` inlines the value.
But this is not relevant for proofs because of proof irrelevance.

Note: This linter can be disabled with `set_option linter.style.haveILetI false`
warning: ASGinzburg/AlgebraEnvelopingRingDualTensorEvaluationInduction.lean:186:2: Try this: 
  letI̵

The goal is a proposition, so `let` is preferred over `letI`.
The difference between `let` and `letI` is that `letI` inlines the value.
But this is not relevant for proofs because of proof irrelevance.

Note: This linter can be disabled with `set_option linter.style.haveILetI false`
⚠ [4283/4782] Replayed ASGinzburg.AlgebraEnvelopingRingDualTensorEvaluationShuffle
warning: ASGinzburg/AlgebraEnvelopingRingDualTensorEvaluationShuffle.lean:16:0: Definition `ASGinzburg.envelopingTensorEvaluationRestrictedRightModule` of class type is semireducible. Most type class instances should be instance-reducible, so consider marking this
definition with `@[instance_reducible]`. If it is intentionally semireducible, this warning can be disabled with `set_option warn.classDefReducibility false`.
warning: ASGinzburg/AlgebraEnvelopingRingDualTensorEvaluationShuffle.lean:20:0: Definition `ASGinzburg.envelopingTensorEvaluationRestrictedRightSMul` of class type is semireducible. Most type class instances should be instance-reducible, so consider marking this
definition with `@[instance_reducible]`. If it is intentionally semireducible, this warning can be disabled with `set_option warn.classDefReducibility false`.
warning: ASGinzburg/AlgebraEnvelopingRingDualTensorEvaluationShuffle.lean:23:17: Definition `ASGinzburg.envelopingTensorEvaluationFirstRightModule` of class type is semireducible. Most type class instances should be instance-reducible, so consider marking this
definition with `@[instance_reducible]`. If it is intentionally semireducible, this warning can be disabled with `set_option warn.classDefReducibility false`.
warning: ASGinzburg/AlgebraEnvelopingRingDualTensorEvaluationShuffle.lean:24:17: Definition `ASGinzburg.envelopingTensorEvaluationFirstRightSMul` of class type is semireducible. Most type class instances should be instance-reducible, so consider marking this
definition with `@[instance_reducible]`. If it is intentionally semireducible, this warning can be disabled with `set_option warn.classDefReducibility false`.
warning: ASGinzburg/AlgebraEnvelopingRingDualTensorEvaluationShuffle.lean:59:2: Try this: 
  letI̵

The goal is a proposition, so `let` is preferred over `letI`.
The difference between `let` and `letI` is that `letI` inlines the value.
But this is not relevant for proofs because of proof irrelevance.

Note: This linter can be disabled with `set_option linter.style.haveILetI false`
warning: ASGinzburg/AlgebraEnvelopingRingDualTensorEvaluationShuffle.lean:60:2: Try this: 
  letI̵

The goal is a proposition, so `let` is preferred over `letI`.
The difference between `let` and `letI` is that `letI` inlines the value.
But this is not relevant for proofs because of proof irrelevance.

Note: This linter can be disabled with `set_option linter.style.haveILetI false`
warning: ASGinzburg/AlgebraEnvelopingRingDualTensorEvaluationShuffle.lean:109:2: Try this: 
  letI̵

The goal is a proposition, so `let` is preferred over `letI`.
The difference between `let` and `letI` is that `letI` inlines the value.
But this is not relevant for proofs because of proof irrelevance.

Note: This linter can be disabled with `set_option linter.style.haveILetI false`
warning: ASGinzburg/AlgebraEnvelopingRingDualTensorEvaluationShuffle.lean:145:2: Try this: 
  letI̵

The goal is a proposition, so `let` is preferred over `letI`.
The difference between `let` and `letI` is that `letI` inlines the value.
But this is not relevant for proofs because of proof irrelevance.

Note: This linter can be disabled with `set_option linter.style.haveILetI false`
warning: ASGinzburg/AlgebraEnvelopingRingDualTensorEvaluationShuffle.lean:146:2: Try this: 
  letI̵

The goal is a proposition, so `let` is preferred over `letI`.
The difference between `let` and `letI` is that `letI` inlines the value.
But this is not relevant for proofs because of proof irrelevance.

Note: This linter can be disabled with `set_option linter.style.haveILetI false`
warning: ASGinzburg/AlgebraEnvelopingRingDualTensorEvaluationShuffle.lean:147:2: Try this: 
  letI̵

The goal is a proposition, so `let` is preferred over `letI`.
The difference between `let` and `letI` is that `letI` inlines the value.
But this is not relevant for proofs because of proof irrelevance.

Note: This linter can be disabled with `set_option linter.style.haveILetI false`
warning: ASGinzburg/AlgebraEnvelopingRingDualTensorEvaluationShuffle.lean:175:2: Try this: 
  letI̵

The goal is a proposition, so `let` is preferred over `letI`.
The difference between `let` and `letI` is that `letI` inlines the value.
But this is not relevant for proofs because of proof irrelevance.

Note: This linter can be disabled with `set_option linter.style.haveILetI false`
warning: ASGinzburg/AlgebraEnvelopingRingDualTensorEvaluationShuffle.lean:176:2: Try this: 
  letI̵

The goal is a proposition, so `let` is preferred over `letI`.
The difference between `let` and `letI` is that `letI` inlines the value.
But this is not relevant for proofs because of proof irrelevance.

Note: This linter can be disabled with `set_option linter.style.haveILetI false`
warning: ASGinzburg/AlgebraEnvelopingRingDualTensorEvaluationShuffle.lean:177:2: Try this: 
  letI̵

The goal is a proposition, so `let` is preferred over `letI`.
The difference between `let` and `letI` is that `letI` inlines the value.
But this is not relevant for proofs because of proof irrelevance.

Note: This linter can be disabled with `set_option linter.style.haveILetI false`
warning: ASGinzburg/AlgebraEnvelopingRingDualTensorEvaluationShuffle.lean:178:2: Try this: 
  letI̵

The goal is a proposition, so `let` is preferred over `letI`.
The difference between `let` and `letI` is that `letI` inlines the value.
But this is not relevant for proofs because of proof irrelevance.

Note: This linter can be disabled with `set_option linter.style.haveILetI false`
warning: ASGinzburg/AlgebraEnvelopingRingDualTensorEvaluationShuffle.lean:179:2: Try this: 
  letI̵

The goal is a proposition, so `let` is preferred over `letI`.
The difference between `let` and `letI` is that `letI` inlines the value.
But this is not relevant for proofs because of proof irrelevance.

Note: This linter can be disabled with `set_option linter.style.haveILetI false`
warning: ASGinzburg/AlgebraEnvelopingRingDualTensorEvaluationShuffle.lean:197:2: Try this: 
  letI̵

The goal is a proposition, so `let` is preferred over `letI`.
The difference between `let` and `letI` is that `letI` inlines the value.
But this is not relevant for proofs because of proof irrelevance.

Note: This linter can be disabled with `set_option linter.style.haveILetI false`
warning: ASGinzburg/AlgebraEnvelopingRingDualTensorEvaluationShuffle.lean:198:2: Try this: 
  letI̵

The goal is a proposition, so `let` is preferred over `letI`.
The difference between `let` and `letI` is that `letI` inlines the value.
But this is not relevant for proofs because of proof irrelevance.

Note: This linter can be disabled with `set_option linter.style.haveILetI false`
warning: ASGinzburg/AlgebraEnvelopingRingDualTensorEvaluationShuffle.lean:199:2: Try this: 
  letI̵

The goal is a proposition, so `let` is preferred over `letI`.
The difference between `let` and `letI` is that `letI` inlines the value.
But this is not relevant for proofs because of proof irrelevance.

Note: This linter can be disabled with `set_option linter.style.haveILetI false`
warning: ASGinzburg/AlgebraEnvelopingRingDualTensorEvaluationShuffle.lean:200:2: Try this: 
  letI̵

The goal is a proposition, so `let` is preferred over `letI`.
The difference between `let` and `letI` is that `letI` inlines the value.
But this is not relevant for proofs because of proof irrelevance.

Note: This linter can be disabled with `set_option linter.style.haveILetI false`
warning: ASGinzburg/AlgebraEnvelopingRingDualTensorEvaluationShuffle.lean:201:2: Try this: 
  letI̵

The goal is a proposition, so `let` is preferred over `letI`.
The difference between `let` and `letI` is that `letI` inlines the value.
But this is not relevant for proofs because of proof irrelevance.

Note: This linter can be disabled with `set_option linter.style.haveILetI false`
warning: ASGinzburg/AlgebraEnvelopingRingDualTensorEvaluationShuffle.lean:250:2: Try this: 
  letI̵

The goal is a proposition, so `let` is preferred over `letI`.
The difference between `let` and `letI` is that `letI` inlines the value.
But this is not relevant for proofs because of proof irrelevance.

Note: This linter can be disabled with `set_option linter.style.haveILetI false`
warning: ASGinzburg/AlgebraEnvelopingRingDualTensorEvaluationShuffle.lean:251:2: Try this: 
  letI̵

The goal is a proposition, so `let` is preferred over `letI`.
The difference between `let` and `letI` is that `letI` inlines the value.
But this is not relevant for proofs because of proof irrelevance.

Note: This linter can be disabled with `set_option linter.style.haveILetI false`
warning: ASGinzburg/AlgebraEnvelopingRingDualTensorEvaluationShuffle.lean:252:2: Try this: 
  letI̵

The goal is a proposition, so `let` is preferred over `letI`.
The difference between `let` and `letI` is that `letI` inlines the value.
But this is not relevant for proofs because of proof irrelevance.

Note: This linter can be disabled with `set_option linter.style.haveILetI false`
warning: ASGinzburg/AlgebraEnvelopingRingDualTensorEvaluationShuffle.lean:253:2: Try this: 
  letI̵

The goal is a proposition, so `let` is preferred over `letI`.
The difference between `let` and `letI` is that `letI` inlines the value.
But this is not relevant for proofs because of proof irrelevance.

Note: This linter can be disabled with `set_option linter.style.haveILetI false`
warning: ASGinzburg/AlgebraEnvelopingRingDualTensorEvaluationShuffle.lean:254:2: Try this: 
  letI̵

The goal is a proposition, so `let` is preferred over `letI`.
The difference between `let` and `letI` is that `letI` inlines the value.
But this is not relevant for proofs because of proof irrelevance.

Note: This linter can be disabled with `set_option linter.style.haveILetI false`
warning: ASGinzburg/AlgebraEnvelopingRingDualTensorEvaluationShuffle.lean:269:2: Try this: 
  letI̵

The goal is a proposition, so `let` is preferred over `letI`.
The difference between `let` and `letI` is that `letI` inlines the value.
But this is not relevant for proofs because of proof irrelevance.

Note: This linter can be disabled with `set_option linter.style.haveILetI false`
warning: ASGinzburg/AlgebraEnvelopingRingDualTensorEvaluationShuffle.lean:270:2: Try this: 
  letI̵

The goal is a proposition, so `let` is preferred over `letI`.
The difference between `let` and `letI` is that `letI` inlines the value.
But this is not relevant for proofs because of proof irrelevance.

Note: This linter can be disabled with `set_option linter.style.haveILetI false`
warning: ASGinzburg/AlgebraEnvelopingRingDualTensorEvaluationShuffle.lean:271:2: Try this: 
  letI̵

The goal is a proposition, so `let` is preferred over `letI`.
The difference between `let` and `letI` is that `letI` inlines the value.
But this is not relevant for proofs because of proof irrelevance.

Note: This linter can be disabled with `set_option linter.style.haveILetI false`
warning: ASGinzburg/AlgebraEnvelopingRingDualTensorEvaluationShuffle.lean:272:2: Try this: 
  letI̵

The goal is a proposition, so `let` is preferred over `letI`.
The difference between `let` and `letI` is that `letI` inlines the value.
But this is not relevant for proofs because of proof irrelevance.

Note: This linter can be disabled with `set_option linter.style.haveILetI false`
warning: ASGinzburg/AlgebraEnvelopingRingDualTensorEvaluationShuffle.lean:273:2: Try this: 
  letI̵

The goal is a proposition, so `let` is preferred over `letI`.
The difference between `let` and `letI` is that `letI` inlines the value.
But this is not relevant for proofs because of proof irrelevance.

Note: This linter can be disabled with `set_option linter.style.haveILetI false`
warning: ASGinzburg/AlgebraEnvelopingRingDualTensorEvaluationShuffle.lean:298:2: Try this: 
  letI̵

The goal is a proposition, so `let` is preferred over `letI`.
The difference between `let` and `letI` is that `letI` inlines the value.
But this is not relevant for proofs because of proof irrelevance.

Note: This linter can be disabled with `set_option linter.style.haveILetI false`
warning: ASGinzburg/AlgebraEnvelopingRingDualTensorEvaluationShuffle.lean:299:2: Try this: 
  letI̵

The goal is a proposition, so `let` is preferred over `letI`.
The difference between `let` and `letI` is that `letI` inlines the value.
But this is not relevant for proofs because of proof irrelevance.

Note: This linter can be disabled with `set_option linter.style.haveILetI false`
warning: ASGinzburg/AlgebraEnvelopingRingDualTensorEvaluationShuffle.lean:300:2: Try this: 
  letI̵

The goal is a proposition, so `let` is preferred over `letI`.
The difference between `let` and `letI` is that `letI` inlines the value.
But this is not relevant for proofs because of proof irrelevance.

Note: This linter can be disabled with `set_option linter.style.haveILetI false`
warning: ASGinzburg/AlgebraEnvelopingRingDualTensorEvaluationShuffle.lean:301:2: Try this: 
  letI̵

The goal is a proposition, so `let` is preferred over `letI`.
The difference between `let` and `letI` is that `letI` inlines the value.
But this is not relevant for proofs because of proof irrelevance.

Note: This linter can be disabled with `set_option linter.style.haveILetI false`
warning: ASGinzburg/AlgebraEnvelopingRingDualTensorEvaluationShuffle.lean:302:2: Try this: 
  letI̵

The goal is a proposition, so `let` is preferred over `letI`.
The difference between `let` and `letI` is that `letI` inlines the value.
But this is not relevant for proofs because of proof irrelevance.

Note: This linter can be disabled with `set_option linter.style.haveILetI false`
⚠ [4306/4782] Replayed ASGinzburg.GradedOrdinaryCokernelData
warning: ASGinzburg/GradedOrdinaryCokernelData.lean:21:0: Definition `ASGinzburg.GradedOrdinaryModuleData.cokernelGradeDecomposition` of class type is semireducible. Most type class instances should be instance-reducible, so consider marking this
definition with `@[instance_reducible]`. If it is intentionally semireducible, this warning can be disabled with `set_option warn.classDefReducibility false`.
warning: ASGinzburg/GradedOrdinaryCokernelData.lean:38:4: Try this: 
  letI̵

The goal is a proposition, so `let` is preferred over `letI`.
The difference between `let` and `letI` is that `letI` inlines the value.
But this is not relevant for proofs because of proof irrelevance.

Note: This linter can be disabled with `set_option linter.style.haveILetI false`
⚠ [4326/4782] Replayed ASGinzburg.OrdinaryModuleRingDualDerivedNaturality
warning: ASGinzburg/OrdinaryModuleRingDualDerivedNaturality.lean:13:51: This simp argument is unused:
  HomologicalComplex.comp_f

Hint: Omit it from the simp argument list.
  [apply] simp only [ordinaryProjectiveResolutionOpposite, ordinarySingleZeroOppositeIso,
    HomologicalComplex.Hom.isoOfComponents_hom_f, HomologicalComplex.opFunctor_map_f, Quiver.Hom.unop_op]

Note: This linter can be disabled with `set_option linter.unusedSimpArgs false`
warning: ASGinzburg/OrdinaryModuleRingDualDerivedNaturality.lean:14:35: This simp argument is unused:
  HomologicalComplex.Hom.isoOfComponents_hom_f

Hint: Omit it from the simp argument list.
  [apply] simp only [ordinaryProjectiveResolutionOpposite, HomologicalComplex.comp_f, ordinarySingleZeroOppositeIso,
    HomologicalComplex.opFunctor_map_f, Quiver.Hom.unop_op]

Note: This linter can be disabled with `set_option linter.unusedSimpArgs false`
warning: ASGinzburg/OrdinaryModuleRingDualDerivedNaturality.lean:15:4: This simp argument is unused:
  HomologicalComplex.opFunctor_map_f

Hint: Omit it from the simp argument list.
  [apply] simp only [ordinaryProjectiveResolutionOpposite, HomologicalComplex.comp_f, ordinarySingleZeroOppositeIso,
    HomologicalComplex.Hom.isoOfComponents_hom_f, Quiver.Hom.unop_op]

Note: This linter can be disabled with `set_option linter.unusedSimpArgs false`
warning: ASGinzburg/OrdinaryModuleRingDualDerivedNaturality.lean:15:40: This simp argument is unused:
  Quiver.Hom.unop_op

Hint: Omit it from the simp argument list.
  [apply] simp only [ordinaryProjectiveResolutionOpposite, HomologicalComplex.comp_f, ordinarySingleZeroOppositeIso,
    HomologicalComplex.Hom.isoOfComponents_hom_f, HomologicalComplex.opFunctor_map_f]

Note: This linter can be disabled with `set_option linter.unusedSimpArgs false`
⚠ [4327/4782] Replayed ASGinzburg.OrdinaryModuleRingDualLeftExact
warning: ASGinzburg/OrdinaryModuleRingDualLeftExact.lean:28:2: Try this: 
  letI̵

The goal is a proposition, so `let` is preferred over `letI`.
The difference between `let` and `letI` is that `letI` inlines the value.
But this is not relevant for proofs because of proof irrelevance.

Note: This linter can be disabled with `set_option linter.style.haveILetI false`
warning: ASGinzburg/OrdinaryModuleRingDualLeftExact.lean:49:2: Try this: 
  letI̵

The goal is a proposition, so `let` is preferred over `letI`.
The difference between `let` and `letI` is that `letI` inlines the value.
But this is not relevant for proofs because of proof irrelevance.

Note: This linter can be disabled with `set_option linter.style.haveILetI false`
✖ [4348/4782] Building ASGinzburg.RightModuleBoundedNakayama (4.4s)
trace: .> LEAN_PATH=/workspace/as-ginzburg-lean/.lake/packages/Cli/.lake/build/lib/lean:/workspace/as-ginzburg-lean/.lake/packages/batteries/.lake/build/lib/lean:/workspace/as-ginzburg-lean/.lake/packages/Qq/.lake/build/lib/lean:/workspace/as-ginzburg-lean/.lake/packages/aesop/.lake/build/lib/lean:/workspace/as-ginzburg-lean/.lake/packages/proofwidgets/.lake/build/lib/lean:/workspace/as-ginzburg-lean/.lake/packages/importGraph/.lake/build/lib/lean:/workspace/as-ginzburg-lean/.lake/packages/LeanSearchClient/.lake/build/lib/lean:/workspace/as-ginzburg-lean/.lake/packages/plausible/.lake/build/lib/lean:/workspace/as-ginzburg-lean/.lake/packages/mathlib/.lake/build/lib/lean:/workspace/as-ginzburg-lean/.lake/build/lib/lean /workspace/as-ginzburg-lean/work/lean-upgrade/lean-4.34.1-linux/bin/lean /workspace/as-ginzburg-lean/ASGinzburg/RightModuleBoundedNakayama.lean -o /workspace/as-ginzburg-lean/.lake/build/lib/lean/ASGinzburg/RightModuleBoundedNakayama.olean -i /workspace/as-ginzburg-lean/.lake/build/lib/lean/ASGinzburg/RightModuleBoundedNakayama.ilean -c /workspace/as-ginzburg-lean/.lake/build/ir/ASGinzburg/RightModuleBoundedNakayama.c --setup /workspace/as-ginzburg-lean/.lake/build/ir/ASGinzburg/RightModuleBoundedNakayama.setup.json --json
error: ASGinzburg/RightModuleBoundedNakayama.lean:34:33: Tactic `rewrite` failed: Did not find an occurrence of the pattern
  ?f 0
in the target expression
  (ConcreteCategory.hom
        (M.obj.map
          (have this := a;
            this).op))
      0 =
    0

case neg.mem
k : Type u
inst✝ : Field k
A : ZAlgebra k
M : A.RightModule
b : ℤ
hb : ∀ (i : ℤ), b < i → ∀ (x : ↑((A.rightModuleEvaluation i).obj M)), x = 0
hr : ∀ (i : ℤ), A.positiveActionSpan M i = ⊤
n : ℕ
ih : ∀ (i : ℤ), b + 1 - ↑n ≤ i → ∀ (x : ↑((A.rightModuleEvaluation i).obj M)), x = 0
i : ℤ
hi : b + 1 - ↑(n + 1) ≤ i
x : ↑((A.rightModuleEvaluation i).obj M)
hit : ¬b + 1 - ↑n ≤ i
j : ℤ
hij : i < j
z : ↑((A.rightModuleEvaluation j).obj M)
a : A.Hom i j
⊢ (ConcreteCategory.hom
        (M.obj.map
          (have this := a;
            this).op))
      0 =
    0

Note: The target expression is not type-correct under the `implicit` transparency level, which may have triggered the failure. This is usually caused by unfolding of semireducible definitions in prior tactic steps. Use `set_option linter.tacticCheckInstances true` to investigate the source of the issue.
Full error:
  Application type mismatch: The argument
    0
  has type
    @ModuleCat.carrier k inst✝.toDivisionRing.toRing ((A.rightModuleEvaluation j).obj M)
  but is expected to have type
    @ModuleCat.carrier k inst✝.toDivisionRing.toRing (M.obj.obj (op { index := j }))
  in the application
    (ConcreteCategory.hom
        (M.obj.map
          (have this := a;
            this).op))
      0
warning: ASGinzburg/RightModuleBoundedNakayama.lean:47:6: Try this: 
  letI̵

The goal is a proposition, so `let` is preferred over `letI`.
The difference between `let` and `letI` is that `letI` inlines the value.
But this is not relevant for proofs because of proof irrelevance.

Note: This linter can be disabled with `set_option linter.style.haveILetI false`
⚠ [4350/4782] Built ASGinzburg.RightModuleBoundedGeneration (4.7s)
warning: ASGinzburg/RightModuleBoundedGeneration.lean:25:6: Try this: 
  letI̵

The goal is a proposition, so `let` is preferred over `letI`.
The difference between `let` and `letI` is that `letI` inlines the value.
But this is not relevant for proofs because of proof irrelevance.

Note: This linter can be disabled with `set_option linter.style.haveILetI false`
✔ [4351/4782] Built ASGinzburg.RightModuleExtNaturalSequence (29s)
✖ [4389/4782] Building ASGinzburg.RightSmallCoproductRadicals (5.4s)
trace: .> LEAN_PATH=/workspace/as-ginzburg-lean/.lake/packages/Cli/.lake/build/lib/lean:/workspace/as-ginzburg-lean/.lake/packages/batteries/.lake/build/lib/lean:/workspace/as-ginzburg-lean/.lake/packages/Qq/.lake/build/lib/lean:/workspace/as-ginzburg-lean/.lake/packages/aesop/.lake/build/lib/lean:/workspace/as-ginzburg-lean/.lake/packages/proofwidgets/.lake/build/lib/lean:/workspace/as-ginzburg-lean/.lake/packages/importGraph/.lake/build/lib/lean:/workspace/as-ginzburg-lean/.lake/packages/LeanSearchClient/.lake/build/lib/lean:/workspace/as-ginzburg-lean/.lake/packages/plausible/.lake/build/lib/lean:/workspace/as-ginzburg-lean/.lake/packages/mathlib/.lake/build/lib/lean:/workspace/as-ginzburg-lean/.lake/build/lib/lean /workspace/as-ginzburg-lean/work/lean-upgrade/lean-4.34.1-linux/bin/lean /workspace/as-ginzburg-lean/ASGinzburg/RightSmallCoproductRadicals.lean -o /workspace/as-ginzburg-lean/.lake/build/lib/lean/ASGinzburg/RightSmallCoproductRadicals.olean -i /workspace/as-ginzburg-lean/.lake/build/lib/lean/ASGinzburg/RightSmallCoproductRadicals.ilean -c /workspace/as-ginzburg-lean/.lake/build/ir/ASGinzburg/RightSmallCoproductRadicals.c --setup /workspace/as-ginzburg-lean/.lake/build/ir/ASGinzburg/RightSmallCoproductRadicals.setup.json --json
error: ASGinzburg/RightSmallCoproductRadicals.lean:77:6: Type mismatch: After simplification, term
  Eq.symm Hzero
 has type
  @Eq (↑((A.rightModuleEvaluation i).obj (g a))) ((ModuleCat.Hom.hom 0) x)
    ((ModuleCat.Hom.hom
        ((A.rightModuleEvaluation i).map (Sigma.ι g b) ≫
          (A.rightModuleEvaluation i).map (A.rightSmallCoproductProjection g a)))
      x)
but is expected to have type
  @Eq (↑((A.rightModuleEvaluation i).obj (g a))) 0
    ((ModuleCat.Hom.hom ((A.rightModuleEvaluation i).map (A.rightSmallCoproductProjection g a)))
      ((ModuleCat.Hom.hom ((A.rightModuleEvaluation i).map (Sigma.ι g b))) x))
⚠ [4391/4782] Built ASGinzburg.RightTopBasisPresentation (6.9s)
warning: ASGinzburg/RightTopBasisPresentation.lean:46:12: `CategoryTheory.Limits.Sigma.ι_desc` has been deprecated: Use `CategoryTheory.Limits.Sigma.ι_comp_desc` instead
✔ [4397/4782] Built ASGinzburg.RightModuleExtLeftSequence (27s)
Some required targets logged failures:
- ASGinzburg.CoproductRadicals
- ASGinzburg.SimpleLeftModules
- ASGinzburg.RightModuleSimpleHom
- ASGinzburg.LeftModuleExt
- ASGinzburg.LeftModuleADual
- ASGinzburg.RightModuleBoundedNakayama
- ASGinzburg.RightSmallCoproductRadicals
error: build failed
