'ASGinzburg.ZAlgebra.IncomingBasisSystem.minimalPathPresentation' depends on axioms: [propext,
 Classical.choice,
 Quot.sound]
'ASGinzburg.CutQuiver.unrolledPositivePath_eq_zero_of_ge' depends on axioms: [propext, Classical.choice, Quot.sound]
'ASGinzburg.ZAlgebra.pathArrowRelationGenerators' depends on axioms: [propext, Classical.choice, Quot.sound]
'ASGinzburg.ZAlgebra.pathArrowRelationProduct_le_evaluation_ker' depends on axioms: [propext,
 Classical.choice,
 Quot.sound]
'ASGinzburg.ZAlgebra.pathArrowRelationProduct_map_eq_firstKernel_radical' depends on axioms: [propext,
 Classical.choice,
 Quot.sound]
'ASGinzburg.ZAlgebra.basisPathLinearEvaluation_ker_le_long_of_lt' depends on axioms: [propext,
 Classical.choice,
 Quot.sound]
'ASGinzburg.ZAlgebra.IncomingBasisSystem.pathLinearEvaluation_surjective' depends on axioms: [propext,
 Classical.choice,
 Quot.sound]
'ASGinzburg.ZAlgebra.ASRegular.cutCornerCover' depends on axioms: [propext, Classical.choice, Quot.sound]
'ASGinzburg.ZAlgebra.ASRegular.sum_cutVertexIdempotent' depends on axioms: [propext, Classical.choice, Quot.sound]
'ASGinzburg.ZAlgebra.ASRegular.cutCornerRightModuleFunctorLinear' depends on axioms: [propext,
 Classical.choice,
 Quot.sound]
'ASGinzburg.ZAlgebra.ASRegular.cutCornerImageSimpleResolution' depends on axioms: [propext,
 Classical.choice,
 Quot.sound]
'ASGinzburg.ZAlgebra.ASRegular.cutCornerAsExtTotalRank' depends on axioms: [propext, Classical.choice, Quot.sound]
'ASGinzburg.ZAlgebra.ASRegular.CutGradedPiece' depends on axioms: [propext, Classical.choice, Quot.sound]
'ASGinzburg.ZAlgebra.ASRegular.cutGradedInclusion' depends on axioms: [propext, Classical.choice, Quot.sound]
'ASGinzburg.ZAlgebra.ASRegular.cutDegreeZeroJacobianAlgEquiv' depends on axioms: [propext, Classical.choice, Quot.sound]
'ASGinzburg.ZAlgebra.ASRegular.cutGradedModuleEquivalence_functor_linear' depends on axioms: [propext,
 Classical.choice,
 Quot.sound]
'ASGinzburg.ZAlgebra.ASRegular.cutGradedRadical' depends on axioms: [propext, Classical.choice, Quot.sound]
'ASGinzburg.ZAlgebra.ASRegular.cutGradedRegularExtLinearEquiv' depends on axioms: [propext,
 Classical.choice,
 Quot.sound]
'ASGinzburg.ZAlgebra.ASRegular.cutGradedSimpleProjectiveResolution_minimal' depends on axioms: [propext,
 Classical.choice,
 Quot.sound]
'ASGinzburg.ZAlgebra.ASRegular.cutGradedSimpleProjectiveResolution_isZero_ge_four' depends on axioms: [propext,
 Classical.choice,
 Quot.sound]
'ASGinzburg.ZAlgebra.ASRegular.cutGradedSimple_projectiveDimension_tau' depends on axioms: [propext,
 Classical.choice,
 Quot.sound]
'ASGinzburg.ZAlgebra.ASRegular.cutGradedVertexExtLinearEquiv' depends on axioms: [propext, Classical.choice, Quot.sound]
'ASGinzburg.ZAlgebra.ASRegular.cutOrdinarySimpleProjectiveResolution_minimal_succ' depends on axioms: [propext,
 Classical.choice,
 Quot.sound]
'ASGinzburg.ZAlgebra.ASRegular.cutOrdinarySimpleProjectiveResolution_topTerm_eq' depends on axioms: [propext,
 Classical.choice,
 Quot.sound]
'ASGinzburg.ZAlgebra.ASRegular.cutOrdinarySimple' depends on axioms: [propext, Classical.choice, Quot.sound]
'ASGinzburg.ZAlgebra.ASRegular.cutOrdinarySimpleProjectiveResolution_finite' depends on axioms: [propext,
 Classical.choice,
 Quot.sound]
'ASGinzburg.ZAlgebra.ASRegular.cutOrdinarySimpleFieldEquiv_smul' depends on axioms: [propext,
 Classical.choice,
 Quot.sound]
'ASGinzburg.ZAlgebra.ASRegular.cutOrdinarySimple_hasProjectiveDimensionLE_three' depends on axioms: [propext,
 Classical.choice,
 Quot.sound]
'ASGinzburg.ZAlgebra.ASRegular.cutOrdinarySimple_simple' depends on axioms: [propext, Classical.choice, Quot.sound]
'ASGinzburg.ZAlgebra.ASRegular.cutOrdinarySimple_projectiveDimension_eq_three' depends on axioms: [propext,
 Classical.choice,
 Quot.sound]
'ASGinzburg.ZAlgebra.ASRegular.cutOrdinarySimpleTorRadicalQuotient_isZero_ge_four' depends on axioms: [propext,
 Classical.choice,
 Quot.sound]
'ASGinzburg.ZAlgebra.ASRegular.cutRegularExt_vertex_projection_identity' depends on axioms: [propext,
 Classical.choice,
 Quot.sound]
'ASGinzburg.ZAlgebra.ASRegular.cutSemisimpleBimodule_projective' depends on axioms: [propext,
 Classical.choice,
 Quot.sound]
'ASGinzburg.ZAlgebra.ASRegular.cutSemisimpleRightVertexIso' depends on axioms: [propext, Classical.choice, Quot.sound]
'ASGinzburg.ZAlgebra.ASRegular.cutSemisimpleRightProjectiveResolution' depends on axioms: [propext,
 Classical.choice,
 Quot.sound]
'ASGinzburg.ZAlgebra.ASRegular.cutSemisimpleRight_projectiveDimension_ge_three' depends on axioms: [propext,
 Classical.choice,
 Quot.sound]
'ASGinzburg.ZAlgebra.ASRegular.cutSemisimpleEnvelopingEquiv' depends on axioms: [propext, Classical.choice, Quot.sound]
'ASGinzburg.ZAlgebra.ASRegular.cutSemisimpleBaseChange_isSemisimple' depends on axioms: [propext,
 Classical.choice,
 Quot.sound]
'ASGinzburg.ZAlgebra.ASRegular.cutUnderlinedExtCharacter_positive' depends on axioms: [propext,
 Classical.choice,
 Quot.sound]
'ASGinzburg.ZAlgebra.ASRegular.cutUnderlinedTopExtGrade_off' depends on axioms: [propext, Classical.choice, Quot.sound]
'ASGinzburg.ZAlgebra.ASRegular.cutUnderlinedExtLeft_isSimple' depends on axioms: [propext, Classical.choice, Quot.sound]
'ASGinzburg.ZAlgebra.ASRegular.cutUnderlinedExtLeftFinite' depends on axioms: [propext, Classical.choice, Quot.sound]
'ASGinzburg.ZAlgebra.ASRegular.cutUnderlinedTopExtGradedLeftEquiv' depends on axioms: [propext,
 Classical.choice,
 Quot.sound]
'ASGinzburg.ZAlgebra.ASRegular.cutUnderlinedExt_vertex_left_action' depends on axioms: [propext,
 Classical.choice,
 Quot.sound]
'ASGinzburg.ZAlgebra.ASResolution.homComplex_exactAt_two_of_ext_zero' depends on axioms: [propext,
 Classical.choice,
 Quot.sound]
'ASGinzburg.ZAlgebra.ASResolution.homComplex_representable_exactAt_low' depends on axioms: [propext,
 Classical.choice,
 Quot.sound]
'ASGinzburg.ZAlgebra.ASResolution.dualComplex_exactAt_low' depends on axioms: [propext, Classical.choice, Quot.sound]
'ASGinzburg.ZAlgebra.ASRegular.ext_other_eq_zero' depends on axioms: [propext, Classical.choice, Quot.sound]
'ASGinzburg.ZAlgebra.ASRegular.extDimensionTable' depends on axioms: [propext, Classical.choice, Quot.sound]
'ASGinzburg.ZAlgebra.ASRegular.extDimensionTable_total' depends on axioms: [propext, Classical.choice, Quot.sound]
'ASGinzburg.ZAlgebra.asRegular_iff_ext_finrank' depends on axioms: [propext, Classical.choice, Quot.sound]
'ASGinzburg.ZAlgebra.ASRegular.extThree_finrank' depends on axioms: [propext, Classical.choice, Quot.sound]
'ASGinzburg.ZAlgebra.ASResolution.homComplex_tau_representable_low_terms_isZero' depends on axioms: [propext,
 Classical.choice,
 Quot.sound]
'ASGinzburg.ZAlgebra.ASResolution.homComplex_tau_representable_high_homology_isZero' depends on axioms: [propext,
 Classical.choice,
 Quot.sound]
'ASGinzburg.ZAlgebra.asDualityHomTerm₀_zero' depends on axioms: [propext, Classical.choice, Quot.sound]
'ASGinzburg.ZAlgebra.asDualityHomTerm₃Equiv' depends on axioms: [propext, Classical.choice, Quot.sound]
'ASGinzburg.ZAlgebra.ASRegular.extLeft_off_degree_three' depends on axioms: [propext, Classical.choice, Quot.sound]
'ASGinzburg.ZAlgebra.ASRegular.extLeftThree_positive_action_zero' depends on axioms: [propext,
 Classical.choice,
 Quot.sound]
'ASGinzburg.ZAlgebra.rightRegularCoproductComponentIso' depends on axioms: [propext, Classical.choice, Quot.sound]
'ASGinzburg.ZAlgebra.ASResolution.extRegularCoproductLinearEquiv' depends on axioms: [propext,
 Classical.choice,
 Quot.sound]
'ASGinzburg.ZAlgebra.ASRegular.extRegularCoproduct_off_three_eq_zero' depends on axioms: [propext,
 Classical.choice,
 Quot.sound]
'ASGinzburg.ZAlgebra.ASRegular.extRegularCoproductThreeScalarEquiv' depends on axioms: [propext,
 Classical.choice,
 Quot.sound]
'ASGinzburg.ZAlgebra.ASResolution.dualTopProjection' depends on axioms: [propext, Classical.choice, Quot.sound]
'ASGinzburg.ZAlgebra.ASResolution.dualTopProjection_exact' depends on axioms: [propext, Classical.choice, Quot.sound]
'ASGinzburg.ZAlgebra.rightFiniteDimensionalProjectiveResolution_isZero_ge_four' depends on axioms: [propext,
 Classical.choice,
 Quot.sound]
'ASGinzburg.ZAlgebra.leftFiniteDimensionalProjectiveResolution_isZero_ge_four' depends on axioms: [propext,
 Classical.choice,
 Quot.sound]
'ASGinzburg.ZAlgebra.rightVertexFiltration_hasFiniteProjectiveResolutionLength' depends on axioms: [propext,
 Classical.choice,
 Quot.sound]
'ASGinzburg.ZAlgebra.leftFiniteDimensional_hasFiniteProjectiveResolutionLength' depends on axioms: [propext,
 Classical.choice,
 Quot.sound]
'ASGinzburg.ZAlgebra.ASResolution.finiteProjectiveComplex_isZero_ge_four' depends on axioms: [propext,
 Classical.choice,
 Quot.sound]
'ASGinzburg.ZAlgebra.ASResolution.boundedFiniteProjectiveCochainObject' depends on axioms: [propext,
 Classical.choice,
 Quot.sound]
'ASGinzburg.ZAlgebra.pathRelationsToCategoricalASFirstKernel' depends on axioms: [propext, Classical.choice, Quot.sound]
'ASGinzburg.ZAlgebra.pathRelationsToASFirstKernel' depends on axioms: [propext, Classical.choice, Quot.sound]
'ASGinzburg.ZAlgebra.pathRelationsFirstKernelEquiv' depends on axioms: [propext, Classical.choice, Quot.sound]
'ASGinzburg.ZAlgebra.firstKernel_radical_preimage' depends on axioms: [propext, Classical.choice, Quot.sound]
'ASGinzburg.ZAlgebra.ASResolution.foundationFirstKernelRelationBasis' depends on axioms: [propext,
 Classical.choice,
 Quot.sound]
'ASGinzburg.ZAlgebra.ASRegular.foundationCutDerivativeRelation_eq_lift' depends on axioms: [propext,
 Classical.choice,
 Quot.sound]
'ASGinzburg.ZAlgebra.ASRegular.foundationCutDerivativeUnroll_eq_native' depends on axioms: [propext,
 Classical.choice,
 Quot.sound]
'ASGinzburg.ZAlgebra.ASRegular.foundationRelationIdeal_eq_kernel' depends on axioms: [propext,
 Classical.choice,
 Quot.sound]
'ASGinzburg.ZAlgebra.ASRegular.foundationPotential_zeroCutJacobianIdeal' depends on axioms: [propext,
 Classical.choice,
 Quot.sound]
'ASGinzburg.ZAlgebra.foundationMinimalRelation_finrank' depends on axioms: [propext, Classical.choice, Quot.sound]
'ASGinzburg.ZAlgebra.ASRegular.foundationPotential' depends on axioms: [propext, Classical.choice, Quot.sound]
'ASGinzburg.ZAlgebra.ASRegular.foundationPotential_cyclicDerivative' depends on axioms: [propext,
 Classical.choice,
 Quot.sound]
'ASGinzburg.ZAlgebra.ASRegular.foundationPathRelation_cut' depends on axioms: [propext, Classical.choice, Quot.sound]
'ASGinzburg.ZAlgebra.ASRegular.foundationRelationGenerators' depends on axioms: [propext, Classical.choice, Quot.sound]
'ASGinzburg.ZAlgebra.ASRegular.foundationRelationIdeal_le_kernel' depends on axioms: [propext,
 Classical.choice,
 Quot.sound]
'ASGinzburg.ZAlgebra.ASRegular.foundationRelationNative' depends on axioms: [propext, Classical.choice, Quot.sound]
'ASGinzburg.ZAlgebra.ASRegular.foundationRelationRingIdeal_eq_kernel' depends on axioms: [propext,
 Classical.choice,
 Quot.sound]
'ASGinzburg.ZAlgebra.ASRegular.foundationRelationRingAlgEquiv_apply_mk' depends on axioms: [propext,
 Classical.choice,
 Quot.sound]
'ASGinzburg.ZAlgebra.ASRegular.foundationRingPresentation_eq_zero_iff' depends on axioms: [propext,
 Classical.choice,
 Quot.sound]
'ASGinzburg.ZAlgebra.ASRegular.foundationRingRelations_span_le' depends on axioms: [propext,
 Classical.choice,
 Quot.sound]
'ASGinzburg.ZAlgebra.ASRegular.foundationRingKernel_eq_span' depends on axioms: [propext, Classical.choice, Quot.sound]
'ASGinzburg.ZAlgebra.ASRegular.foundationZeroCutRelationIdeal' depends on axioms: [propext,
 Classical.choice,
 Quot.sound]
'ASGinzburg.ZAlgebra.ASRegular.foundationZeroCutQuotientAlgEquiv' depends on axioms: [propext,
 Classical.choice,
 Quot.sound]
'ASGinzburg.ZAlgebra.ASResolution.incomingGenerator' depends on axioms: [propext, Classical.choice, Quot.sound]
'ASGinzburg.ZAlgebra.ASResolution.indecomposableGenerator_span' depends on axioms: [propext,
 Classical.choice,
 Quot.sound]
'ASGinzburg.ZAlgebra.ASResolution.incomingGenerator_decomposition' depends on axioms: [propext,
 Classical.choice,
 Quot.sound]
'ASGinzburg.ZAlgebra.ASRegular.indecomposables_finrank' depends on axioms: [propext, Classical.choice, Quot.sound]
'ASGinzburg.ZAlgebra.ASResolution.incomingElement_component' depends on axioms: [propext, Classical.choice, Quot.sound]
'ASGinzburg.ZAlgebra.ASResolution.d₁_component_lof' depends on axioms: [propext, Classical.choice, Quot.sound]
'ASGinzburg.ZAlgebra.ASResolution.incomingMultiplication_surjective' depends on axioms: [propext,
 Classical.choice,
 Quot.sound]
'ASGinzburg.ZAlgebra.IncomingBasisSystem.incomingElement' depends on axioms: [propext, Classical.choice, Quot.sound]
'ASGinzburg.ZAlgebra.IncomingBasisSystem.incomingGenerator_class' depends on axioms: [propext,
 Classical.choice,
 Quot.sound]
'ASGinzburg.ZAlgebra.ASRegular.exists_incomingBasisSystem' depends on axioms: [propext, Classical.choice, Quot.sound]
'ASGinzburg.ZAlgebra.lastArrowPrefixEvaluation' depends on axioms: [propext, Classical.choice, Quot.sound]
'ASGinzburg.ZAlgebra.lastArrowToASFirstTerm_d₁' depends on axioms: [propext, Classical.choice, Quot.sound]
'ASGinzburg.ZAlgebra.lastArrowToASFirstTerm_eq_zero_iff' depends on axioms: [propext, Classical.choice, Quot.sound]
'ASGinzburg.ZAlgebra.lastArrowRelationSpan' depends on axioms: [propext, Classical.choice, Quot.sound]
'ASGinzburg.ZAlgebra.ASResolution.leftResolutionDualComplex' depends on axioms: [propext, Classical.choice, Quot.sound]
'ASGinzburg.ZAlgebra.ASResolution.reversedRightDifferential_sq' depends on axioms: [propext,
 Classical.choice,
 Quot.sound]
'ASGinzburg.ZAlgebra.ASResolution.leftResolutionDualComplex_d' depends on axioms: [propext,
 Classical.choice,
 Quot.sound]
'ASGinzburg.ZAlgebra.ASResolution.leftResolutionDualComplex_exactAt_low' depends on axioms: [propext,
 Classical.choice,
 Quot.sound]
'ASGinzburg.ZAlgebra.ASResolution.leftExt_low_eq_zero' depends on axioms: [propext, Classical.choice, Quot.sound]
'ASGinzburg.ZAlgebra.leftResolutionExtTopProjection' depends on axioms: [propext, Classical.choice, Quot.sound]
'ASGinzburg.ZAlgebra.leftResolutionExtTopProjection_exact' depends on axioms: [propext, Classical.choice, Quot.sound]
'ASGinzburg.ZAlgebra.ASResolution.leftBidualTopDifferential_comm' depends on axioms: [propext,
 Classical.choice,
 Quot.sound]
'ASGinzburg.ZAlgebra.ASResolution.leftExtThreeIsoSimple' depends on axioms: [propext, Classical.choice, Quot.sound]
'ASGinzburg.ZAlgebra.ASRegular.leftExt_other_isZero' depends on axioms: [propext, Classical.choice, Quot.sound]
'ASGinzburg.ZAlgebra.ASResolution.leftResolutionDifferential' depends on axioms: [propext, Classical.choice, Quot.sound]
'ASGinzburg.ZAlgebra.ASResolution.leftResolutionTermProjective' depends on axioms: [propext,
 Classical.choice,
 Quot.sound]
'ASGinzburg.ZAlgebra.ASResolution.leftResolutionProjection' depends on axioms: [propext, Classical.choice, Quot.sound]
'ASGinzburg.ZAlgebra.ASResolution.leftResolutionProjection_exact' depends on axioms: [propext,
 Classical.choice,
 Quot.sound]
'ASGinzburg.ZAlgebra.ASResolution.toLeftProjectiveResolution' depends on axioms: [propext, Classical.choice, Quot.sound]
'ASGinzburg.ZAlgebra.ASRegular.leftSimpleProjectiveResolution' depends on axioms: [propext,
 Classical.choice,
 Quot.sound]
'ASGinzburg.ZAlgebra.ASResolution.d₁_component_action' depends on axioms: [propext, Classical.choice, Quot.sound]
'ASGinzburg.ZAlgebra.pathRelationHeightEquiv_map_radical_preimage' depends on axioms: [propext,
 Classical.choice,
 Quot.sound]
'ASGinzburg.ZAlgebra.pathRelationsToASFirstKernelTop_ker' depends on axioms: [propext, Classical.choice, Quot.sound]
'ASGinzburg.ZAlgebra.minimalRelationComponent_eq_zero_of_ge' depends on axioms: [propext, Classical.choice, Quot.sound]
'ASGinzburg.ZAlgebra.unrolledPathLinearEvaluation_endpoint_zero_iff' depends on axioms: [propext,
 Classical.choice,
 Quot.sound]
'ASGinzburg.CutQuiver.UnrolledPath.comp' does not depend on any axioms
'ASGinzburg.CutQuiver.UnrolledPath.comp_assoc' depends on axioms: [propext]
'ASGinzburg.ZAlgebra.unrolledPathLinearEvaluation' depends on axioms: [propext, Classical.choice, Quot.sound]
'ASGinzburg.ZAlgebra.unrolledPathLinearEvaluation_surjective' depends on axioms: [propext, Classical.choice, Quot.sound]
'ASGinzburg.ZAlgebra.unrolledPathLinearEvaluation_ker_eq_zero_of_ge' depends on axioms: [propext,
 Classical.choice,
 Quot.sound]
'ASGinzburg.ZAlgebra.ASRegular.isPeriodic_negative' depends on axioms: [propext, Classical.choice, Quot.sound]
'ASGinzburg.ZAlgebra.unrolledPathPresentation_kernel_le_arrow_square' depends on axioms: [propext,
 Classical.choice,
 Quot.sound]
'ASGinzburg.ZAlgebra.ASRegular.minimalPathPresentation' depends on axioms: [propext, Classical.choice, Quot.sound]
'ASGinzburg.ZAlgebra.ASRegular.presentationQuotientIso_apply_mk' depends on axioms: [propext,
 Classical.choice,
 Quot.sound]
'ASGinzburg.ZAlgebra.asExtTotalRank' depends on axioms: [propext, Classical.choice, Quot.sound]
'ASGinzburg.ZAlgebra.ASRegular.projectiveResolution' depends on axioms: [propext, Classical.choice, Quot.sound]
'ASGinzburg.ZAlgebra.ASRegular.extRank_le_one' depends on axioms: [propext, Classical.choice, Quot.sound]
'ASGinzburg.ZAlgebra.asExtRank_zero_iff' depends on axioms: [propext, Classical.choice, Quot.sound]
'ASGinzburg.ZAlgebra.ASRegular.cutCornerASRegular' depends on axioms: [propext, Classical.choice, Quot.sound]
'ASGinzburg.ZAlgebra.ASRegular.foundationRelationLift' depends on axioms: [propext, Classical.choice, Quot.sound]
'ASGinzburg.ZAlgebra.pathRelationArrowProduct' depends on axioms: [propext, Classical.choice, Quot.sound]
'ASGinzburg.ZAlgebra.pathRelationArrowProduct_eq_cover_ker' depends on axioms: [propext, Classical.choice, Quot.sound]
'ASGinzburg.ZAlgebra.ASResolution.foundationRelationTopBasis' depends on axioms: [propext, Classical.choice, Quot.sound]
'ASGinzburg.ZAlgebra.pathRelationHeightEquiv_map_firstKernel_denominator' depends on axioms: [propext,
 Classical.choice,
 Quot.sound]
'ASGinzburg.CutQuiver.outgoingArrows' does not depend on any axioms
'ASGinzburg.CutQuiver.incomingSource' does not depend on any axioms
'ASGinzburg.CutQuiver.outgoing_liftedSource' does not depend on any axioms
'ASGinzburg.ZAlgebra.rightModule_coproduct_projective' depends on axioms: [propext, Classical.choice, Quot.sound]
'ASGinzburg.ZAlgebra.asResolutionTerm₁Projective' depends on axioms: [propext, Classical.choice, Quot.sound]
'ASGinzburg.ZAlgebra.ASResolution.hom_d₁_simple_zero' depends on axioms: [propext, Classical.choice, Quot.sound]
'ASGinzburg.ZAlgebra.ASResolution.complexTerm' depends on axioms: [propext, Classical.choice, Quot.sound]
'ASGinzburg.ZAlgebra.ASResolution.complex' depends on axioms: [propext, Classical.choice, Quot.sound]
'ASGinzburg.ZAlgebra.ASResolution.augmentation' depends on axioms: [propext, Classical.choice, Quot.sound]
'ASGinzburg.ZAlgebra.ASResolution.complex_isZero_ge_four' depends on axioms: [propext, Classical.choice, Quot.sound]
'ASGinzburg.ZAlgebra.ASResolution.ext_ge_four_eq_zero' depends on axioms: [propext, Classical.choice, Quot.sound]
'ASGinzburg.ZAlgebra.rightModuleExtSuccPreservesColimits' depends on axioms: [propext, Classical.choice, Quot.sound]
'ASGinzburg.ZAlgebra.ASResolution.simpleHomPreservesColimits' depends on axioms: [propext, Classical.choice, Quot.sound]
'ASGinzburg.ZAlgebra.ASResolution.simpleExtOnePreservesColimits' depends on axioms: [propext,
 Classical.choice,
 Quot.sound]
'ASGinzburg.ZAlgebra.ASResolution.simpleHigherExtFunctorIsZero' depends on axioms: [propext,
 Classical.choice,
 Quot.sound]
'ASGinzburg.ZAlgebra.ASResolution.simpleExtPreservesCoproducts' depends on axioms: [propext,
 Classical.choice,
 Quot.sound]
'ASGinzburg.ZAlgebra.ASResolution.simpleExtDirectSumLinearEquiv' depends on axioms: [propext,
 Classical.choice,
 Quot.sound]
'ASGinzburg.ZAlgebra.rightModuleExtOneFinite' depends on axioms: [propext, Classical.choice, Quot.sound]
'ASGinzburg.ZAlgebra.ASResolution.homDifferential_sq' depends on axioms: [propext, Classical.choice, Quot.sound]
'ASGinzburg.ZAlgebra.ASResolution.homDifferential_simple_zero' depends on axioms: [propext,
 Classical.choice,
 Quot.sound]
'ASGinzburg.ZAlgebra.ASResolution.homComplex_simple_homologyIso' depends on axioms: [propext,
 Classical.choice,
 Quot.sound]
'ASGinzburg.ZAlgebra.ASResolution.firstCover_ι' depends on axioms: [propext, Classical.choice, Quot.sound]
'ASGinzburg.ZAlgebra.ASResolution.exact_d₂_firstCover' depends on axioms: [propext, Classical.choice, Quot.sound]
'ASGinzburg.ZAlgebra.ASResolution.secondCoverEpi' depends on axioms: [propext, Classical.choice, Quot.sound]
'ASGinzburg.ZAlgebra.ASResolution.shortExact₀' depends on axioms: [propext, Classical.choice, Quot.sound]
'ASGinzburg.ZAlgebra.Isomorphism.transportASResolution' depends on axioms: [propext, Classical.choice, Quot.sound]
'ASGinzburg.ZAlgebra.Isomorphism.asResolutionTerm₂Iso' depends on axioms: [propext, Classical.choice, Quot.sound]
'ASGinzburg.ZAlgebra.ASResolution.secondSyzygyTopEquiv' depends on axioms: [propext, Classical.choice, Quot.sound]
'ASGinzburg.ZAlgebra.ASRegular.foundationZeroCutRelation_native' depends on axioms: [propext,
 Classical.choice,
 Quot.sound]
'ASGinzburg.ZAlgebra.ASRegular.foundationZeroCutKernel_eq_span' depends on axioms: [propext,
 Classical.choice,
 Quot.sound]
'ASGinzburg.ZAlgebra.ASRegular.foundationZeroCutRelation_ring_comparison' depends on axioms: [propext,
 Classical.choice,
 Quot.sound]
'ASGinzburg.bimoduleEnvelopingModule_tmul_smul' depends on axioms: [propext, Quot.sound]
'ASGinzburg.bimoduleEnvelopingLinearMap_apply' depends on axioms: [propext, Quot.sound]
'ASGinzburg.envelopingRightModule' depends on axioms: [propext, Quot.sound]
'ASGinzburg.envelopingActionsCommute' depends on axioms: [propext, Quot.sound]
'ASGinzburg.envelopingLinearMap_right_smul' depends on axioms: [propext, Quot.sound]
'ASGinzburg.regularEnvelopingModule_finite_of_cyclic' depends on axioms: [propext, Classical.choice, Quot.sound]
'ASGinzburg.regularEnvelopingRepresentation' depends on axioms: [propext, Quot.sound]
'ASGinzburg.regularEnvelopingModuleCat' depends on axioms: [propext, Quot.sound]
'ASGinzburg.envelopingLeftModule_regular_free' depends on axioms: [propext, Classical.choice, Quot.sound]
'ASGinzburg.regularEnvelopingRightModule_eq' depends on axioms: [propext, Quot.sound]
'ASGinzburg.regularEnvelopingRestrictedResolutionHomotopyEquiv' depends on axioms: [propext,
 Classical.choice,
 Quot.sound]
'ASGinzburg.envelopingLeftRestrictionFunctorPreservesHomology' depends on axioms: [propext,
 Classical.choice,
 Quot.sound]
'ASGinzburg.regularEnvelopingScalarComm' depends on axioms: [propext, Quot.sound]
'ASGinzburg.tensorRightEnvelopingAugmentation_ι_zero' depends on axioms: [propext, Classical.choice, Quot.sound]
'ASGinzburg.tensorRightEnvelopingFunctor' depends on axioms: [propext, Quot.sound]
'ASGinzburg.tensorRightEnvelopingBifunctor_obj_additive' depends on axioms: [propext, Classical.choice, Quot.sound]
'ASGinzburg.tensorRightEnvelopingBifunctor_obj_map_tmul' depends on axioms: [propext, Classical.choice, Quot.sound]
'ASGinzburg.tensorRightEnvelopingFinsuppDistribution_apply_tmul' depends on axioms: [propext,
 Classical.choice,
 Quot.sound]
'ASGinzburg.tensorRightEnvelopingFinsupp_free' depends on axioms: [propext, Classical.choice, Quot.sound]
'ASGinzburg.tensorRightEnvelopingModule_projective' depends on axioms: [propext, Classical.choice, Quot.sound]
'ASGinzburg.tensorRightEnvelopingRegularEquiv' depends on axioms: [propext, Quot.sound]
'ASGinzburg.tensorRightEnvelopingRegular_projective' depends on axioms: [propext, Classical.choice, Quot.sound]
'ASGinzburg.tensorRightEnvelopingResolution_finite' depends on axioms: [propext, Classical.choice, Quot.sound]
'ASGinzburg.tensorRightEnvelopingRestrictScalarsIso_hom_apply' depends on axioms: [propext,
 Classical.choice,
 Quot.sound]
'ASGinzburg.tensorRightEnvelopingMap_apply' depends on axioms: [propext, Quot.sound]
'ASGinzburg.tensorRightEnvelopingMap_comp' depends on axioms: [propext, Quot.sound]
'ASGinzburg.tensorRightEnvelopingModule' depends on axioms: [propext, Quot.sound]
'ASGinzburg.tensorRightEnvelopingScalarComm' depends on axioms: [propext, Quot.sound]
'ASGinzburg.tensorRightEnvelopingTotal' depends on axioms: [propext, Classical.choice, Quot.sound]
'ASGinzburg.ι_tensorRightEnvelopingTotalRestrictScalarsIso_inv_f' depends on axioms: [propext,
 Classical.choice,
 Quot.sound]
'ASGinzburg.algebraModuleRestrictScalarsIso' depends on axioms: [propext, Quot.sound]
'ASGinzburg.ZAlgebra.arrowPathIndecomposableMap' depends on axioms: [propext, Classical.choice, Quot.sound]
'ASGinzburg.ZAlgebra.IncomingBasisSystem.pathIndecomposableMap_singleArrow' depends on axioms: [propext,
 Classical.choice,
 Quot.sound]
'ASGinzburg.ZAlgebra.IncomingElementFamily' depends on axioms: [propext, Classical.choice, Quot.sound]
'ASGinzburg.ZAlgebra.arrowPathLinearEvaluation' depends on axioms: [propext, Classical.choice, Quot.sound]
'ASGinzburg.ZAlgebra.arrowPathLinearEvaluation_id' depends on axioms: [propext, Classical.choice, Quot.sound]
'ASGinzburg.ZAlgebra.arrowPathPresentationMap_id' depends on axioms: [propext, Classical.choice, Quot.sound]
'ASGinzburg.ZAlgebra.IncomingBasisSystem.pathPresentation_surjective' depends on axioms: [propext,
 Classical.choice,
 Quot.sound]
'ASGinzburg.ZAlgebra.Homomorphism.arrowPathLinearEvaluation_natural' depends on axioms: [propext,
 Classical.choice,
 Quot.sound]
'ASGinzburg.balancedTensorModuleHomEquiv' depends on axioms: [propext, Classical.choice, Quot.sound]
'ASGinzburg.balancedTensorAdjunction_unit_apply' depends on axioms: [propext, Classical.choice, Quot.sound]
'ASGinzburg.balancedTensorEnvelopingPairEvaluation_tmul' depends on axioms: [propext, Quot.sound]
'ASGinzburg.balancedTensorEnvelopingComparisonMap_tmul' depends on axioms: [propext, Classical.choice, Quot.sound]
'ASGinzburg.balancedTensorEnvelopingComparisonInverse' depends on axioms: [propext, Classical.choice, Quot.sound]
'ASGinzburg.balancedTensorEnvelopingComparisonMap_naturality' depends on axioms: [propext, Classical.choice, Quot.sound]
'ASGinzburg.balancedTensorHomAddCommGroup' depends on axioms: [propext, Quot.sound]
'ASGinzburg.balancedTensorHomLinearEquiv' depends on axioms: [propext, Quot.sound]
'ASGinzburg.balancedTensorHom_ext' depends on axioms: [propext, Quot.sound]
'ASGinzburg.balancedTensorHom_smul_k_apply' depends on axioms: [propext, Quot.sound]
'ASGinzburg.balancedTensorHomIsScalarTower' depends on axioms: [propext, Quot.sound]
'ASGinzburg.balancedTensorCurry_apply' depends on axioms: [propext, Quot.sound]
'ASGinzburg.balancedTensorUncurry_tmul' depends on axioms: [propext, Classical.choice, Quot.sound]
'ASGinzburg.balancedTensorHomFunctorAdditive' depends on axioms: [propext, Quot.sound]
'ASGinzburg.balancedTensorCurry_naturality_source' depends on axioms: [propext, Classical.choice, Quot.sound]
'ASGinzburg.balancedTensorLeftSwapIso' depends on axioms: [propext, Classical.choice, Quot.sound]
'ASGinzburg.balancedTensorLeftFunctorAdditive' depends on axioms: [propext, Classical.choice, Quot.sound]
'ASGinzburg.balancedTensorMapLeft_tmul' depends on axioms: [propext, Classical.choice, Quot.sound]
'ASGinzburg.balancedTensorLeftUnitEquiv' depends on axioms: [propext, Classical.choice, Quot.sound]
'ASGinzburg.BalancedTensorMinimalDifferentials' depends on axioms: [propext, Quot.sound]
'ASGinzburg.balancedTensorMapLeft_eq_zero_of_action_span' depends on axioms: [propext, Classical.choice, Quot.sound]
'ASGinzburg.balancedTensorDualRestrict' depends on axioms: [propext, Quot.sound]
'ASGinzburg.balancedTensorDualUncurry' depends on axioms: [propext, Classical.choice, Quot.sound]
'ASGinzburg.balancedTensorMapRight_injective_of_projective' depends on axioms: [propext, Classical.choice, Quot.sound]
'ASGinzburg.balancedTensorRightFunctor_map_exact' depends on axioms: [propext, Classical.choice, Quot.sound]
'ASGinzburg.balancedTensorIdealAction_smul_mem' depends on axioms: [propext, Classical.choice, Quot.sound]
'ASGinzburg.balancedTensorQuotientCoefficient' depends on axioms: [propext, Classical.choice, Quot.sound]
'ASGinzburg.balancedTensorQuotientMap' depends on axioms: [propext, Classical.choice, Quot.sound]
'ASGinzburg.balancedTensorQuotientInverse_mk' depends on axioms: [propext, Classical.choice, Quot.sound]
'ASGinzburg.balancedTensorQuotientEquiv_symm_mk' depends on axioms: [propext, Classical.choice, Quot.sound]
'ASGinzburg.balancedTensorRightFunctorLinear' depends on axioms: [propext, Classical.choice, Quot.sound]
'ASGinzburg.balancedTensorMapRight_add' depends on axioms: [propext, Classical.choice, Quot.sound]
'ASGinzburg.balancedTensorMapRight_tmul' depends on axioms: [propext, Classical.choice, Quot.sound]
'ASGinzburg.balancedTensorRightUnitInverse' depends on axioms: [propext, Quot.sound]
'ASGinzburg.balancedTensorRightUnitEquiv' depends on axioms: [propext, Classical.choice, Quot.sound]
'ASGinzburg.balancedTensorScalarRestrictionIso' depends on axioms: [propext, Classical.choice, Quot.sound]
'ASGinzburg.balancedTensorTmul' depends on axioms: [propext, Quot.sound]
'ASGinzburg.balancedTensorLift_tmul' depends on axioms: [propext, Classical.choice, Quot.sound]
'ASGinzburg.balancedTensorSwapTmul' depends on axioms: [propext, Quot.sound]
'ASGinzburg.balancedTensorSwapInverse' depends on axioms: [propext, Classical.choice, Quot.sound]
'ASGinzburg.balancedTensorSwapEquiv_tmul' depends on axioms: [propext, Classical.choice, Quot.sound]
'ASGinzburg.balancedTensorDoubleOppositeIsScalarTower' depends on axioms: [propext, Quot.sound]
'ASGinzburg.balancedTensorTorFunctor' depends on axioms: [propext, Classical.choice, Quot.sound]
'ASGinzburg.balancedTensorTor_projective_succ' depends on axioms: [propext, Classical.choice, Quot.sound]
'ASGinzburg.balancedTensorTorLeftSwapIso' depends on axioms: [propext, Classical.choice, Quot.sound]
'ASGinzburg.balancedTensorTorLeft_isZero_of_resolution_term' depends on axioms: [propext, Classical.choice, Quot.sound]
'ASGinzburg.balancedTensorTorMinimalResolution_isZero_iff' depends on axioms: [propext, Classical.choice, Quot.sound]
'ASGinzburg.balancedTensorTor_isZero_of_resolution_term' depends on axioms: [propext, Classical.choice, Quot.sound]
'ASGinzburg.balancedTensorSpace_linearMap_ext' depends on axioms: [propext, Quot.sound]
'ASGinzburg.ZAlgebra.basedArrow_oneArrow_class_independent' depends on axioms: [propext, Classical.choice, Quot.sound]
'ASGinzburg.ZAlgebra.basedArrowPathLinearEvaluation_ker_le_long_of_lt' depends on axioms: [propext,
 Classical.choice,
 Quot.sound]
'ASGinzburg.ZAlgebra.incomingElementGenerator_decomposition' depends on axioms: [propext, Classical.choice, Quot.sound]
'ASGinzburg.ZAlgebra.basedArrowPathPresentation_surjective' depends on axioms: [propext, Classical.choice, Quot.sound]
'ASGinzburg.CutQuiver.betweenSheetProjectionMap_on_other_cut' depends on axioms: [propext, Classical.choice, Quot.sound]
'ASGinzburg.CutQuiver.betweenSheetLinearEquiv' depends on axioms: [propext, Classical.choice, Quot.sound]
'ASGinzburg.CutQuiver.pathCutCompBetween' depends on axioms: [propext, Classical.choice, Quot.sound]
'ASGinzburg.bifunctorBicomplex_diagonal_exactAt_of_bounded_left' depends on axioms: [propext,
 Classical.choice,
 Quot.sound]
'ASGinzburg.bicomplexTotalProjection' depends on axioms: [propext, Classical.choice, Quot.sound]
'ASGinzburg.bicomplexTotal_projection_ι_apply' depends on axioms: [propext, Classical.choice, Quot.sound]
'ASGinzburg.bicomplexTotal_decomposition' depends on axioms: [propext, Classical.choice, Quot.sound]
'ASGinzburg.bicomplexTotal_D₂_projection' depends on axioms: [propext, Classical.choice, Quot.sound]
'ASGinzburg.bicomplexTotal_d_projection_apply' depends on axioms: [propext, Classical.choice, Quot.sound]
'ASGinzburg.bicomplexMapFunctor_hasTotal' depends on axioms: [propext, Classical.choice, Quot.sound]
'ASGinzburg.ιOrZero_bicomplexTotalFunctorXIso_inv' depends on axioms: [propext, Classical.choice, Quot.sound]
'ASGinzburg.bicomplexTotalFunctorXIso_inv_comm' depends on axioms: [propext, Classical.choice, Quot.sound]
'ASGinzburg.bicomplexTotalFunctorIso_hom_f' depends on axioms: [propext, Classical.choice, Quot.sound]
'ASGinzburg.bicomplexTotalFunctorIso_inv_naturality' depends on axioms: [propext, Classical.choice, Quot.sound]
'ASGinzburg.bicomplexTotal_eq_zero_of_projections' depends on axioms: [propext, Classical.choice, Quot.sound]
'ASGinzburg.bicomplexTotal_insert_boundary_projection_gt' depends on axioms: [propext, Classical.choice, Quot.sound]
'ASGinzburg.bicomplexTotal_acyclic_of_rows_acyclic' depends on axioms: [propext, Classical.choice, Quot.sound]
'ASGinzburg.bicomplexTotalProjection_naturality' depends on axioms: [propext, Classical.choice, Quot.sound]
'ASGinzburg.bicomplexTotal_map_ιOrZero_apply' depends on axioms: [propext, Classical.choice, Quot.sound]
'ASGinzburg.bicomplexTotal_exact' depends on axioms: [propext, Classical.choice, Quot.sound]
'ASGinzburg.bifunctorTotalMap_id' depends on axioms: [propext, Classical.choice, Quot.sound]
'ASGinzburg.bifunctorTotalResolutionHomotopyEquiv' depends on axioms: [propext, Classical.choice, Quot.sound]
'ASGinzburg.bifunctorTotalResolutionHomotopyEquiv_ι_zero' depends on axioms: [propext, Classical.choice, Quot.sound]
'ASGinzburg.bifunctorTotalResolutionLeft_quasiIso' depends on axioms: [propext, Classical.choice, Quot.sound]
'ASGinzburg.mapBifunctorSingleLeftCofanIsColimit' depends on axioms: [propext, Classical.choice, Quot.sound]
'ASGinzburg.mapBifunctorSingleLeftXIso_inv' depends on axioms: [propext, Classical.choice, Quot.sound]
'ASGinzburg.mapBifunctorSingleLeftIso_inv_f' depends on axioms: [propext, Classical.choice, Quot.sound]
'ASGinzburg.mapBifunctorSingleLeftIso_naturality' depends on axioms: [propext, Classical.choice, Quot.sound]
'ASGinzburg.mapBifunctorSingleRightCofanIsColimit' depends on axioms: [propext, Classical.choice, Quot.sound]
'ASGinzburg.mapBifunctorSingleRightXIso_inv' depends on axioms: [propext, Classical.choice, Quot.sound]
'ASGinzburg.mapBifunctorSingleRightIso_inv_f' depends on axioms: [propext, Classical.choice, Quot.sound]
'ASGinzburg.mapBifunctorSingleRightIso_naturality' depends on axioms: [propext, Classical.choice, Quot.sound]
'ASGinzburg.boundedReverseDegreeEquivalence' depends on axioms: [propext, Classical.choice, Quot.sound]
'ASGinzburg.moduleChain_exists_boundary' depends on axioms: [propext, Classical.choice, Quot.sound]
'ASGinzburg.complexShortExact_acyclic_kernel_of_quasiIso_g' depends on axioms: [propext, Classical.choice, Quot.sound]
'ASGinzburg.CutQuiver.potentialSpace' depends on axioms: [propext, Classical.choice, Quot.sound]
'ASGinzburg.CutQuiver.potentialSpace_eq_span' depends on axioms: [propext, Classical.choice, Quot.sound]
'ASGinzburg.reverseCochainComplex' depends on axioms: [propext, Classical.choice, Quot.sound]
'ASGinzburg.reverseChainFunctor' depends on axioms: [propext, Classical.choice, Quot.sound]
'ASGinzburg.reverseDegreeEquivalence' depends on axioms: [propext, Classical.choice, Quot.sound]
'ASGinzburg.conjugateHom_id' depends on axioms: [propext, Classical.choice, Quot.sound]
'ASGinzburg.coproductDropZeroIso_ι_inv' depends on axioms: [propext, Classical.choice, Quot.sound]
'ASGinzburg.ZAlgebra.rightFiniteCoproductTopEquiv' depends on axioms: [propext, Classical.choice, Quot.sound]
'ASGinzburg.ZAlgebra.rightFiniteCoproduct_inclusion_projection_off' depends on axioms: [propext,
 Classical.choice,
 Quot.sound]
'ASGinzburg.ZAlgebra.rightFiniteCoproductPiEquiv' depends on axioms: [propext, Classical.choice, Quot.sound]
'ASGinzburg.ZAlgebra.rightFiniteCoproduct_radical_iff' depends on axioms: [propext, Classical.choice, Quot.sound]
'ASGinzburg.CyclicWord' depends on axioms: [propext, Quot.sound]
'ASGinzburg.wordClass' depends on axioms: [propext, Quot.sound]
'ASGinzburg.traceWord_append_swap' depends on axioms: [propext, Classical.choice, Quot.sound]
'ASGinzburg.unique_cut_split' depends on axioms: [propext, Quot.sound]
'ASGinzburg.cyclicTrace' depends on axioms: [propext, Classical.choice, Quot.sound]
'ASGinzburg.cut_normal_form' depends on axioms: [propext, Quot.sound]
'ASGinzburg.CutQuiver.Arrow' does not depend on any axioms
'ASGinzburg.CutQuiver.cutDegree' does not depend on any axioms
'ASGinzburg.CutQuiver.periodNeZero' depends on axioms: [propext, Quot.sound]
'ASGinzburg.CutQuiver.height_bijective' depends on axioms: [propext, Classical.choice, Quot.sound]
'ASGinzburg.CutQuiver.liftedSource' does not depend on any axioms
'ASGinzburg.CutQuiver.cutDegree_true' depends on axioms: [propext]
'ASGinzburg.CutQuiver.height_shift' depends on axioms: [propext]
'ASGinzburg.CutQuiver.lifted_arrow_increases_height' depends on axioms: [propext, Classical.choice, Quot.sound]
'ASGinzburg.CutQuiver.Path.length' does not depend on any axioms
'ASGinzburg.CutQuiver.Path.toList' does not depend on any axioms
'ASGinzburg.CutQuiver.Path.winding_nonneg' depends on axioms: [propext, Classical.choice, Quot.sound]
'ASGinzburg.CutQuiver.Path.zero_cut_has_no_nonempty_cycle' depends on axioms: [propext, Classical.choice, Quot.sound]
'ASGinzburg.derivativeWord' depends on axioms: [propext, Classical.choice, Quot.sound]
'ASGinzburg.derivativeWord_rotate' depends on axioms: [propext, Classical.choice, Quot.sound]
'ASGinzburg.cyclicDerivative' depends on axioms: [propext, Classical.choice, Quot.sound]
'ASGinzburg.cyclicDerivative_traceWord' depends on axioms: [propext, Classical.choice, Quot.sound]
'ASGinzburg.ite_linearMap_apply' depends on axioms: [propext]
'ASGinzburg.cut_cyclic_derivative_identity' depends on axioms: [propext, Classical.choice, Quot.sound]
'ASGinzburg.wordCommutator' depends on axioms: [propext, Classical.choice, Quot.sound]
'ASGinzburg.derivativeWord_commutator' depends on axioms: [propext, Classical.choice, Quot.sound]
'ASGinzburg.derivativeWord_supported_degrees' depends on axioms: [propext, Classical.choice, Quot.sound]
'ASGinzburg.cyclicDerivative_mixed_coeff' depends on axioms: [propext, Classical.choice, Quot.sound]
'ASGinzburg.derivativeAux_reverse' depends on axioms: [propext, Classical.choice, Quot.sound]
'ASGinzburg.cyclicDerivative_reverse' depends on axioms: [propext, Classical.choice, Quot.sound]
'ASGinzburg.stripFirstWord' depends on axioms: [propext, Classical.choice, Quot.sound]
'ASGinzburg.stripLastWord_apply' depends on axioms: [propext, Classical.choice, Quot.sound]
'ASGinzburg.cyclicHessianWord_eq_stripFirst' depends on axioms: [propext, Classical.choice, Quot.sound]
'ASGinzburg.reverseCyclicWord_wordClass' depends on axioms: [propext, Classical.choice, Quot.sound]
'ASGinzburg.reverseCyclicPolynomial' depends on axioms: [propext, Classical.choice, Quot.sound]
'ASGinzburg.directSumDualInto' depends on axioms: [propext, Classical.choice, Quot.sound]
'ASGinzburg.directSumDualInto_injective' depends on axioms: [propext, Classical.choice, Quot.sound]
'ASGinzburg.moduleCatDirectSumDualIntoLinearMap' depends on axioms: [propext, Classical.choice, Quot.sound]
'ASGinzburg.directSumHomogeneousSpace' depends on axioms: [propext, Classical.choice, Quot.sound]
'ASGinzburg.directSumHomogeneousDecompose_lof' depends on axioms: [propext, Classical.choice, Quot.sound]
'ASGinzburg.directSumRangeGradeDecomposition' depends on axioms: [propext, Classical.choice, Quot.sound]
'ASGinzburg.ZAlgebra.rightResolutionDualTermMap_comm' depends on axioms: [propext, Classical.choice, Quot.sound]
'ASGinzburg.ZAlgebra.leftResolutionDualTermMap' depends on axioms: [propext, Classical.choice, Quot.sound]
'ASGinzburg.ZAlgebra.leftResolutionDualComplexMap_augmentation' depends on axioms: [propext,
 Classical.choice,
 Quot.sound]
'ASGinzburg.envelopingBalancedTensorForgetComponent' depends on axioms: [propext, Classical.choice, Quot.sound]
'ASGinzburg.envelopingBalancedTensorHomRightScalarTower' depends on axioms: [propext, Quot.sound]
'ASGinzburg.envelopingBalancedTensorHomModule_tmul_apply' depends on axioms: [propext, Quot.sound]
'ASGinzburg.envelopingBalancedTensorCurry_apply' depends on axioms: [propext, Classical.choice, Quot.sound]
'ASGinzburg.envelopingBalancedTensorUncurry_tmul' depends on axioms: [propext, Classical.choice, Quot.sound]
'ASGinzburg.envelopingBalancedTensorHomMap_surjective' depends on axioms: [propext, Classical.choice, Quot.sound]
'ASGinzburg.envelopingBalancedTensorRegularFieldEquiv' depends on axioms: [propext, Classical.choice, Quot.sound]
'ASGinzburg.envelopingBalancedTensor_map_augmentation_quasiIso' depends on axioms: [propext,
 Classical.choice,
 Quot.sound]
'ASGinzburg.envelopingBalancedTensorRightActionHom' depends on axioms: [propext, Classical.choice, Quot.sound]
'ASGinzburg.envelopingBalancedTensorRightScalarTower' depends on axioms: [propext, Classical.choice, Quot.sound]
'ASGinzburg.envelopingBalancedTensorRightFunctor' depends on axioms: [propext, Classical.choice, Quot.sound]
'ASGinzburg.envelopingBalancedTensorRegularModuleIso' depends on axioms: [propext, Classical.choice, Quot.sound]
'ASGinzburg.rightModule_hasProjectiveDimensionLE_three_of_enveloping_resolution' depends on axioms: [propext,
 Classical.choice,
 Quot.sound]
'ASGinzburg.equivalenceMapDerivedIsEquivalence' depends on axioms: [propext, Classical.choice, Quot.sound]
'ASGinzburg.exactDerivedShiftedHomAddEquiv' depends on axioms: [propext, Classical.choice, Quot.sound]
'ASGinzburg.exactDerivedLinear' depends on axioms: [propext, Classical.choice, Quot.sound]
'ASGinzburg.exactDerivedShiftLinear' depends on axioms: [propext, Classical.choice, Quot.sound]
'ASGinzburg.derivedShiftedHomCongrLinearEquiv' depends on axioms: [propext, Classical.choice, Quot.sound]
'ASGinzburg.exactEquivalenceExtLinearEquiv' depends on axioms: [propext, Classical.choice, Quot.sound]
'ASGinzburg.singleδ_natural' depends on axioms: [propext, Classical.choice, Quot.sound]
'ASGinzburg.oppositeLinear' depends on axioms: [propext, Quot.sound]
'ASGinzburg.ZAlgebra.rightModuleExtLeftFunctor' depends on axioms: [propext, Classical.choice, Quot.sound]
'ASGinzburg.ZAlgebra.leftModuleExtRightFunctor' depends on axioms: [propext, Classical.choice, Quot.sound]
'ASGinzburg.ZAlgebra.rightModuleExtPrecompLeft_zero' depends on axioms: [propext, Classical.choice, Quot.sound]
'ASGinzburg.ZAlgebra.rightModuleExtLeftShortComplex_three_shortExact' depends on axioms: [propext,
 Classical.choice,
 Quot.sound]
'ASGinzburg.ZAlgebra.leftModuleExtRightShortComplex_exact' depends on axioms: [propext, Classical.choice, Quot.sound]
'ASGinzburg.dimension_table_eq_single' depends on axioms: [propext, Classical.choice, Quot.sound]
'ASGinzburg.ext_dimension_delta' depends on axioms: [propext, Classical.choice, Quot.sound]
'ASGinzburg.finiteBiproduct_projective' depends on axioms: [propext, Classical.choice, Quot.sound]
'ASGinzburg.finiteBiproductProjectiveResolutionTermIso' depends on axioms: [propext, Classical.choice, Quot.sound]
'ASGinzburg.finiteBiproductProjectiveResolution_finite' depends on axioms: [propext, Classical.choice, Quot.sound]
'ASGinzburg.LinearComponentAlgebra.totalMul' depends on axioms: [propext, Classical.choice, Quot.sound]
'ASGinzburg.LinearComponentAlgebra.totalOne_offdiag' depends on axioms: [propext, Classical.choice, Quot.sound]
'ASGinzburg.LinearComponentAlgebra.totalMul_assoc' depends on axioms: [propext, Classical.choice, Quot.sound]
'ASGinzburg.LinearComponentAlgebra.totalMulInst' depends on axioms: [propext, Classical.choice, Quot.sound]
'ASGinzburg.LinearComponentAlgebra.totalAlgebra' depends on axioms: [propext, Classical.choice, Quot.sound]
'ASGinzburg.LinearComponentAlgebra.Isomorphism.totalLinearEquiv_one' depends on axioms: [propext,
 Classical.choice,
 Quot.sound]
'ASGinzburg.LinearComponentAlgebra.totalLinearMapOfComponents' depends on axioms: [propext,
 Classical.choice,
 Quot.sound]
'ASGinzburg.LinearComponentAlgebra.totalAlgHomOfComponents' depends on axioms: [propext, Classical.choice, Quot.sound]
'ASGinzburg.LinearComponentAlgebra.totalComponent' depends on axioms: [propext, Classical.choice, Quot.sound]
'ASGinzburg.LinearComponentAlgebra.totalComponent_mul_same' depends on axioms: [propext, Classical.choice, Quot.sound]
'ASGinzburg.LinearComponentAlgebra.totalComponentLinear' depends on axioms: [propext, Classical.choice, Quot.sound]
'ASGinzburg.LinearComponentAlgebra.totalIdempotent_mul_self' depends on axioms: [propext, Classical.choice, Quot.sound]
'ASGinzburg.LinearComponentAlgebra.totalIdempotent_mul_component' depends on axioms: [propext,
 Classical.choice,
 Quot.sound]
'ASGinzburg.LinearComponentAlgebra.totalAlgEquivOfComponents_component' depends on axioms: [propext,
 Classical.choice,
 Quot.sound]
'ASGinzburg.ZAlgebra.rightModuleCoproductHomLimitComponentIso' depends on axioms: [propext,
 Classical.choice,
 Quot.sound]
'ASGinzburg.ZAlgebra.finiteLimitFunctorPreservesColimitsOfShape' depends on axioms: [propext,
 Classical.choice,
 Quot.sound]
'ASGinzburg.ZAlgebra.finiteRepresentableCoproductHomPreservesColimitsOfShape' depends on axioms: [propext,
 Classical.choice,
 Quot.sound]
'ASGinzburg.ZAlgebra.finiteRepresentableCoproductHomColimitIso' depends on axioms: [propext,
 Classical.choice,
 Quot.sound]
'ASGinzburg.colimitCoconeCoproductEpi' depends on axioms: [propext, Classical.choice, Quot.sound]
'ASGinzburg.ZAlgebra.rightFiniteDimensional_product' depends on axioms: [propext, Classical.choice, Quot.sound]
'ASGinzburg.ZAlgebra.rightFiniteDimensionalProperty_closedUnderFiniteColimits' depends on axioms: [propext,
 Classical.choice,
 Quot.sound]
'ASGinzburg.ZAlgebra.rightFiniteDimensionalInclusionCreatesLimitsOfShape' depends on axioms: [propext,
 Classical.choice,
 Quot.sound]
'ASGinzburg.ZAlgebra.rightFiniteDimensionalCoimageImageComparisonIsIso' depends on axioms: [propext,
 Classical.choice,
 Quot.sound]
'ASGinzburg.ZAlgebra.rightFiniteDimensionalInclusionPreservesFiniteColimits' depends on axioms: [propext,
 Classical.choice,
 Quot.sound]
'ASGinzburg.ZAlgebra.leftFiniteDimensional_coproduct' depends on axioms: [propext, Classical.choice, Quot.sound]
'ASGinzburg.ZAlgebra.leftFiniteDimensionalHasLimitsOfShape' depends on axioms: [propext, Classical.choice, Quot.sound]
'ASGinzburg.ZAlgebra.leftFiniteDimensionalInclusionCreatesColimitsOfShape' depends on axioms: [propext,
 Classical.choice,
 Quot.sound]
'ASGinzburg.ZAlgebra.leftFiniteDimensionalAbelian' depends on axioms: [propext, Classical.choice, Quot.sound]
'ASGinzburg.ZAlgebra.rightFiniteDimensionalExtBidualIso' depends on axioms: [propext, Classical.choice, Quot.sound]
'ASGinzburg.ZAlgebra.rightFiniteDimensional_ext_other_eq_zero' depends on axioms: [propext,
 Classical.choice,
 Quot.sound]
'ASGinzburg.ZAlgebra.rightFiniteDimensional_ext_three_shortExact' depends on axioms: [propext,
 Classical.choice,
 Quot.sound]
'ASGinzburg.ZAlgebra.leftFiniteDimensional_ext_three_shortExact' depends on axioms: [propext,
 Classical.choice,
 Quot.sound]
'ASGinzburg.ZAlgebra.RightFiniteDimensional' depends on axioms: [propext, Classical.choice, Quot.sound]
'ASGinzburg.ZAlgebra.leftFiniteDimensionalOppositeLinear' depends on axioms: [propext, Classical.choice, Quot.sound]
'ASGinzburg.ZAlgebra.rightFiniteDimensionalExtThreeFunctorAdditive' depends on axioms: [propext,
 Classical.choice,
 Quot.sound]
'ASGinzburg.ZAlgebra.leftFiniteDimensionalExtThreeFunctorLinear' depends on axioms: [propext,
 Classical.choice,
 Quot.sound]
'ASGinzburg.ZAlgebra.rightFiniteDimensionalExtBidualNatIso' depends on axioms: [propext, Classical.choice, Quot.sound]
'ASGinzburg.directSum_finite_support_of_finite' depends on axioms: [propext, Classical.choice, Quot.sound]
'ASGinzburg.ZAlgebra.rightFiniteDimensional_finite_support' depends on axioms: [propext, Classical.choice, Quot.sound]
'ASGinzburg.ZAlgebra.rightFiniteDimensional_of_epi' depends on axioms: [propext, Classical.choice, Quot.sound]
'ASGinzburg.ZAlgebra.leftFiniteDimensional_of_epi' depends on axioms: [propext, Classical.choice, Quot.sound]
'ASGinzburg.ZAlgebra.rightFiniteDimensional_of_shortExact' depends on axioms: [propext, Classical.choice, Quot.sound]
'ASGinzburg.ZAlgebra.leftFiniteDimensional_simple' depends on axioms: [propext, Classical.choice, Quot.sound]
'ASGinzburg.ZAlgebra.leftFiniteDimensional_of_isZero' depends on axioms: [propext, Classical.choice, Quot.sound]
'ASGinzburg.ZAlgebra.rightFiniteDimensionalNakayamaEquivalence' depends on axioms: [propext,
 Classical.choice,
 Quot.sound]
'ASGinzburg.ZAlgebra.leftFiniteDimensionalVectorDualFunctorIsEquivalence' depends on axioms: [propext,
 Classical.choice,
 Quot.sound]
'ASGinzburg.ZAlgebra.rightFiniteDimensionalNakayamaPreservesFiniteLimits' depends on axioms: [propext,
 Classical.choice,
 Quot.sound]
'ASGinzburg.ZAlgebra.rightSimple_hasProjectiveDimensionLE' depends on axioms: [propext, Classical.choice, Quot.sound]
'ASGinzburg.ZAlgebra.leftVertexFiltration_hasProjectiveDimensionLE' depends on axioms: [propext,
 Classical.choice,
 Quot.sound]
'CategoryTheory.ProjectiveResolution.thirdSyzygy_projective' depends on axioms: [propext, Classical.choice, Quot.sound]
'ASGinzburg.ZAlgebra.rightFiniteDimensionalExtRegularCoproductLinearEquiv' depends on axioms: [propext,
 Classical.choice,
 Quot.sound]
'ASGinzburg.ZAlgebra.rightFiniteDimensionalExtTotalAlgebraLinearEquiv' depends on axioms: [propext,
 Classical.choice,
 Quot.sound]
'ASGinzburg.ZAlgebra.rightFiniteDimensionalSimple' depends on axioms: [propext, Classical.choice, Quot.sound]
'ASGinzburg.ZAlgebra.rightFiniteDimensionalExtThreeSimpleIso' depends on axioms: [propext, Classical.choice, Quot.sound]
'ASGinzburg.ZAlgebra.rightFiniteDimensionalVectorDualFunctor' depends on axioms: [propext, Classical.choice, Quot.sound]
'ASGinzburg.ZAlgebra.leftFiniteDimensionalVectorBidualNatIso' depends on axioms: [propext, Classical.choice, Quot.sound]
'ASGinzburg.ZAlgebra.rightFiniteDimensionalVectorDualFunctorLinear' depends on axioms: [propext,
 Classical.choice,
 Quot.sound]
'ASGinzburg.ZAlgebra.leftFiniteDimensionalVectorDualEquivalence' depends on axioms: [propext,
 Classical.choice,
 Quot.sound]
'ASGinzburg.ZAlgebra.rightFiniteDimensionalShortComplex' depends on axioms: [propext, Classical.choice, Quot.sound]
'ASGinzburg.ZAlgebra.rightFiniteWindowProperty' depends on axioms: [propext, Classical.choice, Quot.sound]
'ASGinzburg.ZAlgebra.rightModuleWindow_of_epi' depends on axioms: [propext, Classical.choice, Quot.sound]
'ASGinzburg.ZAlgebra.rightFiniteWindowProperty_closedUnderColimits' depends on axioms: [propext,
 Classical.choice,
 Quot.sound]
'ASGinzburg.ZAlgebra.rightFiniteWindowInclusionCreatesLimitsOfShape' depends on axioms: [propext,
 Classical.choice,
 Quot.sound]
'ASGinzburg.ZAlgebra.rightFiniteWindowCoimageImageComparisonIsIso' depends on axioms: [propext,
 Classical.choice,
 Quot.sound]
'ASGinzburg.ZAlgebra.rightFiniteWindowInclusionPreservesFiniteColimits' depends on axioms: [propext,
 Classical.choice,
 Quot.sound]
'ASGinzburg.ZAlgebra.rightModuleADualMap_indexed_matrix' depends on axioms: [propext, Classical.choice, Quot.sound]
'ASGinzburg.isIso_natTrans_app_coproduct' depends on axioms: [propext, Classical.choice, Quot.sound]
'ASGinzburg.ZAlgebra.rightFiniteProjectiveProperty' depends on axioms: [propext, Classical.choice, Quot.sound]
'ASGinzburg.ZAlgebra.leftFiniteProjectiveProperty_bidual' depends on axioms: [propext, Classical.choice, Quot.sound]
'ASGinzburg.ZAlgebra.rightFiniteProjectiveProperty_representable' depends on axioms: [propext,
 Classical.choice,
 Quot.sound]
'ASGinzburg.ZAlgebra.leftFiniteProjectiveProperty_coproduct' depends on axioms: [propext, Classical.choice, Quot.sound]
'ASGinzburg.ZAlgebra.finiteProjectiveComplexADualEquivalence' depends on axioms: [propext, Classical.choice, Quot.sound]
'ASGinzburg.BoundedHomotopyCategory' depends on axioms: [propext, Classical.choice, Quot.sound]
'ASGinzburg.ZAlgebra.boundedFiniteProjectiveADualEquivalence' depends on axioms: [propext, Classical.choice, Quot.sound]
'ASGinzburg.ZAlgebra.rightFiniteSumADualIso' depends on axioms: [propext, Classical.choice, Quot.sound]
'ASGinzburg.ZAlgebra.leftFiniteProjectiveProperty_dual' depends on axioms: [propext, Classical.choice, Quot.sound]
'ASGinzburg.ZAlgebra.rightFiniteProjectiveProperty_projective' depends on axioms: [propext,
 Classical.choice,
 Quot.sound]
'ASGinzburg.ZAlgebra.leftFiniteProjectiveProjective' depends on axioms: [propext, Classical.choice, Quot.sound]
'ASGinzburg.ZAlgebra.rightFiniteProjectiveADualFunctorAdditive' depends on axioms: [propext,
 Classical.choice,
 Quot.sound]
'ASGinzburg.ZAlgebra.leftFiniteProjectiveBidualIso' depends on axioms: [propext, Classical.choice, Quot.sound]
'ASGinzburg.boolCoproductIsoBiprod' depends on axioms: [propext, Classical.choice, Quot.sound]
'ASGinzburg.ZAlgebra.rightFiniteProjectiveProperty_finite_coproduct' depends on axioms: [propext,
 Classical.choice,
 Quot.sound]
'ASGinzburg.ZAlgebra.leftFiniteProjectiveProperty_of_retract' depends on axioms: [propext, Classical.choice, Quot.sound]
'ASGinzburg.ZAlgebra.leftFiniteProjectiveProperty_biprod' depends on axioms: [propext, Classical.choice, Quot.sound]
'ASGinzburg.ZAlgebra.rightFiniteProjectiveFourTermResolution' depends on axioms: [propext, Classical.choice, Quot.sound]
'ASGinzburg.ZAlgebra.rightFiniteProjectiveProjectiveResolution_finite' depends on axioms: [propext,
 Classical.choice,
 Quot.sound]
'ASGinzburg.ZAlgebra.leftFiniteProjectiveFourTermResolution' depends on axioms: [propext, Classical.choice, Quot.sound]
'ASGinzburg.ZAlgebra.leftFiniteProjectiveProjectiveResolution_finite' depends on axioms: [propext,
 Classical.choice,
 Quot.sound]
'ASGinzburg.colimitPostNatTrans' depends on axioms: [propext, Classical.choice, Quot.sound]
'ASGinzburg.ZAlgebra.rightFiniteProjectiveHomPreservesColimits' depends on axioms: [propext,
 Classical.choice,
 Quot.sound]
'ASGinzburg.ZAlgebra.finiteRightModuleSupport_isZero' depends on axioms: [propext, Classical.choice, Quot.sound]
'ASGinzburg.ZAlgebra.finiteRightModuleGeneratorIndexFintype' depends on axioms: [propext, Classical.choice, Quot.sound]
'ASGinzburg.ZAlgebra.finiteFreeRightModule_finiteProjective' depends on axioms: [propext, Classical.choice, Quot.sound]
'ASGinzburg.ZAlgebra.leftFiniteDimensional_component_finite' depends on axioms: [propext, Classical.choice, Quot.sound]
'ASGinzburg.ZAlgebra.finiteLeftModuleComponentBasis' depends on axioms: [propext, Classical.choice, Quot.sound]
'ASGinzburg.ZAlgebra.finiteFreeLeftModule' depends on axioms: [propext, Classical.choice, Quot.sound]
'ASGinzburg.ZAlgebra.finiteFreeLeftModuleProjective' depends on axioms: [propext, Classical.choice, Quot.sound]
'ASGinzburg.ZAlgebra.rightFiniteProjectiveExtPreservesColimits' depends on axioms: [propext,
 Classical.choice,
 Quot.sound]
'ASGinzburg.ZAlgebra.rightFiniteDimensionalExtPreservesCoproducts' depends on axioms: [propext,
 Classical.choice,
 Quot.sound]
'ASGinzburg.ZAlgebra.HasRightFiniteProjectiveResolutionLength' depends on axioms: [propext,
 Classical.choice,
 Quot.sound]
'ASGinzburg.ZAlgebra.hasRightFiniteProjectiveResolutionLength_of_fourTermResolution' depends on axioms: [propext,
 Classical.choice,
 Quot.sound]
'ASGinzburg.ZAlgebra.hasLeftFiniteProjectiveResolutionLength_of_iso' depends on axioms: [propext,
 Classical.choice,
 Quot.sound]
'ASGinzburg.ZAlgebra.hasLeftFiniteProjectiveResolutionLength_of_shortExact' depends on axioms: [propext,
 Classical.choice,
 Quot.sound]
'ASGinzburg.ZAlgebra.rightFiniteCoproductPiEquiv_symm_eq_sum' depends on axioms: [propext, Classical.choice, Quot.sound]
'ASGinzburg.ZAlgebra.rightRepresentableCoproductHomEquiv' depends on axioms: [propext, Classical.choice, Quot.sound]
'ASGinzburg.ZAlgebra.finiteRepresentableCoproductComponentFinite' depends on axioms: [propext,
 Classical.choice,
 Quot.sound]
'ASGinzburg.ZAlgebra.rightModule_isZero_of_components' depends on axioms: [propext, Classical.choice, Quot.sound]
'ASGinzburg.ZAlgebra.rightFiniteDimensional_exists_vertex_simple_subobject' depends on axioms: [propext,
 Classical.choice,
 Quot.sound]
'ASGinzburg.ZAlgebra.leftFiniteDimensional_exists_vertex_simple_subobject' depends on axioms: [propext,
 Classical.choice,
 Quot.sound]
'ASGinzburg.ZAlgebra.RightVertexFiltration' depends on axioms: [propext, Classical.choice, Quot.sound]
'ASGinzburg.ZAlgebra.LeftVertexFiltration' depends on axioms: [propext, Classical.choice, Quot.sound]
'ASGinzburg.ZAlgebra.rightFiniteWindowRepresentable' depends on axioms: [propext, Classical.choice, Quot.sound]
'ASGinzburg.ZAlgebra.rightFiniteWindowEvaluationPreservesFiniteColimits' depends on axioms: [propext,
 Classical.choice,
 Quot.sound]
'ASGinzburg.ZAlgebra.rightFiniteWindowRepresentableProjective' depends on axioms: [propext,
 Classical.choice,
 Quot.sound]
'ASGinzburg.ZAlgebra.rightTruncatedRepresentableSimpleCoverEpi' depends on axioms: [propext,
 Classical.choice,
 Quot.sound]
'ASGinzburg.ZAlgebra.rightFiniteWindowSimple' depends on axioms: [propext, Classical.choice, Quot.sound]
'ASGinzburg.ZAlgebra.rightTruncatedRepresentableSimpleCover_nonzero' depends on axioms: [propext,
 Classical.choice,
 Quot.sound]
'ASGinzburg.ZAlgebra.rightFiniteWindowRepresentableCover_essential' depends on axioms: [propext,
 Classical.choice,
 Quot.sound]
'ASGinzburg.supportedDifferenceProjection_ker' depends on axioms: [propext, Classical.choice, Quot.sound]
'ASGinzburg.ZAlgebra.foundationComponents' depends on axioms: [propext, Classical.choice, Quot.sound]
'ASGinzburg.ZAlgebra.foundation_mul_component' depends on axioms: [propext, Classical.choice, Quot.sound]
'ASGinzburg.ZAlgebra.Homomorphism.foundationLinearMap' depends on axioms: [propext, Classical.choice, Quot.sound]
'ASGinzburg.ZAlgebra.Homomorphism.foundationAlgebraMap' depends on axioms: [propext, Classical.choice, Quot.sound]
'ASGinzburg.CutQuiver.foundation_generator_noncut' depends on axioms: [propext, Classical.choice, Quot.sound]
'ASGinzburg.ZAlgebra.LinearIdeal.foundationIdeal' depends on axioms: [propext, Classical.choice, Quot.sound]
'ASGinzburg.ZAlgebra.foundationRightComponentAction' depends on axioms: [propext, Classical.choice, Quot.sound]
'ASGinzburg.ZAlgebra.foundationRightComponentAction_id' depends on axioms: [propext, Classical.choice, Quot.sound]
'ASGinzburg.ZAlgebra.foundationRingRightComponentSum_single' depends on axioms: [propext, Classical.choice, Quot.sound]
'ASGinzburg.ZAlgebra.foundationRingRightComponentSumModuleMap' depends on axioms: [propext,
 Classical.choice,
 Quot.sound]
'ASGinzburg.ZAlgebra.foundationGenerators' depends on axioms: [propext, Classical.choice, Quot.sound]
'ASGinzburg.ZAlgebra.foundationFreeRightModuleProjective' depends on axioms: [propext, Classical.choice, Quot.sound]
'ASGinzburg.ZAlgebra.foundationHasExt' depends on axioms: [propext, Classical.choice, Quot.sound]
'ASGinzburg.ZAlgebra.ASResolution.foundation_simple_ext_ge_three_eq_zero' depends on axioms: [propext,
 Classical.choice,
 Quot.sound]
'ASGinzburg.ZAlgebra.ASRegular.foundationPeriodCutJacobianGenerators_mem_kernel' depends on axioms: [propext,
 Classical.choice,
 Quot.sound]
'ASGinzburg.ZAlgebra.ASRegular.foundationCutDerivativeUnroll_period_erase' depends on axioms: [propext,
 Classical.choice,
 Quot.sound]
'ASGinzburg.ZAlgebra.ASRegular.foundationPeriodPathLinearEvaluation_shift' depends on axioms: [propext,
 Classical.choice,
 Quot.sound]
'ASGinzburg.CutQuiver.foundationSheetGeneratorIndexEquiv' depends on axioms: [propext, Classical.choice, Quot.sound]
'ASGinzburg.ZAlgebra.ASRegular.foundationRepresentativeGeneratorBasis' depends on axioms: [propext,
 Classical.choice,
 Quot.sound]
'ASGinzburg.ZAlgebra.ASRegular.foundationPeriodCutJacobianRelation_eval_zero' depends on axioms: [propext,
 Classical.choice,
 Quot.sound]
'ASGinzburg.ZAlgebra.ASRegular.foundationPeriodPathPresentation_kernel_le_arrow_square' depends on axioms: [propext,
 Classical.choice,
 Quot.sound]
'ASGinzburg.ZAlgebra.ASRegular.foundationPeriodIncomingElement_nat_succ' depends on axioms: [propext,
 Classical.choice,
 Quot.sound]
'ASGinzburg.ZAlgebra.ASRegular.foundationPeriodPathLinearEvaluation_surjective' depends on axioms: [propext,
 Classical.choice,
 Quot.sound]
'ASGinzburg.ZAlgebra.ASRegular.foundationPeriodRingPresentation_eq' depends on axioms: [propext,
 Classical.choice,
 Quot.sound]
'ASGinzburg.ZAlgebra.ASRegular.foundationPeriodZeroCutPresentation_eq' depends on axioms: [propext,
 Classical.choice,
 Quot.sound]
'ASGinzburg.ZAlgebra.ASRegular.foundationPeriodJacobianRingAlgEquiv' depends on axioms: [propext,
 Classical.choice,
 Quot.sound]
'ASGinzburg.ZAlgebra.ASRegular.foundationPeriodPathLinearKernel_sameSheet_eq_Jacobian' depends on axioms: [propext,
 Classical.choice,
 Quot.sound]
'ASGinzburg.ZAlgebra.ASRegular.foundationPeriodSameSheetEquiv' depends on axioms: [propext,
 Classical.choice,
 Quot.sound]
'ASGinzburg.ZAlgebra.ASRegular.foundationPeriodSameSheetEquiv_id' depends on axioms: [propext,
 Classical.choice,
 Quot.sound]
'ASGinzburg.ZAlgebra.ASRegular.foundationRelationLift_mem_Jacobian' depends on axioms: [propext,
 Classical.choice,
 Quot.sound]
'ASGinzburg.ZAlgebra.ASRegular.foundationPeriodPathLinearEvaluation_zeroSheet_of_sheet' depends on axioms: [propext,
 Classical.choice,
 Quot.sound]
'ASGinzburg.CutQuiver.UnrolledPath.sheet_le' depends on axioms: [propext, Classical.choice, Quot.sound]
'ASGinzburg.ZAlgebra.foundationRightEvaluationPreservesFiniteLimits' depends on axioms: [propext,
 Classical.choice,
 Quot.sound]
'ASGinzburg.ZAlgebra.foundation_coproduct_projective' depends on axioms: [propext, Classical.choice, Quot.sound]
'ASGinzburg.ZAlgebra.foundation_restricted_first_projective' depends on axioms: [propext, Classical.choice, Quot.sound]
'ASGinzburg.ZAlgebra.foundationRepresentableToElement' depends on axioms: [propext, Classical.choice, Quot.sound]
'ASGinzburg.ZAlgebra.foundationRepresentable' depends on axioms: [propext, Classical.choice, Quot.sound]
'ASGinzburg.ZAlgebra.foundationASFirstTermIso' depends on axioms: [propext, Classical.choice, Quot.sound]
'ASGinzburg.ZAlgebra.foundation_representable_isZero_of_neg' depends on axioms: [propext, Classical.choice, Quot.sound]
'ASGinzburg.ZAlgebra.ASResolution.foundationFirstShortComplex' depends on axioms: [propext,
 Classical.choice,
 Quot.sound]
'ASGinzburg.ZAlgebra.ASResolution.foundationAugmentationShortComplex_exact' depends on axioms: [propext,
 Classical.choice,
 Quot.sound]
'ASGinzburg.ZAlgebra.foundationRestrictionPreservesColimitsOfShape' depends on axioms: [propext,
 Classical.choice,
 Quot.sound]
'ASGinzburg.ZAlgebra.foundationRestrictionPreservesHomology' depends on axioms: [propext, Classical.choice, Quot.sound]
'ASGinzburg.ZAlgebra.foundationRestriction_exact' depends on axioms: [propext, Classical.choice, Quot.sound]
'ASGinzburg.ZAlgebra.foundationRightInclusion' depends on axioms: [propext, Classical.choice, Quot.sound]
'ASGinzburg.ZAlgebra.FoundationRightModule' depends on axioms: [propext, Classical.choice, Quot.sound]
'ASGinzburg.ZAlgebra.foundationRestrictionLinear' depends on axioms: [propext, Classical.choice, Quot.sound]
'ASGinzburg.ZAlgebra.foundationAlgebraComponentLinear' depends on axioms: [propext, Classical.choice, Quot.sound]
'ASGinzburg.ZAlgebra.foundationRingRightComponentAction_comp_off' depends on axioms: [propext,
 Classical.choice,
 Quot.sound]
'ASGinzburg.ZAlgebra.foundationRingRightProjection_orthogonal' depends on axioms: [propext,
 Classical.choice,
 Quot.sound]
'ASGinzburg.ZAlgebra.foundationRingRightComponentRecovery' depends on axioms: [propext, Classical.choice, Quot.sound]
'ASGinzburg.ZAlgebra.foundationRingRightComponentMap' depends on axioms: [propext, Classical.choice, Quot.sound]
'ASGinzburg.ZAlgebra.foundationRingRightActionLinear' depends on axioms: [propext, Classical.choice, Quot.sound]
'ASGinzburg.ZAlgebra.foundationRingRightProjection_componentSum' depends on axioms: [propext,
 Classical.choice,
 Quot.sound]
'ASGinzburg.ZAlgebra.foundationRingRightComponentSumModuleMap_natural' depends on axioms: [propext,
 Classical.choice,
 Quot.sound]
'ASGinzburg.ZAlgebra.foundationRightTotalFunctorIsEquivalence' depends on axioms: [propext,
 Classical.choice,
 Quot.sound]
'ASGinzburg.ZAlgebra.foundationRingRightComponentRecoveryAdditive' depends on axioms: [propext,
 Classical.choice,
 Quot.sound]
'ASGinzburg.ZAlgebra.foundationRingHasExt' depends on axioms: [propext, Classical.choice, Quot.sound]
'ASGinzburg.ZAlgebra.foundationRingExtLinearEquiv' depends on axioms: [propext, Classical.choice, Quot.sound]
'ASGinzburg.ZAlgebra.foundationRingIdealExtension_mem_iff' depends on axioms: [propext, Classical.choice, Quot.sound]
'ASGinzburg.ZAlgebra.foundationRingRightComponentFunctorLinear' depends on axioms: [propext,
 Classical.choice,
 Quot.sound]
'ASGinzburg.ZAlgebra.ASRegular.foundation_ring_simple_hasProjectiveDimensionLE_two' depends on axioms: [propext,
 Classical.choice,
 Quot.sound]
'ASGinzburg.ZAlgebra.ASResolution.foundationRingProjectiveResolution_X_three_isZero' depends on axioms: [propext,
 Classical.choice,
 Quot.sound]
'ASGinzburg.ZAlgebra.ASResolution.foundationFourTermProjectiveResolution' depends on axioms: [propext,
 Classical.choice,
 Quot.sound]
'ASGinzburg.ZAlgebra.ASResolution.foundationProjectiveResolution_X_ge_four_isZero' depends on axioms: [propext,
 Classical.choice,
 Quot.sound]
'ASGinzburg.CutQuiver.FoundationRelationArrow' does not depend on any axioms
'ASGinzburg.CutQuiver.foundation_relation_forward' depends on axioms: [propext]
'ASGinzburg.ZAlgebra.foundationRightTotalAction_one' depends on axioms: [propext, Classical.choice, Quot.sound]
'ASGinzburg.ZAlgebra.foundationRightTotalAction' depends on axioms: [propext, Classical.choice, Quot.sound]
'ASGinzburg.ZAlgebra.foundationRightTotalAction_smul' depends on axioms: [propext, Classical.choice, Quot.sound]
'ASGinzburg.ZAlgebra.foundationRingRightProjection_totalModule_apply' depends on axioms: [propext,
 Classical.choice,
 Quot.sound]
'ASGinzburg.ZAlgebra.foundationRightTotalComponentEquiv_symm_apply' depends on axioms: [propext,
 Classical.choice,
 Quot.sound]
'ASGinzburg.ZAlgebra.foundationRightTotalFunctor_map_apply' depends on axioms: [propext, Classical.choice, Quot.sound]
'ASGinzburg.ZAlgebra.foundationRightTotalLinearMap' depends on axioms: [propext, Classical.choice, Quot.sound]
'ASGinzburg.ZAlgebra.foundationRightTotalLinearMap_action' depends on axioms: [propext, Classical.choice, Quot.sound]
'ASGinzburg.ZAlgebra.foundationRightTotalOppRepresentation' depends on axioms: [propext, Classical.choice, Quot.sound]
'ASGinzburg.ZAlgebra.foundationRightTotalModule' depends on axioms: [propext, Classical.choice, Quot.sound]
'ASGinzburg.ZAlgebra.foundationRightTotalRecoveryIso' depends on axioms: [propext, Classical.choice, Quot.sound]
'ASGinzburg.ZAlgebra.foundationRightTotalRecoveryIso_natural' depends on axioms: [propext, Classical.choice, Quot.sound]
'ASGinzburg.fourTermProjectiveResolution_hasProjectiveDimensionLE' depends on axioms: [propext,
 Classical.choice,
 Quot.sound]
'ASGinzburg.FourTermProjectiveResolution.term' depends on axioms: [propext, Classical.choice, Quot.sound]
'ASGinzburg.FourTermProjectiveResolution.complex' depends on axioms: [propext, Classical.choice, Quot.sound]
'ASGinzburg.FourTermProjectiveResolution.augmentation' depends on axioms: [propext, Classical.choice, Quot.sound]
'ASGinzburg.FourTermProjectiveResolution.complex_isZero_ge_four' depends on axioms: [propext,
 Classical.choice,
 Quot.sound]
'ASGinzburg.ZAlgebra.rightFourTermProjectiveResolution_ext_ge_four_eq_zero' depends on axioms: [propext,
 Classical.choice,
 Quot.sound]
'ASGinzburg.CutQuiver.unrolledArrowIdeal_off_diagonal_eq_top' depends on axioms: [propext, Classical.choice, Quot.sound]
'ASGinzburg.fullSubcategoryOpFunctor' depends on axioms: [propext]
'ASGinzburg.restrictEquivalence' depends on axioms: [propext, Classical.choice, Quot.sound]
'ASGinzburg.ZAlgebra.LinearIdeal.generated_le' depends on axioms: [propext, Classical.choice, Quot.sound]
'ASGinzburg.CutQuiver.ginzburgDualOriginalProjectiveMap_adual_opposite' depends on axioms: [propext,
 Classical.choice,
 Quot.sound]
'ASGinzburg.CutQuiver.ginzburgHomOriginalDualShortComplex' depends on axioms: [propext, Classical.choice, Quot.sound]
'ASGinzburg.CutQuiver.ginzburgHomDualLoopOppositeIso' depends on axioms: [propext, Classical.choice, Quot.sound]
'ASGinzburg.CutQuiver.ginzburgASComponentTerm' depends on axioms: [propext, Classical.choice, Quot.sound]
'ASGinzburg.CutQuiver.ginzburgASComponentChainComplex' depends on axioms: [propext, Classical.choice, Quot.sound]
'ASGinzburg.CutQuiver.GinzburgRegular.asComponentAugmentation_quasiIso' depends on axioms: [propext,
 Classical.choice,
 Quot.sound]
'ASGinzburg.CutQuiver.ginzburgASComponentRadicalMap' depends on axioms: [propext, Classical.choice, Quot.sound]
'ASGinzburg.CutQuiver.ginzburgASComponentD₂_comp_radicalMap' depends on axioms: [propext, Classical.choice, Quot.sound]
'ASGinzburg.CutQuiver.ginzburgASComponentRadicalMap_epi' depends on axioms: [propext, Classical.choice, Quot.sound]
'ASGinzburg.CutQuiver.GinzburgRegular.asComponentLoopDualShortComplex_exact' depends on axioms: [propext,
 Classical.choice,
 Quot.sound]
'ASGinzburg.CutQuiver.ginzburgASComponentDualOriginalShortComplex' depends on axioms: [propext,
 Classical.choice,
 Quot.sound]
'ASGinzburg.CutQuiver.ginzburgASComponentOriginalSimpleShortComplex_exact' depends on axioms: [propext,
 Classical.choice,
 Quot.sound]
'ASGinzburg.CutQuiver.GinzburgRegular.asHom_zero_kernel' depends on axioms: [propext, Classical.choice, Quot.sound]
'ASGinzburg.CutQuiver.ginzburgDualOriginalProjectiveComponent_mem_radical' depends on axioms: [propext,
 Classical.choice,
 Quot.sound]
'ASGinzburg.CutQuiver.ginzburgASProjectiveComplexTerm' depends on axioms: [propext, Classical.choice, Quot.sound]
'ASGinzburg.CutQuiver.ginzburgASProjectiveComplex' depends on axioms: [propext, Classical.choice, Quot.sound]
'ASGinzburg.CutQuiver.GinzburgRegular.asProjectiveComplex_exactAt_succ' depends on axioms: [propext,
 Classical.choice,
 Quot.sound]
'ASGinzburg.CutQuiver.ginzburgASProjectiveD₂' depends on axioms: [propext, Classical.choice, Quot.sound]
'ASGinzburg.CutQuiver.GinzburgRegular.asProjectiveD₃_mono' depends on axioms: [propext, Classical.choice, Quot.sound]
'ASGinzburg.CutQuiver.ginzburgASProjectiveOriginalSimpleShortComplex_exact' depends on axioms: [propext,
 Classical.choice,
 Quot.sound]
'ASGinzburg.CutQuiver.ginzburgASProjectiveD₁_comp_simpleπ' depends on axioms: [propext, Classical.choice, Quot.sound]
'ASGinzburg.CutQuiver.ginzburgASSimpleAugmentation' depends on axioms: [propext, Classical.choice, Quot.sound]
'ASGinzburg.CutQuiver.GinzburgRegular.simpleProjectiveResolution_isZero_ge_four' depends on axioms: [propext,
 Classical.choice,
 Quot.sound]
'ASGinzburg.CutQuiver.ginzburgOriginalArrowOppositeTarget' depends on axioms: [propext, Classical.choice, Quot.sound]
'ASGinzburg.CutQuiver.ginzburgGeneratorOriginalArrowEntry_opposite' depends on axioms: [propext,
 Classical.choice,
 Quot.sound]
'ASGinzburg.CutQuiver.ginzburgOriginalArrowPathComponent' depends on axioms: [propext, Classical.choice, Quot.sound]
'ASGinzburg.CutQuiver.ginzburgGeneratorLoopArrowEntry_pathClass' depends on axioms: [propext,
 Classical.choice,
 Quot.sound]
'ASGinzburg.CutQuiver.ginzburgAssociatedGradedDifferential_square' depends on axioms: [propext,
 Classical.choice,
 Quot.sound]
'ASGinzburg.CutQuiver.ginzburgFilteredLeftTerm_mem_higherLayer' depends on axioms: [propext,
 Classical.choice,
 Quot.sound]
'ASGinzburg.CutQuiver.ginzburgAssociatedLeftCochainMap' depends on axioms: [propext, Classical.choice, Quot.sound]
'ASGinzburg.CutQuiver.ginzburgHomologyAugmentation' depends on axioms: [propext, Classical.choice, Quot.sound]
'ASGinzburg.CutQuiver.ginzburgJacobianAugmentation_quasiIso_iff' depends on axioms: [propext,
 Classical.choice,
 Quot.sound]
'ASGinzburg.CutQuiver.ginzburgAugmentationLastEquiv' depends on axioms: [propext, Classical.choice, Quot.sound]
'ASGinzburg.CutQuiver.ginzburgAugmentationAtDegree_eq_inf' depends on axioms: [propext, Classical.choice, Quot.sound]
'ASGinzburg.CutQuiver.ginzburgAugmentationGradedDifferential_square' depends on axioms: [propext,
 Classical.choice,
 Quot.sound]
'ASGinzburg.CutQuiver.ginzburgAugmentationHomology' depends on axioms: [propext, Classical.choice, Quot.sound]
'ASGinzburg.CutQuiver.ginzburgCutComponentBasisEquiv' depends on axioms: [propext, Classical.choice, Quot.sound]
'ASGinzburg.CutQuiver.GinzburgPath.length_pos_of_winding_pos' depends on axioms: [propext, Classical.choice, Quot.sound]
'ASGinzburg.CutQuiver.ginzburgAugmentationAtDegree_eq_bot_of_not_height_lt' depends on axioms: [propext,
 Classical.choice,
 Quot.sound]
'ASGinzburg.CutQuiver.ginzburgAugmentationHeightComplexIso' depends on axioms: [propext, Classical.choice, Quot.sound]
'ASGinzburg.CutQuiver.ginzburgAugmentationHomology_isZero_of_not_height_lt' depends on axioms: [propext,
 Classical.choice,
 Quot.sound]
'ASGinzburg.CutQuiver.ginzburgFilteredNegTwoHomologyIso_left_naturality' depends on axioms: [propext,
 Classical.choice,
 Quot.sound]
'ASGinzburg.CutQuiver.ginzburgAugmentationHeightHomologyIso_left_naturality' depends on axioms: [propext,
 Classical.choice,
 Quot.sound]
'ASGinzburg.CutQuiver.ginzburgAugmentationSubmodule_comp_right' depends on axioms: [propext,
 Classical.choice,
 Quot.sound]
'ASGinzburg.CutQuiver.ginzburgAugmentationDifferential' depends on axioms: [propext, Classical.choice, Quot.sound]
'ASGinzburg.CutQuiver.ginzburgAugmentationLeftTerm' depends on axioms: [propext, Classical.choice, Quot.sound]
'ASGinzburg.CutQuiver.ginzburgAugmentationLeftCochainMap_inclusion' depends on axioms: [propext,
 Classical.choice,
 Quot.sound]
'ASGinzburg.CutQuiver.ginzburgAugmentationRadicalComponentIso' depends on axioms: [propext,
 Classical.choice,
 Quot.sound]
'ASGinzburg.CutQuiver.ginzburgAugmentationCochainInclusion' depends on axioms: [propext, Classical.choice, Quot.sound]
'ASGinzburg.CutQuiver.Path.originalGinzburg_length' depends on axioms: [propext, Quot.sound]
'ASGinzburg.CutQuiver.originalGinzburgLinearMap_degreeZero' depends on axioms: [propext, Classical.choice, Quot.sound]
'ASGinzburg.CutQuiver.ginzburgBoundaryLift' depends on axioms: [propext, Classical.choice, Quot.sound]
'ASGinzburg.CutQuiver.ginzburgBoundarySpace_mem_iff' depends on axioms: [propext, Classical.choice, Quot.sound]
'ASGinzburg.CutQuiver.ginzburgGradedDifferential_square' depends on axioms: [propext, Classical.choice, Quot.sound]
'ASGinzburg.CutQuiver.ginzburgCochainComplex' depends on axioms: [propext, Classical.choice, Quot.sound]
'ASGinzburg.CutQuiver.ginzburgCutCochainZero_outgoing' depends on axioms: [propext, Classical.choice, Quot.sound]
'ASGinzburg.CutQuiver.ginzburgCutHomologyAugmentation_quasiIso_iff' depends on axioms: [propext,
 Classical.choice,
 Quot.sound]
'ASGinzburg.CutQuiver.GinzburgPath.cohomologicalDegree_lower_length' depends on axioms: [propext,
 Classical.choice,
 Quot.sound]
'ASGinzburg.CutQuiver.ginzburgCutCohomologicalComponent_eq_bot_of_lt' depends on axioms: [propext,
 Classical.choice,
 Quot.sound]
'ASGinzburg.CutQuiver.ginzburgCutHomology_isZero_of_outside' depends on axioms: [propext, Classical.choice, Quot.sound]
'ASGinzburg.CutQuiver.ginzburgCutCochainHomologyClass_eq_zeroClass' depends on axioms: [propext,
 Classical.choice,
 Quot.sound]
'ASGinzburg.CutQuiver.ginzburgCutGradedDifferential' depends on axioms: [propext, Classical.choice, Quot.sound]
'ASGinzburg.CutQuiver.ginzburgCutCochainDifferential' depends on axioms: [propext, Classical.choice, Quot.sound]
'ASGinzburg.CutQuiver.ginzburgCutCochainComplex_d' depends on axioms: [propext, Classical.choice, Quot.sound]
'ASGinzburg.CutQuiver.ginzburgCutSupport' depends on axioms: [propext, Classical.choice, Quot.sound]
'ASGinzburg.CutQuiver.originalGinzburgCutDegreeZeroMap_bijective' depends on axioms: [propext,
 Classical.choice,
 Quot.sound]
'ASGinzburg.CutQuiver.originalGinzburgCutDegreeZeroEquiv_symm_coe' depends on axioms: [propext,
 Classical.choice,
 Quot.sound]
'ASGinzburg.CutQuiver.ginzburgCutZeroShortComplexIso_left_naturality' depends on axioms: [propext,
 Classical.choice,
 Quot.sound]
'ASGinzburg.CutQuiver.ginzburgCutZeroId' depends on axioms: [propext, Classical.choice, Quot.sound]
'ASGinzburg.CutQuiver.id_ginzburgCutZeroComp' depends on axioms: [propext, Classical.choice, Quot.sound]
'ASGinzburg.CutQuiver.ginzburgCutHomologyZeroComp_id' depends on axioms: [propext, Classical.choice, Quot.sound]
'ASGinzburg.CutQuiver.ginzburgCutHomologyZeroUnrolledIso_id' depends on axioms: [propext, Classical.choice, Quot.sound]
'ASGinzburg.CutQuiver.ginzburgCutZeroShortComplex' depends on axioms: [propext, Classical.choice, Quot.sound]
'ASGinzburg.CutQuiver.ginzburgCutHomologyZeroQuotientIso' depends on axioms: [propext, Classical.choice, Quot.sound]
'ASGinzburg.CutQuiver.ginzburgCutHomologyZeroJacobianIso' depends on axioms: [propext, Classical.choice, Quot.sound]
'ASGinzburg.CutQuiver.ginzburgCutHomologyZeroQuotientIso_class' depends on axioms: [propext,
 Classical.choice,
 Quot.sound]
'ASGinzburg.CutQuiver.ginzburgCutHomologyZeroQuotientIso_comp' depends on axioms: [propext,
 Classical.choice,
 Quot.sound]
'ASGinzburg.CutQuiver.ginzburgCutZeroQuotientJacobianEquiv_comp' depends on axioms: [propext,
 Classical.choice,
 Quot.sound]
'ASGinzburg.CutQuiver.ginzburgCutComponent_leftComp' depends on axioms: [propext, Classical.choice, Quot.sound]
'ASGinzburg.CutQuiver.ginzburgCutLeftCochainMap' depends on axioms: [propext, Classical.choice, Quot.sound]
'ASGinzburg.CutQuiver.ginzburgCutProjection_single' depends on axioms: [propext, Classical.choice, Quot.sound]
'ASGinzburg.CutQuiver.ginzburgCutProjection_mem' depends on axioms: [propext, Classical.choice, Quot.sound]
'ASGinzburg.CutQuiver.ginzburgCutZeroQuotientUnrolledEquiv_comp' depends on axioms: [propext,
 Classical.choice,
 Quot.sound]
'ASGinzburg.CutQuiver.ginzburgRegular_iff_cutHomology' depends on axioms: [propext, Classical.choice, Quot.sound]
'ASGinzburg.CutQuiver.ginzburgCutHomologyZeroUnrolledIso_left_naturality' depends on axioms: [propext,
 Classical.choice,
 Quot.sound]
'ASGinzburg.CutQuiver.ginzburgCutCochainProjection' depends on axioms: [propext, Classical.choice, Quot.sound]
'ASGinzburg.CutQuiver.ginzburgCutHomologyProjection' depends on axioms: [propext, Classical.choice, Quot.sound]
'ASGinzburg.CutQuiver.ginzburgCutZeroUnrolledClass_surjective' depends on axioms: [propext,
 Classical.choice,
 Quot.sound]
'ASGinzburg.CutQuiver.ginzburgCutZeroComp_boundary_right' depends on axioms: [propext, Classical.choice, Quot.sound]
'ASGinzburg.CutQuiver.ginzburgCutZeroQuotientCompRight_mk' depends on axioms: [propext, Classical.choice, Quot.sound]
'ASGinzburg.CutQuiver.ginzburgCutZeroQuotientComp_mk' depends on axioms: [propext, Classical.choice, Quot.sound]
'ASGinzburg.CutQuiver.ginzburgCutZeroEquivOfCutEq_apply_coe' depends on axioms: [propext, Classical.choice, Quot.sound]
'ASGinzburg.CutQuiver.ginzburgHomology_succ_isZero_iff_cycles' depends on axioms: [propext,
 Classical.choice,
 Quot.sound]
'ASGinzburg.CutQuiver.ginzburgDifferential_dualArrow_snoc_coeff' depends on axioms: [propext,
 Classical.choice,
 Quot.sound]
'ASGinzburg.CutQuiver.originalGinzburgLinearMap' depends on axioms: [propext, Classical.choice, Quot.sound]
'ASGinzburg.CutQuiver.originalGinzburgLinearMap_range' depends on axioms: [propext, Classical.choice, Quot.sound]
'ASGinzburg.CutQuiver.Path.originalGinzburg_comp' depends on axioms: [propext, Quot.sound]
'ASGinzburg.CutQuiver.ginzburgCohomologicalComponent_eq_bot_of_pos' depends on axioms: [propext,
 Classical.choice,
 Quot.sound]
'ASGinzburg.CutQuiver.ginzburgGeneratorDifferential_original_square' depends on axioms: [propext,
 Classical.choice,
 Quot.sound]
'ASGinzburg.CutQuiver.GinzburgPath.differential_cut' depends on axioms: [propext, Classical.choice, Quot.sound]
'ASGinzburg.CutQuiver.GinzburgPath.differential_winding' depends on axioms: [propext, Classical.choice, Quot.sound]
'ASGinzburg.CutQuiver.ginzburgDifferential_sign' depends on axioms: [propext, Classical.choice, Quot.sound]
'ASGinzburg.CutQuiver.ginzburgDualArrowHessianPrefix_eq' depends on axioms: [propext, Classical.choice, Quot.sound]
'ASGinzburg.CutQuiver.ginzburgDualArrowHessianPrefix_coeff_all' depends on axioms: [propext,
 Classical.choice,
 Quot.sound]
'ASGinzburg.CutQuiver.ginzburgDualCoefficientClass_surjective' depends on axioms: [propext,
 Classical.choice,
 Quot.sound]
'ASGinzburg.CutQuiver.ginzburgDualLayerDifferential_mem' depends on axioms: [propext, Classical.choice, Quot.sound]
'ASGinzburg.CutQuiver.ginzburgDualLayerQuotient_cycle' depends on axioms: [propext, Classical.choice, Quot.sound]
'ASGinzburg.CutQuiver.ginzburgGeneratorFilteredComplex_d' depends on axioms: [propext, Classical.choice, Quot.sound]
'ASGinzburg.CutQuiver.ginzburgLoopADualOppositeRepresentableComponentEquiv_coordinate' depends on axioms: [propext,
 Classical.choice,
 Quot.sound]
'ASGinzburg.CutQuiver.ginzburgFilteredLeftTerm' depends on axioms: [propext, Classical.choice, Quot.sound]
'ASGinzburg.CutQuiver.ginzburgFilteredLeftCochainMap_inclusion' depends on axioms: [propext,
 Classical.choice,
 Quot.sound]
'ASGinzburg.CutQuiver.ginzburgFilteredToPrefix_coefficient' depends on axioms: [propext, Classical.choice, Quot.sound]
'ASGinzburg.CutQuiver.ginzburgAssociatedLeftHomology' depends on axioms: [propext, Classical.choice, Quot.sound]
'ASGinzburg.CutQuiver.ginzburgFilteredQuotientHomology_left_naturality' depends on axioms: [propext,
 Classical.choice,
 Quot.sound]
'ASGinzburg.CutQuiver.ginzburgOriginalUnitCutRepresentative' depends on axioms: [propext, Classical.choice, Quot.sound]
'ASGinzburg.CutQuiver.ginzburgOriginalRepresentableProjectiveMap_unit_basis' depends on axioms: [propext,
 Classical.choice,
 Quot.sound]
'ASGinzburg.CutQuiver.ginzburgOriginalFilteredCutMap_cycle' depends on axioms: [propext, Classical.choice, Quot.sound]
'ASGinzburg.CutQuiver.ginzburgMiddleBottomInclusion' depends on axioms: [propext, Classical.choice, Quot.sound]
'ASGinzburg.CutQuiver.ginzburgGeneratorFiltrationRadicalMap_cut' depends on axioms: [propext,
 Classical.choice,
 Quot.sound]
'ASGinzburg.CutQuiver.ginzburgPrefixTopFixedHomologyIso_left_naturality' depends on axioms: [propext,
 Classical.choice,
 Quot.sound]
'ASGinzburg.CutQuiver.ginzburgAppendGeneratorEmbedding' depends on axioms: [propext, Quot.sound]
'ASGinzburg.CutQuiver.ginzburgAppendGenerator_coefficient_other' depends on axioms: [propext,
 Classical.choice,
 Quot.sound]
'ASGinzburg.CutQuiver.ginzburgLoopCoefficientFamilyEquiv' depends on axioms: [propext, Classical.choice, Quot.sound]
'ASGinzburg.CutQuiver.ginzburgLoopLayerHomologyCoefficientIso' depends on axioms: [propext,
 Classical.choice,
 Quot.sound]
'ASGinzburg.CutQuiver.ginzburgDualToOriginalHomology_left_naturality' depends on axioms: [propext,
 Classical.choice,
 Quot.sound]
'ASGinzburg.CutQuiver.originalGinzburgArrowPath' does not depend on any axioms
'ASGinzburg.CutQuiver.ginzburgGeneratorDifferential' depends on axioms: [propext, Classical.choice, Quot.sound]
'ASGinzburg.CutQuiver.ginzburgGeneratorFiltrationAtDegree_le_augmentation' depends on axioms: [propext,
 Classical.choice,
 Quot.sound]
'ASGinzburg.CutQuiver.ginzburgGeneratorFilteredAugmentationInclusion_negTwo_isIso' depends on axioms: [propext,
 Classical.choice,
 Quot.sound]
'ASGinzburg.CutQuiver.GinzburgRegular.generatorFilteredNegTwoHomology_isZero' depends on axioms: [propext,
 Classical.choice,
 Quot.sound]
'ASGinzburg.CutQuiver.ginzburgGeneratorFilteredDifferential_square' depends on axioms: [propext,
 Classical.choice,
 Quot.sound]
'ASGinzburg.CutQuiver.ginzburgGeneratorFilteredDifferential_mem_higherLayer' depends on axioms: [propext,
 Classical.choice,
 Quot.sound]
'ASGinzburg.CutQuiver.ginzburgGeneratorFiltrationPaths_of_degree' depends on axioms: [propext,
 Classical.choice,
 Quot.sound]
'ASGinzburg.CutQuiver.ginzburgGeneratorFiltration_le_augmentation' depends on axioms: [propext,
 Classical.choice,
 Quot.sound]
'ASGinzburg.CutQuiver.GinzburgArrow.cohomologicalDegree_upper' depends on axioms: [propext,
 Classical.choice,
 Quot.sound]
'ASGinzburg.CutQuiver.ginzburgGeneratorFiltration_negTwo' depends on axioms: [propext, Classical.choice, Quot.sound]
'ASGinzburg.CutQuiver.ginzburgGeneratorDualToOriginalHomology_comp' depends on axioms: [propext,
 Classical.choice,
 Quot.sound]
'ASGinzburg.CutQuiver.ginzburgGeneratorFiltrationRadicalMap_isCokernel' depends on axioms: [propext,
 Classical.choice,
 Quot.sound]
'ASGinzburg.CutQuiver.ginzburgGeneratorFiltration_antitone' depends on axioms: [propext, Classical.choice, Quot.sound]
'ASGinzburg.CutQuiver.ginzburgDifferential_mem_generatorFiltration' depends on axioms: [propext,
 Classical.choice,
 Quot.sound]
'ASGinzburg.CutQuiver.ginzburgGeneratorFilteredQuotientHomology' depends on axioms: [propext,
 Classical.choice,
 Quot.sound]
'ASGinzburg.CutQuiver.ginzburgGeneratorFilteredQuotientHomology_comp_connecting' depends on axioms: [propext,
 Classical.choice,
 Quot.sound]
'ASGinzburg.CutQuiver.ginzburgGeneratorFiltrationHomology_exact₃' depends on axioms: [propext,
 Classical.choice,
 Quot.sound]
'ASGinzburg.CutQuiver.ginzburgGeneratorLoopToDualHomology_comp' depends on axioms: [propext,
 Classical.choice,
 Quot.sound]
'ASGinzburg.CutQuiver.GinzburgRegular.loopDualShortComplex_exact' depends on axioms: [propext,
 Classical.choice,
 Quot.sound]
'ASGinzburg.CutQuiver.ginzburgGeneratorMiddleAugmentationHomologyIso' depends on axioms: [propext,
 Classical.choice,
 Quot.sound]
'ASGinzburg.CutQuiver.ginzburgGeneratorFiltrationRadicalMap_epi' depends on axioms: [propext,
 Classical.choice,
 Quot.sound]
'ASGinzburg.CutQuiver.ginzburgGeneratorFilteredInclusion_comp_quotient' depends on axioms: [propext,
 Classical.choice,
 Quot.sound]
'ASGinzburg.CutQuiver.GinzburgRegular.lowestGeneratorConnecting_isIso' depends on axioms: [propext,
 Classical.choice,
 Quot.sound]
'ASGinzburg.CutQuiver.Path.originalGinzburg_cutDegree' depends on axioms: [propext, Quot.sound]
'ASGinzburg.CutQuiver.originalGinzburgLinearMap_cut' depends on axioms: [propext, Classical.choice, Quot.sound]
'ASGinzburg.CutQuiver.ginzburgCutComponent_le_winding' depends on axioms: [propext, Classical.choice, Quot.sound]
'ASGinzburg.CutQuiver.ginzburgGeneratorHomologyTerm' depends on axioms: [propext, Classical.choice, Quot.sound]
'ASGinzburg.CutQuiver.ginzburgGeneratorHomologyChainComplex' depends on axioms: [propext, Classical.choice, Quot.sound]
'ASGinzburg.CutQuiver.GinzburgRegular.generatorHomologyAugmentation_quasiIso' depends on axioms: [propext,
 Classical.choice,
 Quot.sound]
'ASGinzburg.CutQuiver.ginzburgDualGeneratorEquiv' depends on axioms: [propext, Classical.choice, Quot.sound]
'ASGinzburg.CutQuiver.ginzburgDualGeneratorEquiv_apply_val' depends on axioms: [propext, Classical.choice, Quot.sound]
'ASGinzburg.CutQuiver.ginzburgDualGeneratorPrefixLift' depends on axioms: [propext, Classical.choice, Quot.sound]
'ASGinzburg.CutQuiver.ginzburgGeneratorLoopArrowEntry' depends on axioms: [propext, Classical.choice, Quot.sound]
'ASGinzburg.CutQuiver.ginzburgGeneratorPrefixOutgoing_zero' depends on axioms: [propext, Classical.choice, Quot.sound]
'ASGinzburg.CutQuiver.ginzburgAssociatedGradedAugmentation' depends on axioms: [propext, Classical.choice, Quot.sound]
'ASGinzburg.CutQuiver.ginzburgGeneratorLayerDegreeEquiv' depends on axioms: [propext, Classical.choice, Quot.sound]
'ASGinzburg.CutQuiver.ginzburgGeneratorLayerClass' depends on axioms: [propext, Classical.choice, Quot.sound]
'ASGinzburg.CutQuiver.ginzburgGeneratorLayerQuotientEquiv_symm' depends on axioms: [propext,
 Classical.choice,
 Quot.sound]
'ASGinzburg.CutQuiver.ginzburgGeneratorPrefixSingleLayer' depends on axioms: [propext, Classical.choice, Quot.sound]
'ASGinzburg.CutQuiver.ginzburgGeneratorPrefixDifferential_piSingle' depends on axioms: [propext,
 Classical.choice,
 Quot.sound]
'ASGinzburg.CutQuiver.ginzburgGeneratorPrefixToGradedRow_differential' depends on axioms: [propext,
 Classical.choice,
 Quot.sound]
'ASGinzburg.CutQuiver.ginzburgGeneratorPrefixHomology_isZero_of_above' depends on axioms: [propext,
 Classical.choice,
 Quot.sound]
'ASGinzburg.CutQuiver.ginzburgGeneratorPrefixToAssociatedGraded_f_isIso' depends on axioms: [propext,
 Classical.choice,
 Quot.sound]
'ASGinzburg.CutQuiver.ginzburgAssociatedGradedHomology' depends on axioms: [propext, Classical.choice, Quot.sound]
'ASGinzburg.CutQuiver.GinzburgRegular.associatedGradedHomology_isZero' depends on axioms: [propext,
 Classical.choice,
 Quot.sound]
'ASGinzburg.CutQuiver.ginzburgGeneratorPrefixToGradedRow_eq_equiv' depends on axioms: [propext,
 Classical.choice,
 Quot.sound]
'ASGinzburg.CutQuiver.ginzburgGeneratorFiltrationDegreePaths_difference' depends on axioms: [propext,
 Classical.choice,
 Quot.sound]
'ASGinzburg.CutQuiver.ginzburgGeneratorLayerPaths' does not depend on any axioms
'ASGinzburg.CutQuiver.ginzburgGeneratorLayerPaths_disjoint' depends on axioms: [propext, Classical.choice, Quot.sound]
'ASGinzburg.CutQuiver.ginzburgGeneratorLayerAtDegree' depends on axioms: [propext, Classical.choice, Quot.sound]
'ASGinzburg.CutQuiver.ginzburgGeneratorFiltration_step' depends on axioms: [propext, Classical.choice, Quot.sound]
'ASGinzburg.CutQuiver.ginzburgGeneratorFiltrationAtDegree_one' depends on axioms: [propext,
 Classical.choice,
 Quot.sound]
'ASGinzburg.CutQuiver.ginzburgGeneratorPrefixPreviousEquiv_symm_apply_coe' depends on axioms: [propext,
 Classical.choice,
 Quot.sound]
'ASGinzburg.CutQuiver.ginzburgGeneratorPrefixBoundaryQuotientModule' depends on axioms: [propext,
 Classical.choice,
 Quot.sound]
'ASGinzburg.CutQuiver.ginzburgSignedShiftDifferential' depends on axioms: [propext, Classical.choice, Quot.sound]
'ASGinzburg.CutQuiver.ginzburgGeneratorPrefixComplex' depends on axioms: [propext, Classical.choice, Quot.sound]
'ASGinzburg.CutQuiver.ginzburgGeneratorPrefixTopEquiv' depends on axioms: [propext, Classical.choice, Quot.sound]
'ASGinzburg.CutQuiver.ginzburgGeneratorPrefixPreviousEquiv_apply_coe' depends on axioms: [propext,
 Classical.choice,
 Quot.sound]
'ASGinzburg.CutQuiver.ginzburgGeneratorPrefixHomology' depends on axioms: [propext, Classical.choice, Quot.sound]
'ASGinzburg.CutQuiver.ginzburgGeneratorBoundaryFamilyJacobianEquiv' depends on axioms: [propext,
 Classical.choice,
 Quot.sound]
'ASGinzburg.CutQuiver.ginzburgGeneratorPrefixTopHomologyUnrolledIso' depends on axioms: [propext,
 Classical.choice,
 Quot.sound]
'ASGinzburg.CutQuiver.ginzburgGeneratorPrefixIncomingDifferential' depends on axioms: [propext,
 Classical.choice,
 Quot.sound]
'ASGinzburg.CutQuiver.ginzburgGeneratorPrefixTopShortComplexIso' depends on axioms: [propext,
 Classical.choice,
 Quot.sound]
'ASGinzburg.ZAlgebra.ginzburgGeneratorCoefficientModule' depends on axioms: [propext, Classical.choice, Quot.sound]
'ASGinzburg.ZAlgebra.ginzburgGeneratorCoefficientComponentEquiv_action' depends on axioms: [propext,
 Classical.choice,
 Quot.sound]
'ASGinzburg.CutQuiver.ginzburgLoopGeneratorEndpoint' depends on axioms: [propext, Classical.choice, Quot.sound]
'ASGinzburg.CutQuiver.ginzburgAppendGenerator_mem_layerAtDegree' depends on axioms: [propext,
 Classical.choice,
 Quot.sound]
'ASGinzburg.CutQuiver.ginzburgGeneratorPrefix_top_cycle' depends on axioms: [propext, Classical.choice, Quot.sound]
'ASGinzburg.CutQuiver.ginzburgGeneratorUnitLayer_coefficients' depends on axioms: [propext,
 Classical.choice,
 Quot.sound]
'ASGinzburg.CutQuiver.ginzburgGeneratorUnitLayer_eq_singleClass' depends on axioms: [propext,
 Classical.choice,
 Quot.sound]
'ASGinzburg.CutQuiver.ginzburgGeneratorHigherLayer_zero' depends on axioms: [propext, Classical.choice, Quot.sound]
'ASGinzburg.CutQuiver.ginzburgGeneratorFilteredZeroIso' depends on axioms: [propext, Classical.choice, Quot.sound]
'ASGinzburg.CutQuiver.ginzburgGeneratorPrefixGradedIso_inv_f' depends on axioms: [propext, Classical.choice, Quot.sound]
'ASGinzburg.CutQuiver.GinzburgArrow.target' does not depend on any axioms
'ASGinzburg.CutQuiver.GinzburgArrow.winding' does not depend on any axioms
'ASGinzburg.CutQuiver.GinzburgArrow.original_dual_winding_sum' depends on axioms: [propext]
'ASGinzburg.CutQuiver.ginzburgHessianOppositeArrowIncidence' depends on axioms: [propext, Quot.sound]
'ASGinzburg.CutQuiver.ginzburgHessianOppositeSource' depends on axioms: [propext, Classical.choice, Quot.sound]
'ASGinzburg.CutQuiver.ginzburgHessianPathComponent' depends on axioms: [propext, Classical.choice, Quot.sound]
'ASGinzburg.CutQuiver.ginzburgGeneratorHessianEntry_pathClass' depends on axioms: [propext,
 Classical.choice,
 Quot.sound]
'ASGinzburg.CutQuiver.ginzburgHomologyJacobianComponentIsomorphism' depends on axioms: [propext,
 Classical.choice,
 Quot.sound]
'ASGinzburg.CutQuiver.ginzburgTotalHomologyZeroComponentRingIso' depends on axioms: [propext,
 Classical.choice,
 Quot.sound]
'ASGinzburg.CutQuiver.ginzburgZeroId_val' depends on axioms: [propext, Classical.choice, Quot.sound]
'ASGinzburg.CutQuiver.ginzburgZeroComp_assoc' depends on axioms: [propext, Classical.choice, Quot.sound]
'ASGinzburg.CutQuiver.id_ginzburgHomologyZeroComp' depends on axioms: [propext, Classical.choice, Quot.sound]
'ASGinzburg.CutQuiver.GinzburgHomologyComponent' depends on axioms: [propext, Classical.choice, Quot.sound]
'ASGinzburg.CutQuiver.ginzburgHomologyComponentJacobianEquiv_comp' depends on axioms: [propext,
 Classical.choice,
 Quot.sound]
'ASGinzburg.CutQuiver.ginzburgGradedDifferential_zero' depends on axioms: [propext, Classical.choice, Quot.sound]
'ASGinzburg.CutQuiver.ginzburgZeroShortComplex_g' depends on axioms: [propext, Classical.choice, Quot.sound]
'ASGinzburg.CutQuiver.ginzburgGradedBoundary_map' depends on axioms: [propext, Classical.choice, Quot.sound]
'ASGinzburg.CutQuiver.ginzburgHomologyZeroComp' depends on axioms: [propext, Classical.choice, Quot.sound]
'ASGinzburg.CutQuiver.ginzburgZeroHomologyClass_surjective' depends on axioms: [propext, Classical.choice, Quot.sound]
'ASGinzburg.CutQuiver.ginzburgGeneratorLoopArrowEntry_heq_of_eq' depends on axioms: [propext,
 Classical.choice,
 Quot.sound]
'ASGinzburg.CutQuiver.ginzburgGeneratorLoopArrowEntry_opposite_indexed' depends on axioms: [propext,
 Classical.choice,
 Quot.sound]
'ASGinzburg.CutQuiver.ginzburgDualOppositeBase_eq' depends on axioms: [propext, Classical.choice, Quot.sound]
'ASGinzburg.CutQuiver.ginzburgBoundarySpace_le_pathJacobianIdeal' depends on axioms: [propext,
 Classical.choice,
 Quot.sound]
'ASGinzburg.CutQuiver.ginzburgCutZeroQuotientUnrolledEquiv_original_mk' depends on axioms: [propext,
 Classical.choice,
 Quot.sound]
'ASGinzburg.CutQuiver.originalGinzburgDegreeZeroEquiv_symm_comp' depends on axioms: [propext,
 Classical.choice,
 Quot.sound]
'ASGinzburg.CutQuiver.ginzburgHomologyZeroJacobianIso_comp' depends on axioms: [propext, Classical.choice, Quot.sound]
'ASGinzburg.CutQuiver.GinzburgLastGeneratorData' does not depend on any axioms
'ASGinzburg.CutQuiver.GinzburgPath.lastGenerator' depends on axioms: [propext]
'ASGinzburg.CutQuiver.ginzburgNonemptyLastEquiv' depends on axioms: [propext, Quot.sound]
'ASGinzburg.CutQuiver.ginzburgAppendGenerator_mem_layer' depends on axioms: [propext, Classical.choice, Quot.sound]
'ASGinzburg.CutQuiver.GinzburgLastGeneratorData.path_cutDegree' does not depend on any axioms
'ASGinzburg.CutQuiver.GinzburgLastGeneratorData.atDegreeEquiv' depends on axioms: [propext,
 Classical.choice,
 Quot.sound]
'ASGinzburg.CutQuiver.ginzburgPrefixGradedIso_inv_left_naturality' depends on axioms: [propext,
 Classical.choice,
 Quot.sound]
'ASGinzburg.CutQuiver.ginzburgLayerProjectiveComponentIso_left_naturality' depends on axioms: [propext,
 Classical.choice,
 Quot.sound]
'ASGinzburg.CutQuiver.GinzburgRegular.leftSimple_hasProjectiveDimensionLE' depends on axioms: [propext,
 Classical.choice,
 Quot.sound]
'ASGinzburg.CutQuiver.GinzburgRegular.leftSimpleProjectiveResolution_isZero_ge_four' depends on axioms: [propext,
 Classical.choice,
 Quot.sound]
'ASGinzburg.CutQuiver.GinzburgPath.differential_comp' depends on axioms: [propext, Classical.choice, Quot.sound]
'ASGinzburg.CutQuiver.ginzburgLoopArrowDualPrefix_eq' depends on axioms: [propext, Classical.choice, Quot.sound]
'ASGinzburg.CutQuiver.ginzburgLoopArrowDifferential_val' depends on axioms: [propext, Classical.choice, Quot.sound]
'ASGinzburg.ZAlgebra.ginzburgLoopCoefficientEvaluationEquiv' depends on axioms: [propext, Classical.choice, Quot.sound]
'ASGinzburg.ZAlgebra.ginzburgLoopRepresentableHomEquiv_apply' depends on axioms: [propext, Classical.choice, Quot.sound]
'ASGinzburg.CutQuiver.ginzburgLoopADualOppositeRepresentableComponentEquiv' depends on axioms: [propext,
 Classical.choice,
 Quot.sound]
'ASGinzburg.CutQuiver.ginzburgLoopLayerDifferential_cycle' depends on axioms: [propext, Classical.choice, Quot.sound]
'ASGinzburg.CutQuiver.ginzburgLoopDifferential_dual_path_coeff' depends on axioms: [propext,
 Classical.choice,
 Quot.sound]
'ASGinzburg.CutQuiver.ginzburgLoopDualProjectiveComponent_class' depends on axioms: [propext,
 Classical.choice,
 Quot.sound]
'ASGinzburg.CutQuiver.ginzburgDifferential_originalArrow' depends on axioms: [propext, Classical.choice, Quot.sound]
'ASGinzburg.CutQuiver.ginzburgDifferential_dualOriginal' depends on axioms: [propext, Classical.choice, Quot.sound]
'ASGinzburg.CutQuiver.ginzburgGeneratorDifferential_square' depends on axioms: [propext, Classical.choice, Quot.sound]
'ASGinzburg.CutQuiver.GinzburgRegular.simpleProjectiveResolution_homComplex_exactAt_low' depends on axioms: [propext,
 Classical.choice,
 Quot.sound]
'ASGinzburg.CutQuiver.GinzburgRegular.exists_ASResolution' depends on axioms: [propext, Classical.choice, Quot.sound]
'ASGinzburg.CutQuiver.GinzburgRegular.distinguishedExtThree_finrank' depends on axioms: [propext,
 Classical.choice,
 Quot.sound]
'ASGinzburg.CutQuiver.GinzburgRegular.nativeHom_zero_kernel' depends on axioms: [propext, Classical.choice, Quot.sound]
'ASGinzburg.CutQuiver.ginzburgCutComponent_eq_zero_of_nonempty_of_not_height_lt' depends on axioms: [propext,
 Classical.choice,
 Quot.sound]
'ASGinzburg.CutQuiver.GinzburgRegular.simpleExt_three_off_diagonal_eq_zero' depends on axioms: [propext,
 Classical.choice,
 Quot.sound]
'ASGinzburg.CutQuiver.ginzburgOppositeOriginalArrowProduct' depends on axioms: [propext, Classical.choice, Quot.sound]
'ASGinzburg.CutQuiver.ginzburgDualOppositeOriginalEquiv_concrete' depends on axioms: [propext,
 Classical.choice,
 Quot.sound]
'ASGinzburg.CutQuiver.ginzburgOriginalADualOppositeComponentEquiv_coefficients' depends on axioms: [propext,
 Classical.choice,
 Quot.sound]
'ASGinzburg.CutQuiver.ginzburgIncomingOppositeOutgoingEquiv' depends on axioms: [propext, Classical.choice, Quot.sound]
'ASGinzburg.CutQuiver.ginzburgDualOppositeOriginalEquiv' depends on axioms: [propext, Classical.choice, Quot.sound]
'ASGinzburg.CutQuiver.ginzburgOriginalOppositeDualEndpoint' depends on axioms: [propext, Classical.choice, Quot.sound]
'ASGinzburg.CutQuiver.ginzburgOriginalOppositeCoefficientEquiv_apply' depends on axioms: [propext,
 Classical.choice,
 Quot.sound]
'ASGinzburg.CutQuiver.ginzburgOriginalOppositeCoefficientEquiv' depends on axioms: [propext,
 Classical.choice,
 Quot.sound]
'ASGinzburg.CutQuiver.ginzburgDualADualOppositeComponentEquiv' depends on axioms: [propext,
 Classical.choice,
 Quot.sound]
'ASGinzburg.CutQuiver.ginzburgOriginalFilteredToPrefix' depends on axioms: [propext, Classical.choice, Quot.sound]
'ASGinzburg.CutQuiver.ginzburgOriginalFilteredToPrefix_coefficient' depends on axioms: [propext,
 Classical.choice,
 Quot.sound]
'ASGinzburg.CutQuiver.GinzburgPathComponent' depends on axioms: [propext, Classical.choice, Quot.sound]
'ASGinzburg.CutQuiver.ginzburgPathId' depends on axioms: [propext, Classical.choice, Quot.sound]
'ASGinzburg.CutQuiver.ginzburgPathComp_assoc' depends on axioms: [propext, Classical.choice, Quot.sound]
'ASGinzburg.CutQuiver.ginzburgSign' depends on axioms: [propext]
'ASGinzburg.CutQuiver.ginzburgArrowPath' does not depend on any axioms
'ASGinzburg.CutQuiver.ginzburgDifferential_single' depends on axioms: [propext, Classical.choice, Quot.sound]
'ASGinzburg.CutQuiver.ginzburgDifferential_generator' depends on axioms: [propext, Classical.choice, Quot.sound]
'ASGinzburg.CutQuiver.GinzburgArrow.finite' depends on axioms: [propext, Classical.choice, Quot.sound]
'ASGinzburg.CutQuiver.GinzburgPath.boundedWord_injective' depends on axioms: [propext, Classical.choice, Quot.sound]
'ASGinzburg.CutQuiver.ginzburgCutComponent_finite' depends on axioms: [propext, Classical.choice, Quot.sound]
'ASGinzburg.CutQuiver.GinzburgPath.toList_injective' depends on axioms: [propext]
'ASGinzburg.CutQuiver.Path.originalGinzburg_toList' depends on axioms: [propext, Quot.sound]
'ASGinzburg.CutQuiver.originalPathEquivDegreeZero' depends on axioms: [propext, Classical.choice, Quot.sound]
'ASGinzburg.CutQuiver.GinzburgPath.toList' does not depend on any axioms
'ASGinzburg.CutQuiver.GinzburgPath.winding' does not depend on any axioms
'ASGinzburg.CutQuiver.GinzburgPath.nil_comp' depends on axioms: [propext]
'ASGinzburg.CutQuiver.GinzburgPath.length_toList' depends on axioms: [propext]
'ASGinzburg.CutQuiver.GinzburgPath.winding_comp' depends on axioms: [propext]
'ASGinzburg.CutQuiver.GinzburgPath.winding_pos_of_length_pos' depends on axioms: [propext, Classical.choice, Quot.sound]
'ASGinzburg.CutQuiver.Path.originalGinzburg_cohomologicalDegree' depends on axioms: [propext, Quot.sound]
'ASGinzburg.CutQuiver.ginzburgHomology_isZero_of_pos' depends on axioms: [propext, Classical.choice, Quot.sound]
'ASGinzburg.CutQuiver.ginzburgAssociatedLeftTerm_mk' depends on axioms: [propext, Classical.choice, Quot.sound]
'ASGinzburg.CutQuiver.ginzburgPrefixToAssociatedGraded_left_naturality' depends on axioms: [propext,
 Classical.choice,
 Quot.sound]
'ASGinzburg.CutQuiver.ginzburgPrefixTopEquiv_leftTerm_coe' depends on axioms: [propext, Classical.choice, Quot.sound]
'ASGinzburg.CutQuiver.ginzburgPrefixTopFixedUnrolledEquiv_unit' depends on axioms: [propext,
 Classical.choice,
 Quot.sound]
'ASGinzburg.CutQuiver.ginzburgPrefixCoefficientFixedUnrolledEquiv_mk' depends on axioms: [propext,
 Classical.choice,
 Quot.sound]
'ASGinzburg.CutQuiver.ginzburgPrefixCoefficientCutEquiv' depends on axioms: [propext, Classical.choice, Quot.sound]
'ASGinzburg.CutQuiver.ginzburgPrefixTopFixedUnrolledEquiv' depends on axioms: [propext, Classical.choice, Quot.sound]
'ASGinzburg.CutQuiver.ginzburgPrefixFixedCoefficient_leftClass' depends on axioms: [propext,
 Classical.choice,
 Quot.sound]
'ASGinzburg.CutQuiver.ginzburgPrefixTopHomologyQuotientIso_class' depends on axioms: [propext,
 Classical.choice,
 Quot.sound]
'ASGinzburg.CutQuiver.ginzburgPrefixLeftTerm_differential' depends on axioms: [propext, Classical.choice, Quot.sound]
'ASGinzburg.CutQuiver.ginzburgGeneratorLayerFreeEquiv_supported_length' depends on axioms: [propext,
 Classical.choice,
 Quot.sound]
'ASGinzburg.CutQuiver.ginzburgPrefixTopHomologyQuotientIso_left_naturality' depends on axioms: [propext,
 Classical.choice,
 Quot.sound]
'ASGinzburg.CutQuiver.ginzburgCutZeroQuotientUnrolledEquiv_id' depends on axioms: [propext,
 Classical.choice,
 Quot.sound]
'ASGinzburg.CutQuiver.ginzburgPrefixCoefficientFixedUnrolledEquiv_unit' depends on axioms: [propext,
 Classical.choice,
 Quot.sound]
'ASGinzburg.CutQuiver.ginzburgDualOriginalProjectiveMap_basis' depends on axioms: [propext,
 Classical.choice,
 Quot.sound]
'ASGinzburg.ZAlgebra.ginzburgGeneratorCoefficientYoneda_inclusion' depends on axioms: [propext,
 Classical.choice,
 Quot.sound]
'ASGinzburg.CutQuiver.ginzburgOriginalDifferentialCoefficients' depends on axioms: [propext,
 Classical.choice,
 Quot.sound]
'ASGinzburg.CutQuiver.ginzburgLoopDualProjectiveComponent' depends on axioms: [propext, Classical.choice, Quot.sound]
'ASGinzburg.CutQuiver.ginzburgDualOriginalProjectiveComponent_left_naturality' depends on axioms: [propext,
 Classical.choice,
 Quot.sound]
'ASGinzburg.CutQuiver.GinzburgRegular.loopDualProjectiveComponent_mono' depends on axioms: [propext,
 Classical.choice,
 Quot.sound]
'ASGinzburg.CutQuiver.ginzburgProjectiveConnectingShortComplex' depends on axioms: [propext,
 Classical.choice,
 Quot.sound]
'ASGinzburg.CutQuiver.ginzburgLoopDualLiftedMap' depends on axioms: [propext, Classical.choice, Quot.sound]
'ASGinzburg.CutQuiver.ginzburgDualOriginalProjectiveMap' depends on axioms: [propext, Classical.choice, Quot.sound]
'ASGinzburg.CutQuiver.ginzburgLoopDualProjectiveMap_component' depends on axioms: [propext,
 Classical.choice,
 Quot.sound]
'ASGinzburg.CutQuiver.ginzburgDualOriginalProjectiveComponent_algebra_naturality' depends on axioms: [propext,
 Classical.choice,
 Quot.sound]
'ASGinzburg.CutQuiver.ginzburgLoopDualProjectiveMap_coordinates' depends on axioms: [propext,
 Classical.choice,
 Quot.sound]
'ASGinzburg.CutQuiver.ginzburgOriginalRadicalProjectiveComponent_left_naturality' depends on axioms: [propext,
 Classical.choice,
 Quot.sound]
'ASGinzburg.CutQuiver.ginzburgProjectiveDualRadicalComponentShortComplex' depends on axioms: [propext,
 Classical.choice,
 Quot.sound]
'ASGinzburg.CutQuiver.ginzburgProjectiveDualRadicalShortComplex' depends on axioms: [propext,
 Classical.choice,
 Quot.sound]
'ASGinzburg.CutQuiver.ginzburgDualOriginalProjectiveMap_comp_representable' depends on axioms: [propext,
 Classical.choice,
 Quot.sound]
'ASGinzburg.CutQuiver.ginzburgProjectiveOriginalSimpleShortComplex_exact' depends on axioms: [propext,
 Classical.choice,
 Quot.sound]
'ASGinzburg.CutQuiver.ginzburgOriginalRadicalProjectiveMap' depends on axioms: [propext, Classical.choice, Quot.sound]
'ASGinzburg.CutQuiver.ginzburgOriginalRadicalProjectiveMap_epi' depends on axioms: [propext,
 Classical.choice,
 Quot.sound]
'ASGinzburg.ZAlgebra.asResolutionTermOneComponentEquiv' depends on axioms: [propext, Classical.choice, Quot.sound]
'ASGinzburg.CutQuiver.ginzburgDualLayerHomologyTermTwoIso' depends on axioms: [propext, Classical.choice, Quot.sound]
'ASGinzburg.CutQuiver.ginzburgDualOriginalProjectiveMap_yoneda_hessian' depends on axioms: [propext,
 Classical.choice,
 Quot.sound]
'ASGinzburg.CutQuiver.ginzburgReflectionSign_ne_zero' depends on axioms: [propext, Classical.choice, Quot.sound]
'ASGinzburg.CutQuiver.ginzburgReflectionSign_succ_mul' depends on axioms: [propext, Classical.choice, Quot.sound]
'ASGinzburg.CutQuiver.GinzburgRegular.asRegular' depends on axioms: [propext, Classical.choice, Quot.sound]
'ASGinzburg.CutQuiver.ginzburgTotalCochainComplexTermIso' depends on axioms: [propext, Classical.choice, Quot.sound]
'ASGinzburg.CutQuiver.ginzburgTotalHomology_isZero_iff' depends on axioms: [propext, Classical.choice, Quot.sound]
'ASGinzburg.CutQuiver.GinzburgRegular.simpleExtPreservesExactColimits' depends on axioms: [propext,
 Classical.choice,
 Quot.sound]
'ASGinzburg.CutQuiver.ginzburgASProjectiveComplexTerm_finite' depends on axioms: [propext, Classical.choice, Quot.sound]
'ASGinzburg.CutQuiver.GinzburgRegular.simple_ext_ge_four_eq_zero' depends on axioms: [propext,
 Classical.choice,
 Quot.sound]
'ASGinzburg.CutQuiver.ginzburgDualCoefficientClass_single' depends on axioms: [propext, Classical.choice, Quot.sound]
'ASGinzburg.CutQuiver.ginzburgGeneratorUnitRepresentative_val' depends on axioms: [propext,
 Classical.choice,
 Quot.sound]
'ASGinzburg.CutQuiver.ginzburgSign_mul_self' depends on axioms: [propext, Classical.choice, Quot.sound]
'ASGinzburg.CutQuiver.ginzburgDifferential_square_single' depends on axioms: [propext, Classical.choice, Quot.sound]
'ASGinzburg.CutQuiver.ginzburgSupported_comp' depends on axioms: [propext, Classical.choice, Quot.sound]
'ASGinzburg.CutQuiver.ginzburgTotalHomologyZeroJacobianIso' depends on axioms: [propext, Classical.choice, Quot.sound]
'ASGinzburg.CutQuiver.ginzburgUnitLoopDifferential_val' depends on axioms: [propext, Classical.choice, Quot.sound]
'ASGinzburg.CutQuiver.ginzburgUnitDualHessianPrefix_eq' depends on axioms: [propext, Classical.choice, Quot.sound]
'ASGinzburg.CutQuiver.ginzburgUnrolledAugmentation' depends on axioms: [propext, Classical.choice, Quot.sound]
'ASGinzburg.CutQuiver.ginzburgUpperProjectiveComponentIso_coefficients' depends on axioms: [propext,
 Classical.choice,
 Quot.sound]
'ASGinzburg.CutQuiver.ginzburgUpperProjectiveComponentIso' depends on axioms: [propext, Classical.choice, Quot.sound]
'ASGinzburg.CutQuiver.ginzburgZeroComp_boundary_left' depends on axioms: [propext, Classical.choice, Quot.sound]
'ASGinzburg.CutQuiver.ginzburgZeroQuotientCompRight' depends on axioms: [propext, Classical.choice, Quot.sound]
'ASGinzburg.CutQuiver.ginzburgZeroQuotientComp' depends on axioms: [propext, Classical.choice, Quot.sound]
'ASGinzburg.gradedZeroComponent_homogeneous_eq_zero' depends on axioms: [propext, Classical.choice, Quot.sound]
'ASGinzburg.gradedModule_eq_zero_of_boundedBelow_nilpotent_action_span_top' depends on axioms: [propext,
 Classical.choice,
 Quot.sound]
'ASGinzburg.quadraticHilbert' does not depend on any axioms
'ASGinzburg.quadraticHilbert_third_difference' depends on axioms: [propext, Classical.choice, Quot.sound]
'ASGinzburg.colimitLimitExchangeIso' depends on axioms: [propext, Classical.choice, Quot.sound]
'ASGinzburg.parallelPairDiagramPreservesColimits' depends on axioms: [propext, Classical.choice, Quot.sound]
'ASGinzburg.moduleCatExactCoproducts' depends on axioms: [propext, Classical.choice, Quot.sound]
'ASGinzburg.homologyAugmentation' depends on axioms: [propext, Classical.choice, Quot.sound]
'ASGinzburg.homologyAugmentation_quasiIso_iff' depends on axioms: [propext, Classical.choice, Quot.sound]
'ASGinzburg.reverseCochainHomotopyFunctor' depends on axioms: [propext, Classical.choice, Quot.sound]
'ASGinzburg.reverseChainHomotopyUnitIso' depends on axioms: [propext, Classical.choice, Quot.sound]
'ASGinzburg.homotopyMapCounitIso' depends on axioms: [propext, Classical.choice, Quot.sound]
'ASGinzburg.homotopy_op' depends on axioms: [propext, Classical.choice, Quot.sound]
'ASGinzburg.homotopyOpInverse' depends on axioms: [propext, Classical.choice, Quot.sound]
'ASGinzburg.homotopyOpEquivalence' depends on axioms: [propext, Classical.choice, Quot.sound]
'ASGinzburg.ZAlgebra.indecomposableBasisLift_mkQ' depends on axioms: [propext, Classical.choice, Quot.sound]
'ASGinzburg.ZAlgebra.Homomorphism.indecomposableMap' depends on axioms: [propext, Classical.choice, Quot.sound]
'ASGinzburg.ZAlgebra.Homomorphism.surjective_of_indecomposable_surjective' depends on axioms: [propext,
 Classical.choice,
 Quot.sound]
'ASGinzburg.CutQuiver.pathCutCompBetweenLinear' depends on axioms: [propext, Classical.choice, Quot.sound]
'ASGinzburg.CutQuiver.cutJacobianQuotientCompRight_mk' depends on axioms: [propext, Classical.choice, Quot.sound]
'ASGinzburg.CutQuiver.cutJacobianQuotientComp_mk' depends on axioms: [propext, Classical.choice, Quot.sound]
'ASGinzburg.CutQuiver.homogeneousJacobianUnrolledEquiv_comp' depends on axioms: [propext, Classical.choice, Quot.sound]
'ASGinzburg.CutQuiver.unrolledJacobianLiftQuotientHeightEquiv' depends on axioms: [propext,
 Classical.choice,
 Quot.sound]
'ASGinzburg.ZAlgebra.leftModuleExtZeroPreservesColimits' depends on axioms: [propext, Classical.choice, Quot.sound]
'ASGinzburg.ZAlgebra.leftFiniteProjectiveExtPreservesColimits' depends on axioms: [propext,
 Classical.choice,
 Quot.sound]
'ASGinzburg.ZAlgebra.leftFiniteDimensionalExtPreservesCoproducts' depends on axioms: [propext,
 Classical.choice,
 Quot.sound]
'ASGinzburg.ZAlgebra.leftFiniteDimensionalExtCoproductIso_inclusion_hom' depends on axioms: [propext,
 Classical.choice,
 Quot.sound]
'ASGinzburg.ZAlgebra.leftFiniteDimensionalExtRegularCoproductEquiv_inclusion' depends on axioms: [propext,
 Classical.choice,
 Quot.sound]
'ASGinzburg.ZAlgebra.leftFiniteDimensionalExtTotalAlgebraLinearEquiv_action' depends on axioms: [propext,
 Classical.choice,
 Quot.sound]
'ASGinzburg.ZAlgebra.leftModuleHomPrecomp_injective' depends on axioms: [propext, Classical.choice, Quot.sound]
'ASGinzburg.ZAlgebra.leftModuleEvaluationPreservesColimitsOfShape' depends on axioms: [propext,
 Classical.choice,
 Quot.sound]
'ASGinzburg.ZAlgebra.leftModuleHomPrecompNat' depends on axioms: [propext, Classical.choice, Quot.sound]
'ASGinzburg.ZAlgebra.leftModuleHomShortComplex_exact_component' depends on axioms: [propext,
 Classical.choice,
 Quot.sound]
'ASGinzburg.ZAlgebra.leftModuleHomKernelForkIsLimit' depends on axioms: [propext, Classical.choice, Quot.sound]
'ASGinzburg.ZAlgebra.leftModuleHomPreservesExactColimits' depends on axioms: [propext, Classical.choice, Quot.sound]
'ASGinzburg.ZAlgebra.leftModuleCoproductHomLimitComponentIso_hom_π' depends on axioms: [propext,
 Classical.choice,
 Quot.sound]
'ASGinzburg.ZAlgebra.leftFiniteCoproductHomPreservesColimitsOfShape' depends on axioms: [propext,
 Classical.choice,
 Quot.sound]
'ASGinzburg.ZAlgebra.leftRepresentableFunctor' depends on axioms: [propext, Classical.choice, Quot.sound]
'ASGinzburg.ZAlgebra.leftModuleCoyonedaLinear' depends on axioms: [propext, Classical.choice, Quot.sound]
'ASGinzburg.ZAlgebra.leftModuleADualMap' depends on axioms: [propext, Classical.choice, Quot.sound]
'ASGinzburg.ZAlgebra.representableBidualIso' depends on axioms: [propext, Classical.choice, Quot.sound]
'ASGinzburg.ZAlgebra.leftModuleProperty_closedUnderColimits' depends on axioms: [propext, Classical.choice, Quot.sound]
'ASGinzburg.ZAlgebra.leftModuleInclusionCreatesLimitsOfShape' depends on axioms: [propext, Classical.choice, Quot.sound]
'ASGinzburg.ZAlgebra.leftModuleCoimageImageComparisonIsIso' depends on axioms: [propext, Classical.choice, Quot.sound]
'ASGinzburg.ZAlgebra.leftModuleInclusionPreservesFiniteColimits' depends on axioms: [propext,
 Classical.choice,
 Quot.sound]
'ASGinzburg.ZAlgebra.freeLeftModuleπ' depends on axioms: [propext, Classical.choice, Quot.sound]
'ASGinzburg.ZAlgebra.leftModuleEnoughProjectives' depends on axioms: [propext, Classical.choice, Quot.sound]
'ASGinzburg.ZAlgebra.leftModuleHasExt' depends on axioms: [propext, Classical.choice, Quot.sound]
'ASGinzburg.ZAlgebra.leftModuleExtPrecomp' depends on axioms: [propext, Classical.choice, Quot.sound]
'ASGinzburg.ZAlgebra.leftModuleExtDimensionShiftNatIso' depends on axioms: [propext, Classical.choice, Quot.sound]
'ASGinzburg.ZAlgebra.leftModuleExtBoundaryShortComplex_exact_component' depends on axioms: [propext,
 Classical.choice,
 Quot.sound]
'ASGinzburg.ZAlgebra.leftModuleExtBoundaryCoforkIsColimit' depends on axioms: [propext, Classical.choice, Quot.sound]
'ASGinzburg.ZAlgebra.leftModuleExtRight' depends on axioms: [propext, Classical.choice, Quot.sound]
'ASGinzburg.ZAlgebra.leftModuleExtBoundaryRight' depends on axioms: [propext, Classical.choice, Quot.sound]
'ASGinzburg.ZAlgebra.leftModuleExtDimensionShiftRightIso_hom' depends on axioms: [propext, Classical.choice, Quot.sound]
'ASGinzburg.ZAlgebra.leftModuleADualMap_extRightZeroIso_inv' depends on axioms: [propext, Classical.choice, Quot.sound]
'ASGinzburg.ZAlgebra.leftModuleExt_smul_comp' depends on axioms: [propext, Classical.choice, Quot.sound]
'ASGinzburg.ZAlgebra.leftModuleExtBoundary' depends on axioms: [propext, Classical.choice, Quot.sound]
'ASGinzburg.ZAlgebra.leftModuleExtZeroBoundary_bijective' depends on axioms: [propext, Classical.choice, Quot.sound]
'ASGinzburg.ZAlgebra.leftModuleExtCovariant' depends on axioms: [propext, Classical.choice, Quot.sound]
'ASGinzburg.ZAlgebra.leftModuleEvaluation' depends on axioms: [propext, Classical.choice, Quot.sound]
'ASGinzburg.ZAlgebra.leftModuleEvaluationPreservesFiniteColimits' depends on axioms: [propext,
 Classical.choice,
 Quot.sound]
'ASGinzburg.ZAlgebra.leftModuleKernelObjIso' depends on axioms: [propext, Classical.choice, Quot.sound]
'ASGinzburg.ZAlgebra.leftModule_exact_iff_inclusion' depends on axioms: [propext, Classical.choice, Quot.sound]
'ASGinzburg.ZAlgebra.leftModule_mono_iff' depends on axioms: [propext, Classical.choice, Quot.sound]
'ASGinzburg.ZAlgebra.leftModule_epi_iff_surjective' depends on axioms: [propext, Classical.choice, Quot.sound]
'ASGinzburg.ZAlgebra.leftModule_shortExact_iff' depends on axioms: [propext, Classical.choice, Quot.sound]
'ASGinzburg.ZAlgebra.leftRepresentableYonedaEquiv_apply' depends on axioms: [propext, Classical.choice, Quot.sound]
'ASGinzburg.ZAlgebra.leftRepresentableProjective' depends on axioms: [propext, Classical.choice, Quot.sound]
'ASGinzburg.ZAlgebra.leftRepresentableLinear' depends on axioms: [propext, Classical.choice, Quot.sound]
'ASGinzburg.ZAlgebra.representableFunctorAdditive' depends on axioms: [propext, Classical.choice, Quot.sound]
'ASGinzburg.ZAlgebra.rightModuleADual' depends on axioms: [propext, Classical.choice, Quot.sound]
'ASGinzburg.ZAlgebra.rightModuleADualFunctor' depends on axioms: [propext, Classical.choice, Quot.sound]
'ASGinzburg.ZAlgebra.leftRegularCoproduct' depends on axioms: [propext, Classical.choice, Quot.sound]
'ASGinzburg.ZAlgebra.leftRegularCoproduct_inclusion_projection' depends on axioms: [propext,
 Classical.choice,
 Quot.sound]
'ASGinzburg.ZAlgebra.leftRegularCoproduct_inclusion_action' depends on axioms: [propext, Classical.choice, Quot.sound]
'ASGinzburg.ZAlgebra.leftRegularCoproductAction_smul' depends on axioms: [propext, Classical.choice, Quot.sound]
'ASGinzburg.ZAlgebra.leftRegularCoproductAction_comp_off' depends on axioms: [propext, Classical.choice, Quot.sound]
'ASGinzburg.ZAlgebra.leftRegularExtGrLinearEquiv' depends on axioms: [propext, Classical.choice, Quot.sound]
'ASGinzburg.ZAlgebra.leftRegularTotalAlgebraEquiv' depends on axioms: [propext, Classical.choice, Quot.sound]
'ASGinzburg.ZAlgebra.leftRegularMatrixElement' depends on axioms: [propext, Classical.choice, Quot.sound]
'ASGinzburg.ZAlgebra.leftRegularTotalComponentsEquiv_symm_single' depends on axioms: [propext,
 Classical.choice,
 Quot.sound]
'ASGinzburg.ZAlgebra.leftRegularTotalAlgebraEquiv_action' depends on axioms: [propext, Classical.choice, Quot.sound]
'ASGinzburg.ZAlgebra.leftResolutionDualComplexEvaluationIso' depends on axioms: [propext, Classical.choice, Quot.sound]
'ASGinzburg.ZAlgebra.leftResolutionDualFourTerm' depends on axioms: [propext, Classical.choice, Quot.sound]
'ASGinzburg.ZAlgebra.leftResolutionBidualTopProjection' depends on axioms: [propext, Classical.choice, Quot.sound]
'ASGinzburg.ZAlgebra.leftResolutionBidualTopProjection_differential' depends on axioms: [propext,
 Classical.choice,
 Quot.sound]
'ASGinzburg.ZAlgebra.LeftSubmodule' depends on axioms: [propext, Classical.choice, Quot.sound]
'ASGinzburg.ZAlgebra.LeftSubmodule.presheafLinear' depends on axioms: [propext, Classical.choice, Quot.sound]
'ASGinzburg.ZAlgebra.LeftSubmodule.inclusionMono' depends on axioms: [propext, Classical.choice, Quot.sound]
'ASGinzburg.ZAlgebra.LeftSubmodule.quotientπEpi' depends on axioms: [propext, Classical.choice, Quot.sound]
'ASGinzburg.ZAlgebra.liftedModuleIndexEquiv' depends on axioms: [propext, Classical.choice, Quot.sound]
'ASGinzburg.ZAlgebra.liftedModuleIndexFunctorIsEquivalence' depends on axioms: [propext, Classical.choice, Quot.sound]
'ASGinzburg.ZAlgebra.rightModuleHomOfLiftedComponents' depends on axioms: [propext, Classical.choice, Quot.sound]
'ASGinzburg.linearCoyonedaPrecompositionIso' depends on axioms: [propext, Classical.choice, Quot.sound]
'ASGinzburg.exactExt_smul_comp' depends on axioms: [propext, Classical.choice, Quot.sound]
'ASGinzburg.exactExtPostcomp' depends on axioms: [propext, Classical.choice, Quot.sound]
'ASGinzburg.exactExtCovariantLinear' depends on axioms: [propext, Classical.choice, Quot.sound]
'ASGinzburg.exactExtPostcompIso_conjugation' depends on axioms: [propext, Classical.choice, Quot.sound]
'ASGinzburg.ZAlgebra.LinearIdeal.comp_mem_mul' depends on axioms: [propext, Classical.choice, Quot.sound]
'ASGinzburg.linearPresheafProperty_closedUnderLimits' depends on axioms: [propext, Classical.choice, Quot.sound]
'ASGinzburg.linearPresheafHasColimitsOfShape' depends on axioms: [propext, Classical.choice, Quot.sound]
'ASGinzburg.linearPresheafHasFiniteProducts' depends on axioms: [propext, Classical.choice, Quot.sound]
'ASGinzburg.linearPresheafInclusionPreservesFiniteLimits' depends on axioms: [propext, Classical.choice, Quot.sound]
'ASGinzburg.linearRepresentationPrecomposition' depends on axioms: [propext, Classical.choice, Quot.sound]
'ASGinzburg.linearRepresentationPrecompositionFaithful' depends on axioms: [propext, Classical.choice, Quot.sound]
'ASGinzburg.linearRepresentationPrecompositionIsEquivalence' depends on axioms: [propext, Classical.choice, Quot.sound]
'ASGinzburg.ZAlgebra.rightTotalLocallyUnitalFunctorAdditive' depends on axioms: [propext, Classical.choice, Quot.sound]
'ASGinzburg.ZAlgebra.leftTotalLocallyUnitalFunctorLinear' depends on axioms: [propext, Classical.choice, Quot.sound]
'ASGinzburg.ZAlgebra.rightLocallyUnitalComponentFunctorLinear' depends on axioms: [propext,
 Classical.choice,
 Quot.sound]
'ASGinzburg.ZAlgebra.leftLocallyUnitalHasFiniteProducts' depends on axioms: [propext, Classical.choice, Quot.sound]
'ASGinzburg.ZAlgebra.rightLocallyUnitalAbelian' depends on axioms: [propext, Classical.choice, Quot.sound]
'ASGinzburg.ZAlgebra.leftLocallyUnitalHasExt' depends on axioms: [propext, Classical.choice, Quot.sound]
'ASGinzburg.ZAlgebra.rightUnitizationComponentSum_action' depends on axioms: [propext, Classical.choice, Quot.sound]
'ASGinzburg.ZAlgebra.leftUnitization_smul_decomposition' depends on axioms: [propext, Classical.choice, Quot.sound]
'ASGinzburg.ZAlgebra.rightUnitizationComponentSumModuleMap' depends on axioms: [propext, Classical.choice, Quot.sound]
'ASGinzburg.ZAlgebra.leftUnitizationComponentSumModuleMap_natural' depends on axioms: [propext,
 Classical.choice,
 Quot.sound]
'ASGinzburg.ZAlgebra.rightLocallyUnitalCounitIso' depends on axioms: [propext, Classical.choice, Quot.sound]
'ASGinzburg.ZAlgebra.leftLocallyUnitalEquivalence' depends on axioms: [propext, Classical.choice, Quot.sound]
'ASGinzburg.ZAlgebra.rightTotalLocallyUnitalFunctorIsEquivalence' depends on axioms: [propext,
 Classical.choice,
 Quot.sound]
'ASGinzburg.ZAlgebra.rightLocallyUnitalExtModule' depends on axioms: [propext, Classical.choice, Quot.sound]
'ASGinzburg.ZAlgebra.leftLocallyUnitalExtLinearEquiv' depends on axioms: [propext, Classical.choice, Quot.sound]
'ASGinzburg.exactEquivalenceExtAddEquiv_precomp' depends on axioms: [propext, Classical.choice, Quot.sound]
'ASGinzburg.ZAlgebra.leftLocallyUnitalExtLinearEquiv_toAddEquiv' depends on axioms: [propext,
 Classical.choice,
 Quot.sound]
'ASGinzburg.ZAlgebra.rightLocallyUnitalExtLinearEquiv_toAddEquiv' depends on axioms: [propext,
 Classical.choice,
 Quot.sound]
'ASGinzburg.ZAlgebra.totalUnitization' depends on axioms: [propext, Classical.choice, Quot.sound]
'ASGinzburg.ZAlgebra.leftTotalUnitalRepresentation' depends on axioms: [propext, Classical.choice, Quot.sound]
'ASGinzburg.ZAlgebra.leftTotalUnitizationModule' depends on axioms: [propext, Classical.choice, Quot.sound]
'ASGinzburg.ZAlgebra.rightTotalUnitalRepresentation_op_coe' depends on axioms: [propext, Classical.choice, Quot.sound]
'ASGinzburg.ZAlgebra.leftTotalModule_component_smul' depends on axioms: [propext, Classical.choice, Quot.sound]
'ASGinzburg.ZAlgebra.rightLocallyUnitalProperty' depends on axioms: [propext, Classical.choice, Quot.sound]
'ASGinzburg.ZAlgebra.leftTotalModule_locally_unital' depends on axioms: [propext, Classical.choice, Quot.sound]
'ASGinzburg.ZAlgebra.rightTotalLocallyUnitalModule' depends on axioms: [propext, Classical.choice, Quot.sound]
'ASGinzburg.ZAlgebra.MinimalPathPresentation.liftIncomingFamily' depends on axioms: [propext,
 Classical.choice,
 Quot.sound]
'ASGinzburg.ZAlgebra.MinimalPathPresentation.arrowSubstitution_commutes' depends on axioms: [propext,
 Classical.choice,
 Quot.sound]
'ASGinzburg.ZAlgebra.MinimalPathPresentation.basisChangeIsomorphism' depends on axioms: [propext,
 Classical.choice,
 Quot.sound]
'ASGinzburg.ZAlgebra.MinimalPathPresentation.indecomposableEquiv' depends on axioms: [propext,
 Classical.choice,
 Quot.sound]
'ASGinzburg.ZAlgebra.MinimalPathPresentation.indecomposableChangeEquiv_commutes' depends on axioms: [propext,
 Classical.choice,
 Quot.sound]
'ASGinzburg.CutQuiver.minimalRelationBasisLift_class' depends on axioms: [propext, Classical.choice, Quot.sound]
'ASGinzburg.ZAlgebra.LinearIdeal.mul_hom_le_left' depends on axioms: [propext, Classical.choice, Quot.sound]
'ASGinzburg.CutQuiver.relationDecomposables_le' depends on axioms: [propext, Classical.choice, Quot.sound]
'ASGinzburg.CutQuiver.minimalRelation_mk_eq_zero_iff' depends on axioms: [propext, Classical.choice, Quot.sound]
'ASGinzburg.ZAlgebra.rightModuleBidualEvaluation_natural' depends on axioms: [propext, Classical.choice, Quot.sound]
'ASGinzburg.ZAlgebra.leftModuleBidualElement' depends on axioms: [propext, Classical.choice, Quot.sound]
'ASGinzburg.ZAlgebra.leftRepresentableBidualEvaluation_comp_iso' depends on axioms: [propext,
 Classical.choice,
 Quot.sound]
'ASGinzburg.ZAlgebra.leftModuleADualFunctorAdditive' depends on axioms: [propext, Classical.choice, Quot.sound]
'ASGinzburg.ZAlgebra.rightModuleBidualEvaluationNatTrans' depends on axioms: [propext, Classical.choice, Quot.sound]
'ASGinzburg.ZAlgebra.leftModuleBidualFunctorAdditive' depends on axioms: [propext, Classical.choice, Quot.sound]
'ASGinzburg.moduleCatShortComplexQuotientMap' depends on axioms: [propext, Classical.choice, Quot.sound]
'ASGinzburg.moduleCatFiniteCoproduct_finite' depends on axioms: [propext, Classical.choice, Quot.sound]
'ASGinzburg.moduleCatRestrictionReflectsSmallColimits' depends on axioms: [propext, Classical.choice, Quot.sound]
'ASGinzburg.moduleCochainConnecting_exists' depends on axioms: [propext, Classical.choice, Quot.sound]
'ASGinzburg.moduleCochainHomologyClass_naturality' depends on axioms: [propext, Classical.choice, Quot.sound]
'ASGinzburg.moduleCochainCokernelHomologyIso_class' depends on axioms: [propext, Classical.choice, Quot.sound]
'ASGinzburg.moduleFieldRestrictionResolution' depends on axioms: [propext, Classical.choice, Quot.sound]
'ASGinzburg.moduleTensorFunctor' depends on axioms: [propext, Quot.sound]
'ASGinzburg.moduleTensorBifunctor_obj_additive' depends on axioms: [propext, Classical.choice, Quot.sound]
'ASGinzburg.ZAlgebra.leftModuleVectorDual' depends on axioms: [propext, Classical.choice, Quot.sound]
'ASGinzburg.ZAlgebra.rightModuleVectorBidualEvaluation' depends on axioms: [propext, Classical.choice, Quot.sound]
'ASGinzburg.ZAlgebra.leftModuleVectorDual_finite' depends on axioms: [propext, Classical.choice, Quot.sound]
'ASGinzburg.ZAlgebra.rightModuleVectorBidualEvaluation_natural' depends on axioms: [propext,
 Classical.choice,
 Quot.sound]
'ASGinzburg.ZAlgebra.leftModuleVectorDualFunctor' depends on axioms: [propext, Classical.choice, Quot.sound]
'ASGinzburg.ZAlgebra.rightModuleVectorDualFunctorLinear' depends on axioms: [propext, Classical.choice, Quot.sound]
'ASGinzburg.ZAlgebra.rightFiniteDimensionalNakayamaInverseAdditive' depends on axioms: [propext,
 Classical.choice,
 Quot.sound]
'ASGinzburg.ZAlgebra.rightFiniteDimensionalNakayamaInverseSimpleIso' depends on axioms: [propext,
 Classical.choice,
 Quot.sound]
'ASGinzburg.ZAlgebra.rightVertexFiltration_nakayama_inverse_window' depends on axioms: [propext,
 Classical.choice,
 Quot.sound]
'ASGinzburg.ZAlgebra.rightFiniteWindowNakayamaRepresentableIso_hom_cover' depends on axioms: [propext,
 Classical.choice,
 Quot.sound]
'ASGinzburg.ZAlgebra.rightFiniteWindowNakayamaComponentEquiv_coherent' depends on axioms: [propext,
 Classical.choice,
 Quot.sound]
'ASGinzburg.ZAlgebra.rightFiniteWindowNakayamaSimpleIsoWith' depends on axioms: [propext, Classical.choice, Quot.sound]
'ASGinzburg.ZAlgebra.rightFiniteWindowNakayamaFunctor_underlying_map' depends on axioms: [propext,
 Classical.choice,
 Quot.sound]
'ASGinzburg.ZAlgebra.rightFiniteWindowNakayamaComponentEquiv_hom' depends on axioms: [propext,
 Classical.choice,
 Quot.sound]
'ASGinzburg.ZAlgebra.rightFiniteWindowNakayamaFunctor' depends on axioms: [propext, Classical.choice, Quot.sound]
'ASGinzburg.ZAlgebra.rightFiniteWindowNakayamaCounitIso' depends on axioms: [propext, Classical.choice, Quot.sound]
'ASGinzburg.ZAlgebra.rightFiniteWindowNakayamaFunctorLinear' depends on axioms: [propext, Classical.choice, Quot.sound]
'ASGinzburg.ZAlgebra.rightFiniteWindowNakayama_shortExact' depends on axioms: [propext, Classical.choice, Quot.sound]
'ASGinzburg.ZAlgebra.rightFiniteWindowNakayamaChosenSimpleIso_hom_eq' depends on axioms: [propext,
 Classical.choice,
 Quot.sound]
'ASGinzburg.ZAlgebra.rightFiniteWindowNakayamaChosenRepresentableCover_nonzero' depends on axioms: [propext,
 Classical.choice,
 Quot.sound]
'ASGinzburg.ZAlgebra.rightFiniteWindowNakayamaChosenRepresentableIso_hom_cover' depends on axioms: [propext,
 Classical.choice,
 Quot.sound]
'ASGinzburg.ZAlgebra.rightFiniteWindowNakayamaSimpleIso' depends on axioms: [propext, Classical.choice, Quot.sound]
'ASGinzburg.ZAlgebra.rightFiniteWindowNakayamaRepresentableProjective' depends on axioms: [propext,
 Classical.choice,
 Quot.sound]
'ASGinzburg.ZAlgebra.rightFiniteWindowNakayamaRepresentable_cover_rigidity' depends on axioms: [propext,
 Classical.choice,
 Quot.sound]
'ASGinzburg.ZAlgebra.rightVertexFiltration_nakayama_window' depends on axioms: [propext, Classical.choice, Quot.sound]
'ASGinzburg.nat_hasMapBifunctor' depends on axioms: [propext, Classical.choice, Quot.sound]
'ASGinzburg.endomorphism_eq_id_of_preserves_nonzero_map' depends on axioms: [propext, Classical.choice, Quot.sound]
'ASGinzburg.normalizedProjectiveIso_hom_unique' depends on axioms: [propext, Classical.choice, Quot.sound]
'ASGinzburg.oneDimensionalRepresentationValue' depends on axioms: [propext, Classical.choice, Quot.sound]
'ASGinzburg.oneDimensionalRightRepresentationValue' depends on axioms: [propext, Classical.choice, Quot.sound]
'ASGinzburg.oneDimensionalRightRepresentationCharacter_apply' depends on axioms: [propext, Classical.choice, Quot.sound]
'ASGinzburg.CutQuiver.oppositeBetweenSheetJacobianEquiv' depends on axioms: [propext, Classical.choice, Quot.sound]
'ASGinzburg.CutQuiver.oppositeBetweenSheetPathCutEquiv' depends on axioms: [propext, Classical.choice, Quot.sound]
'ASGinzburg.ZAlgebra.oppositeHomUnopEquiv' depends on axioms: [propext, Classical.choice, Quot.sound]
'ASGinzburg.CutQuiver.oppositeVertexEquiv' depends on axioms: [propext, Quot.sound]
'ASGinzburg.CutQuiver.opposite_winding' depends on axioms: [propext, Quot.sound]
'ASGinzburg.CutQuiver.GinzburgArrow.opposite' depends on axioms: [propext, Quot.sound]
'ASGinzburg.CutQuiver.GinzburgArrow.opposite_source' depends on axioms: [propext, Quot.sound]
'ASGinzburg.CutQuiver.GinzburgArrow.opposite_cutDegree' depends on axioms: [propext, Quot.sound]
'ASGinzburg.CutQuiver.oppositeGinzburgHomologyIso' depends on axioms: [propext, Classical.choice, Quot.sound]
'ASGinzburg.CutQuiver.ginzburgDifferential_transport' depends on axioms: [propext, Classical.choice, Quot.sound]
'ASGinzburg.CutQuiver.transportGinzburgPathComponent' depends on axioms: [propext, Classical.choice, Quot.sound]
'ASGinzburg.CutQuiver.oppositeGinzburgPathComponentEquiv_generatorDifferential' depends on axioms: [propext,
 Classical.choice,
 Quot.sound]
'ASGinzburg.CutQuiver.dualGinzburgArrowPath_opposite' depends on axioms: [propext, Quot.sound]
'ASGinzburg.CutQuiver.oppositeGinzburgCohomologicalEquiv' depends on axioms: [propext, Classical.choice, Quot.sound]
'ASGinzburg.CutQuiver.oppositeGinzburgCohomologicalEquiv_differential' depends on axioms: [propext,
 Classical.choice,
 Quot.sound]
'ASGinzburg.CutQuiver.oppositeGinzburgPathComponentEquiv' depends on axioms: [propext, Classical.choice, Quot.sound]
'ASGinzburg.CutQuiver.oppositeGinzburgPathComponentEquiv_original' depends on axioms: [propext,
 Classical.choice,
 Quot.sound]
'ASGinzburg.CutQuiver.GinzburgArrow.unopposite_target' depends on axioms: [propext, Quot.sound]
'ASGinzburg.CutQuiver.GinzburgPath.unopposite' depends on axioms: [propext, Quot.sound]
'ASGinzburg.CutQuiver.oppositeGinzburgPathEquiv' depends on axioms: [propext, Quot.sound]
'ASGinzburg.CutQuiver.GinzburgPath.opposite' depends on axioms: [propext, Quot.sound]
'ASGinzburg.CutQuiver.GinzburgPath.opposite_cohomologicalDegree' depends on axioms: [propext, Quot.sound]
'ASGinzburg.CutQuiver.GinzburgPath.opposite_comp' depends on axioms: [propext, Quot.sound]
'ASGinzburg.CutQuiver.oppositeGinzburgSignedEquiv_differential' depends on axioms: [propext,
 Classical.choice,
 Quot.sound]
'ASGinzburg.CutQuiver.oppositeJacobianCutQuotientEquiv_mk' depends on axioms: [propext, Classical.choice, Quot.sound]
'ASGinzburg.CutQuiver.oppositeJacobianLeftRight_exact' depends on axioms: [propext, Classical.choice, Quot.sound]
'ASGinzburg.CutQuiver.oppositeJacobianLeftFiniteSumIso' depends on axioms: [propext, Classical.choice, Quot.sound]
'ASGinzburg.CutQuiver.oppositeJacobianRightFiniteProjective' depends on axioms: [propext, Classical.choice, Quot.sound]
'ASGinzburg.CutQuiver.oppositeJacobianLinearEquivalence' depends on axioms: [propext, Classical.choice, Quot.sound]
'ASGinzburg.CutQuiver.oppositeJacobianLeftRightEquivalence' depends on axioms: [propext, Classical.choice, Quot.sound]
'ASGinzburg.CutQuiver.oppositeJacobianLinearEquivalence_inverse_index' depends on axioms: [propext,
 Classical.choice,
 Quot.sound]
'ASGinzburg.CutQuiver.oppositeJacobianLeftRepresentableIso' depends on axioms: [propext, Classical.choice, Quot.sound]
'ASGinzburg.CutQuiver.oppositeJacobianLeftSimpleIso' depends on axioms: [propext, Classical.choice, Quot.sound]
'ASGinzburg.CutQuiver.Path.opposite' depends on axioms: [propext, Quot.sound]
'ASGinzburg.CutQuiver.Path.opposite_cutDegree' depends on axioms: [propext, Quot.sound]
'ASGinzburg.CutQuiver.Path.opposite_comp' depends on axioms: [propext, Quot.sound]
'ASGinzburg.CutQuiver.oppositePathComponentEquiv_comp' depends on axioms: [propext, Classical.choice, Quot.sound]
'ASGinzburg.CutQuiver.oppositePathComponentEquiv_cut_map' depends on axioms: [propext, Classical.choice, Quot.sound]
'ASGinzburg.CutQuiver.oppositePathComponentEquiv_wordMap' depends on axioms: [propext, Classical.choice, Quot.sound]
'ASGinzburg.CutQuiver.Path.unopposite' depends on axioms: [propext, Quot.sound]
'ASGinzburg.CutQuiver.oppositePathEquiv' depends on axioms: [propext, Quot.sound]
'ASGinzburg.CutQuiver.oppositePotentialMap' depends on axioms: [propext, Classical.choice, Quot.sound]
'ASGinzburg.CutQuiver.oppositeReflectedJacobianComponentEquiv' depends on axioms: [propext,
 Classical.choice,
 Quot.sound]
'ASGinzburg.CutQuiver.oppositeReflectedJacobianIso' depends on axioms: [propext, Classical.choice, Quot.sound]
'ASGinzburg.CutQuiver.oppositeUnrolledJacobianHomEquiv_id' depends on axioms: [propext, Classical.choice, Quot.sound]
'ASGinzburg.CutQuiver.Path.nil_comp' depends on axioms: [propext]
'ASGinzburg.CutQuiver.Path.winding_comp' depends on axioms: [propext]
'ASGinzburg.CutQuiver.pathId' depends on axioms: [propext, Classical.choice, Quot.sound]
'ASGinzburg.CutQuiver.id_pathComp' depends on axioms: [propext, Classical.choice, Quot.sound]
'ASGinzburg.CutQuiver.Path.unrollBetween_erase' depends on axioms: [propext, Classical.choice, Quot.sound]
'ASGinzburg.CutQuiver.pathCutComponent' depends on axioms: [propext, Classical.choice, Quot.sound]
'ASGinzburg.CutQuiver.originalGinzburgLinearMap_cutProjection' depends on axioms: [propext,
 Classical.choice,
 Quot.sound]
'ASGinzburg.CutQuiver.pathCutComponent_finite' depends on axioms: [propext, Classical.choice, Quot.sound]
'ASGinzburg.CutQuiver.pathCutComponentBasisEquiv_symm_single' depends on axioms: [propext, Classical.choice, Quot.sound]
'ASGinzburg.CutQuiver.pathCyclicDerivative_mem_pathCut' depends on axioms: [propext, Classical.choice, Quot.sound]
'ASGinzburg.CutQuiver.pathCutComponentBasisEquiv' depends on axioms: [propext, Classical.choice, Quot.sound]
'ASGinzburg.CutQuiver.baseArrowPath' does not depend on any axioms
'ASGinzburg.CutQuiver.pathWordMap_transport' depends on axioms: [propext, Classical.choice, Quot.sound]
'ASGinzburg.CutQuiver.pathVertexCommutator' depends on axioms: [propext, Classical.choice, Quot.sound]
'ASGinzburg.CutQuiver.pathCyclicDerivative_supported_degrees' depends on axioms: [propext, Classical.choice, Quot.sound]
'ASGinzburg.CutQuiver.single_path_mem_wordSpace' depends on axioms: [propext, Classical.choice, Quot.sound]
'ASGinzburg.CutQuiver.cyclicDerivative_potential_mem' depends on axioms: [propext, Classical.choice, Quot.sound]
'ASGinzburg.CutQuiver.pathWordEquiv_coe' depends on axioms: [propext, Classical.choice, Quot.sound]
'ASGinzburg.CutQuiver.cyclicHessianWord_potential_mem' depends on axioms: [propext, Classical.choice, Quot.sound]
'ASGinzburg.CutQuiver.pathWordMap_apply_toList' depends on axioms: [propext, Classical.choice, Quot.sound]
'ASGinzburg.CutQuiver.pathCyclicHessian_supported_degrees' depends on axioms: [propext, Classical.choice, Quot.sound]
'ASGinzburg.CutQuiver.Path.unrollDegree_erase_toList' depends on axioms: [propext, Classical.choice, Quot.sound]
'ASGinzburg.CutQuiver.Path.eraseDegree_unrollDegree' depends on axioms: [propext, Classical.choice, Quot.sound]
'ASGinzburg.CutQuiver.pathJacobianContexts' depends on axioms: [propext, Classical.choice, Quot.sound]
'ASGinzburg.CutQuiver.pathJacobianIdeal_eq_contextSpan' depends on axioms: [propext, Classical.choice, Quot.sound]
'ASGinzburg.CutQuiver.ginzburgCutBoundaryLift' depends on axioms: [propext, Classical.choice, Quot.sound]
'ASGinzburg.CutQuiver.pathJacobianContext_mem_cut' depends on axioms: [propext, Classical.choice, Quot.sound]
'ASGinzburg.CutQuiver.pathJacobianCut_mem_homogeneousContextSpan' depends on axioms: [propext,
 Classical.choice,
 Quot.sound]
'ASGinzburg.CutQuiver.pathCyclicDerivative_mem_pathJacobianIdeal' depends on axioms: [propext,
 Classical.choice,
 Quot.sound]
'ASGinzburg.CutQuiver.pathJacobianIdeal_le_boundary' depends on axioms: [propext, Classical.choice, Quot.sound]
'ASGinzburg.CutQuiver.pathComponentAlgebra' depends on axioms: [propext, Classical.choice, Quot.sound]
'ASGinzburg.CutQuiver.PathQuotientRing' depends on axioms: [propext, Classical.choice, Quot.sound]
'ASGinzburg.CutQuiver.pathQuotientRingMap_surjective' depends on axioms: [propext, Classical.choice, Quot.sound]
'ASGinzburg.CutQuiver.pathQuotientRingMap_eq_zero_iff' depends on axioms: [propext, Classical.choice, Quot.sound]
'ASGinzburg.CutQuiver.pathJacobianRingKernelAlgEquiv' depends on axioms: [propext, Classical.choice, Quot.sound]
'ASGinzburg.CutQuiver.pathComp_mem_lengthFiltration' depends on axioms: [propext, Classical.choice, Quot.sound]
'ASGinzburg.CutQuiver.PathLinearIdeal' depends on axioms: [propext, Classical.choice, Quot.sound]
'ASGinzburg.CutQuiver.subset_generatedPathIdeal' depends on axioms: [propext, Classical.choice, Quot.sound]
'ASGinzburg.CutQuiver.PathLinearIdeal.quotientCompRight' depends on axioms: [propext, Classical.choice, Quot.sound]
'ASGinzburg.CutQuiver.PathLinearIdeal.quotientComp' depends on axioms: [propext, Classical.choice, Quot.sound]
'ASGinzburg.CutQuiver.PathLinearIdeal.id_quotientComp' depends on axioms: [propext, Classical.choice, Quot.sound]
'ASGinzburg.CutQuiver.Path.length_transport' does not depend on any axioms
'ASGinzburg.CutQuiver.UnrolledPath.transport' does not depend on any axioms
'ASGinzburg.CutQuiver.UnrolledPath.erase_transport' depends on axioms: [propext, Classical.choice, Quot.sound]
'ASGinzburg.CutQuiver.incomingSource_unroll' depends on axioms: [propext]
'ASGinzburg.CutQuiver.Path.unroll_erase_toList' depends on axioms: [propext, Classical.choice, Quot.sound]
'ASGinzburg.CutQuiver.Path.toList_sigma_injective' depends on axioms: [propext]
'ASGinzburg.CutQuiver.pathWordMap_injective' depends on axioms: [propext, Classical.choice, Quot.sound]
'ASGinzburg.ZAlgebra.PeriodIso.cornerCoordinateHomEquiv' depends on axioms: [propext, Classical.choice, Quot.sound]
'ASGinzburg.ZAlgebra.PeriodIso.cornerCoordinateHomEquiv_id' depends on axioms: [propext, Classical.choice, Quot.sound]
'ASGinzburg.ZAlgebra.PeriodIso.cornerCoverComp_val' depends on axioms: [propext, Classical.choice, Quot.sound]
'ASGinzburg.ZAlgebra.PeriodIso.cornerCoverComponentEquiv_comp' depends on axioms: [propext,
 Classical.choice,
 Quot.sound]
'ASGinzburg.ZAlgebra.PeriodIso.cornerCoverComponentEquiv_symm_id' depends on axioms: [propext,
 Classical.choice,
 Quot.sound]
'ASGinzburg.ZAlgebra.PeriodIso.cornerCoverIntegerEquiv_id' depends on axioms: [propext, Classical.choice, Quot.sound]
'ASGinzburg.ZAlgebra.PeriodIso.cornerInsertionMap' depends on axioms: [propext, Classical.choice, Quot.sound]
'ASGinzburg.ZAlgebra.PeriodIso.cornerTotalEntryMap_insertion' depends on axioms: [propext, Classical.choice, Quot.sound]
'ASGinzburg.ZAlgebra.PeriodIso.cornerModuleDegreeInsertion_injective' depends on axioms: [propext,
 Classical.choice,
 Quot.sound]
'ASGinzburg.ZAlgebra.PeriodIso.cornerModuleDegreeRangeMap_left' depends on axioms: [propext,
 Classical.choice,
 Quot.sound]
'ASGinzburg.ZAlgebra.PeriodIso.cornerModuleDegreeEquiv' depends on axioms: [propext, Classical.choice, Quot.sound]
'ASGinzburg.ZAlgebra.PeriodIso.cornerModule_lof_mem_grade' depends on axioms: [propext, Classical.choice, Quot.sound]
'ASGinzburg.ZAlgebra.PeriodIso.cornerModuleDegreeRangeEquiv_coe' depends on axioms: [propext,
 Classical.choice,
 Quot.sound]
'ASGinzburg.ZAlgebra.PeriodIso.CornerModuleSpace' depends on axioms: [propext, Classical.choice, Quot.sound]
'ASGinzburg.ZAlgebra.PeriodIso.cornerModuleMap_comp' depends on axioms: [propext, Classical.choice, Quot.sound]
'ASGinzburg.ZAlgebra.PeriodIso.cornerTotalEntryMap_lof' depends on axioms: [propext, Classical.choice, Quot.sound]
'ASGinzburg.ZAlgebra.PeriodIso.cornerTotalEntryMap_comp_ne' depends on axioms: [propext, Classical.choice, Quot.sound]
'ASGinzburg.ZAlgebra.PeriodIso.cornerModuleMap_naturality' depends on axioms: [propext, Classical.choice, Quot.sound]
'ASGinzburg.ZAlgebra.PeriodIso.cutAugmentationComponent' depends on axioms: [propext, Classical.choice, Quot.sound]
'ASGinzburg.ZAlgebra.PeriodIso.cutAugmentationComponent_mul' depends on axioms: [propext, Classical.choice, Quot.sound]
'ASGinzburg.ZAlgebra.PeriodIso.cutAugmentation_zero_component' depends on axioms: [propext,
 Classical.choice,
 Quot.sound]
'ASGinzburg.ZAlgebra.PeriodIso.cutAugmentationKernel' depends on axioms: [propext, Classical.choice, Quot.sound]
'ASGinzburg.ZAlgebra.PeriodIso.cutAugmentation_linear_eq' depends on axioms: [propext, Classical.choice, Quot.sound]
'ASGinzburg.ZAlgebra.PeriodIso.mem_cutAugmentationKernel_iff' depends on axioms: [propext, Classical.choice, Quot.sound]
'ASGinzburg.ZAlgebra.PeriodIso.CutGradedRightModule.ordinary_hasProjectiveDimensionLE_of_boundedBelow_tor_four' depends on axioms: [propext,
 Classical.choice,
 Quot.sound]
'ASGinzburg.ZAlgebra.PeriodIso.cutCharacter_eq_vertex' depends on axioms: [propext, Classical.choice, Quot.sound]
'ASGinzburg.ZAlgebra.PeriodIso.CutGradedRightModule.componentRegroupEquiv_apply' depends on axioms: [propext,
 Classical.choice,
 Quot.sound]
'ASGinzburg.ZAlgebra.PeriodIso.CutGradedRightModule.totalDegreeComponentEquiv_symm_lof' depends on axioms: [propext,
 Classical.choice,
 Quot.sound]
'ASGinzburg.ZAlgebra.PeriodIso.CutGradedRightModule.componentRecomposition_eq_symm' depends on axioms: [propext,
 Classical.choice,
 Quot.sound]
'ASGinzburg.ZAlgebra.PeriodIso.cornerComponentProjection' depends on axioms: [propext, Classical.choice, Quot.sound]
'ASGinzburg.ZAlgebra.PeriodIso.cornerComponentEquiv' depends on axioms: [propext, Classical.choice, Quot.sound]
'ASGinzburg.ZAlgebra.PeriodIso.cutCornerEntry_comp' depends on axioms: [propext, Classical.choice, Quot.sound]
'ASGinzburg.ZAlgebra.PeriodIso.cornerFieldTotalFunctor' depends on axioms: [propext, Classical.choice, Quot.sound]
'ASGinzburg.ZAlgebra.PeriodIso.cornerTotalSpaceFunctor' depends on axioms: [propext, Classical.choice, Quot.sound]
'ASGinzburg.ZAlgebra.PeriodIso.cornerFieldTotalNatIso' depends on axioms: [propext, Classical.choice, Quot.sound]
'ASGinzburg.ZAlgebra.PeriodIso.cutVertexIdempotent_mul_component_ne' depends on axioms: [propext,
 Classical.choice,
 Quot.sound]
'ASGinzburg.ZAlgebra.PeriodIso.cutHomogeneous_corner_projection' depends on axioms: [propext,
 Classical.choice,
 Quot.sound]
'ASGinzburg.ZAlgebra.PeriodIso.cutRightRepresentation_corner_lof' depends on axioms: [propext,
 Classical.choice,
 Quot.sound]
'ASGinzburg.ZAlgebra.PeriodIso.cutHomogeneousComponentLinear_apply' depends on axioms: [propext,
 Classical.choice,
 Quot.sound]
'ASGinzburg.ZAlgebra.PeriodIso.cutHomogeneousComponentLinear_injective' depends on axioms: [propext,
 Classical.choice,
 Quot.sound]
'ASGinzburg.ZAlgebra.PeriodIso.cornerCoverHeight_above_bound_of_degree_below' depends on axioms: [propext,
 Classical.choice,
 Quot.sound]
'ASGinzburg.ZAlgebra.PeriodIso.CutGradedRightModule.degreeComponentEquiv_symm_lof_val' depends on axioms: [propext,
 Classical.choice,
 Quot.sound]
'ASGinzburg.ZAlgebra.PeriodIso.cutDegreeZeroComponent_comp' depends on axioms: [propext, Classical.choice, Quot.sound]
'ASGinzburg.ZAlgebra.PeriodIso.cutDegreeZeroFoundationLinearEquiv_mul' depends on axioms: [propext,
 Classical.choice,
 Quot.sound]
'ASGinzburg.ZAlgebra.PeriodIso.CutEnvelopingBlock' depends on axioms: [propext, Classical.choice, Quot.sound]
'ASGinzburg.ZAlgebra.PeriodIso.cutEnvelopingHomogeneousInclusion_tmul' depends on axioms: [propext,
 Classical.choice,
 Quot.sound]
'ASGinzburg.ZAlgebra.PeriodIso.CutEnvelopingDegreePairs' does not depend on any axioms
'ASGinzburg.ZAlgebra.PeriodIso.cutEnvelopingDegreeEquiv_apply' depends on axioms: [propext,
 Classical.choice,
 Quot.sound]
'ASGinzburg.ZAlgebra.PeriodIso.cutEnvelopingDegreePairFinEquiv' depends on axioms: [propext, Quot.sound]
'ASGinzburg.ZAlgebra.PeriodIso.cutEnvelopingDegreePair_zero' depends on axioms: [propext, Quot.sound]
'ASGinzburg.ZAlgebra.PeriodIso.cornerFiniteProjective_ring_finite' depends on axioms: [propext,
 Classical.choice,
 Quot.sound]
'ASGinzburg.ZAlgebra.PeriodIso.cornerModuleRingFunctorPreservesColimits' depends on axioms: [propext,
 Classical.choice,
 Quot.sound]
'ASGinzburg.ZAlgebra.PeriodIso.cornerModuleRingFunctorPreservesFiniteLimits' depends on axioms: [propext,
 Classical.choice,
 Quot.sound]
'ASGinzburg.ZAlgebra.PeriodIso.cornerModuleRingFunctor_exact_iff' depends on axioms: [propext,
 Classical.choice,
 Quot.sound]
'ASGinzburg.ZAlgebra.PeriodIso.cornerModuleRingFunctor' depends on axioms: [propext, Classical.choice, Quot.sound]
'ASGinzburg.ZAlgebra.PeriodIso.cornerModuleRingFunctorFaithful' depends on axioms: [propext,
 Classical.choice,
 Quot.sound]
'ASGinzburg.ZAlgebra.PeriodIso.cutGradedMonoid_smul_mul' depends on axioms: [propext, Classical.choice, Quot.sound]
'ASGinzburg.ZAlgebra.PeriodIso.cutHomogeneousLinearInclusion' depends on axioms: [propext, Classical.choice, Quot.sound]
'ASGinzburg.ZAlgebra.homTransport_comp_target' depends on axioms: [propext, Classical.choice, Quot.sound]
'ASGinzburg.ZAlgebra.PeriodIso.CutGradedRightModule.boundedBelowMinimalResolution_grade_eq_bot' depends on axioms: [propext,
 Classical.choice,
 Quot.sound]
'ASGinzburg.ZAlgebra.PeriodIso.CutGradedRightModule.exists_boundedBelow_minimal_projectiveResolution' depends on axioms: [propext,
 Classical.choice,
 Quot.sound]
'ASGinzburg.ZAlgebra.PeriodIso.cutGradedComp_apply' depends on axioms: [propext, Classical.choice, Quot.sound]
'ASGinzburg.ZAlgebra.PeriodIso.cutGradedExt_smul_comp' depends on axioms: [propext, Classical.choice, Quot.sound]
'ASGinzburg.ZAlgebra.PeriodIso.cutGradedExtCovariantAdditive' depends on axioms: [propext, Classical.choice, Quot.sound]
'ASGinzburg.ZAlgebra.PeriodIso.cutGradedExtPostcompLinear_id' depends on axioms: [propext, Classical.choice, Quot.sound]
'ASGinzburg.ZAlgebra.PeriodIso.cutGradedExt_comp_smul' depends on axioms: [propext, Classical.choice, Quot.sound]
'ASGinzburg.ZAlgebra.PeriodIso.cutGradedForgetFunctorPreservesFiniteColimits' depends on axioms: [propext,
 Classical.choice,
 Quot.sound]
'ASGinzburg.ZAlgebra.PeriodIso.cutGradedForgetFunctorPreservesColimits' depends on axioms: [propext,
 Classical.choice,
 Quot.sound]
'ASGinzburg.ZAlgebra.PeriodIso.cornerGradedModuleFunctorFaithful' depends on axioms: [propext,
 Classical.choice,
 Quot.sound]
'ASGinzburg.ZAlgebra.PeriodIso.cutGradedJacobson_eq_comap_zero' depends on axioms: [propext,
 Classical.choice,
 Quot.sound]
'ASGinzburg.ZAlgebra.PeriodIso.cutGradedSemisimpleQuotientAlgEquiv' depends on axioms: [propext,
 Classical.choice,
 Quot.sound]
'ASGinzburg.ZAlgebra.PeriodIso.mem_cutGradedJacobson_iff' depends on axioms: [propext, Classical.choice, Quot.sound]
'ASGinzburg.ZAlgebra.PeriodIso.CutGradedLeftModule' depends on axioms: [propext, Classical.choice, Quot.sound]
'ASGinzburg.ZAlgebra.PeriodIso.CutGradedLeftModule.ringModule' depends on axioms: [propext,
 Classical.choice,
 Quot.sound]
'ASGinzburg.ZAlgebra.PeriodIso.CutGradedBlock' depends on axioms: [propext, Classical.choice, Quot.sound]
'ASGinzburg.ZAlgebra.PeriodIso.cutBlockTransport' depends on axioms: [propext, Classical.choice, Quot.sound]
'ASGinzburg.ZAlgebra.PeriodIso.cutMatrixId' depends on axioms: [propext, Classical.choice, Quot.sound]
'ASGinzburg.ZAlgebra.PeriodIso.cutMatrixComp_id_right' depends on axioms: [propext, Classical.choice, Quot.sound]
'ASGinzburg.ZAlgebra.PeriodIso.cutMaximalHomogeneous_positive_le' depends on axioms: [propext,
 Classical.choice,
 Quot.sound]
'ASGinzburg.ZAlgebra.PeriodIso.cutGradedJacobson' depends on axioms: [propext, Classical.choice, Quot.sound]
'ASGinzburg.ZAlgebra.PeriodIso.cutGradedMinimalResolution_term_isZero_of_tor' depends on axioms: [propext,
 Classical.choice,
 Quot.sound]
'ASGinzburg.ZAlgebra.PeriodIso.cornerGradedModuleMap_minimal' depends on axioms: [propext, Classical.choice, Quot.sound]
'ASGinzburg.ZAlgebra.PeriodIso.recoveredModuleFunctorIsEquivalence' depends on axioms: [propext,
 Classical.choice,
 Quot.sound]
'ASGinzburg.ZAlgebra.PeriodIso.cutGradedModuleEnoughProjectives' depends on axioms: [propext,
 Classical.choice,
 Quot.sound]
'ASGinzburg.ZAlgebra.PeriodIso.CutGradedRightModule.category' depends on axioms: [propext, Classical.choice, Quot.sound]
'ASGinzburg.ZAlgebra.PeriodIso.CutGradedRightModule.vertexProjection_preserves_grade' depends on axioms: [propext,
 Classical.choice,
 Quot.sound]
'ASGinzburg.ZAlgebra.PeriodIso.CutGradedRightModule.preadditive' depends on axioms: [propext,
 Classical.choice,
 Quot.sound]
'ASGinzburg.ZAlgebra.PeriodIso.cornerGradedModuleEquivalence_functor_linear' depends on axioms: [propext,
 Classical.choice,
 Quot.sound]
'ASGinzburg.ZAlgebra.PeriodIso.cornerGradedModuleExtAddEquiv' depends on axioms: [propext, Classical.choice, Quot.sound]
'ASGinzburg.ZAlgebra.PeriodIso.cornerGradedModuleFunctor' depends on axioms: [propext, Classical.choice, Quot.sound]
'ASGinzburg.ZAlgebra.PeriodIso.CutGradedRightModule.gradedRadicalActionSpan_action_mem' depends on axioms: [propext,
 Classical.choice,
 Quot.sound]
'ASGinzburg.ZAlgebra.PeriodIso.cornerGradedRepresentableYonedaEquiv' depends on axioms: [propext,
 Classical.choice,
 Quot.sound]
'ASGinzburg.ZAlgebra.PeriodIso.cutHomogeneousProduct' depends on axioms: [propext, Classical.choice, Quot.sound]
'ASGinzburg.ZAlgebra.PeriodIso.cutBlockMul_sigma' depends on axioms: [propext, Classical.choice, Quot.sound]
'ASGinzburg.ZAlgebra.PeriodIso.cutGradedMonoid_mul_eq' depends on axioms: [propext, Classical.choice, Quot.sound]
'ASGinzburg.ZAlgebra.PeriodIso.CutGradedRightModule.subsingleton_space_of_grade_lower_bound_radical_quotient' depends on axioms: [propext,
 Classical.choice,
 Quot.sound]
'ASGinzburg.ZAlgebra.PeriodIso.cornerRepresentableGenerator_mem_grade' depends on axioms: [propext,
 Classical.choice,
 Quot.sound]
'ASGinzburg.ZAlgebra.PeriodIso.CutGradedRightModule' depends on axioms: [propext, Classical.choice, Quot.sound]
'ASGinzburg.ZAlgebra.PeriodIso.CutGradedRightModule.rightModule' depends on axioms: [propext,
 Classical.choice,
 Quot.sound]
'ASGinzburg.ZAlgebra.PeriodIso.CutGradedRightModule.ringModule' depends on axioms: [propext,
 Classical.choice,
 Quot.sound]
'ASGinzburg.ZAlgebra.PeriodIso.cutHomogeneousInclusion' depends on axioms: [propext, Classical.choice, Quot.sound]
'ASGinzburg.ZAlgebra.PeriodIso.CutGradedRightModule.shiftedDecomposition' depends on axioms: [propext,
 Classical.choice,
 Quot.sound]
'ASGinzburg.ZAlgebra.PeriodIso.CutGradedRightModule.shiftedFunctorAdditive' depends on axioms: [propext,
 Classical.choice,
 Quot.sound]
'ASGinzburg.ZAlgebra.PeriodIso.CutGradedRightModule.shiftedAddIso' depends on axioms: [propext,
 Classical.choice,
 Quot.sound]
'ASGinzburg.ZAlgebra.PeriodIso.cornerSimpleDegreeSpace_subsingleton' depends on axioms: [propext,
 Classical.choice,
 Quot.sound]
'ASGinzburg.ZAlgebra.PeriodIso.cornerSimpleSpace_off' depends on axioms: [propext, Classical.choice, Quot.sound]
'ASGinzburg.ZAlgebra.PeriodIso.CutGradedRightModule.balancedTensorIdealAction_eq_gradedRadicalActionSpan' depends on axioms: [propext,
 Classical.choice,
 Quot.sound]
'ASGinzburg.ZAlgebra.PeriodIso.CutGradedRightModule.ringModule_isZero_of_grade_lower_bound_tensor_functor' depends on axioms: [propext,
 Classical.choice,
 Quot.sound]
'ASGinzburg.ZAlgebra.PeriodIso.cutGradedComp_id_left' depends on axioms: [propext, Classical.choice, Quot.sound]
'ASGinzburg.ZAlgebra.PeriodIso.CutGradedRightModule.hasGradingShift' depends on axioms: [propext,
 Classical.choice,
 Quot.sound]
'ASGinzburg.ZAlgebra.PeriodIso.cutHomogeneousProjection_apply' depends on axioms: [propext,
 Classical.choice,
 Quot.sound]
'ASGinzburg.ZAlgebra.PeriodIso.cutHomogeneousLeftIdeal_of_positive_le' depends on axioms: [propext,
 Classical.choice,
 Quot.sound]
'ASGinzburg.ZAlgebra.PeriodIso.cutHomogeneous_sup_positive_ne_top' depends on axioms: [propext,
 Classical.choice,
 Quot.sound]
'ASGinzburg.ZAlgebra.PeriodIso.cutVertexIdempotent_mul_self' depends on axioms: [propext, Classical.choice, Quot.sound]
'ASGinzburg.ZAlgebra.PeriodIso.cutVertexIdempotent_ne_zero' depends on axioms: [propext, Classical.choice, Quot.sound]
'ASGinzburg.ZAlgebra.PeriodIso.cutIntegerHomogeneousSpace_negative' depends on axioms: [propext,
 Classical.choice,
 Quot.sound]
'ASGinzburg.ZAlgebra.PeriodIso.cutMatrixComponentLinear' depends on axioms: [propext, Classical.choice, Quot.sound]
'ASGinzburg.ZAlgebra.PeriodIso.cutMatrixComp_component_same' depends on axioms: [propext, Classical.choice, Quot.sound]
'ASGinzburg.ZAlgebra.PeriodIso.sum_cutMatrixComponent_id' depends on axioms: [propext, Classical.choice, Quot.sound]
'ASGinzburg.ZAlgebra.PeriodIso.cutMinimalProjectiveResolution_hasProjectiveDimensionLE_of_tor_four' depends on axioms: [propext,
 Classical.choice,
 Quot.sound]
'ASGinzburg.ZAlgebra.PeriodIso.cutRightColumnMap' depends on axioms: [propext, Classical.choice, Quot.sound]
'ASGinzburg.ZAlgebra.PeriodIso.cutHomogeneousRightOperator_lof' depends on axioms: [propext,
 Classical.choice,
 Quot.sound]
'ASGinzburg.ZAlgebra.PeriodIso.CutGradedRightModule.degreeComponentEquiv' depends on axioms: [propext,
 Classical.choice,
 Quot.sound]
'ASGinzburg.ZAlgebra.PeriodIso.CutGradedRightModule.componentTotalEquiv' depends on axioms: [propext,
 Classical.choice,
 Quot.sound]
'ASGinzburg.ZAlgebra.PeriodIso.CutGradedRightModule.degreeVertexMap' depends on axioms: [propext,
 Classical.choice,
 Quot.sound]
'ASGinzburg.ZAlgebra.PeriodIso.CutGradedRightModule.degreeVertexMap_sum' depends on axioms: [propext,
 Classical.choice,
 Quot.sound]
'ASGinzburg.ZAlgebra.PeriodIso.cutRightEntryColumnMap' depends on axioms: [propext, Classical.choice, Quot.sound]
'ASGinzburg.ZAlgebra.PeriodIso.cutRightEntryColumnMap_comp' depends on axioms: [propext, Classical.choice, Quot.sound]
'ASGinzburg.ZAlgebra.PeriodIso.cutRightRingModule_smul_mem_grade' depends on axioms: [propext,
 Classical.choice,
 Quot.sound]
'ASGinzburg.ZAlgebra.PeriodIso.cutMatrixComponent_target_ne' depends on axioms: [propext, Classical.choice, Quot.sound]
'ASGinzburg.ZAlgebra.PeriodIso.cutHomogeneousRightOperator_naturality' depends on axioms: [propext,
 Classical.choice,
 Quot.sound]
'ASGinzburg.ZAlgebra.PeriodIso.cornerAtObjectEquiv' depends on axioms: [propext, Classical.choice, Quot.sound]
'ASGinzburg.ZAlgebra.PeriodIso.cornerAtObjectEquiv_naturality' depends on axioms: [propext,
 Classical.choice,
 Quot.sound]
'ASGinzburg.ZAlgebra.PeriodIso.CutGradedRightModule.sum_vertexProjection_apply' depends on axioms: [propext,
 Classical.choice,
 Quot.sound]
'ASGinzburg.ZAlgebra.PeriodIso.cornerFiniteProjective_ring_projective' depends on axioms: [propext,
 Classical.choice,
 Quot.sound]
'ASGinzburg.ZAlgebra.PeriodIso.cornerFreeRightModule_ring_projective' depends on axioms: [propext,
 Classical.choice,
 Quot.sound]
'ASGinzburg.ZAlgebra.PeriodIso.cutRegularRightFreeEquiv' depends on axioms: [propext, Classical.choice, Quot.sound]
'ASGinzburg.ZAlgebra.PeriodIso.cornerRepresentable_ring_projective' depends on axioms: [propext,
 Classical.choice,
 Quot.sound]
'ASGinzburg.ZAlgebra.PeriodIso.cutHomogeneousComponent_mem_gradedJacobson' depends on axioms: [propext,
 Classical.choice,
 Quot.sound]
'ASGinzburg.ZAlgebra.PeriodIso.cornerModuleMap_mem_positiveActionSpan_of_radical' depends on axioms: [propext,
 Classical.choice,
 Quot.sound]
'ASGinzburg.ZAlgebra.PeriodIso.cutRightRepresentation_radical_component_mem' depends on axioms: [propext,
 Classical.choice,
 Quot.sound]
'ASGinzburg.ZAlgebra.PeriodIso.cornerRadicalActionSpan_eq_top_iff_components' depends on axioms: [propext,
 Classical.choice,
 Quot.sound]
'ASGinzburg.ZAlgebra.PeriodIso.CutGradedRightModule.recoveredComponentAction' depends on axioms: [propext,
 Classical.choice,
 Quot.sound]
'ASGinzburg.ZAlgebra.PeriodIso.CutGradedRightModule.map_mem_componentSubmodule' depends on axioms: [propext,
 Classical.choice,
 Quot.sound]
'ASGinzburg.ZAlgebra.PeriodIso.CutGradedRightModule.recoveredGradedModuleIso' depends on axioms: [propext,
 Classical.choice,
 Quot.sound]
'ASGinzburg.ZAlgebra.PeriodIso.CutGradedRightModule.recoveredModuleMap' depends on axioms: [propext,
 Classical.choice,
 Quot.sound]
'ASGinzburg.ZAlgebra.PeriodIso.CutGradedRightModule.recoveredModuleFunctorLinear' depends on axioms: [propext,
 Classical.choice,
 Quot.sound]
'ASGinzburg.ZAlgebra.PeriodIso.CutGradedRightModule.recoveredTotalEquiv_symm_mem_radical' depends on axioms: [propext,
 Classical.choice,
 Quot.sound]
'ASGinzburg.ZAlgebra.PeriodIso.CutGradedRightModule.recoveredRightPresheaf' depends on axioms: [propext,
 Classical.choice,
 Quot.sound]
'ASGinzburg.ZAlgebra.PeriodIso.CutGradedRightModule.recoveredRightModule' depends on axioms: [propext,
 Classical.choice,
 Quot.sound]
'ASGinzburg.ZAlgebra.PeriodIso.CutGradedRightModule.recoveredCoordinateTotalEquiv_lof' depends on axioms: [propext,
 Classical.choice,
 Quot.sound]
'ASGinzburg.ZAlgebra.PeriodIso.CutGradedRightModule.recoveredCoordinateSpaceEquiv_val' depends on axioms: [propext,
 Classical.choice,
 Quot.sound]
'ASGinzburg.ZAlgebra.PeriodIso.CutGradedRightModule.recoveredTotalEquiv_mem_grade' depends on axioms: [propext,
 Classical.choice,
 Quot.sound]
'ASGinzburg.ZAlgebra.PeriodIso.CutGradedRightModule.representation_sum_apply' depends on axioms: [propext,
 Classical.choice,
 Quot.sound]
'ASGinzburg.ZAlgebra.PeriodIso.CutGradedRightModule.recoveredTotalEquiv_representation_action' depends on axioms: [propext,
 Classical.choice,
 Quot.sound]
'ASGinzburg.ZAlgebra.PeriodIso.CutGradedRightModule.recoveredRightModule_isZero_iff_subsingleton_space' depends on axioms: [propext,
 Classical.choice,
 Quot.sound]
'ASGinzburg.ZAlgebra.PeriodIso.cutRegularRepresentableBicone' depends on axioms: [propext, Classical.choice, Quot.sound]
'ASGinzburg.ZAlgebra.PeriodIso.cutIntegerDegreeInsertion' depends on axioms: [propext, Classical.choice, Quot.sound]
'ASGinzburg.ZAlgebra.PeriodIso.cutIntegerRegularDecompose_leftInverse' depends on axioms: [propext,
 Classical.choice,
 Quot.sound]
'ASGinzburg.ZAlgebra.PeriodIso.cutIntegerHomogeneousSpace_mul_left' depends on axioms: [propext,
 Classical.choice,
 Quot.sound]
'ASGinzburg.ZAlgebra.PeriodIso.cutRegularLeftHomogeneousMap_mul' depends on axioms: [propext,
 Classical.choice,
 Quot.sound]
'ASGinzburg.ZAlgebra.PeriodIso.cutRegularRepresentablesEquiv_apply' depends on axioms: [propext,
 Classical.choice,
 Quot.sound]
'ASGinzburg.ZAlgebra.PeriodIso.cutRegularRepresentablesEquiv_mem_grade' depends on axioms: [propext,
 Classical.choice,
 Quot.sound]
'ASGinzburg.ZAlgebra.PeriodIso.cutIntegerHomogeneousSpace_mul_right' depends on axioms: [propext,
 Classical.choice,
 Quot.sound]
'ASGinzburg.ZAlgebra.PeriodIso.cornerRepresentableActionMap' depends on axioms: [propext, Classical.choice, Quot.sound]
'ASGinzburg.ZAlgebra.PeriodIso.cornerRepresentableValueMap_generator' depends on axioms: [propext,
 Classical.choice,
 Quot.sound]
'ASGinzburg.ZAlgebra.PeriodIso.cornerGradedRepresentable_ringModule_not_isZero' depends on axioms: [propext,
 Classical.choice,
 Quot.sound]
'ASGinzburg.ZAlgebra.PeriodIso.cornerRepresentableValueMap_right_action' depends on axioms: [propext,
 Classical.choice,
 Quot.sound]
'ASGinzburg.ZAlgebra.PeriodIso.cornerRepresentableActionMap_mem_grade' depends on axioms: [propext,
 Classical.choice,
 Quot.sound]
'ASGinzburg.ZAlgebra.PeriodIso.cornerRepresentableValueMap_actionMap_homogeneous' depends on axioms: [propext,
 Classical.choice,
 Quot.sound]
'ASGinzburg.ZAlgebra.PeriodIso.cornerRepresentableValueMap_lof' depends on axioms: [propext,
 Classical.choice,
 Quot.sound]
'ASGinzburg.ZAlgebra.PeriodIso.cutRightRepresentationComponent' depends on axioms: [propext,
 Classical.choice,
 Quot.sound]
'ASGinzburg.ZAlgebra.PeriodIso.cutRightRepresentation' depends on axioms: [propext, Classical.choice, Quot.sound]
'ASGinzburg.ZAlgebra.PeriodIso.cutRightRingModule' depends on axioms: [propext, Classical.choice, Quot.sound]
'ASGinzburg.ZAlgebra.PeriodIso.cutRightRingModuleScalarTower' depends on axioms: [propext, Classical.choice, Quot.sound]
'ASGinzburg.ZAlgebra.PeriodIso.cutRightVertexProjection' depends on axioms: [propext, Classical.choice, Quot.sound]
'ASGinzburg.ZAlgebra.PeriodIso.cutRightVertexSpace' depends on axioms: [propext, Classical.choice, Quot.sound]
'ASGinzburg.ZAlgebra.PeriodIso.cornerSimpleTotal_vertex_action' depends on axioms: [propext,
 Classical.choice,
 Quot.sound]
'ASGinzburg.ZAlgebra.PeriodIso.cornerSimpleCharacter_eq_vertex' depends on axioms: [propext,
 Classical.choice,
 Quot.sound]
'ASGinzburg.ZAlgebra.PeriodIso.cornerSimpleSheetRightIso' depends on axioms: [propext, Classical.choice, Quot.sound]
'ASGinzburg.ZAlgebra.PeriodIso.cutUnderlinedExtHomogeneousOperator_lof' depends on axioms: [propext,
 Classical.choice,
 Quot.sound]
'ASGinzburg.ZAlgebra.PeriodIso.cutRegularLeftHomogeneousMap_add' depends on axioms: [propext,
 Classical.choice,
 Quot.sound]
'ASGinzburg.ZAlgebra.PeriodIso.cutUnderlinedExtHomogeneousOperator_one' depends on axioms: [propext,
 Classical.choice,
 Quot.sound]
'ASGinzburg.ZAlgebra.PeriodIso.cutUnderlinedExtHomogeneousComponent_mul' depends on axioms: [propext,
 Classical.choice,
 Quot.sound]
'ASGinzburg.ZAlgebra.PeriodIso.cutUnderlinedExtLeftModule' depends on axioms: [propext, Classical.choice, Quot.sound]
'ASGinzburg.ZAlgebra.PeriodIso.cutUnderlinedExtScalarTower' depends on axioms: [propext, Classical.choice, Quot.sound]
'ASGinzburg.ZAlgebra.PeriodIso.cutGradedExt_postcomp_comp' depends on axioms: [propext, Classical.choice, Quot.sound]
'ASGinzburg.ZAlgebra.PeriodIso.cutVertexLeftModule' depends on axioms: [propext, Classical.choice, Quot.sound]
'ASGinzburg.ZAlgebra.PeriodIso.cutVertexRightModule' depends on axioms: [propext, Classical.choice, Quot.sound]
'ASGinzburg.ZAlgebra.PeriodIso.cutZeroDiagonalLinear_mul' depends on axioms: [propext, Classical.choice, Quot.sound]
'ASGinzburg.ZAlgebra.PeriodIso.cutZeroDiagonalScalar_apply' depends on axioms: [propext, Classical.choice, Quot.sound]
'ASGinzburg.ZAlgebra.PeriodIso.cutZeroDiagonalLinear_apply' depends on axioms: [propext, Classical.choice, Quot.sound]
'ASGinzburg.ZAlgebra.PeriodIso.cutZeroKernel_le_jacobson' depends on axioms: [propext, Classical.choice, Quot.sound]
'ASGinzburg.ZAlgebra.PeriodIso.cutZeroSemisimpleQuotientAlgEquiv' depends on axioms: [propext,
 Classical.choice,
 Quot.sound]
'ASGinzburg.ZAlgebra.PeriodIso.cutZeroMatrixVanishing_one' depends on axioms: [propext, Classical.choice, Quot.sound]
'ASGinzburg.ZAlgebra.PeriodIso.cutZeroKernel_pow_vertices' depends on axioms: [propext, Classical.choice, Quot.sound]
'ASGinzburg.ZAlgebra.PeriodIso.cutZeroProjectionComponent_ne_zero' depends on axioms: [propext,
 Classical.choice,
 Quot.sound]
'ASGinzburg.ZAlgebra.PeriodIso.cutZeroProjection_homogeneous' depends on axioms: [propext, Classical.choice, Quot.sound]
'ASGinzburg.ZAlgebra.PeriodIso.cutZeroProjection_surjective' depends on axioms: [propext, Classical.choice, Quot.sound]
'ASGinzburg.ZAlgebra.PeriodIso.cutZeroRingInclusion' depends on axioms: [propext, Classical.choice, Quot.sound]
'ASGinzburg.ZAlgebra.PeriodIso.cutCharacter_zeroDiagonal_eq_zero' depends on axioms: [propext,
 Classical.choice,
 Quot.sound]
'ASGinzburg.ZAlgebra.homTransportIndecomposableEquiv_apply_mk' depends on axioms: [propext,
 Classical.choice,
 Quot.sound]
'ASGinzburg.CutQuiver.incomingSource_shift' depends on axioms: [propext, Quot.sound]
'ASGinzburg.ZAlgebra.ASRegular.periodShiftGeneratorBasis' depends on axioms: [propext, Classical.choice, Quot.sound]
'ASGinzburg.ZAlgebra.PeriodIso.homSpacePerm' depends on axioms: [propext, Classical.choice, Quot.sound]
'ASGinzburg.ZAlgebra.PeriodIso.powInt_homSpacePerm_succ' depends on axioms: [propext, Classical.choice, Quot.sound]
'ASGinzburg.ZAlgebra.PeriodIso.idealQuotientPeriod' depends on axioms: [propext, Classical.choice, Quot.sound]
'ASGinzburg.ZAlgebra.PeriodIso.map_products_span' depends on axioms: [propext, Classical.choice, Quot.sound]
'ASGinzburg.ZAlgebra.ASRegular.periodIndecomposableEquiv' depends on axioms: [propext, Classical.choice, Quot.sound]
'ASGinzburg.ZAlgebra.PeriodIso.powInt_add_apply_rev' depends on axioms: [propext, Classical.choice, Quot.sound]
'ASGinzburg.ZAlgebra.PeriodIso.integerCorner_target_absorption' depends on axioms: [propext,
 Classical.choice,
 Quot.sound]
'ASGinzburg.ZAlgebra.PeriodIso.integerCornerEquiv_comp' depends on axioms: [propext, Classical.choice, Quot.sound]
'ASGinzburg.ZAlgebra.PeriodIso.integerCorner' depends on axioms: [propext, Classical.choice, Quot.sound]
'ASGinzburg.ZAlgebra.PeriodIso.integerCorner_nonneg' depends on axioms: [propext, Classical.choice, Quot.sound]
'ASGinzburg.ZAlgebra.PeriodIso.integerCornerEquiv_apply_ofNat' depends on axioms: [propext,
 Classical.choice,
 Quot.sound]
'ASGinzburg.ZAlgebra.PeriodIso.IntegerCutHom' depends on axioms: [propext, Classical.choice, Quot.sound]
'ASGinzburg.ZAlgebra.PeriodIso.integerCutComp_assoc' depends on axioms: [propext, Classical.choice, Quot.sound]
'ASGinzburg.ZAlgebra.PeriodIso.integerCutComp_ofNat' depends on axioms: [propext, Classical.choice, Quot.sound]
'ASGinzburg.ZAlgebra.PeriodIso.integerCutNegativeSubsingleton' depends on axioms: [propext,
 Classical.choice,
 Quot.sound]
'ASGinzburg.ZAlgebra.PeriodIso.powInt_negSucc_apply' depends on axioms: [propext, Classical.choice, Quot.sound]
'ASGinzburg.ZAlgebra.homTransport' depends on axioms: [propext, Classical.choice, Quot.sound]
'ASGinzburg.ZAlgebra.PeriodIso.shiftedMap' depends on axioms: [propext, Classical.choice, Quot.sound]
'ASGinzburg.ZAlgebra.PeriodIso.inverseComponent' depends on axioms: [propext, Classical.choice, Quot.sound]
'ASGinzburg.ZAlgebra.PeriodIso.inverse' depends on axioms: [propext, Classical.choice, Quot.sound]
'ASGinzburg.ZAlgebra.PeriodIso.inverse_map_cancel' depends on axioms: [propext, Classical.choice, Quot.sound]
'ASGinzburg.ZAlgebra.PeriodIso.compose' depends on axioms: [propext, Classical.choice, Quot.sound]
'ASGinzburg.ZAlgebra.PeriodIso.integerIndecomposableEquiv' depends on axioms: [propext, Classical.choice, Quot.sound]
'ASGinzburg.ZAlgebra.PeriodIso.powNat_zero_apply' depends on axioms: [propext, Classical.choice, Quot.sound]
'ASGinzburg.ZAlgebra.PeriodIso.powNat_add_apply' depends on axioms: [propext, Classical.choice, Quot.sound]
'ASGinzburg.CutQuiver.incomingSource_height_zeroSheet_period' depends on axioms: [propext, Quot.sound]
'ASGinzburg.ZAlgebra.PeriodIso.powNat_zero_map' depends on axioms: [propext, Classical.choice, Quot.sound]
'ASGinzburg.ZAlgebra.PeriodIso.sheetMap_comp' depends on axioms: [propext, Classical.choice, Quot.sound]
'ASGinzburg.ZAlgebra.PeriodIso.ZeroOriginCoverHom' depends on axioms: [propext, Classical.choice, Quot.sound]
'ASGinzburg.ZAlgebra.PeriodIso.zeroOriginCoverComp_apply' depends on axioms: [propext, Classical.choice, Quot.sound]
'ASGinzburg.ZAlgebra.PeriodIso.zeroOriginCoverComponentEquiv_id' depends on axioms: [propext,
 Classical.choice,
 Quot.sound]
'ASGinzburg.ZAlgebra.PeriodIso.zeroOriginCoverIntegerEquiv_id' depends on axioms: [propext,
 Classical.choice,
 Quot.sound]
'ASGinzburg.ZAlgebra.arrowPathEvaluation_one_shift_eq_zero_iff' depends on axioms: [propext,
 Classical.choice,
 Quot.sound]
'ASGinzburg.ZAlgebra.arrowPathEvaluation_shift_step_eq_zero_iff' depends on axioms: [propext,
 Classical.choice,
 Quot.sound]
'ASGinzburg.ZAlgebra.arrowPathLinearEvaluation_transport_eq_zero_iff' depends on axioms: [propext,
 Classical.choice,
 Quot.sound]
'ASGinzburg.ZAlgebra.arrowPathLinearEvaluation_integer_shift_eq_zero_iff' depends on axioms: [propext,
 Classical.choice,
 Quot.sound]
'ASGinzburg.ZAlgebra.arrowPathLinearEvaluation_shift_eq_zero_iff' depends on axioms: [propext,
 Classical.choice,
 Quot.sound]
'ASGinzburg.ZAlgebra.PeriodIso.liftedStepMap_id' depends on axioms: [propext, Classical.choice, Quot.sound]
'ASGinzburg.ZAlgebra.arrowPathEvaluation_transport' depends on axioms: [propext, Classical.choice, Quot.sound]
'ASGinzburg.ZAlgebra.Homomorphism.indecomposableEquiv' depends on axioms: [propext, Classical.choice, Quot.sound]
'ASGinzburg.leftDerived_isZero_of_projectiveDimensionLE_three' depends on axioms: [propext,
 Classical.choice,
 Quot.sound]
'ASGinzburg.leftDerived_isZero_of_projectiveDimensionLE_two' depends on axioms: [propext, Classical.choice, Quot.sound]
'ASGinzburg.extensionProjectiveπ_inl' depends on axioms: [propext, Classical.choice, Quot.sound]
'ASGinzburg.extensionProjectiveπEpi' depends on axioms: [propext, Classical.choice, Quot.sound]
'ASGinzburg.extensionProjectiveKernelMiddleIso' depends on axioms: [propext, Classical.choice, Quot.sound]
'ASGinzburg.ext_one_eq_zero_of_hom_extension' depends on axioms: [propext, Classical.choice, Quot.sound]
'CategoryTheory.ProjectiveResolution.ext_two_eq_zero_of_hom_exact' depends on axioms: [propext,
 Classical.choice,
 Quot.sound]
'CategoryTheory.ProjectiveResolution.homDifferential_sq' depends on axioms: [propext, Classical.choice, Quot.sound]
'CategoryTheory.ProjectiveResolution.homComplex_exactAt_zero_iff' depends on axioms: [propext,
 Classical.choice,
 Quot.sound]
'CategoryTheory.ProjectiveResolution.homComplex_exactAt_zero_of_ext_zero' depends on axioms: [propext,
 Classical.choice,
 Quot.sound]
'CategoryTheory.ProjectiveResolution.homComplex_exactAt_low_of_ext_zero' depends on axioms: [propext,
 Classical.choice,
 Quot.sound]
'ASGinzburg.exact_comp_mono_iff' depends on axioms: [propext, Classical.choice, Quot.sound]
'CategoryTheory.ProjectiveResolution.firstCoverEpi' depends on axioms: [propext, Classical.choice, Quot.sound]
'CategoryTheory.ProjectiveResolution.secondCover' depends on axioms: [propext, Classical.choice, Quot.sound]
'CategoryTheory.ProjectiveResolution.d₃_secondCover' depends on axioms: [propext, Classical.choice, Quot.sound]
'CategoryTheory.ProjectiveResolution.shortExact₁' depends on axioms: [propext, Classical.choice, Quot.sound]
'CategoryTheory.ProjectiveResolution.firstKernelMap' depends on axioms: [propext, Classical.choice, Quot.sound]
'CategoryTheory.ProjectiveResolution.secondKernelMap' depends on axioms: [propext, Classical.choice, Quot.sound]
'CategoryTheory.ProjectiveResolution.shortExact₀Hom' depends on axioms: [propext, Classical.choice, Quot.sound]
'ASGinzburg.projectiveResolutionTargetIso' depends on axioms: [propext, Classical.choice, Quot.sound]
'ASGinzburg.ZAlgebra.LinearIdeal.quotientCompRight' depends on axioms: [propext, Classical.choice, Quot.sound]
'ASGinzburg.ZAlgebra.LinearIdeal.quotientComp' depends on axioms: [propext, Classical.choice, Quot.sound]
'ASGinzburg.ZAlgebra.LinearIdeal.quotientMap' depends on axioms: [propext, Classical.choice, Quot.sound]
'ASGinzburg.ZAlgebra.reflectedLinearFunctor' depends on axioms: [propext, Classical.choice, Quot.sound]
'ASGinzburg.ZAlgebra.reflectedLinearFunctorFaithful' depends on axioms: [propext, Classical.choice, Quot.sound]
'ASGinzburg.ZAlgebra.reflectedLinearFunctorIsEquivalence' depends on axioms: [propext, Classical.choice, Quot.sound]
'ASGinzburg.ZAlgebra.reflected_comp' depends on axioms: [propext, Classical.choice, Quot.sound]
'ASGinzburg.ZAlgebra.rightRegularCoproduct_inclusion_projection_off' depends on axioms: [propext,
 Classical.choice,
 Quot.sound]
'ASGinzburg.ZAlgebra.rightRegularCoproduct_inclusion_action_off' depends on axioms: [propext,
 Classical.choice,
 Quot.sound]
'ASGinzburg.ZAlgebra.rightRegularCoproductAction_comp' depends on axioms: [propext, Classical.choice, Quot.sound]
'ASGinzburg.ZAlgebra.leftModuleTotalAction' depends on axioms: [propext, Classical.choice, Quot.sound]
'ASGinzburg.ZAlgebra.leftModuleTotalAction_zero_of_map_zero' depends on axioms: [propext, Classical.choice, Quot.sound]
'ASGinzburg.ZAlgebra.ASRegular.extRegularCoproductThree_positive_action_zero' depends on axioms: [propext,
 Classical.choice,
 Quot.sound]
'ASGinzburg.ZAlgebra.rightRegularExtGrLinearEquiv' depends on axioms: [propext, Classical.choice, Quot.sound]
'ASGinzburg.ZAlgebra.ASResolution.extTotalAlgebraLinearEquiv_action' depends on axioms: [propext,
 Classical.choice,
 Quot.sound]
'ASGinzburg.ZAlgebra.ASResolution.extTotalAlgebraLeftModule' depends on axioms: [propext, Classical.choice, Quot.sound]
'ASGinzburg.ZAlgebra.ASResolution.extTotalAlgebraLeftModule_locally_unital' depends on axioms: [propext,
 Classical.choice,
 Quot.sound]
'ASGinzburg.ZAlgebra.ASRegular.extTotalAlgebraThreeIsoSimple' depends on axioms: [propext, Classical.choice, Quot.sound]
'ASGinzburg.ZAlgebra.totalAlgebraLeftModule' depends on axioms: [propext, Classical.choice, Quot.sound]
'ASGinzburg.ZAlgebra.totalAlgebraLeftModule_locally_unital' depends on axioms: [propext, Classical.choice, Quot.sound]
'ASGinzburg.ZAlgebra.leftRegularMatrixElement_totalMap' depends on axioms: [propext, Classical.choice, Quot.sound]
'ASGinzburg.ZAlgebra.totalAlgebraRightComponentMap' depends on axioms: [propext, Classical.choice, Quot.sound]
'ASGinzburg.ZAlgebra.totalAlgebraLeftMap_component' depends on axioms: [propext, Classical.choice, Quot.sound]
'ASGinzburg.ZAlgebra.totalAlgebraLeftMap_apply' depends on axioms: [propext, Classical.choice, Quot.sound]
'ASGinzburg.ZAlgebra.totalAlgebraRightModule_smul' depends on axioms: [propext, Classical.choice, Quot.sound]
'ASGinzburg.ZAlgebra.totalAlgebraRightLocallyUnitalModule' depends on axioms: [propext, Classical.choice, Quot.sound]
'ASGinzburg.ZAlgebra.rightRegularMatrixElement_totalMap_off' depends on axioms: [propext, Classical.choice, Quot.sound]
'ASGinzburg.ZAlgebra.totalAlgebraLeftComponentMap_apply' depends on axioms: [propext, Classical.choice, Quot.sound]
'ASGinzburg.ZAlgebra.leftRegularCoproductRightRepresentation_component' depends on axioms: [propext,
 Classical.choice,
 Quot.sound]
'ASGinzburg.ZAlgebra.totalAlgebraRightMap_add' depends on axioms: [propext, Classical.choice, Quot.sound]
'ASGinzburg.ZAlgebra.rightRegularTotalComponentsEquiv' depends on axioms: [propext, Classical.choice, Quot.sound]
'ASGinzburg.ZAlgebra.rightRegularComponentIso_inclusion' depends on axioms: [propext, Classical.choice, Quot.sound]
'ASGinzburg.ZAlgebra.rightRegularTotalAlgebraEquiv_matrixElement' depends on axioms: [propext,
 Classical.choice,
 Quot.sound]
'ASGinzburg.ZAlgebra.rightRegularMatrixElement_action_off' depends on axioms: [propext, Classical.choice, Quot.sound]
'ASGinzburg.ZAlgebra.Isomorphism.ofSurjectiveReindex' depends on axioms: [propext, Classical.choice, Quot.sound]
'ASGinzburg.CutQuiver.relationClosedTrace_mem_potentialSpace' depends on axioms: [propext, Classical.choice, Quot.sound]
'ASGinzburg.ZAlgebra.representable_map_eq_precomposition' depends on axioms: [propext, Classical.choice, Quot.sound]
'ASGinzburg.ZAlgebra.representableHomPreservesColimitsOfShape' depends on axioms: [propext,
 Classical.choice,
 Quot.sound]
'ASGinzburg.ZAlgebra.representableExtZeroPreservesColimitsOfShape' depends on axioms: [propext,
 Classical.choice,
 Quot.sound]
'ASGinzburg.ZAlgebra.representableRadicalBelowComponentIso' depends on axioms: [propext, Classical.choice, Quot.sound]
'ASGinzburg.ZAlgebra.Obj' depends on axioms: [propext, Classical.choice, Quot.sound]
'ASGinzburg.ZAlgebra.objHomModule' depends on axioms: [propext, Classical.choice, Quot.sound]
'ASGinzburg.ZAlgebra.objOppositeHomModule' depends on axioms: [propext, Classical.choice, Quot.sound]
'ASGinzburg.ZAlgebra.linearYonedaAdditive' depends on axioms: [propext, Classical.choice, Quot.sound]
'ASGinzburg.ZAlgebra.RightModule' depends on axioms: [propext, Classical.choice, Quot.sound]
'ASGinzburg.ZAlgebra.representableHom_vanishes' depends on axioms: [propext, Classical.choice, Quot.sound]
'ASGinzburg.ZAlgebra.rightResolutionExtBidualIso_projection' depends on axioms: [propext, Classical.choice, Quot.sound]
'ASGinzburg.ZAlgebra.rightResolutionExtBidualIso_natural' depends on axioms: [propext, Classical.choice, Quot.sound]
'ASGinzburg.ZAlgebra.leftResolutionBidualTopProjection_natural' depends on axioms: [propext,
 Classical.choice,
 Quot.sound]
'ASGinzburg.ZAlgebra.rightResolutionExtTopProjection_natural' depends on axioms: [propext, Classical.choice, Quot.sound]
'ASGinzburg.ZAlgebra.HeightBoundedRightModule.complex' depends on axioms: [propext, Classical.choice, Quot.sound]
'ASGinzburg.ZAlgebra.HeightBoundedRightModule.augmentation_quasiIso' depends on axioms: [propext,
 Classical.choice,
 Quot.sound]
'ASGinzburg.ZAlgebra.rightBoundedMinimalResolution' depends on axioms: [propext, Classical.choice, Quot.sound]
'ASGinzburg.ZAlgebra.exists_heightBounded_minimal_projectiveResolution' depends on axioms: [propext,
 Classical.choice,
 Quot.sound]
'ASGinzburg.ZAlgebra.HeightBoundedRightModule.syzygy' depends on axioms: [propext, Classical.choice, Quot.sound]
'ASGinzburg.ZAlgebra.HeightBoundedRightModule.term_projective' depends on axioms: [propext,
 Classical.choice,
 Quot.sound]
'ASGinzburg.ZAlgebra.HeightBoundedRightModule.differential' depends on axioms: [propext, Classical.choice, Quot.sound]
'ASGinzburg.ZAlgebra.HeightBoundedRightModule.differential_minimal' depends on axioms: [propext,
 Classical.choice,
 Quot.sound]
'ASGinzburg.ZAlgebra.rightModuleProperty_closedUnderLimits' depends on axioms: [propext, Classical.choice, Quot.sound]
'ASGinzburg.ZAlgebra.rightModuleHasColimitsOfShape' depends on axioms: [propext, Classical.choice, Quot.sound]
'ASGinzburg.ZAlgebra.rightModuleHasFiniteProducts' depends on axioms: [propext, Classical.choice, Quot.sound]
'ASGinzburg.ZAlgebra.rightModuleInclusionPreservesFiniteLimits' depends on axioms: [propext,
 Classical.choice,
 Quot.sound]
'ASGinzburg.ZAlgebra.rightModule_epi_of_boundedAbove_range_add_radical' depends on axioms: [propext,
 Classical.choice,
 Quot.sound]
'ASGinzburg.ZAlgebra.rightModule_isZero_of_boundedAbove_radical_quotient' depends on axioms: [propext,
 Classical.choice,
 Quot.sound]
'ASGinzburg.ZAlgebra.freeRightModule' depends on axioms: [propext, Classical.choice, Quot.sound]
'ASGinzburg.ZAlgebra.freeRightModuleπEpi' depends on axioms: [propext, Classical.choice, Quot.sound]
'ASGinzburg.ZAlgebra.rightModuleProjectiveResolution_exactAt_succ' depends on axioms: [propext,
 Classical.choice,
 Quot.sound]
'ASGinzburg.ZAlgebra.representable_higher_ext_eq_zero' depends on axioms: [propext, Classical.choice, Quot.sound]
'ASGinzburg.ZAlgebra.rightModuleExtCovariantAdditive' depends on axioms: [propext, Classical.choice, Quot.sound]
'ASGinzburg.ZAlgebra.rightModuleExtLeft_obj' depends on axioms: [propext, Classical.choice, Quot.sound]
'ASGinzburg.ZAlgebra.rightModuleExtBoundaryLeftEpi' depends on axioms: [propext, Classical.choice, Quot.sound]
'ASGinzburg.ZAlgebra.rightModuleExtPrecompLeft' depends on axioms: [propext, Classical.choice, Quot.sound]
'ASGinzburg.ZAlgebra.rightModuleExtBoundaryLeft_exact' depends on axioms: [propext, Classical.choice, Quot.sound]
'ASGinzburg.ZAlgebra.rightModuleDerivedQhLinear' depends on axioms: [propext, Classical.choice, Quot.sound]
'ASGinzburg.ZAlgebra.rightModuleExtModule' depends on axioms: [propext, Classical.choice, Quot.sound]
'ASGinzburg.ZAlgebra.rightModuleExtZeroLinearEquiv' depends on axioms: [propext, Classical.choice, Quot.sound]
'ASGinzburg.ZAlgebra.rightModuleExtPrecompNat' depends on axioms: [propext, Classical.choice, Quot.sound]
'ASGinzburg.ZAlgebra.rightModuleExtPrecompNat_boundary_zero' depends on axioms: [propext, Classical.choice, Quot.sound]
'ASGinzburg.ZAlgebra.rightModuleExtBoundaryNatAppEpi' depends on axioms: [propext, Classical.choice, Quot.sound]
'ASGinzburg.ZAlgebra.rightModuleExtCokernelNatIso' depends on axioms: [propext, Classical.choice, Quot.sound]
'ASGinzburg.ZAlgebra.rightModuleExt_smul_comp' depends on axioms: [propext, Classical.choice, Quot.sound]
'ASGinzburg.ZAlgebra.rightModuleExtBoundary_bijective' depends on axioms: [propext, Classical.choice, Quot.sound]
'ASGinzburg.ZAlgebra.rightModuleExtZeroDimensionShift' depends on axioms: [propext, Classical.choice, Quot.sound]
'ASGinzburg.ZAlgebra.rightModuleHomFinite_of_epi' depends on axioms: [propext, Classical.choice, Quot.sound]
'ASGinzburg.ZAlgebra.representableHomFinite' depends on axioms: [propext, Classical.choice, Quot.sound]
'ASGinzburg.ZAlgebra.asResolutionTerm₂HomFinite' depends on axioms: [propext, Classical.choice, Quot.sound]
'ASGinzburg.ZAlgebra.rightModuleHomShortComplex' depends on axioms: [propext, Classical.choice, Quot.sound]
'ASGinzburg.ZAlgebra.rightModuleHomPrecompNatMono' depends on axioms: [propext, Classical.choice, Quot.sound]
'ASGinzburg.ZAlgebra.rightModuleHomKernelNatIso_hom_ι' depends on axioms: [propext, Classical.choice, Quot.sound]
'ASGinzburg.ZAlgebra.rightModuleEvaluationAdditive' depends on axioms: [propext, Classical.choice, Quot.sound]
'ASGinzburg.ZAlgebra.rightModuleInclusionPreservesHomology' depends on axioms: [propext, Classical.choice, Quot.sound]
'ASGinzburg.ZAlgebra.rightModuleCokernelObjIso' depends on axioms: [propext, Classical.choice, Quot.sound]
'ASGinzburg.ZAlgebra.rightModuleKernelObjIso_inv_ι' depends on axioms: [propext, Classical.choice, Quot.sound]
'ASGinzburg.ZAlgebra.rightModule_epi_iff' depends on axioms: [propext, Classical.choice, Quot.sound]
'ASGinzburg.ZAlgebra.rightModule_exact_iff' depends on axioms: [propext, Classical.choice, Quot.sound]
'ASGinzburg.ZAlgebra.rightModuleHom_ext_lift' depends on axioms: [propext, Classical.choice, Quot.sound]
'ASGinzburg.ZAlgebra.rightModule_exact_iff_lift' depends on axioms: [propext, Classical.choice, Quot.sound]
'ASGinzburg.ZAlgebra.minimalMorphismLift' depends on axioms: [propext, Classical.choice, Quot.sound]
'ASGinzburg.ZAlgebra.isMinimalMorphism_iff_factors' depends on axioms: [propext, Classical.choice, Quot.sound]
'ASGinzburg.ZAlgebra.isMinimalMorphism_comp_right' depends on axioms: [propext, Classical.choice, Quot.sound]
'ASGinzburg.ZAlgebra.representableYonedaEquiv_apply' depends on axioms: [propext, Classical.choice, Quot.sound]
'ASGinzburg.ZAlgebra.representableProjective' depends on axioms: [propext, Classical.choice, Quot.sound]
'ASGinzburg.ZAlgebra.positiveActionSpan_map_mem' depends on axioms: [propext, Classical.choice, Quot.sound]
'ASGinzburg.ZAlgebra.rightModuleRadicalFunctor' depends on axioms: [propext, Classical.choice, Quot.sound]
'ASGinzburg.ZAlgebra.rightModuleRadical_representable_component' depends on axioms: [propext,
 Classical.choice,
 Quot.sound]
'ASGinzburg.ZAlgebra.minimalMorphism_comp_simple_eq_zero' depends on axioms: [propext, Classical.choice, Quot.sound]
'ASGinzburg.ZAlgebra.rightResolutionExtTopProjectionEpi' depends on axioms: [propext, Classical.choice, Quot.sound]
'ASGinzburg.ZAlgebra.rightResolutionDualComplex' depends on axioms: [propext, Classical.choice, Quot.sound]
'ASGinzburg.ZAlgebra.rightResolutionDual_first_mono' depends on axioms: [propext, Classical.choice, Quot.sound]
'ASGinzburg.ZAlgebra.rightResolutionBidualTermIso' depends on axioms: [propext, Classical.choice, Quot.sound]
'ASGinzburg.ZAlgebra.rightResolutionBidualTopDifferential_comm' depends on axioms: [propext,
 Classical.choice,
 Quot.sound]
'ASGinzburg.ZAlgebra.rightResolutionExtBidualIso' depends on axioms: [propext, Classical.choice, Quot.sound]
'ASGinzburg.ZAlgebra.rightSmallCoproductProjection' depends on axioms: [propext, Classical.choice, Quot.sound]
'ASGinzburg.ZAlgebra.rightSmallCoproductComponentIso' depends on axioms: [propext, Classical.choice, Quot.sound]
'ASGinzburg.ZAlgebra.rightSmallCoproduct_radical_iff' depends on axioms: [propext, Classical.choice, Quot.sound]
'ASGinzburg.ZAlgebra.rightSmallCoproductTopMap_ker' depends on axioms: [propext, Classical.choice, Quot.sound]
'ASGinzburg.ZAlgebra.RightSubmodule.presheaf' depends on axioms: [propext, Classical.choice, Quot.sound]
'ASGinzburg.ZAlgebra.RightSubmodule.object' depends on axioms: [propext, Classical.choice, Quot.sound]
'ASGinzburg.ZAlgebra.RightSubmodule.quotient' depends on axioms: [propext, Classical.choice, Quot.sound]
'ASGinzburg.ZAlgebra.RightSubmodule.quotientShortComplex' depends on axioms: [propext, Classical.choice, Quot.sound]
'ASGinzburg.ZAlgebra.rightTopBasisFreeModule_isZero_above_of_height_bound' depends on axioms: [propext,
 Classical.choice,
 Quot.sound]
'ASGinzburg.ZAlgebra.rightTopBasisFreeModuleπ_coordinate' depends on axioms: [propext, Classical.choice, Quot.sound]
'ASGinzburg.ZAlgebra.RightModuleTopSpace' depends on axioms: [propext, Classical.choice, Quot.sound]
'ASGinzburg.ZAlgebra.rightTopBasisLift_mkQ' depends on axioms: [propext, Classical.choice, Quot.sound]
'ASGinzburg.ZAlgebra.rightTopBasisFreeModule_projective' depends on axioms: [propext, Classical.choice, Quot.sound]
'ASGinzburg.ZAlgebra.rightTopBasisFreeModuleπ_range_add_radical' depends on axioms: [propext,
 Classical.choice,
 Quot.sound]
'ASGinzburg.ZAlgebra.scalarEndEquiv_symm_id' depends on axioms: [propext, Classical.choice, Quot.sound]
'ASGinzburg.scalarProductEnvelopingEquiv' depends on axioms: [propext, Classical.choice, Quot.sound]
'ASGinzburg.scalarProductBaseChange_isSemisimple' depends on axioms: [propext, Classical.choice, Quot.sound]
'ASGinzburg.scalarProductEnvelopingModule_projective' depends on axioms: [propext, Classical.choice, Quot.sound]
'ASGinzburg.idealQuotientRightModule' depends on axioms: [propext, Quot.sound]
'ASGinzburg.idealQuotientRightProjection_surjective' depends on axioms: [propext, Quot.sound]
'ASGinzburg.scalarQuotientRightObject' depends on axioms: [propext, Quot.sound]
'ASGinzburg.kernel_shortExact_of_epi_first' depends on axioms: [propext, Classical.choice, Quot.sound]
'ASGinzburg.ZAlgebra.leftRepresentableRadical_eq_positiveLeftActionSpan' depends on axioms: [propext,
 Classical.choice,
 Quot.sound]
'ASGinzburg.ZAlgebra.simpleLeftModuleπEpi' depends on axioms: [propext, Classical.choice, Quot.sound]
'ASGinzburg.ZAlgebra.simpleLeftModule_off_diagonal' depends on axioms: [propext, Classical.choice, Quot.sound]
'ASGinzburg.ZAlgebra.simpleLeftModule_hom_eq_zero_iff' depends on axioms: [propext, Classical.choice, Quot.sound]
'ASGinzburg.ZAlgebra.representableRadical' depends on axioms: [propext, Classical.choice, Quot.sound]
'ASGinzburg.ZAlgebra.simpleRightModule' depends on axioms: [propext, Classical.choice, Quot.sound]
'ASGinzburg.ZAlgebra.representableRadical_diagonal_zero' depends on axioms: [propext, Classical.choice, Quot.sound]
'ASGinzburg.ZAlgebra.simpleRightModule_diagonal_finrank' depends on axioms: [propext, Classical.choice, Quot.sound]
'ASGinzburg.ZAlgebra.simpleRightModuleSimple' depends on axioms: [propext, Classical.choice, Quot.sound]
'ASGinzburg.ZAlgebra.rightModuleVectorDual_component_isZero' depends on axioms: [propext, Classical.choice, Quot.sound]
'ASGinzburg.ZAlgebra.rightSimpleVectorDualIso' depends on axioms: [propext, Classical.choice, Quot.sound]
'ASGinzburg.ZAlgebra.leftSimpleVectorDualDiagonalIso' depends on axioms: [propext, Classical.choice, Quot.sound]
'ASGinzburg.singleDegreeInsertion' depends on axioms: [propext, Quot.sound]
'ASGinzburg.singleDegreeDecompose_rightInverse' depends on axioms: [propext, Classical.choice, Quot.sound]
'ASGinzburg.dualIntoToDual' depends on axioms: [propext, Classical.choice, Quot.sound]
'ASGinzburg.moduleCatDualIntoFunctor' depends on axioms: [propext, Classical.choice, Quot.sound]
'ASGinzburg.moduleCatDualIntoEvaluation_bijective' depends on axioms: [propext, Classical.choice, Quot.sound]
'ASGinzburg.CubicTensor333' depends on axioms: [propext, Classical.choice, Quot.sound]
'ASGinzburg.CutRelations333' does not depend on any axioms
'ASGinzburg.cutRelationCoordinates333' depends on axioms: [propext, Classical.choice, Quot.sound]
'ASGinzburg.cubicTensor333_finrank' depends on axioms: [propext, Classical.choice, Quot.sound]
'ASGinzburg.bicomplexTotal_finite' depends on axioms: [propext, Classical.choice, Quot.sound]
'ASGinzburg.threeTermProjectiveResolution_hasProjectiveDimensionLE' depends on axioms: [propext,
 Classical.choice,
 Quot.sound]
'ASGinzburg.map_from_zero_domain_eq_zero' depends on axioms: [propext, Quot.sound]
'ASGinzburg.topCohomology_field_finrank' depends on axioms: [propext, Classical.choice, Quot.sound]
'ASGinzburg.ZAlgebra.totalAlgebraNonUnitalRing' depends on axioms: [propext, Classical.choice, Quot.sound]
'ASGinzburg.ZAlgebra.totalAlgebraModule' depends on axioms: [propext, Classical.choice, Quot.sound]
'ASGinzburg.ZAlgebra.totalAlgebraComponent_coe' depends on axioms: [propext, Classical.choice, Quot.sound]
'ASGinzburg.ZAlgebra.totalAlgebraSpace' depends on axioms: [propext, Classical.choice, Quot.sound]
'ASGinzburg.ZAlgebra.totalAlgebraRepresentation_single' depends on axioms: [propext, Classical.choice, Quot.sound]
'ASGinzburg.ZAlgebra.regularMatrixEntry_action_off' depends on axioms: [propext, Classical.choice, Quot.sound]
'ASGinzburg.ZAlgebra.totalAlgebraRepresentation_injective' depends on axioms: [propext, Classical.choice, Quot.sound]
'ASGinzburg.ZAlgebra.totalAlgebraLiftLinear_component' depends on axioms: [propext, Classical.choice, Quot.sound]
'ASGinzburg.ZAlgebra.totalAlgebraComponent_id_mul' depends on axioms: [propext, Classical.choice, Quot.sound]
'ASGinzburg.ZAlgebra.totalAlgebraLocalUnit_mul_component' depends on axioms: [propext, Classical.choice, Quot.sound]
'ASGinzburg.ZAlgebra.totalAlgebra_eq_sum_components' depends on axioms: [propext, Classical.choice, Quot.sound]
'ASGinzburg.ZAlgebra.totalAlgebraLocalUnit_right_eq_self' depends on axioms: [propext, Classical.choice, Quot.sound]
'ASGinzburg.ZAlgebra.leftModuleTotalAction_smul' depends on axioms: [propext, Classical.choice, Quot.sound]
'ASGinzburg.ZAlgebra.rightModuleTotalAction_add' depends on axioms: [propext, Classical.choice, Quot.sound]
'ASGinzburg.ZAlgebra.rightModuleTotalAction_comp_off' depends on axioms: [propext, Classical.choice, Quot.sound]
'ASGinzburg.ZAlgebra.leftTotalUnitalRepresentation_algebraMap_apply' depends on axioms: [propext,
 Classical.choice,
 Quot.sound]
'ASGinzburg.ZAlgebra.rightTotalHomToLinear' depends on axioms: [propext, Classical.choice, Quot.sound]
'ASGinzburg.ZAlgebra.leftTotalHomToLinear_lof' depends on axioms: [propext, Classical.choice, Quot.sound]
'ASGinzburg.ZAlgebra.rightTotalHomNatTrans' depends on axioms: [propext, Classical.choice, Quot.sound]
'ASGinzburg.ZAlgebra.leftTotalLocallyUnitalFunctorFull' depends on axioms: [propext, Classical.choice, Quot.sound]
'ASGinzburg.ZAlgebra.rightTotalLinearMap' depends on axioms: [propext, Classical.choice, Quot.sound]
'ASGinzburg.ZAlgebra.leftTotalLinearMap_action' depends on axioms: [propext, Classical.choice, Quot.sound]
'ASGinzburg.ZAlgebra.rightTotalLinearMap_representation' depends on axioms: [propext, Classical.choice, Quot.sound]
'ASGinzburg.ZAlgebra.leftTotalLocallyUnitalFunctor' depends on axioms: [propext, Classical.choice, Quot.sound]
'ASGinzburg.ZAlgebra.rightTotalLocallyUnitalFunctorFaithful' depends on axioms: [propext, Classical.choice, Quot.sound]
'ASGinzburg.finiteTotalProjection_apply_component' depends on axioms: [propext, Classical.choice, Quot.sound]
'ASGinzburg.finiteTotalProjection_eq_self_of_support_subset' depends on axioms: [propext, Classical.choice, Quot.sound]
'ASGinzburg.ZAlgebra.leftModuleTotalSpace_local_units' depends on axioms: [propext, Classical.choice, Quot.sound]
'ASGinzburg.ZAlgebra.rightModuleTotalSpace_local_units' depends on axioms: [propext, Classical.choice, Quot.sound]
'ASGinzburg.ZAlgebra.rightModuleTotalAction_lof' depends on axioms: [propext, Classical.choice, Quot.sound]
'ASGinzburg.ZAlgebra.leftTotalRepresentation_component' depends on axioms: [propext, Classical.choice, Quot.sound]
'ASGinzburg.ZAlgebra.rightTotalRepresentation_component' depends on axioms: [propext, Classical.choice, Quot.sound]
'ASGinzburg.ZAlgebra.leftModuleComponents' depends on axioms: [propext, Classical.choice, Quot.sound]
'ASGinzburg.ZAlgebra.rightModuleTotalFunctor' depends on axioms: [propext, Classical.choice, Quot.sound]
'ASGinzburg.ZAlgebra.leftModuleTotalFunctorFaithful' depends on axioms: [propext, Classical.choice, Quot.sound]
'ASGinzburg.ZAlgebra.rightModuleTotalFunctorPreservesColimitsOfShape' depends on axioms: [propext,
 Classical.choice,
 Quot.sound]
'ASGinzburg.ZAlgebra.rightModuleTotalSpace' depends on axioms: [propext, Classical.choice, Quot.sound]
'ASGinzburg.ZAlgebra.leftModuleTotalFunctorPreservesFiniteColimits' depends on axioms: [propext,
 Classical.choice,
 Quot.sound]
'ASGinzburg.ZAlgebra.rightModuleTotalFunctor_exact_iff' depends on axioms: [propext, Classical.choice, Quot.sound]
'ASGinzburg.ZAlgebra.rightModuleTotalFunctor_ι_objIso_hom' depends on axioms: [propext, Classical.choice, Quot.sound]
'ASGinzburg.ZAlgebra.rightModuleVectorDualTotalLinearMap_total_action' depends on axioms: [propext,
 Classical.choice,
 Quot.sound]
'ASGinzburg.ZAlgebra.rightModuleVectorDualTotalLinearMap_bijective' depends on axioms: [propext,
 Classical.choice,
 Quot.sound]
'ASGinzburg.ZAlgebra.leftModuleVectorDualTotalLinearMap_bijective' depends on axioms: [propext,
 Classical.choice,
 Quot.sound]
'ASGinzburg.ZAlgebra.leftModuleVectorDualTotalLinearMap_eval_lof' depends on axioms: [propext,
 Classical.choice,
 Quot.sound]
'ASGinzburg.triangle333' depends on axioms: [propext, Quot.sound]
'ASGinzburg.triangleZ' depends on axioms: [propext, Quot.sound]
'ASGinzburg.triangleZ_cut' depends on axioms: [propext, Classical.choice, Quot.sound]
'ASGinzburg.triangle_cut_one_cycle_is_cubic' depends on axioms: [propext, Classical.choice, Quot.sound]
'ASGinzburg.trianglePotential_cut_derivative_identity' depends on axioms: [propext, Classical.choice, Quot.sound]
'ASGinzburg.ZAlgebra.ASRegular.triangleNegativePeriodIso' depends on axioms: [propext, Classical.choice, Quot.sound]
'ASGinzburg.ZAlgebra.rightTruncatedRepresentableSimpleCover_component_isIso' depends on axioms: [propext,
 Classical.choice,
 Quot.sound]
'ASGinzburg.ZAlgebra.rightTruncatedRepresentableHomComponentEquiv_yoneda' depends on axioms: [propext,
 Classical.choice,
 Quot.sound]
'ASGinzburg.ZAlgebra.representableToElement_composition' depends on axioms: [propext, Classical.choice, Quot.sound]
'ASGinzburg.ZAlgebra.rightTruncatedRepresentableRestriction' depends on axioms: [propext, Classical.choice, Quot.sound]
'ASGinzburg.ZAlgebra.rightTruncatedRepresentableRestriction_cover' depends on axioms: [propext,
 Classical.choice,
 Quot.sound]
'ASGinzburg.ZAlgebra.rightTruncatedRepresentable' depends on axioms: [propext, Classical.choice, Quot.sound]
'ASGinzburg.ZAlgebra.rightTruncatedRepresentable_below' depends on axioms: [propext, Classical.choice, Quot.sound]
'ASGinzburg.ZAlgebra.rightTruncatedRepresentable_component_finite' depends on axioms: [propext,
 Classical.choice,
 Quot.sound]
'ASGinzburg.ZAlgebra.rightTruncatedRepresentableDesc' depends on axioms: [propext, Classical.choice, Quot.sound]
'ASGinzburg.ZAlgebra.rightTruncatedRepresentableYonedaEquiv' depends on axioms: [propext, Classical.choice, Quot.sound]
'ASGinzburg.ZAlgebra.rightTruncatedRepresentableYonedaEquiv_comp' depends on axioms: [propext,
 Classical.choice,
 Quot.sound]
'ASGinzburg.ZAlgebra.totalUnitizationComponentLinear_apply' depends on axioms: [propext, Classical.choice, Quot.sound]
'ASGinzburg.ZAlgebra.leftUnitizationComponentAction_comp' depends on axioms: [propext, Classical.choice, Quot.sound]
'ASGinzburg.ZAlgebra.rightUnitizationComponentAction_comp_off' depends on axioms: [propext,
 Classical.choice,
 Quot.sound]
'ASGinzburg.ZAlgebra.leftUnitizationProjection_idempotent' depends on axioms: [propext, Classical.choice, Quot.sound]
'ASGinzburg.ZAlgebra.rightUnitizationProjection_orthogonal' depends on axioms: [propext, Classical.choice, Quot.sound]
'ASGinzburg.ZAlgebra.unitizationLeftComponentModuleMap' depends on axioms: [propext, Classical.choice, Quot.sound]
'ASGinzburg.ZAlgebra.unitizationRightComponentModuleFunctor' depends on axioms: [propext, Classical.choice, Quot.sound]
'ASGinzburg.ZAlgebra.leftUnitizationComponentSpace' depends on axioms: [propext, Classical.choice, Quot.sound]
'ASGinzburg.ZAlgebra.rightUnitizationProjection_range_fixed' depends on axioms: [propext, Classical.choice, Quot.sound]
'ASGinzburg.ZAlgebra.leftUnitizationComponentMap_id' depends on axioms: [propext, Classical.choice, Quot.sound]
'ASGinzburg.ZAlgebra.rightUnitizationComponentMap_comp' depends on axioms: [propext, Classical.choice, Quot.sound]
'ASGinzburg.ZAlgebra.leftUnitizationRangeActionLinear' depends on axioms: [propext, Classical.choice, Quot.sound]
'ASGinzburg.ZAlgebra.unitizationRightComponentFunctor' depends on axioms: [propext, Classical.choice, Quot.sound]
'ASGinzburg.ZAlgebra.unitizationLeftComponentFunctorLinear' depends on axioms: [propext, Classical.choice, Quot.sound]
'ASGinzburg.ZAlgebra.unitizationRightComponentModule' depends on axioms: [propext, Classical.choice, Quot.sound]
'ASGinzburg.ZAlgebra.leftUnitizationComponentSum_lof' depends on axioms: [propext, Classical.choice, Quot.sound]
'ASGinzburg.ZAlgebra.rightUnitizationProjection_range_off' depends on axioms: [propext, Classical.choice, Quot.sound]
'ASGinzburg.ZAlgebra.leftUnitizationComponentSum_injective' depends on axioms: [propext, Classical.choice, Quot.sound]
'ASGinzburg.ZAlgebra.rightUnitizationLocalUnit_smul' depends on axioms: [propext, Classical.choice, Quot.sound]
'ASGinzburg.ZAlgebra.leftUnitizationComponentSumEquiv' depends on axioms: [propext, Classical.choice, Quot.sound]
'ASGinzburg.CutQuiver.UnrolledPath.endpointEquiv' does not depend on any axioms
'ASGinzburg.CutQuiver.unrolledComponentHeightEquiv' depends on axioms: [propext, Classical.choice, Quot.sound]
'ASGinzburg.CutQuiver.cutJacobianGenerators' depends on axioms: [propext, Classical.choice, Quot.sound]
'ASGinzburg.CutQuiver.unrolledCutJacobianIdeal_le_Jacobian' depends on axioms: [propext, Classical.choice, Quot.sound]
'ASGinzburg.CutQuiver.unrolledIdealProductLift' depends on axioms: [propext, Classical.choice, Quot.sound]
'ASGinzburg.CutQuiver.integerJacobianRelation' depends on axioms: [propext, Classical.choice, Quot.sound]
'ASGinzburg.CutQuiver.jacobianGenerators_subset_square' depends on axioms: [propext, Classical.choice, Quot.sound]
'ASGinzburg.CutQuiver.unrolledJacobianIdeal_diagonal_eq_bot' depends on axioms: [propext, Classical.choice, Quot.sound]
'ASGinzburg.CutQuiver.unrolledJacobianQuotientMap_surjective' depends on axioms: [propext, Classical.choice, Quot.sound]
'ASGinzburg.CutQuiver.unrolledJacobianContext_mem_liftIdeal' depends on axioms: [propext, Classical.choice, Quot.sound]
'ASGinzburg.CutQuiver.unrolledJacobianRelation_erase' depends on axioms: [propext, Classical.choice, Quot.sound]
'ASGinzburg.CutQuiver.unrolledComponentHeightEquiv_mem_erasureIdeal' depends on axioms: [propext,
 Classical.choice,
 Quot.sound]
'ASGinzburg.CutQuiver.unrolledIntegerSheetShiftLinearEquiv_mem_Jacobian' depends on axioms: [propext,
 Classical.choice,
 Quot.sound]
'ASGinzburg.CutQuiver.unrolledJacobianSheetPeriodIso_apply_mk' depends on axioms: [propext,
 Classical.choice,
 Quot.sound]
'ASGinzburg.CutQuiver.unrolledJacobianLiftIdeal' depends on axioms: [propext, Classical.choice, Quot.sound]
'ASGinzburg.CutQuiver.unrolledJacobianRelation_mem_liftIdeal' depends on axioms: [propext, Classical.choice, Quot.sound]
'ASGinzburg.CutQuiver.unrolledSheetShiftLinearEquiv_JacobianRelation' depends on axioms: [propext,
 Classical.choice,
 Quot.sound]
'ASGinzburg.CutQuiver.unrolledSheetShiftLinearEquiv_cutJacobianRelation' depends on axioms: [propext,
 Classical.choice,
 Quot.sound]
'ASGinzburg.CutQuiver.restrictedJacobianRelation_apply' depends on axioms: [propext, Classical.choice, Quot.sound]
'ASGinzburg.CutQuiver.unrolledJacobianRelation_supported_long' depends on axioms: [propext,
 Classical.choice,
 Quot.sound]
'ASGinzburg.CutQuiver.unrolledSheetShiftLinearEquiv_Jacobian' depends on axioms: [propext, Classical.choice, Quot.sound]
'ASGinzburg.CutQuiver.unrolledLastArrowLinearEquiv_apply' depends on axioms: [propext, Classical.choice, Quot.sound]
'ASGinzburg.CutQuiver.unrolledPathComp_mapDomain_snoc' depends on axioms: [propext, Classical.choice, Quot.sound]
'ASGinzburg.CutQuiver.unrolledLastArrowLinearEquiv_symm_single' depends on axioms: [propext,
 Classical.choice,
 Quot.sound]
'ASGinzburg.CutQuiver.unrolledSheetShiftLinearEquiv_add' depends on axioms: [propext, Classical.choice, Quot.sound]
'ASGinzburg.CutQuiver.unrolledPathId' depends on axioms: [propext, Classical.choice, Quot.sound]
'ASGinzburg.CutQuiver.id_unrolledPathComp' depends on axioms: [propext, Classical.choice, Quot.sound]
'ASGinzburg.ZAlgebra.unrolledPathLinearEvaluation_comp' depends on axioms: [propext, Classical.choice, Quot.sound]
'ASGinzburg.CutQuiver.Path.comp_transport_target' does not depend on any axioms
'ASGinzburg.CutQuiver.unrolledPathEraseLinearMap_single' depends on axioms: [propext, Classical.choice, Quot.sound]
'ASGinzburg.CutQuiver.unrolledPathEraseLinearMap_comp' depends on axioms: [propext, Classical.choice, Quot.sound]
'ASGinzburg.CutQuiver.unrolledPathComp_mem_filtration' depends on axioms: [propext, Classical.choice, Quot.sound]
'ASGinzburg.CutQuiver.UnrolledPath.length' does not depend on any axioms
'ASGinzburg.CutQuiver.UnrolledPath.diagonal_eq_nil' depends on axioms: [propext, Classical.choice, Quot.sound]
'ASGinzburg.CutQuiver.UnrolledPath.finite' depends on axioms: [propext, Classical.choice, Quot.sound]
'ASGinzburg.CutQuiver.unrolledPathIdeal_mul_le' depends on axioms: [propext, Classical.choice, Quot.sound]
'ASGinzburg.ZAlgebra.unrolledPathIndecomposableMap_surjective' depends on axioms: [propext,
 Classical.choice,
 Quot.sound]
'ASGinzburg.CutQuiver.shift_heightEquiv_symm' depends on axioms: [propext, Classical.choice, Quot.sound]
'ASGinzburg.CutQuiver.unrolledIntegerSheetShiftLinearEquiv_comp' depends on axioms: [propext,
 Classical.choice,
 Quot.sound]
'ASGinzburg.ZAlgebra.unrolledPathIndecomposableMap_ker_le_long' depends on axioms: [propext,
 Classical.choice,
 Quot.sound]
'ASGinzburg.ZAlgebra.Homomorphism' depends on axioms: [propext, Classical.choice, Quot.sound]
'ASGinzburg.ZAlgebra.unrolledPathPresentationMap_comp' depends on axioms: [propext, Classical.choice, Quot.sound]
'ASGinzburg.ZAlgebra.ASRegular.unrolledPathPresentation' depends on axioms: [propext, Classical.choice, Quot.sound]
'ASGinzburg.CutQuiver.UnrolledPath.shift' depends on axioms: [propext, Classical.choice, Quot.sound]
'ASGinzburg.CutQuiver.UnrolledPath.length_shift' depends on axioms: [propext, Classical.choice, Quot.sound]
'ASGinzburg.CutQuiver.unrolledSheetShiftLinearEquiv' depends on axioms: [propext, Classical.choice, Quot.sound]
'ASGinzburg.CutQuiver.unrolledSheetShiftLinearEquiv_comp' depends on axioms: [propext, Classical.choice, Quot.sound]
'ASGinzburg.CutQuiver.UnrolledPath.shift_add' depends on axioms: [propext, Classical.choice, Quot.sound]
'ASGinzburg.CutQuiver.Path.unrollDegreeEquiv' depends on axioms: [propext, Classical.choice, Quot.sound]
'ASGinzburg.CutQuiver.height_heightEquiv_symm' depends on axioms: [propext, Classical.choice, Quot.sound]
'ASGinzburg.CutQuiver.unrolledPositiveIdeal_elem_eq_zero_of_ge' depends on axioms: [propext,
 Classical.choice,
 Quot.sound]
'ASGinzburg.CutQuiver.UnrolledPath.height_eq_of_length_zero' depends on axioms: [propext, Classical.choice, Quot.sound]
'ASGinzburg.CutQuiver.UnrolledPath.singleArrow_length' does not depend on any axioms
'ASGinzburg.CutQuiver.UnrolledPath.singleArrow_singleArrowOfPath' depends on axioms: [propext,
 Classical.choice,
 Quot.sound]
'ASGinzburg.CutQuiver.wordSource' does not depend on any axioms
'ASGinzburg.CutQuiver.Path.wordSource_of_length_pos' depends on axioms: [propext, Classical.choice, Quot.sound]
'ASGinzburg.CutQuiver.vertexWordProjection_prepend' depends on axioms: [propext, Classical.choice, Quot.sound]
'ASGinzburg.CutQuiver.vertexWordProjection_append_derivative' depends on axioms: [propext, Classical.choice, Quot.sound]
'ASGinzburg.ZAlgebra.vertexPresentationDesc' depends on axioms: [propext, Classical.choice, Quot.sound]
'ASGinzburg.ZAlgebra.vertexPresentationIso_fac' depends on axioms: [propext, Classical.choice, Quot.sound]
'ASGinzburg.ZAlgebra.WindowSystem' depends on axioms: [propext, Classical.choice, Quot.sound]
'ASGinzburg.ZAlgebra.WindowSystem.periodIso' depends on axioms: [propext, Classical.choice, Quot.sound]
'ASGinzburg.ZAlgebra.PeriodIso' depends on axioms: [propext, Classical.choice, Quot.sound]
'ASGinzburg.ZAlgebra.products' depends on axioms: [propext, Classical.choice, Quot.sound]
'ASGinzburg.ZAlgebra.Isomorphism.conjugateModuleMap_comp' depends on axioms: [propext, Classical.choice, Quot.sound]
'ASGinzburg.ZAlgebra.Isomorphism.conjugateShortComplex_exact' depends on axioms: [propext, Classical.choice, Quot.sound]
'ASGinzburg.ZAlgebra.Isomorphism.fixedRightModuleUnitIso' depends on axioms: [propext, Classical.choice, Quot.sound]
'ASGinzburg.ZAlgebra.Isomorphism.fixedRightModuleFunctor' depends on axioms: [propext, Classical.choice, Quot.sound]
'ASGinzburg.ZAlgebra.Isomorphism.fixedRightModuleFunctor_positiveActionSpan' depends on axioms: [propext,
 Classical.choice,
 Quot.sound]
'ASGinzburg.ZAlgebra.Isomorphism.fixedSimplePresentationMapEpi' depends on axioms: [propext,
 Classical.choice,
 Quot.sound]
'ASGinzburg.ZAlgebra.Isomorphism.fixedSimpleIso' depends on axioms: [propext, Classical.choice, Quot.sound]
'ASGinzburg.ZAlgebra.Homomorphism.kernel' depends on axioms: [propext, Classical.choice, Quot.sound]
'ASGinzburg.ZAlgebra.Homomorphism.componentQuotientEquiv' depends on axioms: [propext, Classical.choice, Quot.sound]
'ASGinzburg.ZAlgebra.Isomorphism.homomorphism' depends on axioms: [propext, Classical.choice, Quot.sound]
'ASGinzburg.ZAlgebra.Isomorphism.trans' depends on axioms: [propext, Classical.choice, Quot.sound]
'ASGinzburg.ZAlgebra.Isomorphism.linearFunctor' depends on axioms: [propext, Classical.choice, Quot.sound]
'ASGinzburg.ZAlgebra.Isomorphism.linearFunctorFaithful' depends on axioms: [propext, Classical.choice, Quot.sound]
'ASGinzburg.ZAlgebra.Isomorphism.linearFunctorIsEquivalence' depends on axioms: [propext, Classical.choice, Quot.sound]
'ASGinzburg.ZAlgebra.Isomorphism.linearEquivalence_inverse_index' depends on axioms: [propext,
 Classical.choice,
 Quot.sound]
'ASGinzburg.ZAlgebra.Isomorphism.linearEquivalenceOpFunctorAdditive' depends on axioms: [propext,
 Classical.choice,
 Quot.sound]
'ASGinzburg.ZAlgebra.Isomorphism.rightModuleEquivalenceFunctorAdditive' depends on axioms: [propext,
 Classical.choice,
 Quot.sound]
'ASGinzburg.ZAlgebra.Isomorphism.rightModuleEquivalenceInverseLinear' depends on axioms: [propext,
 Classical.choice,
 Quot.sound]
'ASGinzburg.ZAlgebra.Isomorphism.rightModuleProjectiveResolution_isZero' depends on axioms: [propext,
 Classical.choice,
 Quot.sound]
'ASGinzburg.ZAlgebra.Isomorphism.rightModuleRepresentableIso' depends on axioms: [propext, Classical.choice, Quot.sound]
'ASGinzburg.ZAlgebra.Isomorphism.simplePresentationMapEpi' depends on axioms: [propext, Classical.choice, Quot.sound]
'ASGinzburg.ZAlgebra.Isomorphism.simpleComparisonMap' depends on axioms: [propext, Classical.choice, Quot.sound]
'ASGinzburg.ZAlgebra.Isomorphism.rightModuleSimpleIso' depends on axioms: [propext, Classical.choice, Quot.sound]
'ASGinzburg.ZAlgebra.Isomorphism.asExtTotalRank_eq' depends on axioms: [propext, Classical.choice, Quot.sound]
'ASGinzburg.CutQuiver.zeroCutFoundationComponentEquiv_comp' depends on axioms: [propext, Classical.choice, Quot.sound]
'ASGinzburg.ZAlgebra.arrowPathLinearEvaluation_zeroCutJacobianContext' depends on axioms: [propext,
 Classical.choice,
 Quot.sound]
'ASGinzburg.CutQuiver.zeroCutCyclicDerivative' depends on axioms: [propext, Classical.choice, Quot.sound]
'ASGinzburg.CutQuiver.zeroCutJacobianIdealIsTwoSided' depends on axioms: [propext, Classical.choice, Quot.sound]
'ASGinzburg.CutQuiver.zeroCutPathComp' depends on axioms: [propext, Classical.choice, Quot.sound]
'ASGinzburg.CutQuiver.zeroCutPathRingFinite' depends on axioms: [propext, Classical.choice, Quot.sound]
'ASGinzburg.CutQuiver.zeroCutNativeUnrollingEquiv_id' depends on axioms: [propext, Classical.choice, Quot.sound]
'ASGinzburg.CutQuiver.zeroSheetPathReindexEquiv' depends on axioms: [propext, Classical.choice, Quot.sound]
'ASGinzburg.CutQuiver.zeroSheetPathReindexEquiv_comp' depends on axioms: [propext, Classical.choice, Quot.sound]
