interpretation of Batteries.machineApplicableDeprecated took 0.199ms
interpretation of Batteries.Tactic.Alias.aliasExt took 5.26ms
interpretation of Mathlib.Linter.linter.directoryDependency took 0.137ms
interpretation of _private.Mathlib.Tactic.Linter.Header.0.Mathlib.Linter.inLibraryRootMutex took 0.0306ms
interpretation of Mathlib.Linter.linter.style.header took 0.101ms
interpretation of Mathlib.Linter.linter.style.header.license took 0.0671ms
interpretation of _private.Mathlib.Tactic.Linter.Header.0.Mathlib.Linter.Style.Header.initFn._@.Mathlib.Tactic.Linter.Header.1276962649._hygCtx._hyg.2 took 0.00625ms
interpretation of _private.Mathlib.Tactic.Linter.Header.0.Mathlib.Linter.Style.Header.initFn._@.Mathlib.Tactic.Linter.Header.1276962649._hygCtx._hyg.2._boxed took 0.146ms
interpretation of _private.Mathlib.Tactic.AdaptationNote.0.initFn._@.Mathlib.Tactic.AdaptationNote.1330411147._hygCtx._hyg.2 took 0.00543ms
interpretation of _private.Mathlib.Tactic.AdaptationNote.0.initFn._@.Mathlib.Tactic.AdaptationNote.1330411147._hygCtx._hyg.2._boxed took 0.138ms
interpretation of Mathlib.Linter.AuxLemma.linter.auxLemma took 0.0749ms
interpretation of _private.Mathlib.Tactic.Linter.AuxLemma.0.Mathlib.Linter.AuxLemma.initFn._@.Mathlib.Tactic.Linter.AuxLemma.2530988339._hygCtx._hyg.2 took 0.00483ms
interpretation of _private.Mathlib.Tactic.Linter.AuxLemma.0.Mathlib.Linter.AuxLemma.initFn._@.Mathlib.Tactic.Linter.AuxLemma.2530988339._hygCtx._hyg.2._boxed took 0.0899ms
interpretation of Mathlib.Linter.Style.linter.style.refine took 0.0881ms
interpretation of Mathlib.Linter.Style.linter.style.cases took 0.0492ms
interpretation of Mathlib.Linter.Style.linter.style.induction took 0.0472ms
interpretation of Mathlib.Linter.Style.linter.style.admit took 0.0504ms
interpretation of Mathlib.Linter.Style.linter.style.native took 0.0459ms
interpretation of Mathlib.Linter.Style.linter.style.nativeDecide took 0.0493ms
interpretation of Mathlib.Linter.Style.linter.style.maxHeartbeats took 0.349ms
interpretation of _private.Mathlib.Tactic.Linter.DeprecatedSyntaxLinter.0.Mathlib.Linter.Style.initFn._@.Mathlib.Tactic.Linter.DeprecatedSyntaxLinter.2374602524._hygCtx._hyg.2 took 0.00623ms
interpretation of _private.Mathlib.Tactic.Linter.DeprecatedSyntaxLinter.0.Mathlib.Linter.Style.initFn._@.Mathlib.Tactic.Linter.DeprecatedSyntaxLinter.2374602524._hygCtx._hyg.2._boxed took 0.0922ms
interpretation of Mathlib.Linter.linter.docPrime took 0.0694ms
interpretation of _private.Mathlib.Tactic.Linter.DocPrime.0.Mathlib.Linter.DocPrime.initFn._@.Mathlib.Tactic.Linter.DocPrime.856601495._hygCtx._hyg.2 took 0.00525ms
interpretation of _private.Mathlib.Tactic.Linter.DocPrime.0.Mathlib.Linter.DocPrime.initFn._@.Mathlib.Tactic.Linter.DocPrime.856601495._hygCtx._hyg.2._boxed took 0.104ms
interpretation of Mathlib.Linter.linter.style.docString took 0.0899ms
interpretation of Mathlib.Linter.linter.style.docString.empty took 0.0463ms
interpretation of Mathlib.Linter.linter.style.docStringVerso took 0.0455ms
interpretation of _private.Mathlib.Tactic.Linter.DocString.0.Mathlib.Linter.Style.initFn._@.Mathlib.Tactic.Linter.DocString.3364454516._hygCtx._hyg.2 took 0.00548ms
interpretation of _private.Mathlib.Tactic.Linter.DocString.0.Mathlib.Linter.Style.initFn._@.Mathlib.Tactic.Linter.DocString.3364454516._hygCtx._hyg.2._boxed took 0.0865ms
interpretation of _private.Mathlib.Tactic.Linter.DocString.0.Mathlib.Linter.Style.initFn._@.Mathlib.Tactic.Linter.DocString.3183647073._hygCtx._hyg.2 took 0.0048ms
interpretation of _private.Mathlib.Tactic.Linter.DocString.0.Mathlib.Linter.Style.initFn._@.Mathlib.Tactic.Linter.DocString.3183647073._hygCtx._hyg.2._boxed took 0.0834ms
interpretation of Mathlib.Linter.linter.style.emptyLine took 0.0842ms
interpretation of _private.Mathlib.Tactic.Linter.EmptyLine.0.Mathlib.Linter.EmptyLine.initFn._@.Mathlib.Tactic.Linter.EmptyLine.1134681162._hygCtx._hyg.2 took 0.00473ms
interpretation of _private.Mathlib.Tactic.Linter.EmptyLine.0.Mathlib.Linter.EmptyLine.initFn._@.Mathlib.Tactic.Linter.EmptyLine.1134681162._hygCtx._hyg.2._boxed took 0.0422ms
interpretation of Mathlib.Linter.linter.globalAttributeIn took 0.069ms
interpretation of _private.Mathlib.Tactic.Linter.GlobalAttributeIn.0.Mathlib.Linter.globalAttributeInLinter.initFn._@.Mathlib.Tactic.Linter.GlobalAttributeIn.3315358037._hygCtx._hyg.2 took 0.00492ms
interpretation of _private.Mathlib.Tactic.Linter.GlobalAttributeIn.0.Mathlib.Linter.globalAttributeInLinter.initFn._@.Mathlib.Tactic.Linter.GlobalAttributeIn.3315358037._hygCtx._hyg.2._boxed took 0.0819ms
interpretation of Mathlib.Linter.linter.hashCommand took 0.0735ms
interpretation of _private.Mathlib.Tactic.Linter.HashCommandLinter.0.Mathlib.Linter.HashCommandLinter.initFn._@.Mathlib.Tactic.Linter.HashCommandLinter.682754668._hygCtx._hyg.2 took 0.00476ms
interpretation of _private.Mathlib.Tactic.Linter.HashCommandLinter.0.Mathlib.Linter.HashCommandLinter.initFn._@.Mathlib.Tactic.Linter.HashCommandLinter.682754668._hygCtx._hyg.2._boxed took 0.0973ms
interpretation of Mathlib.Linter.HaveILetI.linter.style.haveILetI took 0.0824ms
interpretation of Mathlib.Tactic.Linter.linter.internalConstructors took 0.0742ms
interpretation of _private.Mathlib.Tactic.Linter.InternalConstructor.0.Mathlib.Tactic.Linter.initFn._@.Mathlib.Tactic.Linter.InternalConstructor.2157930151._hygCtx._hyg.2 took 0.00532ms
interpretation of _private.Mathlib.Tactic.Linter.InternalConstructor.0.Mathlib.Tactic.Linter.initFn._@.Mathlib.Tactic.Linter.InternalConstructor.2157930151._hygCtx._hyg.2._boxed took 0.03ms
interpretation of Mathlib.Linter.linter.flexible took 0.097ms
interpretation of _private.Mathlib.Tactic.Linter.FlexibleLinter.0.Mathlib.Linter.Flexible.initFn._@.Mathlib.Tactic.Linter.FlexibleLinter.242819373._hygCtx._hyg.2 took 0.00609ms
interpretation of _private.Mathlib.Tactic.Linter.FlexibleLinter.0.Mathlib.Linter.Flexible.initFn._@.Mathlib.Tactic.Linter.FlexibleLinter.242819373._hygCtx._hyg.2._boxed took 0.101ms
interpretation of Mathlib.Linter.linter.style.multiGoal took 0.0809ms
interpretation of _private.Mathlib.Tactic.Linter.Multigoal.0.Mathlib.Linter.Style.multiGoal.initFn._@.Mathlib.Tactic.Linter.Multigoal.276707340._hygCtx._hyg.2 took 0.00524ms
interpretation of _private.Mathlib.Tactic.Linter.Multigoal.0.Mathlib.Linter.Style.multiGoal.initFn._@.Mathlib.Tactic.Linter.Multigoal.276707340._hygCtx._hyg.2._boxed took 0.0945ms
interpretation of Mathlib.Linter.Style.linter.oldObtain took 0.0669ms
interpretation of _private.Mathlib.Tactic.Linter.OldObtain.0.Mathlib.Linter.Style.initFn._@.Mathlib.Tactic.Linter.OldObtain.3115300298._hygCtx._hyg.2 took 0.00468ms
interpretation of _private.Mathlib.Tactic.Linter.OldObtain.0.Mathlib.Linter.Style.initFn._@.Mathlib.Tactic.Linter.OldObtain.3115300298._hygCtx._hyg.2._boxed took 0.0803ms
interpretation of Batteries.Tactic.Lint.batteriesLinterExt took 0.201ms
interpretation of _private.Batteries.Tactic.Lint.Basic.0.Batteries.Tactic.Lint.initFn._@.Batteries.Tactic.Lint.Basic.3164034710._hygCtx._hyg.2 took 0.00512ms
interpretation of _private.Batteries.Tactic.Lint.Basic.0.Batteries.Tactic.Lint.initFn._@.Batteries.Tactic.Lint.Basic.3164034710._hygCtx._hyg.2._boxed took 0.201ms
interpretation of Batteries.Tactic.Lint.nolintAttr took 0.104ms
interpretation of Mathlib.Linter.UnusedInstancesInType.linter.unusedDecidableInType took 0.0941ms
interpretation of _private.Mathlib.Tactic.Linter.UnusedInstancesInType.0.Mathlib.Linter.UnusedInstancesInType.initFn._@.Mathlib.Tactic.Linter.UnusedInstancesInType.1258466126._hygCtx._hyg.2 took 0.00545ms
interpretation of _private.Mathlib.Tactic.Linter.UnusedInstancesInType.0.Mathlib.Linter.UnusedInstancesInType.initFn._@.Mathlib.Tactic.Linter.UnusedInstancesInType.1258466126._hygCtx._hyg.2._boxed took 0.0906ms
interpretation of Mathlib.Linter.UnusedInstancesInType.linter.unusedFintypeInType took 0.0454ms
interpretation of _private.Mathlib.Tactic.Linter.UnusedInstancesInType.0.Mathlib.Linter.UnusedInstancesInType.initFn._@.Mathlib.Tactic.Linter.UnusedInstancesInType.2867144287._hygCtx._hyg.2 took 0.005ms
interpretation of _private.Mathlib.Tactic.Linter.UnusedInstancesInType.0.Mathlib.Linter.UnusedInstancesInType.initFn._@.Mathlib.Tactic.Linter.UnusedInstancesInType.2867144287._hygCtx._hyg.2._boxed took 0.046ms
interpretation of _private.Mathlib.Tactic.Linter.OverlappingInstances.0.Mathlib.Linter.OverlappingInstances.classProjectionsCache took 0.0372ms
interpretation of _private.Mathlib.Tactic.Linter.OverlappingInstances.0.Mathlib.Linter.OverlappingInstances.linter.overlappingInstances took 0.153ms
interpretation of _private.Mathlib.Tactic.Linter.OverlappingInstances.0.Mathlib.Linter.OverlappingInstances.initFn._@.Mathlib.Tactic.Linter.OverlappingInstances.2887050497._hygCtx._hyg.2 took 0.00488ms
interpretation of _private.Mathlib.Tactic.Linter.OverlappingInstances.0.Mathlib.Linter.OverlappingInstances.initFn._@.Mathlib.Tactic.Linter.OverlappingInstances.2887050497._hygCtx._hyg.2._boxed took 0.375ms
interpretation of _private.Mathlib.Tactic.Linter.OverlappingInstances.0.Mathlib.Linter.OverlappingInstances.initFn._@.Mathlib.Tactic.Linter.OverlappingInstances.4094535516._hygCtx._hyg.2 took 0.00902ms
interpretation of _private.Mathlib.Tactic.Linter.OverlappingInstances.0.Mathlib.Linter.OverlappingInstances.initFn._@.Mathlib.Tactic.Linter.OverlappingInstances.4094535516._hygCtx._hyg.2._boxed took 0.187ms
interpretation of Mathlib.Linter.linter.privateModule took 0.0781ms
interpretation of _private.Mathlib.Tactic.Linter.PrivateModule.0.Mathlib.Linter.initFn._@.Mathlib.Tactic.Linter.PrivateModule.3751228466._hygCtx._hyg.2 took 0.00494ms
interpretation of _private.Mathlib.Tactic.Linter.PrivateModule.0.Mathlib.Linter.initFn._@.Mathlib.Tactic.Linter.PrivateModule.3751228466._hygCtx._hyg.2._boxed took 0.071ms
interpretation of Mathlib.Linter.UnusedTactic.allowedUnusedTacticExt took 0.163ms
interpretation of Mathlib.Linter.UnusedTactic.allowedRef took 1.2ms
interpretation of Mathlib.Linter.linter.unusedTactic took 0.108ms
interpretation of _private.Mathlib.Tactic.Linter.UnusedTactic.0.Mathlib.Linter.UnusedTactic.ignoreTacticKindsRef took 0.582ms
interpretation of _private.Mathlib.Tactic.Linter.UnusedTactic.0.Mathlib.Linter.UnusedTactic.initFn._@.Mathlib.Tactic.Linter.UnusedTactic.300650473._hygCtx._hyg.2 took 0.00672ms
interpretation of _private.Mathlib.Tactic.Linter.UnusedTactic.0.Mathlib.Linter.UnusedTactic.initFn._@.Mathlib.Tactic.Linter.UnusedTactic.300650473._hygCtx._hyg.2._boxed took 0.101ms
interpretation of Mathlib.Linter.linter.style.setOption took 0.127ms
interpretation of _private.Mathlib.Tactic.Linter.Style.0.Mathlib.Linter.Style.setOption.initFn._@.Mathlib.Tactic.Linter.Style.3512398344._hygCtx._hyg.2 took 0.00626ms
interpretation of _private.Mathlib.Tactic.Linter.Style.0.Mathlib.Linter.Style.setOption.initFn._@.Mathlib.Tactic.Linter.Style.3512398344._hygCtx._hyg.2._boxed took 0.13ms
interpretation of Mathlib.Linter.linter.style.missingEnd took 0.0581ms
interpretation of _private.Mathlib.Tactic.Linter.Style.0.Mathlib.Linter.Style.missingEnd.initFn._@.Mathlib.Tactic.Linter.Style.3360231377._hygCtx._hyg.2 took 0.00627ms
interpretation of _private.Mathlib.Tactic.Linter.Style.0.Mathlib.Linter.Style.missingEnd.initFn._@.Mathlib.Tactic.Linter.Style.3360231377._hygCtx._hyg.2._boxed took 0.084ms
interpretation of Mathlib.Linter.linter.style.cdot took 0.096ms
interpretation of _private.Mathlib.Tactic.Linter.Style.0.Mathlib.Linter.Style.initFn._@.Mathlib.Tactic.Linter.Style.1823831825._hygCtx._hyg.2 took 0.00545ms
interpretation of _private.Mathlib.Tactic.Linter.Style.0.Mathlib.Linter.Style.initFn._@.Mathlib.Tactic.Linter.Style.1823831825._hygCtx._hyg.2._boxed took 0.0729ms
interpretation of Mathlib.Linter.linter.style.dollarSyntax took 0.0568ms
interpretation of _private.Mathlib.Tactic.Linter.Style.0.Mathlib.Linter.Style.dollarSyntax.initFn._@.Mathlib.Tactic.Linter.Style.1303717341._hygCtx._hyg.2 took 0.00576ms
interpretation of _private.Mathlib.Tactic.Linter.Style.0.Mathlib.Linter.Style.dollarSyntax.initFn._@.Mathlib.Tactic.Linter.Style.1303717341._hygCtx._hyg.2._boxed took 0.173ms
interpretation of Mathlib.Linter.linter.style.lambdaSyntax took 0.056ms
interpretation of _private.Mathlib.Tactic.Linter.Style.0.Mathlib.Linter.Style.lambdaSyntax.initFn._@.Mathlib.Tactic.Linter.Style.1166937461._hygCtx._hyg.2 took 0.00537ms
interpretation of _private.Mathlib.Tactic.Linter.Style.0.Mathlib.Linter.Style.lambdaSyntax.initFn._@.Mathlib.Tactic.Linter.Style.1166937461._hygCtx._hyg.2._boxed took 0.116ms
interpretation of Mathlib.Linter.linter.style.longFile took 0.0644ms
interpretation of Mathlib.Linter.linter.style.longFileDefValue took 0.0845ms
interpretation of _private.Mathlib.Tactic.Linter.Style.0.Mathlib.Linter.Style.longFile.initFn._@.Mathlib.Tactic.Linter.Style.3199531762._hygCtx._hyg.2 took 0.00588ms
interpretation of _private.Mathlib.Tactic.Linter.Style.0.Mathlib.Linter.Style.longFile.initFn._@.Mathlib.Tactic.Linter.Style.3199531762._hygCtx._hyg.2._boxed took 0.0838ms
interpretation of Mathlib.Linter.linter.style.longLine took 0.0543ms
interpretation of Mathlib.Linter.linter.style.longLine.maxLineLength took 0.0608ms
interpretation of _private.Mathlib.Tactic.Linter.Style.0.Mathlib.Linter.Style.longLine.initFn._@.Mathlib.Tactic.Linter.Style.724867545._hygCtx._hyg.2 took 0.00554ms
interpretation of _private.Mathlib.Tactic.Linter.Style.0.Mathlib.Linter.Style.longLine.initFn._@.Mathlib.Tactic.Linter.Style.724867545._hygCtx._hyg.2._boxed took 0.153ms
interpretation of Mathlib.Linter.linter.style.nameCheck took 0.0554ms
interpretation of _private.Mathlib.Tactic.Linter.Style.0.Mathlib.Linter.Style.nameCheck.initFn._@.Mathlib.Tactic.Linter.Style.1285535146._hygCtx._hyg.2 took 0.00528ms
interpretation of _private.Mathlib.Tactic.Linter.Style.0.Mathlib.Linter.Style.nameCheck.initFn._@.Mathlib.Tactic.Linter.Style.1285535146._hygCtx._hyg.2._boxed took 0.0984ms
interpretation of Mathlib.Linter.linter.style.openClassical took 0.147ms
interpretation of _private.Mathlib.Tactic.Linter.Style.0.Mathlib.Linter.Style.openClassical.initFn._@.Mathlib.Tactic.Linter.Style.273924139._hygCtx._hyg.2 took 0.00599ms
interpretation of _private.Mathlib.Tactic.Linter.Style.0.Mathlib.Linter.Style.openClassical.initFn._@.Mathlib.Tactic.Linter.Style.273924139._hygCtx._hyg.2._boxed took 0.0965ms
interpretation of Mathlib.Linter.linter.style.show took 0.0542ms
interpretation of Mathlib.Linter.linter.style.whitespace took 0.0869ms
interpretation of Mathlib.Linter.linter.style.whitespace.verbose took 0.0491ms
interpretation of _private.Mathlib.Tactic.Linter.Whitespace.0.Mathlib.Linter.Style.Whitespace.initFn._@.Mathlib.Tactic.Linter.Whitespace.391367517._hygCtx._hyg.2 took 0.00539ms
interpretation of _private.Mathlib.Tactic.Linter.Whitespace.0.Mathlib.Linter.Style.Whitespace.initFn._@.Mathlib.Tactic.Linter.Whitespace.391367517._hygCtx._hyg.2._boxed took 0.127ms
interpretation of linter.tacticAnalysis took 0.0617ms
interpretation of Mathlib.TacticAnalysis.tacticAnalysisExt took 0.179ms
interpretation of _private.Mathlib.Tactic.TacticAnalysis.0.Mathlib.TacticAnalysis.initFn._@.Mathlib.Tactic.TacticAnalysis.2535838111._hygCtx._hyg.2 took 0.00468ms
interpretation of _private.Mathlib.Tactic.TacticAnalysis.0.Mathlib.TacticAnalysis.initFn._@.Mathlib.Tactic.TacticAnalysis.2535838111._hygCtx._hyg.2._boxed took 0.37ms
interpretation of _private.Mathlib.Tactic.TacticAnalysis.0.Mathlib.TacticAnalysis.initFn._@.Mathlib.Tactic.TacticAnalysis.1736486024._hygCtx._hyg.2 took 0.00507ms
interpretation of _private.Mathlib.Tactic.TacticAnalysis.0.Mathlib.TacticAnalysis.initFn._@.Mathlib.Tactic.TacticAnalysis.1736486024._hygCtx._hyg.2._boxed took 0.0399ms
interpretation of linter.tacticAnalysis.dummy took 0.0402ms
interpretation of linter.tacticAnalysis.regressions.linarithToGrind took 0.0984ms
interpretation of linter.tacticAnalysis.regressions.ringToGrind took 0.0385ms
interpretation of linter.tacticAnalysis.regressions.omegaToLia took 0.0387ms
interpretation of linter.tacticAnalysis.omegaToLia took 0.0329ms
interpretation of linter.tacticAnalysis.rwaSuggestion took 0.0386ms
interpretation of linter.tacticAnalysis.rwMerge took 0.0347ms
interpretation of linter.tacticAnalysis.mergeWithGrind took 0.038ms
interpretation of linter.tacticAnalysis.terminalToGrind took 0.0327ms
interpretation of linter.tacticAnalysis.tryAtEachStep.fraction took 0.0511ms
interpretation of linter.tacticAnalysis.tryAtEachStep.showTiming took 0.0356ms
interpretation of linter.tacticAnalysis.tryAtEachStep.selfReplacements took 0.0357ms
interpretation of linter.tacticAnalysis.tryAtEachStepGrind took 0.0323ms
interpretation of linter.tacticAnalysis.tryAtEachStepSimpAll took 0.105ms
interpretation of linter.tacticAnalysis.tryAtEachStepAesop took 0.0406ms
interpretation of linter.tacticAnalysis.tryAtEachStepGrindSuggestions took 0.0321ms
interpretation of linter.tacticAnalysis.tryAtEachStepSimpAllSuggestions took 0.0348ms
interpretation of linter.tacticAnalysis.tryAtEachStepFromEnv took 0.0525ms
interpretation of linter.tacticAnalysis.introMerge took 0.0324ms
interpretation of linter.tacticAnalysis.verifyGrind took 0.0334ms
interpretation of linter.tacticAnalysis.verifyGrindSuggestions took 0.0347ms
interpretation of linter.tacticAnalysis.verifyGrindOnly took 0.0325ms
interpretation of Batteries.Util.LibraryNote.libraryNoteExt took 0.129ms
interpretation of _private.Batteries.Util.ProofWanted.0.wantedInstancesExt took 0.165ms
interpretation of _private.Batteries.Util.ProofWanted.0.wantedArityExt took 0.0819ms
interpretation of Batteries.Tactic.Lint.linter.simpNF.respectTransparency took 0.109ms
interpretation of _private.Batteries.Tactic.Lint.Frontend.0.Batteries.Tactic.Lint.initFn._@.Batteries.Tactic.Lint.Frontend.971841226._hygCtx._hyg.2 took 0.0104ms
interpretation of _private.Batteries.Tactic.Lint.Frontend.0.Batteries.Tactic.Lint.initFn._@.Batteries.Tactic.Lint.Frontend.971841226._hygCtx._hyg.2._boxed took 0.167ms
interpretation of Mathlib.Linter.linter.dupNamespace took 0.0903ms
interpretation of _private.Mathlib.Tactic.Linter.Lint.0.Mathlib.Linter.DupNamespaceLinter.initFn._@.Mathlib.Tactic.Linter.Lint.3996576634._hygCtx._hyg.2 took 0.00606ms
interpretation of _private.Mathlib.Tactic.Linter.Lint.0.Mathlib.Linter.DupNamespaceLinter.initFn._@.Mathlib.Tactic.Linter.Lint.3996576634._hygCtx._hyg.2._boxed took 0.128ms
interpretation of linter.mathlibStandardSet took 0.0345ms
interpretation of linter.nightlyRegressionSet took 0.0186ms
interpretation of linter.weeklyLintSet took 0.0194ms
interpretation of _private.Batteries.Tactic.Trans.0.Batteries.Tactic.initFn._@.Batteries.Tactic.Trans.2429574326._hygCtx._hyg.2 took 0.00822ms
interpretation of _private.Batteries.Tactic.Trans.0.Batteries.Tactic.initFn._@.Batteries.Tactic.Trans.2429574326._hygCtx._hyg.2._boxed took 0.266ms
interpretation of Batteries.Tactic.transExt took 0.121ms
interpretation of _private.Batteries.Tactic.Trans.0.Batteries.Tactic.initFn._@.Batteries.Tactic.Trans.2247956323._hygCtx._hyg.2 took 0.00557ms
interpretation of _private.Batteries.Tactic.Trans.0.Batteries.Tactic.initFn._@.Batteries.Tactic.Trans.2247956323._hygCtx._hyg.2._boxed took 0.0949ms
interpretation of eqnsAttribute took 0.172ms
interpretation of _private.Mathlib.Tactic.Eqns.0.initFn._@.Mathlib.Tactic.Eqns.1919312714._hygCtx._hyg.2 took 0.00498ms
interpretation of _private.Mathlib.Tactic.Eqns.0.initFn._@.Mathlib.Tactic.Eqns.1919312714._hygCtx._hyg.2._boxed took 0.0301ms
interpretation of Mathlib.Tactic.generatingAttrs took 0.014ms
interpretation of _private.Mathlib.Tactic.Translate.Core.0.Mathlib.Tactic.Translate.initFn._@.Mathlib.Tactic.Translate.Core.1162112896._hygCtx._hyg.2 took 0.0122ms
interpretation of _private.Mathlib.Tactic.Translate.Core.0.Mathlib.Tactic.Translate.initFn._@.Mathlib.Tactic.Translate.Core.1162112896._hygCtx._hyg.2._boxed took 1.23ms
interpretation of _private.Mathlib.Tactic.Translate.Core.0.Mathlib.Tactic.Translate.initFn._@.Mathlib.Tactic.Translate.Core.4063640531._hygCtx._hyg.2 took 0.00809ms
interpretation of _private.Mathlib.Tactic.Translate.Core.0.Mathlib.Tactic.Translate.initFn._@.Mathlib.Tactic.Translate.Core.4063640531._hygCtx._hyg.2._boxed took 0.0889ms
interpretation of Mathlib.Tactic.Translate.linter.existingAttributeWarning took 0.0825ms
interpretation of Mathlib.Tactic.Translate.linter.translateGenerateName took 0.0626ms
interpretation of Mathlib.Tactic.Translate.linter.translateExisting took 0.0544ms
interpretation of Mathlib.Tactic.Translate.linter.translateReorder took 0.139ms
interpretation of Mathlib.Tactic.Translate.linter.translateRelevantArg took 0.139ms
interpretation of Mathlib.Tactic.Translate.linter.translateOverwrite took 0.0562ms
interpretation of Mathlib.Tactic.Translate.linter.translateRedundant took 0.0518ms
interpretation of Mathlib.Tactic.Translate.linter.translate.warnInvalid took 0.0665ms
interpretation of Mathlib.Tactic.ToAdditive.ignoreArgsAttr took 0.317ms
interpretation of Mathlib.Tactic.ToAdditive.doTranslateAttr took 0.0596ms
interpretation of _private.Mathlib.Tactic.Translate.ToAdditive.0.Mathlib.Tactic.ToAdditive.initFn._@.Mathlib.Tactic.Translate.ToAdditive.3091569921._hygCtx._hyg.2 took 0.00562ms
interpretation of _private.Mathlib.Tactic.Translate.ToAdditive.0.Mathlib.Tactic.ToAdditive.initFn._@.Mathlib.Tactic.Translate.ToAdditive.3091569921._hygCtx._hyg.2._boxed took 0.255ms
interpretation of Mathlib.Tactic.ToAdditive.translations took 0.0465ms
interpretation of Mathlib.Tactic.ToAdditive.guessNameExt took 3.98ms
interpretation of _private.Mathlib.Tactic.Translate.ToAdditive.0.Mathlib.Tactic.ToAdditive.initFn._@.Mathlib.Tactic.Translate.ToAdditive.1826194073._hygCtx._hyg.2 took 0.00907ms
interpretation of _private.Mathlib.Tactic.Translate.ToAdditive.0.Mathlib.Tactic.ToAdditive.initFn._@.Mathlib.Tactic.Translate.ToAdditive.1826194073._hygCtx._hyg.2._boxed took 0.16ms
interpretation of _private.Mathlib.Tactic.MkIffOfInductiveProp.0.Mathlib.Tactic.MkIff.initFn._@.Mathlib.Tactic.MkIffOfInductiveProp.1665152415._hygCtx._hyg.2 took 0.00917ms
interpretation of _private.Mathlib.Tactic.MkIffOfInductiveProp.0.Mathlib.Tactic.MkIff.initFn._@.Mathlib.Tactic.MkIffOfInductiveProp.1665152415._hygCtx._hyg.2._boxed took 0.197ms
interpretation of Simps.notationClassAttr took 0.134ms
interpretation of Lean.Parser.linter.simpsNoConstructor took 0.149ms
interpretation of Lean.Parser.linter.simpsUnusedCustomDeclarations took 0.0534ms
interpretation of _private.Mathlib.Tactic.Simps.Basic.0.initFn._@.Mathlib.Tactic.Simps.Basic.3552424657._hygCtx._hyg.2 took 0.00537ms
interpretation of _private.Mathlib.Tactic.Simps.Basic.0.initFn._@.Mathlib.Tactic.Simps.Basic.3552424657._hygCtx._hyg.2._boxed took 0.202ms
interpretation of _private.Mathlib.Tactic.Simps.Basic.0.initFn._@.Mathlib.Tactic.Simps.Basic.462932316._hygCtx._hyg.2 took 0.006ms
interpretation of _private.Mathlib.Tactic.Simps.Basic.0.initFn._@.Mathlib.Tactic.Simps.Basic.462932316._hygCtx._hyg.2._boxed took 0.0721ms
interpretation of _private.Mathlib.Tactic.Simps.Basic.0.initFn._@.Mathlib.Tactic.Simps.Basic.3238860256._hygCtx._hyg.2 took 0.00501ms
interpretation of _private.Mathlib.Tactic.Simps.Basic.0.initFn._@.Mathlib.Tactic.Simps.Basic.3238860256._hygCtx._hyg.2._boxed took 0.068ms
interpretation of Simps.structureExt took 0.0512ms
interpretation of simpsAttr took 0.0979ms
interpretation of _private.Mathlib.Tactic.Simps.Basic.0.initFn._@.Mathlib.Tactic.Simps.Basic.2823639423._hygCtx._hyg.2 took 0.00554ms
interpretation of _private.Mathlib.Tactic.Simps.Basic.0.initFn._@.Mathlib.Tactic.Simps.Basic.2823639423._hygCtx._hyg.2._boxed took 0.0524ms
interpretation of Mathlib.Tactic.Push.pushExt took 0.301ms
interpretation of Mathlib.Tactic.Push.pullExt took 0.111ms
interpretation of _private.Mathlib.Tactic.Push.Attr.0.Mathlib.Tactic.Push.initFn._@.Mathlib.Tactic.Push.Attr.2591766601._hygCtx._hyg.2 took 0.00551ms
interpretation of _private.Mathlib.Tactic.Push.Attr.0.Mathlib.Tactic.Push.initFn._@.Mathlib.Tactic.Push.Attr.2591766601._hygCtx._hyg.2._boxed took 0.185ms
interpretation of Mathlib.CrossRef.tagExt took 0.111ms
interpretation of _private.Mathlib.Tactic.CrossRefAttribute.0.Mathlib.CrossRef.initFn._@.Mathlib.Tactic.CrossRefAttribute.2143948442._hygCtx._hyg.2 took 0.00515ms
interpretation of _private.Mathlib.Tactic.CrossRefAttribute.0.Mathlib.CrossRef.initFn._@.Mathlib.Tactic.CrossRefAttribute.2143948442._hygCtx._hyg.2._boxed took 1.89ms
interpretation of _private.Mathlib.Tactic.CrossRefAttribute.0.Mathlib.CrossRef.initFn._@.Mathlib.Tactic.CrossRefAttribute.2535236365._hygCtx._hyg.2 took 0.00802ms
interpretation of _private.Mathlib.Tactic.CrossRefAttribute.0.Mathlib.CrossRef.initFn._@.Mathlib.Tactic.CrossRefAttribute.2535236365._hygCtx._hyg.2._boxed took 0.112ms
interpretation of _private.Mathlib.Tactic.CrossRefAttribute.0.Mathlib.CrossRef.initFn._@.Mathlib.Tactic.CrossRefAttribute.3593266836._hygCtx._hyg.2 took 0.00612ms
interpretation of _private.Mathlib.Tactic.CrossRefAttribute.0.Mathlib.CrossRef.initFn._@.Mathlib.Tactic.CrossRefAttribute.3593266836._hygCtx._hyg.2._boxed took 0.0975ms
interpretation of _private.Mathlib.Tactic.CrossRefAttribute.0.Mathlib.CrossRef.initFn._@.Mathlib.Tactic.CrossRefAttribute.2958650249._hygCtx._hyg.2 took 0.00489ms
interpretation of _private.Mathlib.Tactic.CrossRefAttribute.0.Mathlib.CrossRef.initFn._@.Mathlib.Tactic.CrossRefAttribute.2958650249._hygCtx._hyg.2._boxed took 0.2ms
interpretation of _private.Mathlib.Tactic.CrossRefAttribute.0.Mathlib.CrossRef.initFn._@.Mathlib.Tactic.CrossRefAttribute.1047927000._hygCtx._hyg.2 took 0.00881ms
interpretation of _private.Mathlib.Tactic.CrossRefAttribute.0.Mathlib.CrossRef.initFn._@.Mathlib.Tactic.CrossRefAttribute.1047927000._hygCtx._hyg.2._boxed took 0.1ms
interpretation of ext._@.Mathlib.Tactic.Attr.Register.2336186397._hygCtx._hyg.3 took 0.365ms
interpretation of extProc._@.Mathlib.Tactic.Attr.Register.2336186397._hygCtx._hyg.3 took 0.185ms
interpretation of ext._@.Mathlib.Tactic.Attr.Register.3215534580._hygCtx._hyg.3 took 0.13ms
interpretation of extProc._@.Mathlib.Tactic.Attr.Register.3215534580._hygCtx._hyg.3 took 0.134ms
interpretation of ext._@.Mathlib.Tactic.Attr.Register.1568842782._hygCtx._hyg.3 took 0.136ms
interpretation of extProc._@.Mathlib.Tactic.Attr.Register.1568842782._hygCtx._hyg.3 took 0.546ms
interpretation of ext._@.Mathlib.Tactic.Attr.Register.2899626838._hygCtx._hyg.3 took 0.228ms
interpretation of extProc._@.Mathlib.Tactic.Attr.Register.2899626838._hygCtx._hyg.3 took 0.133ms
interpretation of ext._@.Mathlib.Tactic.Attr.Register.612238087._hygCtx._hyg.3 took 0.262ms
interpretation of extProc._@.Mathlib.Tactic.Attr.Register.612238087._hygCtx._hyg.3 took 0.141ms
interpretation of ext._@.Mathlib.Tactic.Attr.Register.1503578496._hygCtx._hyg.3 took 0.251ms
interpretation of extProc._@.Mathlib.Tactic.Attr.Register.1503578496._hygCtx._hyg.3 took 0.137ms
interpretation of ext._@.Mathlib.Tactic.Attr.Register.2552594532._hygCtx._hyg.3 took 0.14ms
interpretation of extProc._@.Mathlib.Tactic.Attr.Register.2552594532._hygCtx._hyg.3 took 0.137ms
interpretation of ext._@.Mathlib.Tactic.Attr.Register.1133190711._hygCtx._hyg.3 took 0.469ms
interpretation of extProc._@.Mathlib.Tactic.Attr.Register.1133190711._hygCtx._hyg.3 took 0.136ms
interpretation of ext._@.Mathlib.Tactic.Attr.Register.1988518680._hygCtx._hyg.3 took 0.13ms
interpretation of extProc._@.Mathlib.Tactic.Attr.Register.1988518680._hygCtx._hyg.3 took 0.13ms
interpretation of ext._@.Mathlib.Tactic.Attr.Register.479538640._hygCtx._hyg.3 took 0.132ms
interpretation of extProc._@.Mathlib.Tactic.Attr.Register.479538640._hygCtx._hyg.3 took 0.164ms
interpretation of ext._@.Mathlib.Tactic.Attr.Register.3849875863._hygCtx._hyg.3 took 0.13ms
interpretation of extProc._@.Mathlib.Tactic.Attr.Register.3849875863._hygCtx._hyg.3 took 0.133ms
interpretation of ext._@.Mathlib.Tactic.Attr.Register.1131139975._hygCtx._hyg.3 took 0.135ms
interpretation of extProc._@.Mathlib.Tactic.Attr.Register.1131139975._hygCtx._hyg.3 took 0.127ms
interpretation of ext._@.Mathlib.Tactic.Attr.Register.1086225606._hygCtx._hyg.3 took 0.36ms
interpretation of extProc._@.Mathlib.Tactic.Attr.Register.1086225606._hygCtx._hyg.3 took 0.132ms
interpretation of ext._@.Mathlib.Tactic.Attr.Register.2133673922._hygCtx._hyg.3 took 0.135ms
interpretation of extProc._@.Mathlib.Tactic.Attr.Register.2133673922._hygCtx._hyg.3 took 0.132ms
interpretation of ext._@.Mathlib.Tactic.Attr.Register.2811593030._hygCtx._hyg.3 took 0.0629ms
interpretation of ext._@.Mathlib.Tactic.Attr.Register.3021440532._hygCtx._hyg.3 took 0.14ms
interpretation of extProc._@.Mathlib.Tactic.Attr.Register.3021440532._hygCtx._hyg.3 took 0.129ms
interpretation of ext._@.Mathlib.Tactic.Attr.Register.2016062075._hygCtx._hyg.3 took 0.13ms
interpretation of extProc._@.Mathlib.Tactic.Attr.Register.2016062075._hygCtx._hyg.3 took 0.998ms
interpretation of ext._@.Mathlib.Tactic.Attr.Register.668879677._hygCtx._hyg.3 took 0.437ms
interpretation of extProc._@.Mathlib.Tactic.Attr.Register.668879677._hygCtx._hyg.3 took 0.205ms
interpretation of ext._@.Mathlib.Tactic.Attr.Register.3369699945._hygCtx._hyg.3 took 0.308ms
interpretation of extProc._@.Mathlib.Tactic.Attr.Register.3369699945._hygCtx._hyg.3 took 0.17ms
interpretation of ext._@.Mathlib.Tactic.Attr.Register.3059584346._hygCtx._hyg.3 took 0.135ms
interpretation of extProc._@.Mathlib.Tactic.Attr.Register.3059584346._hygCtx._hyg.3 took 0.143ms
interpretation of ext._@.Mathlib.Tactic.Attr.Register.85691930._hygCtx._hyg.3 took 0.134ms
interpretation of extProc._@.Mathlib.Tactic.Attr.Register.85691930._hygCtx._hyg.3 took 0.186ms
interpretation of _private.Mathlib.Tactic.SetNotationForOrder.0.Mathlib.Meta.SetNotationForOrder.initFn._@.Mathlib.Tactic.SetNotationForOrder.2300165026._hygCtx._hyg.2 took 0.0096ms
interpretation of _private.Mathlib.Tactic.SetNotationForOrder.0.Mathlib.Meta.SetNotationForOrder.initFn._@.Mathlib.Tactic.SetNotationForOrder.2300165026._hygCtx._hyg.2._boxed took 0.231ms
interpretation of _private.Mathlib.Tactic.SetNotationForOrder.0.Mathlib.Meta.SetNotationForOrder.linter.setNotationForOrder took 0.0878ms
interpretation of _private.Mathlib.Tactic.SetNotationForOrder.0.Mathlib.Meta.SetNotationForOrder.initFn._@.Mathlib.Tactic.SetNotationForOrder.3871832695._hygCtx._hyg.2 took 0.00504ms
interpretation of _private.Mathlib.Tactic.SetNotationForOrder.0.Mathlib.Meta.SetNotationForOrder.initFn._@.Mathlib.Tactic.SetNotationForOrder.3871832695._hygCtx._hyg.2._boxed took 0.106ms
interpretation of Mathlib.Tactic.ToDual.ignoreArgsAttr took 0.148ms
interpretation of Mathlib.Tactic.ToDual.unfoldBoundaries took 0.126ms
interpretation of Mathlib.Tactic.ToDual.doTranslateAttr took 0.0552ms
interpretation of _private.Mathlib.Tactic.Translate.ToDual.0.Mathlib.Tactic.ToDual.initFn._@.Mathlib.Tactic.Translate.ToDual.4009335259._hygCtx._hyg.2 took 0.00585ms
interpretation of _private.Mathlib.Tactic.Translate.ToDual.0.Mathlib.Tactic.ToDual.initFn._@.Mathlib.Tactic.Translate.ToDual.4009335259._hygCtx._hyg.2._boxed took 0.499ms
interpretation of Mathlib.Tactic.ToDual.translations took 0.0564ms
interpretation of Mathlib.Tactic.ToDual.guessNameExt took 3.23ms
interpretation of _private.Mathlib.Tactic.Translate.ToDual.0.Mathlib.Tactic.ToDual.initFn._@.Mathlib.Tactic.Translate.ToDual.1319075495._hygCtx._hyg.2 took 0.0075ms
interpretation of _private.Mathlib.Tactic.Translate.ToDual.0.Mathlib.Tactic.ToDual.initFn._@.Mathlib.Tactic.Translate.ToDual.1319075495._hygCtx._hyg.2._boxed took 0.123ms
interpretation of _private.Mathlib.Tactic.Use.0.Mathlib.Tactic.initFn._@.Mathlib.Tactic.Use.721082523._hygCtx._hyg.2 took 0.0093ms
interpretation of _private.Mathlib.Tactic.Use.0.Mathlib.Tactic.initFn._@.Mathlib.Tactic.Use.721082523._hygCtx._hyg.2._boxed took 0.147ms
interpretation of Aesop.aesop.smallErrorMessages took 0.447ms
interpretation of Aesop.TraceOption.steps took 0.0951ms
interpretation of Aesop.TraceOption.ruleSet took 0.0475ms
interpretation of Aesop.TraceOption.proof took 0.0405ms
interpretation of Aesop.TraceOption.tree took 0.108ms
interpretation of Aesop.TraceOption.extraction took 0.0465ms
interpretation of Aesop.TraceOption.stats took 0.0426ms
interpretation of Aesop.TraceOption.debug took 0.0453ms
interpretation of Aesop.TraceOption.script took 0.0421ms
interpretation of Aesop.TraceOption.forward took 0.0409ms
interpretation of Aesop.TraceOption.forwardDebug took 0.144ms
interpretation of Aesop.TraceOption.rpinf took 0.49ms
interpretation of _private.Aesop.Util.EqualUpToIds.0.Aesop.initFn._@.Aesop.Util.EqualUpToIds.1192428161._hygCtx._hyg.2 took 0.0118ms
interpretation of _private.Aesop.Util.EqualUpToIds.0.Aesop.initFn._@.Aesop.Util.EqualUpToIds.1192428161._hygCtx._hyg.2._boxed took 0.17ms
interpretation of Aesop.Check.all took 0.0664ms
interpretation of Aesop.option._@.Aesop.Check.3841271143._hygCtx._hyg.3 took 0.131ms
interpretation of Aesop.option._@.Aesop.Check.445867947._hygCtx._hyg.3 took 0.0669ms
interpretation of Aesop.option._@.Aesop.Check.611402289._hygCtx._hyg.3 took 0.0622ms
interpretation of Aesop.option._@.Aesop.Check.1191392668._hygCtx._hyg.3 took 0.0608ms
interpretation of Aesop.option._@.Aesop.Check.2536445200._hygCtx._hyg.3 took 0.063ms
interpretation of Aesop.aesop.dev.dynamicStructuring took 0.0664ms
interpretation of Aesop.aesop.dev.optimizedDynamicStructuring took 0.0385ms
interpretation of Aesop.aesop.dev.generateScript took 0.0402ms
interpretation of Aesop.aesop.dev.statefulForward took 0.0376ms
interpretation of Aesop.aesop.warn.applyIff took 0.0416ms
interpretation of Aesop.aesop.warn.nonterminal took 0.0401ms
interpretation of Aesop.aesop.collectStats took 0.039ms
interpretation of Aesop.aesop.stats.file took 0.0532ms
interpretation of Batteries.Linter.linter.unreachableTactic took 0.11ms
interpretation of Batteries.Linter.UnreachableTactic.ignoreTacticKindsRef took 0.315ms
interpretation of _private.Batteries.Linter.UnreachableTactic.0.Batteries.Linter.UnreachableTactic.initFn._@.Batteries.Linter.UnreachableTactic.179727238._hygCtx._hyg.2 took 0.00536ms
interpretation of _private.Batteries.Linter.UnreachableTactic.0.Batteries.Linter.UnreachableTactic.initFn._@.Batteries.Linter.UnreachableTactic.179727238._hygCtx._hyg.2._boxed took 0.0491ms
interpretation of Batteries.Linter.linter.unnecessarySeqFocus took 0.0789ms
interpretation of Batteries.Linter.UnnecessarySeqFocus.multigoalAttr took 0.587ms
interpretation of _private.Batteries.Linter.UnnecessarySeqFocus.0.Batteries.Linter.UnnecessarySeqFocus.initFn._@.Batteries.Linter.UnnecessarySeqFocus.3311112716._hygCtx._hyg.2 took 0.00581ms
interpretation of _private.Batteries.Linter.UnnecessarySeqFocus.0.Batteries.Linter.UnnecessarySeqFocus.initFn._@.Batteries.Linter.UnnecessarySeqFocus.3311112716._hygCtx._hyg.2._boxed took 0.0376ms
interpretation of Aesop.safeExpansionFailedExceptionId took 0.0371ms
interpretation of Aesop.declaredRuleSetsRef took 0.0266ms
interpretation of _private.Aesop.Frontend.Extension.0.Aesop.Frontend.initFn._@.Aesop.Frontend.Extension.3818590508._hygCtx._hyg.2 took 0.00772ms
interpretation of _private.Aesop.Frontend.Extension.0.Aesop.Frontend.initFn._@.Aesop.Frontend.Extension.3818590508._hygCtx._hyg.2._boxed took 0.995ms
interpretation of _private.Aesop.Frontend.Tactic.0.Aesop.Frontend.Parser.initFn._@.Aesop.Frontend.Tactic.1696840279._hygCtx._hyg.2 took 0.009ms
interpretation of _private.Aesop.Frontend.Tactic.0.Aesop.Frontend.Parser.initFn._@.Aesop.Frontend.Tactic.1696840279._hygCtx._hyg.2._boxed took 0.0554ms
interpretation of Aesop.statsExtension took 0.126ms
interpretation of _private.Aesop.Frontend.Attribute.0.Aesop.Frontend.initFn._@.Aesop.Frontend.Attribute.2269118540._hygCtx._hyg.2 took 0.0063ms
interpretation of _private.Aesop.Frontend.Attribute.0.Aesop.Frontend.initFn._@.Aesop.Frontend.Attribute.2269118540._hygCtx._hyg.2._boxed took 0.18ms
interpretation of _private.Aesop.Frontend.Command.0.Aesop.Frontend.Parser.initFn._@.Aesop.Frontend.Command.470559899._hygCtx._hyg.2 took 0.00921ms
interpretation of _private.Aesop.Frontend.Command.0.Aesop.Frontend.Parser.initFn._@.Aesop.Frontend.Command.470559899._hygCtx._hyg.2._boxed took 0.0314ms
interpretation of _private.Aesop.Saturate.0.Aesop.initFn._@.Aesop.Saturate.2642905901._hygCtx._hyg.2 took 0.00655ms
interpretation of _private.Aesop.Saturate.0.Aesop.initFn._@.Aesop.Saturate.2642905901._hygCtx._hyg.2._boxed took 0.117ms
interpretation of _private.Mathlib.CategoryTheory.Category.Init.0.initFn._@.Mathlib.CategoryTheory.Category.Init.2570785470._hygCtx._hyg.3 took 0.00558ms
interpretation of _private.Mathlib.CategoryTheory.Category.Init.0.initFn._@.Mathlib.CategoryTheory.Category.Init.2570785470._hygCtx._hyg.3._boxed took 0.434ms
interpretation of mathlib.tactic.category.grind took 0.0681ms
interpretation of mathlib.tactic.category.log_grind took 0.0359ms
interpretation of mathlib.tactic.category.log_aesop took 0.0331ms
interpretation of _private.Mathlib.Util.Notation3.0.Mathlib.Notation3.initFn._@.Mathlib.Util.Notation3.790138031._hygCtx._hyg.2 took 0.0108ms
interpretation of _private.Mathlib.Util.Notation3.0.Mathlib.Notation3.initFn._@.Mathlib.Util.Notation3.790138031._hygCtx._hyg.2._boxed took 0.174ms
interpretation of _private.Mathlib.Util.Notation3.0.Mathlib.Notation3.initFn._@.Mathlib.Util.Notation3.1308797801._hygCtx._hyg.2 took 0.00579ms
interpretation of _private.Mathlib.Util.Notation3.0.Mathlib.Notation3.initFn._@.Mathlib.Util.Notation3.1308797801._hygCtx._hyg.2._boxed took 0.0178ms
interpretation of _private.Mathlib.Tactic.PPWithUniv.0.Mathlib.PPWithUniv.initFn._@.Mathlib.Tactic.PPWithUniv.1553184991._hygCtx._hyg.2 took 0.00859ms
interpretation of _private.Mathlib.Tactic.PPWithUniv.0.Mathlib.PPWithUniv.initFn._@.Mathlib.Tactic.PPWithUniv.1553184991._hygCtx._hyg.2._boxed took 0.175ms
interpretation of Qq.Impl.pp.qq took 0.0982ms
interpretation of _private.Plausible.Attr.0.initFn._@.Plausible.Attr.63533076._hygCtx._hyg.2 took 0.00626ms
interpretation of _private.Plausible.Attr.0.initFn._@.Plausible.Attr.63533076._hygCtx._hyg.2._boxed took 0.117ms
interpretation of _private.Plausible.Attr.0.initFn._@.Plausible.Attr.1795135802._hygCtx._hyg.2 took 0.00383ms
interpretation of _private.Plausible.Attr.0.initFn._@.Plausible.Attr.1795135802._hygCtx._hyg.2._boxed took 0.0538ms
interpretation of _private.Plausible.Attr.0.initFn._@.Plausible.Attr.3035915354._hygCtx._hyg.2 took 0.00376ms
interpretation of _private.Plausible.Attr.0.initFn._@.Plausible.Attr.3035915354._hygCtx._hyg.2._boxed took 0.0516ms
interpretation of _private.Plausible.Attr.0.initFn._@.Plausible.Attr.357558705._hygCtx._hyg.2 took 0.00392ms
interpretation of _private.Plausible.Attr.0.initFn._@.Plausible.Attr.357558705._hygCtx._hyg.2._boxed took 0.0505ms
interpretation of _private.Plausible.Attr.0.initFn._@.Plausible.Attr.3527612237._hygCtx._hyg.2 took 0.00424ms
interpretation of _private.Plausible.Attr.0.initFn._@.Plausible.Attr.3527612237._hygCtx._hyg.2._boxed took 0.0531ms
interpretation of _private.Plausible.Attr.0.initFn._@.Plausible.Attr.873308310._hygCtx._hyg.2 took 0.00422ms
interpretation of _private.Plausible.Attr.0.initFn._@.Plausible.Attr.873308310._hygCtx._hyg.2._boxed took 0.0517ms
interpretation of _private.Plausible.Attr.0.initFn._@.Plausible.Attr.3269784351._hygCtx._hyg.2 took 0.00375ms
interpretation of _private.Plausible.Attr.0.initFn._@.Plausible.Attr.3269784351._hygCtx._hyg.2._boxed took 0.0528ms
interpretation of _private.Plausible.DeriveArbitrary.0.Plausible.initFn._@.Plausible.DeriveArbitrary.3192332529._hygCtx._hyg.2 took 0.00801ms
interpretation of _private.Plausible.DeriveArbitrary.0.Plausible.initFn._@.Plausible.DeriveArbitrary.3192332529._hygCtx._hyg.2._boxed took 0.0541ms
interpretation of _private.Plausible.DeriveShrinkable.0.initFn._@.Plausible.DeriveShrinkable.2530155140._hygCtx._hyg.2 took 0.0119ms
interpretation of _private.Plausible.DeriveShrinkable.0.initFn._@.Plausible.DeriveShrinkable.2530155140._hygCtx._hyg.2._boxed took 0.121ms
interpretation of _private.Plausible.DeriveShrinkable.0.Plausible.initFn._@.Plausible.DeriveShrinkable.2607000457._hygCtx._hyg.2 took 0.00451ms
interpretation of _private.Plausible.DeriveShrinkable.0.Plausible.initFn._@.Plausible.DeriveShrinkable.2607000457._hygCtx._hyg.2._boxed took 0.024ms
interpretation of _private.Batteries.Tactic.GeneralizeProofs.0.Batteries.Tactic.initFn._@.Batteries.Tactic.GeneralizeProofs.228762948._hygCtx._hyg.2 took 0.0108ms
interpretation of _private.Batteries.Tactic.GeneralizeProofs.0.Batteries.Tactic.initFn._@.Batteries.Tactic.GeneralizeProofs.228762948._hygCtx._hyg.2._boxed took 0.305ms
interpretation of Batteries.CodeAction.tacticSeqCodeActionExt took 0.158ms
interpretation of Batteries.CodeAction.tacticCodeActionExt took 0.124ms
interpretation of _private.Batteries.CodeAction.Attr.0.Batteries.CodeAction.initFn._@.Batteries.CodeAction.Attr.2443277903._hygCtx._hyg.2 took 0.00507ms
interpretation of _private.Batteries.CodeAction.Attr.0.Batteries.CodeAction.initFn._@.Batteries.CodeAction.Attr.2443277903._hygCtx._hyg.2._boxed took 0.165ms
interpretation of leansearch.queries took 0.0503ms
interpretation of loogle.queries took 0.0312ms
interpretation of statesearch.queries took 0.0299ms
interpretation of statesearch.revision took 0.1ms
interpretation of leansearchclient.useragent took 0.0403ms
interpretation of leansearchclient.backend took 0.0343ms
interpretation of LeanSearchClient.leanSearchCache took 0.0462ms
interpretation of LeanSearchClient.stateSearchCache took 0.0201ms
interpretation of LeanSearchClient.loogleCache took 0.0302ms
interpretation of Mathlib.Tactic.Push.push_neg.use_distrib took 0.0945ms
interpretation of Mathlib.Tactic.GCongr.forwardExt took 0.145ms
interpretation of _private.Mathlib.Tactic.GCongr.ForwardAttr.0.Mathlib.Tactic.GCongr.initFn._@.Mathlib.Tactic.GCongr.ForwardAttr.3318740503._hygCtx._hyg.2 took 0.00505ms
interpretation of _private.Mathlib.Tactic.GCongr.ForwardAttr.0.Mathlib.Tactic.GCongr.initFn._@.Mathlib.Tactic.GCongr.ForwardAttr.3318740503._hygCtx._hyg.2._boxed took 0.18ms
interpretation of Mathlib.Tactic.GCongr.gcongrExt took 0.138ms
interpretation of _private.Mathlib.Tactic.GCongr.Core.0.Mathlib.Tactic.GCongr.initFn._@.Mathlib.Tactic.GCongr.Core.703138361._hygCtx._hyg.2 took 0.00543ms
interpretation of _private.Mathlib.Tactic.GCongr.Core.0.Mathlib.Tactic.GCongr.initFn._@.Mathlib.Tactic.GCongr.Core.703138361._hygCtx._hyg.2._boxed took 0.228ms
interpretation of _private.Mathlib.Tactic.GCongr.Core.0.Mathlib.Tactic.GCongr.initFn._@.Mathlib.Tactic.GCongr.Core.1465912347._hygCtx._hyg.2 took 0.00495ms
interpretation of _private.Mathlib.Tactic.GCongr.Core.0.Mathlib.Tactic.GCongr.initFn._@.Mathlib.Tactic.GCongr.Core.1465912347._hygCtx._hyg.2._boxed took 0.0669ms
interpretation of Mathlib.Tactic.Hint.hintExtension took 0.134ms
interpretation of _private.Mathlib.Tactic.Hint.0.Mathlib.Tactic.Hint.initFn._@.Mathlib.Tactic.Hint.3357253919._hygCtx._hyg.2 took 0.00501ms
interpretation of _private.Mathlib.Tactic.Hint.0.Mathlib.Tactic.Hint.initFn._@.Mathlib.Tactic.Hint.3357253919._hygCtx._hyg.2._boxed took 0.0249ms
interpretation of _private.Mathlib.Tactic.GRewrite.Core.0.Mathlib.Tactic.GRewrite.initFn._@.Mathlib.Tactic.GRewrite.Core.3959275054._hygCtx._hyg.2 took 0.106ms
interpretation of _private.Mathlib.Tactic.GRewrite.Core.0.Mathlib.Tactic.GRewrite.initFn._@.Mathlib.Tactic.GRewrite.Core.3959275054._hygCtx._hyg.2._boxed took 0.218ms
interpretation of _private.Mathlib.Tactic.DepRewrite.0.Mathlib.Tactic.DepRewrite.initFn._@.Mathlib.Tactic.DepRewrite.762945641._hygCtx._hyg.2 took 0.016ms
interpretation of _private.Mathlib.Tactic.DepRewrite.0.Mathlib.Tactic.DepRewrite.initFn._@.Mathlib.Tactic.DepRewrite.762945641._hygCtx._hyg.2._boxed took 0.209ms
interpretation of Mathlib.Tactic.ClickSuggestions.click_suggestions.debug took 0.107ms
interpretation of Mathlib.Tactic.ClickSuggestions.rwRef took 0.0275ms
interpretation of Mathlib.Tactic.ClickSuggestions.grwRef took 0.0107ms
interpretation of Mathlib.Tactic.ClickSuggestions.appRef took 0.0106ms
interpretation of Mathlib.Tactic.ClickSuggestions.appAtRef took 0.00993ms
interpretation of ProofWidgets.runningRequests took 0.068ms
interpretation of _private.ProofWidgets.Cancellable.0.ProofWidgets.initFn._@.ProofWidgets.Cancellable.680169540._hygCtx._hyg.2 took 0.00533ms
interpretation of _private.ProofWidgets.Cancellable.0.ProofWidgets.initFn._@.ProofWidgets.Cancellable.680169540._hygCtx._hyg.2._boxed took 0.249ms
interpretation of _private.Mathlib.Lean.Meta.CongrTheorems.0.Lean.Meta.initFn._@.Mathlib.Lean.Meta.CongrTheorems.3122272532._hygCtx._hyg.2 took 0.00704ms
interpretation of _private.Mathlib.Lean.Meta.CongrTheorems.0.Lean.Meta.initFn._@.Mathlib.Lean.Meta.CongrTheorems.3122272532._hygCtx._hyg.2._boxed took 0.155ms
interpretation of _private.Mathlib.Tactic.CongrExclamation.0.initFn._@.Mathlib.Tactic.CongrExclamation.2899176114._hygCtx._hyg.2 took 0.00539ms
interpretation of _private.Mathlib.Tactic.CongrExclamation.0.initFn._@.Mathlib.Tactic.CongrExclamation.2899176114._hygCtx._hyg.2._boxed took 0.148ms
interpretation of _private.Mathlib.Tactic.CongrExclamation.0.initFn._@.Mathlib.Tactic.CongrExclamation.842475840._hygCtx._hyg.2 took 0.00543ms
interpretation of _private.Mathlib.Tactic.CongrExclamation.0.initFn._@.Mathlib.Tactic.CongrExclamation.842475840._hygCtx._hyg.2._boxed took 0.058ms
interpretation of _private.Mathlib.Tactic.TermCongr.0.Mathlib.Tactic.TermCongr.initFn._@.Mathlib.Tactic.TermCongr.920020848._hygCtx._hyg.2 took 0.00612ms
interpretation of _private.Mathlib.Tactic.TermCongr.0.Mathlib.Tactic.TermCongr.initFn._@.Mathlib.Tactic.TermCongr.920020848._hygCtx._hyg.2._boxed took 0.193ms
interpretation of _private.Mathlib.Tactic.CongrM.0.Mathlib.Tactic.initFn._@.Mathlib.Tactic.CongrM.1572680169._hygCtx._hyg.2 took 0.00547ms
interpretation of _private.Mathlib.Tactic.CongrM.0.Mathlib.Tactic.initFn._@.Mathlib.Tactic.CongrM.1572680169._hygCtx._hyg.2._boxed took 0.122ms
interpretation of Mathlib.Tactic.Contrapose.contrapose.negate_iff took 0.0717ms
interpretation of Mathlib.Tactic.Erw?.tactic.erw?.verbose took 0.0884ms
interpretation of Mathlib.Tactic.Find.findDeclsPerHead took 0.0855ms
interpretation of Mathlib.Meta.FunProp.funPropDeclsExt took 0.138ms
interpretation of _private.Mathlib.Tactic.FunProp.Types.0.Mathlib.Meta.FunProp.initFn._@.Mathlib.Tactic.FunProp.Types.33604414._hygCtx._hyg.2 took 0.0052ms
interpretation of _private.Mathlib.Tactic.FunProp.Types.0.Mathlib.Meta.FunProp.initFn._@.Mathlib.Tactic.FunProp.Types.33604414._hygCtx._hyg.2._boxed took 0.161ms
interpretation of _private.Mathlib.Tactic.FunProp.Types.0.Mathlib.Meta.FunProp.initFn._@.Mathlib.Tactic.FunProp.Types.1258255133._hygCtx._hyg.2 took 0.00476ms
interpretation of _private.Mathlib.Tactic.FunProp.Types.0.Mathlib.Meta.FunProp.initFn._@.Mathlib.Tactic.FunProp.Types.1258255133._hygCtx._hyg.2._boxed took 0.731ms
interpretation of _private.Mathlib.Tactic.FunProp.Types.0.Mathlib.Meta.FunProp.initFn._@.Mathlib.Tactic.FunProp.Types.4092581443._hygCtx._hyg.2 took 0.0068ms
interpretation of _private.Mathlib.Tactic.FunProp.Types.0.Mathlib.Meta.FunProp.initFn._@.Mathlib.Tactic.FunProp.Types.4092581443._hygCtx._hyg.2._boxed took 0.0621ms
interpretation of Mathlib.Meta.FunProp.lambdaTheoremsExt took 0.263ms
interpretation of Mathlib.Meta.FunProp.functionTheoremsExt took 0.0861ms
interpretation of Mathlib.Meta.FunProp.transitionTheoremsExt took 0.117ms
interpretation of Mathlib.Meta.FunProp.morTheoremsExt took 0.0593ms
interpretation of _private.Mathlib.Tactic.FunProp.Attr.0.Mathlib.Meta.FunProp.initFn._@.Mathlib.Tactic.FunProp.Attr.1199799326._hygCtx._hyg.2 took 0.00651ms
interpretation of _private.Mathlib.Tactic.FunProp.Attr.0.Mathlib.Meta.FunProp.initFn._@.Mathlib.Tactic.FunProp.Attr.1199799326._hygCtx._hyg.2._boxed took 0.208ms
interpretation of ext._@.Mathlib.Tactic.GrindAttrs.943899233._hygCtx._hyg.3 took 0.177ms
interpretation of ext._@.Mathlib.Tactic.GrindAttrs.2614774725._hygCtx._hyg.3 took 2.24ms
interpretation of Mathlib.Tactic.higherOrderAttr took 0.157ms
interpretation of Mathlib.Linter.linter.haveLet took 0.148ms
interpretation of _private.Mathlib.Tactic.Linter.HaveLetLinter.0.Mathlib.Linter.haveLet.initFn._@.Mathlib.Tactic.Linter.HaveLetLinter.3906617390._hygCtx._hyg.2 took 0.00564ms
interpretation of _private.Mathlib.Tactic.Linter.HaveLetLinter.0.Mathlib.Linter.haveLet.initFn._@.Mathlib.Tactic.Linter.HaveLetLinter.3906617390._hygCtx._hyg.2._boxed took 0.096ms
interpretation of _private.Mathlib.Tactic.Linter.MinImports.0.Mathlib.Linter.minImportsRef took 0.0322ms
interpretation of Mathlib.Linter.linter.minImports took 0.07ms
interpretation of Mathlib.Linter.linter.minImports.increases took 0.0745ms
interpretation of _private.Mathlib.Tactic.Linter.MinImports.0.Mathlib.Linter.MinImports.initFn._@.Mathlib.Tactic.Linter.MinImports.1947129272._hygCtx._hyg.2 took 0.00683ms
interpretation of _private.Mathlib.Tactic.Linter.MinImports.0.Mathlib.Linter.MinImports.initFn._@.Mathlib.Tactic.Linter.MinImports.1947129272._hygCtx._hyg.2._boxed took 0.13ms
interpretation of Mathlib.Linter.linter.ppRoundtrip took 0.0749ms
interpretation of _private.Mathlib.Tactic.Linter.PPRoundtrip.0.Mathlib.Linter.PPRoundtrip.initFn._@.Mathlib.Tactic.Linter.PPRoundtrip.3724386594._hygCtx._hyg.2 took 0.00513ms
interpretation of _private.Mathlib.Tactic.Linter.PPRoundtrip.0.Mathlib.Linter.PPRoundtrip.initFn._@.Mathlib.Tactic.Linter.PPRoundtrip.3724386594._hygCtx._hyg.2._boxed took 0.0842ms
interpretation of Mathlib.Linter.linter.upstreamableDecl took 0.0687ms
interpretation of Mathlib.Linter.linter.upstreamableDecl.defs took 0.0436ms
interpretation of Mathlib.Linter.linter.upstreamableDecl.private took 0.0399ms
interpretation of _private.Mathlib.Tactic.Linter.UpstreamableDecl.0.Mathlib.Linter.DoubleImports.initFn._@.Mathlib.Tactic.Linter.UpstreamableDecl.380890088._hygCtx._hyg.2 took 0.00513ms
interpretation of _private.Mathlib.Tactic.Linter.UpstreamableDecl.0.Mathlib.Linter.DoubleImports.initFn._@.Mathlib.Tactic.Linter.UpstreamableDecl.380890088._hygCtx._hyg.2._boxed took 0.0885ms
interpretation of Mathlib.Tactic.Says.says.verify took 0.072ms
interpretation of Mathlib.Tactic.Says.says.no_verify_in_CI took 0.0466ms
interpretation of _private.Mathlib.Tactic.Says.0.Mathlib.Tactic.Says.initFn._@.Mathlib.Tactic.Says.31067479._hygCtx._hyg.2 took 0.00485ms
interpretation of _private.Mathlib.Tactic.Says.0.Mathlib.Tactic.Says.initFn._@.Mathlib.Tactic.Says.31067479._hygCtx._hyg.2._boxed took 0.219ms
interpretation of _private.Mathlib.Tactic.Tauto.0.Mathlib.Tactic.Tauto.initFn._@.Mathlib.Tactic.Tauto.3330388757._hygCtx._hyg.2 took 0.00754ms
interpretation of _private.Mathlib.Tactic.Tauto.0.Mathlib.Tactic.Tauto.initFn._@.Mathlib.Tactic.Tauto.3330388757._hygCtx._hyg.2._boxed took 0.16ms
interpretation of linter.tacticAnalysis.tautoToGrind took 0.0488ms
interpretation of linter.tacticAnalysis.regressions.tautoToGrind took 0.0312ms
interpretation of _private.Mathlib.Tactic.ToFun.0.Mathlib.Tactic.initFn._@.Mathlib.Tactic.ToFun.2055784324._hygCtx._hyg.2 took 0.00474ms
interpretation of _private.Mathlib.Tactic.ToFun.0.Mathlib.Tactic.initFn._@.Mathlib.Tactic.ToFun.2055784324._hygCtx._hyg.2._boxed took 0.179ms
interpretation of _private.Mathlib.Tactic.Variable.0.Mathlib.Command.Variable.initFn._@.Mathlib.Tactic.Variable.1422233303._hygCtx._hyg.2 took 0.00826ms
interpretation of _private.Mathlib.Tactic.Variable.0.Mathlib.Command.Variable.initFn._@.Mathlib.Tactic.Variable.1422233303._hygCtx._hyg.2._boxed took 0.158ms
interpretation of Mathlib.Command.Variable.variable?.maxSteps took 0.144ms
interpretation of Mathlib.Command.Variable.variable?.checkRedundant took 0.0522ms
interpretation of Mathlib.Command.Variable.variableAliasAttr took 0.0903ms
interpretation of _private.Mathlib.Tactic.Widget.SelectInsertParamsClass.0.Lean.Elab.initFn._@.Mathlib.Tactic.Widget.SelectInsertParamsClass.1629491121._hygCtx._hyg.2 took 0.00552ms
interpretation of _private.Mathlib.Tactic.Widget.SelectInsertParamsClass.0.Lean.Elab.initFn._@.Mathlib.Tactic.Widget.SelectInsertParamsClass.1629491121._hygCtx._hyg.2._boxed took 0.0301ms
interpretation of _private.Mathlib.Tactic.Widget.LibraryRewrite.0.Mathlib.Tactic.LibraryRewrite.ExtState.default took 0.0341ms
interpretation of _private.Mathlib.Tactic.Widget.LibraryRewrite.0.Mathlib.Tactic.LibraryRewrite.importedRewriteLemmasExt took 0.0386ms
interpretation of _private.Mathlib.Tactic.Widget.LibraryRewrite.0.Mathlib.Tactic.LibraryRewrite.initFn._@.Mathlib.Tactic.Widget.LibraryRewrite.1677067558._hygCtx._hyg.2 took 0.00517ms
interpretation of _private.Mathlib.Tactic.Widget.LibraryRewrite.0.Mathlib.Tactic.LibraryRewrite.initFn._@.Mathlib.Tactic.Widget.LibraryRewrite.1677067558._hygCtx._hyg.2._boxed took 0.166ms
interpretation of Mathlib.Linter.linter.countHeartbeats took 0.0973ms
interpretation of Mathlib.Linter.linter.countHeartbeatsApprox took 0.0453ms
interpretation of _private.Mathlib.Util.CountHeartbeats.0.Mathlib.Linter.CountHeartbeats.initFn._@.Mathlib.Util.CountHeartbeats.347709687._hygCtx._hyg.8 took 0.00488ms
interpretation of _private.Mathlib.Util.CountHeartbeats.0.Mathlib.Linter.CountHeartbeats.initFn._@.Mathlib.Util.CountHeartbeats.347709687._hygCtx._hyg.8._boxed took 0.0465ms
interpretation of _private.Mathlib.Tactic.CategoryTheory.Reassoc.0.Mathlib.Tactic.Reassoc.reassocImplRef took 0.0384ms
interpretation of _private.Mathlib.Tactic.CategoryTheory.Reassoc.0.Mathlib.Tactic.Reassoc.initFn._@.Mathlib.Tactic.CategoryTheory.Reassoc.1740786265._hygCtx._hyg.2 took 0.00494ms
interpretation of _private.Mathlib.Tactic.CategoryTheory.Reassoc.0.Mathlib.Tactic.Reassoc.initFn._@.Mathlib.Tactic.CategoryTheory.Reassoc.1740786265._hygCtx._hyg.2._boxed took 0.236ms
interpretation of _private.Mathlib.Tactic.FastInstance.0.Mathlib.Elab.FastInstance.initFn._@.Mathlib.Tactic.FastInstance.414705255._hygCtx._hyg.2 took 0.00863ms
interpretation of _private.Mathlib.Tactic.FastInstance.0.Mathlib.Elab.FastInstance.initFn._@.Mathlib.Tactic.FastInstance.414705255._hygCtx._hyg.2._boxed took 0.156ms
interpretation of _private.Mathlib.Tactic.FastInstance.0.Mathlib.Elab.FastInstance.linter.fast_instance_existing took 0.0683ms
interpretation of _private.Mathlib.Tactic.CategoryTheory.IsoReassoc.0.Mathlib.Tactic.Reassoc.initFn._@.Mathlib.Tactic.CategoryTheory.IsoReassoc.2449083756._hygCtx._hyg.2 took 0.00549ms
interpretation of _private.Mathlib.Tactic.CategoryTheory.IsoReassoc.0.Mathlib.Tactic.Reassoc.initFn._@.Mathlib.Tactic.CategoryTheory.IsoReassoc.2449083756._hygCtx._hyg.2._boxed took 0.0163ms
interpretation of _private.Mathlib.Tactic.Finiteness.Attr.0.initFn._@.Mathlib.Tactic.Finiteness.Attr.3268942160._hygCtx._hyg.3 took 0.00467ms
interpretation of _private.Mathlib.Tactic.Finiteness.Attr.0.initFn._@.Mathlib.Tactic.Finiteness.Attr.3268942160._hygCtx._hyg.3._boxed took 0.397ms
interpretation of _private.Mathlib.Tactic.FBinop.0.FBinopElab.initFn._@.Mathlib.Tactic.FBinop.1378038792._hygCtx._hyg.2 took 0.00893ms
interpretation of _private.Mathlib.Tactic.FBinop.0.FBinopElab.initFn._@.Mathlib.Tactic.FBinop.1378038792._hygCtx._hyg.2._boxed took 0.235ms
interpretation of Prod.PrettyPrinting.pp.numericProj.prod took 0.0704ms
interpretation of _private.Mathlib.Tactic.CategoryTheory.Elementwise.0.Mathlib.Tactic.Elementwise.initFn._@.Mathlib.Tactic.CategoryTheory.Elementwise.3754623819._hygCtx._hyg.2 took 0.0126ms
interpretation of _private.Mathlib.Tactic.CategoryTheory.Elementwise.0.Mathlib.Tactic.Elementwise.initFn._@.Mathlib.Tactic.CategoryTheory.Elementwise.3754623819._hygCtx._hyg.2._boxed took 0.657ms
interpretation of Mathlib.Tactic.Monotonicity.Attr.ext took 0.0944ms
interpretation of Mathlib.pp.mathlib.binderPredicates took 0.0648ms
interpretation of _private.Mathlib.Tactic.SetLike.0.initFn._@.Mathlib.Tactic.SetLike.3544750014._hygCtx._hyg.3 took 0.00548ms
interpretation of _private.Mathlib.Tactic.SetLike.0.initFn._@.Mathlib.Tactic.SetLike.3544750014._hygCtx._hyg.3._boxed took 0.264ms
interpretation of _private.Mathlib.Tactic.SetLike.0.initFn._@.Mathlib.Tactic.SetLike.2158599001._hygCtx._hyg.3 took 0.00477ms
interpretation of _private.Mathlib.Tactic.SetLike.0.initFn._@.Mathlib.Tactic.SetLike.2158599001._hygCtx._hyg.3._boxed took 0.173ms
interpretation of _private.Mathlib.Data.Finset.Attr.0.initFn._@.Mathlib.Data.Finset.Attr.3237354494._hygCtx._hyg.3 took 0.00482ms
interpretation of _private.Mathlib.Data.Finset.Attr.0.initFn._@.Mathlib.Data.Finset.Attr.3237354494._hygCtx._hyg.3._boxed took 0.328ms
interpretation of _private.Mathlib.Tactic.CategoryTheory.ToApp.0.Mathlib.Tactic.CategoryTheory.ToApp.initFn._@.Mathlib.Tactic.CategoryTheory.ToApp.3382173775._hygCtx._hyg.2 took 0.0127ms
interpretation of _private.Mathlib.Tactic.CategoryTheory.ToApp.0.Mathlib.Tactic.CategoryTheory.ToApp.initFn._@.Mathlib.Tactic.CategoryTheory.ToApp.3382173775._hygCtx._hyg.2._boxed took 0.237ms
interpretation of _private.Mathlib.Tactic.ApplyFun.0.Mathlib.Tactic.initFn._@.Mathlib.Tactic.ApplyFun.3448584465._hygCtx._hyg.2 took 0.00676ms
interpretation of _private.Mathlib.Tactic.ApplyFun.0.Mathlib.Tactic.initFn._@.Mathlib.Tactic.ApplyFun.3448584465._hygCtx._hyg.2._boxed took 0.142ms
interpretation of Mathlib.Tactic.TFAE.useDeprecated took 0.127ms
interpretation of _private.Mathlib.Tactic.NormNum.Core.0.Mathlib.Meta.NormNum.initFn._@.Mathlib.Tactic.NormNum.Core.3041507515._hygCtx._hyg.2 took 0.00991ms
interpretation of _private.Mathlib.Tactic.NormNum.Core.0.Mathlib.Meta.NormNum.initFn._@.Mathlib.Tactic.NormNum.Core.3041507515._hygCtx._hyg.2._boxed took 0.935ms
interpretation of Mathlib.Meta.NormNum.normNumExt took 1.09ms
interpretation of _private.Mathlib.Tactic.NormNum.Core.0.Mathlib.Meta.NormNum.initFn._@.Mathlib.Tactic.NormNum.Core.1919626320._hygCtx._hyg.2 took 0.00952ms
interpretation of _private.Mathlib.Tactic.NormNum.Core.0.Mathlib.Meta.NormNum.initFn._@.Mathlib.Tactic.NormNum.Core.1919626320._hygCtx._hyg.2._boxed took 0.897ms
interpretation of _private.Mathlib.Tactic.Abel.0.Mathlib.Tactic.Abel.initFn._@.Mathlib.Tactic.Abel.1000861767._hygCtx._hyg.2 took 0.0125ms
interpretation of _private.Mathlib.Tactic.Abel.0.Mathlib.Tactic.Abel.initFn._@.Mathlib.Tactic.Abel.1000861767._hygCtx._hyg.2._boxed took 0.257ms
interpretation of _private.Mathlib.Tactic.Abel.0.Mathlib.Tactic.Abel.initFn._@.Mathlib.Tactic.Abel.1862938006._hygCtx._hyg.2 took 0.00511ms
interpretation of _private.Mathlib.Tactic.Abel.0.Mathlib.Tactic.Abel.initFn._@.Mathlib.Tactic.Abel.1862938006._hygCtx._hyg.2._boxed took 0.0612ms
interpretation of _private.Mathlib.Tactic.Bound.Init.0.initFn._@.Mathlib.Tactic.Bound.Init.1206815526._hygCtx._hyg.3 took 0.00581ms
interpretation of _private.Mathlib.Tactic.Bound.Init.0.initFn._@.Mathlib.Tactic.Bound.Init.1206815526._hygCtx._hyg.3._boxed took 0.26ms
interpretation of _private.Mathlib.Tactic.Bound.Attribute.0.Mathlib.Tactic.Bound.initFn._@.Mathlib.Tactic.Bound.Attribute.1868565755._hygCtx._hyg.2 took 0.0132ms
interpretation of _private.Mathlib.Tactic.Bound.Attribute.0.Mathlib.Tactic.Bound.initFn._@.Mathlib.Tactic.Bound.Attribute.1868565755._hygCtx._hyg.2._boxed took 0.17ms
interpretation of _private.Mathlib.Tactic.Bound.Attribute.0.Mathlib.Tactic.Bound.initFn._@.Mathlib.Tactic.Bound.Attribute.2543913104._hygCtx._hyg.2 took 0.00479ms
interpretation of _private.Mathlib.Tactic.Bound.Attribute.0.Mathlib.Tactic.Bound.initFn._@.Mathlib.Tactic.Bound.Attribute.2543913104._hygCtx._hyg.2._boxed took 0.106ms
interpretation of Mathlib.Meta.Positivity.positivityExt took 0.689ms
interpretation of _private.Mathlib.Tactic.Positivity.Core.0.Mathlib.Meta.Positivity.initFn._@.Mathlib.Tactic.Positivity.Core.1480635622._hygCtx._hyg.2 took 0.00632ms
interpretation of _private.Mathlib.Tactic.Positivity.Core.0.Mathlib.Meta.Positivity.initFn._@.Mathlib.Tactic.Positivity.Core.1480635622._hygCtx._hyg.2._boxed took 0.209ms
interpretation of _private.Mathlib.Tactic.Positivity.Core.0.Mathlib.Meta.Positivity.initFn._@.Mathlib.Tactic.Positivity.Core.2743057782._hygCtx._hyg.2 took 0.00503ms
interpretation of _private.Mathlib.Tactic.Positivity.Core.0.Mathlib.Meta.Positivity.initFn._@.Mathlib.Tactic.Positivity.Core.2743057782._hygCtx._hyg.2._boxed took 0.0675ms
interpretation of _private.Mathlib.Tactic.Positivity.Core.0.Mathlib.Meta.Positivity.initFn._@.Mathlib.Tactic.Positivity.Core.2680635229._hygCtx._hyg.2 took 0.00526ms
interpretation of _private.Mathlib.Tactic.Positivity.Core.0.Mathlib.Meta.Positivity.initFn._@.Mathlib.Tactic.Positivity.Core.2680635229._hygCtx._hyg.2._boxed took 0.0641ms
interpretation of _private.Mathlib.Tactic.Linarith.Datatypes.0.initFn._@.Mathlib.Tactic.Linarith.Datatypes.189509315._hygCtx._hyg.2 took 0.0138ms
interpretation of _private.Mathlib.Tactic.Linarith.Datatypes.0.initFn._@.Mathlib.Tactic.Linarith.Datatypes.189509315._hygCtx._hyg.2._boxed took 0.172ms
interpretation of _private.Mathlib.Tactic.Linarith.Datatypes.0.initFn._@.Mathlib.Tactic.Linarith.Datatypes.3248332875._hygCtx._hyg.2 took 0.0054ms
interpretation of _private.Mathlib.Tactic.Linarith.Datatypes.0.initFn._@.Mathlib.Tactic.Linarith.Datatypes.3248332875._hygCtx._hyg.2._boxed took 0.0596ms
interpretation of _private.Mathlib.Tactic.CancelDenoms.Core.0.initFn._@.Mathlib.Tactic.CancelDenoms.Core.1602764063._hygCtx._hyg.2 took 0.0124ms
interpretation of _private.Mathlib.Tactic.CancelDenoms.Core.0.initFn._@.Mathlib.Tactic.CancelDenoms.Core.1602764063._hygCtx._hyg.2._boxed took 0.15ms
interpretation of Mathlib.Tactic.Linarith.nnrealToRealTransform took 0.0498ms
interpretation of Mathlib.Tactic.Ring.ringCleanupRef took 0.0367ms
interpretation of _private.Mathlib.Tactic.Ring.RingNF.0.Mathlib.Tactic.RingNF.initFn._@.Mathlib.Tactic.Ring.RingNF.1278461645._hygCtx._hyg.2 took 0.00705ms
interpretation of _private.Mathlib.Tactic.Ring.RingNF.0.Mathlib.Tactic.RingNF.initFn._@.Mathlib.Tactic.Ring.RingNF.1278461645._hygCtx._hyg.2._boxed took 0.0203ms
interpretation of Lean.Attr.algebraizeAttr took 0.213ms
interpretation of _private.Mathlib.Tactic.ArithMult.Init.0.initFn._@.Mathlib.Tactic.ArithMult.Init.3145724027._hygCtx._hyg.3 took 0.00597ms
interpretation of _private.Mathlib.Tactic.ArithMult.Init.0.initFn._@.Mathlib.Tactic.ArithMult.Init.3145724027._hygCtx._hyg.3._boxed took 0.278ms
interpretation of _private.Mathlib.Tactic.CategoryTheory.Bicategory.Datatypes.0.Mathlib.Tactic.Bicategory.initFn._@.Mathlib.Tactic.CategoryTheory.Bicategory.Datatypes.1569332283._hygCtx._hyg.2 took 0.0126ms
interpretation of _private.Mathlib.Tactic.CategoryTheory.Bicategory.Datatypes.0.Mathlib.Tactic.Bicategory.initFn._@.Mathlib.Tactic.CategoryTheory.Bicategory.Datatypes.1569332283._hygCtx._hyg.2._boxed took 0.209ms
interpretation of Mathlib.Tactic.Coherence.warn.refl_coherence took 0.0961ms
interpretation of _private.Mathlib.Tactic.CategoryTheory.Monoidal.Datatypes.0.Mathlib.Tactic.Monoidal.initFn._@.Mathlib.Tactic.CategoryTheory.Monoidal.Datatypes.76606406._hygCtx._hyg.2 took 0.0111ms
interpretation of _private.Mathlib.Tactic.CategoryTheory.Monoidal.Datatypes.0.Mathlib.Tactic.Monoidal.initFn._@.Mathlib.Tactic.CategoryTheory.Monoidal.Datatypes.76606406._hygCtx._hyg.2._boxed took 0.216ms
interpretation of fieldSimpExt took 0.0744ms
interpretation of _private.Mathlib.Tactic.FieldSimp.0.Mathlib.Tactic.FieldSimp.initFn._@.Mathlib.Tactic.FieldSimp.1446599731._hygCtx._hyg.2 took 0.0151ms
interpretation of _private.Mathlib.Tactic.FieldSimp.0.Mathlib.Tactic.FieldSimp.initFn._@.Mathlib.Tactic.FieldSimp.1446599731._hygCtx._hyg.2._boxed took 0.164ms
interpretation of _private.Mathlib.Tactic.Continuity.Init.0.initFn._@.Mathlib.Tactic.Continuity.Init.3906107317._hygCtx._hyg.3 took 0.00672ms
interpretation of _private.Mathlib.Tactic.Continuity.Init.0.initFn._@.Mathlib.Tactic.Continuity.Init.3906107317._hygCtx._hyg.3._boxed took 0.285ms
interpretation of _private.Mathlib.Tactic.Order.0.Mathlib.Tactic.Order.initFn._@.Mathlib.Tactic.Order.2841239826._hygCtx._hyg.2 took 0.0101ms
interpretation of _private.Mathlib.Tactic.Order.0.Mathlib.Tactic.Order.initFn._@.Mathlib.Tactic.Order.2841239826._hygCtx._hyg.2._boxed took 0.151ms
interpretation of _private.Mathlib.Tactic.ContinuousFunctionalCalculus.0.initFn._@.Mathlib.Tactic.ContinuousFunctionalCalculus.2038506681._hygCtx._hyg.3 took 0.0124ms
interpretation of _private.Mathlib.Tactic.ContinuousFunctionalCalculus.0.initFn._@.Mathlib.Tactic.ContinuousFunctionalCalculus.2038506681._hygCtx._hyg.3._boxed took 0.892ms
interpretation of _private.Mathlib.Tactic.ProxyType.0.Mathlib.ProxyType.initFn._@.Mathlib.Tactic.ProxyType.56113752._hygCtx._hyg.2 took 0.0115ms
interpretation of _private.Mathlib.Tactic.ProxyType.0.Mathlib.ProxyType.initFn._@.Mathlib.Tactic.ProxyType.56113752._hygCtx._hyg.2._boxed took 0.248ms
interpretation of _private.Mathlib.Tactic.DeriveFintype.0.Mathlib.Deriving.Fintype.initFn._@.Mathlib.Tactic.DeriveFintype.1866687142._hygCtx._hyg.2 took 0.00687ms
interpretation of _private.Mathlib.Tactic.DeriveFintype.0.Mathlib.Deriving.Fintype.initFn._@.Mathlib.Tactic.DeriveFintype.1866687142._hygCtx._hyg.2._boxed took 2ms
interpretation of _private.Mathlib.Tactic.ComputeDegree.0.Mathlib.Tactic.ComputeDegree.initFn._@.Mathlib.Tactic.ComputeDegree.1830119225._hygCtx._hyg.2 took 0.0124ms
interpretation of _private.Mathlib.Tactic.ComputeDegree.0.Mathlib.Tactic.ComputeDegree.initFn._@.Mathlib.Tactic.ComputeDegree.1830119225._hygCtx._hyg.2._boxed took 0.416ms
interpretation of _private.Mathlib.Tactic.DeriveCountable.0.Mathlib.Deriving.Countable.initFn._@.Mathlib.Tactic.DeriveCountable.2905788527._hygCtx._hyg.2 took 0.0111ms
interpretation of _private.Mathlib.Tactic.DeriveCountable.0.Mathlib.Deriving.Countable.initFn._@.Mathlib.Tactic.DeriveCountable.2905788527._hygCtx._hyg.2._boxed took 0.332ms
interpretation of _private.Mathlib.Tactic.DeriveEncodable.0.Mathlib.Deriving.Encodable.initFn._@.Mathlib.Tactic.DeriveEncodable.342706281._hygCtx._hyg.2 took 0.00716ms
interpretation of _private.Mathlib.Tactic.DeriveEncodable.0.Mathlib.Deriving.Encodable.initFn._@.Mathlib.Tactic.DeriveEncodable.342706281._hygCtx._hyg.2._boxed took 0.208ms
interpretation of _private.Mathlib.Tactic.DeriveTraversable.0.Mathlib.Deriving.Traversable.initFn._@.Mathlib.Tactic.DeriveTraversable.1109317713._hygCtx._hyg.2 took 0.0131ms
interpretation of _private.Mathlib.Tactic.DeriveTraversable.0.Mathlib.Deriving.Traversable.initFn._@.Mathlib.Tactic.DeriveTraversable.1109317713._hygCtx._hyg.2._boxed took 0.0264ms
interpretation of _private.Mathlib.Tactic.DeriveTraversable.0.Mathlib.Deriving.Traversable.initFn._@.Mathlib.Tactic.DeriveTraversable.3120008340._hygCtx._hyg.2 took 0.00539ms
interpretation of _private.Mathlib.Tactic.DeriveTraversable.0.Mathlib.Deriving.Traversable.initFn._@.Mathlib.Tactic.DeriveTraversable.3120008340._hygCtx._hyg.2._boxed took 0.0195ms
interpretation of _private.Mathlib.Tactic.DeriveTraversable.0.Mathlib.Deriving.Traversable.initFn._@.Mathlib.Tactic.DeriveTraversable.1767371756._hygCtx._hyg.2 took 0.0142ms
interpretation of _private.Mathlib.Tactic.DeriveTraversable.0.Mathlib.Deriving.Traversable.initFn._@.Mathlib.Tactic.DeriveTraversable.1767371756._hygCtx._hyg.2._boxed took 0.0255ms
interpretation of _private.Mathlib.Tactic.DeriveTraversable.0.Mathlib.Deriving.Traversable.initFn._@.Mathlib.Tactic.DeriveTraversable.3345636641._hygCtx._hyg.2 took 0.00583ms
interpretation of _private.Mathlib.Tactic.DeriveTraversable.0.Mathlib.Deriving.Traversable.initFn._@.Mathlib.Tactic.DeriveTraversable.3345636641._hygCtx._hyg.2._boxed took 0.0167ms
interpretation of Mathlib.Tactic.Polynomial.polynomialPreExt took 0.119ms
interpretation of Mathlib.Tactic.Polynomial.polynomialPostExt took 0.106ms
interpretation of Mathlib.Tactic.Polynomial.polynomialExt took 0.166ms
interpretation of _private.Mathlib.Tactic.Polynomial.Core.0.Mathlib.Tactic.Polynomial.initFn._@.Mathlib.Tactic.Polynomial.Core.737497776._hygCtx._hyg.2 took 0.00513ms
interpretation of _private.Mathlib.Tactic.Polynomial.Core.0.Mathlib.Tactic.Polynomial.initFn._@.Mathlib.Tactic.Polynomial.Core.737497776._hygCtx._hyg.2._boxed took 0.377ms
interpretation of _private.Mathlib.Data.Sym.Sym2.Init.0.initFn._@.Mathlib.Data.Sym.Sym2.Init.444600000._hygCtx._hyg.3 took 0.00563ms
interpretation of _private.Mathlib.Data.Sym.Sym2.Init.0.initFn._@.Mathlib.Data.Sym.Sym2.Init.444600000._hygCtx._hyg.3._boxed took 0.292ms
interpretation of Mathlib.Tactic.Echelon.bareissExt took 0.162ms
interpretation of _private.Mathlib.Tactic.Echelon.Core.0.Mathlib.Tactic.Echelon.initFn._@.Mathlib.Tactic.Echelon.Core.2091753322._hygCtx._hyg.2 took 0.00528ms
interpretation of _private.Mathlib.Tactic.Echelon.Core.0.Mathlib.Tactic.Echelon.initFn._@.Mathlib.Tactic.Echelon.Core.2091753322._hygCtx._hyg.2._boxed took 0.464ms
interpretation of _private.Mathlib.Tactic.Echelon.Bareiss.0.initFn._@.Mathlib.Tactic.Echelon.Bareiss.1661010354._hygCtx._hyg.2 took 0.00459ms
interpretation of _private.Mathlib.Tactic.Echelon.Bareiss.0.initFn._@.Mathlib.Tactic.Echelon.Bareiss.1661010354._hygCtx._hyg.2._boxed took 0.13ms
interpretation of _private.Mathlib.Tactic.Explode.Datatypes.0.Mathlib.Explode.initFn._@.Mathlib.Tactic.Explode.Datatypes.2645827398._hygCtx._hyg.2 took 0.00637ms
interpretation of _private.Mathlib.Tactic.Explode.Datatypes.0.Mathlib.Explode.initFn._@.Mathlib.Tactic.Explode.Datatypes.2645827398._hygCtx._hyg.2._boxed took 0.141ms
interpretation of Inclusion.inclusionFamiliesRef took 0.0408ms
interpretation of Inclusion.inclusionParamExt took 0.121ms
interpretation of _private.Mathlib.Tactic.Inclusion.Core.Inclusion.0.Inclusion.initFn._@.Mathlib.Tactic.Inclusion.Core.Inclusion.2813096910._hygCtx._hyg.2 took 0.00815ms
interpretation of _private.Mathlib.Tactic.Inclusion.Core.Inclusion.0.Inclusion.initFn._@.Mathlib.Tactic.Inclusion.Core.Inclusion.2813096910._hygCtx._hyg.2._boxed took 0.294ms
interpretation of Inclusion.coreFamily took 0.232ms
interpretation of _private.Mathlib.Tactic.Inclusion.ExtensionAPI.Attr.0.Inclusion.initFn._@.Mathlib.Tactic.Inclusion.ExtensionAPI.Attr.3851418614._hygCtx._hyg.2 took 0.00951ms
interpretation of _private.Mathlib.Tactic.Inclusion.ExtensionAPI.Attr.0.Inclusion.initFn._@.Mathlib.Tactic.Inclusion.ExtensionAPI.Attr.3851418614._hygCtx._hyg.2._boxed took 0.353ms
interpretation of _private.Mathlib.Tactic.Inclusion.ExtensionAPI.Attr.0.Inclusion.initFn._@.Mathlib.Tactic.Inclusion.ExtensionAPI.Attr.2119748339._hygCtx._hyg.2 took 0.00575ms
interpretation of _private.Mathlib.Tactic.Inclusion.ExtensionAPI.Attr.0.Inclusion.initFn._@.Mathlib.Tactic.Inclusion.ExtensionAPI.Attr.2119748339._hygCtx._hyg.2._boxed took 0.103ms
interpretation of _private.Mathlib.Tactic.Inclusion.ExtensionAPI.Attr.0.Inclusion.initFn._@.Mathlib.Tactic.Inclusion.ExtensionAPI.Attr.3117050872._hygCtx._hyg.2 took 0.00505ms
interpretation of _private.Mathlib.Tactic.Inclusion.ExtensionAPI.Attr.0.Inclusion.initFn._@.Mathlib.Tactic.Inclusion.ExtensionAPI.Attr.3117050872._hygCtx._hyg.2._boxed took 0.131ms
interpretation of _private.Mathlib.Tactic.Inclusion.ExtensionAPI.Attr.0.Inclusion.initFn._@.Mathlib.Tactic.Inclusion.ExtensionAPI.Attr.3216825619._hygCtx._hyg.2 took 0.00591ms
interpretation of _private.Mathlib.Tactic.Inclusion.ExtensionAPI.Attr.0.Inclusion.initFn._@.Mathlib.Tactic.Inclusion.ExtensionAPI.Attr.3216825619._hygCtx._hyg.2._boxed took 0.1ms
interpretation of _private.Mathlib.Tactic.Inclusion.ExtensionAPI.Attr.0.Inclusion.initFn._@.Mathlib.Tactic.Inclusion.ExtensionAPI.Attr.3787456249._hygCtx._hyg.2 took 0.00591ms
interpretation of _private.Mathlib.Tactic.Inclusion.ExtensionAPI.Attr.0.Inclusion.initFn._@.Mathlib.Tactic.Inclusion.ExtensionAPI.Attr.3787456249._hygCtx._hyg.2._boxed took 0.0968ms
interpretation of Inclusion.IntervalDyadicReal.intervalDyadicRealFamily took 0.16ms
interpretation of _private.Mathlib.Tactic.Linarith.NNRealPreprocessor.0.Mathlib.Tactic.Linarith.initFn._@.Mathlib.Tactic.Linarith.NNRealPreprocessor.3207370124._hygCtx._hyg.2 took 0.00611ms
interpretation of _private.Mathlib.Tactic.Linarith.NNRealPreprocessor.0.Mathlib.Tactic.Linarith.initFn._@.Mathlib.Tactic.Linarith.NNRealPreprocessor.3207370124._hygCtx._hyg.2._boxed took 0.0253ms
interpretation of Mathlib.Linter.linter.commandRanges took 0.0701ms
interpretation of _private.Mathlib.Tactic.Linter.CommandRanges.0.Mathlib.Linter.CommandRanges.initFn._@.Mathlib.Tactic.Linter.CommandRanges.1154947710._hygCtx._hyg.2 took 0.00492ms
interpretation of _private.Mathlib.Tactic.Linter.CommandRanges.0.Mathlib.Linter.CommandRanges.initFn._@.Mathlib.Tactic.Linter.CommandRanges.1154947710._hygCtx._hyg.2._boxed took 0.0825ms
interpretation of Mathlib.Linter.TextBased.linter.adaptationNote took 0.1ms
interpretation of Mathlib.Linter.TextBased.linter.trailingWhitespace took 0.0421ms
interpretation of Mathlib.Linter.TextBased.linter.whitespaceBeforeSemicolon took 0.0403ms
interpretation of Mathlib.Linter.TextBased.linter.unicodeLinter took 0.777ms
interpretation of Mathlib.Linter.TextBased.linter.pythonStyle took 0.0516ms
interpretation of Mathlib.Linter.TextBased.linter.modulesUpperCamelCase took 0.046ms
interpretation of Mathlib.Linter.TextBased.linter.modulesForbiddenWindows took 0.0388ms
interpretation of _private.Mathlib.Tactic.Measurability.Init.0.initFn._@.Mathlib.Tactic.Measurability.Init.3256345150._hygCtx._hyg.3 took 0.00534ms
interpretation of _private.Mathlib.Tactic.Measurability.Init.0.initFn._@.Mathlib.Tactic.Measurability.Init.3256345150._hygCtx._hyg.3._boxed took 0.358ms
interpretation of _private.Mathlib.Tactic.Measurability.0.initFn._@.Mathlib.Tactic.Measurability.2556387689._hygCtx._hyg.2 took 0.00581ms
interpretation of _private.Mathlib.Tactic.Measurability.0.initFn._@.Mathlib.Tactic.Measurability.2556387689._hygCtx._hyg.2._boxed took 0.151ms
interpretation of _private.Mathlib.Tactic.MoveAdd.0.Mathlib.MoveAdd.initFn._@.Mathlib.Tactic.MoveAdd.331066901._hygCtx._hyg.2 took 0.00801ms
interpretation of _private.Mathlib.Tactic.MoveAdd.0.Mathlib.MoveAdd.initFn._@.Mathlib.Tactic.MoveAdd.331066901._hygCtx._hyg.2._boxed took 0.138ms
interpretation of _private.Mathlib.Combinatorics.Matroid.Init.0.initFn._@.Mathlib.Combinatorics.Matroid.Init.3819442404._hygCtx._hyg.3 took 0.0104ms
interpretation of _private.Mathlib.Combinatorics.Matroid.Init.0.initFn._@.Mathlib.Combinatorics.Matroid.Init.3819442404._hygCtx._hyg.3._boxed took 1.12ms
interpretation of reduceModCharExt took 0.139ms
interpretation of ProofWidgets.exprPresenters took 0.111ms
interpretation of _private.Mathlib.Tactic.Widget.StringDiagram.0.Mathlib.Tactic.Widget.StringDiagram.initFn._@.Mathlib.Tactic.Widget.StringDiagram.3159654386._hygCtx._hyg.2 took 0.0152ms
interpretation of _private.Mathlib.Tactic.Widget.StringDiagram.0.Mathlib.Tactic.Widget.StringDiagram.initFn._@.Mathlib.Tactic.Widget.StringDiagram.3159654386._hygCtx._hyg.2._boxed took 0.236ms
interpretation of _private.Mathlib.Tactic.TacticAnalysis.0.Mathlib.TacticAnalysis.initFn._lam_5._@.Mathlib.Tactic.TacticAnalysis.358552301._hygCtx._hyg.2._boxed took 0.0186ms
interpretation of Mathlib.Tactic.GuessName.registerGuessNameExt._lam_0._boxed took 0.00899ms
interpretation of Mathlib.Tactic.GuessName.registerGuessNameExt._lam_0._boxed took 0.00109ms
interpretation of _private.Batteries.CodeAction.Attr.0.Batteries.CodeAction.initFn._lam_5._@.Batteries.CodeAction.Attr.3685358032._hygCtx._hyg.2._boxed took 0.0856ms
interpretation of _private.Batteries.CodeAction.Attr.0.Batteries.CodeAction.initFn._lam_5._@.Batteries.CodeAction.Attr.2519722026._hygCtx._hyg.2._boxed took 0.00627ms
interpretation of _private.Mathlib.Tactic.GCongr.ForwardAttr.0.Mathlib.Tactic.GCongr.initFn._lam_5._@.Mathlib.Tactic.GCongr.ForwardAttr.242967595._hygCtx._hyg.2._boxed took 0.00954ms
interpretation of _private.Mathlib.Tactic.Widget.LibraryRewrite.0.Mathlib.Tactic.LibraryRewrite.initFn._lam_0._@.Mathlib.Tactic.Widget.LibraryRewrite.1358659977._hygCtx._hyg.2._boxed took 0.0154ms
interpretation of _private.Mathlib.Tactic.NormNum.Core.0.Mathlib.Meta.NormNum.initFn._lam_5._@.Mathlib.Tactic.NormNum.Core.525676807._hygCtx._hyg.2._boxed took 0.0102ms
interpretation of _private.Mathlib.Tactic.Positivity.Core.0.Mathlib.Meta.Positivity.initFn._lam_5._@.Mathlib.Tactic.Positivity.Core.3395534674._hygCtx._hyg.2._boxed took 0.00986ms
interpretation of _private.Mathlib.Tactic.Polynomial.Core.0.Mathlib.Tactic.Polynomial.initFn._lam_5._@.Mathlib.Tactic.Polynomial.Core.2526669815._hygCtx._hyg.2._boxed took 0.01ms
interpretation of _private.Mathlib.Tactic.Echelon.Core.0.Mathlib.Tactic.Echelon.initFn._lam_5._@.Mathlib.Tactic.Echelon.Core.2614533087._hygCtx._hyg.2._boxed took 0.00871ms
interpretation of _private.Mathlib.Tactic.Inclusion.Core.Extensions.0.Inclusion.initFn._lam_5._@.Mathlib.Tactic.Inclusion.Core.Extensions.3151349925._hygCtx._hyg.2._boxed took 0.00942ms
interpretation of DiscrTreeExt.initializeEnvExt._redArg._lam_5._boxed took 0.00814ms
interpretation of DiscrTreeExt.initializeEnvExt._redArg._lam_5._boxed took 0.000942ms
interpretation of DiscrTreeExt.initializeEnvExt._redArg._lam_5._boxed took 0.000794ms
interpretation of DiscrTreeExt.initializeEnvExt._redArg._lam_5._boxed took 0.000711ms
interpretation of coeNotation took 0.0308ms
interpretation of coeFunNotation took 0.00742ms
interpretation of coeSortNotation took 0.00479ms
interpretation of Lean.Parser.Syntax.addPrec took 0.00713ms
interpretation of Lean.Parser.Syntax.subPrec took 0.00511ms
interpretation of Lean.Parser.Syntax.addPrio took 0.00378ms
interpretation of Lean.Parser.Syntax.subPrio took 0.00402ms
interpretation of precMax took 0.00397ms
interpretation of precArg took 0.00401ms
interpretation of precLead took 0.00377ms
interpretation of prec(_) took 0.00342ms
interpretation of precMin took 0.00295ms
interpretation of precMin1 took 0.00338ms
interpretation of termMax_prec took 0.00306ms
interpretation of prioDefault took 0.00377ms
interpretation of prioLow took 0.00349ms
interpretation of prioMid took 0.00273ms
interpretation of prioHigh took 0.00305ms
interpretation of prio(_) took 0.00336ms
interpretation of stx_+ took 0.00405ms
interpretation of stx_* took 0.00232ms
interpretation of stx_? took 0.00373ms
interpretation of stx_<|>_ took 0.00366ms
interpretation of stx_,* took 0.00343ms
interpretation of stx_,+ took 0.00283ms
interpretation of stx_,*,? took 0.00353ms
interpretation of stx_,+,? took 0.00298ms
interpretation of stx!_ took 0.00301ms
interpretation of rawNatLit took 0.00349ms
interpretation of term_∘_ took 0.00295ms
interpretation of term_×_ took 0.00372ms
interpretation of term_×'_ took 0.0026ms
interpretation of term_∣_ took 0.00317ms
interpretation of term_|||_ took 0.0036ms
interpretation of term_^^^_ took 0.00421ms
interpretation of term_&&&_ took 0.00277ms
interpretation of term_+_ took 0.0028ms
interpretation of term_-_ took 0.00313ms
interpretation of term_*_ took 0.00311ms
interpretation of term_/_ took 0.0026ms
interpretation of term_%_ took 0.00274ms
interpretation of term_<<<_ took 0.0033ms
interpretation of term_>>>_ took 0.00259ms
interpretation of term_^_ took 0.00313ms
interpretation of term_++_ took 0.00282ms
interpretation of term-_ took 0.00371ms
interpretation of term~~~_ took 0.00318ms
interpretation of term_⁻¹ took 0.00274ms
interpretation of term_•_ took 0.00244ms
interpretation of term_>=_ took 0.00275ms
interpretation of term_<=_ took 0.00315ms
interpretation of term_≤_ took 0.00244ms
interpretation of term_<_ took 0.00226ms
interpretation of term_≥_ took 0.00299ms
interpretation of term_>_ took 0.00278ms
interpretation of term_=_ took 0.00239ms
interpretation of term_==_ took 0.00261ms
interpretation of term_≍_ took 0.00267ms
interpretation of term_∧_ took 0.0027ms
interpretation of term_∨_ took 0.00325ms
interpretation of term¬_ took 0.00381ms
interpretation of term_&&_ took 0.00316ms
interpretation of term_||_ took 0.00293ms
interpretation of term!_ took 0.00297ms
interpretation of term_∈_ took 0.00315ms
interpretation of term_∉_ took 0.00265ms
interpretation of term_::_ took 0.00353ms
interpretation of term_<$>_ took 0.00317ms
interpretation of term_>>=_ took 0.00239ms
interpretation of term_<|>_ took 0.00284ms
interpretation of term_>>_ took 0.0031ms
interpretation of term_<*>_ took 0.00239ms
interpretation of term_<*_ took 0.00249ms
interpretation of term_*>_ took 0.00305ms
interpretation of termDepIfThenElse took 0.00357ms
interpretation of termIfThenElse took 0.00323ms
interpretation of termIfLet took 0.00293ms
interpretation of boolIfThenElse took 0.0028ms
interpretation of term_<|_ took 0.00315ms
interpretation of term_|>_ took 0.00277ms
interpretation of term_$__ took 0.00282ms
interpretation of term{_:_//_} took 0.00332ms
interpretation of termWithout_expected_type_ took 0.00791ms
interpretation of Lean.byElab took 0.00308ms
interpretation of Lean.rawStx.quot took 0.00299ms
interpretation of Lean.withAnnotateTerm took 0.00386ms
interpretation of Lean.modCast took 0.0029ms
interpretation of Lean.deprecated took 0.00417ms
interpretation of Lean.deprecated_arg took 0.00335ms
interpretation of Lean.suggest_for took 0.00262ms
interpretation of Lean.univ_out_params took 0.00325ms
interpretation of Lean.Attr.coe took 0.0028ms
interpretation of Lean.command_code_action took 0.00323ms
interpretation of Lean.builtin_command_code_action took 0.00359ms
interpretation of Lean.includeStr took 0.00266ms
interpretation of Lean.runCmd took 0.0278ms
interpretation of Lean.runElab took 0.00516ms
interpretation of Lean.runMeta took 0.00269ms
interpretation of Lean.reduceCmd took 0.00347ms
interpretation of Lean.guardMsgsCmd took 0.00317ms
interpretation of Lean.guardPanicCmd took 0.00392ms
interpretation of Lean.infoTreesCmd took 0.0034ms
interpretation of Lean.setLibrarySuggestionsCmd took 0.0051ms
interpretation of Lean.Parser.checkTactic took 0.00305ms
interpretation of Lean.Parser.checkTacticFailure took 0.00305ms
interpretation of Lean.Parser.checkSimp took 0.0047ms
interpretation of Lean.Parser.checkSimpFailure took 0.00334ms
interpretation of Lean.Parser.timeCmd took 0.00347ms
interpretation of Lean.Parser.discrTreeKeyCmd took 0.00392ms
interpretation of Lean.Parser.discrTreeSimpKeyCmd took 0.0033ms
interpretation of Lean.Parser.commandSeal__ took 0.00265ms
interpretation of Lean.Parser.commandUnseal__ took 0.00406ms
interpretation of Lean.Parser.Tactic.as_aux_lemma took 0.00433ms
interpretation of Lean.Parser.Tactic.withAnnotateState took 0.00358ms
interpretation of Lean.Parser.Tactic.intro took 0.00331ms
interpretation of Lean.Parser.Tactic.intros took 0.00362ms
interpretation of Lean.Parser.Tactic.rename took 0.00355ms
interpretation of Lean.Parser.Tactic.revert took 0.00304ms
interpretation of Lean.Parser.Tactic.clear took 0.00328ms
interpretation of Lean.Parser.Tactic.clearValue took 0.00388ms
interpretation of Lean.Parser.Tactic.subst took 0.00303ms
interpretation of Lean.Parser.Tactic.substVars took 0.00345ms
interpretation of Lean.Parser.Tactic.assumption took 0.00302ms
interpretation of Lean.Parser.Tactic.contradiction took 0.00365ms
interpretation of Lean.Parser.Tactic.falseOrByContra took 0.00377ms
interpretation of Lean.Parser.Tactic.apply took 0.00395ms
interpretation of Lean.Parser.Tactic.exact took 0.00338ms
interpretation of Lean.Parser.Tactic.refine took 0.00244ms
interpretation of Lean.Parser.Tactic.refine' took 0.00294ms
interpretation of Lean.Parser.Tactic.tacticExfalso took 0.00345ms
interpretation of Lean.Parser.Tactic.constructor took 0.00325ms
interpretation of Lean.Parser.Tactic.left took 0.0027ms
interpretation of Lean.Parser.Tactic.right took 0.00266ms
interpretation of Lean.Parser.Tactic.case took 0.00325ms
interpretation of Lean.Parser.Tactic.case' took 0.00324ms
interpretation of Lean.Parser.Tactic.tacticNext_=>_ took 0.00388ms
interpretation of Lean.Parser.Tactic.allGoals took 0.00323ms
interpretation of Lean.Parser.Tactic.anyGoals took 0.00364ms
interpretation of Lean.Parser.Tactic.focus took 0.00326ms
interpretation of Lean.Parser.Tactic.skip took 0.00277ms
interpretation of Lean.Parser.Tactic.done took 0.003ms
interpretation of Lean.Parser.Tactic.traceState took 0.00252ms
interpretation of Lean.Parser.Tactic.traceMessage took 0.00285ms
interpretation of Lean.Parser.Tactic.failIfSuccess took 0.00311ms
interpretation of Lean.Parser.Tactic.paren took 0.00315ms
interpretation of Lean.Parser.Tactic.withReducible took 0.00372ms
interpretation of Lean.Parser.Tactic.withReducibleAndInstances took 0.00315ms
interpretation of Lean.Parser.Tactic.withImplicit took 0.0034ms
interpretation of Lean.Parser.Tactic.withUnfoldingAll took 0.0028ms
interpretation of Lean.Parser.Tactic.withUnfoldingNone took 0.00333ms
interpretation of Lean.Parser.Tactic.first took 0.00271ms
interpretation of Lean.Parser.Tactic.rotateLeft took 0.00268ms
interpretation of Lean.Parser.Tactic.rotateRight took 0.00344ms
interpretation of Lean.Parser.Tactic.tacticTry_ took 0.0197ms
interpretation of Lean.Parser.Tactic.tactic_<;>_ took 0.00621ms
interpretation of Lean.Parser.Tactic.fail took 0.00374ms
interpretation of Lean.Parser.Tactic.eqRefl took 0.00466ms
interpretation of Lean.Parser.Tactic.tacticRfl took 0.00371ms
interpretation of Lean.Parser.Tactic.applyRfl took 0.0037ms
interpretation of Lean.Parser.Tactic.tacticRfl' took 0.00401ms
interpretation of Lean.Parser.Tactic.acRfl took 0.00373ms
interpretation of Lean.Parser.Tactic.tacticSorry took 0.00318ms
interpretation of Lean.Parser.Tactic.tacticAdmit took 0.003ms
interpretation of Lean.Parser.Tactic.tacticInfer_instance took 0.00456ms
interpretation of Lean.Parser.Tactic.change took 0.00306ms
interpretation of Lean.Parser.Tactic.show took 0.00332ms
interpretation of Lean.Parser.Tactic.extractLets took 0.00364ms
interpretation of Lean.Parser.Tactic.liftLets took 0.00472ms
interpretation of Lean.Parser.Tactic.letToHave took 0.00518ms
interpretation of Lean.Parser.Tactic.rewriteSeq took 0.00299ms
interpretation of Lean.Parser.Tactic.rwSeq took 0.00358ms
interpretation of Lean.Parser.Tactic.tacticRwa__ took 0.00401ms
interpretation of Lean.Parser.Tactic.injection took 0.00379ms
interpretation of Lean.Parser.Tactic.injections took 0.00286ms
interpretation of Lean.Parser.Tactic.simp took 0.00372ms
interpretation of Lean.Parser.Tactic.simpAll took 0.00447ms
interpretation of Lean.Parser.Tactic.dsimp took 0.00265ms
interpretation of Lean.Parser.Tactic.simpTrace took 0.0177ms
interpretation of Lean.Parser.Tactic.tacticSimp?!_ took 0.00362ms
interpretation of Lean.Parser.Tactic.simpAllTrace took 0.00379ms
interpretation of Lean.Parser.Tactic.tacticSimp_all?!_ took 0.0046ms
interpretation of Lean.Parser.Tactic.dsimpTrace took 0.0029ms
interpretation of Lean.Parser.Tactic.tacticDsimp?!_ took 0.00312ms
interpretation of Lean.Parser.Tactic.simpa took 0.00335ms
interpretation of Lean.Parser.Tactic.simpaUsingBang took 0.00385ms
interpretation of Lean.Parser.Tactic.tacticSimpa!_ took 0.00312ms
interpretation of Lean.Parser.Tactic.tacticSimpa?_ took 0.00328ms
interpretation of Lean.Parser.Tactic.tacticSimpa?!_ took 0.00421ms
interpretation of Lean.Parser.Tactic.tacticSimpa!__1 took 0.00357ms
interpretation of Lean.Parser.Tactic.tacticSimpa?__1 took 0.00448ms
interpretation of Lean.Parser.Tactic.tacticSimpa?!__1 took 0.00445ms
interpretation of Lean.Parser.Tactic.delta took 0.00286ms
interpretation of Lean.Parser.Tactic.unfold took 0.00321ms
interpretation of Lean.Parser.Tactic.tacticRefine_lift_ took 0.00336ms
interpretation of Lean.Parser.Tactic.tacticHave__ took 0.00392ms
interpretation of Lean.Parser.Tactic.tacticSuffices_ took 0.00423ms
interpretation of Lean.Parser.Tactic.tacticLet__ took 0.00352ms
interpretation of Lean.Parser.Tactic.letrec took 0.00451ms
interpretation of Lean.Parser.Tactic.tacticRefine_lift'_ took 0.00367ms
interpretation of Lean.Parser.Tactic.tacticHave' took 0.00293ms
interpretation of Lean.Parser.Tactic.tacticLet'__ took 0.00371ms
interpretation of Lean.Parser.Tactic.induction took 0.00367ms
interpretation of Lean.Parser.Tactic.generalize took 0.0053ms
interpretation of Lean.Parser.Tactic.cases took 0.00296ms
interpretation of Lean.Parser.Tactic.funInduction took 0.00341ms
interpretation of Lean.Parser.Tactic.funCases took 0.00369ms
interpretation of Lean.Parser.Tactic.renameI took 0.00341ms
interpretation of Lean.Parser.Tactic.tacticRepeat_ took 0.00408ms
interpretation of Lean.Parser.Tactic.repeat' took 0.00286ms
interpretation of Lean.Parser.Tactic.repeat1' took 0.00314ms
interpretation of Lean.Parser.Tactic.tacticTrivial took 0.00274ms
interpretation of Lean.Parser.Tactic.classical took 0.00329ms
interpretation of Lean.Parser.Tactic.impossible took 0.00351ms
interpretation of Lean.Parser.Tactic.split took 0.00362ms
interpretation of Lean.Parser.Tactic.dbgTrace took 0.00323ms
interpretation of Lean.Parser.Tactic.tacticStop_ took 0.0032ms
interpretation of Lean.Parser.Tactic.tacticUnhygienic_ took 0.00383ms
interpretation of Lean.Parser.Tactic.sleep took 0.00335ms
interpretation of Lean.Parser.Tactic.tacticExists_,, took 0.00349ms
interpretation of Lean.Parser.Tactic.congr took 0.00375ms
interpretation of Lean.Parser.Tactic.tacIfThenElse took 0.00304ms
interpretation of Lean.Parser.Tactic.tacDepIfThenElse took 0.00388ms
interpretation of Lean.Parser.Tactic.tacticNofun took 0.00336ms
interpretation of Lean.Parser.Tactic.tacticNomatch_,, took 0.00341ms
interpretation of Lean.Parser.Tactic.replace took 0.00449ms
interpretation of Lean.Parser.Tactic.specialize took 0.00307ms
interpretation of Lean.Parser.Tactic.tacticAnd_intros took 0.00409ms
interpretation of Lean.Parser.Tactic.substEqs took 0.00269ms
interpretation of Lean.Parser.Tactic.runTac took 0.00312ms
interpretation of Lean.Parser.Tactic.tacticHaveI__ took 0.00301ms
interpretation of Lean.Parser.Tactic.tacticLetI__ took 0.00384ms
interpretation of Lean.Parser.Tactic.decide took 0.00257ms
interpretation of Lean.Parser.Tactic.nativeDecide took 0.00338ms
interpretation of Lean.Parser.Tactic.omega took 0.00301ms
interpretation of Lean.Parser.Tactic.tacticBv_omega took 0.00365ms
interpretation of Lean.Parser.Tactic.acNf0 took 0.00392ms
interpretation of Lean.Parser.Tactic.normCast0 took 0.00288ms
interpretation of Lean.Parser.Tactic.tacticAssumption_mod_cast_ took 0.00354ms
interpretation of Lean.Parser.Tactic.tacticNorm_cast__ took 0.00339ms
interpretation of Lean.Parser.Tactic.pushCast took 0.00283ms
interpretation of Lean.Parser.Tactic.normCastAddElim took 0.00351ms
interpretation of Lean.Parser.Tactic.tacticAc_nf_ took 0.0034ms
interpretation of Lean.Parser.Tactic.symm took 0.00365ms
interpretation of Lean.Parser.Tactic.symmSaturate took 0.00329ms
interpretation of Lean.Parser.Tactic.solveByElim took 0.00408ms
interpretation of Lean.Parser.Tactic.applyAssumption took 0.0033ms
interpretation of Lean.Parser.Tactic.applyRules took 0.00373ms
interpretation of Lean.Parser.Tactic.exact? took 0.00311ms
interpretation of Lean.Parser.Tactic.apply? took 0.00321ms
interpretation of Lean.Parser.Tactic.rewrites? took 0.00371ms
interpretation of Lean.Parser.Tactic.showTerm took 0.00353ms
interpretation of Lean.Parser.Tactic.showTermElab took 0.00326ms
interpretation of Lean.Parser.Tactic.by? took 0.00365ms
interpretation of Lean.Parser.Tactic.exposeNames took 0.00295ms
interpretation of Lean.Parser.Tactic.suggestions took 0.00315ms
interpretation of Lean.Parser.Tactic.bvCheck took 0.00349ms
interpretation of Lean.Parser.Tactic.bvDecide took 0.00262ms
interpretation of Lean.Parser.Tactic.bvTrace took 0.00364ms
interpretation of Lean.Parser.Tactic.bvNormalize took 0.00347ms
interpretation of Lean.Parser.Tactic.massumptionMacro took 0.00346ms
interpretation of Lean.Parser.Tactic.mclearMacro took 0.00336ms
interpretation of Lean.Parser.Tactic.mconstructorMacro took 0.00321ms
interpretation of Lean.Parser.Tactic.mexactMacro took 0.00347ms
interpretation of Lean.Parser.Tactic.mexfalsoMacro took 0.0038ms
interpretation of Lean.Parser.Tactic.mexistsMacro took 0.00382ms
interpretation of Lean.Parser.Tactic.mframeMacro took 0.00295ms
interpretation of Lean.Parser.Tactic.mhaveMacro took 0.00302ms
interpretation of Lean.Parser.Tactic.mreplaceMacro took 0.00373ms
interpretation of Lean.Parser.Tactic.mleftMacro took 0.00384ms
interpretation of Lean.Parser.Tactic.mrightMacro took 0.00268ms
interpretation of Lean.Parser.Tactic.mpureMacro took 0.00308ms
interpretation of Lean.Parser.Tactic.mpureIntroMacro took 0.00267ms
interpretation of Lean.Parser.Tactic.mrevertMacro took 0.00255ms
interpretation of Lean.Parser.Tactic.mrenameIMacro took 0.00261ms
interpretation of Lean.Parser.Tactic.mspecializeMacro took 0.0031ms
interpretation of Lean.Parser.Tactic.mspecializePureMacro took 0.00299ms
interpretation of Lean.Parser.Tactic.mstartMacro took 0.00327ms
interpretation of Lean.Parser.Tactic.mstopMacro took 0.00313ms
interpretation of Lean.Parser.Tactic.mleaveMacro took 0.00241ms
interpretation of Lean.Parser.Tactic.mcasesMacro took 0.00286ms
interpretation of Lean.Parser.Tactic.mrefineMacro took 0.00282ms
interpretation of Lean.Parser.Tactic.mintroMacro took 0.00279ms
interpretation of Lean.Parser.Tactic.mspecMacro took 0.00271ms
interpretation of Lean.Parser.Tactic.mvcgenMacro took 0.00319ms
interpretation of Lean.Parser.Tactic.vcgenMacro took 0.00295ms
interpretation of Lean.Parser.Tactic.cbv took 0.00368ms
interpretation of Lean.Parser.Tactic.decide_cbv took 0.00248ms
interpretation of Lean.Parser.Attr.simp took 0.00281ms
interpretation of Lean.Parser.Attr.wf_preprocess took 0.00339ms
interpretation of Lean.Parser.Attr.method_specs_simp took 0.003ms
interpretation of Lean.Parser.Attr.cbv_eval took 0.00365ms
interpretation of Lean.Parser.Attr.norm_cast took 0.00292ms
interpretation of term‹_› took 0.00371ms
interpretation of tacticGet_elem_tactic_extensible took 0.00318ms
interpretation of tacticGet_elem_tactic_trivial took 0.00287ms
interpretation of tacticGet_elem_tactic took 0.00345ms
interpretation of Lean.Parser.Syntax.exact? took 0.00363ms
interpretation of term_<->_ took 0.00379ms
interpretation of term_↔_ took 0.00299ms
interpretation of term_⊕_ took 0.00269ms
interpretation of term_⊕'_ took 0.00255ms
interpretation of term_≈_ took 0.00302ms
interpretation of term_⊆_ took 0.00231ms
interpretation of term_⊂_ took 0.00299ms
interpretation of term_⊇_ took 0.00251ms
interpretation of term_⊃_ took 0.00264ms
interpretation of term_∪_ took 0.00247ms
interpretation of term_∩_ took 0.00271ms
interpretation of term_\_ took 0.0274ms
interpretation of term{} took 0.00318ms
interpretation of term∅ took 0.00983ms
interpretation of term_!=_ took 0.00397ms
interpretation of term_≠_ took 0.00318ms
interpretation of term_<&>_ took 0.00472ms
interpretation of term_<||>_ took 0.00453ms
interpretation of term_<&&>_ took 0.00343ms
interpretation of term_>=>_ took 0.00424ms
interpretation of term_<=<_ took 0.00327ms
interpretation of term_=<<_ took 0.00353ms
interpretation of Lean.Parser.resetGrindAttrs took 0.00384ms
interpretation of Lean.Parser.Attr.grind took 0.00352ms
interpretation of Lean.Parser.Attr.grind! took 0.00336ms
interpretation of Lean.Parser.Attr.grind? took 0.0038ms
interpretation of Lean.Parser.Attr.grind!? took 0.00375ms
interpretation of Lean.Parser.Attr.lia took 0.00411ms
interpretation of Lean.Parser.Attr.lia! took 0.0029ms
interpretation of Lean.Parser.Attr.lia? took 0.00291ms
interpretation of Lean.Parser.Attr.lia!? took 0.00342ms
interpretation of Lean.Parser.Tactic.Grind.grind_filter.quot took 0.00439ms
interpretation of Lean.Parser.Tactic.Grind.grind_filter_ took 0.00371ms
interpretation of Lean.Parser.Tactic.Grind.grind_filterGen<_ took 0.00355ms
interpretation of Lean.Parser.Tactic.Grind.grind_filterGen=_ took 0.0037ms
interpretation of Lean.Parser.Tactic.Grind.grind_filterGen!=_ took 0.00392ms
interpretation of Lean.Parser.Tactic.Grind.grind_filterGen≤_ took 0.00371ms
interpretation of Lean.Parser.Tactic.Grind.grind_filterGen<=_ took 0.00398ms
interpretation of Lean.Parser.Tactic.Grind.grind_filterGen>_ took 0.00396ms
interpretation of Lean.Parser.Tactic.Grind.grind_filterGen≥_ took 0.00441ms
interpretation of Lean.Parser.Tactic.Grind.grind_filterGen>=_ took 0.00304ms
interpretation of Lean.Parser.Tactic.Grind.grind_filter(_) took 0.00284ms
interpretation of Lean.Parser.Tactic.Grind.grind_filter_&&_ took 0.00328ms
interpretation of Lean.Parser.Tactic.Grind.grind_filter_||_ took 0.00344ms
interpretation of Lean.Parser.Tactic.Grind.grind_filter!_ took 0.00385ms
interpretation of Lean.Parser.Tactic.Grind.grind.quot took 0.00355ms
interpretation of Lean.Parser.Tactic.Grind.paren took 0.00421ms
interpretation of Lean.Parser.Tactic.Grind.skip took 0.00315ms
interpretation of Lean.Parser.Tactic.Grind.lia took 0.00355ms
interpretation of Lean.Parser.Tactic.Grind.ring took 0.00275ms
interpretation of Lean.Parser.Tactic.Grind.ac took 0.0036ms
interpretation of Lean.Parser.Tactic.Grind.linarith took 0.00345ms
interpretation of Lean.Parser.Tactic.Grind.sorry took 0.00289ms
interpretation of Lean.Parser.Tactic.Grind.instantiate took 0.00325ms
interpretation of Lean.Parser.Tactic.Grind.use took 0.00369ms
interpretation of Lean.Parser.Tactic.Grind.showAsserted took 0.00417ms
interpretation of Lean.Parser.Tactic.Grind.showTrue took 0.00329ms
interpretation of Lean.Parser.Tactic.Grind.showFalse took 0.00335ms
interpretation of Lean.Parser.Tactic.Grind.showEqcs took 0.00301ms
interpretation of Lean.Parser.Tactic.Grind.showCases took 0.0031ms
interpretation of Lean.Parser.Tactic.Grind.showState took 0.00266ms
interpretation of Lean.Parser.Tactic.Grind.showLocalThms took 0.00349ms
interpretation of Lean.Parser.Tactic.Grind.showTerm took 0.00405ms
interpretation of Lean.Parser.Tactic.Grind.showGoals took 0.00296ms
interpretation of Lean.Parser.Tactic.Grind.grind_ref.quot took 0.00373ms
interpretation of Lean.Parser.Tactic.Grind.grind_ref_ took 0.00365ms
interpretation of Lean.Parser.Tactic.Grind.grind_ref__/__ took 0.00926ms
interpretation of Lean.Parser.Tactic.Grind.grind_ref__1 took 0.0035ms
interpretation of Lean.Parser.Tactic.Grind.cases took 0.00336ms
interpretation of Lean.Parser.Tactic.Grind.casesTrace took 0.00358ms
interpretation of Lean.Parser.Tactic.Grind.casesNext took 0.00408ms
interpretation of Lean.Parser.Tactic.Grind.done took 0.00327ms
interpretation of Lean.Parser.Tactic.Grind.finish took 0.00336ms
interpretation of Lean.Parser.Tactic.Grind.finishTrace took 0.0345ms
interpretation of Lean.Parser.Tactic.Grind.have took 0.0187ms
interpretation of Lean.Parser.Tactic.Grind.nestedTacticCore took 0.00635ms
interpretation of Lean.Parser.Tactic.Grind.allGoals took 0.00452ms
interpretation of Lean.Parser.Tactic.Grind.focus took 0.00469ms
interpretation of Lean.Parser.Tactic.Grind.next took 0.00479ms
interpretation of Lean.Parser.Tactic.Grind.grind·_ took 0.00455ms
interpretation of Lean.Parser.Tactic.Grind.case took 0.00318ms
interpretation of Lean.Parser.Tactic.Grind.anyGoals took 0.00399ms
interpretation of Lean.Parser.Tactic.Grind.withAnnotateState took 0.00338ms
interpretation of Lean.Parser.Tactic.Grind.grind_<;>_ took 0.00352ms
interpretation of Lean.Parser.Tactic.Grind.first took 0.00352ms
interpretation of Lean.Parser.Tactic.Grind.grindTry_ took 0.00726ms
interpretation of Lean.Parser.Tactic.Grind.failIfSuccess took 0.0046ms
interpretation of Lean.Parser.Tactic.Grind.grindAdmit took 0.00376ms
interpretation of Lean.Parser.Tactic.Grind.fail took 0.00397ms
interpretation of Lean.Parser.Tactic.Grind.grindRepeat_ took 0.00425ms
interpretation of Lean.Parser.Tactic.Grind.renameI took 0.00417ms
interpretation of Lean.Parser.Tactic.Grind.exposeNames took 0.0049ms
interpretation of Lean.Parser.Tactic.Grind.setOption took 0.00479ms
interpretation of Lean.Parser.Tactic.Grind.setConfig took 0.00368ms
interpretation of Lean.Parser.Tactic.Grind.haveSilent took 0.00393ms
interpretation of Lean.Parser.Tactic.Grind.mbtc took 0.0041ms
interpretation of Lean.Parser.Tactic.Grind.symIntro took 0.00333ms
interpretation of Lean.Parser.Tactic.Grind.symIntroLight took 0.00337ms
interpretation of Lean.Parser.Tactic.Grind.symIntros took 0.00337ms
interpretation of Lean.Parser.Tactic.Grind.symIntrosLight took 0.00366ms
interpretation of Lean.Parser.Tactic.Grind.symApply took 0.00334ms
interpretation of Lean.Parser.Tactic.Grind.symInternalize took 0.00331ms
interpretation of Lean.Parser.Tactic.Grind.symInternalizeAll took 0.00421ms
interpretation of Lean.Parser.Tactic.Grind.symByContra took 0.00394ms
interpretation of Lean.Parser.Tactic.Grind.symSimp took 0.00294ms
interpretation of Lean.Parser.Tactic.Grind.symDSimp took 0.00429ms
interpretation of Lean.Parser.Tactic.Grind.symRw took 0.00322ms
interpretation of Lean.Parser.Tactic.Grind.grindExact_ took 0.00384ms
interpretation of Lean.Parser.Tactic.Grind.symCbv took 0.00315ms
interpretation of Lean.Parser.Tactic.Grind.bvNormalize took 0.00556ms
interpretation of Lean.Parser.Tactic.Grind.bvDecide took 0.00399ms
interpretation of Lean.Parser.Tactic.Grind.bvTrace took 0.00446ms
interpretation of Lean.Parser.Tactic.Grind.bvCheck took 0.00465ms
interpretation of Lean.Parser.Tactic.grind took 0.00411ms
interpretation of Lean.Parser.Tactic.grindTrace took 0.00436ms
interpretation of Lean.Parser.Tactic.sym took 0.00391ms
interpretation of Lean.Parser.Tactic.cutsat took 0.00484ms
interpretation of Lean.Parser.Tactic.lia took 0.00328ms
interpretation of Lean.Parser.Tactic.grind_order took 0.00399ms
interpretation of Lean.Parser.Tactic.grind_linarith took 0.00353ms
interpretation of Lean.Parser.Tactic.grobner took 0.00361ms
interpretation of Int.term-[_+1] took 0.00443ms
interpretation of term[_] took 0.00387ms
interpretation of term%[_|_] took 0.00363ms
interpretation of List.term_<+_ took 0.00422ms
interpretation of List.term_<+:_ took 0.00337ms
interpretation of List.term_<:+_ took 0.00304ms
interpretation of List.term_<:+:_ took 0.00321ms
interpretation of List.term_~_ took 0.00436ms
interpretation of tacticSimp_wf took 0.00336ms
interpretation of tacticClean_wf took 0.00255ms
interpretation of tacticDecreasing_trivial took 0.00266ms
interpretation of tacticDecreasing_trivial_pre_omega took 0.00304ms
interpretation of tacticDecreasing_with_ took 0.00317ms
interpretation of tacticDecreasing_tactic took 0.00325ms
interpretation of term__[_] took 0.00374ms
interpretation of term__[_]'_ took 0.00267ms
interpretation of term__[_]_? took 0.0309ms
interpretation of term__[_]_! took 0.00288ms
interpretation of term#[_,] took 0.00658ms
interpretation of Lean.termEval_prec_ took 0.00459ms
interpretation of Lean.termEval_prio_ took 0.00286ms
interpretation of Lean.Parser.Tactic.tacticErw___ took 0.00474ms
interpretation of Lean.Parser.Tactic.declareSimpLikeTactic took 0.004ms
interpretation of Lean.Parser.Tactic.simpAutoUnfold took 0.00308ms
interpretation of Lean.Parser.Tactic.simpArith took 0.00467ms
interpretation of Lean.Parser.Tactic.simpArithBang took 0.00378ms
interpretation of Lean.Parser.Tactic.simpAllAutoUnfold took 0.00945ms
interpretation of Lean.Parser.Tactic.simpAllArith took 0.004ms
interpretation of Lean.Parser.Tactic.simpAllArithBang took 0.00419ms
interpretation of Lean.Parser.Tactic.dsimpAutoUnfold took 0.00356ms
interpretation of Lean.Parser.Tactic.tacticIterate____ took 0.00442ms
interpretation of Lean.Parser.Tactic.tacticRw_mod_cast___ took 0.00393ms
interpretation of Lean.Parser.Tactic.tacticExact_mod_cast_ took 0.00428ms
interpretation of Lean.Parser.Tactic.tacticApply_mod_cast_ took 0.00413ms
interpretation of tacticBy_cases_:_ took 0.00379ms
interpretation of Lean.Parser.Tactic.rcasesPat.quot took 0.00444ms
interpretation of Lean.Parser.Tactic.rcasesPat.one took 0.00298ms
interpretation of Lean.Parser.Tactic.rcasesPat.ignore took 0.00336ms
interpretation of Lean.Parser.Tactic.rcasesPat.clear took 0.00301ms
interpretation of Lean.Parser.Tactic.rcasesPat.explicit took 0.00405ms
interpretation of Lean.Parser.Tactic.rcasesPat.tuple took 0.00337ms
interpretation of Lean.Parser.Tactic.rcasesPat.paren took 0.00316ms
interpretation of Lean.Parser.Tactic.rintroPat.quot took 0.00279ms
interpretation of Lean.Parser.Tactic.rintroPat.one took 0.00367ms
interpretation of Lean.Parser.Tactic.rintroPat.binder took 0.00302ms
interpretation of Lean.Parser.Tactic.rcases took 0.00298ms
interpretation of Lean.Parser.Tactic.obtain took 0.00334ms
interpretation of Lean.Parser.Tactic.rintro took 0.00271ms
interpretation of Lean.Parser.Tactic.Conv.conv.quot took 0.00496ms
interpretation of Lean.Parser.Tactic.Conv.withAnnotateState took 0.00495ms
interpretation of Lean.Parser.Tactic.Conv.skip took 0.00345ms
interpretation of Lean.Parser.Tactic.Conv.cbv took 0.00309ms
interpretation of Lean.Parser.Tactic.Conv.lhs took 0.00279ms
interpretation of Lean.Parser.Tactic.Conv.rhs took 0.00266ms
interpretation of Lean.Parser.Tactic.Conv.fun took 0.0036ms
interpretation of Lean.Parser.Tactic.Conv.whnf took 0.00344ms
interpretation of Lean.Parser.Tactic.Conv.zeta took 0.00354ms
interpretation of Lean.Parser.Tactic.Conv.reduce took 0.00316ms
interpretation of Lean.Parser.Tactic.Conv.congr took 0.00328ms
interpretation of Lean.Parser.Tactic.Conv.arg took 0.00331ms
interpretation of Lean.Parser.Tactic.Conv.ext took 0.00709ms
interpretation of Lean.Parser.Tactic.Conv.change took 0.004ms
interpretation of Lean.Parser.Tactic.Conv.delta took 0.00264ms
interpretation of Lean.Parser.Tactic.Conv.unfold took 0.00437ms
interpretation of Lean.Parser.Tactic.Conv.pattern took 0.00362ms
interpretation of Lean.Parser.Tactic.Conv.rewrite took 0.00309ms
interpretation of Lean.Parser.Tactic.Conv.simp took 0.00328ms
interpretation of Lean.Parser.Tactic.Conv.simpTrace took 0.00348ms
interpretation of Lean.Parser.Tactic.Conv.dsimp took 0.00411ms
interpretation of Lean.Parser.Tactic.Conv.dsimpTrace took 0.00391ms
interpretation of Lean.Parser.Tactic.Conv.simpMatch took 0.00345ms
interpretation of Lean.Parser.Tactic.Conv.clear took 0.00314ms
interpretation of Lean.Parser.Tactic.Conv.nestedTacticCore took 0.00412ms
interpretation of Lean.Parser.Tactic.Conv.nestedTactic took 0.00395ms
interpretation of Lean.Parser.Tactic.Conv.convTactic took 0.00306ms
interpretation of Lean.Parser.Tactic.Conv.nestedConv took 0.00382ms
interpretation of Lean.Parser.Tactic.Conv.paren took 0.00387ms
interpretation of Lean.Parser.Tactic.Conv.convRfl took 0.00315ms
interpretation of Lean.Parser.Tactic.Conv.convDone took 0.00319ms
interpretation of Lean.Parser.Tactic.Conv.convTrace_state took 0.00291ms
interpretation of Lean.Parser.Tactic.Conv.allGoals took 0.00308ms
interpretation of Lean.Parser.Tactic.Conv.anyGoals took 0.00359ms
interpretation of Lean.Parser.Tactic.Conv.case took 0.00296ms
interpretation of Lean.Parser.Tactic.Conv.case' took 0.00375ms
interpretation of Lean.Parser.Tactic.Conv.convNext__=>_ took 0.00479ms
interpretation of Lean.Parser.Tactic.Conv.focus took 0.0177ms
interpretation of Lean.Parser.Tactic.Conv.convConvSeq took 0.00633ms
interpretation of Lean.Parser.Tactic.Conv.conv·_ took 0.00587ms
interpretation of Lean.Parser.Tactic.Conv.failIfSuccess took 0.0149ms
interpretation of Lean.Parser.Tactic.Conv.convRw__ took 0.00489ms
interpretation of Lean.Parser.Tactic.Conv.convErw__ took 0.00532ms
interpretation of Lean.Parser.Tactic.Conv.convArgs took 0.00469ms
interpretation of Lean.Parser.Tactic.Conv.convLeft took 0.00384ms
interpretation of Lean.Parser.Tactic.Conv.convRight took 0.00468ms
interpretation of Lean.Parser.Tactic.Conv.convIntro___ took 0.00424ms
interpretation of Lean.Parser.Tactic.Conv.enter took 0.00442ms
interpretation of Lean.Parser.Tactic.Conv.convApply_ took 0.00361ms
interpretation of Lean.Parser.Tactic.Conv.first took 0.00316ms
interpretation of Lean.Parser.Tactic.Conv.convTry_ took 0.00341ms
interpretation of Lean.Parser.Tactic.Conv.conv_<;>_ took 0.00386ms
interpretation of Lean.Parser.Tactic.Conv.convRepeat_ took 0.0032ms
interpretation of Lean.Parser.Tactic.Conv.extractLets took 0.00364ms
interpretation of Lean.Parser.Tactic.Conv.liftLets took 0.00381ms
interpretation of Lean.Parser.Tactic.Conv.letToHave took 0.00373ms
interpretation of Lean.Parser.Tactic.Conv.conv took 0.0037ms
interpretation of Lean.Parser.Tactic.Conv.normCast took 0.0036ms
interpretation of Lean.command__Unif_hint____Where_|_-⊢__ took 0.00545ms
interpretation of term∃_,_ took 0.00377ms
interpretation of termExists_,_ took 0.00328ms
interpretation of termΣ_,_ took 0.003ms
interpretation of termΣ'_,_ took 0.00286ms
interpretation of term_×__1 took 0.00484ms
interpretation of term_×'__1 took 0.00358ms
interpretation of Lean.calc took 0.00468ms
interpretation of Lean.calcTactic took 0.00289ms
interpretation of Lean.convCalc_ took 0.00318ms
interpretation of tacticFunext___ took 0.00359ms
interpretation of Lean.Parser.Command.classAbbrev took 0.00411ms
interpretation of Lean.cdot took 0.0451ms
interpretation of Lean.solveTactic took 0.00507ms
interpretation of Lean.term_Matches_| took 0.00496ms
interpretation of term{_} took 0.00356ms
interpretation of Lean.Parser.Attr.ext took 0.00471ms
interpretation of Lean.Elab.Tactic.Ext.ext took 0.00462ms
interpretation of Lean.Elab.Tactic.Ext.applyExtTheorem took 0.00449ms
interpretation of Lean.Elab.Tactic.Ext.tacticExt1___ took 0.00439ms
interpretation of Bool.term_^^_ took 0.0049ms
interpretation of DerivingHelpers.tacticDeriving_ReflEq_tactic took 0.00382ms
interpretation of tacticDeriving_LawfulEq_tactic_step took 0.00342ms
interpretation of tacticDeriving_LawfulEq_tactic took 0.00371ms
interpretation of termS!_ took 0.00426ms
interpretation of Lean.binderPred.quot took 0.0037ms
interpretation of Lean.termSatisfies_binder_pred%__ took 0.00401ms
interpretation of Lean.term∃__,_ took 0.00355ms
interpretation of Lean.term∀__,_ took 0.0031ms
interpretation of Lean.binderPred>_ took 0.00337ms
interpretation of Lean.binderPred≥_ took 0.00312ms
interpretation of Lean.binderPred<_ took 0.00311ms
interpretation of Lean.binderPred≤_ took 0.00285ms
interpretation of Lean.binderPred≠_ took 0.00221ms
interpretation of Lean.binderPred∈_ took 0.00237ms
interpretation of Lean.binderPred∉_ took 0.0031ms
interpretation of Lean.binderPred⊆_ took 0.00288ms
interpretation of Lean.binderPred⊂_ took 0.00269ms
interpretation of Lean.binderPred⊇_ took 0.00283ms
interpretation of Lean.binderPred⊃_ took 0.00261ms
interpretation of List.tacticSizeOf_list_dec took 0.00407ms
interpretation of Lean.Parser.Command.grindAnnotated took 0.00413ms
interpretation of BitVec.term__#__ took 0.00439ms
interpretation of BitVec.term__#'__ took 0.00365ms
interpretation of Rat.term_/._ took 0.00479ms
interpretation of commandDeclare_uint_theorems__ took 0.00468ms
interpretation of commandDeclare_bitwise_uint_theorems__ took 0.00373ms
interpretation of Lean.Parser.command_Grind_propagator___(_):=_ took 0.00505ms
interpretation of Lean.Parser.command_Builtin_grind_propagator____:=_ took 0.00398ms
interpretation of Lean.Parser.grindPropagatorBuiltinAttr took 0.00533ms
interpretation of Lean.Grind.grindLintCheck took 0.0037ms
interpretation of Lean.Grind.grindLintInspect took 0.00562ms
interpretation of Lean.Grind.grindLintMute took 0.00372ms
interpretation of Lean.Grind.grindLintSkip took 0.0032ms
interpretation of commandDeclare_int_theorems__ took 0.00364ms
interpretation of commandDeclare_bitwise_int_theorems__ took 0.00378ms
interpretation of String.Internal.tacticOrder took 0.00457ms
interpretation of Std.term_...* took 0.00408ms
interpretation of Std.term*...* took 0.0031ms
interpretation of Std.term_<...* took 0.00314ms
interpretation of Std.term_...<_ took 0.00264ms
interpretation of Std.term_..._ took 0.00302ms
interpretation of Std.term*...<_ took 0.00285ms
interpretation of Std.term*..._ took 0.00365ms
interpretation of Std.term_<...<_ took 0.00456ms
interpretation of Std.term_<..._ took 0.00334ms
interpretation of Std.term_...=_ took 0.00288ms
interpretation of Std.term*...=_ took 0.00344ms
interpretation of Std.term_<...=_ took 0.00297ms
interpretation of Vector.term#v[_,] took 0.00475ms
interpretation of Std.Legacy.Range.term[:_] took 0.00473ms
interpretation of Std.Legacy.Range.term[_:_] took 0.0321ms
interpretation of Std.Legacy.Range.term[:_:_] took 0.0038ms
interpretation of Std.Legacy.Range.term[_:_:_] took 0.00304ms
interpretation of Array.term__[_:_] took 0.00417ms
interpretation of Array.term__[_:] took 0.00383ms
interpretation of Array.term__[:_] took 0.00247ms
interpretation of Array.tacticArray_get_dec took 0.00438ms
interpretation of Array.tacticArray_mem_dec took 0.00341ms
interpretation of Array.term_~_ took 0.00401ms
interpretation of termPrintln!__ took 0.00663ms
interpretation of Std.termF!_ took 0.00322ms
interpretation of Vector.term_~_ took 0.00409ms
interpretation of Lean.Parser.Tactic.guardExpr took 0.00416ms
interpretation of Lean.Parser.Tactic.guardExprConv took 0.00344ms
interpretation of Lean.Parser.Tactic.guardTarget took 0.00255ms
interpretation of Lean.Parser.Tactic.guardTargetConv took 0.00302ms
interpretation of Lean.Parser.Tactic.guardHyp took 0.004ms
interpretation of Lean.Parser.Tactic.guardHypConv took 0.00346ms
interpretation of Lean.Parser.Command.guardExprCmd took 0.00355ms
interpretation of Lean.Parser.Command.guardCmd took 0.00357ms
interpretation of Lean.Parser.command__Simproc__[_]_(_):=_ took 0.00435ms
interpretation of Lean.Parser.command__Dsimproc__[_]_(_):=_ took 0.00338ms
interpretation of Lean.Parser.command_Simproc_decl_(_):=_ took 0.00366ms
interpretation of Lean.Parser.command_Dsimproc_decl_(_):=_ took 0.00318ms
interpretation of Lean.Parser.command__Builtin_simproc__[_]_(_):=_ took 0.00435ms
interpretation of Lean.Parser.command__Builtin_dsimproc__[_]_(_):=_ took 0.00335ms
interpretation of Lean.Parser.command_Builtin_simproc_decl_(_):=_ took 0.00324ms
interpretation of Lean.Parser.command_Builtin_dsimproc_decl_(_):=_ took 0.00305ms
interpretation of Lean.Parser.simprocPattern took 0.0027ms
interpretation of Lean.Parser.simprocPatternBuiltin took 0.00348ms
interpretation of Lean.Parser.Attr.simprocAttr took 0.0026ms
interpretation of Lean.Parser.Attr.sevalprocAttr took 0.00363ms
interpretation of Lean.Parser.Attr.simprocBuiltinAttr took 0.00286ms
interpretation of Lean.Parser.Attr.sevalprocBuiltinAttr took 0.00412ms
interpretation of Lean.Parser.command__Cbv_simproc____(_):=_ took 0.00391ms
interpretation of Lean.Parser.command_Cbv_simproc_decl_(_):=_ took 0.00346ms
interpretation of Lean.Parser.command__Builtin_cbv_simproc____(_):=_ took 0.00457ms
interpretation of Lean.Parser.command_Builtin_cbv_simproc_decl_(_):=_ took 0.00432ms
interpretation of Lean.Parser.cbvSimprocPattern took 0.00379ms
interpretation of Lean.Parser.cbvSimprocPatternBuiltin took 0.00441ms
interpretation of Lean.Parser.Attr.cbvSimprocAttr took 0.00323ms
interpretation of Lean.Parser.Attr.cbvSimprocBuiltinAttr took 0.00356ms
interpretation of Lean.termMacro.trace[_]_ took 0.00359ms
interpretation of Lean.Parser.Sym.Simp.sym_simproc.quot took 0.00503ms
interpretation of Lean.Parser.Sym.Simp.sym_discharger.quot took 0.00869ms
interpretation of Lean.Parser.Sym.Simp.ground took 0.0032ms
interpretation of Lean.Parser.Sym.Simp.telescope took 0.00299ms
interpretation of Lean.Parser.Sym.Simp.control took 0.00311ms
interpretation of Lean.Parser.Sym.Simp.arrowTelescope took 0.00338ms
interpretation of Lean.Parser.Sym.Simp.rewriteSet took 0.00305ms
interpretation of Lean.Parser.Sym.Simp.rewriteInline took 0.00351ms
interpretation of Lean.Parser.Sym.Simp.self took 0.00346ms
interpretation of Lean.Parser.Sym.Simp.none took 0.00269ms
interpretation of Lean.Parser.Sym.Simp.andThen took 0.00315ms
interpretation of Lean.Parser.Sym.Simp.orElse took 0.00353ms
interpretation of Lean.Parser.Sym.Simp.simprocParen took 0.00302ms
interpretation of Lean.Parser.Sym.Simp.dischSelf took 0.00361ms
interpretation of Lean.Parser.Sym.Simp.dischNone took 0.00371ms
interpretation of Lean.Parser.Sym.Simp.dischParen took 0.00258ms
interpretation of Lean.Parser.Sym.Simp.dischGrind took 0.00336ms
interpretation of Lean.Parser.Command.sym_simp_field.quot took 0.00353ms
interpretation of Lean.Parser.Command.symSimpFieldPre took 0.00313ms
interpretation of Lean.Parser.Command.symSimpFieldPost took 0.00283ms
interpretation of Lean.Parser.Command.symSimpFieldMaxSteps took 0.00301ms
interpretation of Lean.Parser.Command.symSimpFieldMaxDischargeDepth took 0.00321ms
interpretation of Lean.Parser.Command.registerSymSimp took 0.00392ms
interpretation of Lean.Parser.Sym.DSimp.sym_dsimproc.quot took 0.00371ms
interpretation of Lean.Parser.Sym.DSimp.none took 0.00287ms
interpretation of Lean.Parser.Sym.DSimp.ground took 0.00324ms
interpretation of Lean.Parser.Sym.DSimp.beta took 0.0027ms
interpretation of Lean.Parser.Sym.DSimp.zeta took 0.00258ms
interpretation of Lean.Parser.Sym.DSimp.zetaDelta took 0.00274ms
interpretation of Lean.Parser.Sym.DSimp.proj took 0.00276ms
interpretation of Lean.Parser.Sym.DSimp.reduceMatch took 0.00367ms
interpretation of Lean.Parser.Sym.DSimp.andThen took 0.00311ms
interpretation of Lean.Parser.Sym.DSimp.orElse took 0.00318ms
interpretation of Lean.Parser.Sym.DSimp.dsimprocParen took 0.00339ms
interpretation of Lean.Parser.Command.sym_dsimp_field.quot took 0.00294ms
interpretation of Lean.Parser.Command.symDSimpFieldPre took 0.00282ms
interpretation of Lean.Parser.Command.symDSimpFieldPost took 0.004ms
interpretation of Lean.Parser.Command.symDSimpFieldMaxSteps took 0.00249ms
interpretation of Lean.Parser.Command.registerSymDSimp took 0.0029ms
interpretation of Lean.Order.term_⊑_ took 0.00362ms
interpretation of Lean.Order.term⊥ took 0.00313ms
interpretation of Lean.Order.monotonicity took 0.0036ms
interpretation of Lean.Parser.Tactic.tryTrace took 0.00407ms
interpretation of Lean.Parser.Tactic.tryTraceWith took 0.0038ms
interpretation of Lean.Parser.Tactic.attemptAll took 0.00299ms
interpretation of Lean.Parser.Tactic.attemptAllPar took 0.0028ms
interpretation of Lean.Parser.Tactic.firstPar took 0.00375ms
interpretation of Lean.Parser.Tactic.tryResult took 0.0029ms
interpretation of Lean.Parser.Command.registerTryTactic took 0.00296ms
interpretation of tactic∎ took 0.0034ms
interpretation of term∎ took 0.00294ms
interpretation of Std.DHashMap.Raw.term_~m_ took 0.00486ms
interpretation of Std.DHashMap.term_~m_ took 0.0176ms
interpretation of Std.HashMap.term_~m_ took 0.0066ms
interpretation of Std.HashSet.term_~m_ took 0.00516ms
interpretation of Std.DTreeMap.Internal.Impl.tacticTree_tac took 0.00719ms
interpretation of Std.DTreeMap.Internal.Impl.term✓ took 0.00474ms
interpretation of Std.DTreeMap.Internal.Impl.term_~m_ took 0.00629ms
interpretation of Std.DTreeMap.term_~m_ took 0.00992ms
interpretation of Std.TreeMap.term_~m_ took 0.00402ms
interpretation of Std.TreeSet.term_~m_ took 0.00396ms
interpretation of Std.HashMap.Raw.term_~m_ took 0.00573ms
interpretation of Lean.Option.registerBuiltinOption took 0.0074ms
interpretation of Lean.Option.registerOption took 0.00432ms
interpretation of Std.DTreeMap.Raw.term_~m_ took 0.00541ms
interpretation of Std.TreeMap.Raw.term_~m_ took 0.00401ms
interpretation of Lean.termM!_ took 0.00523ms
interpretation of Lean.termThrowError__ took 0.00452ms
interpretation of Lean.termThrowErrorAt____ took 0.00317ms
interpretation of Lean.doElemTrace[_]__ took 0.00508ms
interpretation of Lean.Compiler.term◾ took 0.00523ms
interpretation of Lean.Compiler.LCNF.tacticPurity_tac took 0.00425ms
interpretation of Lean.PrettyPrinter.Delaborator.attrApp_delab_ took 0.00542ms
interpretation of Lean.termRegister_parser_alias(Kind:=_)______ took 0.00504ms
interpretation of Lean.Doc.Syntax.arg_val.quot took 0.00565ms
interpretation of Lean.Doc.Syntax.arg_str took 0.15ms
interpretation of Lean.Doc.Syntax.arg_ident took 0.00459ms
interpretation of Lean.Doc.Syntax.arg_num took 0.00396ms
interpretation of Lean.Doc.Syntax.doc_arg.quot took 0.00417ms
interpretation of Lean.Doc.Syntax.anon took 0.00446ms
interpretation of Lean.Doc.Syntax.named took 0.00318ms
interpretation of Lean.Doc.Syntax.named_no_paren took 0.00353ms
interpretation of Lean.Doc.Syntax.flag_on took 0.00303ms
interpretation of Lean.Doc.Syntax.flag_off took 0.00331ms
interpretation of Lean.Doc.Syntax.link_target.quot took 0.00381ms
interpretation of Lean.Doc.Syntax.url took 0.00359ms
interpretation of Lean.Doc.Syntax.ref took 0.00261ms
interpretation of Lean.Doc.Syntax.inline.quot took 0.00366ms
interpretation of Lean.Doc.Syntax.text took 0.00328ms
interpretation of Lean.Doc.Syntax.emph took 0.00395ms
interpretation of Lean.Doc.Syntax.bold took 0.00325ms
interpretation of Lean.Doc.Syntax.link took 0.00315ms
interpretation of Lean.Doc.Syntax.image took 0.00306ms
interpretation of Lean.Doc.Syntax.footnote took 0.00422ms
interpretation of Lean.Doc.Syntax.linebreak took 0.00354ms
interpretation of Lean.Doc.Syntax.code took 0.0036ms
interpretation of Lean.Doc.Syntax.role took 0.00307ms
interpretation of Lean.Doc.Syntax.inline_math took 0.00334ms
interpretation of Lean.Doc.Syntax.display_math took 0.00284ms
interpretation of Lean.Doc.Syntax.block.quot took 0.00307ms
interpretation of Lean.Doc.Syntax.list_item.quot took 0.00415ms
interpretation of Lean.Doc.Syntax.li took 0.00328ms
interpretation of Lean.Doc.Syntax.desc_item.quot took 0.00394ms
interpretation of Lean.Doc.Syntax.desc took 0.00272ms
interpretation of Lean.Doc.Syntax.para took 0.00361ms
interpretation of Lean.Doc.Syntax.ul took 0.00313ms
interpretation of Lean.Doc.Syntax.dl took 0.00259ms
interpretation of Lean.Doc.Syntax.ol took 0.00307ms
interpretation of Lean.Doc.Syntax.codeblock took 0.0031ms
interpretation of Lean.Doc.Syntax.blockquote took 0.00336ms
interpretation of Lean.Doc.Syntax.link_ref took 0.00335ms
interpretation of Lean.Doc.Syntax.footnote_ref took 0.00357ms
interpretation of Lean.Doc.Syntax.directive took 0.00304ms
interpretation of Lean.Doc.Syntax.header took 0.00313ms
interpretation of Lean.Doc.Syntax.metadata_block took 0.00417ms
interpretation of Lean.Doc.Syntax.metadataContents took 0.00465ms
interpretation of Lean.Doc.Syntax.command took 0.00358ms
interpretation of Lean.Parser.Term.InternalSyntax.doSkip took 0.00538ms
interpretation of Lean.Parser.Command.InternalSyntax.end_local_scope took 0.00575ms
interpretation of Lean.Json.json.quot took 0.00455ms
interpretation of Lean.Json.jsonNull took 0.00286ms
interpretation of Lean.Json.jsonTrue took 0.00284ms
interpretation of Lean.Json.jsonFalse took 0.00292ms
interpretation of Lean.Json.json_ took 0.00389ms
interpretation of Lean.Json.json-_ took 0.00306ms
interpretation of Lean.Json.json-__1 took 0.00341ms
interpretation of Lean.Json.json[_] took 0.00379ms
interpretation of Lean.Json.json{_} took 0.00254ms
interpretation of Lean.Json.termJson%_ took 0.00295ms
interpretation of Batteries.Tactic.Alias.alias took 0.537ms
interpretation of Batteries.Tactic.Alias.aliasLR took 0.118ms
interpretation of Lean.Linter.command_Register_linter_set_:=_ took 0.0058ms
interpretation of Std.Time.termDatespec(_) took 0.0366ms
interpretation of Std.Time.termDatespec(_,_) took 0.00387ms
interpretation of adaptationNoteCmd took 0.0644ms
interpretation of tactic#adaptation_note_ took 0.0307ms
interpretation of adaptationNoteTermStx took 0.0384ms
interpretation of lemma took 0.0875ms
interpretation of Mathlib.Linter.HaveILetI.tacticHaveI__ took 0.0963ms
interpretation of Mathlib.Linter.HaveILetI.tacticLetI__ took 0.0425ms
interpretation of Lean.commandDeclare_uint_simprocs_ took 0.00589ms
interpretation of Lean.commandDeclare_sint_simprocs_ took 0.00375ms
interpretation of Lean.Parser.Command.registerSimpAttr took 0.00462ms
interpretation of Lean.Elab.ConfigEval.ensureEvalTermInstance took 0.00407ms
interpretation of Lean.Elab.ConfigEval.ensureEvalExprInstance took 0.00363ms
interpretation of Lean.Elab.ConfigEval.ensureEvalTermExprInstances took 0.0033ms
interpretation of Lean.Elab.ConfigEval.deriveEvalExprUsingMeta took 0.00319ms
interpretation of Lean.Elab.ConfigEval.defEvalConfigItemCmd took 0.00383ms
interpretation of Lean.Elab.ConfigEval.declareCoreConfigElab took 0.00366ms
interpretation of Lean.Elab.ConfigEval.declareTermConfigElab took 0.00323ms
interpretation of Lean.Elab.ConfigEval.declareTacticConfig took 0.00363ms
interpretation of Lean.Elab.ConfigEval.declareCommandConfig took 0.00428ms
interpretation of Batteries.Tactic.Lint.env_linter took 0.0652ms
interpretation of Batteries.Tactic.Lint.nolint took 0.0635ms
interpretation of Mathlib.Linter.UnusedTactic.command#allow_unused_tactic!___ took 0.137ms
interpretation of Mathlib.Linter.UnusedTactic.command#show_kind_ took 0.0417ms
interpretation of Batteries.Tactic.unreachable took 0.0336ms
interpretation of Batteries.Tactic.unreachableConv took 0.0178ms
interpretation of Mathlib.Linter.Style.show took 0.0918ms
interpretation of Mathlib.Command.MinImports.minImpsStx took 0.0856ms
interpretation of Mathlib.Command.MinImports.command#min_importsIn_ took 0.0395ms
interpretation of Mathlib.Tactic.ExtractGoal.extractGoal took 0.17ms
interpretation of Mathlib.GuardExceptions.parseCmd took 0.0746ms
interpretation of Lean.Elab.Term.termSort* took 0.0346ms
interpretation of Lean.Elab.Term.termType* took 0.0211ms
interpretation of Batteries.Util.LibraryNote.commandLibrary_note___ took 0.0934ms
interpretation of Batteries.Tactic.command#help_Option___ took 0.138ms
interpretation of Lean.Parser.rawIdent took 0.00683ms
interpretation of Batteries.Tactic.command#help_AttrAttribute___ took 0.0953ms
interpretation of Lean.Parser.rawIdent took 0.00128ms
interpretation of Batteries.Tactic.command#help_Cats___ took 0.0517ms
interpretation of Lean.Parser.rawIdent took 0.000973ms
interpretation of Batteries.Tactic.command#help_Cat+______ took 0.0992ms
interpretation of Lean.Parser.rawIdent took 0.000914ms
interpretation of Batteries.Tactic.command#help_Note___ took 0.0721ms
interpretation of Lean.Parser.strLit took 0.00395ms
interpretation of Batteries.Tactic.command#help_Term+____ took 0.0667ms
interpretation of Lean.Parser.rawIdent took 0.000761ms
interpretation of Batteries.Tactic.command#help_Tactic+____ took 0.0667ms
interpretation of Lean.Parser.rawIdent took 0.000658ms
interpretation of Batteries.Tactic.command#help_Conv+____ took 0.0613ms
interpretation of Lean.Parser.rawIdent took 0.0012ms
interpretation of Batteries.Tactic.command#help_Command+____ took 0.385ms
interpretation of Lean.Parser.rawIdent took 0.00126ms
interpretation of wantedRef took 0.0807ms
interpretation of theorem_wanted took 0.212ms
interpretation of proof_wanted took 0.0602ms
interpretation of def_wanted took 0.0584ms
interpretation of instance_wanted took 0.0688ms
interpretation of command#find_home!_ took 0.0655ms
interpretation of command#import_diff_ took 0.0536ms
interpretation of command#min_imports took 0.0237ms
interpretation of command#minimize_imports took 0.0214ms
interpretation of command#redundant_imports took 0.0222ms
interpretation of Lean.Elab.Command.openPrivate took 0.136ms
interpretation of Lean.Elab.Command.exportPrivate took 0.0586ms
interpretation of Batteries.Tactic.Lint.command#lint+-*Only___ took 0.223ms
interpretation of Batteries.Tactic.Lint.command#list_linters took 0.0259ms
interpretation of Batteries.Tactic.tacticTrans___ took 1.59ms
interpretation of Batteries.Tactic.tacticTransitivity___ took 0.0964ms
interpretation of eqns took 0.154ms
interpretation of Mathlib.Tactic.Translate.translateReorder.quot took 0.127ms
interpretation of Mathlib.Tactic.Translate.reorder took 0.138ms
interpretation of Mathlib.Tactic.ToAdditive.to_additive_ignore_args took 0.0959ms
interpretation of Mathlib.Tactic.ToAdditive.to_additive_do_translate took 0.0274ms
interpretation of Mathlib.Tactic.ToAdditive.to_additive_dont_translate took 0.0257ms
interpretation of Mathlib.Tactic.ToAdditive.to_additive took 1.2ms
interpretation of Lean.Parser.Term.attrInstance took 0.00725ms
interpretation of Mathlib.Tactic.ToAdditive.attrTo_additive?_ took 0.334ms
interpretation of Lean.Parser.Term.attrInstance took 0.00158ms
interpretation of Mathlib.Tactic.ToAdditive.commandInsert_to_additive_translation__ took 0.0677ms
interpretation of Mathlib.Tactic.ToAdditive.commandTo_additive_name_hint__ took 0.045ms
interpretation of Mathlib.Tactic.MkIff.mkIff took 0.087ms
interpretation of Mathlib.Tactic.MkIff.mkIffOfInductiveProp took 0.0425ms
interpretation of notation_class took 0.0746ms
interpretation of Lean.Parser.Attr.simps took 1.03ms
interpretation of Lean.Parser.Term.attrInstance took 0.00459ms
interpretation of Lean.Parser.Term.configItem took 0.00967ms
interpretation of Lean.Parser.Attr.attrSimps?_ took 0.173ms
interpretation of Lean.Parser.Term.attrInstance took 0.00136ms
interpretation of Lean.Parser.Term.configItem took 0.000797ms
interpretation of Lean.Parser.Attr.attrSimps!_ took 0.115ms
interpretation of Lean.Parser.Term.attrInstance took 0.000793ms
interpretation of Lean.Parser.Term.configItem took 0.000684ms
interpretation of Lean.Parser.Attr.attrSimps!?_ took 0.133ms
interpretation of Lean.Parser.Term.attrInstance took 0.00108ms
interpretation of Lean.Parser.Term.configItem took 0.000804ms
interpretation of Lean.Parser.Attr.attrSimps?!_ took 0.193ms
interpretation of Lean.Parser.Term.attrInstance took 0.00098ms
interpretation of Lean.Parser.Term.configItem took 0.000774ms
interpretation of Lean.Parser.Command.initialize_simps_projections took 0.289ms
interpretation of Lean.Parser.Command.commandInitialize_simps_projections?_ took 0.168ms
interpretation of termℕ took 0.0217ms
interpretation of Mathlib.Tactic.Push.pushAttr took 0.149ms
interpretation of termℤ took 0.0206ms
interpretation of Mathlib.CrossRef.stacksTagDB.quot took 0.0946ms
interpretation of Mathlib.CrossRef.stacksTagDBKerodon took 0.0322ms
interpretation of Mathlib.CrossRef.stacksTagDBStacks took 0.0703ms
interpretation of Mathlib.CrossRef.stacksTag took 0.113ms
interpretation of Mathlib.CrossRef.stacksTagParser took 0.062ms
interpretation of Mathlib.CrossRef.wikidataTag took 0.0629ms
interpretation of Mathlib.CrossRef.wikidataIdParser took 0.0386ms
interpretation of Mathlib.CrossRef.lmfdbTag took 0.0581ms
interpretation of Mathlib.CrossRef.lmfdbIdParser took 0.0375ms
interpretation of Mathlib.CrossRef.pibaseTag took 0.0828ms
interpretation of Mathlib.CrossRef.pibaseIdParser took 0.0361ms
interpretation of Mathlib.CrossRef.dlmfTag took 0.0575ms
interpretation of Mathlib.CrossRef.dlmfIdParser took 0.0384ms
interpretation of Mathlib.CrossRef.stacksTags took 0.0438ms
interpretation of Mathlib.CrossRef.kerodonTags took 0.0368ms
interpretation of Mathlib.CrossRef.wikidataTags took 0.0402ms
interpretation of Mathlib.CrossRef.lmfdbTags took 0.0395ms
interpretation of Mathlib.CrossRef.pibaseTags took 0.0921ms
interpretation of Mathlib.CrossRef.dlmfTags took 0.0406ms
interpretation of termOfNat(_) took 0.0549ms
interpretation of term_+ᵥ_ took 0.0441ms
interpretation of term_-ᵥ_ took 0.0261ms
interpretation of term_/ₛ_ took 0.024ms
interpretation of Lean.Parser.Command.registerLabelAttr took 0.0049ms
interpretation of Parser.Attr.functor_norm took 0.214ms
interpretation of Parser.Attr.functor_norm_proc took 0.0745ms
interpretation of Parser.Attr.monad_norm took 0.139ms
interpretation of Parser.Attr.monad_norm_proc took 0.0796ms
interpretation of Parser.Attr.parity_simps took 0.146ms
interpretation of Parser.Attr.parity_simps_proc took 0.0735ms
interpretation of Parser.Attr.rclike_simps took 0.11ms
interpretation of Parser.Attr.rclike_simps_proc took 0.0721ms
interpretation of Parser.Attr.rify_simps took 0.111ms
interpretation of Parser.Attr.rify_simps_proc took 0.0725ms
interpretation of Parser.Attr.qify_simps took 0.109ms
interpretation of Parser.Attr.qify_simps_proc took 0.0688ms
interpretation of Parser.Attr.zify_simps took 0.157ms
interpretation of Parser.Attr.zify_simps_proc took 0.0758ms
interpretation of Parser.Attr.pull_end took 0.135ms
interpretation of Parser.Attr.pull_end_proc took 0.0737ms
interpretation of Parser.Attr.push_end took 0.114ms
interpretation of Parser.Attr.push_end_proc took 0.0722ms
interpretation of Parser.Attr.mfld_simps took 0.136ms
interpretation of Parser.Attr.mfld_simps_proc took 0.101ms
interpretation of Parser.Attr.integral_simps took 0.157ms
interpretation of Parser.Attr.integral_simps_proc took 0.073ms
interpretation of Parser.Attr.typevec took 0.113ms
interpretation of Parser.Attr.typevec_proc took 0.0737ms
interpretation of Parser.Attr.ghost_simps took 0.115ms
interpretation of Parser.Attr.ghost_simps_proc took 0.0719ms
interpretation of Parser.Attr.nontriviality took 0.212ms
interpretation of Parser.Attr.nontriviality_proc took 0.0735ms
interpretation of Parser.Attr.is_poly took 0.0734ms
interpretation of Parser.Attr.fin_omega took 0.114ms
interpretation of Parser.Attr.fin_omega_proc took 0.0792ms
interpretation of Parser.Attr.enat_to_nat_top took 0.119ms
interpretation of Parser.Attr.enat_to_nat_top_proc took 0.0729ms
interpretation of Parser.Attr.enat_to_nat_coe took 0.111ms
interpretation of Parser.Attr.enat_to_nat_coe_proc took 0.073ms
interpretation of Parser.Attr.pnat_to_nat_coe took 0.137ms
interpretation of Parser.Attr.pnat_to_nat_coe_proc took 0.0736ms
interpretation of Parser.Attr.mon_tauto took 0.452ms
interpretation of Parser.Attr.mon_tauto_proc took 0.0775ms
interpretation of Parser.Attr.coassoc_simps took 0.175ms
interpretation of Parser.Attr.coassoc_simps_proc took 0.138ms
interpretation of Function.term_∘'_ took 0.0495ms
interpretation of Function.term_On_ took 0.0321ms
interpretation of Mathlib.Notation.term∃!_,_ took 0.0816ms
interpretation of Mathlib.Notation.term∃!__,_ took 0.055ms
interpretation of Batteries.ExtendedBinder.term∃ᵉ_,_ took 0.21ms
interpretation of Batteries.ExtendedBinder.term∀ᵉ_,_ took 0.0694ms
interpretation of Mathlib.Meta.SetNotationForOrder.subsetStx' took 0.0672ms
interpretation of Mathlib.Meta.SetNotationForOrder.ssubsetStx' took 0.0368ms
interpretation of Mathlib.Meta.SetNotationForOrder.supsetStx' took 0.0339ms
interpretation of Mathlib.Meta.SetNotationForOrder.ssupsetStx' took 0.058ms
interpretation of Mathlib.Meta.SetNotationForOrder.binderPred⊆_ took 0.0329ms
interpretation of Mathlib.Meta.SetNotationForOrder.binderPred⊂_ took 0.0285ms
interpretation of Mathlib.Meta.SetNotationForOrder.binderPred⊇_ took 0.0293ms
interpretation of Mathlib.Meta.SetNotationForOrder.binderPred⊃_ took 0.0284ms
interpretation of Mathlib.Tactic.ToDual.to_dual_ignore_args took 0.0957ms
interpretation of Mathlib.Tactic.ToDual.to_dual_do_translate took 0.0239ms
interpretation of Mathlib.Tactic.ToDual.to_dual_dont_translate took 0.0243ms
interpretation of Mathlib.Tactic.ToDual.to_dual took 0.406ms
interpretation of Lean.Parser.Term.attrInstance took 0.00194ms
interpretation of Mathlib.Tactic.ToDual.attrTo_dual?_ took 0.281ms
interpretation of Lean.Parser.Term.attrInstance took 0.00126ms
interpretation of Mathlib.Tactic.ToDual.commandTo_dual_insert_cast_:=_ took 0.0899ms
interpretation of Mathlib.Tactic.ToDual.commandTo_dual_insert_cast_fun_:=_,_ took 0.0735ms
interpretation of Mathlib.Tactic.ToDual.commandInsert_to_dual_translation__ took 0.0466ms
interpretation of Mathlib.Tactic.ToDual.commandTo_dual_name_hint__,, took 0.0702ms
interpretation of Mathlib.Meta.setBuilder took 0.0974ms
interpretation of Mathlib.Meta.term{_|_} took 0.0738ms
interpretation of Mathlib.Meta.macroPattSetBuilder took 0.097ms
interpretation of Mathlib.Meta.term{_|_}_1 took 0.0292ms
interpretation of Set.term𝒫_ took 0.0604ms
interpretation of Batteries.Tactic.tactic_ took 0.0341ms
interpretation of Batteries.Tactic.exacts took 0.0824ms
interpretation of Batteries.Tactic.tacticBy_contra_core took 0.0213ms
interpretation of Batteries.Tactic.byContra took 0.0848ms
interpretation of Batteries.Tactic.tacticAbsurd_ took 0.0294ms
interpretation of Batteries.Tactic.tacticSplit_ands took 0.0215ms
interpretation of Batteries.Tactic.tacticFapply_ took 0.0268ms
interpretation of Batteries.Tactic.tacticEapply_ took 0.0301ms
interpretation of Batteries.Tactic.triv took 0.0173ms
interpretation of Batteries.Tactic.Conv.exact took 0.0357ms
interpretation of Batteries.Tactic.Conv.equals took 0.0507ms
interpretation of Mathlib.Tactic.ExtendDocs.commandExtend_docs__Before__After_ took 0.132ms
interpretation of Function.term↿_ took 0.0425ms
interpretation of Lean.Elab.Tactic.inhabit took 0.088ms
interpretation of letImplDetailStx took 0.105ms
interpretation of Lean.Parser.Term.ident took 0.00565ms
interpretation of Relator.term_⇒_ took 0.0404ms
interpretation of Mathlib.Tactic.tacticUse_discharger took 0.0655ms
interpretation of Mathlib.Tactic.useSyntax took 0.21ms
interpretation of Mathlib.Tactic.tacticUse!___,, took 0.184ms
interpretation of Mathlib.Tactic.tacticSimp_rw___ took 0.0751ms
interpretation of Aesop.doElemAesop_trace![_]__ took 0.115ms
interpretation of Aesop.doElemAesop_trace[_]__ took 0.105ms
interpretation of Batteries.Tactic.tacticPick_goal-_ took 0.0668ms
interpretation of Batteries.Tactic.tacticSwap took 0.0198ms
interpretation of Batteries.Tactic.tacticOn_goal-_=>_ took 0.0605ms
interpretation of Batteries.Tactic.tacticMap_tacs[_;] took 0.0828ms
interpretation of Batteries.Tactic.seq_focus took 0.0478ms
interpretation of Std.Do.termSpred(_) took 0.00592ms
interpretation of Std.Do.termTerm(_) took 0.00335ms
interpretation of Std.Do.term⌜_⌝ took 0.00417ms
interpretation of Std.Do.term_⊢ₛ_ took 0.00343ms
interpretation of Std.Do.term⊢ₛ_ took 0.00266ms
interpretation of Std.Do.term_⊣⊢ₛ_ took 0.0034ms
interpretation of Std.Do.term_⊢ₑ_ took 0.00407ms
interpretation of Std.Do.term_∧ₑ_ took 0.00279ms
interpretation of Std.Do.term_→ₑ_ took 0.00294ms
interpretation of Std.Do.termPost⟨_,,⟩ took 0.00334ms
interpretation of Std.Do.term_⇓_=>_ took 0.00307ms
interpretation of Std.Do.term_⇓?_=>_ took 0.00348ms
interpretation of Std.Do.term_⊢ₚ_ took 0.00287ms
interpretation of Std.Do.term_∧ₚ_ took 0.00258ms
interpretation of Std.Do.term_→ₚ_ took 0.0607ms
interpretation of Std.Do.termWp⟦_:_⟧ took 0.00471ms
interpretation of Std.Do.triple took 0.00398ms
interpretation of Lean.Parser.Attr.spec took 0.00497ms
interpretation of Lean.Parser.Tactic.massumption took 0.00346ms
interpretation of Lean.Parser.Tactic.mclear took 0.00346ms
interpretation of Lean.Parser.Tactic.mclearError took 0.00307ms
interpretation of Lean.Parser.Tactic.mconstructor took 0.00272ms
interpretation of Lean.Parser.Tactic.mexact took 0.00264ms
interpretation of Lean.Parser.Tactic.mexactError took 0.00361ms
interpretation of Lean.Parser.Tactic.mexfalso took 0.0031ms
interpretation of Lean.Parser.Tactic.mexists took 0.00285ms
interpretation of Lean.Parser.Tactic.mexistsError took 0.00328ms
interpretation of Lean.Parser.Tactic.mframe took 0.00319ms
interpretation of Lean.Parser.Tactic.mdup took 0.00332ms
interpretation of Lean.Parser.Tactic.mhave took 0.00275ms
interpretation of Lean.Parser.Tactic.mhaveError took 0.00338ms
interpretation of Lean.Parser.Tactic.mreplace took 0.00264ms
interpretation of Lean.Parser.Tactic.mreplaceError took 0.00365ms
interpretation of Lean.Parser.Tactic.mright took 0.00259ms
interpretation of Lean.Parser.Tactic.mleft took 0.00276ms
interpretation of Lean.Parser.Tactic.mpure took 0.00265ms
interpretation of Lean.Parser.Tactic.mpureError took 0.00356ms
interpretation of Lean.Parser.Tactic.mpureIntro took 0.00357ms
interpretation of Lean.Parser.Tactic.mrenameI took 0.00375ms
interpretation of Lean.Parser.Tactic.mrenameIError took 0.00354ms
interpretation of Lean.Parser.Tactic.mspecialize took 0.00392ms
interpretation of Lean.Parser.Tactic.mspecializeError took 0.00354ms
interpretation of Lean.Parser.Tactic.mspecializePure took 0.0033ms
interpretation of Lean.Parser.Tactic.mspecializePureError took 0.00321ms
interpretation of Lean.Parser.Tactic.mstart took 0.00265ms
interpretation of Lean.Parser.Tactic.mstop took 0.0033ms
interpretation of Lean.Parser.Tactic.mleave took 0.00334ms
interpretation of Lean.Parser.Tactic.mcasesPat.quot took 0.00329ms
interpretation of Lean.Parser.Tactic.mcasesPat_ took 0.0036ms
interpretation of Lean.Parser.Tactic.mcasesPat- took 0.00387ms
interpretation of Lean.Parser.Tactic.mcasesPat⟨_⟩ took 0.00291ms
interpretation of Lean.Parser.Tactic.mcasesPat(_) took 0.00313ms
interpretation of Lean.Parser.Tactic.mcasesPat⌜_⌝ took 0.00345ms
interpretation of Lean.Parser.Tactic.mcasesPat□_ took 0.00308ms
interpretation of Lean.Parser.Tactic.mcasesPat%_ took 0.00283ms
interpretation of Lean.Parser.Tactic.mcasesPat#_ took 0.00315ms
interpretation of Lean.Parser.Tactic.mcases took 0.00302ms
interpretation of Lean.Parser.Tactic.mcasesError took 0.00302ms
interpretation of Lean.Parser.Tactic.mrefinePat.quot took 0.00298ms
interpretation of Lean.Parser.Tactic.mrefinePat_ took 0.00305ms
interpretation of Lean.Parser.Tactic.mrefinePat⟨_⟩ took 0.00355ms
interpretation of Lean.Parser.Tactic.mrefinePat(_) took 0.00296ms
interpretation of Lean.Parser.Tactic.mrefinePat⌜_⌝ took 0.00279ms
interpretation of Lean.Parser.Tactic.mrefinePat□_ took 0.00331ms
interpretation of Lean.Parser.Tactic.mrefinePat?_ took 0.00332ms
interpretation of Lean.Parser.Tactic.mrefinePat%_ took 0.00276ms
interpretation of Lean.Parser.Tactic.mrefinePat#_ took 0.00235ms
interpretation of Lean.Parser.Tactic.mrefine took 0.00327ms
interpretation of Lean.Parser.Tactic.mrefineError took 0.00256ms
interpretation of Lean.Parser.Tactic.mintroPat.quot took 0.00286ms
interpretation of Lean.Parser.Tactic.mintroPat_ took 0.00312ms
interpretation of Lean.Parser.Tactic.mintroPat∀_ took 0.00383ms
interpretation of Lean.Parser.Tactic.mintro took 0.0036ms
interpretation of Lean.Parser.Tactic.mintroError took 0.00277ms
interpretation of Lean.Parser.Tactic.mrevertPat.quot took 0.0036ms
interpretation of Lean.Parser.Tactic.mrevertPat_ took 0.00336ms
interpretation of Lean.Parser.Tactic.mrevertPat∀_ took 0.00328ms
interpretation of Lean.Parser.Tactic.mrevert took 0.00262ms
interpretation of Lean.Parser.Tactic.mrevertError took 0.00253ms
interpretation of Lean.Parser.Tactic.mspecNoBind took 0.0037ms
interpretation of Lean.Parser.Tactic.mspecNoSimp took 0.00332ms
interpretation of Lean.Parser.Tactic.mspec took 0.00315ms
interpretation of Lean.Parser.Tactic.tacticMvcgen_trivial_extensible took 0.0037ms
interpretation of Lean.Parser.Tactic.tacticMvcgen_trivial took 0.00288ms
interpretation of Lean.Parser.Tactic.mvcgen took 0.00445ms
interpretation of Lean.Parser.Tactic.mvcgenHint took 0.0039ms
interpretation of Lean.Parser.Tactic.vcgenDischarge.quot took 0.00786ms
interpretation of Lean.Parser.Tactic.vcgenDischargeGrind took 0.00365ms
interpretation of Lean.Parser.Tactic.vcgenDischargeTactic took 0.0039ms
interpretation of Lean.Parser.Tactic.vcgen took 0.0038ms
interpretation of Lean.Parser.Tactic.Grind.vcgen took 0.00308ms
interpretation of Aesop.tacticAesop_unfold_ took 0.0705ms
interpretation of Aesop.tacticAesop_unfold_At_ took 0.0398ms
interpretation of Aesop.commandDeclare_aesop_exception___ took 0.0603ms
interpretation of Aesop.Frontend.Parser.Aesop.priority.quot took 0.259ms
interpretation of Aesop.Frontend.Parser.priority_% took 0.0468ms
interpretation of Aesop.Frontend.Parser.priority-_ took 0.0414ms
interpretation of Aesop.Frontend.Parser.Aesop.phase.quot took 0.0508ms
interpretation of Aesop.Frontend.Parser.phaseSafe took 0.0242ms
interpretation of Aesop.Frontend.Parser.phaseNorm took 0.0239ms
interpretation of Aesop.Frontend.Parser.phaseUnsafe took 0.0223ms
interpretation of Aesop.Frontend.Parser.Aesop.builder_name.quot took 0.0567ms
interpretation of Aesop.Frontend.Parser.builder_nameApply took 0.0253ms
interpretation of Aesop.Frontend.Parser.builder_nameSimp took 0.0211ms
interpretation of Aesop.Frontend.Parser.builder_nameUnfold took 0.0223ms
interpretation of Aesop.Frontend.Parser.builder_nameTactic took 0.0205ms
interpretation of Aesop.Frontend.Parser.builder_nameConstructors took 0.0227ms
interpretation of Aesop.Frontend.Parser.builder_nameForward took 0.0211ms
interpretation of Aesop.Frontend.Parser.builder_nameDestruct took 0.0218ms
interpretation of Aesop.Frontend.Parser.builder_nameCases took 0.0536ms
interpretation of Aesop.Frontend.Parser.builder_nameDefault took 0.0234ms
interpretation of Aesop.Frontend.Parser.Aesop.indexing_mode.quot took 0.0532ms
interpretation of Aesop.Frontend.Parser.indexing_modeTarget_ took 0.0382ms
interpretation of Aesop.Frontend.Parser.indexing_modeHyp_ took 0.116ms
interpretation of Aesop.Frontend.Parser.indexing_modeUnindexed took 0.0246ms
interpretation of Aesop.Frontend.Parser.Aesop.builder_option.quot took 0.0486ms
interpretation of Aesop.Frontend.Parser.builder_option(Immediate:=[_]) took 0.104ms
interpretation of Aesop.Frontend.Parser.builder_option(Index:=[_]) took 0.156ms
interpretation of Aesop.Frontend.Parser.builder_option(Pattern:=_) took 0.123ms
interpretation of Aesop.Frontend.Parser.builder_option(Cases_patterns:=[_]) took 0.0649ms
interpretation of Aesop.Frontend.Parser.builder_option(Transparency:=_) took 0.175ms
interpretation of Aesop.Frontend.Parser.builder_option(Transparency!:=_) took 0.0719ms
interpretation of Aesop.Frontend.Parser.Aesop.feature.quot took 0.0491ms
interpretation of Aesop.Frontend.Parser.feature_ took 0.0222ms
interpretation of Aesop.Frontend.Parser.feature__1 took 0.0232ms
interpretation of Aesop.Frontend.Parser.feature__2 took 0.0202ms
interpretation of Aesop.Frontend.Parser.feature__3 took 0.0186ms
interpretation of Aesop.Frontend.Parser.feature__4 took 0.0793ms
interpretation of Aesop.Frontend.Parser.featIdent took 0.0196ms
interpretation of Aesop.Frontend.Parser.feature(_) took 0.067ms
interpretation of Aesop.Frontend.Parser.Aesop.rule_expr.quot took 0.0526ms
interpretation of Aesop.Frontend.Parser.rule_expr_ took 0.0578ms
interpretation of Aesop.Frontend.Parser.rule_expr___ took 0.0386ms
interpretation of Aesop.Frontend.Parser.rule_expr_[_] took 0.0454ms
interpretation of Aesop.Frontend.Parser.Aesop.tactic_clause.quot took 0.092ms
interpretation of Aesop.Frontend.Parser.tactic_clause(Add_) took 0.0744ms
interpretation of Aesop.Frontend.Parser.tactic_clause(Erase_) took 0.0472ms
interpretation of Aesop.Frontend.Parser.tactic_clause(Rule_sets:=[_]) took 0.122ms
interpretation of Aesop.Frontend.Parser.tactic_clause(Config:=_) took 0.0549ms
interpretation of Aesop.Frontend.Parser.tactic_clause(Simp_config:=_) took 0.0469ms
interpretation of Aesop.Frontend.Parser.aesopTactic took 0.0649ms
interpretation of Aesop.Frontend.Parser.aesopTactic? took 0.0387ms
interpretation of Aesop.Frontend.Parser.Aesop.attr_rules.quot took 0.0851ms
interpretation of Aesop.Frontend.Parser.attr_rules_ took 0.0286ms
interpretation of Aesop.Frontend.Parser.attr_rules[_] took 0.0583ms
interpretation of Aesop.Frontend.Parser.aesop took 0.358ms
interpretation of Aesop.Frontend.Parser.Aesop.bool_lit.quot took 0.078ms
interpretation of Aesop.Frontend.Parser.bool_litTrue took 0.0235ms
interpretation of Aesop.Frontend.Parser.bool_litFalse took 0.0222ms
interpretation of Aesop.Frontend.Parser.declareRuleSets took 0.285ms
interpretation of Aesop.Frontend.Parser.addRules took 0.0523ms
interpretation of Aesop.Frontend.Parser.eraseRules took 0.0498ms
interpretation of Aesop.Frontend.Parser.showRules took 0.257ms
interpretation of Aesop.Frontend.Parser.showStats took 0.0583ms
interpretation of Aesop.Frontend.saturate took 0.242ms
interpretation of Aesop.Frontend.saturate? took 0.0784ms
interpretation of Aesop.Frontend.tacticForward____ took 0.0738ms
interpretation of Aesop.Frontend.tacticForward?____ took 0.0671ms
interpretation of Mathlib.Tactic.tacticRepeat1_ took 0.0619ms
interpretation of Mathlib.Tactic.splitIfs took 0.12ms
interpretation of Lean.Elab.Command.aux_def took 0.00598ms
interpretation of Lean.Parser.Term.attributes took 0.00611ms
interpretation of Lean.Parser.Term.ident took 0.00206ms
interpretation of Lean.Elab.Command.commandWith_weak_namespace__ took 0.0695ms
interpretation of Mathlib.Tactic.scopedNS took 0.219ms
interpretation of Lean.Parser.Term.attributes took 0.00173ms
interpretation of Mathlib.Notation3.termExpand_binders%(_=>_)_,_ took 0.245ms
interpretation of Mathlib.Notation3.expandFoldl took 0.142ms
interpretation of Mathlib.Notation3.expandFoldr took 0.0918ms
interpretation of Mathlib.Notation3.notation3 took 0.636ms
interpretation of Lean.Parser.Term.attributes took 0.00165ms
interpretation of Lean.Parser.Term.attrKind took 0.00563ms
interpretation of Lean.Parser.precedence took 0.00518ms
interpretation of Lean.Parser.Command.namedName took 0.00331ms
interpretation of Lean.Parser.Command.namedPrio took 0.00449ms
interpretation of Lean.Parser.strLit took 0.00186ms
interpretation of Lean.Parser.precedence took 0.000762ms
interpretation of Lean.Parser.strLit took 0.000722ms
interpretation of Lean.Parser.precedence took 0.00064ms
interpretation of Quotient.term⟦_⟧ took 0.0665ms
interpretation of term_≃_ took 0.0458ms
interpretation of Mathlib.PPWithUniv.ppWithUnivAttr took 0.0306ms
interpretation of term_ᵒᵖ took 0.0203ms
interpretation of term_⟶_ took 0.0386ms
interpretation of Qq.termQl(_) took 0.0822ms
interpretation of Qq.term_=QL_ took 0.0456ms
interpretation of Qq.termQ(__) took 0.0667ms
interpretation of Lean.Parser.Term.optType took 0.00612ms
interpretation of Qq.termQ(__)_1 took 0.0395ms
interpretation of Lean.Parser.Term.optType took 0.00103ms
interpretation of Qq.term_=Q_ took 0.926ms
interpretation of Qq.Impl.term_qq_match_←_|_In_ took 0.15ms
interpretation of Qq.Impl.term_qq_match_:=_|_ took 0.071ms
interpretation of Lean.Parser.Term.doSeqIndent took 0.0069ms
interpretation of Qq.Impl.term_comefrom_Do_In_ took 0.0762ms
interpretation of Lean.Parser.Term.ident took 0.0019ms
interpretation of Qq.Impl.term_comefrom_Do_ took 0.0287ms
interpretation of Lean.Parser.Term.ident took 0.000809ms
interpretation of Qq.Impl.doElemComefrom_Do_ took 0.0434ms
interpretation of Lean.Parser.Term.ident took 0.000678ms
interpretation of Qq.matcher took 0.0367ms
interpretation of Qq.termAssumeInstancesCommute'_ took 0.0481ms
interpretation of Qq.Impl.termAssertInstancesCommuteImpl_ took 0.0326ms
interpretation of Qq.Impl.termAssertInstancesCommuteDummy took 0.026ms
interpretation of Qq.Impl.termAssumeInstancesCommuteDummy took 0.0224ms
interpretation of Qq.doElemAssertInstancesCommute took 0.0191ms
interpretation of Qq.doElemAssumeInstancesCommute took 0.0193ms
interpretation of Qq.termBy_elabq_ took 0.048ms
interpretation of Qq.tacticRun_tacq_=>_ took 1.54ms
interpretation of Plausible.command#sample_ took 0.0559ms
interpretation of Lean.Elab.Tactic.configElab took 0.00669ms
interpretation of Lean.Elab.Tactic.commandConfigElab took 0.0038ms
interpretation of Plausible.Decorations.tacticMk_decorations took 0.0521ms
interpretation of Plausible.command#test_ took 0.0429ms
interpretation of plausibleSyntax took 0.0449ms
interpretation of Lean.Elab.Term.Quotation.commandElab_stx_quot_ took 0.00583ms
interpretation of Lean.Parser.Term.ident took 0.00156ms
interpretation of Batteries.Tactic.casePatt took 0.284ms
interpretation of Batteries.Tactic.casePatt' took 0.0611ms
interpretation of Batteries.Tactic.generalizeProofsElab took 0.12ms
interpretation of Batteries.CodeAction.tactic_code_action took 0.203ms
interpretation of List.term_<+~_ took 0.0597ms
interpretation of LeanSearchClient.leansearch_search_cmd took 0.0842ms
interpretation of Lean.Parser.Term.str took 0.00543ms
interpretation of LeanSearchClient.search_cmd took 0.061ms
interpretation of Lean.Parser.Term.str took 0.00128ms
interpretation of LeanSearchClient.leansearch_search_term took 0.0299ms
interpretation of Lean.Parser.Term.str took 0.000853ms
interpretation of LeanSearchClient.search_term took 0.0392ms
interpretation of Lean.Parser.Term.str took 0.000977ms
interpretation of LeanSearchClient.leansearch_search_tactic took 0.0617ms
interpretation of Lean.Parser.Term.str took 0.000869ms
interpretation of LeanSearchClient.statesearch_search_tactic took 0.089ms
interpretation of LeanSearchClient.search_tactic took 0.0344ms
interpretation of Lean.Parser.Term.str took 0.000766ms
interpretation of LeanSearchClient.loogle_cmd took 0.424ms
interpretation of LeanSearchClient.unicode_turnstile took 0.0273ms
interpretation of LeanSearchClient.ascii_turnstile took 0.0131ms
interpretation of LeanSearchClient.just_loogle_cmd took 0.0631ms
interpretation of LeanSearchClient.unicode_turnstile took 0.00425ms
interpretation of LeanSearchClient.ascii_turnstile took 0.00363ms
interpretation of LeanSearchClient.loogle_term took 0.0509ms
interpretation of LeanSearchClient.unicode_turnstile took 0.00357ms
interpretation of LeanSearchClient.ascii_turnstile took 0.00366ms
interpretation of LeanSearchClient.loogle_tactic took 0.175ms
interpretation of LeanSearchClient.unicode_turnstile took 0.00419ms
interpretation of LeanSearchClient.ascii_turnstile took 0.00339ms
interpretation of LeanSearchClient.just_loogle_tactic took 0.0199ms
interpretation of Lean.Parser.Tactic.applyCongr took 0.0962ms
interpretation of Mathlib.Tactic.tacticApply_At_ took 0.071ms
interpretation of Mathlib.Tactic.applyWith took 0.116ms
interpretation of Mathlib.Tactic.variables took 0.077ms
interpretation of Mathlib.Tactic.introv took 0.0753ms
interpretation of Mathlib.Tactic.tacticAssumption' took 0.0227ms
interpretation of Mathlib.Tactic.clearAuxDecl took 0.0213ms
interpretation of Mathlib.Tactic.Conv.convLHS took 0.137ms
interpretation of Mathlib.Tactic.Conv.convRHS took 0.127ms
interpretation of Mathlib.Tactic.Conv.convRun_conv_ took 0.0608ms
interpretation of Mathlib.Tactic.Conv.convConvIn__=>_ took 0.0846ms
interpretation of Mathlib.Tactic.Conv.dischargeConv took 0.0715ms
interpretation of Mathlib.Tactic.Conv.convRefine_ took 0.0489ms
interpretation of Mathlib.Tactic.Conv.command#conv_=>_ took 0.0711ms
interpretation of Mathlib.Tactic.Conv.withReducible took 0.0837ms
interpretation of Mathlib.Tactic.Conv.command#whnf_ took 0.0459ms
interpretation of Mathlib.Tactic.Conv.command#whnfR_ took 0.0438ms
interpretation of Mathlib.Tactic.Conv.command#simpOnly_=>__ took 0.134ms
interpretation of Mathlib.Tactic.Push.pushStx took 0.209ms
interpretation of Mathlib.Tactic.Push.push_neg took 0.0521ms
interpretation of Mathlib.Tactic.Push.pull took 0.0759ms
interpretation of Mathlib.Tactic.Push.convPush_____ took 0.0632ms
interpretation of Mathlib.Tactic.Push.convPush_neg_ took 0.04ms
interpretation of Mathlib.Tactic.Push.pushCommand took 0.119ms
interpretation of Mathlib.Tactic.Push.convPull____ took 0.0554ms
interpretation of Mathlib.Tactic.Push.pullCommand took 0.0831ms
interpretation of Mathlib.Tactic.Push.pushTree took 0.0573ms
interpretation of Mathlib.Tactic.ByCases.byCases! took 0.15ms
interpretation of Mathlib.Tactic.ByContra.byContra! took 0.169ms
interpretation of Mathlib.Tactic.casesM took 0.159ms
interpretation of Mathlib.Tactic.casesm! took 0.064ms
interpretation of Mathlib.Tactic.casesType took 0.103ms
interpretation of Mathlib.Tactic.casesType! took 0.0609ms
interpretation of Mathlib.Tactic.constructorM took 0.0669ms
interpretation of Mathlib.Tactic.command#check'_ took 0.128ms
interpretation of Mathlib.Tactic.tactic#check__ took 0.0753ms
interpretation of Mathlib.Tactic.tactic#check'__ took 0.0491ms
interpretation of Mathlib.Tactic.Choose.choose took 0.305ms
interpretation of Mathlib.Tactic.Choose.tacticChoose!___Using_ took 3.35ms
interpretation of Mathlib.Tactic.clear! took 0.131ms
interpretation of Lean.Elab.Tactic.clearExceptTactic took 1.15ms
interpretation of Mathlib.Tactic.clear_ took 0.0438ms
interpretation of Lean.Widget.showPanelWidgetsCmd took 0.00734ms
interpretation of Lean.Parser.Term.attrKind took 0.0035ms
interpretation of Lean.Widget.widgetCmd took 0.00622ms
interpretation of ProofWidgets.withPanelWidgetsTacticStx took 0.161ms
interpretation of ProofWidgets.Jsx.proofWidgetsJsxElement.quot took 0.373ms
interpretation of ProofWidgets.Jsx.proofWidgetsJsxChild.quot took 0.0774ms
interpretation of ProofWidgets.Jsx.proofWidgetsJsxAttr.quot took 0.0763ms
interpretation of ProofWidgets.Jsx.proofWidgetsJsxAttrVal.quot took 0.095ms
interpretation of ProofWidgets.Jsx.proofWidgetsJsxAttrVal_ took 0.0498ms
interpretation of ProofWidgets.Jsx.proofWidgetsJsxAttrVal{_} took 0.0889ms
interpretation of ProofWidgets.Jsx.proofWidgetsJsxAttr_=_ took 0.0648ms
interpretation of ProofWidgets.Jsx.proofWidgetsJsxAttr{..._} took 0.0596ms
interpretation of ProofWidgets.Jsx.proofWidgetsJsxElement<__/> took 0.0838ms
interpretation of ProofWidgets.Jsx.proofWidgetsJsxElement<__>_</_> took 0.0948ms
interpretation of ProofWidgets.Jsx.proofWidgetsJsxChild_ took 0.324ms
interpretation of ProofWidgets.Jsx.jsxText took 0.0961ms
interpretation of ProofWidgets.Jsx.proofWidgetsJsxChild{..._} took 0.0559ms
interpretation of ProofWidgets.Jsx.proofWidgetsJsxChild{_} took 0.0362ms
interpretation of ProofWidgets.Jsx.proofWidgetsJsxChild__1 took 0.0289ms
interpretation of ProofWidgets.Jsx.term_ took 0.0256ms
interpretation of Mathlib.Tactic.GCongr.gcongrAttr took 0.143ms
interpretation of Mathlib.Tactic.GCongr.tacticGcongr_discharger took 0.0441ms
interpretation of Mathlib.Tactic.GCongr.gcongrHoleExpand took 0.0725ms
interpretation of Mathlib.Tactic.GCongr.gcongr took 0.143ms
interpretation of Mathlib.Tactic.GCongr.gconvert took 0.111ms
interpretation of Mathlib.Tactic.GCongr.tacticRel[_] took 0.136ms
interpretation of Mathlib.Tactic.Hint.registerHintStx took 0.135ms
interpretation of Mathlib.Tactic.Hint.hintStx took 0.0353ms
interpretation of Mathlib.Tactic.GRewrite.grewriteSeq took 0.126ms
interpretation of Mathlib.Tactic.GRewrite.grwSeq took 0.0562ms
interpretation of Mathlib.Tactic.GRewrite.tacticApply_rewrite___ took 0.0581ms
interpretation of Mathlib.Tactic.GRewrite.applyRwSeq took 0.0965ms
interpretation of Mathlib.Tactic.GRewrite.tacticNth_grewrite_____ took 0.715ms
interpretation of Mathlib.Tactic.GRewrite.tacticNth_grw_____ took 0.0973ms
interpretation of Mathlib.Tactic.tacticNth_rewrite_____ took 0.153ms
interpretation of Mathlib.Tactic.tacticNth_rw_____ took 0.0793ms
interpretation of Mathlib.Tactic.DepRewrite.depRewriteSeq took 0.111ms
interpretation of Mathlib.Tactic.DepRewrite.depRwSeq took 0.116ms
interpretation of Mathlib.Tactic.DepRewrite.Conv.depRewrite took 0.0657ms
interpretation of Mathlib.Tactic.DepRewrite.Conv.depRw took 0.276ms
interpretation of Mathlib.Tactic.ClickSuggestions.command#unfold?_ took 0.763ms
interpretation of Std.DHashMap.Internal.Raw₀.tacticWf_trivial took 0.0124ms
interpretation of Std.DHashMap.Internal.Raw₀.tacticEmpty took 0.00628ms
interpretation of Std.DHashMap.Internal.Raw₀.tacticSimp_to_model[_]Using_ took 0.00631ms
interpretation of Std.DTreeMap.Internal.Impl.tacticWf_trivial took 0.00866ms
interpretation of Std.DTreeMap.Internal.Impl.tacticEmpty took 0.00549ms
interpretation of Std.DTreeMap.Internal.Impl.tacticSimp_to_model[_]Using_ took 0.00612ms
interpretation of Std.TreeSet.Raw.term_~m_ took 0.00663ms
interpretation of Std.DHashMap.Internal.Raw.tacticSimp_to_rawUsing_ took 0.00658ms
interpretation of ProofWidgets.termMk_rpc_widget%_ took 0.0813ms
interpretation of Mathlib.Tactic.ClickSuggestions.command#click_suggestions took 0.0692ms
interpretation of Lean.Elab.Term.CoeImpl.term(↑) took 0.0987ms
interpretation of Lean.Elab.Term.CoeImpl.term(⇑) took 0.0516ms
interpretation of Lean.Elab.Term.CoeImpl.term(↥) took 0.052ms
interpretation of Congr!.congr! took 0.529ms
interpretation of Mathlib.Tactic.TermCongr.termCongr took 0.139ms
interpretation of Mathlib.Tactic.TermCongr.cHoleExpand took 0.242ms
interpretation of Mathlib.Tactic.congrM took 0.249ms
interpretation of tacticFconstructor took 0.03ms
interpretation of tacticEconstructor took 0.0255ms
interpretation of Mathlib.Tactic.Contrapose.contrapose took 0.147ms
interpretation of Mathlib.Tactic.Contrapose.contrapose! took 0.0725ms
interpretation of Mathlib.Tactic.convert took 0.416ms
interpretation of Mathlib.Tactic.convert! took 0.114ms
interpretation of Mathlib.Tactic.convertTo took 0.125ms
interpretation of Mathlib.Tactic.convert_to! took 0.103ms
interpretation of Mathlib.Tactic.acChange took 0.0577ms
interpretation of Mathlib.Tactic.acChange! took 0.0555ms
interpretation of Mathlib.Tactic.DefEqAbuse.defeqAbuse took 1.2ms
interpretation of Mathlib.Tactic.DefEqAbuse.defeqAbuseCmd took 0.102ms
interpretation of Mathlib.Tactic.tacticWhnf__ took 0.116ms
interpretation of Mathlib.Tactic.betaReduceStx took 0.0531ms
interpretation of Mathlib.Tactic.convBeta_reduce took 0.0258ms
interpretation of Mathlib.Tactic.tacticReduce__ took 0.0496ms
interpretation of Mathlib.Tactic.refoldLetStx took 1.1ms
interpretation of Mathlib.Tactic.convRefold_let___ took 0.0597ms
interpretation of Mathlib.Tactic.unfoldProjsStx took 0.0544ms
interpretation of Mathlib.Tactic.convUnfold_projs took 0.0251ms
interpretation of Mathlib.Tactic.etaReduceStx took 0.0486ms
interpretation of Mathlib.Tactic.convEta_reduce took 0.0271ms
interpretation of Mathlib.Tactic.etaExpandStx took 0.0466ms
interpretation of Mathlib.Tactic.convEta_expand took 0.0256ms
interpretation of Mathlib.Tactic.etaStructStx took 0.0545ms
interpretation of Mathlib.Tactic.convEta_struct took 0.0235ms
interpretation of Mathlib.Tactic.DeprecateTo.commandDeprecateTo______ took 0.228ms
interpretation of Mathlib.Tactic.dsimpPercent took 0.311ms
interpretation of Mathlib.Tactic.Erw?.erw? took 0.0901ms
interpretation of Mathlib.Tactic.tacticExistsi_,, took 0.0814ms
interpretation of Mathlib.Tactic.failIfNoProgress took 0.0679ms
interpretation of Mathlib.Tactic.Find.command#find_ took 0.0879ms
interpretation of Mathlib.Tactic.Find.tacticFind took 0.0283ms
interpretation of Mathlib.Tactic.Find.tactic#find_ took 0.0383ms
interpretation of Mathlib.Tactic.inferOptParam took 0.039ms
interpretation of Mathlib.Meta.FunProp.funPropTacStx took 0.231ms
interpretation of Mathlib.Meta.FunProp.command#print_fun_prop_theorems__ took 0.285ms
interpretation of Lean.Meta.Sym.doElemReportIssue!__ took 0.00874ms
interpretation of Lean.Meta.Sym.doElemReportDbgIssue!__ took 0.00631ms
interpretation of Lean.Parser.Command.registerGrindAttr took 0.0119ms
interpretation of Lean.Parser.Attr.compactness took 0.124ms
interpretation of Lean.Parser.Attr.compactness! took 0.0482ms
interpretation of Lean.Parser.Attr.compactness? took 0.12ms
interpretation of Lean.Parser.Attr.compactness!? took 0.0958ms
interpretation of compactnessTac took 0.0387ms
interpretation of tacticCompactness?_ took 0.0339ms
interpretation of Lean.Parser.Attr.closedness took 0.291ms
interpretation of Lean.Parser.Attr.closedness! took 0.0582ms
interpretation of Lean.Parser.Attr.closedness? took 0.0466ms
interpretation of Lean.Parser.Attr.closedness!? took 0.47ms
interpretation of closednessTac took 0.0385ms
interpretation of tacticClosedness?_ took 0.0234ms
interpretation of guardGoalNums took 0.197ms
interpretation of guardHypNums took 0.0394ms
interpretation of Lean.Parser.Attr.higherOrder took 0.73ms
interpretation of Mathlib.Util.TermReduce.betaStx took 0.452ms
interpretation of Mathlib.Util.TermReduce.deltaStx took 0.0309ms
interpretation of Mathlib.Util.TermReduce.zetaStx took 0.0324ms
interpretation of Mathlib.Util.TermReduce.reduceProjStx took 2.5ms
interpretation of Lean.Elab.Command.command_Irreducible_def____ took 0.682ms
interpretation of Mathlib.Tactic.lift took 0.158ms
interpretation of Mathlib.Linter.command#reset_min_imports took 0.0399ms
interpretation of Mathlib.Linter.MinImports.command#import_bumps took 0.0336ms
interpretation of Lean.Meta.Grind.doElemTrace_goal[_]__ took 0.00703ms
interpretation of Lean.Meta.Grind.EMatch.doElemReportEMatchIssue!__ took 0.0059ms
interpretation of Mathlib.Tactic.LibrarySearch.observe took 0.152ms
interpretation of Mathlib.Tactic.LibrarySearch.tacticObserve?__:_ took 0.0466ms
interpretation of Mathlib.Tactic.LibrarySearch.tacticObserve?__:_Using__,, took 0.956ms
interpretation of Mathlib.Tactic.rsuffices took 0.224ms
interpretation of Mathlib.Tactic.tacticRecover_ took 0.0562ms
interpretation of Mathlib.Tactic.rename' took 0.104ms
interpretation of Mathlib.Tactic.tacticRename_bvar_→__ took 0.115ms
interpretation of Mathlib.Tactic.Says.says took 0.0792ms
interpretation of Mathlib.Tactic.setTactic took 0.209ms
interpretation of Mathlib.Tactic.tacticSet!_ took 0.0484ms
interpretation of Mathlib.Tactic.SetM.setM took 0.113ms
interpretation of Mathlib.Tactic.tacticSimp_intro_____..Only_ took 0.131ms
interpretation of Mathlib.Tactic.subsingletonStx took 0.116ms
interpretation of Mathlib.Tactic.Substs.substs took 0.0829ms
interpretation of Mathlib.Tactic.successIfFailWithMsg took 0.0929ms
interpretation of commandSudoSet_option___ took 0.0886ms
interpretation of termSudoSet_option___In_ took 0.0415ms
interpretation of Mathlib.Tactic.tacticSwap_var__,, took 0.119ms
interpretation of Mathlib.Tactic.Tauto.tauto took 0.817ms
interpretation of Mathlib.Tactic.to_fun took 0.271ms
interpretation of Lean.Parser.Term.attrInstance took 0.00321ms
interpretation of Lean.Parser.Tactic.trace took 0.0917ms
interpretation of Lean.Elab.Command.unsetOption took 0.0534ms
interpretation of Mathlib.Command.Variable.variable? took 0.106ms
interpretation of Lean.Elab.Tactic.tacticCalc? took 0.0433ms
interpretation of tacticCongrm? took 0.0213ms
interpretation of Mathlib.Tactic.Conv.tacticConv? took 0.0407ms
interpretation of Mathlib.Tactic.LibraryRewrite.tacticRw?? took 0.0396ms
interpretation of Mathlib.Tactic.LibraryRewrite.rw??Command took 0.0772ms
interpretation of Mathlib.Tactic.wlog took 0.922ms
interpretation of Mathlib.Tactic.wlog! took 0.0725ms
interpretation of Mathlib.CountHeartbeats.tactic#count_heartbeats_ took 0.0612ms
interpretation of Mathlib.CountHeartbeats.tactic#count_heartbeats!_In__ took 0.0984ms
interpretation of Mathlib.CountHeartbeats.command#count_heartbeatsApproximatelyIn__ took 0.11ms
interpretation of Mathlib.CountHeartbeats.commandGuard_min_heartbeatsApproximately_In__ took 0.0643ms
interpretation of Mathlib.CountHeartbeats.command#count_heartbeats!_In__ took 0.0535ms
interpretation of Mathlib.Linter.CountHeartbeats.countHeartbeats took 0.0475ms
interpretation of Mathlib.PrintSorries.printSorriesStx took 0.088ms
interpretation of Mathlib.PrintSorries.command#printSorriesIn_ took 0.0432ms
interpretation of transImportsStx took 0.0811ms
interpretation of Mathlib.WhatsNew.command#whats_newIn__ took 0.0917ms
interpretation of Mathlib.WhatsNew.oldStx took 0.0374ms
interpretation of Mathlib.Tactic.tacticTry_this__ took 0.0659ms
interpretation of Mathlib.Tactic.convTry_this__ took 0.0344ms
interpretation of CategoryTheory.term𝟙 took 3.65ms
interpretation of CategoryTheory.term_≫_ took 0.053ms
interpretation of CategoryTheory.sorryIfSorry took 0.0252ms
interpretation of CategoryTheory.rfl_cat took 0.0174ms
interpretation of CategoryTheory.aesop_cat took 0.881ms
interpretation of CategoryTheory.aesop_cat? took 0.0376ms
interpretation of CategoryTheory.aesop_cat_nonterminal took 0.036ms
interpretation of CategoryTheory.cat_disch took 0.0206ms
interpretation of CategoryTheory.term_=≫_ took 0.0585ms
interpretation of CategoryTheory.term_≫=_ took 0.0337ms
interpretation of Prefunctor.term_⥤q_ took 0.233ms
interpretation of Prefunctor.term_⋙q_ took 0.031ms
interpretation of Prefunctor.term𝟭q took 0.0221ms
interpretation of Mathlib.Tactic.CategoryStar.termCategory*__ took 0.232ms
interpretation of CategoryTheory.term_⥤_ took 0.0493ms
interpretation of CategoryTheory.term𝟭 took 0.0194ms
interpretation of CategoryTheory.term_⋙_ took 0.0313ms
interpretation of Mathlib.Tactic.Reassoc.reassoc took 0.155ms
interpretation of Lean.Parser.Term.attrInstance took 0.00266ms
interpretation of Mathlib.Tactic.Reassoc.termReassoc_of%_ took 0.0428ms
interpretation of CategoryTheory.term_≅_ took 0.082ms
interpretation of CategoryTheory.Iso.term_≪≫_ took 0.167ms
interpretation of CategoryTheory.NatTrans.term_◫_ took 0.0798ms
interpretation of term_⩿_ took 0.0457ms
interpretation of term_⋖_ took 0.0244ms
interpretation of tacticCompareOfLessAndEq_rfl took 0.0237ms
interpretation of term_ᶜ took 0.0203ms
interpretation of term_⊔_ took 0.0397ms
interpretation of term_⊓_ took 0.0271ms
interpretation of term_⇨_ took 0.0278ms
interpretation of term￢_ took 0.0248ms
interpretation of term⊤ took 0.0173ms
interpretation of term⊥ took 0.0188ms
interpretation of Mathlib.Elab.FastInstance.fastInstance took 0.0603ms
interpretation of Mathlib.Elab.FastInstance.termInferInstanceAs%_ took 0.0349ms
interpretation of term_⁻¹'o_ took 0.057ms
interpretation of term_ᵒᵈ took 0.0225ms
interpretation of term_^[_] took 0.0457ms
interpretation of FBinopElab.prodSyntax took 0.122ms
interpretation of term_×ˢ_ took 0.0368ms
interpretation of Set.term_⁻¹'_ took 0.318ms
interpretation of Set.term_''_ took 0.0268ms
interpretation of Mathlib.Tactic.Slice.slice took 0.0718ms
interpretation of Mathlib.Tactic.Slice.convSlice___ took 0.0419ms
interpretation of Mathlib.Tactic.Slice.sliceLHS took 0.063ms
interpretation of Mathlib.Tactic.Slice.sliceRHS took 0.0458ms
interpretation of CategoryTheory.term_≌_ took 0.0505ms
interpretation of CategoryTheory.Prod.term_×ₘ_ took 0.0819ms
interpretation of Mathlib.Tactic.Elementwise.elementwise took 0.182ms
interpretation of Lean.Parser.Term.attrInstance took 0.0027ms
interpretation of Mathlib.Tactic.Elementwise.termElementwise_of%_ took 0.0842ms
interpretation of Mathlib.Util.commandCompile_def%_ took 0.0642ms
interpretation of Mathlib.Util.commandCompile_inductive%_ took 0.0298ms
interpretation of Batteries.Tactic.congrConfig took 0.0818ms
interpretation of Batteries.Tactic.congrConfigWith took 0.0991ms
interpretation of Batteries.Tactic.rcongr took 0.04ms
interpretation of symmDiff.term_∆_ took 1.74ms
interpretation of symmDiff.term_⇔_ took 0.0357ms
interpretation of CategoryTheory.Discrete.tacticDiscrete_cases took 0.0394ms
interpretation of Function.term_↪_ took 0.0542ms
interpretation of term_→r_ took 0.0485ms
interpretation of term_↪r_ took 0.0248ms
interpretation of term_≃r_ took 0.0258ms
interpretation of Mathlib.Tactic.Monotonicity.Attr.mono took 0.163ms
interpretation of term_→o_ took 0.0442ms
interpretation of term_↪o_ took 0.0277ms
interpretation of term_≃o_ took 0.0247ms
interpretation of PiNotation.piNotation took 0.178ms
interpretation of PiNotation.termΠ__,_ took 0.967ms
interpretation of Lean.Parser.Term.binderIdent took 0.00257ms
interpretation of tacticBddDefault took 0.267ms
interpretation of term⨆_,_ took 0.219ms
interpretation of term⨅_,_ took 0.0757ms
interpretation of Set.term⋂₀_ took 0.0732ms
interpretation of Set.term⋃₀_ took 0.0268ms
interpretation of Set.term⋃_,_ took 0.0748ms
interpretation of Set.term⋂_,_ took 0.07ms
interpretation of CategoryTheory.term↾_ took 0.0458ms
interpretation of CategoryTheory.term_⊣_ took 0.0476ms
interpretation of CategoryTheory.Bicategory.term_◁_ took 1.86ms
interpretation of CategoryTheory.Bicategory.term_▷_ took 0.121ms
interpretation of CategoryTheory.Bicategory.termα_ took 0.13ms
interpretation of CategoryTheory.Bicategory.termλ_ took 0.022ms
interpretation of CategoryTheory.Bicategory.termρ_ took 0.0249ms
interpretation of CategoryTheory.Bicategory.term_◁ᵢ_ took 0.0382ms
interpretation of CategoryTheory.Bicategory.term_▷ᵢ_ took 0.0339ms
interpretation of CategoryTheory.term↧_ took 0.0842ms
interpretation of CategoryTheory.TwoSquare.term𝟙ₕ took 0.034ms
interpretation of CategoryTheory.TwoSquare.term𝟙ᵥ took 0.0208ms
interpretation of CategoryTheory.TwoSquare.term_≫ₕ_ took 0.172ms
interpretation of CategoryTheory.TwoSquare.term_≫ᵥ_ took 0.0278ms
interpretation of CategoryTheory.Limits.term⊤__ took 0.0474ms
interpretation of CategoryTheory.Limits.term⊥__ took 0.0252ms
interpretation of CategoryTheory.Limits.term_⨯_ took 0.047ms
interpretation of CategoryTheory.Limits.term_⨿_ took 0.0271ms
interpretation of Functor.term_$>_ took 0.0483ms
interpretation of CategoryTheory.Limits.term∏ᶜ_ took 0.0521ms
interpretation of CategoryTheory.Limits.term∐_ took 0.0291ms
interpretation of Multiset.term_::ₘ_ took 1.53ms
interpretation of Finset.term#_ took 0.0549ms
interpretation of finsetStx took 0.0435ms
interpretation of Fin.tacticFin_omega took 0.0251ms
interpretation of term_ᵐᵒᵖ took 0.0249ms
interpretation of term_ᵃᵒᵖ took 0.0204ms
interpretation of term_∣ᵣ_ took 0.351ms
interpretation of term_→ₙ+_ took 0.0498ms
interpretation of term_→+_ took 0.0301ms
interpretation of term_→ₙ*_ took 0.025ms
interpretation of term_→*_ took 0.0261ms
interpretation of term_ˣ took 0.0223ms
interpretation of term_/ₚ_ took 0.0382ms
interpretation of List.term_~r_ took 0.0438ms
interpretation of term_≃*_ took 0.0442ms
interpretation of term_≃+_ took 0.0254ms
interpretation of Matrix.vecNotation took 0.0689ms
interpretation of CategoryTheory.Limits.term⨁_ took 0.684ms
interpretation of CategoryTheory.Limits.term_⊞_ took 0.0561ms
interpretation of Mathlib.Tactic.CategoryTheory.ToApp.to_app took 0.11ms
interpretation of Lean.Parser.Term.attrInstance took 0.00306ms
interpretation of Mathlib.Tactic.CategoryTheory.ToApp.termTo_app_of%_ took 0.0445ms
interpretation of CategoryTheory.Bicategory.term_⥤ᵒᵖᴸ_ took 0.055ms
interpretation of CategoryTheory.Bicategory.term_⥤ᴸ_ took 0.0526ms
interpretation of CategoryTheory.Bicategory.term_⥤ᵖ_ took 0.0515ms
interpretation of Mathlib.Tactic.applyFun took 0.272ms
interpretation of BigOperators.bigsum took 0.631ms
interpretation of BigOperators.bigprod took 0.0852ms
interpretation of RightActions.term_•>_ took 0.0779ms
interpretation of RightActions.term_<•_ took 0.0318ms
interpretation of RightActions.term_+ᵥ>_ took 0.0278ms
interpretation of RightActions.term_<+ᵥ_ took 1.15ms
interpretation of term_→*₀_ took 0.0507ms
interpretation of Mathlib.Tactic.TFAE.tfaeHave took 0.0776ms
interpretation of Mathlib.Tactic.TFAE.Parser.tfaeHaveDecl took 0.799ms
interpretation of Mathlib.Tactic.TFAE.tfaeFinish took 0.025ms
interpretation of Mathlib.Tactic.TFAE.tfaeHave' took 0.0787ms
interpretation of Mathlib.Tactic.TFAE.Parser.tfaeHaveIdLhs took 0.276ms
interpretation of term_→ₙ+*_ took 0.059ms
interpretation of term_→+*_ took 0.0313ms
interpretation of Mathlib.Tactic.Nontriviality.nontriviality took 0.138ms
interpretation of Ring.term_⁻¹ʳ took 0.0262ms
interpretation of term⁅_,_⁆ took 0.0592ms
interpretation of CategoryTheory.MonoidalCategory.term_⊗_ took 0.0601ms
interpretation of CategoryTheory.MonoidalCategory.term_◁_ took 0.0344ms
interpretation of CategoryTheory.MonoidalCategory.term_▷_ took 0.0338ms
interpretation of CategoryTheory.MonoidalCategory.term_⊗ₘ_ took 0.506ms
interpretation of CategoryTheory.MonoidalCategory.term𝟙__ took 0.0466ms
interpretation of CategoryTheory.MonoidalCategory.termα_ took 0.0241ms
interpretation of CategoryTheory.MonoidalCategory.termλ_ took 0.0213ms
interpretation of CategoryTheory.MonoidalCategory.termρ_ took 0.0221ms
interpretation of CategoryTheory.MonoidalCategory.term_⊗ᵢ_ took 0.0313ms
interpretation of CategoryTheory.MonoidalCategory.term_◁ᵢ_ took 0.0306ms
interpretation of CategoryTheory.MonoidalCategory.term_▷ᵢ_ took 0.0279ms
interpretation of CategoryTheory.term_⟦_⟧ took 0.158ms
interpretation of CategoryTheory.term_⟦_⟧' took 0.0336ms
interpretation of CategoryTheory.term_⥤ₗ_ took 0.0468ms
interpretation of CategoryTheory.term_⥤ᵣ_ took 0.0285ms
interpretation of CategoryTheory.term_⥤ₑ_ took 0.0277ms
interpretation of Nat.term_! took 0.0464ms
interpretation of term⅟_ took 0.0396ms
interpretation of Mathlib.Tactic.HaveI.doElemHaveI'_ took 0.0631ms
interpretation of Mathlib.Tactic.HaveI.doElemLetI'_ took 0.0293ms
interpretation of termℚ took 0.0194ms
interpretation of termℚ≥0 took 0.0196ms
interpretation of norm_num took 0.063ms
interpretation of Mathlib.Tactic.normNum took 0.0801ms
interpretation of Mathlib.Tactic.normNum1 took 0.038ms
interpretation of Mathlib.Tactic.normNum1Conv took 0.0207ms
interpretation of Mathlib.Tactic.normNumConv took 0.033ms
interpretation of Mathlib.Tactic.normNumCmd took 2.82ms
interpretation of Mathlib.Tactic.Abel.abel took 0.126ms
interpretation of Mathlib.Tactic.Abel.abel1 took 0.0544ms
interpretation of Mathlib.Tactic.Abel.abel1! took 0.0577ms
interpretation of Mathlib.Tactic.Abel.abelNF took 0.0805ms
interpretation of Mathlib.Tactic.Abel.tacticAbel_nf!__ took 0.1ms
interpretation of Mathlib.Tactic.Abel.abelNFConv took 0.0613ms
interpretation of Mathlib.Tactic.Abel.convAbel_nf!_ took 0.0802ms
interpretation of Mathlib.Tactic.Abel.tacticAbel! took 0.0424ms
interpretation of Mathlib.Tactic.Abel.abelConv took 0.0324ms
interpretation of Mathlib.Tactic.Abel.convAbel! took 0.0287ms
interpretation of CategoryTheory.term_⥤+_ took 0.0982ms
interpretation of term_≃+*_ took 0.0661ms
interpretation of MulActionHomLocal≺ took 0.0858ms
interpretation of MulActionHomIdLocal≺ took 0.138ms
interpretation of AddActionHomLocal≺ took 0.0587ms
interpretation of AddActionHomIdLocal≺ took 0.0311ms
interpretation of DistribMulActionHomLocal≺ took 0.0491ms
interpretation of DistribMulActionHomIdLocal≺ took 0.0477ms
interpretation of MulDistribMulActionHomLocal≺ took 0.0463ms
interpretation of MulDistribMulActionHomIdLocal≺ took 0.123ms
interpretation of MulSemiringActionHomLocal≺ took 0.0453ms
interpretation of MulSemiringActionHomIdLocal≺ took 0.0483ms
interpretation of term_→ₛₗ[_]_ took 0.0792ms
interpretation of term_→ₗ[_]_ took 0.0492ms
interpretation of LinearMap.compNotation took 0.0517ms
interpretation of LinearMap.term_∘ₛₗ_ took 0.0394ms
interpretation of RingTheory.LinearMap.termη took 0.0391ms
interpretation of RingTheory.LinearMap.termη[_] took 0.0741ms
interpretation of term_≃ₛₗ[_]_ took 0.124ms
interpretation of term_≃ₗ[_]_ took 0.0951ms
interpretation of LinearEquiv.transNotation took 0.0461ms
interpretation of term|___|ₘ took 1.47ms
interpretation of term|___| took 0.0411ms
interpretation of Mathlib.Tactic.Bound.attrBound_forward took 0.0408ms
interpretation of WithZero.term_ᵐ⁰ took 0.0296ms
interpretation of Interval.term[[_,_]] took 0.0928ms
interpretation of Interval.termΙ took 0.0209ms
interpretation of Set.Notation.term_↓∩_ took 0.052ms
interpretation of termℕ+ took 0.0185ms
interpretation of positivity took 0.0639ms
interpretation of Mathlib.Tactic.Positivity.positivity took 0.0761ms
interpretation of term_⁺ᵐ took 0.0205ms
interpretation of term_⁻ᵐ took 0.349ms
interpretation of term_⁺ took 0.227ms
interpretation of term_⁻ took 0.0193ms
interpretation of commandUnsuppress_compilationIn_ took 0.0587ms
interpretation of commandSuppress_compilation took 0.0485ms
interpretation of AddCommGroup.term_≡_[PMOD_] took 1.39ms
interpretation of term_≡_[MOD_] took 0.227ms
interpretation of term_≡_[ZMOD_] took 0.0599ms
interpretation of termℕ∞ took 0.0546ms
interpretation of term_→+o_ took 0.0422ms
interpretation of term_≃+o_ took 0.0279ms
interpretation of term_→*o_ took 0.0248ms
interpretation of term_≃*o_ took 0.0256ms
interpretation of term_→*₀o_ took 0.0395ms
interpretation of term_→+*o_ took 0.0387ms
interpretation of term_≃+*o_ took 0.0259ms
interpretation of List.Vector.term_::ᵥ_ took 0.0565ms
interpretation of Sym.term_::ₛ_ took 0.883ms
interpretation of Sym.term_::_ took 0.0394ms
interpretation of Sum.Lex.term_⊕ₗ_ took 0.241ms
interpretation of Prod.Lex.term_×ₗ_ took 0.0514ms
interpretation of InitialSeg.term_≼i_ took 0.0481ms
interpretation of term_≤i_ took 0.0301ms
interpretation of InitialSeg.term_≺i_ took 0.0649ms
interpretation of term_<i_ took 0.0256ms
interpretation of Cardinal.term#_ took 0.838ms
interpretation of Cardinal.termℵ₀ took 0.0522ms
interpretation of OmegaCompletePartialOrder.term_→𝒄_ took 0.0575ms
interpretation of Cardinal.term_^<_ took 0.0501ms
interpretation of Set.tacticToFinite_tac took 0.0282ms
interpretation of Set.tacticTo_encard_tac took 0.644ms
interpretation of FinsetInterval.term[[_,_]] took 0.113ms
interpretation of term_⧸_ took 0.0384ms
interpretation of Lean.Elab.Tactic.finCases took 0.127ms
interpretation of BinaryTree.term_△_ took 0.0475ms
interpretation of Mathlib.Tactic.cancelDenoms took 0.0597ms
interpretation of Mathlib.Tactic.tacticCancel_denoms_ took 0.0709ms
interpretation of Mathlib.Tactic.Zify.zify took 0.0898ms
interpretation of Mathlib.Tactic.Ring.ring1 took 0.0745ms
interpretation of Mathlib.Tactic.Ring.tacticRing1! took 0.0281ms
interpretation of Mathlib.Tactic.linarith took 0.16ms
interpretation of Mathlib.Tactic.linarith? took 0.0504ms
interpretation of Mathlib.Tactic.tacticLinarith!_ took 0.0449ms
interpretation of Mathlib.Tactic.tacticLinarith?!_ took 0.045ms
interpretation of Mathlib.Tactic.nlinarith took 0.0466ms
interpretation of Mathlib.Tactic.tacticNlinarith!_ took 0.0416ms
interpretation of term_ᵈᵐᵃ took 0.024ms
interpretation of term_ᵈᵃᵃ took 0.0207ms
interpretation of CategoryTheory.Pretriangulated.termDistTriang_ took 0.0486ms
interpretation of CategoryTheory.ComposableArrows.tacticValid took 0.0337ms
interpretation of Ordinal.termTypeLT_ took 0.0454ms
interpretation of Ordinal.termω took 0.0187ms
interpretation of Ordinal.termω_ took 0.0246ms
interpretation of Ordinal.termω₁ took 0.0179ms
interpretation of Cardinal.termℵ_ took 0.0199ms
interpretation of Cardinal.termℵ₁ took 0.0198ms
interpretation of Cardinal.termℶ_ took 0.0181ms
interpretation of Mathlib.Tactic.RingNF.ringNF took 1.91ms
interpretation of Mathlib.Tactic.RingNF.tacticRing_nf!__ took 0.0528ms
interpretation of Mathlib.Tactic.RingNF.ringNFConv took 0.0338ms
interpretation of Mathlib.Tactic.RingNF.ring1NF took 0.0411ms
interpretation of Mathlib.Tactic.RingNF.tacticRing1_nf!_ took 0.0352ms
interpretation of Mathlib.Tactic.RingNF.convRing_nf!_ took 0.0583ms
interpretation of Mathlib.Tactic.RingNF.ring took 0.0239ms
interpretation of Mathlib.Tactic.RingNF.tacticRing! took 0.0234ms
interpretation of Mathlib.Tactic.RingNF.ringConv took 0.0584ms
interpretation of Mathlib.Tactic.RingNF.convRing! took 1.72ms
interpretation of term∑ᶠ_,_ took 0.185ms
interpretation of term∏ᶠ_,_ took 0.0714ms
interpretation of termΠ₀_,_ took 0.093ms
interpretation of term_→₀_ took 0.0456ms
interpretation of SemimoduleCat.term↟_ took 0.0497ms
interpretation of ModuleCat.term↟_ took 0.249ms
interpretation of term_→ₐ_ took 0.0446ms
interpretation of term_→ₐ[_]_ took 0.0459ms
interpretation of term_≃ₐ[_]_ took 0.0552ms
interpretation of nonZeroDivisors.term_⁰ took 0.0277ms
interpretation of nonZeroSMulDivisors.term_⁰[_] took 0.0512ms
interpretation of Submodule.term_∙_ took 0.0432ms
interpretation of ComplexConjugate.termConj took 0.0275ms
interpretation of term_→⋆ₙ+*_ took 0.0427ms
interpretation of term_≃⋆+*_ took 0.0273ms
interpretation of term_→ₙₐ_ took 0.0421ms
interpretation of term_→ₛₙₐ[_]_ took 0.0448ms
interpretation of term_→ₙₐ[_]_ took 0.0357ms
interpretation of DirectSum.term⨁_,_ took 0.115ms
interpretation of Mathlib.Tactic.Module.NF.term_::ᵣ_ took 0.0875ms
interpretation of Mathlib.Tactic.Module.tacticMatch_scalars took 0.0287ms
interpretation of Mathlib.Tactic.Module.tacticModule took 0.0235ms
interpretation of Mathlib.Tactic.Algebra.algebra took 2.56ms
interpretation of Mathlib.Tactic.Algebra.algebraWith took 0.0734ms
interpretation of Mathlib.Tactic.ModuleNF.moduleNF took 0.119ms
interpretation of Mathlib.Tactic.Group.group took 0.0609ms
interpretation of Mathlib.Tactic.AddGroup.addGroup took 0.0599ms
interpretation of Mathlib.Tactic.tacticAlgebraize__ took 0.145ms
interpretation of Mathlib.Tactic.tacticAlgebraize_only__ took 0.0618ms
interpretation of ArithmeticFunction.attrArith_mult took 0.0262ms
interpretation of ArithmeticFunction.arith_mult took 0.737ms
interpretation of ArithmeticFunction.arith_mult? took 0.0326ms
interpretation of assume took 0.0672ms
interpretation of bdsimp took 0.115ms
interpretation of tacticBound[_] took 0.0758ms
interpretation of Mathlib.Tactic.induction' took 1.09ms
interpretation of Mathlib.Tactic.cases' took 0.0663ms
interpretation of CategoryTheory.Bicategory.term⊗𝟙 took 0.0305ms
interpretation of CategoryTheory.Bicategory.term_⊗≫_ took 0.0452ms
interpretation of CategoryTheory.Bicategory.term_≪⊗≫_ took 0.0312ms
interpretation of Mathlib.Tactic.Bicategory.tacticBicategory_coherence took 0.437ms
interpretation of Mathlib.Tactic.Bicategory.tacticBicategory_nf took 2.09ms
interpretation of Mathlib.Tactic.Bicategory.tacticBicategory took 0.0554ms
interpretation of Mathlib.Tactic.BicategoryCoherence.whisker_simps took 0.0576ms
interpretation of Mathlib.Tactic.CheckCompositions.tacticCheck_compositions took 0.0451ms
interpretation of CategoryTheory.MonoidalCategory.term⊗𝟙 took 0.0567ms
interpretation of CategoryTheory.MonoidalCategory.term_⊗≫_ took 0.0467ms
interpretation of CategoryTheory.MonoidalCategory.term_≪⊗≫_ took 0.0284ms
interpretation of Mathlib.Tactic.Coherence.pure_coherence took 0.0312ms
interpretation of Mathlib.Tactic.Coherence.pure_coherence_internal took 0.0218ms
interpretation of Mathlib.Tactic.Coherence.liftable_prefixes took 0.0241ms
interpretation of Mathlib.Tactic.Coherence.monoidal_simps took 0.0341ms
interpretation of Mathlib.Tactic.Coherence.coherence took 0.0278ms
interpretation of Mathlib.Tactic.Monoidal.tacticMonoidal_coherence took 1.91ms
interpretation of Mathlib.Tactic.Monoidal.tacticMonoidal_nf took 1.28ms
interpretation of Mathlib.Tactic.Monoidal.tacticMonoidal took 0.0393ms
interpretation of change? took 0.102ms
interpretation of Mathlib.Tactic.cleanStx took 0.0628ms
interpretation of Mathlib.Tactic.tacticClean_ took 0.0302ms
interpretation of Nat.term⌊_⌋₊ took 0.0679ms
interpretation of Nat.term⌈_⌉₊ took 0.0371ms
interpretation of Int.term⌊_⌋ took 0.0306ms
interpretation of Int.term⌈_⌉ took 4.31ms
interpretation of Mathlib.Tactic.FieldSimp.tacticField_simp_discharge took 0.0522ms
interpretation of Mathlib.Tactic.FieldSimp.NF.term_::ᵣ_ took 0.196ms
interpretation of Mathlib.Tactic.FieldSimp.fieldSimp took 0.0926ms
interpretation of Mathlib.Tactic.FieldSimp.convField_simp__ took 0.0368ms
interpretation of Mathlib.Tactic.FieldSimp.field took 0.0761ms
interpretation of termℝ took 0.0259ms
interpretation of NNReal.termℝ≥0 took 0.0303ms
interpretation of ENNReal.termℝ≥0∞ took 0.0293ms
interpretation of ENNReal.term∞ took 0.038ms
interpretation of finiteness took 0.448ms
interpretation of finiteness? took 0.0492ms
interpretation of finiteness_nonterminal took 0.0426ms
interpretation of Filter.term𝓟 took 0.0272ms
interpretation of Filter.term∀ᶠ_In_,_ took 0.144ms
interpretation of Filter.term∃ᶠ_In_,_ took 0.0811ms
interpretation of Filter.eventuallyEqStx took 0.0424ms
interpretation of Filter.eventuallyLEStx took 0.0336ms
interpretation of Mathlib.Tactic.filterUpwards took 0.291ms
interpretation of Heyting.term∂_ took 1.06ms
interpretation of attrContinuity took 0.305ms
interpretation of tacticContinuity took 0.0174ms
interpretation of tacticContinuity? took 0.0175ms
interpretation of Topology.IsOpen_of took 0.0568ms
interpretation of Topology.IsClosed_of took 0.0339ms
interpretation of Topology.IsClopen_of took 0.03ms
interpretation of Topology.closure_of took 0.0288ms
interpretation of Topology.Continuous_of took 0.041ms
interpretation of termC(_,_) took 0.164ms
interpretation of Topology.term𝓝 took 0.0294ms
interpretation of Topology.term𝓝[_]_ took 0.0615ms
interpretation of Topology.nhdsNE took 0.0262ms
interpretation of Topology.nhdsGE took 0.0278ms
interpretation of Topology.nhdsLE took 0.023ms
interpretation of Topology.nhdsGT took 2.91ms
interpretation of Topology.nhdsLT took 0.0452ms
interpretation of Topology.term𝓝ˢ took 0.129ms
interpretation of Topology.term𝓝ˢ[_]_ took 0.0456ms
interpretation of term_⤳_ took 0.029ms
interpretation of term_≃ₜ_ took 0.0746ms
interpretation of SetRel.term_~[_]_ took 0.0635ms
interpretation of SetRel.term_○_ took 0.03ms
interpretation of Mathlib.Tactic.TautoSet.specialize_all took 0.0529ms
interpretation of Mathlib.Tactic.TautoSet.tacticTauto_set took 0.0234ms
interpretation of Uniformity.term𝓤[_] took 0.0525ms
interpretation of Uniformity.term𝓤 took 0.0179ms
interpretation of Uniformity.termUniformContinuous[_,_] took 0.0441ms
interpretation of term‖_‖ took 0.0442ms
interpretation of term‖_‖₊ took 0.266ms
interpretation of term‖_‖ₑ took 0.0293ms
interpretation of BigOperators.bigexpect took 0.204ms
interpretation of Asymptotics.term_=O[_]_ took 0.0953ms
interpretation of Asymptotics.term_=Θ[_]_ took 0.0335ms
interpretation of Asymptotics.term_=o[_]_ took 0.0457ms
interpretation of ContinuousMonoidHom.term_→ₜ+_ took 0.0486ms
interpretation of ContinuousMonoidHom.term_→ₜ*_ took 0.0295ms
interpretation of term_≃ₜ*_ took 0.0526ms
interpretation of term_≃ₜ+_ took 0.025ms
interpretation of term_→SL[_]_ took 0.0588ms
interpretation of term_→L[_]_ took 0.0712ms
interpretation of ContinuousLinearMap.term_∘L_ took 0.0454ms
interpretation of ContinuousLinearMap.term_∘SL_ took 0.0392ms
interpretation of term_≃SL[_]_ took 0.0763ms
interpretation of term_≃L[_]_ took 0.0488ms
interpretation of Mathlib.Tactic.Order.tacticOrder_ took 0.208ms
interpretation of Filter.tacticIsBoundedDefault took 0.0598ms
interpretation of term∏'[_]_,_ took 0.192ms
interpretation of term∑'[_]_,_ took 0.15ms
interpretation of term∏'_,_ took 0.0758ms
interpretation of term∑'_,_ took 0.071ms
interpretation of term_≃ᵢ_ took 0.0616ms
interpretation of term_≃ᵤ_ took 0.0426ms
interpretation of UniformConvergence.term_→ᵤ_ took 1.3ms
interpretation of UniformConvergence.term_→ᵤ[_]_ took 0.0543ms
interpretation of Mathlib.Tactic.MfldSetTac.mfldSetTac took 0.0375ms
interpretation of Stream'.term_::_ took 0.0486ms
interpretation of Stream'.term_⋈_ took 0.0297ms
interpretation of Stream'.term_++ₛ_ took 0.0284ms
interpretation of Stream'.term_⊛_ took 0.0287ms
interpretation of Computation.term_~>_ took 0.0526ms
interpretation of Computation.term_~__1 took 0.0293ms
interpretation of Mathlib.Tactic.ENatToNat.tacticCases_first_enat took 0.0359ms
interpretation of Mathlib.Tactic.ENatToNat.tacticEnat_to_nat took 0.0229ms
interpretation of AddMonoidAlgebra.term__[_] took 0.0653ms
interpretation of MonoidAlgebra.term__[_] took 0.0251ms
interpretation of Polynomial.term_[X] took 0.0295ms
interpretation of Mathlib.Tactic.LinearCombination.linearCombination took 0.294ms
interpretation of Real.term√_ took 0.0465ms
interpretation of termℂ took 0.0253ms
interpretation of Complex.term_×ℂ_ took 0.0461ms
interpretation of cfcTac took 0.0234ms
interpretation of cfcContTac took 0.018ms
interpretation of cfcZeroTac took 0.0184ms
interpretation of TensorProduct.term_⊗_ took 0.0441ms
interpretation of TensorProduct.term_⊗[_]_ took 0.0424ms
interpretation of TensorProduct.term_⊗ₜ_ took 0.0269ms
interpretation of TensorProduct.term_⊗ₜ[_]_ took 0.0347ms
interpretation of RingTheory.LinearMap.term_⊗ₘ_ took 0.0553ms
interpretation of RingTheory.LinearMap.termμ took 0.0288ms
interpretation of RingTheory.LinearMap.termμ[_] took 2.4ms
interpretation of Computability.term_∗ took 0.0357ms
interpretation of Algebra.subalgebra_adjoin took 0.0946ms
interpretation of term_→ₗ⋆[_]_ took 0.0573ms
interpretation of term_≃ₗ⋆[_]_ took 0.033ms
interpretation of term_→⋆ₙₐ_ took 0.0439ms
interpretation of term_→⋆ₙₐ[_]_ took 0.0463ms
interpretation of term_→⋆ₐ_ took 0.0274ms
interpretation of term_→⋆ₐ[_]_ took 0.0337ms
interpretation of term_≃⋆ₐ_ took 0.0328ms
interpretation of term_≃⋆ₐ[_]_ took 0.033ms
interpretation of Mathlib.Tactic.NoncommRing.noncomm_ring took 0.998ms
interpretation of term_→⋆*_ took 0.0457ms
interpretation of term_≃⋆*_ took 0.0293ms
interpretation of term_→ᵈ_ took 0.0358ms
interpretation of term_≃ᵈ_ took 0.0391ms
interpretation of term_→ₛₗᵢ[_]_ took 0.0648ms
interpretation of term_→ₗᵢ[_]_ took 0.034ms
interpretation of term_→ₗᵢ⋆[_]_ took 0.033ms
interpretation of term_≃ₛₗᵢ[_]_ took 0.034ms
interpretation of term_≃ₗᵢ[_]_ took 0.0317ms
interpretation of term_≃ₗᵢ⋆[_]_ took 0.0331ms
interpretation of term_→L⋆[_]_ took 0.0529ms
interpretation of term_≃L⋆[_]_ took 0.0326ms
interpretation of Matrix.term_ᵀ took 0.0286ms
interpretation of term_⬝ᵥ_ took 0.0598ms
interpretation of Matrix.term_*ᵥ_ took 0.0317ms
interpretation of Matrix.term_ᵥ*_ took 0.0274ms
interpretation of Matrix.term_ᴴ took 0.0242ms
interpretation of Matrix.matrixNotation took 0.101ms
interpretation of Matrix.matrixNotationRx0 took 0.0366ms
interpretation of Matrix.matrixNotation0xC took 0.0377ms
interpretation of ComplexStarModule.termℜ took 0.0254ms
interpretation of ComplexStarModule.termℑ took 0.0204ms
interpretation of term_→A[_]_ took 0.0511ms
interpretation of term_≃A[_]_ took 0.0485ms
interpretation of Complex.termCexp took 0.0242ms
interpretation of Real.termRexp took 0.0199ms
interpretation of Mathlib.ProxyType.proxy_equiv took 0.0574ms
interpretation of Mathlib.Deriving.Fintype.termDerive_fintype%_ took 0.0592ms
interpretation of Real.termπ took 0.0232ms
interpretation of unitInterval.termI took 0.0229ms
interpretation of unitInterval.termσ took 0.0189ms
interpretation of Mathlib.Tactic.Interactive.tacticUnit_interval took 0.0296ms
interpretation of Nat.termOrdProj[_]_ took 0.0557ms
interpretation of Nat.termOrdCompl[_]_ took 0.0339ms
interpretation of Nat.termφ took 0.0239ms
interpretation of Mathlib.Tactic.Qify.qify took 0.104ms
interpretation of Mathlib.Tactic.Rify.rify took 2.61ms
interpretation of CompactCoherentification.term𝐤_ took 0.0528ms
interpretation of BoundedContinuousFunction.term_→ᵇ_ took 0.0511ms
interpretation of Affine.termAffineSpace took 1.11ms
interpretation of term_→ᵃ[_]_ took 0.123ms
interpretation of term_≃ᵃ[_]_ took 0.0586ms
interpretation of Convex.term[_-[_]_] took 0.075ms
interpretation of termLine[_,_,_] took 0.0669ms
interpretation of Affine.term_∥_ took 0.0433ms
interpretation of term_→ₛₗ.[_]_ took 0.0578ms
interpretation of term_→ₗ.[_]_ took 0.0331ms
interpretation of Mathlib.Tactic.Peel.peel took 0.231ms
interpretation of UniformConvergenceCLM.term_→SLᵤ[_,_]_ took 0.102ms
interpretation of UniformConvergenceCLM.term_→Lᵤ[_,_]_ took 0.0451ms
interpretation of Asymptotics.term_~[_]_ took 0.0544ms
interpretation of Mathlib.Tactic.ComputeDegree.computeDegree took 0.0645ms
interpretation of Mathlib.Tactic.ComputeDegree.tacticCompute_degree! took 0.0255ms
interpretation of Mathlib.Tactic.ComputeDegree.monicityMacro took 0.0237ms
interpretation of Mathlib.Tactic.ComputeDegree.tacticMonicity! took 0.0223ms
interpretation of tacticUse_finite_instance took 0.0193ms
interpretation of Mathlib.Tactic.Polynomial.PolyInferBaseAttr took 0.0323ms
interpretation of Mathlib.Tactic.intervalCases took 0.147ms
interpretation of Pi.termΠₗ_,_ took 2.1ms
interpretation of termS(_,_) took 0.103ms
interpretation of term_[⋀^_]→ₗ[_]_ took 0.0761ms
interpretation of Kronecker.term_⊗ₖ_ took 0.0551ms
interpretation of Kronecker.term_⊗ₖₜ_ took 0.0298ms
interpretation of Kronecker.term_⊗ₖₜ[_]_ took 0.0537ms
interpretation of termℤ√_ took 0.0419ms
interpretation of Mathlib.Meta.eval_expr took 0.0477ms
interpretation of Mathlib.Explode.command#explode_ took 0.0552ms
interpretation of Mathlib.FindSyntax.command#find_syntax_Approx took 0.08ms
interpretation of tacticGeneralize'_:_=_ took 0.0699ms
interpretation of Mathlib.Tactic.tacticHave_ took 0.0481ms
interpretation of Mathlib.Tactic.haveIdLhs' took 0.188ms
interpretation of Mathlib.Tactic.tacticLet_ took 0.028ms
interpretation of Mathlib.Tactic.haveIdLhs' took 0.0298ms
interpretation of Mathlib.Tactic.tacticSuffices_ took 0.0323ms
interpretation of Mathlib.Tactic.haveIdLhs' took 0.05ms
interpretation of Mathlib.Tactic.ITauto.itauto took 0.161ms
interpretation of Mathlib.Tactic.ITauto.itauto! took 0.0447ms
interpretation of Inclusion.inclusion took 0.119ms
interpretation of Inclusion.inclusion? took 1.22ms
interpretation of Inclusion.inclusionParamAttr took 0.0414ms
interpretation of Inclusion.inclusionExtAttr took 0.0663ms
interpretation of Inclusion.hypothesisExtAttr took 0.0394ms
interpretation of Inclusion.inclusionOpAttr took 0.0662ms
interpretation of Inclusion.hypothesisOpAttr took 0.0417ms
interpretation of Inclusion.dyadicInterval took 0.0991ms
interpretation of Inclusion.dyadicInterval? took 0.0481ms
interpretation of Mathlib.Tactic.LinearCombinationPrime.linearCombination' took 0.26ms
interpretation of Mathlib.Tactic.LinearCombinationPrime.tacticLinear_combination2____ took 0.0637ms
interpretation of Mathlib.Tactic.command#clear_deprecations___Really took 0.988ms
interpretation of measurability took 0.0227ms
interpretation of Mathlib.Tactic.measurability took 0.0168ms
interpretation of Mathlib.Tactic.measurability? took 0.0201ms
interpretation of measurability! took 0.0201ms
interpretation of measurability!? took 0.0178ms
interpretation of Mathlib.Tactic.ModCases.tacticMod_cases_:_%_ took 0.119ms
interpretation of Mathlib.Tactic.Monotonicity.mono took 0.192ms
interpretation of Mathlib.MoveAdd.moveOperTac took 0.066ms
interpretation of Mathlib.MoveAdd.tacticMove_add_ took 0.0306ms
interpretation of Mathlib.MoveAdd.tacticMove_mul_ took 0.0303ms
interpretation of evalDet took 0.0283ms
interpretation of Polynomial.term_/ₘ_ took 0.0429ms
interpretation of Polynomial.term_%ₘ_ took 0.739ms
interpretation of OreLocalization.term__[_⁻¹_] took 0.199ms
interpretation of OreLocalization.term_/ₒ_ took 0.0577ms
interpretation of OreLocalization.term_-ₒ_ took 0.0305ms
interpretation of termGal(_/_) took 0.0597ms
interpretation of LaurentPolynomial.term_[T;T⁻¹] took 0.026ms
interpretation of term_≡_[SMOD_] took 0.0558ms
interpretation of MatrixGroups.termSL(_,_) took 0.0683ms
interpretation of Matrix.SpecialLinearGroup.term_ᵀ took 0.031ms
interpretation of Matrix.termGL took 0.0239ms
interpretation of MatrixGroups.termGL(_,_)⁺ took 0.297ms
interpretation of RatFunc.term_⟮X⟯ took 0.0255ms
interpretation of RatFunc.tacticFrac_tac took 0.0287ms
interpretation of RatFunc.tacticSmul_tac took 0.0258ms
interpretation of AddSubgroup.torsionByStx took 0.0666ms
interpretation of IntermediateField.term_⟮_,,⟯ took 0.809ms
interpretation of Matroid.aesop_mat took 0.0636ms
interpretation of Matroid.term_✶ took 0.0285ms
interpretation of Matroid.term_↾_ took 0.0484ms
interpretation of Matroid.term_≤r_ took 0.0334ms
interpretation of Matroid.term_<r_ took 0.0303ms
interpretation of Nat.termSf_ took 0.0458ms
interpretation of NumberField.term𝓞 took 0.031ms
interpretation of term_≤ᵥ_ took 0.0462ms
interpretation of ValuativeRel.term_<ᵥ_ took 0.0329ms
interpretation of ValuativeRel.term_=ᵥ_ took 0.0274ms
interpretation of Valued.term𝒪[_] took 0.0593ms
interpretation of Valued.term𝓂[_] took 0.031ms
interpretation of Valued.term𝓀[_] took 0.0318ms
interpretation of ArithmeticFunction.zeta.termζ took 0.0322ms
interpretation of ArithmeticFunction.bigproddvd took 0.112ms
interpretation of ArithmeticFunction.sigma.termσ took 0.027ms
interpretation of ArithmeticFunction.Omega.termΩ took 0.0243ms
interpretation of ArithmeticFunction.omega.termω took 0.0237ms
interpretation of ArithmeticFunction.Moebius.termμ took 0.0268ms
interpretation of Algebra.Norm.Transitivity.termMulAuxMatBlock took 0.0349ms
interpretation of InnerProductSpace.term⟪_,_⟫__ took 0.25ms
interpretation of RealInnerProductSpace.term⟪_,_⟫ took 0.088ms
interpretation of ComplexInnerProductSpace.term⟪_,_⟫ took 0.027ms
interpretation of NumberTheorySymbols.termJ(_|_) took 0.714ms
interpretation of evalRank took 0.0286ms
interpretation of Mathlib.Tactic.PNatToNat.tacticPnat_positivity took 0.0378ms
interpretation of Mathlib.Tactic.PNatToNat.tacticPnat_to_nat took 0.0238ms
interpretation of Mathlib.Tactic.Polynomial.polynomial took 0.0611ms
interpretation of Mathlib.Tactic.Polynomial.tacticPolynomial! took 0.0222ms
interpretation of Mathlib.Tactic.Polynomial.polynomialNF took 0.0422ms
interpretation of Mathlib.Tactic.Polynomial.tacticPolynomial_nf!_ took 0.03ms
interpretation of Mathlib.Tactic.Polyrith.tacticPolyrithOnly[_] took 0.344ms
interpretation of Lean.Expr.prodAssocStx took 0.0319ms
interpretation of Lean.Expr.termProd_assoc% took 0.0213ms
interpretation of Mathlib.Tactic.Recall.recall took 1.78ms
interpretation of Mathlib.Tactic.Recall.recall? took 0.0335ms
interpretation of Tactic.ReduceModChar.reduce_mod_char took 0.064ms
interpretation of Tactic.ReduceModChar.reduce_mod_char! took 0.0394ms
interpretation of Mathlib.Tactic.replace' took 0.047ms
interpretation of Mathlib.Tactic.haveIdLhs' took 0.125ms
interpretation of Mathlib.Tactic.namePolyVarsOver took 0.0917ms
interpretation of Mathlib.Tactic.namePowerVarsOver took 0.162ms
interpretation of Mathlib.Tactic.Sat.commandLrat_proof_Example____ took 0.148ms
interpretation of Mathlib.Tactic.Sat.termFrom_lrat___ took 0.0421ms
interpretation of tacticGcongr? took 0.0223ms
interpretation of ProofWidgets.HtmlCommand.htmlCmd took 0.0457ms
interpretation of Mathlib.Tactic.Widget.stringDiagram took 0.0639ms
interpretation of Lean.Elab.Term.withoutCDot took 0.172ms
interpretation of Lean.Elab.Term.withoutCDotImpl took 0.0554ms
interpretation of theorem_wanted.formatter took 0.00844ms
interpretation of proof_wanted.formatter took 0.00484ms
interpretation of def_wanted.formatter took 0.00418ms
interpretation of instance_wanted.formatter took 0.00447ms
interpretation of PiNotation.piNotation.formatter took 0.00505ms
interpretation of Mathlib.Tactic.TFAE.Parser.binder.formatter took 0.0062ms
interpretation of Mathlib.Tactic.TFAE.Parser.impTo.formatter took 0.00515ms
interpretation of Mathlib.Tactic.TFAE.Parser.impFrom.formatter took 0.005ms
interpretation of Mathlib.Tactic.TFAE.Parser.impIff.formatter took 0.00461ms
interpretation of Mathlib.Tactic.TFAE.Parser.impArrow.formatter took 0.00443ms
interpretation of Mathlib.Tactic.TFAE.Parser.tfaeType.formatter took 0.00459ms
interpretation of Mathlib.Tactic.TFAE.Parser.tfaeHaveIdLhs.formatter took 0.00442ms
interpretation of Mathlib.Tactic.TFAE.Parser.tfaeHaveIdDecl.formatter took 0.00488ms
interpretation of Mathlib.Tactic.TFAE.Parser.tfaeHavePatDecl.formatter took 0.00466ms
interpretation of Mathlib.Tactic.TFAE.Parser.tfaeHaveEqnsDecl.formatter took 0.372ms
interpretation of Mathlib.Tactic.TFAE.Parser.tfaeHaveDecl.formatter took 0.00672ms
interpretation of Mathlib.Tactic.optBinderIdent.formatter took 0.0056ms
interpretation of Lean.Elab.Term.withoutCDot.formatter took 0.00466ms
interpretation of Lean.Elab.Term.withoutCDotImpl.formatter took 0.00425ms
interpretation of theorem_wanted.parenthesizer took 0.00446ms
interpretation of proof_wanted.parenthesizer took 0.00453ms
interpretation of def_wanted.parenthesizer took 0.00339ms
interpretation of instance_wanted.parenthesizer took 0.00351ms
interpretation of PiNotation.piNotation.parenthesizer took 0.00417ms
interpretation of Mathlib.Tactic.TFAE.Parser.binder.parenthesizer took 0.00449ms
interpretation of Mathlib.Tactic.TFAE.Parser.impTo.parenthesizer took 0.00391ms
interpretation of Mathlib.Tactic.TFAE.Parser.impFrom.parenthesizer took 0.00456ms
interpretation of Mathlib.Tactic.TFAE.Parser.impIff.parenthesizer took 0.00373ms
interpretation of Mathlib.Tactic.TFAE.Parser.impArrow.parenthesizer took 0.00496ms
interpretation of Mathlib.Tactic.TFAE.Parser.tfaeType.parenthesizer took 0.00371ms
interpretation of Mathlib.Tactic.TFAE.Parser.tfaeHaveIdLhs.parenthesizer took 0.00502ms
interpretation of Mathlib.Tactic.TFAE.Parser.tfaeHaveIdDecl.parenthesizer took 0.00473ms
interpretation of Mathlib.Tactic.TFAE.Parser.tfaeHavePatDecl.parenthesizer took 0.00428ms
interpretation of Mathlib.Tactic.TFAE.Parser.tfaeHaveEqnsDecl.parenthesizer took 0.0037ms
interpretation of Mathlib.Tactic.TFAE.Parser.tfaeHaveDecl.parenthesizer took 0.0043ms
interpretation of Mathlib.Tactic.optBinderIdent.parenthesizer took 0.00369ms
interpretation of Lean.Elab.Term.withoutCDot.parenthesizer took 0.00374ms
interpretation of Lean.Elab.Term.withoutCDotImpl.parenthesizer took 0.00289ms
interpretation of Mathlib.Meta.SetNotationForOrder.delabLe took 0.00483ms
interpretation of Mathlib.Meta.SetNotationForOrder.delabLt took 0.00492ms
interpretation of Mathlib.Meta.SetNotationForOrder.delabGe took 0.00476ms
interpretation of Mathlib.Meta.SetNotationForOrder.delabGt took 0.00334ms
interpretation of Quotient._aux_Mathlib_Data_Quot___delab_app_Quotient_term⟦_⟧_1 took 0.00596ms
interpretation of Mathlib.PPWithUniv.delabWithUniv took 0.00684ms
interpretation of Mathlib.PPWithUniv.delabWithUniv took 0.00139ms
interpretation of Qq.Impl.delabQ took 0.00472ms
interpretation of Qq.Impl.delabq took 0.00383ms
interpretation of Qq.Impl.delabQuotedDefEq took 0.00493ms
interpretation of Qq.Impl.delabQuotedLevelDefEq took 0.00433ms
interpretation of Mathlib.PPWithUniv.delabWithUniv took 0.00117ms
interpretation of Mathlib.PPWithUniv.delabWithUniv took 0.000968ms
interpretation of Mathlib.PPWithUniv.delabWithUniv took 0.00114ms
interpretation of ProofWidgets.Jsx.delabHtmlElement took 0.00485ms
interpretation of ProofWidgets.Jsx.delabHtmlOfComponent took 0.00476ms
interpretation of Mathlib.PPWithUniv.delabWithUniv took 0.00144ms
interpretation of Mathlib.PPWithUniv.delabWithUniv took 0.00104ms
interpretation of Mathlib.PPWithUniv.delabWithUniv took 0.00101ms
interpretation of Mathlib.Meta.delabSup took 0.00542ms
interpretation of Mathlib.Meta.delabInf took 0.0035ms
interpretation of Prod.PrettyPrinting.delabProdFst took 0.00409ms
interpretation of Prod.PrettyPrinting.delabProdSnd took 0.00586ms
interpretation of Mathlib.PPWithUniv.delabWithUniv took 0.00143ms
interpretation of PiNotation.delabPi took 0.0177ms
interpretation of PiNotation.delabPi' took 0.00485ms
interpretation of exists_delab took 0.00413ms
interpretation of delabNotIn took 0.00371ms
interpretation of _aux_Mathlib_Order_SetNotation___delab_app_term⨆_,__1 took 0.00566ms
interpretation of _aux_Mathlib_Order_SetNotation___delab_app_term⨅_,__1 took 0.00507ms
interpretation of iSup_delab took 0.00367ms
interpretation of iInf_delab took 0.00377ms
interpretation of Set._aux_Mathlib_Order_SetNotation___delab_app_Set_term⋃_,__1 took 0.00386ms
interpretation of Set._aux_Mathlib_Order_SetNotation___delab_app_Set_term⋂_,__1 took 0.004ms
interpretation of Set.iUnion_delab took 0.00429ms
interpretation of Set.sInter_delab took 0.00367ms
interpretation of Mathlib.PPWithUniv.delabWithUniv took 0.00331ms
interpretation of Mathlib.PPWithUniv.delabWithUniv took 0.000932ms
interpretation of Mathlib.PPWithUniv.delabWithUniv took 0.000922ms
interpretation of Mathlib.PPWithUniv.delabWithUniv took 0.000884ms
interpretation of CategoryTheory.Cat.delabOf took 0.00477ms
interpretation of Mathlib.PPWithUniv.delabWithUniv took 0.000987ms
interpretation of Mathlib.PPWithUniv.delabWithUniv took 0.000901ms
interpretation of Mathlib.PPWithUniv.delabWithUniv took 0.00106ms
interpretation of Mathlib.PPWithUniv.delabWithUniv took 0.000917ms
interpretation of Mathlib.PPWithUniv.delabWithUniv took 0.000869ms
interpretation of Mathlib.PPWithUniv.delabWithUniv took 0.000873ms
interpretation of Mathlib.PPWithUniv.delabWithUniv took 0.000872ms
interpretation of Mathlib.PPWithUniv.delabWithUniv took 0.000957ms
interpretation of Mathlib.PPWithUniv.delabWithUniv took 0.00101ms
interpretation of Mathlib.PPWithUniv.delabWithUniv took 0.000897ms
interpretation of Mathlib.PPWithUniv.delabWithUniv took 0.000871ms
interpretation of Mathlib.PPWithUniv.delabWithUniv took 0.000876ms
interpretation of Mathlib.PPWithUniv.delabWithUniv took 0.000875ms
interpretation of Mathlib.PPWithUniv.delabWithUniv took 0.000877ms
interpretation of Mathlib.PPWithUniv.delabWithUniv took 0.000861ms
interpretation of Mathlib.PPWithUniv.delabWithUniv took 0.000871ms
interpretation of Mathlib.PPWithUniv.delabWithUniv took 0.000867ms
interpretation of Mathlib.PPWithUniv.delabWithUniv took 0.000887ms
interpretation of SetLike.delabSubtypeSetLike took 0.0049ms
interpretation of Mathlib.Meta.delabFinsetFilter took 0.00536ms
interpretation of BigOperators.delabFinsetProd took 0.00478ms
interpretation of BigOperators.delabFinsetSum took 0.00413ms
interpretation of RightActions._aux_Mathlib_Algebra_Group_Action_Opposite___delab_app_RightActions_term_•>__1 took 0.00614ms
interpretation of RightActions._aux_Mathlib_Algebra_Group_Action_Opposite___delab_app_RightActions_term_<•__1 took 0.0044ms
interpretation of RightActions._aux_Mathlib_Algebra_Group_Action_Opposite___delab_app_RightActions_term_+ᵥ>__1 took 0.00401ms
interpretation of RightActions._aux_Mathlib_Algebra_Group_Action_Opposite___delab_app_RightActions_term_<+ᵥ__1 took 0.00573ms
interpretation of Mathlib.PPWithUniv.delabWithUniv took 0.00113ms
interpretation of LinearMap._aux_Mathlib_Algebra_Module_LinearMap_Defs___delab_app_LinearMap_compNotation_1 took 0.00512ms
interpretation of LinearEquiv._aux_Mathlib_Algebra_Module_Equiv_Defs___delab_app_LinearEquiv_transNotation_1 took 0.00503ms
interpretation of Set.Notation._aux_Mathlib_Data_Set_Notation___delab_app_Set_Notation_term_↓∩__1 took 0.00435ms
interpretation of Set.Notation.delabSetImageSubtype took 0.0042ms
interpretation of AddMonCat.delabOf took 0.00432ms
interpretation of MonCat.delabOf took 0.00311ms
interpretation of AddCommMonCat.delabOf took 0.00451ms
interpretation of CommMonCat.delabOf took 0.00273ms
interpretation of AddGrpCat.delabOf took 0.00465ms
interpretation of GrpCat.delabOf took 0.00346ms
interpretation of AddCommGrpCat.delabOf took 0.00378ms
interpretation of CommGrpCat.delabOf took 0.00322ms
interpretation of Mathlib.PPWithUniv.delabWithUniv took 0.00102ms
interpretation of Sum.Lex._aux_Mathlib_Data_Sum_Order___delab_app_Sum_Lex_term_⊕ₗ__1 took 0.00539ms
interpretation of _aux_Mathlib_Order_InitialSeg___delab_app_term_≤i__1 took 0.00526ms
interpretation of _aux_Mathlib_Order_InitialSeg___delab_app_term_<i__1 took 0.00581ms
interpretation of Mathlib.PPWithUniv.delabWithUniv took 0.00121ms
interpretation of Mathlib.PPWithUniv.delabWithUniv took 0.00095ms
interpretation of CategoryTheory.Quiv.delabOf took 0.00449ms
interpretation of Mathlib.PPWithUniv.delabWithUniv took 0.00095ms
interpretation of Ordinal._aux_Mathlib_SetTheory_Ordinal_Basic___delab_app_Ordinal_termTypeLT__1 took 0.00501ms
interpretation of Mathlib.PPWithUniv.delabWithUniv took 0.000946ms
interpretation of Mathlib.PPWithUniv.delabWithUniv took 0.000873ms
interpretation of Mathlib.PPWithUniv.delabWithUniv took 0.000948ms
interpretation of Mathlib.PPWithUniv.delabWithUniv took 0.00108ms
interpretation of Mathlib.PPWithUniv.delabWithUniv took 0.0013ms
interpretation of Mathlib.PPWithUniv.delabWithUniv took 0.000896ms
interpretation of _aux_Mathlib_Algebra_BigOperators_Finprod___delab_app_term∑ᶠ_,__1 took 0.00612ms
interpretation of _aux_Mathlib_Algebra_BigOperators_Finprod___delab_app_term∏ᶠ_,__1 took 0.00319ms
interpretation of _aux_Mathlib_Data_DFinsupp_Defs___delab_app_termΠ₀_,__1 took 0.00597ms
interpretation of SemimoduleCat.delabOf took 0.00496ms
interpretation of ModuleCat.delabOf took 0.00465ms
interpretation of Mathlib.PPWithUniv.delabWithUniv took 0.00098ms
interpretation of Mathlib.PPWithUniv.delabWithUniv took 0.0017ms
interpretation of DirectSum._aux_Mathlib_Algebra_DirectSum_Basic___delab_app_DirectSum_term⨁_,__1 took 0.00569ms
interpretation of delabLinearIndependent took 0.00344ms
interpretation of ENNReal._aux_Mathlib_Basic_ENNReal_Basic___delab_app_ENNReal_term∞_1 took 0.00419ms
interpretation of Filter._aux_Mathlib_Order_Filter_Defs___delab_app_Filter_term∀ᶠ_In_,__1 took 0.00613ms
interpretation of Filter._aux_Mathlib_Order_Filter_Defs___delab_app_Filter_term∃ᶠ_In_,__1 took 0.00356ms
interpretation of Topology.delabIsOpen took 0.00611ms
interpretation of Topology.delabIsClosed took 0.00345ms
interpretation of Topology.delabIsClopen took 0.00339ms
interpretation of Topology.delabClosure took 0.0034ms
interpretation of Topology.delabContinuous took 0.00301ms
interpretation of WithTopology.delabToTopology took 0.00329ms
interpretation of Topology._aux_Mathlib_Topology_Defs_Filter___delab_app_Topology_nhdsNE_1 took 0.00505ms
interpretation of Topology._aux_Mathlib_Topology_Defs_Filter___delab_app_Topology_nhdsGE_1 took 0.00392ms
interpretation of Topology._aux_Mathlib_Topology_Defs_Filter___delab_app_Topology_nhdsLE_1 took 0.0037ms
interpretation of Topology._aux_Mathlib_Topology_Defs_Filter___delab_app_Topology_nhdsGT_1 took 0.00395ms
interpretation of Topology._aux_Mathlib_Topology_Defs_Filter___delab_app_Topology_nhdsLT_1 took 0.00347ms
interpretation of BigOperators.delabFinsetExpect took 0.00384ms
interpretation of _aux_Mathlib_Topology_Algebra_InfiniteSum_Defs___delab_app_term∏'[_]_,__1 took 0.00567ms
interpretation of _aux_Mathlib_Topology_Algebra_InfiniteSum_Defs___delab_app_term∑'[_]_,__1 took 0.00395ms
interpretation of _aux_Mathlib_Topology_Algebra_InfiniteSum_Defs___delab_app_term∏'_,__1 took 0.00406ms
interpretation of _aux_Mathlib_Topology_Algebra_InfiniteSum_Defs___delab_app_term∑'_,__1 took 0.00341ms
interpretation of Mathlib.PPWithUniv.delabWithUniv took 0.00101ms
interpretation of AddMonoidAlgebra.delabOfCoeff took 0.0045ms
interpretation of MonoidAlgebra.delabOfCoeff took 0.00282ms
interpretation of Algebra.delabAdjoinNotation took 0.00465ms
interpretation of Matrix.delabMatrixNotation took 0.00374ms
interpretation of Unitization.delabMk took 0.00522ms
interpretation of _aux_Mathlib_LinearAlgebra_AffineSpace_AffineSubspace_Defs___delab_app_termLine[_,_,_]_1 took 0.00481ms
interpretation of UniformConvergenceCLM._aux_Mathlib_Topology_Algebra_Module_Spaces_UniformConvergenceCLM___delab_app_UniformConvergenceCLM_term_→SLᵤ[_,_]__1 took 0.00698ms
interpretation of UniformConvergenceCLM._aux_Mathlib_Topology_Algebra_Module_Spaces_UniformConvergenceCLM___delab_app_UniformConvergenceCLM_term_→Lᵤ[_,_]__1 took 0.00518ms
interpretation of Mathlib.PPWithUniv.delabWithUniv took 0.00102ms
interpretation of _aux_Mathlib_Data_Sym_Sym2___delab_app_termS(_,_)_1 took 0.00477ms
interpretation of Inclusion.delabIVarDisplay took 0.00703ms
interpretation of delabGal took 0.0041ms
interpretation of SemiRingCat.delabOf took 0.00432ms
interpretation of RingCat.delabOf took 0.00363ms
interpretation of CommSemiRingCat.delabOf took 0.00365ms
interpretation of CommRingCat.delabOf took 0.00339ms
interpretation of IntermediateField.delabAdjoinNotation took 0.00526ms
interpretation of WithVal.delabToVal took 0.00455ms
interpretation of Mathlib.PPWithUniv.delabWithUniv took 0.000953ms
interpretation of Mathlib.PPWithUniv.delabWithUniv took 0.000944ms
interpretation of Mathlib.PPWithUniv.delabWithUniv took 0.000951ms
interpretation of Mathlib.PPWithUniv.delabWithUniv took 0.000975ms
interpretation of Mathlib.PPWithUniv.delabWithUniv took 0.000978ms
interpretation of Mathlib.PPWithUniv.delabWithUniv took 0.000922ms
interpretation of Mathlib.PPWithUniv.delabWithUniv took 0.000866ms
interpretation of Mathlib.PPWithUniv.delabWithUniv took 0.000862ms
interpretation of Mathlib.PPWithUniv.delabWithUniv took 0.00092ms
interpretation of Mathlib.PPWithUniv.delabWithUniv took 0.000863ms
interpretation of Mathlib.PPWithUniv.delabWithUniv took 0.000966ms
interpretation of _aux_Init_Notation___unexpand_Function_comp_1 took 0.00577ms
interpretation of _aux_Init_Notation___unexpand_Prod_1 took 0.00264ms
interpretation of _aux_Init_Notation___unexpand_PProd_1 took 0.00298ms
interpretation of _aux_Init_Notation___unexpand_Dvd_dvd_1 took 0.00248ms
interpretation of _aux_Init_Notation___unexpand_HOr_hOr_1 took 0.00278ms
interpretation of _aux_Init_Notation___unexpand_HXor_hXor_1 took 0.00248ms
interpretation of _aux_Init_Notation___unexpand_HAnd_hAnd_1 took 0.0023ms
interpretation of _aux_Init_Notation___unexpand_HAdd_hAdd_1 took 0.00263ms
interpretation of _aux_Init_Notation___unexpand_HSub_hSub_1 took 0.00236ms
interpretation of _aux_Init_Notation___unexpand_HMul_hMul_1 took 0.00265ms
interpretation of _aux_Init_Notation___unexpand_HDiv_hDiv_1 took 0.00199ms
interpretation of _aux_Init_Notation___unexpand_HMod_hMod_1 took 0.00221ms
interpretation of _aux_Init_Notation___unexpand_HShiftLeft_hShiftLeft_1 took 0.00229ms
interpretation of _aux_Init_Notation___unexpand_HShiftRight_hShiftRight_1 took 0.00287ms
interpretation of _aux_Init_Notation___unexpand_HPow_hPow_1 took 0.00222ms
interpretation of _aux_Init_Notation___unexpand_HAppend_hAppend_1 took 0.0027ms
interpretation of _aux_Init_Notation___unexpand_Neg_neg_1 took 0.0022ms
interpretation of _aux_Init_Notation___unexpand_Complement_complement_1 took 0.00203ms
interpretation of _aux_Init_Notation___unexpand_Inv_inv_1 took 0.00229ms
interpretation of _aux_Init_Notation___unexpand_HSMul_hSMul_1 took 0.00224ms
interpretation of _aux_Init_Notation___unexpand_GE_ge_1 took 0.00228ms
interpretation of _aux_Init_Notation___unexpand_LE_le_1 took 0.00263ms
interpretation of _aux_Init_Notation___unexpand_LE_le_2 took 0.00248ms
interpretation of _aux_Init_Notation___unexpand_LT_lt_1 took 0.0025ms
interpretation of _aux_Init_Notation___unexpand_GE_ge_2 took 0.00222ms
interpretation of _aux_Init_Notation___unexpand_GT_gt_1 took 0.00244ms
interpretation of _aux_Init_Notation___unexpand_Eq_1 took 0.00236ms
interpretation of _aux_Init_Notation___unexpand_BEq_beq_1 took 0.00214ms
interpretation of _aux_Init_Notation___unexpand_HEq_1 took 0.00197ms
interpretation of _aux_Init_Notation___unexpand_And_1 took 0.00257ms
interpretation of _aux_Init_Notation___unexpand_Or_1 took 0.00197ms
interpretation of _aux_Init_Notation___unexpand_Not_1 took 0.00217ms
interpretation of _aux_Init_Notation___unexpand_Bool_and_1 took 0.00277ms
interpretation of _aux_Init_Notation___unexpand_Bool_or_1 took 0.00292ms
interpretation of _aux_Init_Notation___unexpand_Bool_not_1 took 0.00206ms
interpretation of _aux_Init_Notation___unexpand_Membership_mem_1 took 0.00271ms
interpretation of _aux_Init_Notation___unexpand_List_cons_1 took 0.00255ms
interpretation of _aux_Init_Notation___unexpand_Functor_map_1 took 0.00286ms
interpretation of _aux_Init_Notation___unexpand_Bind_bind_1 took 0.00249ms
interpretation of _aux_Init_Core___unexpand_Iff_1 took 0.00347ms
interpretation of _aux_Init_Core___unexpand_Iff_2 took 0.0019ms
interpretation of _aux_Init_Core___unexpand_Sum_1 took 0.00175ms
interpretation of _aux_Init_Core___unexpand_PSum_1 took 0.0023ms
interpretation of _aux_Init_Core___unexpand_HasEquiv_Equiv_1 took 0.00306ms
interpretation of _aux_Init_Core___unexpand_HasSubset_Subset_1 took 0.00271ms
interpretation of _aux_Init_Core___unexpand_HasSSubset_SSubset_1 took 0.00246ms
interpretation of _aux_Init_Core___unexpand_Superset_1 took 0.00219ms
interpretation of _aux_Init_Core___unexpand_SSuperset_1 took 0.0028ms
interpretation of _aux_Init_Core___unexpand_Union_union_1 took 0.00241ms
interpretation of _aux_Init_Core___unexpand_Inter_inter_1 took 0.00249ms
interpretation of _aux_Init_Core___unexpand_SDiff_sdiff_1 took 0.00235ms
interpretation of _aux_Init_Core___unexpand_EmptyCollection_emptyCollection_1 took 0.00282ms
interpretation of _aux_Init_Core___unexpand_EmptyCollection_emptyCollection_2 took 0.0127ms
interpretation of _aux_Init_Core___unexpand_bne_1 took 0.00487ms
interpretation of _aux_Init_Core___unexpand_Ne_1 took 0.00295ms
interpretation of _aux_Init_Control_Basic___unexpand_Functor_mapRev_1 took 0.00303ms
interpretation of _aux_Init_Control_Basic___unexpand_orM_1 took 0.00254ms
interpretation of _aux_Init_Control_Basic___unexpand_andM_1 took 0.00766ms
interpretation of _aux_Init_Control_Basic___unexpand_Bind_kleisliRight_1 took 0.00399ms
interpretation of _aux_Init_Control_Basic___unexpand_Bind_kleisliLeft_1 took 0.00311ms
interpretation of _aux_Init_Control_Basic___unexpand_Bind_bindLeft_1 took 0.00231ms
interpretation of Int._aux_Init_Data_Int_Basic___unexpand_Int_negSucc_1 took 0.00448ms
interpretation of List._aux_Init_Data_List_Basic___unexpand_List_Sublist_1 took 0.00355ms
interpretation of List._aux_Init_Data_List_Basic___unexpand_List_IsPrefix_1 took 0.00303ms
interpretation of List._aux_Init_Data_List_Basic___unexpand_List_IsSuffix_1 took 0.00267ms
interpretation of List._aux_Init_Data_List_Basic___unexpand_List_IsInfix_1 took 0.00233ms
interpretation of List._aux_Init_Data_List_Basic___unexpand_List_Perm_1 took 0.00219ms
interpretation of unexpandUnit took 0.00358ms
interpretation of unexpandListNil took 0.0021ms
interpretation of unexpandListCons took 0.00266ms
interpretation of unexpandListToArray took 0.00159ms
interpretation of unexpandProdMk took 0.00274ms
interpretation of unexpandIte took 0.00168ms
interpretation of unexpandEqNDRec took 0.0021ms
interpretation of unexpandEqRec took 0.00259ms
interpretation of unexpandExists took 0.00204ms
interpretation of unexpandSigma took 0.00202ms
interpretation of unexpandPSigma took 0.00231ms
interpretation of unexpandSubtype took 0.00233ms
interpretation of unexpandTSyntax took 0.0612ms
interpretation of unexpandTSyntaxArray took 0.00259ms
interpretation of unexpandTSepArray took 0.00212ms
interpretation of unexpandGetElem took 0.00193ms
interpretation of unexpandGetElem! took 0.00215ms
interpretation of unexpandGetElem? took 0.00225ms
interpretation of unexpandArrayEmpty took 0.00179ms
interpretation of unexpandMkArray0 took 0.00168ms
interpretation of unexpandMkArray1 took 0.00217ms
interpretation of unexpandMkArray2 took 0.00202ms
interpretation of unexpandMkArray3 took 0.00224ms
interpretation of unexpandMkArray4 took 0.00216ms
interpretation of unexpandMkArray5 took 0.00226ms
interpretation of unexpandMkArray6 took 0.0022ms
interpretation of unexpandMkArray7 took 0.00253ms
interpretation of unexpandMkArray8 took 0.00198ms
interpretation of Lean.singletonUnexpander took 0.00301ms
interpretation of Lean.insertUnexpander took 0.00269ms
interpretation of Bool._aux_Init_Data_Bool___unexpand_Bool_xor_1 took 0.00421ms
interpretation of Lean.Grind.nestedProofUnexpander took 0.00442ms
interpretation of Lean.Grind.matchCondUnexpander took 0.0031ms
interpretation of Lean.Grind.eqMatchUnexpander took 0.00193ms
interpretation of Lean.Grind.offsetUnexpander took 0.002ms
interpretation of Lean.Grind.natCastUnexpander took 0.00209ms
interpretation of Lean.Grind.markerUnexpander took 0.00232ms
interpretation of BitVec.unexpandBitVecOfNat took 0.003ms
interpretation of BitVec.unexpandBitVecOfNatLt took 0.00172ms
interpretation of Rat._aux_Init_Data_Rat_Basic___unexpand_Rat_divInt_1 took 0.00354ms
interpretation of Lean.Grind.toIntUnexpander took 0.00261ms
interpretation of Lean.Grind.nodeDefUnexpander took 0.00284ms
interpretation of Lean.Grind.NodeDefUnexpander took 0.00183ms
interpretation of Lean.Grind.CommRing.OfCommSemiring.toQUnexpander took 0.00339ms
interpretation of Lean.Grind.leftInvUnexpander took 0.00255ms
interpretation of Vector.unexpandMk took 0.00277ms
interpretation of Array._aux_Init_Data_Array_Perm___unexpand_Array_Perm_1 took 0.00332ms
interpretation of Vector._aux_Init_Data_Vector_Perm___unexpand_Vector_Perm_1 took 0.00327ms
interpretation of Lean.Order._aux_Init_Internal_Order_Basic___unexpand_Lean_Order_PartialOrder_rel_1 took 0.00403ms
interpretation of Lean.Order._aux_Init_Internal_Order_Basic___unexpand_Lean_Order_bot_1 took 0.00328ms
interpretation of Lean.Try.markerUnexpander took 0.00271ms
interpretation of Std.DHashMap.Raw._aux_Std_Data_DHashMap_Raw___unexpand_Std_DHashMap_Raw_Equiv_1 took 0.00478ms
interpretation of Std.DHashMap._aux_Std_Data_DHashMap_Basic___unexpand_Std_DHashMap_Equiv_1 took 0.00311ms
interpretation of Std.HashMap._aux_Std_Data_HashMap_Basic___unexpand_Std_HashMap_Equiv_1 took 0.00366ms
interpretation of Std.HashSet._aux_Std_Data_HashSet_Basic___unexpand_Std_HashSet_Equiv_1 took 0.00376ms
interpretation of Std.DTreeMap.Internal.Impl._aux_Std_Data_DTreeMap_Internal_Queries___unexpand_Std_DTreeMap_Internal_Impl_Equiv_1 took 0.0048ms
interpretation of Std.DTreeMap._aux_Std_Data_DTreeMap_Basic___unexpand_Std_DTreeMap_Equiv_1 took 0.00357ms
interpretation of Std.TreeMap._aux_Std_Data_TreeMap_Basic___unexpand_Std_TreeMap_Equiv_1 took 0.00368ms
interpretation of Std.TreeSet._aux_Std_Data_TreeSet_Basic___unexpand_Std_TreeSet_Equiv_1 took 0.00379ms
interpretation of Std.HashMap.Raw._aux_Std_Data_HashMap_Raw___unexpand_Std_HashMap_Raw_Equiv_1 took 0.0791ms
interpretation of Std.DTreeMap.Raw._aux_Std_Data_DTreeMap_Raw_Basic___unexpand_Std_DTreeMap_Raw_Equiv_1 took 0.00563ms
interpretation of Std.TreeMap.Raw._aux_Std_Data_TreeMap_Raw_Basic___unexpand_Std_TreeMap_Raw_Equiv_1 took 0.00362ms
interpretation of Lean.Compiler._aux_Lean_Compiler_LCNF_Types___unexpand_lcErased_1 took 0.0043ms
interpretation of _aux_Mathlib_Data_Nat_Notation___unexpand_Nat_1 took 0.0319ms
interpretation of _aux_Mathlib_Data_Int_Notation___unexpand_Int_1 took 0.00453ms
interpretation of _aux_Mathlib_Algebra_Notation_Defs___unexpand_HVAdd_hVAdd_1 took 0.00515ms
interpretation of _aux_Mathlib_Algebra_Notation_Defs___unexpand_VSub_vsub_1 took 0.103ms
interpretation of _aux_Mathlib_Algebra_Notation_Defs___unexpand_SDiv_sdiv_1 took 0.00439ms
interpretation of Function._aux_Mathlib_Logic_Function_Defs___unexpand_Function_dcomp_1 took 0.00882ms
interpretation of Function._aux_Mathlib_Logic_Function_Defs___unexpand_Function_onFun_1 took 0.00479ms
interpretation of Mathlib.Notation.unexpandExistsUnique took 0.00449ms
interpretation of Mathlib.Meta.ofPred.unexpander took 0.0069ms
interpretation of Mathlib.Meta.ofPredPatternMatchUnexpander took 0.00381ms
interpretation of Set._aux_Mathlib_Data_Set_Defs___unexpand_Set_powerset_1 took 0.00383ms
interpretation of Function._aux_Mathlib_Logic_Function_Basic___unexpand_Function_HasUncurry_uncurry_1 took 0.00517ms
interpretation of Relator._aux_Mathlib_Logic_Relator___unexpand_Relator_LiftFun_1 took 0.00391ms
interpretation of Std.Do.SPred.Notation.unexpandPure took 0.00428ms
interpretation of Std.Do.SPred.Notation.unexpandEntails took 0.00246ms
interpretation of Std.Do.SPred.Notation.unexpandBientails took 0.00279ms
interpretation of Std.Do.SPred.Notation.unexpandAnd took 0.00231ms
interpretation of Std.Do.SPred.Notation.unexpandOr took 0.00272ms
interpretation of Std.Do.SPred.Notation.unexpandNot took 0.00267ms
interpretation of Std.Do.SPred.Notation.unexpandImp took 0.00308ms
interpretation of Std.Do.SPred.Notation.unexpandForall took 0.00313ms
interpretation of Std.Do.SPred.Notation.unexpandExists took 0.00377ms
interpretation of Std.Do.SPred.Notation.unexpandIff took 0.00215ms
interpretation of Std.Do._aux_Std_Do_PostCond___unexpand_Std_Do_ExceptConds_entails_1 took 0.00427ms
interpretation of Std.Do._aux_Std_Do_PostCond___unexpand_Std_Do_ExceptConds_and_1 took 0.00261ms
interpretation of Std.Do._aux_Std_Do_PostCond___unexpand_Std_Do_ExceptConds_imp_1 took 0.00242ms
interpretation of Std.Do._aux_Std_Do_PostCond___unexpand_Std_Do_PostCond_entails_1 took 0.00312ms
interpretation of Std.Do._aux_Std_Do_PostCond___unexpand_Std_Do_PostCond_and_1 took 0.00271ms
interpretation of Std.Do._aux_Std_Do_PostCond___unexpand_Std_Do_PostCond_imp_1 took 0.00216ms
interpretation of Std.Do.unexpandWP took 0.00271ms
interpretation of Std.Do.unexpandTriple took 0.00301ms
interpretation of _aux_Mathlib_Logic_Equiv_Defs___unexpand_Equiv_1 took 0.00516ms
interpretation of Opposite.unexpander_op took 0.00388ms
interpretation of _aux_Mathlib_Data_Opposite___unexpand_Opposite_1 took 0.00323ms
interpretation of _aux_Mathlib_Combinatorics_Quiver_Basic___unexpand_Quiver_Hom_1 took 0.004ms
interpretation of Qq._aux_Qq_Macro___unexpand_Qq_QuotedDefEq_1 took 0.00656ms
interpretation of List._aux_Batteries_Data_List_Basic___unexpand_List_Subperm_1 took 0.00617ms
interpretation of Std.TreeSet.Raw._aux_Std_Data_TreeSet_Raw_Basic___unexpand_Std_TreeSet_Raw_Equiv_1 took 0.00494ms
interpretation of Mathlib.Tactic.TermCongr.unexpandCHole took 0.00596ms
interpretation of CategoryTheory._aux_Mathlib_CategoryTheory_Category_Basic___unexpand_CategoryTheory_CategoryStruct_id_1 took 0.00621ms
interpretation of CategoryTheory._aux_Mathlib_CategoryTheory_Category_Basic___unexpand_CategoryTheory_CategoryStruct_comp_1 took 0.00452ms
interpretation of CategoryTheory._aux_Mathlib_CategoryTheory_Category_Basic___unexpand_CategoryTheory_eq_whisker_1 took 0.00418ms
interpretation of CategoryTheory._aux_Mathlib_CategoryTheory_Category_Basic___unexpand_CategoryTheory_whisker_eq_1 took 0.00464ms
interpretation of Prefunctor._aux_Mathlib_Combinatorics_Quiver_Prefunctor___unexpand_Prefunctor_1 took 0.00441ms
interpretation of Prefunctor._aux_Mathlib_Combinatorics_Quiver_Prefunctor___unexpand_Prefunctor_comp_1 took 0.00379ms
interpretation of Prefunctor._aux_Mathlib_Combinatorics_Quiver_Prefunctor___unexpand_Prefunctor_id_1 took 0.00382ms
interpretation of CategoryTheory._aux_Mathlib_CategoryTheory_Functor_Basic___unexpand_CategoryTheory_Functor_1 took 0.00441ms
interpretation of CategoryTheory._aux_Mathlib_CategoryTheory_Functor_Basic___unexpand_CategoryTheory_Functor_id_1 took 0.00378ms
interpretation of CategoryTheory._aux_Mathlib_CategoryTheory_Functor_Basic___unexpand_CategoryTheory_Functor_comp_1 took 0.00468ms
interpretation of CategoryTheory._aux_Mathlib_CategoryTheory_Iso___unexpand_CategoryTheory_Iso_1 took 0.00401ms
interpretation of CategoryTheory.Iso._aux_Mathlib_CategoryTheory_Iso___unexpand_CategoryTheory_Iso_trans_1 took 0.0047ms
interpretation of CategoryTheory.NatTrans._aux_Mathlib_CategoryTheory_Functor_Category___unexpand_CategoryTheory_NatTrans_hcomp_1 took 0.00501ms
interpretation of _aux_Mathlib_Order_Defs_PartialOrder___unexpand_WCovBy_1 took 0.0048ms
interpretation of _aux_Mathlib_Order_Defs_PartialOrder___unexpand_CovBy_1 took 0.00352ms
interpretation of _aux_Mathlib_Order_Notation___unexpand_Compl_compl_1 took 0.00412ms
interpretation of _aux_Mathlib_Order_Notation___unexpand_HImp_himp_1 took 0.0034ms
interpretation of _aux_Mathlib_Order_Notation___unexpand_HNot_hnot_1 took 0.00377ms
interpretation of _aux_Mathlib_Order_Notation___unexpand_Top_top_1 took 0.0031ms
interpretation of _aux_Mathlib_Order_Notation___unexpand_Bot_bot_1 took 0.00284ms
interpretation of _aux_Mathlib_Order_Basic___unexpand_Order_Preimage_1 took 0.0046ms
interpretation of _aux_Mathlib_Order_OrderDual___unexpand_OrderDual_1 took 0.00501ms
interpretation of _aux_Mathlib_Logic_Function_Iterate___unexpand_Nat_iterate_1 took 0.00425ms
interpretation of _aux_Mathlib_Data_SProd___unexpand_SProd_sprod_1 took 0.00361ms
interpretation of Set._aux_Mathlib_Data_Set_Operations___unexpand_Set_preimage_1 took 0.00386ms
interpretation of Set._aux_Mathlib_Data_Set_Operations___unexpand_Set_image_1 took 0.00369ms
interpretation of CategoryTheory._aux_Mathlib_CategoryTheory_Equivalence___unexpand_CategoryTheory_Equivalence_1 took 0.00559ms
interpretation of CategoryTheory.Prod._aux_Mathlib_CategoryTheory_Products_Basic___unexpand_CategoryTheory_Prod_mkHom_1 took 0.00569ms
interpretation of symmDiff._aux_Mathlib_Order_SymmDiff___unexpand_symmDiff_1 took 0.0397ms
interpretation of symmDiff._aux_Mathlib_Order_SymmDiff___unexpand_bihimp_1 took 0.00381ms
interpretation of Function._aux_Mathlib_Logic_Embedding_Basic___unexpand_Function_Embedding_1 took 0.00459ms
interpretation of _aux_Mathlib_Order_RelIso_Basic___unexpand_RelHom_1 took 0.00541ms
interpretation of _aux_Mathlib_Order_RelIso_Basic___unexpand_RelEmbedding_1 took 0.00396ms
interpretation of _aux_Mathlib_Order_RelIso_Basic___unexpand_RelIso_1 took 0.0033ms
interpretation of _aux_Mathlib_Order_Hom_Basic___unexpand_OrderHom_1 took 0.00535ms
interpretation of _aux_Mathlib_Order_Hom_Basic___unexpand_OrderEmbedding_1 took 0.00387ms
interpretation of _aux_Mathlib_Order_Hom_Basic___unexpand_OrderIso_1 took 0.00348ms
interpretation of Set._aux_Mathlib_Order_SetNotation___unexpand_Set_sInter_1 took 0.00472ms
interpretation of Set._aux_Mathlib_Order_SetNotation___unexpand_Set_sUnion_1 took 0.00399ms
interpretation of CategoryTheory._aux_Mathlib_CategoryTheory_Types_Basic___unexpand_TypeCat_ofHom_1 took 0.00498ms
interpretation of CategoryTheory._aux_Mathlib_CategoryTheory_Adjunction_Basic___unexpand_CategoryTheory_Adjunction_1 took 0.00834ms
interpretation of CategoryTheory.Bicategory._aux_Mathlib_CategoryTheory_Bicategory_Basic___unexpand_CategoryTheory_Bicategory_whiskerLeft_1 took 0.00609ms
interpretation of CategoryTheory.Bicategory._aux_Mathlib_CategoryTheory_Bicategory_Basic___unexpand_CategoryTheory_Bicategory_whiskerRight_1 took 0.0043ms
interpretation of CategoryTheory.Bicategory._aux_Mathlib_CategoryTheory_Bicategory_Basic___unexpand_CategoryTheory_Bicategory_associator_1 took 0.00402ms
interpretation of CategoryTheory.Bicategory._aux_Mathlib_CategoryTheory_Bicategory_Basic___unexpand_CategoryTheory_Bicategory_leftUnitor_1 took 0.00332ms
interpretation of CategoryTheory.Bicategory._aux_Mathlib_CategoryTheory_Bicategory_Basic___unexpand_CategoryTheory_Bicategory_rightUnitor_1 took 0.00367ms
interpretation of CategoryTheory.Bicategory._aux_Mathlib_CategoryTheory_Bicategory_Basic___unexpand_CategoryTheory_Bicategory_whiskerLeftIso_1 took 0.794ms
interpretation of CategoryTheory.Bicategory._aux_Mathlib_CategoryTheory_Bicategory_Basic___unexpand_CategoryTheory_Bicategory_whiskerRightIso_1 took 0.012ms
interpretation of CategoryTheory.TwoSquare._aux_Mathlib_CategoryTheory_Functor_TwoSquare___unexpand_CategoryTheory_TwoSquare_hId_1 took 0.00692ms
interpretation of CategoryTheory.TwoSquare._aux_Mathlib_CategoryTheory_Functor_TwoSquare___unexpand_CategoryTheory_TwoSquare_vId_1 took 0.00569ms
interpretation of CategoryTheory.TwoSquare._aux_Mathlib_CategoryTheory_Functor_TwoSquare___unexpand_CategoryTheory_TwoSquare_hComp_1 took 0.00377ms
interpretation of CategoryTheory.TwoSquare._aux_Mathlib_CategoryTheory_Functor_TwoSquare___unexpand_CategoryTheory_TwoSquare_vComp_1 took 0.00403ms
interpretation of CategoryTheory.Limits._aux_Mathlib_CategoryTheory_Limits_Shapes_Terminal___unexpand_CategoryTheory_Limits_terminal_1 took 0.00547ms
interpretation of CategoryTheory.Limits._aux_Mathlib_CategoryTheory_Limits_Shapes_Terminal___unexpand_CategoryTheory_Limits_initial_1 took 0.00453ms
interpretation of CategoryTheory.Limits._aux_Mathlib_CategoryTheory_Limits_Shapes_BinaryProducts_BinaryProducts___unexpand_CategoryTheory_Limits_prod_1 took 0.00492ms
interpretation of CategoryTheory.Limits._aux_Mathlib_CategoryTheory_Limits_Shapes_BinaryProducts_BinaryProducts___unexpand_CategoryTheory_Limits_coprod_1 took 0.00417ms
interpretation of Functor._aux_Mathlib_Control_Functor___unexpand_Functor_mapConstRev_1 took 0.00534ms
interpretation of CategoryTheory.Limits._aux_Mathlib_CategoryTheory_Limits_Shapes_Products___unexpand_CategoryTheory_Limits_piObj_1 took 0.00568ms
interpretation of CategoryTheory.Limits._aux_Mathlib_CategoryTheory_Limits_Shapes_Products___unexpand_CategoryTheory_Limits_sigmaObj_1 took 0.00491ms
interpretation of Multiset._aux_Mathlib_Data_Multiset_ZeroCons___unexpand_Multiset_cons_1 took 0.00577ms
interpretation of Finset._aux_Mathlib_Data_Finset_Card___unexpand_Finset_card_1 took 0.00489ms
interpretation of _aux_Mathlib_Algebra_Opposites___unexpand_MulOpposite_1 took 0.00528ms
interpretation of _aux_Mathlib_Algebra_Opposites___unexpand_AddOpposite_1 took 0.00279ms
interpretation of _aux_Mathlib_Algebra_Divisibility_Basic___unexpand_RightDvd_1 took 0.00339ms
interpretation of _aux_Mathlib_Algebra_Group_Hom_Defs___unexpand_AddHom_1 took 0.00524ms
interpretation of _aux_Mathlib_Algebra_Group_Hom_Defs___unexpand_AddMonoidHom_1 took 0.00344ms
interpretation of _aux_Mathlib_Algebra_Group_Hom_Defs___unexpand_MulHom_1 took 0.00475ms
interpretation of _aux_Mathlib_Algebra_Group_Hom_Defs___unexpand_MonoidHom_1 took 0.0038ms
interpretation of _aux_Mathlib_Algebra_Group_Units_Defs___unexpand_Units_1 took 0.00468ms
interpretation of _aux_Mathlib_Algebra_Group_Units_Defs___unexpand_divp_1 took 0.00314ms
interpretation of List._aux_Mathlib_Data_List_Rotate___unexpand_List_IsRotated_1 took 0.00441ms
interpretation of _aux_Mathlib_Algebra_Group_Equiv_Defs___unexpand_MulEquiv_1 took 0.00502ms
interpretation of _aux_Mathlib_Algebra_Group_Equiv_Defs___unexpand_AddEquiv_1 took 0.00312ms
interpretation of Matrix.vecConsUnexpander took 0.00495ms
interpretation of Matrix.vecEmptyUnexpander took 0.00382ms
interpretation of CategoryTheory.Limits._aux_Mathlib_CategoryTheory_Limits_Shapes_Biproducts___unexpand_CategoryTheory_Limits_biproduct_1 took 0.00522ms
interpretation of CategoryTheory.Limits._aux_Mathlib_CategoryTheory_Limits_Shapes_BinaryBiproducts___unexpand_CategoryTheory_Limits_biprod_1 took 0.00496ms
interpretation of CategoryTheory.Bicategory._aux_Mathlib_CategoryTheory_Bicategory_Functor_Oplax___unexpand_CategoryTheory_OplaxFunctor_1 took 0.00447ms
interpretation of CategoryTheory.Bicategory._aux_Mathlib_CategoryTheory_Bicategory_Functor_Lax___unexpand_CategoryTheory_LaxFunctor_1 took 0.00467ms
interpretation of CategoryTheory.Bicategory._aux_Mathlib_CategoryTheory_Bicategory_Functor_Pseudofunctor___unexpand_CategoryTheory_Pseudofunctor_1 took 0.00503ms
interpretation of _aux_Mathlib_Algebra_GroupWithZero_Hom___unexpand_MonoidWithZeroHom_1 took 0.00432ms
interpretation of _aux_Mathlib_Algebra_Ring_Hom_Defs___unexpand_NonUnitalRingHom_1 took 0.00469ms
interpretation of _aux_Mathlib_Algebra_Ring_Hom_Defs___unexpand_RingHom_1 took 0.00275ms
interpretation of Ring._aux_Mathlib_Algebra_GroupWithZero_Units_Basic___unexpand_Ring_inverse_1 took 0.00459ms
interpretation of _aux_Mathlib_Data_Bracket___unexpand_Bracket_bracket_1 took 0.00448ms
interpretation of CategoryTheory.MonoidalCategory._aux_Mathlib_CategoryTheory_Monoidal_Category___unexpand_CategoryTheory_MonoidalCategoryStruct_tensorObj_1 took 0.00629ms
interpretation of CategoryTheory.MonoidalCategory._aux_Mathlib_CategoryTheory_Monoidal_Category___unexpand_CategoryTheory_MonoidalCategoryStruct_whiskerLeft_1 took 0.00601ms
interpretation of CategoryTheory.MonoidalCategory._aux_Mathlib_CategoryTheory_Monoidal_Category___unexpand_CategoryTheory_MonoidalCategoryStruct_whiskerRight_1 took 0.00436ms
interpretation of CategoryTheory.MonoidalCategory._aux_Mathlib_CategoryTheory_Monoidal_Category___unexpand_CategoryTheory_MonoidalCategoryStruct_tensorHom_1 took 0.0043ms
interpretation of CategoryTheory.MonoidalCategory._aux_Mathlib_CategoryTheory_Monoidal_Category___unexpand_CategoryTheory_MonoidalCategoryStruct_tensorUnit_1 took 0.00441ms
interpretation of CategoryTheory.MonoidalCategory._aux_Mathlib_CategoryTheory_Monoidal_Category___unexpand_CategoryTheory_MonoidalCategoryStruct_associator_1 took 0.0047ms
interpretation of CategoryTheory.MonoidalCategory._aux_Mathlib_CategoryTheory_Monoidal_Category___unexpand_CategoryTheory_MonoidalCategoryStruct_leftUnitor_1 took 0.00421ms
interpretation of CategoryTheory.MonoidalCategory._aux_Mathlib_CategoryTheory_Monoidal_Category___unexpand_CategoryTheory_MonoidalCategoryStruct_rightUnitor_1 took 0.00421ms
interpretation of CategoryTheory.MonoidalCategory._aux_Mathlib_CategoryTheory_Monoidal_Category___unexpand_CategoryTheory_MonoidalCategory_tensorIso_1 took 0.00392ms
interpretation of CategoryTheory.MonoidalCategory._aux_Mathlib_CategoryTheory_Monoidal_Category___unexpand_CategoryTheory_MonoidalCategory_whiskerLeftIso_1 took 0.00443ms
interpretation of CategoryTheory.MonoidalCategory._aux_Mathlib_CategoryTheory_Monoidal_Category___unexpand_CategoryTheory_MonoidalCategory_whiskerRightIso_1 took 0.00392ms
interpretation of CategoryTheory._aux_Mathlib_CategoryTheory_Limits_ExactFunctor___unexpand_CategoryTheory_LeftExactFunctor_1 took 0.00527ms
interpretation of CategoryTheory._aux_Mathlib_CategoryTheory_Limits_ExactFunctor___unexpand_CategoryTheory_RightExactFunctor_1 took 0.0812ms
interpretation of CategoryTheory._aux_Mathlib_CategoryTheory_Limits_ExactFunctor___unexpand_CategoryTheory_ExactFunctor_1 took 0.0055ms
interpretation of Nat._aux_Mathlib_Data_Nat_Factorial_Basic___unexpand_Nat_factorial_1 took 0.00651ms
interpretation of _aux_Mathlib_Algebra_Group_Invertible_Defs___unexpand_Invertible_invOf_1 took 0.00439ms
interpretation of _aux_Mathlib_Data_Rat_Init___unexpand_Rat_1 took 0.00344ms
interpretation of _aux_Mathlib_Data_Rat_Init___unexpand_NNRat_1 took 0.00352ms
interpretation of CategoryTheory._aux_Mathlib_CategoryTheory_Preadditive_AdditiveFunctor___unexpand_CategoryTheory_AdditiveFunctor_1 took 0.00552ms
interpretation of _aux_Mathlib_Algebra_Ring_Equiv___unexpand_RingEquiv_1 took 0.00421ms
interpretation of _aux_Mathlib_GroupTheory_GroupAction_Hom___unexpand_MulActionHom_1 took 0.00609ms
interpretation of _aux_Mathlib_GroupTheory_GroupAction_Hom___unexpand_MulActionHom_2 took 0.00328ms
interpretation of _aux_Mathlib_GroupTheory_GroupAction_Hom___unexpand_AddActionHom_1 took 0.00381ms
interpretation of _aux_Mathlib_GroupTheory_GroupAction_Hom___unexpand_AddActionHom_2 took 0.00332ms
interpretation of _aux_Mathlib_GroupTheory_GroupAction_Hom___unexpand_DistribMulActionHom_1 took 0.00386ms
interpretation of _aux_Mathlib_GroupTheory_GroupAction_Hom___unexpand_DistribMulActionHom_2 took 0.00387ms
interpretation of _aux_Mathlib_GroupTheory_GroupAction_Hom___unexpand_MulDistribMulActionHom_1 took 0.00352ms
interpretation of _aux_Mathlib_GroupTheory_GroupAction_Hom___unexpand_MulDistribMulActionHom_2 took 0.00358ms
interpretation of _aux_Mathlib_GroupTheory_GroupAction_Hom___unexpand_MulSemiringActionHom_1 took 0.00447ms
interpretation of _aux_Mathlib_GroupTheory_GroupAction_Hom___unexpand_MulSemiringActionHom_2 took 0.00347ms
interpretation of _aux_Mathlib_Algebra_Module_LinearMap_Defs___unexpand_LinearMap_1 took 0.00534ms
interpretation of _aux_Mathlib_Algebra_Module_LinearMap_Defs___unexpand_LinearMap_2 took 0.00349ms
interpretation of LinearMap._aux_Mathlib_Algebra_Module_LinearMap_Defs___unexpand_LinearMap_comp_1 took 0.00461ms
interpretation of RingTheory.LinearMap._aux_Mathlib_Algebra_Algebra_Defs___unexpand_Algebra_linearMap_1 took 0.00441ms
interpretation of RingTheory.LinearMap._aux_Mathlib_Algebra_Algebra_Defs___unexpand_Algebra_linearMap_2 took 0.00389ms
interpretation of _aux_Mathlib_Algebra_Module_Equiv_Defs___unexpand_LinearEquiv_1 took 0.00522ms
interpretation of _aux_Mathlib_Algebra_Module_Equiv_Defs___unexpand_LinearEquiv_2 took 0.00312ms
interpretation of mabs.unexpander took 0.00525ms
interpretation of abs.unexpander took 0.00263ms
interpretation of Interval._aux_Mathlib_Order_Interval_Set_UnorderedInterval___unexpand_Set_uIcc_1 took 0.00429ms
interpretation of Interval._aux_Mathlib_Order_Interval_Set_UnorderedInterval___unexpand_Set_uIoc_1 took 0.00337ms
interpretation of _aux_Mathlib_Data_PNat_Notation___unexpand_PNat_1 took 0.00393ms
interpretation of _aux_Mathlib_Algebra_Notation___unexpand_OneLePart_oneLePart_1 took 0.0038ms
interpretation of _aux_Mathlib_Algebra_Notation___unexpand_LeOnePart_leOnePart_1 took 0.00348ms
interpretation of _aux_Mathlib_Algebra_Notation___unexpand_PosPart_posPart_1 took 0.00287ms
interpretation of _aux_Mathlib_Algebra_Notation___unexpand_NegPart_negPart_1 took 0.0037ms
interpretation of AddCommGroup._aux_Mathlib_Algebra_Group_ModEq___unexpand_AddCommGroup_ModEq_1 took 0.00516ms
interpretation of _aux_Mathlib_Data_Nat_ModEq___unexpand_Nat_ModEq_1 took 0.00446ms
interpretation of _aux_Mathlib_Data_Int_ModEq___unexpand_Int_ModEq_1 took 0.00409ms
interpretation of _aux_Mathlib_Data_ENat_Defs___unexpand_ENat_1 took 0.00401ms
interpretation of _aux_Mathlib_Algebra_Order_Hom_Monoid___unexpand_OrderAddMonoidHom_1 took 0.0043ms
interpretation of _aux_Mathlib_Algebra_Order_Hom_Monoid___unexpand_OrderAddMonoidIso_1 took 0.00455ms
interpretation of _aux_Mathlib_Algebra_Order_Hom_Monoid___unexpand_OrderMonoidHom_1 took 0.00352ms
interpretation of _aux_Mathlib_Algebra_Order_Hom_Monoid___unexpand_OrderMonoidIso_1 took 0.00281ms
interpretation of _aux_Mathlib_Algebra_Order_Hom_MonoidWithZero___unexpand_OrderMonoidWithZeroHom_1 took 0.00476ms
interpretation of _aux_Mathlib_Algebra_Order_Hom_Ring___unexpand_OrderRingHom_1 took 0.00489ms
interpretation of _aux_Mathlib_Algebra_Order_Hom_Ring___unexpand_OrderRingIso_1 took 0.00312ms
interpretation of List.Vector._aux_Mathlib_Data_Vector_Basic___unexpand_List_Vector_cons_1 took 0.00456ms
interpretation of Sym._aux_Mathlib_Data_Sym_Basic___unexpand_Sym_cons_1 took 0.0045ms
interpretation of Sym._aux_Mathlib_Data_Sym_Basic___unexpand_Sym_cons'_1 took 0.00484ms
interpretation of Prod.Lex._aux_Mathlib_Data_Prod_Lex___unexpand_Lex_1 took 0.00374ms
interpretation of InitialSeg._aux_Mathlib_Order_InitialSeg___unexpand_InitialSeg_1 took 0.00439ms
interpretation of InitialSeg._aux_Mathlib_Order_InitialSeg___unexpand_PrincipalSeg_1 took 0.00353ms
interpretation of Cardinal._aux_Mathlib_SetTheory_Cardinal_Defs___unexpand_Cardinal_mk_1 took 0.00542ms
interpretation of Cardinal._aux_Mathlib_SetTheory_Cardinal_Defs___unexpand_Cardinal_aleph0_1 took 0.00336ms
interpretation of OmegaCompletePartialOrder._aux_Mathlib_Order_OmegaCompletePartialOrder___unexpand_OmegaCompletePartialOrder_ContinuousHom_1 took 0.00595ms
interpretation of Cardinal._aux_Mathlib_SetTheory_Cardinal_Basic___unexpand_Cardinal_powerlt_1 took 0.00443ms
interpretation of FinsetInterval._aux_Mathlib_Order_Interval_Finset_Defs___unexpand_Finset_uIcc_1 took 0.00559ms
interpretation of _aux_Mathlib_Algebra_Quotient___unexpand_HasQuotient_Quotient_1 took 0.00362ms
interpretation of _aux_Mathlib_GroupTheory_GroupAction_DomAct_Basic___unexpand_DomMulAct_1 took 0.00546ms
interpretation of _aux_Mathlib_GroupTheory_GroupAction_DomAct_Basic___unexpand_DomAddAct_1 took 0.00376ms
interpretation of Ordinal._aux_Mathlib_SetTheory_Ordinal_Basic___unexpand_Ordinal_omega0_1 took 0.00425ms
interpretation of Ordinal._aux_Mathlib_SetTheory_Cardinal_Aleph___unexpand_Ordinal_omega_1 took 0.00556ms
interpretation of Cardinal._aux_Mathlib_SetTheory_Cardinal_Aleph___unexpand_Cardinal_aleph_1 took 0.00344ms
interpretation of Cardinal._aux_Mathlib_SetTheory_Cardinal_Aleph___unexpand_Cardinal_beth_1 took 0.00403ms
interpretation of _aux_Mathlib_Data_Finsupp_Defs___unexpand_Finsupp_1 took 0.00445ms
interpretation of SemimoduleCat._aux_Mathlib_Algebra_Category_ModuleCat_Semi___unexpand_SemimoduleCat_ofHom_1 took 0.00539ms
interpretation of ModuleCat._aux_Mathlib_Algebra_Category_ModuleCat_Basic___unexpand_ModuleCat_ofHom_1 took 0.00537ms
interpretation of _aux_Mathlib_Algebra_Algebra_Hom___unexpand_AlgHom_1 took 0.00472ms
interpretation of _aux_Mathlib_Algebra_Algebra_Equiv___unexpand_AlgEquiv_1 took 0.00515ms
interpretation of nonZeroDivisors._aux_Mathlib_Algebra_GroupWithZero_NonZeroDivisors___unexpand_nonZeroDivisors_1 took 0.00854ms
interpretation of nonZeroSMulDivisors._aux_Mathlib_Algebra_GroupWithZero_NonZeroDivisors___unexpand_nonZeroSMulDivisors_1 took 0.00496ms
interpretation of Submodule._aux_Mathlib_LinearAlgebra_Span_Defs___unexpand_Submodule_span_1 took 0.00407ms
interpretation of Submodule.span.unexpander took 0.00342ms
interpretation of ComplexConjugate._aux_Mathlib_Algebra_Star_Basic___unexpand_starRingEnd_1 took 0.00468ms
interpretation of _aux_Mathlib_Algebra_Star_StarRingHom___unexpand_NonUnitalStarRingHom_1 took 0.00423ms
interpretation of _aux_Mathlib_Algebra_Star_StarRingHom___unexpand_StarRingEquiv_1 took 0.00286ms
interpretation of _aux_Mathlib_Algebra_Algebra_NonUnitalHom___unexpand_NonUnitalAlgHom_1 took 0.0045ms
interpretation of _aux_Mathlib_Algebra_Algebra_NonUnitalHom___unexpand_NonUnitalAlgHom_2 took 0.00307ms
interpretation of Mathlib.Tactic.Module.NF._aux_Mathlib_Tactic_Module___unexpand_Mathlib_Tactic_Module_NF_cons_1 took 0.00543ms
interpretation of CategoryTheory.Bicategory._aux_Mathlib_Tactic_CategoryTheory_BicategoricalComp___unexpand_CategoryTheory_BicategoricalCoherence_iso_1 took 0.0053ms
interpretation of CategoryTheory.Bicategory._aux_Mathlib_Tactic_CategoryTheory_BicategoricalComp___unexpand_CategoryTheory_bicategoricalComp_1 took 0.00422ms
interpretation of CategoryTheory.Bicategory._aux_Mathlib_Tactic_CategoryTheory_BicategoricalComp___unexpand_CategoryTheory_bicategoricalIsoComp_1 took 0.00359ms
interpretation of CategoryTheory.MonoidalCategory._aux_Mathlib_Tactic_CategoryTheory_MonoidalComp___unexpand_CategoryTheory_MonoidalCoherence_iso_1 took 0.00518ms
interpretation of CategoryTheory.MonoidalCategory._aux_Mathlib_Tactic_CategoryTheory_MonoidalComp___unexpand_CategoryTheory_monoidalComp_1 took 0.00357ms
interpretation of CategoryTheory.MonoidalCategory._aux_Mathlib_Tactic_CategoryTheory_MonoidalComp___unexpand_CategoryTheory_monoidalIsoComp_1 took 0.00367ms
interpretation of Nat._aux_Mathlib_Algebra_Order_Floor_Defs___unexpand_Nat_floor_1 took 0.00532ms
interpretation of Nat._aux_Mathlib_Algebra_Order_Floor_Defs___unexpand_Nat_ceil_1 took 0.00377ms
interpretation of Int._aux_Mathlib_Algebra_Order_Floor_Defs___unexpand_Int_floor_1 took 0.00285ms
interpretation of Int._aux_Mathlib_Algebra_Order_Floor_Defs___unexpand_Int_ceil_1 took 0.00297ms
interpretation of Mathlib.Tactic.FieldSimp.NF._aux_Mathlib_Tactic_FieldSimp_Lemmas___unexpand_Mathlib_Tactic_FieldSimp_NF_cons_1 took 0.00705ms
interpretation of _aux_Mathlib_Basic_Real_Basic___unexpand_Real_1 took 0.00493ms
interpretation of NNReal._aux_Mathlib_Basic_NNReal_Defs___unexpand_NNReal_1 took 0.0267ms
interpretation of ENNReal._aux_Mathlib_Basic_ENNReal_Basic___unexpand_ENNReal_1 took 0.00682ms
interpretation of Filter._aux_Mathlib_Order_Filter_Defs___unexpand_Filter_principal_1 took 0.00719ms
interpretation of Filter.unexpandEventuallyEq took 0.00469ms
interpretation of Filter.unexpandEventuallyEqSet took 0.00362ms
interpretation of Filter.unexpandEventuallyLE took 0.00579ms
interpretation of Filter.unexpandEventuallySubset took 0.00373ms
interpretation of Heyting._aux_Mathlib_Order_Heyting_Boundary___unexpand_Coheyting_boundary_1 took 0.00493ms
interpretation of _aux_Mathlib_Topology_ContinuousMap_Defs___unexpand_ContinuousMap_1 took 0.00466ms
interpretation of Topology._aux_Mathlib_Topology_Defs_Filter___unexpand_nhds_1 took 0.00458ms
interpretation of Topology._aux_Mathlib_Topology_Defs_Filter___unexpand_nhdsWithin_1 took 0.00538ms
interpretation of Topology._aux_Mathlib_Topology_Defs_Filter___unexpand_nhdsSet_1 took 0.00414ms
interpretation of Topology._aux_Mathlib_Topology_Defs_Filter___unexpand_nhdsSetWithin_1 took 0.00403ms
interpretation of _aux_Mathlib_Topology_Defs_Filter___unexpand_Specializes_1 took 0.00412ms
interpretation of _aux_Mathlib_Topology_Homeomorph_Defs___unexpand_Homeomorph_1 took 0.00475ms
interpretation of SetRel._aux_Mathlib_Basic_Rel___unexpand_SetRel_comp_1 took 0.00498ms
interpretation of Uniformity._aux_Mathlib_Topology_UniformSpace_Defs___unexpand_uniformity_1 took 0.006ms
interpretation of _aux_Mathlib_Analysis_Normed_Group_Defs___unexpand_Norm_norm_1 took 0.00485ms
interpretation of _aux_Mathlib_Analysis_Normed_Group_Defs___unexpand_NNNorm_nnnorm_1 took 0.00389ms
interpretation of _aux_Mathlib_Analysis_Normed_Group_Defs___unexpand_ENorm_enorm_1 took 0.00332ms
interpretation of Asymptotics._aux_Mathlib_Analysis_Asymptotics_Defs___unexpand_Asymptotics_IsBigO_1 took 0.00495ms
interpretation of Asymptotics._aux_Mathlib_Analysis_Asymptotics_Defs___unexpand_Asymptotics_IsTheta_1 took 0.00429ms
interpretation of Asymptotics._aux_Mathlib_Analysis_Asymptotics_Defs___unexpand_Asymptotics_IsLittleO_1 took 0.00338ms
interpretation of ContinuousMonoidHom._aux_Mathlib_Topology_Algebra_ContinuousMonoidHom___unexpand_ContinuousAddMonoidHom_1 took 0.00575ms
interpretation of ContinuousMonoidHom._aux_Mathlib_Topology_Algebra_ContinuousMonoidHom___unexpand_ContinuousMonoidHom_1 took 0.00406ms
interpretation of _aux_Mathlib_Topology_Algebra_ContinuousMonoidHom___unexpand_ContinuousMulEquiv_1 took 0.00441ms
interpretation of _aux_Mathlib_Topology_Algebra_ContinuousMonoidHom___unexpand_ContinuousAddEquiv_1 took 0.00429ms
interpretation of _aux_Mathlib_Topology_Algebra_Module_ContinuousLinearMap_Basic___unexpand_ContinuousLinearMap_1 took 0.00576ms
interpretation of _aux_Mathlib_Topology_Algebra_Module_ContinuousLinearMap_Basic___unexpand_ContinuousLinearMap_2 took 0.00286ms
interpretation of ContinuousLinearMap._aux_Mathlib_Topology_Algebra_Module_ContinuousLinearMap_Basic___unexpand_ContinuousLinearMap_comp_1 took 0.00446ms
interpretation of _aux_Mathlib_Topology_Algebra_Module_Equiv___unexpand_ContinuousLinearEquiv_1 took 0.00581ms
interpretation of _aux_Mathlib_Topology_Algebra_Module_Equiv___unexpand_ContinuousLinearEquiv_2 took 0.00392ms
interpretation of _aux_Mathlib_Topology_MetricSpace_Isometry___unexpand_IsometryEquiv_1 took 0.00414ms
interpretation of _aux_Mathlib_Topology_UniformSpace_Equiv___unexpand_UniformEquiv_1 took 0.00493ms
interpretation of UniformConvergence._aux_Mathlib_Topology_UniformSpace_UniformConvergenceTopology___unexpand_UniformFun_1 took 0.00452ms
interpretation of UniformConvergence._aux_Mathlib_Topology_UniformSpace_UniformConvergenceTopology___unexpand_UniformOnFun_1 took 0.00688ms
interpretation of Stream'._aux_Mathlib_Data_Stream_Defs___unexpand_Stream'_cons_1 took 0.00525ms
interpretation of Stream'._aux_Mathlib_Data_Stream_Defs___unexpand_Stream'_interleave_1 took 0.0039ms
interpretation of Stream'._aux_Mathlib_Data_Stream_Defs___unexpand_Stream'_appendStream'_1 took 0.00342ms
interpretation of Stream'._aux_Mathlib_Data_Stream_Defs___unexpand_Stream'_apply_1 took 0.00473ms
interpretation of Computation._aux_Mathlib_Data_Seq_Computation___unexpand_Computation_Promises_1 took 0.0052ms
interpretation of Computation._aux_Mathlib_Data_Seq_Computation___unexpand_Computation_Equiv_1 took 0.00304ms
interpretation of AddMonoidAlgebra.unexpander took 0.00525ms
interpretation of MonoidAlgebra.unexpander took 0.00311ms
interpretation of Polynomial._aux_Mathlib_Algebra_Polynomial_Basic___unexpand_Polynomial_1 took 0.00592ms
interpretation of Real._aux_Mathlib_Analysis_Real_Sqrt___unexpand_Real_sqrt_1 took 0.00477ms
interpretation of _aux_Mathlib_Basic_Complex_Basic___unexpand_Complex_1 took 0.00496ms
interpretation of Complex._aux_Mathlib_Basic_Complex_Basic___unexpand_Complex_reProdIm_1 took 0.00425ms
interpretation of TensorProduct._aux_Mathlib_LinearAlgebra_TensorProduct_Defs___unexpand_TensorProduct_1 took 0.00616ms
interpretation of TensorProduct._aux_Mathlib_LinearAlgebra_TensorProduct_Defs___unexpand_TensorProduct_tmul_1 took 0.00475ms
interpretation of RingTheory.LinearMap._aux_Mathlib_LinearAlgebra_TensorProduct_Map___unexpand_TensorProduct_map_1 took 0.00516ms
interpretation of RingTheory.LinearMap._aux_Mathlib_Algebra_Algebra_Bilinear___unexpand_LinearMap_mul'_1 took 0.00534ms
interpretation of RingTheory.LinearMap._aux_Mathlib_Algebra_Algebra_Bilinear___unexpand_LinearMap_mul'_2 took 0.00432ms
interpretation of Computability._aux_Mathlib_Algebra_Order_Kleene___unexpand_KStar_kstar_1 took 0.00986ms
interpretation of _aux_Mathlib_Algebra_Module_LinearMap_Star___unexpand_LinearMap_1 took 0.0052ms
interpretation of _aux_Mathlib_Algebra_Module_LinearMap_Star___unexpand_LinearEquiv_1 took 0.00399ms
interpretation of _aux_Mathlib_Algebra_Star_StarAlgHom___unexpand_NonUnitalStarAlgHom_1 took 0.0052ms
interpretation of _aux_Mathlib_Algebra_Star_StarAlgHom___unexpand_StarAlgHom_1 took 0.00448ms
interpretation of _aux_Mathlib_Algebra_Star_StarAlgHom___unexpand_StarAlgEquiv_1 took 0.00411ms
interpretation of _aux_Mathlib_Algebra_Star_MonoidHom___unexpand_StarMonoidHom_1 took 0.00423ms
interpretation of _aux_Mathlib_Algebra_Star_MonoidHom___unexpand_StarMulEquiv_1 took 0.00488ms
interpretation of _aux_Mathlib_Topology_MetricSpace_Dilation___unexpand_Dilation_1 took 0.00392ms
interpretation of _aux_Mathlib_Topology_MetricSpace_DilationEquiv___unexpand_DilationEquiv_1 took 0.00355ms
interpretation of _aux_Mathlib_Analysis_Normed_Operator_LinearIsometry___unexpand_LinearIsometry_1 took 0.00594ms
interpretation of _aux_Mathlib_Analysis_Normed_Operator_LinearIsometry___unexpand_LinearIsometry_2 took 0.00377ms
interpretation of _aux_Mathlib_Analysis_Normed_Operator_LinearIsometry___unexpand_LinearIsometry_3 took 0.00281ms
interpretation of _aux_Mathlib_Analysis_Normed_Operator_LinearIsometry___unexpand_LinearIsometryEquiv_1 took 0.00318ms
interpretation of _aux_Mathlib_Analysis_Normed_Operator_LinearIsometry___unexpand_LinearIsometryEquiv_2 took 0.00308ms
interpretation of _aux_Mathlib_Analysis_Normed_Operator_LinearIsometry___unexpand_LinearIsometryEquiv_3 took 0.00303ms
interpretation of _aux_Mathlib_Topology_Algebra_Module_Star___unexpand_ContinuousLinearMap_1 took 0.00426ms
interpretation of _aux_Mathlib_Topology_Algebra_Module_Star___unexpand_ContinuousLinearEquiv_1 took 0.00376ms
interpretation of Matrix._aux_Mathlib_LinearAlgebra_Matrix_Defs___unexpand_Matrix_transpose_1 took 0.00505ms
interpretation of _aux_Mathlib_Data_Matrix_Mul___unexpand_dotProduct_1 took 0.00507ms
interpretation of Matrix._aux_Mathlib_Data_Matrix_Mul___unexpand_Matrix_mulVec_1 took 0.00419ms
interpretation of Matrix._aux_Mathlib_Data_Matrix_Mul___unexpand_Matrix_vecMul_1 took 0.00401ms
interpretation of Matrix._aux_Mathlib_LinearAlgebra_Matrix_ConjTranspose___unexpand_Matrix_conjTranspose_1 took 0.00447ms
interpretation of ComplexStarModule._aux_Mathlib_LinearAlgebra_Complex_Module___unexpand_realPart_1 took 0.00518ms
interpretation of ComplexStarModule._aux_Mathlib_LinearAlgebra_Complex_Module___unexpand_imaginaryPart_1 took 0.00386ms
interpretation of _aux_Mathlib_Topology_Algebra_Algebra___unexpand_ContinuousAlgHom_1 took 0.00538ms
interpretation of _aux_Mathlib_Topology_Algebra_Algebra_Equiv___unexpand_ContinuousAlgEquiv_1 took 0.00419ms
interpretation of Complex._aux_Mathlib_Analysis_Complex_Exponential___unexpand_Complex_exp_1 took 0.00431ms
interpretation of Real._aux_Mathlib_Analysis_Complex_Exponential___unexpand_Real_exp_1 took 0.00344ms
interpretation of Real._aux_Mathlib_Analysis_SpecialFunctions_Trigonometric_Basic___unexpand_Real_pi_1 took 0.00452ms
interpretation of unitInterval._aux_Mathlib_Topology_UnitInterval___unexpand_unitInterval_1 took 0.00507ms
interpretation of unitInterval._aux_Mathlib_Topology_UnitInterval___unexpand_unitInterval_symm_1 took 0.0032ms
interpretation of Nat._aux_Mathlib_Data_Nat_Totient___unexpand_Nat_totient_1 took 0.00508ms
interpretation of CompactCoherentification._aux_Mathlib_Topology_Compactness_CompactlyCoherentSpace___unexpand_CompactCoherentification_1 took 0.00494ms
interpretation of BoundedContinuousFunction._aux_Mathlib_Topology_ContinuousMap_Bounded_Basic___unexpand_BoundedContinuousFunction_1 took 0.00472ms
interpretation of Affine._aux_Mathlib_LinearAlgebra_AffineSpace_Defs___unexpand_AddTorsor_1 took 0.00454ms
interpretation of _aux_Mathlib_LinearAlgebra_AffineSpace_AffineMap___unexpand_AffineMap_1 took 0.00515ms
interpretation of _aux_Mathlib_LinearAlgebra_AffineSpace_AffineEquiv___unexpand_AffineEquiv_1 took 0.00346ms
interpretation of Convex._aux_Mathlib_Analysis_Convex_Segment___unexpand_segment_1 took 0.00522ms
interpretation of Affine._aux_Mathlib_LinearAlgebra_AffineSpace_AffineSubspace_Basic___unexpand_AffineSubspace_Parallel_1 took 0.00422ms
interpretation of _aux_Mathlib_LinearAlgebra_LinearPMap___unexpand_LinearPMap_1 took 0.00483ms
interpretation of _aux_Mathlib_LinearAlgebra_LinearPMap___unexpand_LinearPMap_2 took 0.00311ms
interpretation of Asymptotics._aux_Mathlib_Analysis_Asymptotics_AsymptoticEquivalent___unexpand_Asymptotics_IsEquivalent_1 took 0.00581ms
interpretation of _aux_Mathlib_LinearAlgebra_Alternating_Basic___unexpand_AlternatingMap_1 took 0.00526ms
interpretation of Kronecker._aux_Mathlib_LinearAlgebra_Matrix_Kronecker___unexpand_Matrix_kroneckerMap_1 took 0.00558ms
interpretation of _aux_Mathlib_NumberTheory_Zsqrtd_Basic___unexpand_Zsqrtd_1 took 0.00413ms
interpretation of Polynomial._aux_Mathlib_Algebra_Polynomial_Div___unexpand_Polynomial_divByMonic_1 took 0.00379ms
interpretation of Polynomial._aux_Mathlib_Algebra_Polynomial_Div___unexpand_Polynomial_modByMonic_1 took 0.00296ms
interpretation of OreLocalization._aux_Mathlib_GroupTheory_OreLocalization_Basic___unexpand_OreLocalization_oreDiv_1 took 0.00475ms
interpretation of OreLocalization._aux_Mathlib_GroupTheory_OreLocalization_Basic___unexpand_AddOreLocalization_oreSub_1 took 0.00385ms
interpretation of LaurentPolynomial._aux_Mathlib_Algebra_Polynomial_Laurent___unexpand_LaurentPolynomial_1 took 0.00465ms
interpretation of _aux_Mathlib_LinearAlgebra_SModEq_Basic___unexpand_SModEq_1 took 0.00433ms
interpretation of MatrixGroups._aux_Mathlib_LinearAlgebra_Matrix_SpecialLinearGroup___unexpand_Matrix_SpecialLinearGroup_1 took 0.00537ms
interpretation of Matrix.SpecialLinearGroup._aux_Mathlib_LinearAlgebra_Matrix_SpecialLinearGroup___unexpand_Matrix_SpecialLinearGroup_transpose_1 took 0.0044ms
interpretation of Matrix._aux_Mathlib_LinearAlgebra_Matrix_GeneralLinearGroup_Defs___unexpand_Matrix_GeneralLinearGroup_1 took 0.00451ms
interpretation of MatrixGroups._aux_Mathlib_LinearAlgebra_Matrix_GeneralLinearGroup_Defs___unexpand_Matrix_GLPos_1 took 0.00436ms
interpretation of RatFunc._aux_Mathlib_FieldTheory_RatFunc_Defs___unexpand_RatFunc_1 took 0.00399ms
interpretation of AddSubgroup.torsionByUnexpander took 0.00464ms
interpretation of Matroid._aux_Mathlib_Combinatorics_Matroid_Dual___unexpand_Matroid_dual_1 took 0.00449ms
interpretation of Matroid._aux_Mathlib_Combinatorics_Matroid_Minor_Restrict___unexpand_Matroid_restrict_1 took 0.00501ms
interpretation of Matroid._aux_Mathlib_Combinatorics_Matroid_Minor_Restrict___unexpand_Matroid_IsRestriction_1 took 0.00408ms
interpretation of Matroid._aux_Mathlib_Combinatorics_Matroid_Minor_Restrict___unexpand_Matroid_IsStrictRestriction_1 took 0.00317ms
interpretation of Nat._aux_Mathlib_Data_Nat_Factorial_SuperFactorial___unexpand_Nat_superFactorial_1 took 0.00453ms
interpretation of NumberField._aux_Mathlib_NumberTheory_NumberField_Basic___unexpand_NumberField_RingOfIntegers_1 took 0.00482ms
interpretation of _aux_Mathlib_RingTheory_Valuation_ValuativeRel_Basic___unexpand_ValuativeRel_vle_1 took 0.00454ms
interpretation of ValuativeRel._aux_Mathlib_RingTheory_Valuation_ValuativeRel_Basic___unexpand_ValuativeRel_vlt_1 took 0.00347ms
interpretation of ValuativeRel._aux_Mathlib_RingTheory_Valuation_ValuativeRel_Basic___unexpand_ValuativeRel_veq_1 took 0.00345ms
interpretation of Valued._aux_Mathlib_Topology_Algebra_Valued_ValuedField___unexpand_Valued_integer_1 took 0.00426ms
interpretation of Valued._aux_Mathlib_Topology_Algebra_Valued_ValuedField___unexpand_Valued_maximalIdeal_1 took 0.00449ms
interpretation of Valued._aux_Mathlib_Topology_Algebra_Valued_ValuedField___unexpand_Valued_ResidueField_1 took 0.00346ms
interpretation of ArithmeticFunction.zeta._aux_Mathlib_NumberTheory_ArithmeticFunction_Zeta___unexpand_ArithmeticFunction_zeta_1 took 0.00557ms
interpretation of ArithmeticFunction.sigma._aux_Mathlib_NumberTheory_ArithmeticFunction_Misc___unexpand_ArithmeticFunction_sigma_1 took 0.00564ms
interpretation of ArithmeticFunction.Omega._aux_Mathlib_NumberTheory_ArithmeticFunction_Misc___unexpand_ArithmeticFunction_cardFactors_1 took 0.00484ms
interpretation of ArithmeticFunction.omega._aux_Mathlib_NumberTheory_ArithmeticFunction_Misc___unexpand_ArithmeticFunction_cardDistinctFactors_1 took 0.00512ms
interpretation of ArithmeticFunction.Moebius._aux_Mathlib_NumberTheory_ArithmeticFunction_Moebius___unexpand_ArithmeticFunction_moebius_1 took 0.00459ms
interpretation of InnerProductSpace._aux_Mathlib_Analysis_InnerProductSpace_Defs___unexpand_Inner_inner_1 took 0.00484ms
interpretation of RealInnerProductSpace._aux_Mathlib_Analysis_InnerProductSpace_Defs___unexpand_Inner_inner_1 took 0.00421ms
interpretation of ComplexInnerProductSpace._aux_Mathlib_Analysis_InnerProductSpace_Defs___unexpand_Inner_inner_1 took 0.00312ms
interpretation of NumberTheorySymbols._aux_Mathlib_NumberTheory_LegendreSymbol_JacobiSymbol___unexpand_jacobiSym_1 took 0.00459ms
interpretation of ExistsAndEq.existsAndEq took 0.0174ms
interpretation of Matrix.cons_val took 0.00588ms
interpretation of cancelIso took 0.00377ms
interpretation of Complex.I_pow_eq_pow_mod' took 0.00479ms
interpretation of Nat.primeFactorsList_ofNat took 0.00468ms
interpretation of _aux_Init_Notation___macroRules_precMax_1 took 0.0226ms
interpretation of _aux_Init_Notation___macroRules_precArg_1 took 0.00446ms
interpretation of _aux_Init_Notation___macroRules_precLead_1 took 0.00429ms
interpretation of _aux_Init_Notation___macroRules_prec(_)_1 took 0.00425ms
interpretation of _aux_Init_Notation___macroRules_precMin_1 took 0.00307ms
interpretation of _aux_Init_Notation___macroRules_precMin1_1 took 0.00278ms
interpretation of _aux_Init_Notation___macroRules_termMax_prec_1 took 0.0027ms
interpretation of _aux_Init_Notation___macroRules_prioDefault_1 took 0.00314ms
interpretation of _aux_Init_Notation___macroRules_prioLow_1 took 0.00231ms
interpretation of _aux_Init_Notation___macroRules_prioMid_1 took 0.00243ms
interpretation of _aux_Init_Notation___macroRules_prioHigh_1 took 0.00302ms
interpretation of _aux_Init_Notation___macroRules_prio(_)_1 took 0.00324ms
interpretation of _aux_Init_Notation___macroRules_stx_+_1 took 0.00296ms
interpretation of _aux_Init_Notation___macroRules_stx_*_1 took 0.00373ms
interpretation of _aux_Init_Notation___macroRules_stx_?_1 took 0.00301ms
interpretation of _aux_Init_Notation___macroRules_stx_<|>__1 took 0.00304ms
interpretation of _aux_Init_Notation___macroRules_stx_,*_1 took 0.00329ms
interpretation of _aux_Init_Notation___macroRules_stx_,+_1 took 0.00322ms
interpretation of _aux_Init_Notation___macroRules_stx_,*,?_1 took 0.00254ms
interpretation of _aux_Init_Notation___macroRules_stx_,+,?_1 took 0.00284ms
interpretation of _aux_Init_Notation___macroRules_stx!__1 took 0.00229ms
interpretation of _aux_Init_Notation___macroRules_term_∘__1 took 0.00252ms
interpretation of _aux_Init_Notation___macroRules_term_×__1 took 0.00224ms
interpretation of _aux_Init_Notation___macroRules_term_×'__1 took 0.00304ms
interpretation of _aux_Init_Notation___macroRules_term_∣__1 took 0.00256ms
interpretation of _aux_Init_Notation___macroRules_term_|||__1 took 0.00253ms
interpretation of _aux_Init_Notation___macroRules_term_^^^__1 took 0.00291ms
interpretation of _aux_Init_Notation___macroRules_term_&&&__1 took 0.00248ms
interpretation of _aux_Init_Notation___macroRules_term_+__1 took 0.00211ms
interpretation of _aux_Init_Notation___macroRules_term_-__1 took 0.00247ms
interpretation of _aux_Init_Notation___macroRules_term_*__1 took 0.00278ms
interpretation of _aux_Init_Notation___macroRules_term_/__1 took 0.0031ms
interpretation of _aux_Init_Notation___macroRules_term_%__1 took 0.00278ms
interpretation of _aux_Init_Notation___macroRules_term_<<<__1 took 0.00296ms
interpretation of _aux_Init_Notation___macroRules_term_>>>__1 took 0.00262ms
interpretation of _aux_Init_Notation___macroRules_term_^__1 took 0.00291ms
interpretation of _aux_Init_Notation___macroRules_term_++__1 took 0.00264ms
interpretation of _aux_Init_Notation___macroRules_term-__1 took 0.00229ms
interpretation of _aux_Init_Notation___macroRules_term~~~__1 took 0.00274ms
interpretation of _aux_Init_Notation___macroRules_term_⁻¹_1 took 0.00267ms
interpretation of _aux_Init_Notation___macroRules_term_•__1 took 0.00261ms
interpretation of _aux_Init_Notation___macroRules_term_|||__2 took 0.00269ms
interpretation of _aux_Init_Notation___macroRules_term_^^^__2 took 0.00244ms
interpretation of _aux_Init_Notation___macroRules_term_&&&__2 took 0.00264ms
interpretation of _aux_Init_Notation___macroRules_term_+__2 took 0.00178ms
interpretation of _aux_Init_Notation___macroRules_term_-__2 took 0.00264ms
interpretation of _aux_Init_Notation___macroRules_term_*__2 took 0.00206ms
interpretation of _aux_Init_Notation___macroRules_term_/__2 took 0.00297ms
interpretation of _aux_Init_Notation___macroRules_term_%__2 took 0.00235ms
interpretation of _aux_Init_Notation___macroRules_term_^__2 took 0.00262ms
interpretation of _aux_Init_Notation___macroRules_term_++__2 took 0.00251ms
interpretation of _aux_Init_Notation___macroRules_term-__2 took 0.0023ms
interpretation of _aux_Init_Notation___macroRules_term_•__2 took 0.00243ms
interpretation of _aux_Init_Notation___macroRules_term_>=__1 took 0.00267ms
interpretation of _aux_Init_Notation___macroRules_term_<=__1 took 0.00332ms
interpretation of _aux_Init_Notation___macroRules_term_>=__2 took 0.00225ms
interpretation of _aux_Init_Notation___macroRules_term_<=__2 took 0.00275ms
interpretation of _aux_Init_Notation___macroRules_term_≤__1 took 0.00239ms
interpretation of _aux_Init_Notation___macroRules_term_<__1 took 0.00255ms
interpretation of _aux_Init_Notation___macroRules_term_≥__1 took 0.00256ms
interpretation of _aux_Init_Notation___macroRules_term_>__1 took 0.00277ms
interpretation of _aux_Init_Notation___macroRules_term_=__1 took 0.00256ms
interpretation of _aux_Init_Notation___macroRules_term_==__1 took 0.00262ms
interpretation of _aux_Init_Notation___macroRules_term_≍__1 took 0.00226ms
interpretation of _aux_Init_Notation___macroRules_term_≤__2 took 0.00291ms
interpretation of _aux_Init_Notation___macroRules_term_<__2 took 0.00279ms
interpretation of _aux_Init_Notation___macroRules_term_>__2 took 0.00199ms
interpretation of _aux_Init_Notation___macroRules_term_≥__2 took 0.0026ms
interpretation of _aux_Init_Notation___macroRules_term_=__2 took 0.00262ms
interpretation of _aux_Init_Notation___macroRules_term_==__2 took 0.00279ms
interpretation of _aux_Init_Notation___macroRules_term_∧__1 took 0.00236ms
interpretation of _aux_Init_Notation___macroRules_term_∨__1 took 0.00369ms
interpretation of _aux_Init_Notation___macroRules_term¬__1 took 0.00264ms
interpretation of _aux_Init_Notation___macroRules_term_&&__1 took 0.0024ms
interpretation of _aux_Init_Notation___macroRules_term_||__1 took 0.00235ms
interpretation of _aux_Init_Notation___macroRules_term!__1 took 0.00238ms
interpretation of _aux_Init_Notation___macroRules_term_∈__1 took 0.00246ms
interpretation of _aux_Init_Notation___macroRules_term_∉__1 took 0.00211ms
interpretation of _aux_Init_Notation___macroRules_term_::__1 took 0.00207ms
interpretation of _aux_Init_Notation___macroRules_term_<$>__1 took 0.00237ms
interpretation of _aux_Init_Notation___macroRules_term_>>=__1 took 0.00267ms
interpretation of _aux_Init_Notation___macroRules_term_<|>__1 took 0.00181ms
interpretation of _aux_Init_Notation___macroRules_term_>>__1 took 0.00213ms
interpretation of _aux_Init_Notation___macroRules_term_<*>__1 took 0.00257ms
interpretation of _aux_Init_Notation___macroRules_term_<*__1 took 0.00277ms
interpretation of _aux_Init_Notation___macroRules_term_*>__1 took 0.00234ms
interpretation of _aux_Init_Notation___macroRules_termDepIfThenElse_1 took 0.00295ms
interpretation of _aux_Init_Notation___macroRules_termIfThenElse_1 took 0.00202ms
interpretation of _aux_Init_Notation___macroRules_termIfLet_1 took 0.00222ms
interpretation of _aux_Init_Notation___macroRules_boolIfThenElse_1 took 0.00217ms
interpretation of _aux_Init_Notation___macroRules_term_<|__1 took 0.00214ms
interpretation of _aux_Init_Notation___macroRules_term_|>__1 took 0.0025ms
interpretation of _aux_Init_Notation___macroRules_term_$___1 took 0.0029ms
interpretation of _aux_Init_Notation___macroRules_term{_:_//_}_1 took 0.00305ms
interpretation of _aux_Init_Notation___macroRules_termWithout_expected_type__1 took 0.00274ms
interpretation of Lean.Parser._aux_Init_Notation___macroRules_Lean_Parser_commandSeal___1 took 0.00488ms
interpretation of Lean.Parser._aux_Init_Notation___macroRules_Lean_Parser_commandUnseal___1 took 0.00255ms
interpretation of Lean.Parser.Tactic._aux_Init_Tactics___macroRules_Lean_Parser_Tactic_tacticExfalso_1 took 0.00457ms
interpretation of Lean.Parser.Tactic._aux_Init_Tactics___macroRules_Lean_Parser_Tactic_tacticNext_=>__1 took 0.00325ms
interpretation of Lean.Parser.Tactic._aux_Init_Tactics___macroRules_Lean_Parser_Tactic_tacticTry__1 took 0.00294ms
interpretation of Lean.Parser.Tactic._aux_Init_Tactics___macroRules_Lean_Parser_Tactic_tactic_<;>__1 took 0.00335ms
interpretation of Lean.Parser.Tactic._aux_Init_Tactics___macroRules_Lean_Parser_Tactic_tacticRfl_1 took 0.00248ms
interpretation of Lean.Parser.Tactic._aux_Init_Tactics___macroRules_Lean_Parser_Tactic_tacticRfl_2 took 0.00269ms
interpretation of Lean.Parser.Tactic._aux_Init_Tactics___macroRules_Lean_Parser_Tactic_tacticRfl_3 took 0.00255ms
interpretation of Lean.Parser.Tactic._aux_Init_Tactics___macroRules_Lean_Parser_Tactic_tacticRfl'_1 took 0.00302ms
interpretation of Lean.Parser.Tactic._aux_Init_Tactics___macroRules_Lean_Parser_Tactic_tacticSorry_1 took 0.00312ms
interpretation of Lean.Parser.Tactic._aux_Init_Tactics___macroRules_Lean_Parser_Tactic_tacticAdmit_1 took 0.00231ms
interpretation of Lean.Parser.Tactic._aux_Init_Tactics___macroRules_Lean_Parser_Tactic_tacticInfer_instance_1 took 0.00317ms
interpretation of Lean.Parser.Tactic._aux_Init_Tactics___macroRules_Lean_Parser_Tactic_rwSeq_1 took 0.00259ms
interpretation of Lean.Parser.Tactic._aux_Init_Tactics___macroRules_Lean_Parser_Tactic_tacticRwa___1 took 0.00291ms
interpretation of Lean.Parser.Tactic._aux_Init_Tactics___macroRules_Lean_Parser_Tactic_tacticSimp?!__1 took 0.00269ms
interpretation of Lean.Parser.Tactic._aux_Init_Tactics___macroRules_Lean_Parser_Tactic_tacticSimp_all?!__1 took 0.00344ms
interpretation of Lean.Parser.Tactic._aux_Init_Tactics___macroRules_Lean_Parser_Tactic_tacticDsimp?!__1 took 0.00276ms
interpretation of Lean.Parser.Tactic._aux_Init_Tactics___macroRules_Lean_Parser_Tactic_tacticSimpa!__1 took 0.00326ms
interpretation of Lean.Parser.Tactic._aux_Init_Tactics___macroRules_Lean_Parser_Tactic_tacticSimpa?__1 took 0.00304ms
interpretation of Lean.Parser.Tactic._aux_Init_Tactics___macroRules_Lean_Parser_Tactic_tacticSimpa?!__1 took 0.00348ms
interpretation of Lean.Parser.Tactic._aux_Init_Tactics___macroRules_Lean_Parser_Tactic_tacticSimpa!__1_1 took 0.00226ms
interpretation of Lean.Parser.Tactic._aux_Init_Tactics___macroRules_Lean_Parser_Tactic_tacticSimpa?__1_1 took 0.00257ms
interpretation of Lean.Parser.Tactic._aux_Init_Tactics___macroRules_Lean_Parser_Tactic_tacticSimpa?!__1_1 took 0.00289ms
interpretation of Lean.Parser.Tactic._aux_Init_Tactics___macroRules_Lean_Parser_Tactic_tacticRefine_lift__1 took 0.0032ms
interpretation of Lean.Parser.Tactic._aux_Init_Tactics___macroRules_Lean_Parser_Tactic_tacticHave___1 took 0.00371ms
interpretation of Lean.Parser.Tactic._aux_Init_Tactics___macroRules_Lean_Parser_Tactic_tacticSuffices__1 took 0.00275ms
interpretation of Lean.Parser.Tactic._aux_Init_Tactics___macroRules_Lean_Parser_Tactic_tacticLet___1 took 0.00335ms
interpretation of Lean.Parser.Tactic._aux_Init_Tactics___macroRules_Lean_Parser_Tactic_letrec_1 took 0.00346ms
interpretation of Lean.Parser.Tactic._aux_Init_Tactics___macroRules_Lean_Parser_Tactic_tacticRefine_lift'__1 took 0.00312ms
interpretation of Lean.Parser.Tactic._aux_Init_Tactics___macroRules_Lean_Parser_Tactic_tacticHave'_1 took 0.00264ms
interpretation of Lean.Parser.Tactic._aux_Init_Tactics___macroRules_Lean_Parser_Tactic_tacticLet'___1 took 0.00434ms
interpretation of Lean.Parser.Tactic._aux_Init_Tactics___macroRules_Lean_Parser_Tactic_tacticStop__1 took 0.00406ms
interpretation of Lean.Parser.Tactic._aux_Init_Tactics___macroRules_Lean_Parser_Tactic_tacticUnhygienic__1 took 0.00362ms
interpretation of Lean.Parser.Tactic._aux_Init_Tactics___macroRules_Lean_Parser_Tactic_tacticExists_,,_1 took 0.00353ms
interpretation of Lean.Parser.Tactic._aux_Init_Tactics___macroRules_Lean_Parser_Tactic_tacticNofun_1 took 0.00398ms
interpretation of Lean.Parser.Tactic._aux_Init_Tactics___macroRules_Lean_Parser_Tactic_tacticNomatch_,,_1 took 0.00346ms
interpretation of Lean.Parser.Tactic._aux_Init_Tactics___macroRules_Lean_Parser_Tactic_tacticAnd_intros_1 took 0.00299ms
interpretation of Lean.Parser.Tactic._aux_Init_Tactics___macroRules_Lean_Parser_Tactic_tacticHaveI___1 took 0.00277ms
interpretation of Lean.Parser.Tactic._aux_Init_Tactics___macroRules_Lean_Parser_Tactic_tacticLetI___1 took 0.00263ms
interpretation of Lean.Parser.Tactic._aux_Init_Tactics___macroRules_Lean_Parser_Tactic_tacticTrivial_1 took 0.0026ms
interpretation of Lean.Parser.Tactic._aux_Init_Tactics___macroRules_Lean_Parser_Tactic_tacticTrivial_2 took 0.00266ms
interpretation of Lean.Parser.Tactic._aux_Init_Tactics___macroRules_Lean_Parser_Tactic_tacticTrivial_3 took 0.00312ms
interpretation of Lean.Parser.Tactic._aux_Init_Tactics___macroRules_Lean_Parser_Tactic_tacticTrivial_4 took 0.00311ms
interpretation of Lean.Parser.Tactic._aux_Init_Tactics___macroRules_Lean_Parser_Tactic_tacticTrivial_5 took 0.00346ms
interpretation of Lean.Parser.Tactic._aux_Init_Tactics___macroRules_Lean_Parser_Tactic_tacticTrivial_6 took 0.00255ms
interpretation of Lean.Parser.Tactic._aux_Init_Tactics___macroRules_Lean_Parser_Tactic_tacticBv_omega_1 took 0.00335ms
interpretation of Lean.Parser.Tactic._aux_Init_Tactics___macroRules_Lean_Parser_Tactic_tacticAssumption_mod_cast__1 took 0.00346ms
interpretation of Lean.Parser.Tactic._aux_Init_Tactics___macroRules_Lean_Parser_Tactic_tacticNorm_cast___1 took 0.0034ms
interpretation of Lean.Parser.Tactic._aux_Init_Tactics___macroRules_Lean_Parser_Tactic_tacticAc_nf__1 took 0.00349ms
interpretation of Lean.Parser.Tactic._aux_Init_Tactics___macroRules_Lean_Parser_Tactic_showTermElab_1 took 0.00426ms
interpretation of Lean.Parser.Tactic._aux_Init_Tactics___macroRules_Lean_Parser_Tactic_by?_1 took 0.00341ms
interpretation of Lean.Parser.Tactic._aux_Init_Tactics___macroRules_Lean_Parser_Tactic_massumptionMacro_1 took 0.00277ms
interpretation of Lean.Parser.Tactic._aux_Init_Tactics___macroRules_Lean_Parser_Tactic_mclearMacro_1 took 0.0028ms
interpretation of Lean.Parser.Tactic._aux_Init_Tactics___macroRules_Lean_Parser_Tactic_mconstructorMacro_1 took 0.0025ms
interpretation of Lean.Parser.Tactic._aux_Init_Tactics___macroRules_Lean_Parser_Tactic_mexactMacro_1 took 0.00241ms
interpretation of Lean.Parser.Tactic._aux_Init_Tactics___macroRules_Lean_Parser_Tactic_mexfalsoMacro_1 took 0.00289ms
interpretation of Lean.Parser.Tactic._aux_Init_Tactics___macroRules_Lean_Parser_Tactic_mexistsMacro_1 took 0.0029ms
interpretation of Lean.Parser.Tactic._aux_Init_Tactics___macroRules_Lean_Parser_Tactic_mframeMacro_1 took 0.00238ms
interpretation of Lean.Parser.Tactic._aux_Init_Tactics___macroRules_Lean_Parser_Tactic_mhaveMacro_1 took 0.00273ms
interpretation of Lean.Parser.Tactic._aux_Init_Tactics___macroRules_Lean_Parser_Tactic_mreplaceMacro_1 took 0.00329ms
interpretation of Lean.Parser.Tactic._aux_Init_Tactics___macroRules_Lean_Parser_Tactic_mleftMacro_1 took 0.00307ms
interpretation of Lean.Parser.Tactic._aux_Init_Tactics___macroRules_Lean_Parser_Tactic_mrightMacro_1 took 0.00331ms
interpretation of Lean.Parser.Tactic._aux_Init_Tactics___macroRules_Lean_Parser_Tactic_mpureMacro_1 took 0.00305ms
interpretation of Lean.Parser.Tactic._aux_Init_Tactics___macroRules_Lean_Parser_Tactic_mpureIntroMacro_1 took 0.00417ms
interpretation of Lean.Parser.Tactic._aux_Init_Tactics___macroRules_Lean_Parser_Tactic_mrevertMacro_1 took 0.0136ms
interpretation of Lean.Parser.Tactic._aux_Init_Tactics___macroRules_Lean_Parser_Tactic_mrenameIMacro_1 took 0.00438ms
interpretation of Lean.Parser.Tactic._aux_Init_Tactics___macroRules_Lean_Parser_Tactic_mspecializeMacro_1 took 0.00341ms
interpretation of Lean.Parser.Tactic._aux_Init_Tactics___macroRules_Lean_Parser_Tactic_mspecializePureMacro_1 took 0.00363ms
interpretation of Lean.Parser.Tactic._aux_Init_Tactics___macroRules_Lean_Parser_Tactic_mstartMacro_1 took 0.00384ms
interpretation of Lean.Parser.Tactic._aux_Init_Tactics___macroRules_Lean_Parser_Tactic_mstopMacro_1 took 0.00286ms
interpretation of Lean.Parser.Tactic._aux_Init_Tactics___macroRules_Lean_Parser_Tactic_mleaveMacro_1 took 0.00304ms
interpretation of Lean.Parser.Tactic._aux_Init_Tactics___macroRules_Lean_Parser_Tactic_mcasesMacro_1 took 0.003ms
interpretation of Lean.Parser.Tactic._aux_Init_Tactics___macroRules_Lean_Parser_Tactic_mrefineMacro_1 took 0.00339ms
interpretation of Lean.Parser.Tactic._aux_Init_Tactics___macroRules_Lean_Parser_Tactic_mintroMacro_1 took 0.00406ms
interpretation of Lean.Parser.Tactic._aux_Init_Tactics___macroRules_Lean_Parser_Tactic_mspecMacro_1 took 0.00286ms
interpretation of Lean.Parser.Tactic._aux_Init_Tactics___macroRules_Lean_Parser_Tactic_mvcgenMacro_1 took 0.00366ms
interpretation of Lean.Parser.Tactic._aux_Init_Tactics___macroRules_Lean_Parser_Tactic_vcgenMacro_1 took 0.00412ms
interpretation of _aux_Init_Tactics___macroRules_term‹_›_1 took 0.0033ms
interpretation of _aux_Init_Tactics___macroRules_tacticGet_elem_tactic_extensible_1 took 0.00274ms
interpretation of _aux_Init_Tactics___macroRules_tacticGet_elem_tactic_extensible_2 took 0.00329ms
interpretation of _aux_Init_Tactics___macroRules_tacticGet_elem_tactic_extensible_3 took 0.00214ms
interpretation of _aux_Init_Tactics___macroRules_tacticGet_elem_tactic_1 took 0.00259ms
interpretation of _aux_Init_Core___macroRules_term_<->__1 took 0.00294ms
interpretation of _aux_Init_Core___macroRules_term_↔__1 took 0.0024ms
interpretation of _aux_Init_Core___macroRules_term_⊕__1 took 0.00279ms
interpretation of _aux_Init_Core___macroRules_term_⊕'__1 took 0.00245ms
interpretation of _aux_Init_Core___macroRules_term_≈__1 took 0.00243ms
interpretation of _aux_Init_Core___macroRules_term_⊆__1 took 0.00262ms
interpretation of _aux_Init_Core___macroRules_term_⊂__1 took 0.00191ms
interpretation of _aux_Init_Core___macroRules_term_⊇__1 took 0.00245ms
interpretation of _aux_Init_Core___macroRules_term_⊃__1 took 0.00277ms
interpretation of _aux_Init_Core___macroRules_term_∪__1 took 0.00247ms
interpretation of _aux_Init_Core___macroRules_term_∩__1 took 0.00209ms
interpretation of _aux_Init_Core___macroRules_term_\__1 took 0.00217ms
interpretation of _aux_Init_Core___macroRules_term{}_1 took 0.0202ms
interpretation of _aux_Init_Core___macroRules_term∅_1 took 0.0025ms
interpretation of _aux_Init_Core___macroRules_term_!=__1 took 0.00265ms
interpretation of _aux_Init_Core___macroRules_term_!=__2 took 0.00241ms
interpretation of _aux_Init_Core___macroRules_term_≠__1 took 0.0025ms
interpretation of _aux_Init_Core___macroRules_term_≠__2 took 0.00216ms
interpretation of _aux_Init_Core___macroRules_Lean_Parser_Tactic_tacticRfl_1 took 0.00218ms
interpretation of _aux_Init_Control_Basic___macroRules_term_<&>__1 took 0.00383ms
interpretation of _aux_Init_Control_Basic___macroRules_term_<||>__1 took 0.00249ms
interpretation of _aux_Init_Control_Basic___macroRules_term_<&&>__1 took 0.00283ms
interpretation of _aux_Init_Control_Basic___macroRules_term_>=>__1 took 0.00226ms
interpretation of _aux_Init_Control_Basic___macroRules_term_<=<__1 took 0.00217ms
interpretation of _aux_Init_Control_Basic___macroRules_term_=<<__1 took 0.0023ms
interpretation of Lean.Parser.Tactic.Grind._aux_Init_Grind_Interactive___macroRules_Lean_Parser_Tactic_Grind_use_1 took 0.00464ms
interpretation of Lean.Parser.Tactic.Grind._aux_Init_Grind_Interactive___macroRules_Lean_Parser_Tactic_Grind_grind·__1 took 0.00287ms
interpretation of Lean.Parser.Tactic.Grind._aux_Init_Grind_Interactive___macroRules_Lean_Parser_Tactic_Grind_grind_<;>__1 took 0.00331ms
interpretation of Lean.Parser.Tactic.Grind._aux_Init_Grind_Interactive___macroRules_Lean_Parser_Tactic_Grind_grindTry__1 took 0.00362ms
interpretation of Lean.Parser.Tactic.Grind._aux_Init_Grind_Interactive___macroRules_Lean_Parser_Tactic_Grind_grindAdmit_1 took 0.00299ms
interpretation of Lean.Parser.Tactic.Grind._aux_Init_Grind_Interactive___macroRules_Lean_Parser_Tactic_Grind_grindRepeat__1 took 0.00298ms
interpretation of Lean.Parser.Tactic.Grind._aux_Init_Grind_Interactive___macroRules_Lean_Parser_Tactic_Grind_symIntroLight_1 took 0.00322ms
interpretation of Lean.Parser.Tactic.Grind._aux_Init_Grind_Interactive___macroRules_Lean_Parser_Tactic_Grind_symIntrosLight_1 took 0.00309ms
interpretation of Lean.Parser.Tactic.Grind._aux_Init_Grind_Interactive___macroRules_Lean_Parser_Tactic_Grind_grindExact__1 took 0.00342ms
interpretation of Int._aux_Init_Data_Int_Basic___macroRules_Int_term-[_+1]_1 took 0.00373ms
interpretation of Lean._aux_Init_Data_List_Notation___macroRules_term[_]_1 took 0.00335ms
interpretation of List._aux_Init_Data_List_Basic___macroRules_List_term_<+__1 took 0.00359ms
interpretation of List._aux_Init_Data_List_Basic___macroRules_List_term_<+:__1 took 0.00286ms
interpretation of List._aux_Init_Data_List_Basic___macroRules_List_term_<:+__1 took 0.00279ms
interpretation of List._aux_Init_Data_List_Basic___macroRules_List_term_<:+:__1 took 0.00291ms
interpretation of List._aux_Init_Data_List_Basic___macroRules_List_term_~__1 took 0.00297ms
interpretation of _aux_Init_WFTactics___macroRules_tacticSimp_wf_1 took 0.00322ms
interpretation of _aux_Init_WFTactics___macroRules_tacticClean_wf_1 took 0.00283ms
interpretation of _aux_Init_WFTactics___macroRules_tacticDecreasing_trivial_1 took 0.00268ms
interpretation of _aux_Init_WFTactics___macroRules_tacticDecreasing_trivial_2 took 0.00285ms
interpretation of _aux_Init_WFTactics___macroRules_tacticDecreasing_trivial_3 took 0.00237ms
interpretation of _aux_Init_WFTactics___macroRules_tacticDecreasing_trivial_pre_omega_1 took 0.0022ms
interpretation of _aux_Init_WFTactics___macroRules_tacticDecreasing_trivial_pre_omega_2 took 0.00211ms
interpretation of _aux_Init_WFTactics___macroRules_tacticDecreasing_trivial_pre_omega_3 took 0.0025ms
interpretation of _aux_Init_WFTactics___macroRules_tacticDecreasing_with__1 took 0.00258ms
interpretation of _aux_Init_WFTactics___macroRules_tacticDecreasing_tactic_1 took 0.00374ms
interpretation of _aux_Init_GetElem___macroRules_term__[_]_1 took 0.00338ms
interpretation of _aux_Init_GetElem___macroRules_term__[_]'__1 took 0.00229ms
interpretation of _aux_Init_GetElem___macroRules_term__[_]_?_1 took 0.00329ms
interpretation of _aux_Init_GetElem___macroRules_term__[_]_!_1 took 0.00258ms
interpretation of Fin._aux_Init_GetElem___macroRules_tacticGet_elem_tactic_extensible_1 took 0.003ms
interpretation of _aux_Init_Data_Array_Basic___macroRules_term#[_,]_1 took 0.00296ms
interpretation of Lean._aux_Init_Meta___macroRules_Lean_Parser_Syntax_addPrec_1 took 0.00318ms
interpretation of Lean._aux_Init_Meta___macroRules_Lean_Parser_Syntax_subPrec_1 took 0.00232ms
interpretation of Lean._aux_Init_Meta___macroRules_Lean_termEval_prec__1 took 0.00528ms
interpretation of Lean._aux_Init_Meta___macroRules_Lean_Parser_Syntax_addPrio_1 took 0.00387ms
interpretation of Lean._aux_Init_Meta___macroRules_Lean_Parser_Syntax_subPrio_1 took 0.00488ms
interpretation of Lean._aux_Init_Meta___macroRules_Lean_termEval_prio__1 took 0.00268ms
interpretation of Lean.Parser.Tactic._aux_Init_Meta___macroRules_Lean_Parser_Tactic_tacticErw____1 took 0.00328ms
interpretation of Lean.Parser.Tactic._aux_Init_Meta___macroRules_Lean_Parser_Tactic_declareSimpLikeTactic_1 took 0.012ms
interpretation of Lean.Parser.Tactic.expandSimp._@.Init.Meta.4021577198._hygCtx._hyg.3 took 0.00573ms
interpretation of Lean.Parser.Tactic.expandSimp._@.Init.Meta.3079349156._hygCtx._hyg.3 took 0.0037ms
interpretation of Lean.Parser.Tactic.expandSimp._@.Init.Meta.4207919134._hygCtx._hyg.3 took 0.00352ms
interpretation of Lean.Parser.Tactic._aux_Init_TacticsExtra___macroRules_Lean_Parser_Tactic_tacDepIfThenElse_1 took 0.00362ms
interpretation of Lean.Parser.Tactic._aux_Init_TacticsExtra___macroRules_Lean_Parser_Tactic_tacIfThenElse_1 took 0.00327ms
interpretation of Lean.Parser.Tactic._aux_Init_TacticsExtra___macroRules_Lean_Parser_Tactic_tacticIterate_____1 took 0.00303ms
interpretation of Lean.Parser.Tactic._aux_Init_TacticsExtra___macroRules_Lean_Parser_Tactic_tacticRw_mod_cast____1 took 0.00292ms
interpretation of Lean.Parser.Tactic._aux_Init_TacticsExtra___macroRules_Lean_Parser_Tactic_tacticExact_mod_cast__1 took 0.00297ms
interpretation of Lean.Parser.Tactic._aux_Init_TacticsExtra___macroRules_Lean_Parser_Tactic_tacticApply_mod_cast__1 took 0.00295ms
interpretation of _aux_Init_ByCases___macroRules_tacticBy_cases_:__1 took 0.00265ms
interpretation of _aux_Init_ByCases___macroRules_tacticBy_cases_:__2 took 0.00215ms
interpretation of Lean.Parser.Tactic.Conv._aux_Init_Conv___macroRules_Lean_Parser_Tactic_Conv_convRfl_1 took 0.00304ms
interpretation of Lean.Parser.Tactic.Conv._aux_Init_Conv___macroRules_Lean_Parser_Tactic_Conv_convDone_1 took 0.00324ms
interpretation of Lean.Parser.Tactic.Conv._aux_Init_Conv___macroRules_Lean_Parser_Tactic_Conv_convTrace_state_1 took 0.00307ms
interpretation of Lean.Parser.Tactic.Conv._aux_Init_Conv___macroRules_Lean_Parser_Tactic_Conv_allGoals_1 took 0.00252ms
interpretation of Lean.Parser.Tactic.Conv._aux_Init_Conv___macroRules_Lean_Parser_Tactic_Conv_anyGoals_1 took 0.00291ms
interpretation of Lean.Parser.Tactic.Conv._aux_Init_Conv___macroRules_Lean_Parser_Tactic_Conv_case_1 took 0.00291ms
interpretation of Lean.Parser.Tactic.Conv._aux_Init_Conv___macroRules_Lean_Parser_Tactic_Conv_case'_1 took 0.00302ms
interpretation of Lean.Parser.Tactic.Conv._aux_Init_Conv___macroRules_Lean_Parser_Tactic_Conv_convNext__=>__1 took 0.00314ms
interpretation of Lean.Parser.Tactic.Conv._aux_Init_Conv___macroRules_Lean_Parser_Tactic_Conv_focus_1 took 0.00288ms
interpretation of Lean.Parser.Tactic.Conv._aux_Init_Conv___macroRules_Lean_Parser_Tactic_Conv_conv·__1 took 0.00257ms
interpretation of Lean.Parser.Tactic.Conv._aux_Init_Conv___macroRules_Lean_Parser_Tactic_Conv_failIfSuccess_1 took 0.00435ms
interpretation of Lean.Parser.Tactic.Conv._aux_Init_Conv___macroRules_Lean_Parser_Tactic_Conv_convRw___1 took 0.003ms
interpretation of Lean.Parser.Tactic.Conv._aux_Init_Conv___macroRules_Lean_Parser_Tactic_Conv_convErw___1 took 0.00297ms
interpretation of Lean.Parser.Tactic.Conv._aux_Init_Conv___macroRules_Lean_Parser_Tactic_Conv_convArgs_1 took 0.00325ms
interpretation of Lean.Parser.Tactic.Conv._aux_Init_Conv___macroRules_Lean_Parser_Tactic_Conv_convLeft_1 took 0.00284ms
interpretation of Lean.Parser.Tactic.Conv._aux_Init_Conv___macroRules_Lean_Parser_Tactic_Conv_convRight_1 took 0.00281ms
interpretation of Lean.Parser.Tactic.Conv._aux_Init_Conv___macroRules_Lean_Parser_Tactic_Conv_convIntro____1 took 0.00281ms
interpretation of Lean.Parser.Tactic.Conv._aux_Init_Conv___macroRules_Lean_Parser_Tactic_Conv_convApply__1 took 0.00318ms
interpretation of Lean.Parser.Tactic.Conv._aux_Init_Conv___macroRules_Lean_Parser_Tactic_Conv_convTry__1 took 0.00269ms
interpretation of Lean.Parser.Tactic.Conv._aux_Init_Conv___macroRules_Lean_Parser_Tactic_Conv_conv_<;>__1 took 0.00318ms
interpretation of Lean.Parser.Tactic.Conv._aux_Init_Conv___macroRules_Lean_Parser_Tactic_Conv_convRepeat__1 took 0.00318ms
interpretation of Lean._aux_Init_NotationExtra___macroRules_Lean_command__Unif_hint____Where_|_-⊢___1 took 0.00441ms
interpretation of _aux_Init_NotationExtra___macroRules_term∃_,__1 took 0.00247ms
interpretation of _aux_Init_NotationExtra___macroRules_termExists_,__1 took 0.0023ms
interpretation of _aux_Init_NotationExtra___macroRules_termΣ_,__1 took 0.0026ms
interpretation of _aux_Init_NotationExtra___macroRules_termΣ'_,__1 took 0.00216ms
interpretation of _aux_Init_NotationExtra___macroRules_term_×__1_1 took 0.00274ms
interpretation of _aux_Init_NotationExtra___macroRules_term_×'__1_1 took 0.0026ms
interpretation of Lean._aux_Init_NotationExtra___macroRules_Lean_convCalc__1 took 0.00279ms
interpretation of _aux_Init_NotationExtra___macroRules_tacticFunext____1 took 0.00234ms
interpretation of _aux_Init_NotationExtra___macroRules_term%[_|_]_1 took 0.00238ms
interpretation of _aux_Init_NotationExtra___macroRules_Lean_Parser_Command_classAbbrev_1 took 0.00276ms
interpretation of Lean._aux_Init_NotationExtra___macroRules_Lean_solveTactic_1 took 0.00281ms
interpretation of Lean._aux_Init_NotationExtra___macroRules_Lean_term_Matches_|_1 took 0.00276ms
interpretation of _aux_Init_NotationExtra___macroRules_term{_}_1 took 0.0028ms
interpretation of Lean.Elab.Tactic.Ext._aux_Init_Ext___macroRules_Lean_Elab_Tactic_Ext_tacticExt1____1 took 0.00411ms
interpretation of Bool._aux_Init_Data_Bool___macroRules_Bool_term_^^__1 took 0.00256ms
interpretation of DerivingHelpers._aux_Init_LawfulBEqTactics___macroRules_DerivingHelpers_tacticDeriving_ReflEq_tactic_1 took 0.00337ms
interpretation of _aux_Init_LawfulBEqTactics___macroRules_tacticDeriving_LawfulEq_tactic_step_1 took 0.00234ms
interpretation of _aux_Init_LawfulBEqTactics___macroRules_tacticDeriving_LawfulEq_tactic_step_2 took 0.00286ms
interpretation of _aux_Init_LawfulBEqTactics___macroRules_tacticDeriving_LawfulEq_tactic_step_3 took 0.00282ms
interpretation of _aux_Init_LawfulBEqTactics___macroRules_tacticDeriving_LawfulEq_tactic_step_4 took 0.00267ms
interpretation of _aux_Init_LawfulBEqTactics___macroRules_tacticDeriving_LawfulEq_tactic_step_5 took 0.00267ms
interpretation of _aux_Init_LawfulBEqTactics___macroRules_tacticDeriving_LawfulEq_tactic_step_6 took 0.00297ms
interpretation of _aux_Init_LawfulBEqTactics___macroRules_tacticDeriving_LawfulEq_tactic_1 took 0.00259ms
interpretation of _aux_Init_Data_ToString_Macro___macroRules_termS!__1 took 0.00362ms
interpretation of Lean._aux_Init_BinderPredicates___macroRules_Lean_term∃__,__1 took 0.0033ms
interpretation of Lean._aux_Init_BinderPredicates___macroRules_Lean_term∀__,__1 took 0.00288ms
interpretation of Lean._aux_Init_BinderPredicates___macroRules_Lean_termSatisfies_binder_pred%___1 took 0.00294ms
interpretation of Lean._aux_Init_BinderPredicates___macroRules_Lean_termSatisfies_binder_pred%___2 took 0.00295ms
interpretation of Lean._aux_Init_BinderPredicates___macroRules_Lean_termSatisfies_binder_pred%___3 took 0.00261ms
interpretation of Lean._aux_Init_BinderPredicates___macroRules_Lean_termSatisfies_binder_pred%___4 took 0.0028ms
interpretation of Lean._aux_Init_BinderPredicates___macroRules_Lean_termSatisfies_binder_pred%___5 took 0.00257ms
interpretation of Lean._aux_Init_BinderPredicates___macroRules_Lean_termSatisfies_binder_pred%___6 took 0.0024ms
interpretation of Lean._aux_Init_BinderPredicates___macroRules_Lean_termSatisfies_binder_pred%___7 took 0.00235ms
interpretation of Lean._aux_Init_BinderPredicates___macroRules_Lean_termSatisfies_binder_pred%___8 took 0.0023ms
interpretation of Lean._aux_Init_BinderPredicates___macroRules_Lean_termSatisfies_binder_pred%___9 took 0.00248ms
interpretation of Lean._aux_Init_BinderPredicates___macroRules_Lean_termSatisfies_binder_pred%___10 took 0.00251ms
interpretation of Lean._aux_Init_BinderPredicates___macroRules_Lean_termSatisfies_binder_pred%___11 took 0.00251ms
interpretation of List._aux_Init_Data_List_BasicAux___macroRules_List_tacticSizeOf_list_dec_1 took 0.00354ms
interpretation of List._aux_Init_Data_List_BasicAux___macroRules_tacticDecreasing_trivial_1 took 0.00295ms
interpretation of BitVec._aux_Init_Data_BitVec_Basic___macroRules_BitVec_term__#___1 took 0.00391ms
interpretation of BitVec._aux_Init_Data_BitVec_Basic___macroRules_BitVec_term__#'___1 took 0.00286ms
interpretation of Rat._aux_Init_Data_Rat_Basic___macroRules_Rat_term_/.__1 took 0.00395ms
interpretation of _aux_Init_Data_UInt_Lemmas___macroRules_commandDeclare_uint_theorems___1 took 0.00392ms
interpretation of _aux_Init_Data_UInt_Bitwise___macroRules_commandDeclare_bitwise_uint_theorems___1 took 0.00308ms
interpretation of Lean.Parser._aux_Init_Grind_Propagator___macroRules_Lean_Parser_command_Builtin_grind_propagator____:=__1 took 0.00448ms
interpretation of _aux_Init_Data_SInt_Lemmas___macroRules_commandDeclare_int_theorems___1 took 0.00301ms
interpretation of _aux_Init_Data_SInt_Bitwise___macroRules_commandDeclare_bitwise_int_theorems___1 took 0.00342ms
interpretation of Std._aux_Init_Data_Iterators_Basic___macroRules_tacticDecreasing_trivial_1 took 0.00471ms
interpretation of Std._aux_Init_Data_Iterators_Basic___macroRules_tacticDecreasing_trivial_2 took 0.003ms
interpretation of Std._aux_Init_Data_Iterators_Basic___macroRules_tacticDecreasing_trivial_3 took 0.00257ms
interpretation of Std._aux_Init_Data_Iterators_Basic___macroRules_tacticDecreasing_trivial_4 took 0.00271ms
interpretation of String.Internal._aux_Init_Data_String_OrderInstances___macroRules_String_Internal_tacticOrder_1 took 0.232ms
interpretation of String._aux_Init_Data_String_Termination___macroRules_tacticDecreasing_trivial_1 took 0.00424ms
interpretation of String._aux_Init_Data_String_Termination___macroRules_tacticDecreasing_trivial_2 took 0.00324ms
interpretation of String._aux_Init_Data_String_Termination___macroRules_tacticDecreasing_trivial_3 took 0.00272ms
interpretation of String._aux_Init_Data_String_Termination___macroRules_tacticDecreasing_trivial_4 took 0.00261ms
interpretation of Std._aux_Init_Data_Range_Polymorphic_PRange___macroRules_Std_term_...=__1 took 0.00374ms
interpretation of Std._aux_Init_Data_Range_Polymorphic_PRange___macroRules_Std_term*...=__1 took 0.00297ms
interpretation of Std._aux_Init_Data_Range_Polymorphic_PRange___macroRules_Std_term_...*_1 took 0.0026ms
interpretation of Std._aux_Init_Data_Range_Polymorphic_PRange___macroRules_Std_term*...*_1 took 0.00325ms
interpretation of Std._aux_Init_Data_Range_Polymorphic_PRange___macroRules_Std_term_<...=__1 took 0.00262ms
interpretation of Std._aux_Init_Data_Range_Polymorphic_PRange___macroRules_Std_term_<...*_1 took 0.00209ms
interpretation of Std._aux_Init_Data_Range_Polymorphic_PRange___macroRules_Std_term_...<__1 took 0.00302ms
interpretation of Std._aux_Init_Data_Range_Polymorphic_PRange___macroRules_Std_term_...__1 took 0.00233ms
interpretation of Std._aux_Init_Data_Range_Polymorphic_PRange___macroRules_Std_term*...<__1 took 0.00232ms
interpretation of Std._aux_Init_Data_Range_Polymorphic_PRange___macroRules_Std_term*...__1 took 0.00255ms
interpretation of Std._aux_Init_Data_Range_Polymorphic_PRange___macroRules_Std_term_<...<__1 took 0.00291ms
interpretation of Std._aux_Init_Data_Range_Polymorphic_PRange___macroRules_Std_term_<...__1 took 0.00296ms
interpretation of Std._aux_Init_Data_Range_Polymorphic_Basic___macroRules_tacticGet_elem_tactic_extensible_1 took 0.00348ms
interpretation of Vector._aux_Init_Data_Vector_Basic___macroRules_Vector_term#v[_,]_1 took 0.00355ms
interpretation of String.Legacy.Iterator._aux_Init_Data_String_Iterator___macroRules_tacticDecreasing_trivial_1 took 0.00428ms
interpretation of String.Legacy.Iterator._aux_Init_Data_String_Iterator___macroRules_tacticDecreasing_trivial_2 took 0.00354ms
interpretation of Std.Legacy.Range._aux_Init_Data_Range_Basic___macroRules_Std_Legacy_Range_term[:_]_1 took 0.00459ms
interpretation of Std.Legacy.Range._aux_Init_Data_Range_Basic___macroRules_Std_Legacy_Range_term[_:_]_1 took 0.00317ms
interpretation of Std.Legacy.Range._aux_Init_Data_Range_Basic___macroRules_Std_Legacy_Range_term[_:_:_]_1 took 0.00347ms
interpretation of Std.Legacy.Range._aux_Init_Data_Range_Basic___macroRules_Std_Legacy_Range_term[:_:_]_1 took 0.00267ms
interpretation of _aux_Init_Data_Range_Basic___macroRules_tacticGet_elem_tactic_extensible_1 took 0.0028ms
interpretation of Array._aux_Init_Data_Array_Subarray___macroRules_Array_term__[_:_]_1 took 0.00368ms
interpretation of Array._aux_Init_Data_Array_Subarray___macroRules_Array_term__[:_]_1 took 0.00259ms
interpretation of Array._aux_Init_Data_Array_Subarray___macroRules_Array_term__[_:]_1 took 0.00241ms
interpretation of Std._aux_Init_Data_Slice_Notation___macroRules_term__[_]_1 took 0.00352ms
interpretation of Array._aux_Init_Data_Array_Mem___macroRules_Array_tacticArray_get_dec_1 took 0.00337ms
interpretation of Array._aux_Init_Data_Array_Mem___macroRules_tacticDecreasing_trivial_1 took 0.00228ms
interpretation of Array._aux_Init_Data_Array_Mem___macroRules_Array_tacticArray_mem_dec_1 took 0.0025ms
interpretation of Array._aux_Init_Data_Array_Mem___macroRules_tacticDecreasing_trivial_2 took 0.00278ms
interpretation of Array._aux_Init_Data_Array_Perm___macroRules_Array_term_~__1 took 0.00325ms
interpretation of _aux_Init_System_IO___macroRules_termPrintln!___1 took 0.00318ms
interpretation of Std._aux_Init_Data_Format_Macro___macroRules_Std_termF!__1 took 0.00319ms
interpretation of Vector._aux_Init_Data_Vector_Perm___macroRules_Vector_term_~__1 took 0.00271ms
interpretation of _aux_Init_Data_Range_Polymorphic_GetElemTactic___macroRules_tacticGet_elem_tactic_extensible_1 took 0.00337ms
interpretation of Lean.Parser._aux_Init_Simproc___macroRules_Lean_Parser_command_Simproc_decl_(_):=__1 took 0.00452ms
interpretation of Lean.Parser._aux_Init_Simproc___macroRules_Lean_Parser_command_Dsimproc_decl_(_):=__1 took 0.00329ms
interpretation of Lean.Parser._aux_Init_Simproc___macroRules_Lean_Parser_command_Builtin_simproc_decl_(_):=__1 took 0.00313ms
interpretation of Lean.Parser._aux_Init_Simproc___macroRules_Lean_Parser_command_Builtin_dsimproc_decl_(_):=__1 took 0.00343ms
interpretation of Lean.Parser._aux_Init_Simproc___macroRules_Lean_Parser_command__Simproc__[_]_(_):=__1 took 0.00319ms
interpretation of Lean.Parser._aux_Init_Simproc___macroRules_Lean_Parser_command__Dsimproc__[_]_(_):=__1 took 0.00328ms
interpretation of Lean.Parser._aux_Init_Simproc___macroRules_Lean_Parser_command__Builtin_simproc__[_]_(_):=__1 took 0.00356ms
interpretation of Lean.Parser._aux_Init_Simproc___macroRules_Lean_Parser_command__Builtin_dsimproc__[_]_(_):=__1 took 0.00288ms
interpretation of Lean.Parser._aux_Init_CbvSimproc___macroRules_Lean_Parser_command_Cbv_simproc_decl_(_):=__1 took 0.00323ms
interpretation of Lean.Parser._aux_Init_CbvSimproc___macroRules_Lean_Parser_command_Builtin_cbv_simproc_decl_(_):=__1 took 0.00286ms
interpretation of Lean.Parser._aux_Init_CbvSimproc___macroRules_Lean_Parser_command__Cbv_simproc____(_):=__1 took 0.00327ms
interpretation of Lean.Parser._aux_Init_CbvSimproc___macroRules_Lean_Parser_command__Builtin_cbv_simproc____(_):=__1 took 0.00306ms
interpretation of Lean._aux_Init_MacroTrace___macroRules_Lean_termMacro.trace[_]__1 took 0.00257ms
interpretation of Lean.Order._aux_Init_Internal_Order_Basic___macroRules_Lean_Order_term_⊑__1 took 0.00325ms
interpretation of Lean.Order._aux_Init_Internal_Order_Basic___macroRules_Lean_Order_term⊥_1 took 0.00268ms
interpretation of _aux_Init_Try___macroRules_tactic∎_1 took 0.00272ms
interpretation of _aux_Init_Try___macroRules_term∎_1 took 0.00229ms
interpretation of Std.DHashMap.Raw._aux_Std_Data_DHashMap_Raw___macroRules_Std_DHashMap_Raw_term_~m__1 took 0.00452ms
interpretation of Std.DHashMap._aux_Std_Data_DHashMap_Basic___macroRules_Std_DHashMap_term_~m__1 took 0.00333ms
interpretation of Std.HashMap._aux_Std_Data_HashMap_Basic___macroRules_Std_HashMap_term_~m__1 took 0.00395ms
interpretation of Std.HashSet._aux_Std_Data_HashSet_Basic___macroRules_Std_HashSet_term_~m__1 took 0.00355ms
interpretation of Std.DTreeMap.Internal.Impl._aux_Std_Data_DTreeMap_Internal_Balancing___macroRules_Std_DTreeMap_Internal_Impl_tacticTree_tac_1 took 0.00733ms
interpretation of Std.DTreeMap.Internal.Impl._aux_Std_Data_DTreeMap_Internal_Balancing___macroRules_Std_DTreeMap_Internal_Impl_term✓_1 took 0.0031ms
interpretation of Std.DTreeMap.Internal.Impl._aux_Std_Data_DTreeMap_Internal_Queries___macroRules_Std_DTreeMap_Internal_Impl_term_~m__1 took 0.00411ms
interpretation of Std.DTreeMap._aux_Std_Data_DTreeMap_Basic___macroRules_Std_DTreeMap_term_~m__1 took 0.00367ms
interpretation of Std.TreeMap._aux_Std_Data_TreeMap_Basic___macroRules_Std_TreeMap_term_~m__1 took 0.00549ms
interpretation of Std.TreeSet._aux_Std_Data_TreeSet_Basic___macroRules_Std_TreeSet_term_~m__1 took 0.00301ms
interpretation of Std.HashMap.Raw._aux_Std_Data_HashMap_Raw___macroRules_Std_HashMap_Raw_term_~m__1 took 0.00328ms
interpretation of Lean.Option._aux_Lean_Data_Options___macroRules_Lean_Option_registerBuiltinOption_1 took 0.00326ms
interpretation of Lean.Option._aux_Lean_Data_Options___macroRules_Lean_Option_registerOption_1 took 0.00332ms
interpretation of Std.DTreeMap.Raw._aux_Std_Data_DTreeMap_Raw_Basic___macroRules_Std_DTreeMap_Raw_term_~m__1 took 0.0048ms
interpretation of Std.TreeMap.Raw._aux_Std_Data_TreeMap_Raw_Basic___macroRules_Std_TreeMap_Raw_term_~m__1 took 0.00449ms
interpretation of Lean._aux_Lean_Message___macroRules_Lean_termM!__1 took 0.00302ms
interpretation of Lean._aux_Lean_Exception___macroRules_Lean_termThrowError___1 took 0.00286ms
interpretation of Lean._aux_Lean_Exception___macroRules_Lean_termThrowErrorAt_____1 took 0.0312ms
interpretation of Lean._aux_Lean_Util_Trace___macroRules_Lean_doElemTrace[_]___1 took 0.0039ms
interpretation of Lean.Compiler._aux_Lean_Compiler_LCNF_Types___macroRules_Lean_Compiler_term◾_1 took 0.00398ms
interpretation of Lean.Compiler.LCNF._aux_Lean_Compiler_LCNF_Basic___macroRules_Lean_Compiler_LCNF_tacticPurity_tac_1 took 0.00422ms
interpretation of Lean.PrettyPrinter.Delaborator._aux_Lean_PrettyPrinter_Delaborator_Basic___macroRules_Lean_PrettyPrinter_Delaborator_attrApp_delab__1 took 0.00536ms
interpretation of Lean._aux_Lean_Parser_Extra___macroRules_Lean_termRegister_parser_alias(Kind:=_)_______1 took 0.00411ms
interpretation of Lean.Json._aux_Lean_Data_Json_Elab___macroRules_Lean_Json_termJson%__1 took 0.0038ms
interpretation of Std.Time._aux_Std_Time_Notation_Spec___macroRules_Std_Time_termDatespec(_)_1 took 0.00366ms
interpretation of Std.Time._aux_Std_Time_Notation_Spec___macroRules_Std_Time_termDatespec(_,_)_1 took 0.00238ms
interpretation of expandLemma took 0.0114ms
interpretation of Lean._aux_Lean_Meta_Tactic_Simp_BuiltinSimprocs_UInt___macroRules_Lean_commandDeclare_uint_simprocs__1 took 0.00516ms
interpretation of Lean._aux_Lean_Meta_Tactic_Simp_BuiltinSimprocs_SInt___macroRules_Lean_commandDeclare_sint_simprocs__1 took 0.00885ms
interpretation of Lean.Meta.Simp._aux_Lean_Meta_Tactic_Simp_RegisterCommand___macroRules_Lean_Meta_Simp__root__Lean_Parser_Command_registerSimpAttr_1 took 0.00456ms
interpretation of Batteries.Tactic._aux_Batteries_Tactic_Unreachable___macroRules_Batteries_Tactic_unreachableConv_1 took 0.00653ms
interpretation of Batteries.Tactic._aux_Batteries_Tactic_HelpCmd___macroRules_Batteries_Tactic_command#help_Term+_____1 took 0.00702ms
interpretation of Batteries.Tactic._aux_Batteries_Tactic_HelpCmd___macroRules_Batteries_Tactic_command#help_Tactic+_____1 took 0.00575ms
interpretation of Batteries.Tactic._aux_Batteries_Tactic_HelpCmd___macroRules_Batteries_Tactic_command#help_Conv+_____1 took 0.0045ms
interpretation of Batteries.Tactic._aux_Batteries_Tactic_HelpCmd___macroRules_Batteries_Tactic_command#help_Command+_____1 took 0.00503ms
interpretation of Batteries.Tactic._aux_Batteries_Tactic_Trans___macroRules_Batteries_Tactic_tacticTransitivity____1 took 0.00616ms
interpretation of Mathlib.Tactic.ToAdditive._aux_Mathlib_Tactic_Translate_ToAdditive___macroRules_Mathlib_Tactic_ToAdditive_attrTo_additive?__1 took 0.00974ms
interpretation of Lean.Parser.Attr._aux_Mathlib_Tactic_Simps_Basic___macroRules_Lean_Parser_Attr_attrSimps?__1 took 0.00862ms
interpretation of Lean.Parser.Attr._aux_Mathlib_Tactic_Simps_Basic___macroRules_Lean_Parser_Attr_attrSimps!__1 took 0.00507ms
interpretation of Lean.Parser.Attr._aux_Mathlib_Tactic_Simps_Basic___macroRules_Lean_Parser_Attr_attrSimps!?__1 took 0.00409ms
interpretation of Lean.Parser.Attr._aux_Mathlib_Tactic_Simps_Basic___macroRules_Lean_Parser_Attr_attrSimps?!__1 took 0.00549ms
interpretation of Lean.Parser.Command._aux_Mathlib_Tactic_Simps_Basic___macroRules_Lean_Parser_Command_commandInitialize_simps_projections?__1 took 0.00431ms
interpretation of _aux_Mathlib_Data_Nat_Notation___macroRules_termℕ_1 took 0.00464ms
interpretation of _aux_Mathlib_Data_Int_Notation___macroRules_termℤ_1 took 0.00327ms
interpretation of _aux_Mathlib_Tactic_OfNat___macroRules_termOfNat(_)_1 took 0.00413ms
interpretation of _aux_Mathlib_Algebra_Notation_Defs___macroRules_term_+ᵥ__1 took 0.00529ms
interpretation of _aux_Mathlib_Algebra_Notation_Defs___macroRules_term_-ᵥ__1 took 0.00435ms
interpretation of _aux_Mathlib_Algebra_Notation_Defs___macroRules_term_/ₛ__1 took 0.00288ms
interpretation of Lean._aux_Lean_LabelAttribute___macroRules_Lean__root__Lean_Parser_Command_registerLabelAttr_1 took 0.00408ms
interpretation of Function._aux_Mathlib_Logic_Function_Defs___macroRules_Function_term_∘'__1 took 0.00473ms
interpretation of Function._aux_Mathlib_Logic_Function_Defs___macroRules_Function_term_On__1 took 0.00827ms
interpretation of Mathlib.Notation._aux_Mathlib_Basic_ExistsUnique___macroRules_Mathlib_Notation_term∃!_,__1 took 0.0304ms
interpretation of Mathlib.Notation._aux_Mathlib_Basic_ExistsUnique___macroRules_Mathlib_Notation_term∃!__,__1 took 0.00805ms
interpretation of Batteries.ExtendedBinder._aux_Batteries_Util_ExtendedBinder___macroRules_Batteries_ExtendedBinder_term∃ᵉ_,__1 took 0.00841ms
interpretation of Batteries.ExtendedBinder._aux_Batteries_Util_ExtendedBinder___macroRules_Batteries_ExtendedBinder_term∃ᵉ_,__2 took 0.00612ms
interpretation of Batteries.ExtendedBinder._aux_Batteries_Util_ExtendedBinder___macroRules_Batteries_ExtendedBinder_term∀ᵉ_,__1 took 0.00615ms
interpretation of Batteries.ExtendedBinder._aux_Batteries_Util_ExtendedBinder___macroRules_Batteries_ExtendedBinder_term∀ᵉ_,__2 took 0.00631ms
interpretation of Mathlib.Meta.SetNotationForOrder._aux_Mathlib_Tactic_SetNotationForOrder___macroRules_Lean_termSatisfies_binder_pred%___1 took 0.00789ms
interpretation of Mathlib.Meta.SetNotationForOrder._aux_Mathlib_Tactic_SetNotationForOrder___macroRules_Lean_termSatisfies_binder_pred%___2 took 0.00563ms
interpretation of Mathlib.Meta.SetNotationForOrder._aux_Mathlib_Tactic_SetNotationForOrder___macroRules_Lean_termSatisfies_binder_pred%___3 took 0.00447ms
interpretation of Mathlib.Meta.SetNotationForOrder._aux_Mathlib_Tactic_SetNotationForOrder___macroRules_Lean_termSatisfies_binder_pred%___4 took 0.00481ms
interpretation of Mathlib.Tactic.ToDual._aux_Mathlib_Tactic_Translate_ToDual___macroRules_Mathlib_Tactic_ToDual_attrTo_dual?__1 took 0.00772ms
interpretation of Mathlib.Meta._aux_Mathlib_Data_Set_Defs___macroRules_Mathlib_Meta_term{_|_}_1 took 0.00774ms
interpretation of Mathlib.Meta._aux_Mathlib_Data_Set_Defs___macroRules_Mathlib_Meta_macroPattSetBuilder_1 took 0.00531ms
interpretation of Mathlib.Meta._aux_Mathlib_Data_Set_Defs___macroRules_Mathlib_Meta_term{_|_}_1_1 took 0.0055ms
interpretation of Set._aux_Mathlib_Data_Set_Defs___macroRules_Set_term𝒫__1 took 0.00608ms
interpretation of Batteries.Tactic._aux_Batteries_Tactic_Init___macroRules_Batteries_Tactic_tactic__1 took 0.00512ms
interpretation of Batteries.Tactic._aux_Batteries_Tactic_Init___macroRules_Batteries_Tactic_tacticBy_contra_core_1 took 0.00413ms
interpretation of Batteries.Tactic._aux_Batteries_Tactic_Init___macroRules_Batteries_Tactic_byContra_1 took 0.00442ms
interpretation of Batteries.Tactic._aux_Batteries_Tactic_Init___macroRules_Batteries_Tactic_tacticAbsurd__1 took 0.00394ms
interpretation of Batteries.Tactic._aux_Batteries_Tactic_Init___macroRules_Batteries_Tactic_tacticSplit_ands_1 took 0.0041ms
interpretation of Batteries.Tactic._aux_Batteries_Tactic_Init___macroRules_Batteries_Tactic_Conv_exact_1 took 0.00452ms
interpretation of Function._aux_Mathlib_Logic_Function_Basic___macroRules_Function_term↿__1 took 0.00483ms
interpretation of _aux_Mathlib_Tactic_Spread___macroRules_Lean_Parser_Term_structInst_1 took 0.00482ms
interpretation of Relator._aux_Mathlib_Logic_Relator___macroRules_Relator_term_⇒__1 took 0.00497ms
interpretation of Mathlib.Tactic._aux_Mathlib_Tactic_Use___macroRules_Mathlib_Tactic_tacticUse_discharger_1 took 0.00704ms
interpretation of Mathlib.Tactic._aux_Mathlib_Tactic_Use___macroRules_Mathlib_Tactic_tacticUse_discharger_2 took 0.00443ms
interpretation of Mathlib.Tactic._aux_Mathlib_Tactic_Use___macroRules_Mathlib_Tactic_tacticUse_discharger_3 took 0.00349ms
interpretation of Mathlib.Tactic._aux_Mathlib_Tactic_Use___macroRules_Mathlib_Tactic_tacticUse_discharger_4 took 0.00487ms
interpretation of Mathlib.Tactic._aux_Mathlib_Tactic_Use___macroRules_Mathlib_Tactic_tacticUse_discharger_5 took 0.00425ms
interpretation of Aesop._aux_Aesop_Tracing___macroRules_Aesop_doElemAesop_trace![_]___1 took 0.00679ms
interpretation of Aesop._aux_Aesop_Tracing___macroRules_Aesop_doElemAesop_trace[_]___1 took 0.00565ms
interpretation of Batteries.Tactic._aux_Batteries_Tactic_PermuteGoals___macroRules_Batteries_Tactic_tacticSwap_1 took 0.00431ms
interpretation of Batteries.Tactic._aux_Batteries_Tactic_SeqFocus___macroRules_Batteries_Tactic_seq_focus_1 took 0.00495ms
interpretation of Std.Do._aux_Std_Do_SPred_Notation_Basic___macroRules_Std_Do_termSpred(_)_1 took 0.0055ms
interpretation of Std.Do._aux_Std_Do_SPred_Notation_Basic___macroRules_Std_Do_termSpred(_)_2 took 0.00326ms
interpretation of Std.Do._aux_Std_Do_SPred_Notation___macroRules_Std_Do_term⌜_⌝_1 took 0.00383ms
interpretation of Std.Do._aux_Std_Do_SPred_Notation___macroRules_Std_Do_term_⊢ₛ__1 took 0.00297ms
interpretation of Std.Do._aux_Std_Do_SPred_Notation___macroRules_Std_Do_termSpred(_)_1 took 0.00275ms
interpretation of Std.Do._aux_Std_Do_SPred_Notation___macroRules_Std_Do_term⊢ₛ__1 took 0.00368ms
interpretation of Std.Do._aux_Std_Do_SPred_Notation___macroRules_Std_Do_term_⊣⊢ₛ__1 took 0.00317ms
interpretation of Std.Do._aux_Std_Do_PostCond___macroRules_Std_Do_term_⊢ₑ__1 took 0.00418ms
interpretation of Std.Do._aux_Std_Do_PostCond___macroRules_Std_Do_term_∧ₑ__1 took 0.00318ms
interpretation of Std.Do._aux_Std_Do_PostCond___macroRules_Std_Do_term_→ₑ__1 took 0.00262ms
interpretation of Std.Do._aux_Std_Do_PostCond___macroRules_Std_Do_termPost⟨_,,⟩_1 took 0.00319ms
interpretation of Std.Do._aux_Std_Do_PostCond___macroRules_Std_Do_term_⇓_=>__1 took 0.00314ms
interpretation of Std.Do._aux_Std_Do_PostCond___macroRules_Std_Do_term_⇓?_=>__1 took 0.0033ms
interpretation of Std.Do._aux_Std_Do_PostCond___macroRules_Std_Do_term_⊢ₚ__1 took 0.00345ms
interpretation of Std.Do._aux_Std_Do_PostCond___macroRules_Std_Do_term_∧ₚ__1 took 0.0029ms
interpretation of Std.Do._aux_Std_Do_PostCond___macroRules_Std_Do_term_→ₚ__1 took 0.00269ms
interpretation of Std.Do._aux_Std_Do_WP_Basic___macroRules_Std_Do_termWp⟦_:_⟧_1 took 0.00331ms
interpretation of Lean.Parser.Tactic._aux_Std_Tactic_Do_Syntax___macroRules_Lean_Parser_Tactic_mclearError_1 took 0.00541ms
interpretation of Lean.Parser.Tactic._aux_Std_Tactic_Do_Syntax___macroRules_Lean_Parser_Tactic_mexactError_1 took 0.00412ms
interpretation of Lean.Parser.Tactic._aux_Std_Tactic_Do_Syntax___macroRules_Lean_Parser_Tactic_mexistsError_1 took 0.00349ms
interpretation of Lean.Parser.Tactic._aux_Std_Tactic_Do_Syntax___macroRules_Lean_Parser_Tactic_mhaveError_1 took 0.00312ms
interpretation of Lean.Parser.Tactic._aux_Std_Tactic_Do_Syntax___macroRules_Lean_Parser_Tactic_mreplaceError_1 took 0.00332ms
interpretation of Lean.Parser.Tactic._aux_Std_Tactic_Do_Syntax___macroRules_Lean_Parser_Tactic_mpureError_1 took 0.00327ms
interpretation of Lean.Parser.Tactic._aux_Std_Tactic_Do_Syntax___macroRules_Lean_Parser_Tactic_mrenameIError_1 took 0.00266ms
interpretation of Lean.Parser.Tactic._aux_Std_Tactic_Do_Syntax___macroRules_Lean_Parser_Tactic_mspecializeError_1 took 0.00396ms
interpretation of Lean.Parser.Tactic._aux_Std_Tactic_Do_Syntax___macroRules_Lean_Parser_Tactic_mspecializePureError_1 took 0.00368ms
interpretation of Lean.Parser.Tactic._aux_Std_Tactic_Do_Syntax___macroRules_Lean_Parser_Tactic_mleave_1 took 0.00315ms
interpretation of Lean.Parser.Tactic._aux_Std_Tactic_Do_Syntax___macroRules_Lean_Parser_Tactic_mcasesPat%__1 took 0.00293ms
interpretation of Lean.Parser.Tactic._aux_Std_Tactic_Do_Syntax___macroRules_Lean_Parser_Tactic_mcasesPat#__1 took 0.00331ms
interpretation of Lean.Parser.Tactic._aux_Std_Tactic_Do_Syntax___macroRules_Lean_Parser_Tactic_mcasesError_1 took 0.00298ms
interpretation of Lean.Parser.Tactic._aux_Std_Tactic_Do_Syntax___macroRules_Lean_Parser_Tactic_mrefinePat%__1 took 0.00318ms
interpretation of Lean.Parser.Tactic._aux_Std_Tactic_Do_Syntax___macroRules_Lean_Parser_Tactic_mrefinePat#__1 took 0.00291ms
interpretation of Lean.Parser.Tactic._aux_Std_Tactic_Do_Syntax___macroRules_Lean_Parser_Tactic_mrefineError_1 took 0.0255ms
interpretation of Lean.Parser.Tactic._aux_Std_Tactic_Do_Syntax___macroRules_Lean_Parser_Tactic_mintroError_1 took 0.00338ms
interpretation of Lean.Parser.Tactic._aux_Std_Tactic_Do_Syntax___macroRules_Lean_Parser_Tactic_mintro_1 took 0.0027ms
interpretation of Lean.Parser.Tactic._aux_Std_Tactic_Do_Syntax___macroRules_Lean_Parser_Tactic_mrevertError_1 took 0.00272ms
interpretation of Lean.Parser.Tactic._aux_Std_Tactic_Do_Syntax___macroRules_Lean_Parser_Tactic_mrevert_1 took 0.0025ms
interpretation of Lean.Parser.Tactic._aux_Std_Tactic_Do_Syntax___macroRules_Lean_Parser_Tactic_mspecNoSimp_1 took 0.0024ms
interpretation of Lean.Parser.Tactic._aux_Std_Tactic_Do_Syntax___macroRules_Lean_Parser_Tactic_mspec_1 took 0.00341ms
interpretation of Lean.Parser.Tactic._aux_Std_Tactic_Do_Syntax___macroRules_Lean_Parser_Tactic_tacticMvcgen_trivial_1 took 0.00233ms
interpretation of Aesop._aux_Aesop_Exception___macroRules_Aesop_commandDeclare_aesop_exception____1 took 0.00552ms
interpretation of Aesop.Frontend._aux_Aesop_Frontend_Saturate___macroRules_Aesop_Frontend_tacticForward_____1 took 0.00664ms
interpretation of Aesop.Frontend._aux_Aesop_Frontend_Saturate___macroRules_Aesop_Frontend_tacticForward?_____1 took 0.00458ms
interpretation of Mathlib.Tactic._aux_Mathlib_Tactic_Core___macroRules_Mathlib_Tactic_tacticRepeat1__1 took 0.00635ms
interpretation of Mathlib.Tactic._aux_Mathlib_Tactic_ScopedNS___macroRules_Mathlib_Tactic_scopedNS_1 took 0.00432ms
interpretation of Mathlib.Notation3._aux_Mathlib_Util_Notation3___macroRules_Mathlib_Notation3_termExpand_binders%(_=>_)_,__1 took 0.00826ms
interpretation of Mathlib.Notation3._aux_Mathlib_Util_Notation3___macroRules_Mathlib_Notation3_termExpand_binders%(_=>_)_,__2 took 0.0118ms
interpretation of Mathlib.Notation3._aux_Mathlib_Util_Notation3___macroRules_Mathlib_Notation3_expandFoldl_1 took 0.0051ms
interpretation of Mathlib.Notation3._aux_Mathlib_Util_Notation3___macroRules_Mathlib_Notation3_expandFoldr_1 took 0.00489ms
interpretation of Mathlib.Notation3._aux_Mathlib_Util_Notation3___macroRules_Mathlib_Tactic_scopedNS_1 took 0.0052ms
interpretation of Quotient._aux_Mathlib_Data_Quot___macroRules_Quotient_term⟦_⟧_1 took 0.00607ms
interpretation of _aux_Mathlib_Logic_Equiv_Defs___macroRules_term_≃__1 took 0.00549ms
interpretation of _aux_Mathlib_Data_Opposite___macroRules_term_ᵒᵖ_1 took 0.00356ms
interpretation of _aux_Mathlib_Combinatorics_Quiver_Basic___macroRules_term_⟶__1 took 0.00401ms
interpretation of Qq._aux_Qq_Macro___macroRules_Qq_term_=QL__1 took 0.00678ms
interpretation of Qq._aux_Qq_Macro___macroRules_Qq_termQ(__)_1 took 0.00637ms
interpretation of Qq._aux_Qq_Macro___macroRules_Qq_termQ(__)_1_1 took 0.00475ms
interpretation of Qq._aux_Qq_Macro___macroRules_Qq_term_=Q__1 took 0.00483ms
interpretation of Qq.Impl._aux_Qq_Macro___macroRules_Qq_termQ(__)_1_1 took 0.00407ms
interpretation of Qq.Impl._aux_Qq_Macro___macroRules_Qq_termQ(__)_1 took 0.0047ms
interpretation of Qq.Impl._aux_Qq_Match___macroRules_Lean_Parser_Term_assert_1 took 0.00685ms
interpretation of Qq.Impl._aux_Qq_Match___macroRules_Lean_Parser_Term_assert_2 took 0.00528ms
interpretation of Qq.Impl._aux_Qq_Match___macroRules_Qq_Impl_doElemComefrom_Do__1 took 0.00394ms
interpretation of Qq._aux_Qq_Match___macroRules_Lean_Parser_Term_doLet_1 took 0.00438ms
interpretation of Qq._aux_Qq_Match___macroRules_Lean_Parser_Term_doLetElse_1 took 0.00379ms
interpretation of Qq._aux_Qq_Match___macroRules_Lean_Parser_Term_match_1 took 0.00352ms
interpretation of Qq._aux_Qq_Match___macroRules_Lean_Parser_Term_doMatch_1 took 0.00339ms
interpretation of Qq.Impl._aux_Qq_AssertInstancesCommute___macroRules_Lean_Parser_Term_assert_1 took 0.00479ms
interpretation of Qq.Impl._aux_Qq_AssertInstancesCommute___macroRules_Lean_Parser_Term_assert_2 took 0.00304ms
interpretation of Qq._aux_Qq_AssertInstancesCommute___macroRules_Qq_doElemAssertInstancesCommute_1 took 0.00411ms
interpretation of Qq._aux_Qq_AssertInstancesCommute___macroRules_Qq_doElemAssumeInstancesCommute_1 took 0.00376ms
interpretation of Lean.Elab.Tactic._aux_Lean_Elab_Tactic_Config___macroRules_Lean_Elab_Tactic_configElab_1 took 0.00499ms
interpretation of Lean.Elab.Tactic._aux_Lean_Elab_Tactic_Config___macroRules_Lean_Elab_Tactic_commandConfigElab_1 took 0.00377ms
interpretation of Plausible._aux_Plausible_Testable___macroRules_Plausible_command#test__1 took 0.00667ms
interpretation of Lean.Elab.Term.Quotation._aux_Lean_Elab_Quotation___macroRules_Lean_Elab_Term_Quotation_commandElab_stx_quot__1 took 0.00475ms
interpretation of Batteries.Tactic._aux_Batteries_Tactic_Case___macroRules_Batteries_Tactic_casePatt_1 took 0.00522ms
interpretation of List._aux_Batteries_Data_List_Basic___macroRules_List_term_<+~__1 took 0.00722ms
interpretation of Mathlib.Tactic._aux_Mathlib_Tactic_Basic___macroRules_Mathlib_Tactic_tacticAssumption'_1 took 0.00551ms
interpretation of Mathlib.Tactic.Conv._aux_Mathlib_Tactic_Conv___macroRules_Mathlib_Tactic_Conv_convLHS_1 took 0.00588ms
interpretation of Mathlib.Tactic.Conv._aux_Mathlib_Tactic_Conv___macroRules_Mathlib_Tactic_Conv_convRHS_1 took 0.0041ms
interpretation of Mathlib.Tactic.Conv._aux_Mathlib_Tactic_Conv___macroRules_Mathlib_Tactic_Conv_convRun_conv__1 took 0.00398ms
interpretation of Mathlib.Tactic.Conv._aux_Mathlib_Tactic_Conv___macroRules_Mathlib_Tactic_Conv_convConvIn__=>__1 took 0.00417ms
interpretation of Mathlib.Tactic.Conv._aux_Mathlib_Tactic_Conv___macroRules_Mathlib_Tactic_Conv_convRefine__1 took 0.00505ms
interpretation of Mathlib.Tactic.Conv._aux_Mathlib_Tactic_Conv___macroRules_Mathlib_Tactic_Conv_withReducible_1 took 0.00469ms
interpretation of Mathlib.Tactic.Conv._aux_Mathlib_Tactic_Conv___macroRules_Mathlib_Tactic_Conv_command#whnf__1 took 0.00391ms
interpretation of Mathlib.Tactic.Conv._aux_Mathlib_Tactic_Conv___macroRules_Mathlib_Tactic_Conv_command#whnfR__1 took 0.00374ms
interpretation of Mathlib.Tactic.Conv._aux_Mathlib_Tactic_Conv___macroRules_Mathlib_Tactic_Conv_command#simpOnly_=>___1 took 0.00409ms
interpretation of Mathlib.Tactic.Push._aux_Mathlib_Tactic_Push___macroRules_Mathlib_Tactic_Push_pushCommand_1 took 0.00651ms
interpretation of Mathlib.Tactic.Push._aux_Mathlib_Tactic_Push___macroRules_Mathlib_Tactic_Push_pullCommand_1 took 0.00464ms
interpretation of Mathlib.Tactic.ByCases._aux_Mathlib_Tactic_ByCases___macroRules_Mathlib_Tactic_ByCases_byCases!_1 took 0.0048ms
interpretation of Mathlib.Tactic.ByContra._aux_Mathlib_Tactic_ByContra___macroRules_Mathlib_Tactic_ByContra_byContra!_1 took 0.00477ms
interpretation of Mathlib.Tactic.Choose._aux_Mathlib_Tactic_Choose___macroRules_Mathlib_Tactic_Choose_tacticChoose!___Using__1 took 0.00614ms
interpretation of ProofWidgets.Jsx._aux_ProofWidgets_Data_Html___macroRules_ProofWidgets_Jsx_term__1 took 0.00618ms
interpretation of Mathlib.Tactic.GCongr._aux_Mathlib_Tactic_GCongr___macroRules_Mathlib_Tactic_GCongr_tacticGcongr_discharger_1 took 0.00456ms
interpretation of Mathlib.Tactic.GRewrite._aux_Mathlib_Tactic_GRewrite_Elab___macroRules_Mathlib_Tactic_GRewrite_grwSeq_1 took 0.0129ms
interpretation of Mathlib.Tactic.GRewrite._aux_Mathlib_Tactic_GRewrite_Elab___macroRules_Mathlib_Tactic_GRewrite_tacticApply_rewrite____1 took 0.00572ms
interpretation of Mathlib.Tactic.GRewrite._aux_Mathlib_Tactic_GRewrite_Elab___macroRules_Mathlib_Tactic_GRewrite_applyRwSeq_1 took 0.00425ms
interpretation of Mathlib.Tactic.GRewrite._aux_Mathlib_Tactic_GRewrite_Elab___macroRules_Mathlib_Tactic_GRewrite_tacticNth_grewrite______1 took 0.00665ms
interpretation of Mathlib.Tactic.GRewrite._aux_Mathlib_Tactic_GRewrite_Elab___macroRules_Mathlib_Tactic_GRewrite_tacticNth_grw______1 took 0.00514ms
interpretation of Mathlib.Tactic._aux_Mathlib_Tactic_NthRewrite___macroRules_Mathlib_Tactic_tacticNth_rewrite______1 took 0.00572ms
interpretation of Mathlib.Tactic._aux_Mathlib_Tactic_NthRewrite___macroRules_Mathlib_Tactic_tacticNth_rw______1 took 0.00387ms
interpretation of Std.DHashMap.Internal.Raw₀._aux_Std_Data_DHashMap_Internal_RawLemmas___macroRules_Std_DHashMap_Internal_Raw₀_tacticWf_trivial_1 took 0.00712ms
interpretation of Std.DHashMap.Internal.Raw₀._aux_Std_Data_DHashMap_Internal_RawLemmas___macroRules_Std_DHashMap_Internal_Raw₀_tacticEmpty_1 took 0.00476ms
interpretation of Std.DHashMap.Internal.Raw₀._aux_Std_Data_DHashMap_Internal_RawLemmas___macroRules_Std_DHashMap_Internal_Raw₀_tacticSimp_to_model[_]Using__1 took 0.00483ms
interpretation of Std.DTreeMap.Internal.Impl._aux_Std_Data_DTreeMap_Internal_Lemmas___macroRules_Std_DTreeMap_Internal_Impl_tacticWf_trivial_1 took 0.00556ms
interpretation of Std.DTreeMap.Internal.Impl._aux_Std_Data_DTreeMap_Internal_Lemmas___macroRules_Std_DTreeMap_Internal_Impl_tacticEmpty_1 took 0.00421ms
interpretation of Std.DTreeMap.Internal.Impl._aux_Std_Data_DTreeMap_Internal_Lemmas___macroRules_Std_DTreeMap_Internal_Impl_tacticSimp_to_model[_]Using__1 took 0.00501ms
interpretation of Std.TreeSet.Raw._aux_Std_Data_TreeSet_Raw_Basic___macroRules_Std_TreeSet_Raw_term_~m__1 took 0.00486ms
interpretation of Std.DHashMap.Internal.Raw._aux_Std_Data_DHashMap_RawLemmas___macroRules_Std_DHashMap_Internal_Raw_tacticSimp_to_rawUsing__1 took 0.439ms
interpretation of Mathlib.Tactic.Contrapose._aux_Mathlib_Tactic_Contrapose___macroRules_Mathlib_Tactic_Contrapose_contrapose_1 took 0.00995ms
interpretation of Mathlib.Tactic.Contrapose._aux_Mathlib_Tactic_Contrapose___macroRules_Mathlib_Tactic_Contrapose_contrapose!_1 took 0.00471ms
interpretation of Mathlib.Tactic._aux_Mathlib_Tactic_Convert___macroRules_Mathlib_Tactic_convert!_1 took 0.0075ms
interpretation of Mathlib.Tactic._aux_Mathlib_Tactic_Convert___macroRules_Mathlib_Tactic_convert_to!_1 took 0.00499ms
interpretation of Mathlib.Tactic._aux_Mathlib_Tactic_Convert___macroRules_Mathlib_Tactic_acChange_1 took 0.00525ms
interpretation of Mathlib.Tactic._aux_Mathlib_Tactic_Convert___macroRules_Mathlib_Tactic_acChange!_1 took 0.00653ms
interpretation of Mathlib.Tactic._aux_Mathlib_Tactic_ExistsI___macroRules_Mathlib_Tactic_tacticExistsi_,,_1 took 0.00537ms
interpretation of Lean.Meta.Sym._aux_Lean_Meta_Sym_SymM___macroRules_Lean_Meta_Sym_doElemReportIssue!___1 took 0.00529ms
interpretation of Lean.Meta.Sym._aux_Lean_Meta_Sym_SymM___macroRules_Lean_Meta_Sym_doElemReportDbgIssue!___1 took 0.00373ms
interpretation of Lean.Meta.Grind._aux_Lean_Meta_Tactic_Grind_RegisterCommand___macroRules_Lean_Meta_Grind__root__Lean_Parser_Command_registerGrindAttr_1 took 0.00542ms
interpretation of _aux_Mathlib_Tactic_GrindAttrs___macroRules_compactnessTac_1 took 0.00574ms
interpretation of _aux_Mathlib_Tactic_GrindAttrs___macroRules_tacticCompactness?__1 took 0.00437ms
interpretation of _aux_Mathlib_Tactic_GrindAttrs___macroRules_closednessTac_1 took 0.00321ms
interpretation of _aux_Mathlib_Tactic_GrindAttrs___macroRules_tacticClosedness?__1 took 0.00441ms
interpretation of Mathlib.Linter.MinImports._aux_Mathlib_Tactic_Linter_MinImports___macroRules_Mathlib_Linter_MinImports_command#import_bumps_1 took 0.0068ms
interpretation of Lean.Meta.Grind._aux_Lean_Meta_Tactic_Grind_Types___macroRules_Lean_Meta_Grind_doElemTrace_goal[_]___1 took 0.012ms
interpretation of Lean.Meta.Grind.EMatch._aux_Lean_Meta_Tactic_Grind_EMatch___macroRules_Lean_Meta_Grind_EMatch_doElemReportEMatchIssue!___1 took 0.00496ms
interpretation of Mathlib.Tactic.LibrarySearch._aux_Mathlib_Tactic_Observe___macroRules_Mathlib_Tactic_LibrarySearch_tacticObserve?__:__1 took 0.00694ms
interpretation of Mathlib.Tactic.LibrarySearch._aux_Mathlib_Tactic_Observe___macroRules_Mathlib_Tactic_LibrarySearch_tacticObserve?__:_Using__,,_1 took 0.00625ms
interpretation of Mathlib.Tactic._aux_Mathlib_Tactic_RSuffices___macroRules_Mathlib_Tactic_rsuffices_1 took 0.00457ms
interpretation of Mathlib.Tactic._aux_Mathlib_Tactic_Set___macroRules_Mathlib_Tactic_tacticSet!__1 took 0.00484ms
interpretation of Mathlib.Linter.CountHeartbeats._aux_Mathlib_Util_CountHeartbeats___macroRules_Mathlib_Linter_CountHeartbeats_countHeartbeats_1 took 0.00606ms
interpretation of Mathlib.WhatsNew._aux_Mathlib_Util_WhatsNew___macroRules_Mathlib_WhatsNew_oldStx_1 took 0.0073ms
interpretation of CategoryTheory._aux_Mathlib_CategoryTheory_Category_Basic___macroRules_CategoryTheory_term𝟙_1 took 0.00607ms
interpretation of CategoryTheory._aux_Mathlib_CategoryTheory_Category_Basic___macroRules_CategoryTheory_term_≫__1 took 0.00479ms
interpretation of CategoryTheory._aux_Mathlib_CategoryTheory_Category_Basic___macroRules_CategoryTheory_rfl_cat_1 took 0.00428ms
interpretation of CategoryTheory._aux_Mathlib_CategoryTheory_Category_Basic___macroRules_CategoryTheory_aesop_cat_1 took 0.00434ms
interpretation of CategoryTheory._aux_Mathlib_CategoryTheory_Category_Basic___macroRules_CategoryTheory_aesop_cat?_1 took 0.00432ms
interpretation of CategoryTheory._aux_Mathlib_CategoryTheory_Category_Basic___macroRules_CategoryTheory_aesop_cat_nonterminal_1 took 0.00495ms
interpretation of CategoryTheory._aux_Mathlib_CategoryTheory_Category_Basic___macroRules_CategoryTheory_term_=≫__1 took 0.00521ms
interpretation of CategoryTheory._aux_Mathlib_CategoryTheory_Category_Basic___macroRules_CategoryTheory_term_≫=__1 took 0.00373ms
interpretation of Prefunctor._aux_Mathlib_Combinatorics_Quiver_Prefunctor___macroRules_Prefunctor_term_⥤q__1 took 0.00603ms
interpretation of Prefunctor._aux_Mathlib_Combinatorics_Quiver_Prefunctor___macroRules_Prefunctor_term_⋙q__1 took 0.00447ms
interpretation of Prefunctor._aux_Mathlib_Combinatorics_Quiver_Prefunctor___macroRules_Prefunctor_term𝟭q_1 took 0.00366ms
interpretation of CategoryTheory._aux_Mathlib_CategoryTheory_Functor_Basic___macroRules_CategoryTheory_term_⥤__1 took 0.00519ms
interpretation of CategoryTheory._aux_Mathlib_CategoryTheory_Functor_Basic___macroRules_CategoryTheory_term𝟭_1 took 0.00468ms
interpretation of CategoryTheory._aux_Mathlib_CategoryTheory_Functor_Basic___macroRules_CategoryTheory_term_⋙__1 took 0.00397ms
interpretation of CategoryTheory._aux_Mathlib_CategoryTheory_Iso___macroRules_CategoryTheory_term_≅__1 took 0.00448ms
interpretation of CategoryTheory.Iso._aux_Mathlib_CategoryTheory_Iso___macroRules_CategoryTheory_Iso_term_≪≫__1 took 0.00428ms
interpretation of CategoryTheory.NatTrans._aux_Mathlib_CategoryTheory_Functor_Category___macroRules_CategoryTheory_NatTrans_term_◫__1 took 0.00481ms
interpretation of _aux_Mathlib_Order_Defs_PartialOrder___macroRules_term_⩿__1 took 0.00531ms
interpretation of _aux_Mathlib_Order_Defs_PartialOrder___macroRules_term_⋖__1 took 0.00327ms
interpretation of _aux_Mathlib_Order_Defs_LinearOrder___macroRules_tacticCompareOfLessAndEq_rfl_1 took 0.00445ms
interpretation of _aux_Mathlib_Order_Notation___macroRules_term_ᶜ_1 took 0.00487ms
interpretation of _aux_Mathlib_Order_Notation___macroRules_term_⊔__1 took 0.00325ms
interpretation of _aux_Mathlib_Order_Notation___macroRules_term_⊓__1 took 0.0036ms
interpretation of _aux_Mathlib_Order_Notation___macroRules_term_⇨__1 took 0.00419ms
interpretation of _aux_Mathlib_Order_Notation___macroRules_term￢__1 took 0.00335ms
interpretation of _aux_Mathlib_Order_Notation___macroRules_term⊤_1 took 0.00317ms
interpretation of _aux_Mathlib_Order_Notation___macroRules_term⊥_1 took 0.00371ms
interpretation of Mathlib.Elab.FastInstance._aux_Mathlib_Tactic_FastInstance___macroRules_Mathlib_Elab_FastInstance_termInferInstanceAs%__1 took 0.00692ms
interpretation of _aux_Mathlib_Order_Basic___macroRules_term_⁻¹'o__1 took 0.00518ms
interpretation of _aux_Mathlib_Order_OrderDual___macroRules_term_ᵒᵈ_1 took 0.00504ms
interpretation of _aux_Mathlib_Logic_Function_Iterate___macroRules_term_^[_]_1 took 0.00465ms
interpretation of _aux_Mathlib_Data_SProd___macroRules_term_×ˢ__1 took 0.00516ms
interpretation of _aux_Mathlib_Data_SProd___macroRules_term_×ˢ__2 took 0.00286ms
interpretation of Set._aux_Mathlib_Data_Set_Operations___macroRules_Set_term_⁻¹'__1 took 0.00403ms
interpretation of Set._aux_Mathlib_Data_Set_Operations___macroRules_Set_term_''__1 took 0.00394ms
interpretation of Mathlib.Tactic.Slice._aux_Mathlib_Tactic_CategoryTheory_Slice___macroRules_Mathlib_Tactic_Slice_sliceLHS_1 took 0.00592ms
interpretation of Mathlib.Tactic.Slice._aux_Mathlib_Tactic_CategoryTheory_Slice___macroRules_Mathlib_Tactic_Slice_sliceRHS_1 took 0.00406ms
interpretation of CategoryTheory._aux_Mathlib_CategoryTheory_Equivalence___macroRules_CategoryTheory_term_≌__1 took 0.00501ms
interpretation of CategoryTheory.Prod._aux_Mathlib_CategoryTheory_Products_Basic___macroRules_CategoryTheory_Prod_term_×ₘ__1 took 0.00539ms
interpretation of Batteries.Tactic._aux_Batteries_Tactic_Congr___macroRules_Batteries_Tactic_congrConfigWith_1 took 0.00593ms
interpretation of symmDiff._aux_Mathlib_Order_SymmDiff___macroRules_symmDiff_term_∆__1 took 0.00521ms
interpretation of symmDiff._aux_Mathlib_Order_SymmDiff___macroRules_symmDiff_term_⇔__1 took 0.00301ms
interpretation of CategoryTheory.Discrete._aux_Mathlib_CategoryTheory_Discrete_Basic___macroRules_CategoryTheory_Discrete_tacticDiscrete_cases_1 took 0.00469ms
interpretation of Function._aux_Mathlib_Logic_Embedding_Basic___macroRules_Function_term_↪__1 took 0.00508ms
interpretation of _aux_Mathlib_Order_RelIso_Basic___macroRules_term_→r__1 took 0.00471ms
interpretation of _aux_Mathlib_Order_RelIso_Basic___macroRules_term_↪r__1 took 0.00829ms
interpretation of _aux_Mathlib_Order_RelIso_Basic___macroRules_term_≃r__1 took 0.00434ms
interpretation of _aux_Mathlib_Order_Hom_Basic___macroRules_term_→o__1 took 0.00542ms
interpretation of _aux_Mathlib_Order_Hom_Basic___macroRules_term_↪o__1 took 0.00424ms
interpretation of _aux_Mathlib_Order_Hom_Basic___macroRules_term_≃o__1 took 0.00314ms
interpretation of PiNotation._aux_Mathlib_Util_Delaborators___macroRules_PiNotation_termΠ__,__1 took 0.00571ms
interpretation of PiNotation.replacePiNotation took 0.00384ms
interpretation of _aux_Mathlib_Order_Bounds_Basic___macroRules_tacticBddDefault_1 took 0.00384ms
interpretation of _aux_Mathlib_Order_SetNotation___macroRules_term⨆_,__1 took 0.00494ms
interpretation of _aux_Mathlib_Order_SetNotation___macroRules_term⨅_,__1 took 0.0045ms
interpretation of Set._aux_Mathlib_Order_SetNotation___macroRules_Set_term⋂₀__1 took 0.00339ms
interpretation of Set._aux_Mathlib_Order_SetNotation___macroRules_Set_term⋃₀__1 took 0.00367ms
interpretation of Set._aux_Mathlib_Order_SetNotation___macroRules_Set_term⋃_,__1 took 0.00436ms
interpretation of Set._aux_Mathlib_Order_SetNotation___macroRules_Set_term⋂_,__1 took 0.00419ms
interpretation of CategoryTheory._aux_Mathlib_CategoryTheory_Types_Basic___macroRules_CategoryTheory_term↾__1 took 0.00563ms
interpretation of CategoryTheory._aux_Mathlib_CategoryTheory_Adjunction_Basic___macroRules_CategoryTheory_term_⊣__1 took 0.00536ms
interpretation of CategoryTheory.Bicategory._aux_Mathlib_CategoryTheory_Bicategory_Basic___macroRules_CategoryTheory_Bicategory_term_◁__1 took 0.00566ms
interpretation of CategoryTheory.Bicategory._aux_Mathlib_CategoryTheory_Bicategory_Basic___macroRules_CategoryTheory_Bicategory_term_▷__1 took 0.00517ms
interpretation of CategoryTheory.Bicategory._aux_Mathlib_CategoryTheory_Bicategory_Basic___macroRules_CategoryTheory_Bicategory_termα__1 took 0.00472ms
interpretation of CategoryTheory.Bicategory._aux_Mathlib_CategoryTheory_Bicategory_Basic___macroRules_CategoryTheory_Bicategory_termλ__1 took 0.00539ms
interpretation of CategoryTheory.Bicategory._aux_Mathlib_CategoryTheory_Bicategory_Basic___macroRules_CategoryTheory_Bicategory_termρ__1 took 0.00345ms
interpretation of CategoryTheory.Bicategory._aux_Mathlib_CategoryTheory_Bicategory_Basic___macroRules_CategoryTheory_Bicategory_term_◁ᵢ__1 took 0.00425ms
interpretation of CategoryTheory.Bicategory._aux_Mathlib_CategoryTheory_Bicategory_Basic___macroRules_CategoryTheory_Bicategory_term_▷ᵢ__1 took 0.00352ms
interpretation of CategoryTheory.TwoSquare._aux_Mathlib_CategoryTheory_Functor_TwoSquare___macroRules_CategoryTheory_TwoSquare_term𝟙ₕ_1 took 0.00525ms
interpretation of CategoryTheory.TwoSquare._aux_Mathlib_CategoryTheory_Functor_TwoSquare___macroRules_CategoryTheory_TwoSquare_term𝟙ᵥ_1 took 0.0046ms
interpretation of CategoryTheory.TwoSquare._aux_Mathlib_CategoryTheory_Functor_TwoSquare___macroRules_CategoryTheory_TwoSquare_term_≫ₕ__1 took 0.00465ms
interpretation of CategoryTheory.TwoSquare._aux_Mathlib_CategoryTheory_Functor_TwoSquare___macroRules_CategoryTheory_TwoSquare_term_≫ᵥ__1 took 0.00509ms
interpretation of CategoryTheory.Limits._aux_Mathlib_CategoryTheory_Limits_Shapes_Terminal___macroRules_CategoryTheory_Limits_term⊤___1 took 0.00558ms
interpretation of CategoryTheory.Limits._aux_Mathlib_CategoryTheory_Limits_Shapes_Terminal___macroRules_CategoryTheory_Limits_term⊥___1 took 0.0046ms
interpretation of CategoryTheory.Limits._aux_Mathlib_CategoryTheory_Limits_Shapes_BinaryProducts_BinaryProducts___macroRules_CategoryTheory_Limits_term_⨯__1 took 0.00527ms
interpretation of CategoryTheory.Limits._aux_Mathlib_CategoryTheory_Limits_Shapes_BinaryProducts_BinaryProducts___macroRules_CategoryTheory_Limits_term_⨿__1 took 0.00467ms
interpretation of Functor._aux_Mathlib_Control_Functor___macroRules_Functor_term_$>__1 took 0.00567ms
interpretation of CategoryTheory.Limits._aux_Mathlib_CategoryTheory_Limits_Shapes_Products___macroRules_CategoryTheory_Limits_term∏ᶜ__1 took 0.00898ms
interpretation of CategoryTheory.Limits._aux_Mathlib_CategoryTheory_Limits_Shapes_Products___macroRules_CategoryTheory_Limits_term∐__1 took 0.0696ms
interpretation of Multiset._aux_Mathlib_Data_Multiset_ZeroCons___macroRules_Multiset_term_::ₘ__1 took 0.0403ms
interpretation of Finset._aux_Mathlib_Data_Finset_Card___macroRules_Finset_term#__1 took 0.00547ms
interpretation of Fin._aux_Mathlib_Data_Fin_Basic___macroRules_Fin_tacticFin_omega_1 took 0.00461ms
interpretation of _aux_Mathlib_Algebra_Opposites___macroRules_term_ᵐᵒᵖ_1 took 0.00533ms
interpretation of _aux_Mathlib_Algebra_Opposites___macroRules_term_ᵃᵒᵖ_1 took 0.00357ms
interpretation of _aux_Mathlib_Algebra_Divisibility_Basic___macroRules_term_∣ᵣ__1 took 0.00412ms
interpretation of _aux_Mathlib_Algebra_Group_Hom_Defs___macroRules_term_→ₙ+__1 took 0.00698ms
interpretation of _aux_Mathlib_Algebra_Group_Hom_Defs___macroRules_term_→+__1 took 0.00488ms
interpretation of _aux_Mathlib_Algebra_Group_Hom_Defs___macroRules_term_→ₙ*__1 took 0.00384ms
interpretation of _aux_Mathlib_Algebra_Group_Hom_Defs___macroRules_term_→*__1 took 0.00465ms
interpretation of _aux_Mathlib_Algebra_Group_Units_Defs___macroRules_term_ˣ_1 took 0.00428ms
interpretation of _aux_Mathlib_Algebra_Group_Units_Defs___macroRules_term_/ₚ__1 took 0.00477ms
interpretation of List._aux_Mathlib_Data_List_Rotate___macroRules_List_term_~r__1 took 0.00434ms
interpretation of _aux_Mathlib_Algebra_Group_Equiv_Defs___macroRules_term_≃*__1 took 0.00601ms
interpretation of _aux_Mathlib_Algebra_Group_Equiv_Defs___macroRules_term_≃+__1 took 0.00397ms
interpretation of Matrix._aux_Mathlib_Data_Fin_VecNotation___macroRules_Matrix_vecNotation_1 took 0.00561ms
interpretation of CategoryTheory.Limits._aux_Mathlib_CategoryTheory_Limits_Shapes_Biproducts___macroRules_CategoryTheory_Limits_term⨁__1 took 0.0058ms
interpretation of CategoryTheory.Limits._aux_Mathlib_CategoryTheory_Limits_Shapes_BinaryBiproducts___macroRules_CategoryTheory_Limits_term_⊞__1 took 0.00542ms
interpretation of CategoryTheory.Bicategory._aux_Mathlib_CategoryTheory_Bicategory_Functor_Oplax___macroRules_CategoryTheory_Bicategory_term_⥤ᵒᵖᴸ__1 took 0.00635ms
interpretation of CategoryTheory.Bicategory._aux_Mathlib_CategoryTheory_Bicategory_Functor_Lax___macroRules_CategoryTheory_Bicategory_term_⥤ᴸ__1 took 0.00439ms
interpretation of CategoryTheory.Bicategory._aux_Mathlib_CategoryTheory_Bicategory_Functor_Pseudofunctor___macroRules_CategoryTheory_Bicategory_term_⥤ᵖ__1 took 0.00566ms
interpretation of BigOperators._aux_Mathlib_Algebra_BigOperators_Group_Finset_Defs___macroRules_BigOperators_bigsum_1 took 0.00725ms
interpretation of BigOperators._aux_Mathlib_Algebra_BigOperators_Group_Finset_Defs___macroRules_BigOperators_bigprod_1 took 0.00346ms
interpretation of RightActions._aux_Mathlib_Algebra_Group_Action_Opposite___macroRules_RightActions_term_•>__1 took 0.00778ms
interpretation of RightActions._aux_Mathlib_Algebra_Group_Action_Opposite___macroRules_RightActions_term_<•__1 took 0.00506ms
interpretation of RightActions._aux_Mathlib_Algebra_Group_Action_Opposite___macroRules_RightActions_term_+ᵥ>__1 took 0.00487ms
interpretation of RightActions._aux_Mathlib_Algebra_Group_Action_Opposite___macroRules_RightActions_term_<+ᵥ__1 took 0.0179ms
interpretation of _aux_Mathlib_Algebra_GroupWithZero_Hom___macroRules_term_→*₀__1 took 0.00448ms
interpretation of Mathlib.Tactic.TFAE._aux_Mathlib_Tactic_TFAE___macroRules_Mathlib_Tactic_TFAE_tfaeHave_1 took 0.00795ms
interpretation of _aux_Mathlib_Algebra_Ring_Hom_Defs___macroRules_term_→ₙ+*__1 took 0.00409ms
interpretation of _aux_Mathlib_Algebra_Ring_Hom_Defs___macroRules_term_→+*__1 took 0.0039ms
interpretation of Ring._aux_Mathlib_Algebra_GroupWithZero_Units_Basic___macroRules_Ring_term_⁻¹ʳ_1 took 0.00495ms
interpretation of _aux_Mathlib_Data_Bracket___macroRules_term⁅_,_⁆_1 took 0.00396ms
interpretation of CategoryTheory.MonoidalCategory._aux_Mathlib_CategoryTheory_Monoidal_Category___macroRules_CategoryTheory_MonoidalCategory_term_⊗__1 took 0.00614ms
interpretation of CategoryTheory.MonoidalCategory._aux_Mathlib_CategoryTheory_Monoidal_Category___macroRules_CategoryTheory_MonoidalCategory_term_◁__1 took 0.00515ms
interpretation of CategoryTheory.MonoidalCategory._aux_Mathlib_CategoryTheory_Monoidal_Category___macroRules_CategoryTheory_MonoidalCategory_term_▷__1 took 0.00423ms
interpretation of CategoryTheory.MonoidalCategory._aux_Mathlib_CategoryTheory_Monoidal_Category___macroRules_CategoryTheory_MonoidalCategory_term_⊗ₘ__1 took 0.00521ms
interpretation of CategoryTheory.MonoidalCategory._aux_Mathlib_CategoryTheory_Monoidal_Category___macroRules_CategoryTheory_MonoidalCategory_term𝟙___1 took 0.00426ms
interpretation of CategoryTheory.MonoidalCategory._aux_Mathlib_CategoryTheory_Monoidal_Category___macroRules_CategoryTheory_MonoidalCategory_termα__1 took 0.00432ms
interpretation of CategoryTheory.MonoidalCategory._aux_Mathlib_CategoryTheory_Monoidal_Category___macroRules_CategoryTheory_MonoidalCategory_termλ__1 took 0.00405ms
interpretation of CategoryTheory.MonoidalCategory._aux_Mathlib_CategoryTheory_Monoidal_Category___macroRules_CategoryTheory_MonoidalCategory_termρ__1 took 0.00421ms
interpretation of CategoryTheory.MonoidalCategory._aux_Mathlib_CategoryTheory_Monoidal_Category___macroRules_CategoryTheory_MonoidalCategory_term_⊗ᵢ__1 took 0.00396ms
interpretation of CategoryTheory.MonoidalCategory._aux_Mathlib_CategoryTheory_Monoidal_Category___macroRules_CategoryTheory_MonoidalCategory_term_◁ᵢ__1 took 0.0041ms
interpretation of CategoryTheory.MonoidalCategory._aux_Mathlib_CategoryTheory_Monoidal_Category___macroRules_CategoryTheory_MonoidalCategory_term_▷ᵢ__1 took 0.00409ms
interpretation of CategoryTheory._aux_Mathlib_CategoryTheory_Shift_Basic___macroRules_CategoryTheory_term_⟦_⟧_1 took 0.005ms
interpretation of CategoryTheory._aux_Mathlib_CategoryTheory_Shift_Basic___macroRules_CategoryTheory_term_⟦_⟧'_1 took 0.00342ms
interpretation of CategoryTheory._aux_Mathlib_CategoryTheory_Limits_ExactFunctor___macroRules_CategoryTheory_term_⥤ₗ__1 took 0.00544ms
interpretation of CategoryTheory._aux_Mathlib_CategoryTheory_Limits_ExactFunctor___macroRules_CategoryTheory_term_⥤ᵣ__1 took 0.00581ms
interpretation of CategoryTheory._aux_Mathlib_CategoryTheory_Limits_ExactFunctor___macroRules_CategoryTheory_term_⥤ₑ__1 took 0.00442ms
interpretation of Nat._aux_Mathlib_Data_Nat_Factorial_Basic___macroRules_Nat_term_!_1 took 0.0043ms
interpretation of _aux_Mathlib_Algebra_Group_Invertible_Defs___macroRules_term⅟__1 took 0.0055ms
interpretation of Mathlib.Tactic.HaveI._aux_Mathlib_Tactic_HaveI___macroRules_Lean_Parser_Term_assert_1 took 0.00457ms
interpretation of Mathlib.Tactic.HaveI._aux_Mathlib_Tactic_HaveI___macroRules_Mathlib_Tactic_HaveI_doElemHaveI'__1 took 0.00445ms
interpretation of Mathlib.Tactic.HaveI._aux_Mathlib_Tactic_HaveI___macroRules_Lean_Parser_Term_assert_2 took 0.0687ms
interpretation of Mathlib.Tactic.HaveI._aux_Mathlib_Tactic_HaveI___macroRules_Mathlib_Tactic_HaveI_doElemLetI'__1 took 0.00528ms
interpretation of _aux_Mathlib_Data_Rat_Init___macroRules_termℚ_1 took 0.00479ms
interpretation of _aux_Mathlib_Data_Rat_Init___macroRules_termℚ≥0_1 took 0.00406ms
interpretation of Mathlib.Tactic._aux_Mathlib_Tactic_NormNum_Core___macroRules_Mathlib_Tactic_normNumCmd_1 took 0.00571ms
interpretation of Mathlib.Tactic.Abel._aux_Mathlib_Tactic_Abel___macroRules_Mathlib_Tactic_Abel_abel1!_1 took 0.00545ms
interpretation of Mathlib.Tactic.Abel._aux_Mathlib_Tactic_Abel___macroRules_Mathlib_Tactic_Abel_tacticAbel_nf!___1 took 0.00446ms
interpretation of Mathlib.Tactic.Abel._aux_Mathlib_Tactic_Abel___macroRules_Mathlib_Tactic_Abel_convAbel_nf!__1 took 0.00527ms
interpretation of Mathlib.Tactic.Abel._aux_Mathlib_Tactic_Abel___macroRules_Mathlib_Tactic_Abel_abel_1 took 0.00436ms
interpretation of Mathlib.Tactic.Abel._aux_Mathlib_Tactic_Abel___macroRules_Mathlib_Tactic_Abel_tacticAbel!_1 took 0.0042ms
interpretation of Mathlib.Tactic.Abel._aux_Mathlib_Tactic_Abel___macroRules_Mathlib_Tactic_Abel_abelConv_1 took 0.00399ms
interpretation of Mathlib.Tactic.Abel._aux_Mathlib_Tactic_Abel___macroRules_Mathlib_Tactic_Abel_convAbel!_1 took 0.00384ms
interpretation of CategoryTheory._aux_Mathlib_CategoryTheory_Preadditive_AdditiveFunctor___macroRules_CategoryTheory_term_⥤+__1 took 0.00492ms
interpretation of _aux_Mathlib_Algebra_Ring_Equiv___macroRules_term_≃+*__1 took 0.00578ms
interpretation of _aux_Mathlib_GroupTheory_GroupAction_Hom___macroRules_MulActionHomLocal≺_1 took 0.00549ms
interpretation of _aux_Mathlib_GroupTheory_GroupAction_Hom___macroRules_MulActionHomIdLocal≺_1 took 0.00572ms
interpretation of _aux_Mathlib_GroupTheory_GroupAction_Hom___macroRules_AddActionHomLocal≺_1 took 0.00466ms
interpretation of _aux_Mathlib_GroupTheory_GroupAction_Hom___macroRules_AddActionHomIdLocal≺_1 took 0.00354ms
interpretation of _aux_Mathlib_GroupTheory_GroupAction_Hom___macroRules_DistribMulActionHomLocal≺_1 took 0.00412ms
interpretation of _aux_Mathlib_GroupTheory_GroupAction_Hom___macroRules_DistribMulActionHomIdLocal≺_1 took 0.0039ms
interpretation of _aux_Mathlib_GroupTheory_GroupAction_Hom___macroRules_MulDistribMulActionHomLocal≺_1 took 0.00413ms
interpretation of _aux_Mathlib_GroupTheory_GroupAction_Hom___macroRules_MulDistribMulActionHomIdLocal≺_1 took 0.00343ms
interpretation of _aux_Mathlib_GroupTheory_GroupAction_Hom___macroRules_MulSemiringActionHomLocal≺_1 took 0.0031ms
interpretation of _aux_Mathlib_GroupTheory_GroupAction_Hom___macroRules_MulSemiringActionHomIdLocal≺_1 took 0.0035ms
interpretation of _aux_Mathlib_Algebra_Module_LinearMap_Defs___macroRules_term_→ₛₗ[_]__1 took 0.00526ms
interpretation of _aux_Mathlib_Algebra_Module_LinearMap_Defs___macroRules_term_→ₗ[_]__1 took 0.00473ms
interpretation of LinearMap._aux_Mathlib_Algebra_Module_LinearMap_Defs___macroRules_LinearMap_compNotation_1 took 0.00532ms
interpretation of LinearMap._aux_Mathlib_Algebra_Module_LinearMap_Defs___macroRules_LinearMap_term_∘ₛₗ__1 took 0.0046ms
interpretation of RingTheory.LinearMap._aux_Mathlib_Algebra_Algebra_Defs___macroRules_RingTheory_LinearMap_termη_1 took 0.00558ms
interpretation of RingTheory.LinearMap._aux_Mathlib_Algebra_Algebra_Defs___macroRules_RingTheory_LinearMap_termη[_]_1 took 0.00451ms
interpretation of _aux_Mathlib_Algebra_Module_Equiv_Defs___macroRules_term_≃ₛₗ[_]__1 took 0.00612ms
interpretation of _aux_Mathlib_Algebra_Module_Equiv_Defs___macroRules_term_≃ₗ[_]__1 took 0.00458ms
interpretation of LinearEquiv._aux_Mathlib_Algebra_Module_Equiv_Defs___macroRules_LinearEquiv_transNotation_1 took 0.00425ms
interpretation of _aux_Mathlib_Algebra_Order_Group_Unbundled_Abs___macroRules_term|___|ₘ_1 took 0.00396ms
interpretation of _aux_Mathlib_Algebra_Order_Group_Unbundled_Abs___macroRules_term|___|_1 took 0.00349ms
interpretation of Mathlib.Tactic.Bound._aux_Mathlib_Tactic_Bound_Attribute___macroRules_Mathlib_Tactic_Bound_attrBound_forward_1 took 0.00725ms
interpretation of WithZero._aux_Mathlib_Algebra_GroupWithZero_WithZero___macroRules_WithZero_term_ᵐ⁰_1 took 0.00568ms
interpretation of Interval._aux_Mathlib_Order_Interval_Set_UnorderedInterval___macroRules_Interval_term[[_,_]]_1 took 0.00618ms
interpretation of Interval._aux_Mathlib_Order_Interval_Set_UnorderedInterval___macroRules_Interval_termΙ_1 took 0.004ms
interpretation of Set.Notation._aux_Mathlib_Data_Set_Notation___macroRules_Set_Notation_term_↓∩__1 took 0.00435ms
interpretation of _aux_Mathlib_Data_PNat_Notation___macroRules_termℕ+_1 took 0.0039ms
interpretation of Mathlib.Tactic.Positivity._aux_Mathlib_Tactic_Positivity_Core___macroRules_Mathlib_Tactic_Positivity_positivity_1 took 0.00698ms
interpretation of _aux_Mathlib_Tactic_Positivity_Core___macroRules_Mathlib_Tactic_GCongr_tacticGcongr_discharger_1 took 0.00414ms
interpretation of _aux_Mathlib_Algebra_Notation___macroRules_term_⁺ᵐ_1 took 0.00459ms
interpretation of _aux_Mathlib_Algebra_Notation___macroRules_term_⁻ᵐ_1 took 0.00334ms
interpretation of _aux_Mathlib_Algebra_Notation___macroRules_term_⁺_1 took 0.00411ms
interpretation of _aux_Mathlib_Algebra_Notation___macroRules_term_⁻_1 took 0.0028ms
interpretation of _aux_Mathlib_Tactic_SuppressCompilation___macroRules_commandSuppress_compilation_1 took 0.00531ms
interpretation of _aux_Mathlib_Tactic_SuppressCompilation___macroRules_commandUnsuppress_compilationIn__1 took 0.00476ms
interpretation of AddCommGroup._aux_Mathlib_Algebra_Group_ModEq___macroRules_AddCommGroup_term_≡_[PMOD_]_1 took 0.00503ms
interpretation of _aux_Mathlib_Data_Nat_ModEq___macroRules_term_≡_[MOD_]_1 took 0.00457ms
interpretation of _aux_Mathlib_Data_Int_ModEq___macroRules_term_≡_[ZMOD_]_1 took 0.00414ms
interpretation of _aux_Mathlib_Data_ENat_Defs___macroRules_termℕ∞_1 took 0.00417ms
interpretation of _aux_Mathlib_Algebra_Order_Hom_Monoid___macroRules_term_→+o__1 took 0.00501ms
interpretation of _aux_Mathlib_Algebra_Order_Hom_Monoid___macroRules_term_≃+o__1 took 0.00402ms
interpretation of _aux_Mathlib_Algebra_Order_Hom_Monoid___macroRules_term_→*o__1 took 0.00314ms
interpretation of _aux_Mathlib_Algebra_Order_Hom_Monoid___macroRules_term_≃*o__1 took 0.00345ms
interpretation of _aux_Mathlib_Algebra_Order_Hom_MonoidWithZero___macroRules_term_→*₀o__1 took 0.00364ms
interpretation of _aux_Mathlib_Algebra_Order_Hom_Ring___macroRules_term_→+*o__1 took 0.00365ms
interpretation of _aux_Mathlib_Algebra_Order_Hom_Ring___macroRules_term_≃+*o__1 took 0.00398ms
interpretation of List.Vector._aux_Mathlib_Data_Vector_Basic___macroRules_List_Vector_term_::ᵥ__1 took 0.0058ms
interpretation of Sym._aux_Mathlib_Data_Sym_Basic___macroRules_Sym_term_::ₛ__1 took 0.0059ms
interpretation of Sym._aux_Mathlib_Data_Sym_Basic___macroRules_Sym_term_::__1 took 0.00477ms
interpretation of Sum.Lex._aux_Mathlib_Data_Sum_Order___macroRules_Sum_Lex_term_⊕ₗ__1 took 0.00583ms
interpretation of Prod.Lex._aux_Mathlib_Data_Prod_Lex___macroRules_Prod_Lex_term_×ₗ__1 took 0.00463ms
interpretation of InitialSeg._aux_Mathlib_Order_InitialSeg___macroRules_InitialSeg_term_≼i__1 took 0.00598ms
interpretation of _aux_Mathlib_Order_InitialSeg___macroRules_term_≤i__1 took 0.0046ms
interpretation of InitialSeg._aux_Mathlib_Order_InitialSeg___macroRules_InitialSeg_term_≺i__1 took 0.00393ms
interpretation of _aux_Mathlib_Order_InitialSeg___macroRules_term_<i__1 took 0.00345ms
interpretation of Cardinal._aux_Mathlib_SetTheory_Cardinal_Defs___macroRules_Cardinal_term#__1 took 0.00457ms
interpretation of Cardinal._aux_Mathlib_SetTheory_Cardinal_Defs___macroRules_Cardinal_termℵ₀_1 took 0.00396ms
interpretation of OmegaCompletePartialOrder._aux_Mathlib_Order_OmegaCompletePartialOrder___macroRules_OmegaCompletePartialOrder_term_→𝒄__1 took 0.00675ms
interpretation of Cardinal._aux_Mathlib_SetTheory_Cardinal_Basic___macroRules_Cardinal_term_^<__1 took 0.00479ms
interpretation of Set._aux_Mathlib_Data_Set_Card___macroRules_Set_tacticToFinite_tac_1 took 0.00451ms
interpretation of Set._aux_Mathlib_Data_Set_Card___macroRules_Set_tacticTo_encard_tac_1 took 0.00446ms
interpretation of FinsetInterval._aux_Mathlib_Order_Interval_Finset_Defs___macroRules_FinsetInterval_term[[_,_]]_1 took 0.00544ms
interpretation of _aux_Mathlib_Algebra_Quotient___macroRules_term_⧸__1 took 0.00371ms
interpretation of BinaryTree._aux_Mathlib_Data_Tree_Basic___macroRules_BinaryTree_term_△__1 took 0.00394ms
interpretation of Mathlib.Tactic.Zify._aux_Mathlib_Tactic_Zify___macroRules_Mathlib_Tactic_Zify_zify_1 took 0.0044ms
interpretation of Mathlib.Tactic.Ring._aux_Mathlib_Tactic_Ring_Basic___macroRules_Mathlib_Tactic_Ring_tacticRing1!_1 took 0.00537ms
interpretation of Mathlib.Tactic._aux_Mathlib_Tactic_Linarith_Frontend___macroRules_Mathlib_Tactic_tacticLinarith!__1 took 0.00572ms
interpretation of Mathlib.Tactic._aux_Mathlib_Tactic_Linarith_Frontend___macroRules_Mathlib_Tactic_tacticLinarith?!__1 took 0.00413ms
interpretation of Mathlib.Tactic._aux_Mathlib_Tactic_Linarith_Frontend___macroRules_Mathlib_Tactic_tacticNlinarith!__1 took 0.0048ms
interpretation of _aux_Mathlib_GroupTheory_GroupAction_DomAct_Basic___macroRules_term_ᵈᵐᵃ_1 took 0.00509ms
interpretation of _aux_Mathlib_GroupTheory_GroupAction_DomAct_Basic___macroRules_term_ᵈᵃᵃ_1 took 0.00513ms
interpretation of CategoryTheory.Pretriangulated._aux_Mathlib_CategoryTheory_Triangulated_Pretriangulated___macroRules_CategoryTheory_Pretriangulated_termDistTriang__1 took 0.00638ms
interpretation of CategoryTheory.ComposableArrows._aux_Mathlib_CategoryTheory_ComposableArrows_Basic___macroRules_CategoryTheory_ComposableArrows_tacticValid_1 took 0.00616ms
interpretation of Ordinal._aux_Mathlib_SetTheory_Ordinal_Basic___macroRules_Ordinal_termTypeLT__1 took 0.00519ms
interpretation of Ordinal._aux_Mathlib_SetTheory_Ordinal_Basic___macroRules_Ordinal_termω_1 took 0.00362ms
interpretation of Ordinal._aux_Mathlib_SetTheory_Cardinal_Aleph___macroRules_Ordinal_termω__1 took 0.00394ms
interpretation of Ordinal._aux_Mathlib_SetTheory_Cardinal_Aleph___macroRules_Ordinal_termω₁_1 took 0.00568ms
interpretation of Cardinal._aux_Mathlib_SetTheory_Cardinal_Aleph___macroRules_Cardinal_termℵ__1 took 0.00372ms
interpretation of Cardinal._aux_Mathlib_SetTheory_Cardinal_Aleph___macroRules_Cardinal_termℵ₁_1 took 0.00348ms
interpretation of Cardinal._aux_Mathlib_SetTheory_Cardinal_Aleph___macroRules_Cardinal_termℶ__1 took 0.00329ms
interpretation of Mathlib.Tactic.RingNF._aux_Mathlib_Tactic_Ring_RingNF___macroRules_Mathlib_Tactic_RingNF_tacticRing_nf!___1 took 0.00594ms
interpretation of Mathlib.Tactic.RingNF._aux_Mathlib_Tactic_Ring_RingNF___macroRules_Mathlib_Tactic_RingNF_tacticRing1_nf!__1 took 0.00525ms
interpretation of Mathlib.Tactic.RingNF._aux_Mathlib_Tactic_Ring_RingNF___macroRules_Mathlib_Tactic_RingNF_convRing_nf!__1 took 0.00544ms
interpretation of Mathlib.Tactic.RingNF._aux_Mathlib_Tactic_Ring_RingNF___macroRules_Mathlib_Tactic_RingNF_ring_1 took 0.00552ms
interpretation of Mathlib.Tactic.RingNF._aux_Mathlib_Tactic_Ring_RingNF___macroRules_Mathlib_Tactic_RingNF_tacticRing!_1 took 0.00397ms
interpretation of Mathlib.Tactic.RingNF._aux_Mathlib_Tactic_Ring_RingNF___macroRules_Mathlib_Tactic_RingNF_ringConv_1 took 0.00449ms
interpretation of Mathlib.Tactic.RingNF._aux_Mathlib_Tactic_Ring_RingNF___macroRules_Mathlib_Tactic_RingNF_convRing!_1 took 0.00458ms
interpretation of _aux_Mathlib_Algebra_BigOperators_Finprod___macroRules_term∑ᶠ_,__1 took 0.0049ms
interpretation of _aux_Mathlib_Algebra_BigOperators_Finprod___macroRules_term∏ᶠ_,__1 took 0.00446ms
interpretation of _aux_Mathlib_Data_DFinsupp_Defs___macroRules_termΠ₀_,__1 took 0.00604ms
interpretation of _aux_Mathlib_Data_Finsupp_Defs___macroRules_term_→₀__1 took 0.0208ms
interpretation of SemimoduleCat._aux_Mathlib_Algebra_Category_ModuleCat_Semi___macroRules_SemimoduleCat_term↟__1 took 0.00427ms
interpretation of ModuleCat._aux_Mathlib_Algebra_Category_ModuleCat_Basic___macroRules_ModuleCat_term↟__1 took 0.00462ms
interpretation of _aux_Mathlib_Algebra_Algebra_Hom___macroRules_term_→ₐ__1 took 0.00567ms
interpretation of _aux_Mathlib_Algebra_Algebra_Hom___macroRules_term_→ₐ[_]__1 took 0.00474ms
interpretation of _aux_Mathlib_Algebra_Algebra_Equiv___macroRules_term_≃ₐ[_]__1 took 0.00446ms
interpretation of nonZeroDivisors._aux_Mathlib_Algebra_GroupWithZero_NonZeroDivisors___macroRules_nonZeroDivisors_term_⁰_1 took 0.0053ms
interpretation of nonZeroSMulDivisors._aux_Mathlib_Algebra_GroupWithZero_NonZeroDivisors___macroRules_nonZeroSMulDivisors_term_⁰[_]_1 took 0.00427ms
interpretation of Submodule._aux_Mathlib_LinearAlgebra_Span_Defs___macroRules_Submodule_term_∙__1 took 0.00594ms
interpretation of ComplexConjugate._aux_Mathlib_Algebra_Star_Basic___macroRules_ComplexConjugate_termConj_1 took 0.00552ms
interpretation of _aux_Mathlib_Algebra_Star_StarRingHom___macroRules_term_→⋆ₙ+*__1 took 0.00631ms
interpretation of _aux_Mathlib_Algebra_Star_StarRingHom___macroRules_term_≃⋆+*__1 took 0.00346ms
interpretation of _aux_Mathlib_Algebra_Algebra_NonUnitalHom___macroRules_term_→ₙₐ__1 took 0.00484ms
interpretation of _aux_Mathlib_Algebra_Algebra_NonUnitalHom___macroRules_term_→ₛₙₐ[_]__1 took 0.00335ms
interpretation of _aux_Mathlib_Algebra_Algebra_NonUnitalHom___macroRules_term_→ₙₐ[_]__1 took 0.00418ms
interpretation of DirectSum._aux_Mathlib_Algebra_DirectSum_Basic___macroRules_DirectSum_term⨁_,__1 took 0.00489ms
interpretation of Mathlib.Tactic.Module.NF._aux_Mathlib_Tactic_Module___macroRules_Mathlib_Tactic_Module_NF_term_::ᵣ__1 took 0.00736ms
interpretation of Mathlib.Tactic.Group._aux_Mathlib_Tactic_Group___macroRules_Mathlib_Tactic_Group_group_1 took 0.00603ms
interpretation of Mathlib.Tactic.AddGroup._aux_Mathlib_Tactic_AddGroup___macroRules_Mathlib_Tactic_AddGroup_addGroup_1 took 0.00547ms
interpretation of Mathlib.Tactic._aux_Mathlib_Tactic_Algebraize___macroRules_Mathlib_Tactic_tacticAlgebraize_only___1 took 0.00487ms
interpretation of ArithmeticFunction._aux_Mathlib_Tactic_ArithMult___macroRules_ArithmeticFunction_attrArith_mult_1 took 0.00534ms
interpretation of ArithmeticFunction._aux_Mathlib_Tactic_ArithMult___macroRules_ArithmeticFunction_arith_mult_1 took 0.00388ms
interpretation of ArithmeticFunction._aux_Mathlib_Tactic_ArithMult___macroRules_ArithmeticFunction_arith_mult?_1 took 0.00457ms
interpretation of _aux_Mathlib_Tactic_BDSimp___macroRules_bdsimp_1 took 0.00484ms
interpretation of _aux_Mathlib_Tactic_Bound___macroRules_tacticBound[_]_1 took 0.0058ms
interpretation of CategoryTheory.Bicategory._aux_Mathlib_Tactic_CategoryTheory_BicategoricalComp___macroRules_CategoryTheory_Bicategory_term⊗𝟙_1 took 0.00638ms
interpretation of CategoryTheory.Bicategory._aux_Mathlib_Tactic_CategoryTheory_BicategoricalComp___macroRules_CategoryTheory_Bicategory_term_⊗≫__1 took 0.00515ms
interpretation of CategoryTheory.Bicategory._aux_Mathlib_Tactic_CategoryTheory_BicategoricalComp___macroRules_CategoryTheory_Bicategory_term_≪⊗≫__1 took 0.00449ms
interpretation of CategoryTheory.MonoidalCategory._aux_Mathlib_Tactic_CategoryTheory_MonoidalComp___macroRules_CategoryTheory_MonoidalCategory_term⊗𝟙_1 took 0.00558ms
interpretation of CategoryTheory.MonoidalCategory._aux_Mathlib_Tactic_CategoryTheory_MonoidalComp___macroRules_CategoryTheory_MonoidalCategory_term_⊗≫__1 took 0.00456ms
interpretation of CategoryTheory.MonoidalCategory._aux_Mathlib_Tactic_CategoryTheory_MonoidalComp___macroRules_CategoryTheory_MonoidalCategory_term_≪⊗≫__1 took 0.004ms
interpretation of Mathlib.Tactic._aux_Mathlib_Tactic_Clean___macroRules_Mathlib_Tactic_tacticClean__1 took 0.00359ms
interpretation of Nat._aux_Mathlib_Algebra_Order_Floor_Defs___macroRules_Nat_term⌊_⌋₊_1 took 0.00594ms
interpretation of Nat._aux_Mathlib_Algebra_Order_Floor_Defs___macroRules_Nat_term⌈_⌉₊_1 took 0.00512ms
interpretation of Int._aux_Mathlib_Algebra_Order_Floor_Defs___macroRules_Int_term⌊_⌋_1 took 0.0037ms
interpretation of Int._aux_Mathlib_Algebra_Order_Floor_Defs___macroRules_Int_term⌈_⌉_1 took 0.00375ms
interpretation of Mathlib.Tactic.FieldSimp.NF._aux_Mathlib_Tactic_FieldSimp_Lemmas___macroRules_Mathlib_Tactic_FieldSimp_NF_term_::ᵣ__1 took 0.0052ms
interpretation of _aux_Mathlib_Basic_Real_Basic___macroRules_termℝ_1 took 0.00561ms
interpretation of NNReal._aux_Mathlib_Basic_NNReal_Defs___macroRules_NNReal_termℝ≥0_1 took 0.00608ms
interpretation of ENNReal._aux_Mathlib_Basic_ENNReal_Basic___macroRules_ENNReal_termℝ≥0∞_1 took 0.00643ms
interpretation of ENNReal._aux_Mathlib_Basic_ENNReal_Basic___macroRules_ENNReal_term∞_1 took 0.00414ms
interpretation of _aux_Mathlib_Tactic_Finiteness___macroRules_finiteness_1 took 0.00338ms
interpretation of _aux_Mathlib_Tactic_Finiteness___macroRules_finiteness?_1 took 0.00409ms
interpretation of _aux_Mathlib_Tactic_Finiteness___macroRules_finiteness_nonterminal_1 took 0.00444ms
interpretation of Filter._aux_Mathlib_Order_Filter_Defs___macroRules_Filter_term𝓟_1 took 0.00564ms
interpretation of Filter._aux_Mathlib_Order_Filter_Defs___macroRules_Filter_term∀ᶠ_In_,__1 took 0.00489ms
interpretation of Filter._aux_Mathlib_Order_Filter_Defs___macroRules_Filter_term∃ᶠ_In_,__1 took 0.00483ms
interpretation of Heyting._aux_Mathlib_Order_Heyting_Boundary___macroRules_Heyting_term∂__1 took 0.00412ms
interpretation of _aux_Mathlib_Tactic_Continuity___macroRules_attrContinuity_1 took 0.00445ms
interpretation of _aux_Mathlib_Tactic_Continuity___macroRules_tacticContinuity_1 took 0.00345ms
interpretation of _aux_Mathlib_Tactic_Continuity___macroRules_tacticContinuity?_1 took 0.00412ms
interpretation of Topology._aux_Mathlib_Topology_Defs_Basic___macroRules_Topology_IsOpen_of_1 took 0.00513ms
interpretation of Topology._aux_Mathlib_Topology_Defs_Basic___macroRules_Topology_IsClosed_of_1 took 0.00429ms
interpretation of Topology._aux_Mathlib_Topology_Defs_Basic___macroRules_Topology_IsClopen_of_1 took 0.00499ms
interpretation of Topology._aux_Mathlib_Topology_Defs_Basic___macroRules_Topology_closure_of_1 took 0.00328ms
interpretation of Topology._aux_Mathlib_Topology_Defs_Basic___macroRules_Topology_Continuous_of_1 took 0.00416ms
interpretation of _aux_Mathlib_Topology_ContinuousMap_Defs___macroRules_termC(_,_)_1 took 0.0046ms
interpretation of Topology._aux_Mathlib_Topology_Defs_Filter___macroRules_Topology_term𝓝_1 took 0.00475ms
interpretation of Topology._aux_Mathlib_Topology_Defs_Filter___macroRules_Topology_term𝓝[_]__1 took 0.00398ms
interpretation of Topology._aux_Mathlib_Topology_Defs_Filter___macroRules_Topology_nhdsNE_1 took 0.00392ms
interpretation of Topology._aux_Mathlib_Topology_Defs_Filter___macroRules_Topology_nhdsGE_1 took 0.00472ms
interpretation of Topology._aux_Mathlib_Topology_Defs_Filter___macroRules_Topology_nhdsLE_1 took 0.0052ms
interpretation of Topology._aux_Mathlib_Topology_Defs_Filter___macroRules_Topology_nhdsGT_1 took 0.00438ms
interpretation of Topology._aux_Mathlib_Topology_Defs_Filter___macroRules_Topology_nhdsLT_1 took 0.00284ms
interpretation of Topology._aux_Mathlib_Topology_Defs_Filter___macroRules_Topology_term𝓝ˢ_1 took 0.00361ms
interpretation of Topology._aux_Mathlib_Topology_Defs_Filter___macroRules_Topology_term𝓝ˢ[_]__1 took 0.00362ms
interpretation of _aux_Mathlib_Topology_Defs_Filter___macroRules_term_⤳__1 took 0.00356ms
interpretation of _aux_Mathlib_Topology_Homeomorph_Defs___macroRules_term_≃ₜ__1 took 0.00541ms
interpretation of SetRel._aux_Mathlib_Basic_Rel___macroRules_SetRel_term_~[_]__1 took 0.00451ms
interpretation of SetRel._aux_Mathlib_Basic_Rel___macroRules_SetRel_term_○__1 took 0.00369ms
interpretation of Mathlib.Tactic.TautoSet._aux_Mathlib_Tactic_TautoSet___macroRules_Mathlib_Tactic_TautoSet_tacticTauto_set_1 took 0.00529ms
interpretation of Uniformity._aux_Mathlib_Topology_UniformSpace_Defs___macroRules_Uniformity_term𝓤[_]_1 took 0.00648ms
interpretation of Uniformity._aux_Mathlib_Topology_UniformSpace_Defs___macroRules_Uniformity_term𝓤_1 took 0.00373ms
interpretation of Uniformity._aux_Mathlib_Topology_UniformSpace_Defs___macroRules_Uniformity_termUniformContinuous[_,_]_1 took 0.00446ms
interpretation of _aux_Mathlib_Analysis_Normed_Group_Defs___macroRules_term‖_‖_1 took 0.00603ms
interpretation of _aux_Mathlib_Analysis_Normed_Group_Defs___macroRules_term‖_‖₊_1 took 0.00344ms
interpretation of _aux_Mathlib_Analysis_Normed_Group_Defs___macroRules_term‖_‖ₑ_1 took 0.00415ms
interpretation of BigOperators._aux_Mathlib_Algebra_BigOperators_Expect___macroRules_BigOperators_bigexpect_1 took 0.00564ms
interpretation of Asymptotics._aux_Mathlib_Analysis_Asymptotics_Defs___macroRules_Asymptotics_term_=O[_]__1 took 0.00497ms
interpretation of Asymptotics._aux_Mathlib_Analysis_Asymptotics_Defs___macroRules_Asymptotics_term_=Θ[_]__1 took 0.00333ms
interpretation of Asymptotics._aux_Mathlib_Analysis_Asymptotics_Defs___macroRules_Asymptotics_term_=o[_]__1 took 0.00378ms
interpretation of ContinuousMonoidHom._aux_Mathlib_Topology_Algebra_ContinuousMonoidHom___macroRules_ContinuousMonoidHom_term_→ₜ+__1 took 0.00529ms
interpretation of ContinuousMonoidHom._aux_Mathlib_Topology_Algebra_ContinuousMonoidHom___macroRules_ContinuousMonoidHom_term_→ₜ*__1 took 0.0168ms
interpretation of _aux_Mathlib_Topology_Algebra_ContinuousMonoidHom___macroRules_term_≃ₜ*__1 took 0.00574ms
interpretation of _aux_Mathlib_Topology_Algebra_ContinuousMonoidHom___macroRules_term_≃ₜ+__1 took 0.00436ms
interpretation of _aux_Mathlib_Topology_Algebra_Module_ContinuousLinearMap_Basic___macroRules_term_→SL[_]__1 took 0.00614ms
interpretation of _aux_Mathlib_Topology_Algebra_Module_ContinuousLinearMap_Basic___macroRules_term_→L[_]__1 took 0.00443ms
interpretation of ContinuousLinearMap._aux_Mathlib_Topology_Algebra_Module_ContinuousLinearMap_Basic___macroRules_ContinuousLinearMap_term_∘L__1 took 0.0053ms
interpretation of ContinuousLinearMap._aux_Mathlib_Topology_Algebra_Module_ContinuousLinearMap_Basic___macroRules_ContinuousLinearMap_term_∘SL__1 took 0.00475ms
interpretation of _aux_Mathlib_Topology_Algebra_Module_Equiv___macroRules_term_≃SL[_]__1 took 0.00504ms
interpretation of _aux_Mathlib_Topology_Algebra_Module_Equiv___macroRules_term_≃L[_]__1 took 0.00535ms
interpretation of Mathlib.Tactic.Order._aux_Mathlib_Tactic_Order___macroRules_Mathlib_Tactic_Order_tacticOrder__1 took 0.00623ms
interpretation of Filter._aux_Mathlib_Order_Filter_IsBounded___macroRules_Filter_tacticIsBoundedDefault_1 took 0.00467ms
interpretation of _aux_Mathlib_Topology_Algebra_InfiniteSum_Defs___macroRules_term∏'[_]_,__1 took 0.0054ms
interpretation of _aux_Mathlib_Topology_Algebra_InfiniteSum_Defs___macroRules_term∑'[_]_,__1 took 0.00401ms
interpretation of _aux_Mathlib_Topology_Algebra_InfiniteSum_Defs___macroRules_term∏'_,__1 took 0.00432ms
interpretation of _aux_Mathlib_Topology_Algebra_InfiniteSum_Defs___macroRules_term∑'_,__1 took 0.00461ms
interpretation of _aux_Mathlib_Topology_MetricSpace_Isometry___macroRules_term_≃ᵢ__1 took 0.00847ms
interpretation of _aux_Mathlib_Topology_UniformSpace_Equiv___macroRules_term_≃ᵤ__1 took 0.00664ms
interpretation of UniformConvergence._aux_Mathlib_Topology_UniformSpace_UniformConvergenceTopology___macroRules_UniformConvergence_term_→ᵤ__1 took 0.00873ms
interpretation of UniformConvergence._aux_Mathlib_Topology_UniformSpace_UniformConvergenceTopology___macroRules_UniformConvergence_term_→ᵤ[_]__1 took 0.00498ms
interpretation of ENNReal._aux_Mathlib_Topology_Algebra_InfiniteSum_ENNReal___macroRules_Mathlib_Tactic_GCongr_tacticGcongr_discharger_1 took 0.00525ms
interpretation of Stream'._aux_Mathlib_Data_Stream_Defs___macroRules_Stream'_term_::__1 took 0.0579ms
interpretation of Stream'._aux_Mathlib_Data_Stream_Defs___macroRules_Stream'_term_⋈__1 took 0.00534ms
interpretation of Stream'._aux_Mathlib_Data_Stream_Defs___macroRules_Stream'_term_++ₛ__1 took 0.00374ms
interpretation of Stream'._aux_Mathlib_Data_Stream_Defs___macroRules_Stream'_term_⊛__1 took 0.00354ms
interpretation of Computation._aux_Mathlib_Data_Seq_Computation___macroRules_Computation_term_~>__1 took 0.00712ms
interpretation of Computation._aux_Mathlib_Data_Seq_Computation___macroRules_Computation_term_~__1_1 took 0.00454ms
interpretation of Mathlib.Tactic.ENatToNat._aux_Mathlib_Tactic_ENatToNat___macroRules_Mathlib_Tactic_ENatToNat_tacticEnat_to_nat_1 took 0.0131ms
interpretation of AddMonoidAlgebra._aux_Mathlib_Algebra_MonoidAlgebra_Defs___macroRules_AddMonoidAlgebra_term__[_]_1 took 0.00507ms
interpretation of MonoidAlgebra._aux_Mathlib_Algebra_MonoidAlgebra_Defs___macroRules_MonoidAlgebra_term__[_]_1 took 0.00476ms
interpretation of Polynomial._aux_Mathlib_Algebra_Polynomial_Basic___macroRules_Polynomial_term_[X]_1 took 0.00662ms
interpretation of Real._aux_Mathlib_Analysis_Real_Sqrt___macroRules_Real_term√__1 took 0.00522ms
interpretation of _aux_Mathlib_Basic_Complex_Basic___macroRules_termℂ_1 took 0.00445ms
interpretation of Complex._aux_Mathlib_Basic_Complex_Basic___macroRules_Complex_term_×ℂ__1 took 0.00356ms
interpretation of _aux_Mathlib_Tactic_ContinuousFunctionalCalculus___macroRules_cfcTac_1 took 0.00529ms
interpretation of _aux_Mathlib_Tactic_ContinuousFunctionalCalculus___macroRules_cfcContTac_1 took 0.00459ms
interpretation of _aux_Mathlib_Tactic_ContinuousFunctionalCalculus___macroRules_cfcZeroTac_1 took 0.00369ms
interpretation of TensorProduct._aux_Mathlib_LinearAlgebra_TensorProduct_Defs___macroRules_TensorProduct_term_⊗__1 took 0.00512ms
interpretation of TensorProduct._aux_Mathlib_LinearAlgebra_TensorProduct_Defs___macroRules_TensorProduct_term_⊗[_]__1 took 0.00406ms
interpretation of TensorProduct._aux_Mathlib_LinearAlgebra_TensorProduct_Defs___macroRules_TensorProduct_term_⊗ₜ__1 took 0.00344ms
interpretation of TensorProduct._aux_Mathlib_LinearAlgebra_TensorProduct_Defs___macroRules_TensorProduct_term_⊗ₜ[_]__1 took 0.00445ms
interpretation of RingTheory.LinearMap._aux_Mathlib_LinearAlgebra_TensorProduct_Map___macroRules_RingTheory_LinearMap_term_⊗ₘ__1 took 0.00555ms
interpretation of RingTheory.LinearMap._aux_Mathlib_Algebra_Algebra_Bilinear___macroRules_RingTheory_LinearMap_termμ_1 took 0.00457ms
interpretation of RingTheory.LinearMap._aux_Mathlib_Algebra_Algebra_Bilinear___macroRules_RingTheory_LinearMap_termμ[_]_1 took 0.00446ms
interpretation of Computability._aux_Mathlib_Algebra_Order_Kleene___macroRules_Computability_term_∗_1 took 0.0056ms
interpretation of Algebra._aux_Mathlib_Algebra_Algebra_Subalgebra_Lattice___macroRules_Algebra_subalgebra_adjoin_1 took 0.00533ms
interpretation of _aux_Mathlib_Algebra_Module_LinearMap_Star___macroRules_term_→ₗ⋆[_]__1 took 0.00519ms
interpretation of _aux_Mathlib_Algebra_Module_LinearMap_Star___macroRules_term_≃ₗ⋆[_]__1 took 0.00414ms
interpretation of _aux_Mathlib_Algebra_Star_StarAlgHom___macroRules_term_→⋆ₙₐ__1 took 0.00474ms
interpretation of _aux_Mathlib_Algebra_Star_StarAlgHom___macroRules_term_→⋆ₙₐ[_]__1 took 0.00468ms
interpretation of _aux_Mathlib_Algebra_Star_StarAlgHom___macroRules_term_→⋆ₐ__1 took 0.00375ms
interpretation of _aux_Mathlib_Algebra_Star_StarAlgHom___macroRules_term_→⋆ₐ[_]__1 took 0.00449ms
interpretation of _aux_Mathlib_Algebra_Star_StarAlgHom___macroRules_term_≃⋆ₐ__1 took 0.00332ms
interpretation of _aux_Mathlib_Algebra_Star_StarAlgHom___macroRules_term_≃⋆ₐ[_]__1 took 0.00373ms
interpretation of Mathlib.Tactic.NoncommRing._aux_Mathlib_Tactic_NoncommRing___macroRules_Mathlib_Tactic_NoncommRing_noncomm_ring_1 took 0.00481ms
interpretation of _aux_Mathlib_Algebra_Star_MonoidHom___macroRules_term_→⋆*__1 took 0.0058ms
interpretation of _aux_Mathlib_Algebra_Star_MonoidHom___macroRules_term_≃⋆*__1 took 0.00329ms
interpretation of _aux_Mathlib_Topology_MetricSpace_Dilation___macroRules_term_→ᵈ__1 took 0.00425ms
interpretation of _aux_Mathlib_Topology_MetricSpace_DilationEquiv___macroRules_term_≃ᵈ__1 took 0.00425ms
interpretation of _aux_Mathlib_Analysis_Normed_Operator_LinearIsometry___macroRules_term_→ₛₗᵢ[_]__1 took 0.00503ms
interpretation of _aux_Mathlib_Analysis_Normed_Operator_LinearIsometry___macroRules_term_→ₗᵢ[_]__1 took 0.00508ms
interpretation of _aux_Mathlib_Analysis_Normed_Operator_LinearIsometry___macroRules_term_→ₗᵢ⋆[_]__1 took 0.00378ms
interpretation of _aux_Mathlib_Analysis_Normed_Operator_LinearIsometry___macroRules_term_≃ₛₗᵢ[_]__1 took 0.00407ms
interpretation of _aux_Mathlib_Analysis_Normed_Operator_LinearIsometry___macroRules_term_≃ₗᵢ[_]__1 took 0.00362ms
interpretation of _aux_Mathlib_Analysis_Normed_Operator_LinearIsometry___macroRules_term_≃ₗᵢ⋆[_]__1 took 0.00427ms
interpretation of _aux_Mathlib_Topology_Algebra_Module_Star___macroRules_term_→L⋆[_]__1 took 0.00476ms
interpretation of _aux_Mathlib_Topology_Algebra_Module_Star___macroRules_term_≃L⋆[_]__1 took 0.00405ms
interpretation of Matrix._aux_Mathlib_LinearAlgebra_Matrix_Defs___macroRules_Matrix_term_ᵀ_1 took 0.00549ms
interpretation of _aux_Mathlib_Data_Matrix_Mul___macroRules_term_⬝ᵥ__1 took 0.00594ms
interpretation of Matrix._aux_Mathlib_Data_Matrix_Mul___macroRules_Matrix_term_*ᵥ__1 took 0.00386ms
interpretation of Matrix._aux_Mathlib_Data_Matrix_Mul___macroRules_Matrix_term_ᵥ*__1 took 0.00332ms
interpretation of Matrix._aux_Mathlib_LinearAlgebra_Matrix_ConjTranspose___macroRules_Matrix_term_ᴴ_1 took 0.00411ms
interpretation of Matrix._aux_Mathlib_LinearAlgebra_Matrix_Notation___macroRules_Matrix_matrixNotation_1 took 0.00479ms
interpretation of Matrix._aux_Mathlib_LinearAlgebra_Matrix_Notation___macroRules_Matrix_matrixNotationRx0_1 took 0.00458ms
interpretation of Matrix._aux_Mathlib_LinearAlgebra_Matrix_Notation___macroRules_Matrix_matrixNotation0xC_1 took 0.00458ms
interpretation of ComplexStarModule._aux_Mathlib_LinearAlgebra_Complex_Module___macroRules_ComplexStarModule_termℜ_1 took 0.00451ms
interpretation of ComplexStarModule._aux_Mathlib_LinearAlgebra_Complex_Module___macroRules_ComplexStarModule_termℑ_1 took 0.00421ms
interpretation of _aux_Mathlib_Topology_Algebra_Algebra___macroRules_term_→A[_]__1 took 0.00509ms
interpretation of _aux_Mathlib_Topology_Algebra_Algebra_Equiv___macroRules_term_≃A[_]__1 took 0.00406ms
interpretation of Complex._aux_Mathlib_Analysis_Complex_Exponential___macroRules_Complex_termCexp_1 took 0.00507ms
interpretation of Real._aux_Mathlib_Analysis_Complex_Exponential___macroRules_Real_termRexp_1 took 0.00475ms
interpretation of Mathlib.Deriving.Fintype._aux_Mathlib_Tactic_DeriveFintype___macroRules_Mathlib_Deriving_Fintype_termDerive_fintype%__1 took 0.00619ms
interpretation of Real._aux_Mathlib_Analysis_SpecialFunctions_Trigonometric_Basic___macroRules_Real_termπ_1 took 0.00558ms
interpretation of unitInterval._aux_Mathlib_Topology_UnitInterval___macroRules_unitInterval_termI_1 took 0.00443ms
interpretation of unitInterval._aux_Mathlib_Topology_UnitInterval___macroRules_unitInterval_termσ_1 took 0.00458ms
interpretation of Mathlib.Tactic.Interactive._aux_Mathlib_Topology_UnitInterval___macroRules_Mathlib_Tactic_Interactive_tacticUnit_interval_1 took 0.00404ms
interpretation of Nat._aux_Mathlib_Data_Nat_Factorization_Defs___macroRules_Nat_termOrdProj[_]__1 took 0.00494ms
interpretation of Nat._aux_Mathlib_Data_Nat_Factorization_Defs___macroRules_Nat_termOrdCompl[_]__1 took 0.0042ms
interpretation of Nat._aux_Mathlib_Data_Nat_Totient___macroRules_Nat_termφ_1 took 0.00497ms
interpretation of Mathlib.Tactic.Qify._aux_Mathlib_Tactic_Qify___macroRules_Mathlib_Tactic_Qify_qify_1 took 0.0058ms
interpretation of Mathlib.Tactic.Rify._aux_Mathlib_Tactic_Rify___macroRules_Mathlib_Tactic_Rify_rify_1 took 0.0042ms
interpretation of CompactCoherentification._aux_Mathlib_Topology_Compactness_CompactlyCoherentSpace___macroRules_CompactCoherentification_term𝐤__1 took 0.00528ms
interpretation of BoundedContinuousFunction._aux_Mathlib_Topology_ContinuousMap_Bounded_Basic___macroRules_BoundedContinuousFunction_term_→ᵇ__1 took 0.00537ms
interpretation of Affine._aux_Mathlib_LinearAlgebra_AffineSpace_Defs___macroRules_Affine_termAffineSpace_1 took 0.00378ms
interpretation of _aux_Mathlib_LinearAlgebra_AffineSpace_AffineMap___macroRules_term_→ᵃ[_]__1 took 0.00472ms
interpretation of _aux_Mathlib_LinearAlgebra_AffineSpace_AffineEquiv___macroRules_term_≃ᵃ[_]__1 took 0.00432ms
interpretation of Convex._aux_Mathlib_Analysis_Convex_Segment___macroRules_Convex_term[_-[_]_]_1 took 0.00415ms
interpretation of _aux_Mathlib_LinearAlgebra_AffineSpace_AffineSubspace_Defs___macroRules_termLine[_,_,_]_1 took 0.00445ms
interpretation of Affine._aux_Mathlib_LinearAlgebra_AffineSpace_AffineSubspace_Basic___macroRules_Affine_term_∥__1 took 0.00501ms
interpretation of _aux_Mathlib_LinearAlgebra_LinearPMap___macroRules_term_→ₛₗ.[_]__1 took 0.00375ms
interpretation of _aux_Mathlib_LinearAlgebra_LinearPMap___macroRules_term_→ₗ.[_]__1 took 0.172ms
interpretation of Mathlib.Tactic.Peel._aux_Mathlib_Tactic_Peel___macroRules_Mathlib_Tactic_Peel_peel_1 took 0.0221ms
interpretation of UniformConvergenceCLM._aux_Mathlib_Topology_Algebra_Module_Spaces_UniformConvergenceCLM___macroRules_UniformConvergenceCLM_term_→SLᵤ[_,_]__1 took 0.00753ms
interpretation of UniformConvergenceCLM._aux_Mathlib_Topology_Algebra_Module_Spaces_UniformConvergenceCLM___macroRules_UniformConvergenceCLM_term_→Lᵤ[_,_]__1 took 0.00514ms
interpretation of Asymptotics._aux_Mathlib_Analysis_Asymptotics_AsymptoticEquivalent___macroRules_Asymptotics_term_~[_]__1 took 0.00502ms
interpretation of Mathlib.Tactic.ComputeDegree._aux_Mathlib_Tactic_ComputeDegree___macroRules_Mathlib_Tactic_ComputeDegree_tacticCompute_degree!_1 took 0.00698ms
interpretation of Mathlib.Tactic.ComputeDegree._aux_Mathlib_Tactic_ComputeDegree___macroRules_Mathlib_Tactic_ComputeDegree_monicityMacro_1 took 0.00474ms
interpretation of Mathlib.Tactic.ComputeDegree._aux_Mathlib_Tactic_ComputeDegree___macroRules_Mathlib_Tactic_ComputeDegree_tacticMonicity!_1 took 0.00575ms
interpretation of Pi._aux_Mathlib_Order_PiLex___macroRules_Pi_termΠₗ_,__1 took 0.00405ms
interpretation of _aux_Mathlib_Data_Sym_Sym2___macroRules_termS(_,_)_1 took 0.00434ms
interpretation of _aux_Mathlib_LinearAlgebra_Alternating_Basic___macroRules_term_[⋀^_]→ₗ[_]__1 took 0.00494ms
interpretation of Kronecker._aux_Mathlib_LinearAlgebra_Matrix_Kronecker___macroRules_Kronecker_term_⊗ₖ__1 took 0.00559ms
interpretation of Kronecker._aux_Mathlib_LinearAlgebra_Matrix_Kronecker___macroRules_Kronecker_term_⊗ₖₜ__1 took 0.00465ms
interpretation of Kronecker._aux_Mathlib_LinearAlgebra_Matrix_Kronecker___macroRules_Kronecker_term_⊗ₖₜ[_]__1 took 0.0036ms
interpretation of _aux_Mathlib_NumberTheory_Zsqrtd_Basic___macroRules_termℤ√__1 took 0.00558ms
interpretation of Mathlib.Tactic.ITauto._aux_Mathlib_Tactic_ITauto___macroRules_Mathlib_Tactic_ITauto_itauto!_1 took 0.00591ms
interpretation of Inclusion._aux_Mathlib_Tactic_Inclusion_Extension_IntervalDyadicReal_Tactic___macroRules_Inclusion_dyadicInterval_1 took 0.00561ms
interpretation of Inclusion._aux_Mathlib_Tactic_Inclusion_Extension_IntervalDyadicReal_Tactic___macroRules_Inclusion_dyadicInterval?_1 took 0.00417ms
interpretation of _aux_Mathlib_Tactic_Measurability___macroRules_Mathlib_Tactic_measurability_1 took 0.00434ms
interpretation of _aux_Mathlib_Tactic_Measurability___macroRules_Mathlib_Tactic_measurability?_1 took 0.00428ms
interpretation of _aux_Mathlib_Tactic_NormDet___macroRules_evalDet_1 took 0.00523ms
interpretation of Polynomial._aux_Mathlib_Algebra_Polynomial_Div___macroRules_Polynomial_term_/ₘ__1 took 0.00541ms
interpretation of Polynomial._aux_Mathlib_Algebra_Polynomial_Div___macroRules_Polynomial_term_%ₘ__1 took 0.00391ms
interpretation of OreLocalization._aux_Mathlib_GroupTheory_OreLocalization_Basic___macroRules_term__[_]_1 took 0.00547ms
interpretation of OreLocalization._aux_Mathlib_GroupTheory_OreLocalization_Basic___macroRules_OreLocalization_term_/ₒ__1 took 0.00401ms
interpretation of OreLocalization._aux_Mathlib_GroupTheory_OreLocalization_Basic___macroRules_OreLocalization_term_-ₒ__1 took 0.00407ms
interpretation of _aux_Mathlib_FieldTheory_Galois_Notation___macroRules_termGal(_/_)_1 took 0.0046ms
interpretation of LaurentPolynomial._aux_Mathlib_Algebra_Polynomial_Laurent___macroRules_LaurentPolynomial_term_[T;T⁻¹]_1 took 0.00602ms
interpretation of _aux_Mathlib_LinearAlgebra_SModEq_Basic___macroRules_term_≡_[SMOD_]_1 took 0.0043ms
interpretation of MatrixGroups._aux_Mathlib_LinearAlgebra_Matrix_SpecialLinearGroup___macroRules_MatrixGroups_termSL(_,_)_1 took 0.00452ms
interpretation of Matrix.SpecialLinearGroup._aux_Mathlib_LinearAlgebra_Matrix_SpecialLinearGroup___macroRules_Matrix_SpecialLinearGroup_term_ᵀ_1 took 0.00501ms
interpretation of Matrix._aux_Mathlib_LinearAlgebra_Matrix_GeneralLinearGroup_Defs___macroRules_Matrix_termGL_1 took 0.0044ms
interpretation of MatrixGroups._aux_Mathlib_LinearAlgebra_Matrix_GeneralLinearGroup_Defs___macroRules_MatrixGroups_termGL(_,_)⁺_1 took 0.0044ms
interpretation of RatFunc._aux_Mathlib_FieldTheory_RatFunc_Defs___macroRules_RatFunc_term_⟮X⟯_1 took 0.00396ms
interpretation of RatFunc._aux_Mathlib_FieldTheory_RatFunc_Basic___macroRules_RatFunc_tacticFrac_tac_1 took 0.00603ms
interpretation of RatFunc._aux_Mathlib_FieldTheory_RatFunc_Basic___macroRules_RatFunc_tacticSmul_tac_1 took 0.00489ms
interpretation of AddSubgroup._aux_Mathlib_Algebra_Module_Torsion_Basic___macroRules_AddSubgroup_torsionByStx_1 took 0.00479ms
interpretation of IntermediateField._aux_Mathlib_FieldTheory_IntermediateField_Adjoin_Defs___macroRules_IntermediateField_term_⟮_,,⟯_1 took 0.00549ms
interpretation of Matroid._aux_Mathlib_Combinatorics_Matroid_Basic___macroRules_Matroid_aesop_mat_1 took 0.00491ms
interpretation of Matroid._aux_Mathlib_Combinatorics_Matroid_Dual___macroRules_Matroid_term_✶_1 took 0.00499ms
interpretation of Matroid._aux_Mathlib_Combinatorics_Matroid_Minor_Restrict___macroRules_Matroid_term_↾__1 took 0.00527ms
interpretation of Matroid._aux_Mathlib_Combinatorics_Matroid_Minor_Restrict___macroRules_Matroid_term_≤r__1 took 0.00408ms
interpretation of Matroid._aux_Mathlib_Combinatorics_Matroid_Minor_Restrict___macroRules_Matroid_term_<r__1 took 0.00349ms
interpretation of Nat._aux_Mathlib_Data_Nat_Factorial_SuperFactorial___macroRules_Nat_termSf__1 took 0.00459ms
interpretation of NumberField._aux_Mathlib_NumberTheory_NumberField_Basic___macroRules_NumberField_term𝓞_1 took 0.00496ms
interpretation of _aux_Mathlib_RingTheory_Valuation_ValuativeRel_Basic___macroRules_term_≤ᵥ__1 took 0.00498ms
interpretation of _aux_Mathlib_RingTheory_Valuation_ValuativeRel_Basic___macroRules_term_≤ᵥ__2 took 0.00411ms
interpretation of ValuativeRel._aux_Mathlib_RingTheory_Valuation_ValuativeRel_Basic___macroRules_ValuativeRel_term_<ᵥ__1 took 0.0036ms
interpretation of ValuativeRel._aux_Mathlib_RingTheory_Valuation_ValuativeRel_Basic___macroRules_ValuativeRel_term_<ᵥ__2 took 0.00463ms
interpretation of ValuativeRel._aux_Mathlib_RingTheory_Valuation_ValuativeRel_Basic___macroRules_ValuativeRel_term_=ᵥ__1 took 0.00391ms
interpretation of ValuativeRel._aux_Mathlib_RingTheory_Valuation_ValuativeRel_Basic___macroRules_ValuativeRel_term_=ᵥ__2 took 0.00378ms
interpretation of Valued._aux_Mathlib_Topology_Algebra_Valued_ValuedField___macroRules_Valued_term𝒪[_]_1 took 0.00475ms
interpretation of Valued._aux_Mathlib_Topology_Algebra_Valued_ValuedField___macroRules_Valued_term𝓂[_]_1 took 0.0039ms
interpretation of Valued._aux_Mathlib_Topology_Algebra_Valued_ValuedField___macroRules_Valued_term𝓀[_]_1 took 0.00369ms
interpretation of ArithmeticFunction.zeta._aux_Mathlib_NumberTheory_ArithmeticFunction_Zeta___macroRules_ArithmeticFunction_zeta_termζ_1 took 0.00591ms
interpretation of ArithmeticFunction._aux_Mathlib_NumberTheory_ArithmeticFunction_Misc___macroRules_ArithmeticFunction_bigproddvd_1 took 0.00615ms
interpretation of ArithmeticFunction.sigma._aux_Mathlib_NumberTheory_ArithmeticFunction_Misc___macroRules_ArithmeticFunction_sigma_termσ_1 took 0.00497ms
interpretation of ArithmeticFunction.Omega._aux_Mathlib_NumberTheory_ArithmeticFunction_Misc___macroRules_ArithmeticFunction_Omega_termΩ_1 took 0.00366ms
interpretation of ArithmeticFunction.omega._aux_Mathlib_NumberTheory_ArithmeticFunction_Misc___macroRules_ArithmeticFunction_omega_termω_1 took 0.00534ms
interpretation of ArithmeticFunction.Moebius._aux_Mathlib_NumberTheory_ArithmeticFunction_Moebius___macroRules_ArithmeticFunction_Moebius_termμ_1 took 0.00466ms
interpretation of Algebra.Norm.Transitivity._aux_Mathlib_RingTheory_Norm_Transitivity___macroRules_Algebra_Norm_Transitivity_termMulAuxMatBlock_1 took 0.00502ms
interpretation of InnerProductSpace._aux_Mathlib_Analysis_InnerProductSpace_Defs___macroRules_InnerProductSpace_term⟪_,_⟫___1 took 0.00471ms
interpretation of RealInnerProductSpace._aux_Mathlib_Analysis_InnerProductSpace_Defs___macroRules_RealInnerProductSpace_term⟪_,_⟫_1 took 0.00507ms
interpretation of ComplexInnerProductSpace._aux_Mathlib_Analysis_InnerProductSpace_Defs___macroRules_ComplexInnerProductSpace_term⟪_,_⟫_1 took 0.00417ms
interpretation of NumberTheorySymbols._aux_Mathlib_NumberTheory_LegendreSymbol_JacobiSymbol___macroRules_NumberTheorySymbols_termJ(_|_)_1 took 0.00499ms
interpretation of Mathlib.Tactic.PNatToNat._aux_Mathlib_Tactic_PNatToNat___macroRules_Mathlib_Tactic_PNatToNat_tacticPnat_to_nat_1 took 0.0049ms
interpretation of Mathlib.Tactic.Polynomial._aux_Mathlib_Tactic_Polynomial_Basic___macroRules_Mathlib_Tactic_Polynomial_tacticPolynomial!_1 took 0.00559ms
interpretation of Mathlib.Tactic.Polynomial._aux_Mathlib_Tactic_Polynomial_Basic___macroRules_Mathlib_Tactic_Polynomial_tacticPolynomial_nf!__1 took 0.00543ms
interpretation of Lean.Expr._aux_Mathlib_Tactic_ProdAssoc___macroRules_Lean_Expr_termProd_assoc%_1 took 0.00462ms
interpretation of Lean.Elab.Term._aux_Mathlib_Tactic_WithoutCDot___macroRules_Lean_Elab_Term_withoutCDot_1 took 0.00463ms
interpretation of adaptationNoteTermElab took 0.00522ms
interpretation of Lean.Elab.Term._aux_Mathlib_Tactic_TypeStar___elabRules_Lean_Elab_Term_termSort*_1 took 0.00586ms
interpretation of Lean.Elab.Term._aux_Mathlib_Tactic_TypeStar___elabRules_Lean_Elab_Term_termType*_1 took 0.00379ms
interpretation of elabWantedRef took 0.00604ms
interpretation of Mathlib.Meta.SetNotationForOrder.elabSubsetStx' took 0.00504ms
interpretation of Mathlib.Meta.SetNotationForOrder.elabSSubsetStx' took 0.00585ms
interpretation of Mathlib.Meta.SetNotationForOrder.elabSupsetStx' took 0.00495ms
interpretation of Mathlib.Meta.SetNotationForOrder.elabSSupsetStx' took 0.00449ms
interpretation of Mathlib.Meta.elabSetBuilder took 0.00449ms
interpretation of elabLetImplDetail took 0.00424ms
interpretation of Qq._aux_Qq_Macro___elabRules_Qq_termQl(_)_1 took 0.00526ms
interpretation of Qq._aux_Qq_Macro___elabRules_Qq_termQ(__)_1 took 0.00581ms
interpretation of Qq._aux_Qq_Macro___elabRules_Qq_termQ(__)_1_1 took 0.00588ms
interpretation of Qq.Impl._aux_Qq_Match___elabRules_Qq_Impl_term_qq_match_←_|_In__1 took 0.00525ms
interpretation of Qq.Impl._aux_Qq_Match___elabRules_Qq_Impl_term_comefrom_Do_In__1 took 0.0045ms
interpretation of Qq.Impl._aux_Qq_AssertInstancesCommute___elabRules_Qq_Impl_termAssertInstancesCommuteImpl__1 took 0.0049ms
interpretation of Qq.Impl._aux_Qq_AssertInstancesCommute___elabRules_Qq_termAssumeInstancesCommute'__1 took 0.00519ms
interpretation of Qq._aux_Qq_Commands___elabRules_Qq_termBy_elabq__1 took 0.00569ms
interpretation of LeanSearchClient.leanSearchTermImpl took 0.00499ms
interpretation of LeanSearchClient.searchTermImpl took 0.00484ms
interpretation of LeanSearchClient.loogleTermImpl took 0.00507ms
interpretation of Mathlib.Tactic.GCongr.elabCHoleExpand took 0.00616ms
interpretation of ProofWidgets._aux_ProofWidgets_Component_OfRpcMethod___elabRules_ProofWidgets_termMk_rpc_widget%__1 took 0.00541ms
interpretation of Lean.Elab.Term.CoeImpl._aux_Mathlib_Tactic_Coe___elabRules_Lean_Elab_Term_CoeImpl_term(↑)_1 took 0.00479ms
interpretation of Lean.Elab.Term.CoeImpl._aux_Mathlib_Tactic_Coe___elabRules_Lean_Elab_Term_CoeImpl_term(⇑)_1 took 0.00428ms
interpretation of Lean.Elab.Term.CoeImpl._aux_Mathlib_Tactic_Coe___elabRules_Lean_Elab_Term_CoeImpl_term(↥)_1 took 0.00459ms
interpretation of Mathlib.Tactic.TermCongr.elabCHoleExpand took 0.00531ms
interpretation of Mathlib.Tactic.TermCongr.elabTermCongr took 0.00424ms
interpretation of Mathlib.Tactic.dsimpPercentElaborator took 0.0042ms
interpretation of Mathlib.Util.TermReduce.elabBeta took 0.00527ms
interpretation of Mathlib.Util.TermReduce.elabDelta took 0.00423ms
interpretation of Mathlib.Util.TermReduce.elabZeta took 0.00391ms
interpretation of Mathlib.Util.TermReduce.elabReduceProj took 0.00386ms
interpretation of Lean.Elab.Command._aux_Mathlib_Tactic_IrreducibleDef___elabRules__private_Mathlib_Tactic_IrreducibleDef_0_Lean_Elab_Command_termEta_helper__1 took 0.00721ms
interpretation of Lean.Elab.Command._aux_Mathlib_Tactic_IrreducibleDef___elabRules__private_Mathlib_Tactic_IrreducibleDef_0_Lean_Elab_Command_termVal_proj__1 took 0.00473ms
interpretation of _aux_Mathlib_Tactic_SudoSetOption___elabRules_termSudoSet_option___In__1 took 0.0052ms
interpretation of Mathlib.Tactic.CategoryStar._aux_Mathlib_Tactic_CategoryTheory_CategoryStar___elabRules_Mathlib_Tactic_CategoryStar_termCategory*___1 took 0.00592ms
interpretation of Mathlib.Tactic.Reassoc._aux_Mathlib_Tactic_CategoryTheory_Reassoc___elabRules_Mathlib_Tactic_Reassoc_termReassoc_of%__1 took 0.00492ms
interpretation of Mathlib.Elab.FastInstance.elabFastInstance took 0.00465ms
interpretation of FBinopElab.elabBinOp took 0.00517ms
interpretation of Mathlib.Tactic.Elementwise._aux_Mathlib_Tactic_CategoryTheory_Elementwise___elabRules_Mathlib_Tactic_Elementwise_termElementwise_of%__1 took 0.00531ms
interpretation of CategoryTheory._aux_Mathlib_CategoryTheory_ConcreteCategory_Notation___elabRules_CategoryTheory_term↧__1 took 0.00482ms
interpretation of Mathlib.Meta.elabFinsetBuilderSep took 0.00516ms
interpretation of Mathlib.Meta.elabFinsetBuilderSetOf took 0.00421ms
interpretation of _aux_Mathlib_Data_Fintype_Sets___elabRules_finsetStx_1 took 0.00457ms
interpretation of Mathlib.Tactic.CategoryTheory.ToApp._aux_Mathlib_Tactic_CategoryTheory_ToApp___elabRules_Mathlib_Tactic_CategoryTheory_ToApp_termTo_app_of%__1 took 0.00594ms
interpretation of Mathlib.Meta.elabFinsetBuilderIxx took 0.00473ms
interpretation of Mathlib.Tactic.elabClean took 0.0033ms
interpretation of Filter.elabEventuallyEq took 0.00403ms
interpretation of Filter.elabEventuallyLE took 0.0043ms
interpretation of Mathlib.ProxyType.elab_proxy_equiv took 0.00572ms
interpretation of Mathlib.Meta.elabEvalExpr took 0.00377ms
interpretation of Lean.Expr.elabProdAssoc took 0.00363ms
interpretation of Mathlib.Tactic.Sat._aux_Mathlib_Tactic_Sat_FromLRAT___elabRules_Mathlib_Tactic_Sat_termFrom_lrat____1 took 0.00551ms
interpretation of Lean.Elab.Term.elabWithoutCDot took 0.00336ms
interpretation of precheckFinsetStx took 0.00401ms
interpretation of Filter.precheckEventuallyEq took 0.00384ms
interpretation of Filter.precheckEventuallyLE took 0.00376ms
interpretation of _aux_Mathlib_Tactic_AdaptationNote___elabRules_tactic#adaptation_note__1 took 0.00399ms
interpretation of Mathlib.Linter.HaveILetI._aux_Mathlib_Tactic_Linter_HaveILetI___elabRules_Mathlib_Linter_HaveILetI_tacticHaveI___1 took 0.00621ms
interpretation of Mathlib.Linter.HaveILetI._aux_Mathlib_Tactic_Linter_HaveILetI___elabRules_Mathlib_Linter_HaveILetI_tacticLetI___1 took 0.00401ms
interpretation of Batteries.Tactic._aux_Batteries_Tactic_Unreachable___elabRules_Batteries_Tactic_unreachable_1 took 0.00476ms
interpretation of Mathlib.Linter.Style._aux_Mathlib_Tactic_Linter_Style___elabRules_Mathlib_Linter_Style_show_1 took 0.00692ms
interpretation of Mathlib.Tactic.ExtractGoal._aux_Mathlib_Tactic_ExtractGoal___elabRules_Mathlib_Tactic_ExtractGoal_extractGoal_1 took 0.0049ms
interpretation of Batteries.Tactic._aux_Batteries_Tactic_Trans___elabRules_Batteries_Tactic_tacticTrans____1 took 0.00585ms
interpretation of Batteries.Tactic._aux_Batteries_Tactic_Init___elabRules_Batteries_Tactic_exacts_1 took 0.00529ms
interpretation of Batteries.Tactic._aux_Batteries_Tactic_Init___elabRules_Batteries_Tactic_tacticFapply__1 took 0.00408ms
interpretation of Batteries.Tactic._aux_Batteries_Tactic_Init___elabRules_Batteries_Tactic_tacticEapply__1 took 0.00382ms
interpretation of Batteries.Tactic._aux_Batteries_Tactic_Init___elabRules_Batteries_Tactic_triv_1 took 0.00467ms
interpretation of Batteries.Tactic._aux_Batteries_Tactic_Init___elabRules_Batteries_Tactic_Conv_equals_1 took 0.00458ms
interpretation of Lean.Elab.Tactic._aux_Mathlib_Tactic_Inhabit___elabRules_Lean_Elab_Tactic_inhabit_1 took 0.00423ms
interpretation of Mathlib.Tactic._aux_Mathlib_Tactic_Use___elabRules_Mathlib_Tactic_useSyntax_1 took 0.00626ms
interpretation of Mathlib.Tactic._aux_Mathlib_Tactic_Use___elabRules_Mathlib_Tactic_tacticUse!___,,_1 took 0.00544ms
interpretation of Mathlib.Tactic._aux_Mathlib_Tactic_SimpRw___elabRules_Mathlib_Tactic_tacticSimp_rw____1 took 0.00519ms
interpretation of Batteries.Tactic._aux_Batteries_Tactic_PermuteGoals___elabRules_Batteries_Tactic_tacticPick_goal-__1 took 0.00471ms
interpretation of Batteries.Tactic._aux_Batteries_Tactic_PermuteGoals___elabRules_Batteries_Tactic_tacticOn_goal-_=>__1 took 0.00412ms
interpretation of Batteries.Tactic._aux_Batteries_Tactic_SeqFocus___elabRules_Batteries_Tactic_tacticMap_tacs[_;]_1 took 0.00542ms
interpretation of Aesop._aux_Aesop_Util_Tactic_Unfold___elabRules_Aesop_tacticAesop_unfold__1 took 0.00658ms
interpretation of Aesop._aux_Aesop_Util_Tactic_Unfold___elabRules_Aesop_tacticAesop_unfold_At__1 took 0.00574ms
interpretation of Aesop.evalAesop took 0.00483ms
interpretation of Aesop.evalAesop took 0.00119ms
interpretation of Aesop.Frontend.evalSaturate took 0.00422ms
interpretation of Aesop.Frontend.evalSaturate? took 0.00378ms
interpretation of Mathlib.Tactic._aux_Mathlib_Tactic_SplitIfs___elabRules_Mathlib_Tactic_splitIfs_1 took 0.00633ms
interpretation of Qq._aux_Qq_Commands___elabRules_Qq_tacticRun_tacq_=>__1 took 0.00436ms
interpretation of Plausible.Decorations._aux_Plausible_Testable___elabRules_Plausible_Decorations_tacticMk_decorations_1 took 0.00622ms
interpretation of _aux_Plausible_Tactic___elabRules_plausibleSyntax_1 took 0.00441ms
interpretation of Batteries.Tactic._aux_Batteries_Tactic_Case___elabRules_Batteries_Tactic_casePatt_1 took 0.00602ms
interpretation of Batteries.Tactic._aux_Batteries_Tactic_Case___elabRules_Batteries_Tactic_casePatt'_1 took 0.00526ms
interpretation of Batteries.Tactic._aux_Batteries_Tactic_GeneralizeProofs___elabRules_Batteries_Tactic_generalizeProofsElab_1 took 0.00843ms
interpretation of LeanSearchClient.leanSearchTacticImpl took 0.00469ms
interpretation of LeanSearchClient.stateSearchTacticImpl took 0.00466ms
interpretation of LeanSearchClient.searchTacticImpl took 0.00302ms
interpretation of LeanSearchClient.loogleTacticImpl took 0.00421ms
interpretation of LeanSearchClient.justLoogleTacticImpl took 0.00436ms
interpretation of _aux_Mathlib_Tactic_ApplyCongr___elabRules_Lean_Parser_Tactic_applyCongr_1 took 0.00362ms
interpretation of Mathlib.Tactic._aux_Mathlib_Tactic_ApplyAt___elabRules_Mathlib_Tactic_tacticApply_At__1 took 0.00542ms
interpretation of Mathlib.Tactic._aux_Mathlib_Tactic_ApplyWith___elabRules_Mathlib_Tactic_applyWith_1 took 0.0051ms
interpretation of Mathlib.Tactic.evalIntrov took 0.00397ms
interpretation of Mathlib.Tactic._aux_Mathlib_Tactic_Basic___elabRules_Mathlib_Tactic_clearAuxDecl_1 took 0.00419ms
interpretation of Mathlib.Tactic.Conv.elabDischargeConv took 0.00511ms
interpretation of Mathlib.Tactic.Push._aux_Mathlib_Tactic_Push___elabRules_Mathlib_Tactic_Push_pushStx_1 took 0.00603ms
interpretation of Mathlib.Tactic.Push._aux_Mathlib_Tactic_Push___elabRules_Mathlib_Tactic_Push_push_neg_1 took 0.00438ms
interpretation of Mathlib.Tactic.Push._aux_Mathlib_Tactic_Push___elabRules_Mathlib_Tactic_Push_pull_1 took 0.00398ms
interpretation of Mathlib.Tactic.Push._aux_Mathlib_Tactic_Push___elabRules_Mathlib_Tactic_Push_convPush______1 took 0.00492ms
interpretation of Mathlib.Tactic.Push._aux_Mathlib_Tactic_Push___elabRules_Mathlib_Tactic_Push_convPush_neg__1 took 0.00424ms
interpretation of Mathlib.Tactic.Push._aux_Mathlib_Tactic_Push___elabRules_Mathlib_Tactic_Push_convPull_____1 took 0.00402ms
interpretation of Mathlib.Tactic.ByCases._aux_Mathlib_Tactic_ByCases___elabRules__private_Mathlib_Tactic_ByCases_0_Mathlib_Tactic_ByCases_tacticTry_push_neg_at___1 took 0.00543ms
interpretation of Mathlib.Tactic.ByContra._aux_Mathlib_Tactic_ByContra___elabRules__private_Mathlib_Tactic_ByContra_0_Mathlib_Tactic_ByContra_tacticTry_push_neg_at___1 took 0.00656ms
interpretation of Mathlib.Tactic.ByContra._aux_Mathlib_Tactic_ByContra___elabRules__private_Mathlib_Tactic_ByContra_0_Mathlib_Tactic_ByContra_tacticTry_push_neg__1 took 0.00371ms
interpretation of Mathlib.Tactic._aux_Mathlib_Tactic_CasesM___elabRules_Mathlib_Tactic_casesM_1 took 0.00496ms
interpretation of Mathlib.Tactic._aux_Mathlib_Tactic_CasesM___elabRules_Mathlib_Tactic_casesm!_1 took 0.00503ms
interpretation of Mathlib.Tactic._aux_Mathlib_Tactic_CasesM___elabRules_Mathlib_Tactic_casesType_1 took 0.0041ms
interpretation of Mathlib.Tactic._aux_Mathlib_Tactic_CasesM___elabRules_Mathlib_Tactic_casesType!_1 took 0.00403ms
interpretation of Mathlib.Tactic._aux_Mathlib_Tactic_CasesM___elabRules_Mathlib_Tactic_constructorM_1 took 0.00313ms
interpretation of Mathlib.Tactic._aux_Mathlib_Tactic_Check___elabRules_Mathlib_Tactic_tactic#check___1 took 0.00488ms
interpretation of Mathlib.Tactic._aux_Mathlib_Tactic_Check___elabRules_Mathlib_Tactic_tactic#check'___1 took 0.00456ms
interpretation of Mathlib.Tactic.Choose._aux_Mathlib_Tactic_Choose___elabRules_Mathlib_Tactic_Choose_choose_1 took 0.0061ms
interpretation of Mathlib.Tactic._aux_Mathlib_Tactic_ClearExclamation___elabRules_Mathlib_Tactic_clear!_1 took 0.00493ms
interpretation of Lean.Elab.Tactic._aux_Mathlib_Tactic_ClearExcept___elabRules_Lean_Elab_Tactic_clearExceptTactic_1 took 0.00416ms
interpretation of Mathlib.Tactic._aux_Mathlib_Tactic_Clear____elabRules_Mathlib_Tactic_clear__1 took 0.00443ms
interpretation of ProofWidgets.withPanelWidgets took 0.00417ms
interpretation of Mathlib.Tactic.GCongr._aux_Mathlib_Tactic_GCongr_Core___elabRules_Mathlib_Tactic_GCongr_gcongr_1 took 0.0053ms
interpretation of Mathlib.Tactic.GCongr._aux_Mathlib_Tactic_GCongr_Core___elabRules_Mathlib_Tactic_GCongr_gconvert_1 took 0.00392ms
interpretation of Mathlib.Tactic.GCongr._aux_Mathlib_Tactic_GCongr_Core___elabRules_Mathlib_Tactic_GCongr_tacticRel[_]_1 took 0.00526ms
interpretation of Mathlib.Tactic.Hint._aux_Mathlib_Tactic_Hint___elabRules_Mathlib_Tactic_Hint_hintStx_1 took 0.00567ms
interpretation of Mathlib.Tactic.GRewrite.evalGRewriteSeq took 0.00417ms
interpretation of Mathlib.Tactic.DepRewrite.evalDepRewriteSeq took 0.00581ms
interpretation of Mathlib.Tactic.DepRewrite.evalDepRwSeq took 0.0212ms
interpretation of Mathlib.Tactic.DepRewrite.Conv.evalDepRewriteSeq took 0.00703ms
interpretation of Mathlib.Tactic.DepRewrite.Conv.evalDepRwSeq took 0.00521ms
interpretation of Congr!._aux_Mathlib_Tactic_CongrExclamation___elabRules_Congr!_congr!_1 took 0.00609ms
interpretation of Mathlib.Tactic._aux_Mathlib_Tactic_CongrM___elabRules_Mathlib_Tactic_congrM_1 took 0.00566ms
interpretation of _aux_Mathlib_Tactic_Constructor___elabRules_tacticFconstructor_1 took 0.00479ms
interpretation of _aux_Mathlib_Tactic_Constructor___elabRules_tacticEconstructor_1 took 0.00327ms
interpretation of Mathlib.Tactic.Contrapose._aux_Mathlib_Tactic_Contrapose___elabRules_Mathlib_Tactic_Contrapose_contrapose_1 took 0.00736ms
interpretation of Mathlib.Tactic.Contrapose._aux_Mathlib_Tactic_Contrapose___elabRules__private_Mathlib_Tactic_Contrapose_0_Mathlib_Tactic_Contrapose_tacticTry_push_neg__1 took 0.00603ms
interpretation of Mathlib.Tactic._aux_Mathlib_Tactic_Convert___elabRules_Mathlib_Tactic_convert_1 took 0.00515ms
interpretation of Mathlib.Tactic._aux_Mathlib_Tactic_Convert___elabRules_Mathlib_Tactic_convertTo_1 took 0.00462ms
interpretation of Mathlib.Tactic.DefEqAbuse._aux_Mathlib_Tactic_DefEqAbuse___elabRules_Mathlib_Tactic_DefEqAbuse_defeqAbuse_1 took 0.00543ms
interpretation of Mathlib.Tactic._aux_Mathlib_Tactic_DefEqTransformations___elabRules_Mathlib_Tactic_tacticWhnf___1 took 0.0053ms
interpretation of Mathlib.Tactic._aux_Mathlib_Tactic_DefEqTransformations___elabRules_Mathlib_Tactic_betaReduceStx_1 took 0.00565ms
interpretation of Mathlib.Tactic._aux_Mathlib_Tactic_DefEqTransformations___elabRules_Mathlib_Tactic_convBeta_reduce_1 took 0.00481ms
interpretation of Mathlib.Tactic._aux_Mathlib_Tactic_DefEqTransformations___elabRules_Mathlib_Tactic_tacticReduce___1 took 0.00456ms
interpretation of Mathlib.Tactic._aux_Mathlib_Tactic_DefEqTransformations___elabRules_Mathlib_Tactic_refoldLetStx_1 took 0.00389ms
interpretation of Mathlib.Tactic._aux_Mathlib_Tactic_DefEqTransformations___elabRules_Mathlib_Tactic_convRefold_let____1 took 0.00505ms
interpretation of Mathlib.Tactic._aux_Mathlib_Tactic_DefEqTransformations___elabRules_Mathlib_Tactic_unfoldProjsStx_1 took 0.00451ms
interpretation of Mathlib.Tactic._aux_Mathlib_Tactic_DefEqTransformations___elabRules_Mathlib_Tactic_convUnfold_projs_1 took 0.00432ms
interpretation of Mathlib.Tactic._aux_Mathlib_Tactic_DefEqTransformations___elabRules_Mathlib_Tactic_etaReduceStx_1 took 0.00331ms
interpretation of Mathlib.Tactic._aux_Mathlib_Tactic_DefEqTransformations___elabRules_Mathlib_Tactic_convEta_reduce_1 took 0.00405ms
interpretation of Mathlib.Tactic._aux_Mathlib_Tactic_DefEqTransformations___elabRules_Mathlib_Tactic_etaExpandStx_1 took 0.00409ms
interpretation of Mathlib.Tactic._aux_Mathlib_Tactic_DefEqTransformations___elabRules_Mathlib_Tactic_convEta_expand_1 took 0.00434ms
interpretation of Mathlib.Tactic._aux_Mathlib_Tactic_DefEqTransformations___elabRules_Mathlib_Tactic_etaStructStx_1 took 0.00431ms
interpretation of Mathlib.Tactic._aux_Mathlib_Tactic_DefEqTransformations___elabRules_Mathlib_Tactic_convEta_struct_1 took 0.00362ms
interpretation of Mathlib.Tactic.Erw?._aux_Mathlib_Tactic_ErwQuestion___elabRules_Mathlib_Tactic_Erw?_erw?_1 took 0.00569ms
interpretation of Mathlib.Tactic._aux_Mathlib_Tactic_FailIfNoProgress___elabRules_Mathlib_Tactic_failIfNoProgress_1 took 0.00424ms
interpretation of Mathlib.Tactic.Find._aux_Mathlib_Tactic_Find___elabRules_Mathlib_Tactic_Find_tacticFind_1 took 0.0092ms
interpretation of Mathlib.Tactic.Find._aux_Mathlib_Tactic_Find___elabRules_Mathlib_Tactic_Find_tactic#find__1 took 0.00798ms
interpretation of Mathlib.Tactic._aux_Mathlib_Tactic_InferParam___elabRules_Mathlib_Tactic_inferOptParam_1 took 0.00531ms
interpretation of Mathlib.Meta.FunProp.funPropTac took 0.00632ms
interpretation of _aux_Mathlib_Tactic_GuardGoalNums___elabRules_guardGoalNums_1 took 0.0042ms
interpretation of _aux_Mathlib_Tactic_GuardHypNums___elabRules_guardHypNums_1 took 0.00426ms
interpretation of Mathlib.Tactic._aux_Mathlib_Tactic_Lift___elabRules_Mathlib_Tactic_lift_1 took 0.00578ms
interpretation of Mathlib.Tactic.LibrarySearch._aux_Mathlib_Tactic_Observe___elabRules_Mathlib_Tactic_LibrarySearch_observe_1 took 0.00516ms
interpretation of Mathlib.Tactic._aux_Mathlib_Tactic_Recover___elabRules_Mathlib_Tactic_tacticRecover__1 took 0.00391ms
interpretation of Mathlib.Tactic._aux_Mathlib_Tactic_Rename___elabRules_Mathlib_Tactic_rename'_1 took 0.00504ms
interpretation of Mathlib.Tactic._aux_Mathlib_Tactic_RenameBVar___elabRules_Mathlib_Tactic_tacticRename_bvar_→___1 took 0.00498ms
interpretation of Mathlib.Tactic.Says._aux_Mathlib_Tactic_Says___elabRules_Mathlib_Tactic_Says_says_1 took 0.00444ms
interpretation of Mathlib.Tactic._aux_Mathlib_Tactic_Set___elabRules_Mathlib_Tactic_setTactic_1 took 0.00546ms
interpretation of Mathlib.Tactic.SetM._aux_Mathlib_Tactic_Setm___elabRules_Mathlib_Tactic_SetM_setM_1 took 0.00515ms
interpretation of Mathlib.Tactic._aux_Mathlib_Tactic_SimpIntro___elabRules_Mathlib_Tactic_tacticSimp_intro_____..Only__1 took 0.006ms
interpretation of Mathlib.Tactic._aux_Mathlib_Tactic_Subsingleton___elabRules_Mathlib_Tactic_subsingletonStx_1 took 0.00616ms
interpretation of Mathlib.Tactic.Substs._aux_Mathlib_Tactic_Substs___elabRules_Mathlib_Tactic_Substs_substs_1 took 0.00448ms
interpretation of Mathlib.Tactic._aux_Mathlib_Tactic_SuccessIfFailWithMsg___elabRules_Mathlib_Tactic_successIfFailWithMsg_1 took 0.00499ms
interpretation of Mathlib.Tactic._aux_Mathlib_Tactic_SwapVar___elabRules_Mathlib_Tactic_tacticSwap_var__,,_1 took 0.00427ms
interpretation of Mathlib.Tactic.Tauto._aux_Mathlib_Tactic_Tauto___elabRules_Mathlib_Tactic_Tauto_tauto_1 took 0.00643ms
interpretation of _aux_Mathlib_Tactic_Trace___elabRules_Lean_Parser_Tactic_trace_1 took 0.0043ms
interpretation of Lean.Elab.Tactic._aux_Mathlib_Tactic_Widget_Calc___elabRules_Lean_Elab_Tactic_tacticCalc?_1 took 0.00545ms
interpretation of Lean.Elab.Tactic._aux_Mathlib_Tactic_Widget_Calc___elabRules_Lean_calcTactic_1 took 0.00325ms
interpretation of _aux_Mathlib_Tactic_Widget_CongrM___elabRules_tacticCongrm?_1 took 0.00408ms
interpretation of Mathlib.Tactic.Conv._aux_Mathlib_Tactic_Widget_Conv___elabRules_Mathlib_Tactic_Conv_tacticConv?_1 took 0.0056ms
interpretation of Mathlib.Tactic.LibraryRewrite._aux_Mathlib_Tactic_Widget_LibraryRewrite___elabRules_Mathlib_Tactic_LibraryRewrite_tacticRw??_1 took 0.00791ms
interpretation of Mathlib.Tactic._aux_Mathlib_Tactic_WLOG___elabRules_Mathlib_Tactic_wlog_1 took 0.00646ms
interpretation of Mathlib.Tactic._aux_Mathlib_Tactic_WLOG___elabRules_Mathlib_Tactic_wlog!_1 took 0.00408ms
interpretation of Mathlib.CountHeartbeats._aux_Mathlib_Util_CountHeartbeats___elabRules_Mathlib_CountHeartbeats_tactic#count_heartbeats__1 took 0.00716ms
interpretation of Mathlib.CountHeartbeats._aux_Mathlib_Util_CountHeartbeats___elabRules_Mathlib_CountHeartbeats_tactic#count_heartbeats!_In___1 took 0.00409ms
interpretation of Mathlib.Tactic._aux_Mathlib_Tactic_TryThis___elabRules_Mathlib_Tactic_tacticTry_this___1 took 0.00553ms
interpretation of Mathlib.Tactic._aux_Mathlib_Tactic_TryThis___elabRules_Mathlib_Tactic_convTry_this___1 took 0.00587ms
interpretation of CategoryTheory.evalSorryIfSorry took 0.00577ms
interpretation of CategoryTheory._aux_Mathlib_CategoryTheory_Category_Basic___elabRules_CategoryTheory_cat_disch_1 took 0.00713ms
interpretation of Mathlib.Tactic.Slice._aux_Mathlib_Tactic_CategoryTheory_Slice___elabRules_Mathlib_Tactic_Slice_convSlice____1 took 0.00709ms
interpretation of Batteries.Tactic._aux_Batteries_Tactic_Congr___elabRules_Batteries_Tactic_congrConfig_1 took 0.00497ms
interpretation of Batteries.Tactic._aux_Batteries_Tactic_Congr___elabRules_Batteries_Tactic_rcongr_1 took 0.00427ms
interpretation of Mathlib.Tactic._aux_Mathlib_Tactic_ApplyFun___elabRules_Mathlib_Tactic_applyFun_1 took 0.00565ms
interpretation of Mathlib.Tactic.TFAE._aux_Mathlib_Tactic_TFAE___elabRules_Mathlib_Tactic_TFAE_tfaeHave_1 took 0.00587ms
interpretation of Mathlib.Tactic.TFAE._aux_Mathlib_Tactic_TFAE___elabRules_Mathlib_Tactic_TFAE_tfaeFinish_1 took 0.00432ms
interpretation of Mathlib.Tactic.TFAE._aux_Mathlib_Tactic_TFAE___elabRules_Mathlib_Tactic_TFAE_tfaeHave'_1 took 0.0056ms
interpretation of Mathlib.Tactic.Nontriviality.elabNontriviality took 0.00471ms
interpretation of Mathlib.Tactic._aux_Mathlib_Tactic_NormNum_Core___elabRules_Mathlib_Tactic_normNum_1 took 0.00493ms
interpretation of Mathlib.Tactic._aux_Mathlib_Tactic_NormNum_Core___elabRules_Mathlib_Tactic_normNum1_1 took 0.0052ms
interpretation of Mathlib.Tactic.elabNormNum1Conv took 0.0049ms
interpretation of Mathlib.Tactic.elabNormNumConv took 0.00362ms
interpretation of Mathlib.Tactic.Abel._aux_Mathlib_Tactic_Abel___elabRules_Mathlib_Tactic_Abel_abel1_1 took 0.00609ms
interpretation of Mathlib.Tactic.Abel._aux_Mathlib_Tactic_Abel___elabRules_Mathlib_Tactic_Abel_abelNF_1 took 0.00479ms
interpretation of Mathlib.Tactic.Abel.elabAbelNFConv took 0.0111ms
interpretation of Mathlib.Tactic.Positivity._aux_Mathlib_Tactic_Positivity_Core___elabRules_Mathlib_Tactic_Positivity_positivity_1 took 0.0067ms
interpretation of Lean.Elab.Tactic._aux_Mathlib_Tactic_FinCases___elabRules_Lean_Elab_Tactic_finCases_1 took 0.00455ms
interpretation of Lean.Elab.Tactic._aux_Mathlib_Tactic_FinCases___elabRules_Lean_Elab_Tactic_finCases_1 took 0.00111ms
interpretation of Mathlib.Tactic._aux_Mathlib_Tactic_CancelDenoms_Core___elabRules_Mathlib_Tactic_tacticCancel_denoms__1 took 0.00524ms
interpretation of Mathlib.Tactic.Ring._aux_Mathlib_Tactic_Ring_Basic___elabRules_Mathlib_Tactic_Ring_ring1_1 took 0.00573ms
interpretation of Mathlib.Tactic._aux_Mathlib_Tactic_Linarith_Frontend___elabRules_Mathlib_Tactic_linarith_1 took 0.00427ms
interpretation of Mathlib.Tactic._aux_Mathlib_Tactic_Linarith_Frontend___elabRules_Mathlib_Tactic_linarith?_1 took 0.00449ms
interpretation of Mathlib.Tactic._aux_Mathlib_Tactic_Linarith_Frontend___elabRules_Mathlib_Tactic_nlinarith_1 took 0.00325ms
interpretation of Mathlib.Tactic.RingNF._aux_Mathlib_Tactic_Ring_RingNF___elabRules_Mathlib_Tactic_RingNF_ringNF_1 took 0.00621ms
interpretation of Mathlib.Tactic.RingNF._aux_Mathlib_Tactic_Ring_RingNF___elabRules_Mathlib_Tactic_RingNF_ring1NF_1 took 0.0039ms
interpretation of Mathlib.Tactic.RingNF.elabRingNFConv took 0.00336ms
interpretation of Mathlib.Tactic.Module._aux_Mathlib_Tactic_Module___elabRules_Mathlib_Tactic_Module_tacticMatch_scalars_1 took 0.00515ms
interpretation of Mathlib.Tactic.Module._aux_Mathlib_Tactic_Module___elabRules_Mathlib_Tactic_Module_tacticModule_1 took 0.00443ms
interpretation of Mathlib.Tactic.Algebra._aux_Mathlib_Tactic_Algebra_Basic___elabRules_Mathlib_Tactic_Algebra_algebra_1 took 0.00529ms
interpretation of Mathlib.Tactic.Algebra._aux_Mathlib_Tactic_Algebra_Basic___elabRules_Mathlib_Tactic_Algebra_algebraWith_1 took 0.00568ms
interpretation of Mathlib.Tactic.ModuleNF._aux_Mathlib_Tactic_ModuleNF___elabRules_Mathlib_Tactic_ModuleNF_moduleNF_1 took 0.00487ms
interpretation of Mathlib.Tactic._aux_Mathlib_Tactic_Algebraize___elabRules_Mathlib_Tactic_tacticAlgebraize___1 took 0.0057ms
interpretation of _aux_Mathlib_Tactic_Assume___elabRules_assume_1 took 0.0039ms
interpretation of _aux_Mathlib_Tactic_Bound___elabRules_tacticBound[_]_1 took 0.00424ms
interpretation of Mathlib.Tactic._aux_Mathlib_Tactic_Cases___elabRules_Mathlib_Tactic_induction'_1 took 0.00509ms
interpretation of Mathlib.Tactic._aux_Mathlib_Tactic_Cases___elabRules_Mathlib_Tactic_cases'_1 took 0.00506ms
interpretation of Mathlib.Tactic.Bicategory._aux_Mathlib_Tactic_CategoryTheory_Bicategory_PureCoherence___elabRules_Mathlib_Tactic_Bicategory_tacticBicategory_coherence_1 took 0.0071ms
interpretation of Mathlib.Tactic.Bicategory._aux_Mathlib_Tactic_CategoryTheory_Bicategory_Basic___elabRules_Mathlib_Tactic_Bicategory_tacticBicategory_nf_1 took 0.0371ms
interpretation of Mathlib.Tactic.Bicategory._aux_Mathlib_Tactic_CategoryTheory_Bicategory_Basic___elabRules_Mathlib_Tactic_Bicategory_tacticBicategory_1 took 0.00711ms
interpretation of Mathlib.Tactic.BicategoryCoherence._aux_Mathlib_Tactic_CategoryTheory_BicategoryCoherence___elabRules_Mathlib_Tactic_BicategoryCoherence_whisker_simps_1 took 0.00667ms
interpretation of Mathlib.Tactic.CheckCompositions._aux_Mathlib_Tactic_CategoryTheory_CheckCompositions___elabRules_Mathlib_Tactic_CheckCompositions_tacticCheck_compositions_1 took 0.00563ms
interpretation of Mathlib.Tactic.Coherence._aux_Mathlib_Tactic_CategoryTheory_Coherence___elabRules_Mathlib_Tactic_Coherence_pure_coherence_1 took 0.00642ms
interpretation of Mathlib.Tactic.Coherence._aux_Mathlib_Tactic_CategoryTheory_Coherence___elabRules_Mathlib_Tactic_Coherence_pure_coherence_internal_1 took 0.00573ms
interpretation of Mathlib.Tactic.Coherence._aux_Mathlib_Tactic_CategoryTheory_Coherence___elabRules_Mathlib_Tactic_Coherence_liftable_prefixes_1 took 0.00508ms
interpretation of Mathlib.Tactic.Coherence._aux_Mathlib_Tactic_CategoryTheory_Coherence___elabRules_Mathlib_Tactic_Coherence_monoidal_simps_1 took 0.00521ms
interpretation of Mathlib.Tactic.Coherence._aux_Mathlib_Tactic_CategoryTheory_Coherence___elabRules_Mathlib_Tactic_Coherence_coherence_1 took 0.00449ms
interpretation of Mathlib.Tactic.Monoidal._aux_Mathlib_Tactic_CategoryTheory_Monoidal_PureCoherence___elabRules_Mathlib_Tactic_Monoidal_tacticMonoidal_coherence_1 took 0.00619ms
interpretation of Mathlib.Tactic.Monoidal._aux_Mathlib_Tactic_CategoryTheory_Monoidal_Basic___elabRules_Mathlib_Tactic_Monoidal_tacticMonoidal_nf_1 took 0.00563ms
interpretation of Mathlib.Tactic.Monoidal._aux_Mathlib_Tactic_CategoryTheory_Monoidal_Basic___elabRules_Mathlib_Tactic_Monoidal_tacticMonoidal_1 took 0.0047ms
interpretation of _aux_Mathlib_Tactic_Change___elabRules_change?_1 took 0.00426ms
interpretation of Mathlib.Tactic.FieldSimp._aux_Mathlib_Tactic_FieldSimp_Discharger___elabRules_Mathlib_Tactic_FieldSimp_tacticField_simp_discharge_1 took 0.00511ms
interpretation of Mathlib.Tactic.FieldSimp._aux_Mathlib_Tactic_FieldSimp___elabRules_Mathlib_Tactic_FieldSimp_fieldSimp_1 took 0.00558ms
interpretation of Mathlib.Tactic.FieldSimp._aux_Mathlib_Tactic_FieldSimp___elabRules_Mathlib_Tactic_FieldSimp_convField_simp___1 took 0.00488ms
interpretation of Mathlib.Tactic.FieldSimp._aux_Mathlib_Tactic_Field___elabRules_Mathlib_Tactic_FieldSimp_field_1 took 0.00475ms
interpretation of Mathlib.Tactic._aux_Mathlib_Order_Filter_Defs___elabRules_Mathlib_Tactic_filterUpwards_1 took 0.00643ms
interpretation of Mathlib.Tactic.TautoSet._aux_Mathlib_Tactic_TautoSet___elabRules_Mathlib_Tactic_TautoSet_specialize_all_1 took 0.00467ms
interpretation of Mathlib.Tactic.Order._aux_Mathlib_Tactic_Order___elabRules__private_Mathlib_Tactic_Order_0_Mathlib_Tactic_Order_order_core_1 took 0.00615ms
interpretation of Mathlib.Tactic.MfldSetTac._aux_Mathlib_Logic_Equiv_PartialEquiv___elabRules_Mathlib_Tactic_MfldSetTac_mfldSetTac_1 took 0.00713ms
interpretation of Mathlib.Tactic.ENatToNat._aux_Mathlib_Tactic_ENatToNat___elabRules_Mathlib_Tactic_ENatToNat_tacticCases_first_enat_1 took 0.00547ms
interpretation of Mathlib.Tactic.LinearCombination._aux_Mathlib_Tactic_LinearCombination___elabRules_Mathlib_Tactic_LinearCombination_linearCombination_1 took 0.00573ms
interpretation of Mathlib.Tactic.Peel._aux_Mathlib_Tactic_Peel___elabRules_Mathlib_Tactic_Peel_peel_1 took 0.00591ms
interpretation of Mathlib.Tactic.ComputeDegree._aux_Mathlib_Tactic_ComputeDegree___elabRules_Mathlib_Tactic_ComputeDegree_computeDegree_1 took 0.00688ms
interpretation of _aux_Mathlib_LinearAlgebra_Dual_Basis___elabRules_tacticUse_finite_instance_1 took 0.00466ms
interpretation of Mathlib.Tactic._aux_Mathlib_Tactic_IntervalCases___elabRules_Mathlib_Tactic_intervalCases_1 took 0.00473ms
interpretation of _aux_Mathlib_Tactic_Generalize___elabRules_tacticGeneralize'_:_=__1 took 0.00363ms
interpretation of Mathlib.Tactic._aux_Mathlib_Tactic_Have___elabRules_Mathlib_Tactic_tacticHave__1 took 0.00573ms
interpretation of Mathlib.Tactic._aux_Mathlib_Tactic_Have___elabRules_Mathlib_Tactic_tacticSuffices__1 took 0.00443ms
interpretation of Mathlib.Tactic._aux_Mathlib_Tactic_Have___elabRules_Mathlib_Tactic_tacticLet__1 took 0.00405ms
interpretation of Mathlib.Tactic.ITauto._aux_Mathlib_Tactic_ITauto___elabRules_Mathlib_Tactic_ITauto_itauto_1 took 0.00574ms
interpretation of Inclusion._aux_Mathlib_Tactic_Inclusion_Core_Elab___elabRules_Inclusion_inclusion_1 took 0.00464ms
interpretation of Inclusion._aux_Mathlib_Tactic_Inclusion_Core_Elab___elabRules_Inclusion_inclusion?_1 took 0.00429ms
interpretation of Mathlib.Tactic.LinearCombinationPrime._aux_Mathlib_Tactic_LinearCombinationPrime___elabRules_Mathlib_Tactic_LinearCombinationPrime_linearCombination'_1 took 0.00664ms
interpretation of Mathlib.Tactic.LinearCombinationPrime._aux_Mathlib_Tactic_LinearCombinationPrime___elabRules_Mathlib_Tactic_LinearCombinationPrime_tacticLinear_combination2_____1 took 0.00589ms
interpretation of Mathlib.Tactic.ModCases._aux_Mathlib_Tactic_ModCases___elabRules_Mathlib_Tactic_ModCases_tacticMod_cases_:_%__1 took 0.00556ms
interpretation of Mathlib.Tactic.Monotonicity._aux_Mathlib_Tactic_Monotonicity_Basic___elabRules_Mathlib_Tactic_Monotonicity_mono_1 took 0.00577ms
interpretation of Mathlib.MoveAdd._aux_Mathlib_Tactic_MoveAdd___elabRules_Mathlib_MoveAdd_moveOperTac_1 took 0.00671ms
interpretation of Mathlib.MoveAdd._aux_Mathlib_Tactic_MoveAdd___elabRules_Mathlib_MoveAdd_tacticMove_add__1 took 0.0043ms
interpretation of Mathlib.MoveAdd._aux_Mathlib_Tactic_MoveAdd___elabRules_Mathlib_MoveAdd_tacticMove_mul__1 took 0.00437ms
interpretation of _aux_Mathlib_Tactic_NormRank___elabRules_evalRank_1 took 0.00436ms
interpretation of Mathlib.Tactic.PNatToNat._aux_Mathlib_Tactic_PNatToNat___elabRules_Mathlib_Tactic_PNatToNat_tacticPnat_positivity_1 took 0.0051ms
interpretation of Mathlib.Tactic.Polynomial._aux_Mathlib_Tactic_Polynomial_Basic___elabRules_Mathlib_Tactic_Polynomial_polynomial_1 took 0.00559ms
interpretation of Mathlib.Tactic.Polynomial._aux_Mathlib_Tactic_Polynomial_Basic___elabRules_Mathlib_Tactic_Polynomial_polynomialNF_1 took 0.00473ms
interpretation of Mathlib.Tactic.Polyrith._aux_Mathlib_Tactic_Polyrith___elabRules_Mathlib_Tactic_Polyrith_tacticPolyrithOnly[_]_1 took 0.00484ms
interpretation of Tactic.ReduceModChar._aux_Mathlib_Tactic_ReduceModChar___elabRules_Tactic_ReduceModChar_reduce_mod_char_1 took 0.00618ms
interpretation of Tactic.ReduceModChar._aux_Mathlib_Tactic_ReduceModChar___elabRules_Tactic_ReduceModChar_reduce_mod_char!_1 took 0.00478ms
interpretation of Mathlib.Tactic._aux_Mathlib_Tactic_Replace___elabRules_Mathlib_Tactic_replace'_1 took 0.00438ms
interpretation of _aux_Mathlib_Tactic_Widget_GCongr___elabRules_tacticGcongr?_1 took 0.00447ms
interpretation of Batteries.Tactic.Alias._aux_Batteries_Tactic_Alias___elabRules_Batteries_Tactic_Alias_alias_1 took 0.0066ms
interpretation of Batteries.Tactic.Alias._aux_Batteries_Tactic_Alias___elabRules_Batteries_Tactic_Alias_aliasLR_1 took 0.00376ms
interpretation of Lean.Linter._aux_Lean_Linter_Sets___elabRules_Lean_Linter_command_Register_linter_set_:=__1 took 0.00539ms
interpretation of _aux_Mathlib_Tactic_AdaptationNote___elabRules_adaptationNoteCmd_1 took 0.00564ms
interpretation of Mathlib.Linter.UnusedTactic._aux_Mathlib_Tactic_Linter_UnusedTacticExtension___elabRules_Mathlib_Linter_UnusedTactic_command#allow_unused_tactic!____1 took 0.121ms
interpretation of Mathlib.Linter.UnusedTactic._aux_Mathlib_Tactic_Linter_UnusedTacticExtension___elabRules_Mathlib_Linter_UnusedTactic_command#show_kind__1 took 0.00549ms
interpretation of Mathlib.Command.MinImports._aux_Mathlib_Tactic_MinImports___elabRules_Mathlib_Command_MinImports_minImpsStx_1 took 0.00668ms
interpretation of Mathlib.Command.MinImports._aux_Mathlib_Tactic_MinImports___elabRules_Mathlib_Command_MinImports_command#min_importsIn__1 took 0.00543ms
interpretation of Mathlib.GuardExceptions._aux_Mathlib_Util_ParseCommand___elabRules_Mathlib_GuardExceptions_parseCmd_1 took 0.00442ms
interpretation of Batteries.Util.LibraryNote._aux_Batteries_Util_LibraryNote___elabRules_Batteries_Util_LibraryNote_commandLibrary_note____1 took 0.00558ms
interpretation of Batteries.Tactic._aux_Batteries_Tactic_HelpCmd___elabRules_Batteries_Tactic_command#help_Option____1 took 0.00577ms
interpretation of Batteries.Tactic._aux_Batteries_Tactic_HelpCmd___elabRules_Batteries_Tactic_command#help_AttrAttribute____1 took 0.00424ms
interpretation of Batteries.Tactic._aux_Batteries_Tactic_HelpCmd___elabRules_Batteries_Tactic_command#help_Cats____1 took 0.006ms
interpretation of Batteries.Tactic._aux_Batteries_Tactic_HelpCmd___elabRules_Batteries_Tactic_command#help_Cat+_______1 took 0.00425ms
interpretation of Batteries.Tactic._aux_Batteries_Tactic_HelpCmd___elabRules_Batteries_Tactic_command#help_Note____1 took 0.00447ms
interpretation of elabTheoremWanted took 0.00568ms
interpretation of elabProofWanted took 0.0037ms
interpretation of elabDefWanted took 0.00432ms
interpretation of elabInstanceWanted took 0.00432ms
interpretation of _aux_ImportGraph_Tools_FindHome___elabRules_command#find_home!__1 took 0.0131ms
interpretation of _aux_ImportGraph_Tools_ImportDiff___elabRules_command#import_diff__1 took 0.00542ms
interpretation of _aux_ImportGraph_Tools_MinImports___elabRules_command#min_imports_1 took 0.00494ms
interpretation of _aux_ImportGraph_Tools_MinImports___elabRules_command#minimize_imports_1 took 0.00388ms
interpretation of _aux_ImportGraph_Tools_RedundantImports___elabRules_command#redundant_imports_1 took 0.0046ms
interpretation of Lean.Elab.Command.elabOpenPrivate took 0.00439ms
interpretation of Lean.Elab.Command.elabExportPrivate took 0.00416ms
interpretation of Batteries.Tactic.Lint._aux_Batteries_Tactic_Lint_Frontend___elabRules_Batteries_Tactic_Lint_command#lint+-*Only____1 took 0.00665ms
interpretation of Batteries.Tactic.Lint._aux_Batteries_Tactic_Lint_Frontend___elabRules_Batteries_Tactic_Lint_command#list_linters_1 took 0.00622ms
interpretation of Mathlib.Tactic.ToAdditive._aux_Mathlib_Tactic_Translate_ToAdditive___elabRules_Mathlib_Tactic_ToAdditive_commandInsert_to_additive_translation___1 took 0.00623ms
interpretation of Mathlib.Tactic.ToAdditive._aux_Mathlib_Tactic_Translate_ToAdditive___elabRules_Mathlib_Tactic_ToAdditive_commandTo_additive_name_hint___1 took 0.00527ms
interpretation of Mathlib.Tactic.MkIff._aux_Mathlib_Tactic_MkIffOfInductiveProp___elabRules_Mathlib_Tactic_MkIff_mkIffOfInductiveProp_1 took 0.00575ms
interpretation of Simps.elabInitializeSimpsProjections took 0.00569ms
interpretation of Mathlib.CrossRef._aux_Mathlib_Tactic_CrossRefAttribute___elabRules_Mathlib_CrossRef_stacksTags_1 took 0.00528ms
interpretation of Mathlib.CrossRef._aux_Mathlib_Tactic_CrossRefAttribute___elabRules_Mathlib_CrossRef_kerodonTags_1 took 0.00428ms
interpretation of Mathlib.CrossRef._aux_Mathlib_Tactic_CrossRefAttribute___elabRules_Mathlib_CrossRef_wikidataTags_1 took 0.00597ms
interpretation of Mathlib.CrossRef._aux_Mathlib_Tactic_CrossRefAttribute___elabRules_Mathlib_CrossRef_lmfdbTags_1 took 0.00432ms
interpretation of Mathlib.CrossRef._aux_Mathlib_Tactic_CrossRefAttribute___elabRules_Mathlib_CrossRef_pibaseTags_1 took 0.00416ms
interpretation of Mathlib.CrossRef._aux_Mathlib_Tactic_CrossRefAttribute___elabRules_Mathlib_CrossRef_dlmfTags_1 took 0.00363ms
interpretation of Mathlib.Tactic.ToDual._aux_Mathlib_Tactic_Translate_ToDual___elabRules_Mathlib_Tactic_ToDual_commandTo_dual_insert_cast_:=__1 took 0.00729ms
interpretation of Mathlib.Tactic.ToDual._aux_Mathlib_Tactic_Translate_ToDual___elabRules_Mathlib_Tactic_ToDual_commandTo_dual_insert_cast_fun_:=_,__1 took 0.00599ms
interpretation of Mathlib.Tactic.ToDual._aux_Mathlib_Tactic_Translate_ToDual___elabRules_Mathlib_Tactic_ToDual_commandInsert_to_dual_translation___1 took 0.00543ms
interpretation of Mathlib.Tactic.ToDual._aux_Mathlib_Tactic_Translate_ToDual___elabRules_Mathlib_Tactic_ToDual_commandTo_dual_name_hint__,,_1 took 0.00593ms
interpretation of Mathlib.Tactic.ExtendDocs._aux_Mathlib_Tactic_ExtendDoc___elabRules_Mathlib_Tactic_ExtendDocs_commandExtend_docs__Before__After__1 took 0.00626ms
interpretation of Aesop.Frontend.Parser._aux_Aesop_Frontend_Command___elabRules_Aesop_Frontend_Parser_declareRuleSets_1 took 0.0063ms
interpretation of Aesop.Frontend.Parser._aux_Aesop_Frontend_Command___elabRules_Aesop_Frontend_Parser_addRules_1 took 0.00497ms
interpretation of Aesop.Frontend.Parser._aux_Aesop_Frontend_Command___elabRules_Aesop_Frontend_Parser_eraseRules_1 took 0.00425ms
interpretation of Aesop.Frontend.Parser._aux_Aesop_Frontend_Command___elabRules_Aesop_Frontend_Parser_showRules_1 took 0.00564ms
interpretation of Aesop.Frontend.Parser._aux_Aesop_Frontend_Command___elabRules_Aesop_Frontend_Parser_showStats_1 took 0.00501ms
interpretation of Lean.Elab.Command._aux_Mathlib_Util_WithWeakNamespace___elabRules_Lean_Elab_Command_commandWith_weak_namespace___1 took 0.00495ms
interpretation of Mathlib.Notation3._aux_Mathlib_Util_Notation3___elabRules_Mathlib_Notation3_notation3_1 took 0.00564ms
interpretation of Plausible._aux_Plausible_Sampleable___elabRules_Plausible_command#sample__1 took 0.00532ms
interpretation of LeanSearchClient.leanSearchCommandImpl took 0.00562ms
interpretation of LeanSearchClient.searchCommandImpl took 0.00462ms
interpretation of LeanSearchClient.loogleCmdImpl took 0.00501ms
interpretation of LeanSearchClient.justLoogleCmdImpl took 0.00468ms
interpretation of Mathlib.Tactic.elabVariables took 0.00614ms
interpretation of Mathlib.Tactic.Conv._aux_Mathlib_Tactic_Conv___elabRules_Mathlib_Tactic_Conv_command#conv_=>__1 took 0.00615ms
interpretation of Mathlib.Tactic.Push.elabPushTree took 0.00556ms
interpretation of Mathlib.Tactic._aux_Mathlib_Tactic_Check___elabRules_Mathlib_Tactic_command#check'__1 took 0.00477ms
interpretation of Lean.Widget.elabShowPanelWidgetsCmd took 0.00525ms
interpretation of Lean.Widget.elabWidgetCmd took 0.00346ms
interpretation of Mathlib.Tactic.Hint._aux_Mathlib_Tactic_Hint___elabRules_Mathlib_Tactic_Hint_registerHintStx_1 took 0.00564ms
interpretation of Mathlib.Tactic.ClickSuggestions._aux_Mathlib_Tactic_ClickSuggestions_Unfold___elabRules_Mathlib_Tactic_ClickSuggestions_command#unfold?__1 took 0.00534ms
interpretation of Mathlib.Tactic.ClickSuggestions._aux_Mathlib_Tactic_ClickSuggestions___elabRules_Mathlib_Tactic_ClickSuggestions_command#click_suggestions_1 took 0.00705ms
interpretation of Mathlib.Tactic.DefEqAbuse._aux_Mathlib_Tactic_DefEqAbuse___elabRules_Mathlib_Tactic_DefEqAbuse_defeqAbuseCmd_1 took 0.00521ms
interpretation of Mathlib.Tactic.DeprecateTo._aux_Mathlib_Tactic_DeprecateTo___elabRules_Mathlib_Tactic_DeprecateTo_commandDeprecateTo_______1 took 0.00607ms
interpretation of Mathlib.Tactic.Find._aux_Mathlib_Tactic_Find___elabRules_Mathlib_Tactic_Find_command#find__1 took 0.624ms
interpretation of Mathlib.Meta.FunProp._aux_Mathlib_Tactic_FunProp_Elab___elabRules_Mathlib_Meta_FunProp_command#print_fun_prop_theorems___1 took 0.0115ms
interpretation of Lean.Elab.Command._aux_Mathlib_Tactic_IrreducibleDef___elabRules__private_Mathlib_Tactic_IrreducibleDef_0_Lean_Elab_Command_commandStop_at_first_error___1 took 0.00802ms
interpretation of Lean.Elab.Command._aux_Mathlib_Tactic_IrreducibleDef___elabRules_Lean_Elab_Command_command_Irreducible_def_____1 took 0.00418ms
interpretation of Mathlib.Linter._aux_Mathlib_Tactic_Linter_MinImports___elabRules_Mathlib_Linter_command#reset_min_imports_1 took 0.00653ms
interpretation of _aux_Mathlib_Tactic_SudoSetOption___elabRules_commandSudoSet_option____1 took 0.00434ms
interpretation of Lean.Elab.Command._aux_Mathlib_Tactic_UnsetOption___elabRules_Lean_Elab_Command_unsetOption_1 took 0.00538ms
interpretation of Mathlib.Command.Variable.elabVariables took 0.00516ms
interpretation of Mathlib.Tactic.LibraryRewrite.elabrw??Command took 0.00565ms
interpretation of Mathlib.CountHeartbeats._aux_Mathlib_Util_CountHeartbeats___elabRules_Mathlib_CountHeartbeats_command#count_heartbeatsApproximatelyIn___1 took 0.00573ms
interpretation of Mathlib.CountHeartbeats._aux_Mathlib_Util_CountHeartbeats___elabRules_Mathlib_CountHeartbeats_commandGuard_min_heartbeatsApproximately_In___1 took 0.00603ms
interpretation of Mathlib.CountHeartbeats._aux_Mathlib_Util_CountHeartbeats___elabRules_Mathlib_CountHeartbeats_command#count_heartbeats!_In___1 took 0.00413ms
interpretation of Mathlib.PrintSorries._aux_Mathlib_Util_PrintSorries___elabRules_Mathlib_PrintSorries_printSorriesStx_1 took 0.00594ms
interpretation of Mathlib.PrintSorries._aux_Mathlib_Util_PrintSorries___elabRules_Mathlib_PrintSorries_command#printSorriesIn__1 took 0.00503ms
interpretation of _aux_Mathlib_Util_TransImports___elabRules_transImportsStx_1 took 0.00427ms
interpretation of Mathlib.WhatsNew._aux_Mathlib_Util_WhatsNew___elabRules_Mathlib_WhatsNew_command#whats_newIn___1 took 0.00633ms
interpretation of Mathlib.Util._aux_Mathlib_Util_CompileInductive___elabRules_Mathlib_Util_commandCompile_def%__1 took 0.00727ms
interpretation of Mathlib.Util._aux_Mathlib_Util_CompileInductive___elabRules_Mathlib_Util_commandCompile_inductive%__1 took 0.00688ms
interpretation of Mathlib.Explode._aux_Mathlib_Tactic_Explode___elabRules_Mathlib_Explode_command#explode__1 took 0.0061ms
interpretation of Mathlib.FindSyntax._aux_Mathlib_Tactic_FindSyntax___elabRules_Mathlib_FindSyntax_command#find_syntax_Approx_1 took 0.00606ms
interpretation of Mathlib.Tactic._aux_Mathlib_Tactic_Linter_FindDeprecations___elabRules_Mathlib_Tactic_command#clear_deprecations___Really_1 took 0.00805ms
interpretation of Mathlib.Tactic.Recall._aux_Mathlib_Tactic_Recall___elabRules_Mathlib_Tactic_Recall_recall?_1 took 0.00561ms
interpretation of Mathlib.Tactic.Recall._aux_Mathlib_Tactic_Recall___elabRules_Mathlib_Tactic_Recall_recall_1 took 0.00413ms
interpretation of Mathlib.Tactic.elabNameVariablesOver took 0.0053ms
interpretation of Mathlib.Tactic.elabNamePowerSeriesVariablesOver took 0.00397ms
interpretation of Mathlib.Tactic.Sat._aux_Mathlib_Tactic_Sat_FromLRAT___elabRules_Mathlib_Tactic_Sat_commandLrat_proof_Example_____1 took 0.00631ms
interpretation of ProofWidgets.HtmlCommand.elabHtmlCmd took 0.00568ms
interpretation of Mathlib.Tactic.Widget.elabStringDiagramCmd took 0.00432ms
interpretation of Mathlib.Command.Variable.ignorevariable? took 0.00565ms
interpretation of Batteries.CodeAction.instanceStub took 0.00595ms
interpretation of Batteries.CodeAction.eqnStub took 0.00615ms
interpretation of Batteries.CodeAction.startTacticStub took 0.00401ms
interpretation of Batteries.CodeAction.matchExpand took 0.00469ms
interpretation of _private.Batteries.Tactic.Lint.Basic.0.Batteries.Tactic.Lint.initFn._lam_1._@.Batteries.Tactic.Lint.Basic.880347739._hygCtx._hyg.2._boxed took 1.99ms
interpretation of _private.Mathlib.Tactic.Linter.UnusedTacticExtension.0.Mathlib.Linter.UnusedTactic.initFn._lam_1._@.Mathlib.Tactic.Linter.UnusedTacticExtension.2679548081._hygCtx._hyg.2._boxed took 4.36ms
interpretation of linarithToGrindRegressions took 0.119ms
interpretation of linter.tacticAnalysis.regressions.linarithToGrind took 0.00255ms
interpretation of ringToGrindRegressions took 0.0595ms
interpretation of linter.tacticAnalysis.regressions.ringToGrind took 0.0016ms
interpretation of omegaToLiaRegressions took 0.0586ms
interpretation of linter.tacticAnalysis.regressions.omegaToLia took 0.00154ms
interpretation of omegaToLia took 0.0326ms
interpretation of linter.tacticAnalysis.omegaToLia took 0.00132ms
interpretation of Mathlib.TacticAnalysis.rwaSuggestion took 0.014ms
interpretation of linter.tacticAnalysis.rwaSuggestion took 0.00141ms
interpretation of Mathlib.TacticAnalysis.rwMerge took 0.0515ms
interpretation of linter.tacticAnalysis.rwMerge took 0.00139ms
interpretation of Mathlib.TacticAnalysis.mergeWithGrind took 0.0418ms
interpretation of linter.tacticAnalysis.mergeWithGrind took 0.00193ms
interpretation of Mathlib.TacticAnalysis.terminalToGrind took 0.0137ms
interpretation of linter.tacticAnalysis.terminalToGrind took 0.0017ms
interpretation of tryAtEachStepGrind took 0.0247ms
interpretation of linter.tacticAnalysis.tryAtEachStepGrind took 0.00126ms
interpretation of tryAtEachStepSimpAll took 0.0218ms
interpretation of linter.tacticAnalysis.tryAtEachStepSimpAll took 0.0015ms
interpretation of tryAtEachStepAesop took 0.0195ms
interpretation of linter.tacticAnalysis.tryAtEachStepAesop took 0.0012ms
interpretation of tryAtEachStepGrindSuggestions took 0.0189ms
interpretation of linter.tacticAnalysis.tryAtEachStepGrindSuggestions took 0.00165ms
interpretation of tryAtEachStepSimpAllSuggestions took 0.0204ms
interpretation of linter.tacticAnalysis.tryAtEachStepSimpAllSuggestions took 0.00134ms
interpretation of tryAtEachStepFromEnv took 0.0134ms
interpretation of linter.tacticAnalysis.tryAtEachStepFromEnv took 0.00173ms
interpretation of Mathlib.TacticAnalysis.introMerge took 0.045ms
interpretation of linter.tacticAnalysis.introMerge took 0.00158ms
interpretation of verifyGrind took 0.0255ms
interpretation of linter.tacticAnalysis.verifyGrind took 0.00144ms
interpretation of verifyGrindSuggestions took 0.0224ms
interpretation of linter.tacticAnalysis.verifyGrindSuggestions took 0.00135ms
interpretation of verifyGrindOnly took 0.0189ms
interpretation of linter.tacticAnalysis.verifyGrindOnly took 0.00117ms
interpretation of tautoToGrind took 0.0467ms
interpretation of linter.tacticAnalysis.tautoToGrind took 0.00177ms
interpretation of tautoToGrindRegressions took 0.0392ms
interpretation of linter.tacticAnalysis.regressions.tautoToGrind took 0.00116ms
interpretation of _private.Mathlib.Tactic.TacticAnalysis.0.Mathlib.TacticAnalysis.initFn._lam_4._@.Mathlib.Tactic.TacticAnalysis.358552301._hygCtx._hyg.2._boxed took 2.16ms
interpretation of _private.Batteries.Util.LibraryNote.0.Batteries.Util.LibraryNote.initFn._lam_1._@.Batteries.Util.LibraryNote.1081991270._hygCtx._hyg.2._boxed took 1.44ms
interpretation of _private.Batteries.Util.ProofWanted.0.initFn._lam_1._@.Batteries.Util.ProofWanted.2313051376._hygCtx._hyg.2._boxed took 0.0158ms
interpretation of _private.Batteries.Util.ProofWanted.0.initFn._lam_1._@.Batteries.Util.ProofWanted.3080469459._hygCtx._hyg.2._boxed took 0.00395ms
interpretation of _private.Batteries.Tactic.Trans.0.Batteries.Tactic.initFn._lam_1._@.Batteries.Tactic.Trans.3788219280._hygCtx._hyg.2 took 0.142ms
interpretation of _private.Batteries.Tactic.Trans.0.Batteries.Tactic.initFn._lam_1._@.Batteries.Tactic.Trans.3788219280._hygCtx._hyg.2 took 0.0303ms
interpretation of _private.Batteries.Tactic.Trans.0.Batteries.Tactic.initFn._lam_1._@.Batteries.Tactic.Trans.3788219280._hygCtx._hyg.2 took 0.00912ms
interpretation of _private.Batteries.Tactic.Trans.0.Batteries.Tactic.initFn._lam_1._@.Batteries.Tactic.Trans.3788219280._hygCtx._hyg.2 took 0.00766ms
interpretation of _private.Batteries.Tactic.Trans.0.Batteries.Tactic.initFn._lam_1._@.Batteries.Tactic.Trans.3788219280._hygCtx._hyg.2 took 0.012ms
interpretation of _private.Batteries.Tactic.Trans.0.Batteries.Tactic.initFn._lam_1._@.Batteries.Tactic.Trans.3788219280._hygCtx._hyg.2 took 0.0108ms
interpretation of _private.Batteries.Tactic.Trans.0.Batteries.Tactic.initFn._lam_1._@.Batteries.Tactic.Trans.3788219280._hygCtx._hyg.2 took 0.014ms
interpretation of _private.Batteries.Tactic.Trans.0.Batteries.Tactic.initFn._lam_1._@.Batteries.Tactic.Trans.3788219280._hygCtx._hyg.2 took 0.00966ms
interpretation of _private.Batteries.Tactic.Trans.0.Batteries.Tactic.initFn._lam_1._@.Batteries.Tactic.Trans.3788219280._hygCtx._hyg.2 took 0.00911ms
interpretation of _private.Batteries.Tactic.Trans.0.Batteries.Tactic.initFn._lam_1._@.Batteries.Tactic.Trans.3788219280._hygCtx._hyg.2 took 0.137ms
interpretation of _private.Batteries.Tactic.Trans.0.Batteries.Tactic.initFn._lam_1._@.Batteries.Tactic.Trans.3788219280._hygCtx._hyg.2 took 0.00938ms
interpretation of _private.Batteries.Tactic.Trans.0.Batteries.Tactic.initFn._lam_1._@.Batteries.Tactic.Trans.3788219280._hygCtx._hyg.2 took 0.00975ms
interpretation of _private.Batteries.Tactic.Trans.0.Batteries.Tactic.initFn._lam_1._@.Batteries.Tactic.Trans.3788219280._hygCtx._hyg.2 took 0.00772ms
interpretation of _private.Batteries.Tactic.Trans.0.Batteries.Tactic.initFn._lam_1._@.Batteries.Tactic.Trans.3788219280._hygCtx._hyg.2 took 0.00745ms
interpretation of _private.Batteries.Tactic.Trans.0.Batteries.Tactic.initFn._lam_1._@.Batteries.Tactic.Trans.3788219280._hygCtx._hyg.2 took 0.0247ms
interpretation of _private.Batteries.Tactic.Trans.0.Batteries.Tactic.initFn._lam_1._@.Batteries.Tactic.Trans.3788219280._hygCtx._hyg.2 took 0.00924ms
interpretation of _private.Batteries.Tactic.Trans.0.Batteries.Tactic.initFn._lam_1._@.Batteries.Tactic.Trans.3788219280._hygCtx._hyg.2 took 0.00881ms
interpretation of _private.Batteries.Tactic.Trans.0.Batteries.Tactic.initFn._lam_1._@.Batteries.Tactic.Trans.3788219280._hygCtx._hyg.2 took 0.00735ms
interpretation of _private.Batteries.Tactic.Trans.0.Batteries.Tactic.initFn._lam_1._@.Batteries.Tactic.Trans.3788219280._hygCtx._hyg.2 took 0.00792ms
interpretation of _private.Batteries.Tactic.Trans.0.Batteries.Tactic.initFn._lam_1._@.Batteries.Tactic.Trans.3788219280._hygCtx._hyg.2 took 0.0069ms
interpretation of _private.Batteries.Tactic.Trans.0.Batteries.Tactic.initFn._lam_1._@.Batteries.Tactic.Trans.3788219280._hygCtx._hyg.2 took 0.00784ms
interpretation of _private.Batteries.Tactic.Trans.0.Batteries.Tactic.initFn._lam_1._@.Batteries.Tactic.Trans.3788219280._hygCtx._hyg.2 took 0.083ms
interpretation of _private.Batteries.Tactic.Trans.0.Batteries.Tactic.initFn._lam_1._@.Batteries.Tactic.Trans.3788219280._hygCtx._hyg.2 took 0.0081ms
interpretation of _private.Batteries.Tactic.Trans.0.Batteries.Tactic.initFn._lam_1._@.Batteries.Tactic.Trans.3788219280._hygCtx._hyg.2 took 0.0186ms
interpretation of _private.Batteries.Tactic.Trans.0.Batteries.Tactic.initFn._lam_1._@.Batteries.Tactic.Trans.3788219280._hygCtx._hyg.2 took 0.00875ms
interpretation of _private.Batteries.Tactic.Trans.0.Batteries.Tactic.initFn._lam_1._@.Batteries.Tactic.Trans.3788219280._hygCtx._hyg.2 took 0.00741ms
interpretation of _private.Batteries.Tactic.Trans.0.Batteries.Tactic.initFn._lam_1._@.Batteries.Tactic.Trans.3788219280._hygCtx._hyg.2 took 0.0074ms
interpretation of _private.Batteries.Tactic.Trans.0.Batteries.Tactic.initFn._lam_1._@.Batteries.Tactic.Trans.3788219280._hygCtx._hyg.2 took 0.0164ms
interpretation of _private.Batteries.Tactic.Trans.0.Batteries.Tactic.initFn._lam_1._@.Batteries.Tactic.Trans.3788219280._hygCtx._hyg.2 took 0.00766ms
interpretation of _private.Batteries.Tactic.Trans.0.Batteries.Tactic.initFn._lam_1._@.Batteries.Tactic.Trans.3788219280._hygCtx._hyg.2 took 0.00741ms
interpretation of _private.Batteries.Tactic.Trans.0.Batteries.Tactic.initFn._lam_1._@.Batteries.Tactic.Trans.3788219280._hygCtx._hyg.2 took 0.00829ms
interpretation of _private.Batteries.Tactic.Trans.0.Batteries.Tactic.initFn._lam_1._@.Batteries.Tactic.Trans.3788219280._hygCtx._hyg.2 took 0.00826ms
interpretation of _private.Batteries.Tactic.Trans.0.Batteries.Tactic.initFn._lam_1._@.Batteries.Tactic.Trans.3788219280._hygCtx._hyg.2 took 0.0166ms
interpretation of _private.Batteries.Tactic.Trans.0.Batteries.Tactic.initFn._lam_1._@.Batteries.Tactic.Trans.3788219280._hygCtx._hyg.2 took 0.0547ms
interpretation of _private.Batteries.Tactic.Trans.0.Batteries.Tactic.initFn._lam_1._@.Batteries.Tactic.Trans.3788219280._hygCtx._hyg.2 took 0.0253ms
interpretation of _private.Batteries.Tactic.Trans.0.Batteries.Tactic.initFn._lam_1._@.Batteries.Tactic.Trans.3788219280._hygCtx._hyg.2 took 0.00921ms
interpretation of _private.Batteries.Tactic.Trans.0.Batteries.Tactic.initFn._lam_1._@.Batteries.Tactic.Trans.3788219280._hygCtx._hyg.2 took 0.00751ms
interpretation of _private.Batteries.Tactic.Trans.0.Batteries.Tactic.initFn._lam_1._@.Batteries.Tactic.Trans.3788219280._hygCtx._hyg.2 took 0.00833ms
interpretation of _private.Batteries.Tactic.Trans.0.Batteries.Tactic.initFn._lam_1._@.Batteries.Tactic.Trans.3788219280._hygCtx._hyg.2 took 0.00827ms
interpretation of _private.Batteries.Tactic.Trans.0.Batteries.Tactic.initFn._lam_1._@.Batteries.Tactic.Trans.3788219280._hygCtx._hyg.2 took 0.00703ms
interpretation of _private.Batteries.Tactic.Trans.0.Batteries.Tactic.initFn._lam_1._@.Batteries.Tactic.Trans.3788219280._hygCtx._hyg.2 took 0.00762ms
interpretation of _private.Batteries.Tactic.Trans.0.Batteries.Tactic.initFn._lam_1._@.Batteries.Tactic.Trans.3788219280._hygCtx._hyg.2 took 0.00798ms
interpretation of _private.Batteries.Tactic.Trans.0.Batteries.Tactic.initFn._lam_1._@.Batteries.Tactic.Trans.3788219280._hygCtx._hyg.2 took 0.051ms
interpretation of _private.Batteries.Tactic.Trans.0.Batteries.Tactic.initFn._lam_1._@.Batteries.Tactic.Trans.3788219280._hygCtx._hyg.2 took 0.0284ms
interpretation of _private.Batteries.Tactic.Trans.0.Batteries.Tactic.initFn._lam_1._@.Batteries.Tactic.Trans.3788219280._hygCtx._hyg.2 took 0.00883ms
interpretation of _private.Batteries.Tactic.Trans.0.Batteries.Tactic.initFn._lam_1._@.Batteries.Tactic.Trans.3788219280._hygCtx._hyg.2 took 0.00997ms
interpretation of _private.Batteries.Tactic.Trans.0.Batteries.Tactic.initFn._lam_1._@.Batteries.Tactic.Trans.3788219280._hygCtx._hyg.2 took 0.0072ms
interpretation of _private.Batteries.Tactic.Trans.0.Batteries.Tactic.initFn._lam_1._@.Batteries.Tactic.Trans.3788219280._hygCtx._hyg.2 took 0.0155ms
interpretation of _private.Batteries.Tactic.Trans.0.Batteries.Tactic.initFn._lam_1._@.Batteries.Tactic.Trans.3788219280._hygCtx._hyg.2 took 0.00867ms
interpretation of _private.Batteries.Tactic.Trans.0.Batteries.Tactic.initFn._lam_1._@.Batteries.Tactic.Trans.3788219280._hygCtx._hyg.2 took 0.0151ms
interpretation of _private.Batteries.Tactic.Trans.0.Batteries.Tactic.initFn._lam_1._@.Batteries.Tactic.Trans.3788219280._hygCtx._hyg.2 took 0.00906ms
interpretation of _private.Batteries.Tactic.Trans.0.Batteries.Tactic.initFn._lam_1._@.Batteries.Tactic.Trans.3788219280._hygCtx._hyg.2 took 0.00719ms
interpretation of _private.Batteries.Tactic.Trans.0.Batteries.Tactic.initFn._lam_1._@.Batteries.Tactic.Trans.3788219280._hygCtx._hyg.2 took 0.0413ms
interpretation of _private.Batteries.Tactic.Trans.0.Batteries.Tactic.initFn._lam_1._@.Batteries.Tactic.Trans.3788219280._hygCtx._hyg.2 took 0.0248ms
interpretation of _private.Batteries.Tactic.Trans.0.Batteries.Tactic.initFn._lam_1._@.Batteries.Tactic.Trans.3788219280._hygCtx._hyg.2 took 0.0275ms
interpretation of _private.Batteries.Tactic.Trans.0.Batteries.Tactic.initFn._lam_1._@.Batteries.Tactic.Trans.3788219280._hygCtx._hyg.2 took 0.0227ms
interpretation of _private.Batteries.Tactic.Trans.0.Batteries.Tactic.initFn._lam_1._@.Batteries.Tactic.Trans.3788219280._hygCtx._hyg.2 took 0.0221ms
interpretation of _private.Batteries.Tactic.Trans.0.Batteries.Tactic.initFn._lam_1._@.Batteries.Tactic.Trans.3788219280._hygCtx._hyg.2 took 0.0222ms
interpretation of _private.Batteries.Tactic.Trans.0.Batteries.Tactic.initFn._lam_1._@.Batteries.Tactic.Trans.3788219280._hygCtx._hyg.2 took 0.0171ms
interpretation of _private.Batteries.Tactic.Trans.0.Batteries.Tactic.initFn._lam_1._@.Batteries.Tactic.Trans.3788219280._hygCtx._hyg.2 took 0.00852ms
interpretation of _private.Batteries.Tactic.Trans.0.Batteries.Tactic.initFn._lam_1._@.Batteries.Tactic.Trans.3788219280._hygCtx._hyg.2 took 0.00834ms
interpretation of _private.Batteries.Tactic.Trans.0.Batteries.Tactic.initFn._lam_1._@.Batteries.Tactic.Trans.3788219280._hygCtx._hyg.2 took 0.0277ms
interpretation of _private.Batteries.Tactic.Trans.0.Batteries.Tactic.initFn._lam_1._@.Batteries.Tactic.Trans.3788219280._hygCtx._hyg.2 took 0.0076ms
interpretation of _private.Batteries.Tactic.Trans.0.Batteries.Tactic.initFn._lam_1._@.Batteries.Tactic.Trans.3788219280._hygCtx._hyg.2 took 0.00822ms
interpretation of _private.Batteries.Tactic.Trans.0.Batteries.Tactic.initFn._lam_1._@.Batteries.Tactic.Trans.3788219280._hygCtx._hyg.2 took 0.00818ms
interpretation of _private.Batteries.Tactic.Trans.0.Batteries.Tactic.initFn._lam_1._@.Batteries.Tactic.Trans.3788219280._hygCtx._hyg.2 took 0.00847ms
interpretation of _private.Batteries.Tactic.Trans.0.Batteries.Tactic.initFn._lam_1._@.Batteries.Tactic.Trans.3788219280._hygCtx._hyg.2 took 0.00858ms
interpretation of _private.Batteries.Tactic.Trans.0.Batteries.Tactic.initFn._lam_1._@.Batteries.Tactic.Trans.3788219280._hygCtx._hyg.2 took 0.0283ms
interpretation of _private.Batteries.Tactic.Trans.0.Batteries.Tactic.initFn._lam_1._@.Batteries.Tactic.Trans.3788219280._hygCtx._hyg.2 took 0.0257ms
interpretation of _private.Batteries.Tactic.Trans.0.Batteries.Tactic.initFn._lam_1._@.Batteries.Tactic.Trans.3788219280._hygCtx._hyg.2 took 0.0262ms
interpretation of _private.Batteries.Tactic.Trans.0.Batteries.Tactic.initFn._lam_1._@.Batteries.Tactic.Trans.3788219280._hygCtx._hyg.2 took 0.026ms
interpretation of _private.Batteries.Tactic.Trans.0.Batteries.Tactic.initFn._lam_1._@.Batteries.Tactic.Trans.3788219280._hygCtx._hyg.2 took 0.0243ms
interpretation of _private.Batteries.Tactic.Trans.0.Batteries.Tactic.initFn._lam_1._@.Batteries.Tactic.Trans.3788219280._hygCtx._hyg.2 took 0.0244ms
interpretation of _private.Batteries.Tactic.Trans.0.Batteries.Tactic.initFn._lam_1._@.Batteries.Tactic.Trans.3788219280._hygCtx._hyg.2 took 0.00735ms
interpretation of _private.Batteries.Tactic.Trans.0.Batteries.Tactic.initFn._lam_1._@.Batteries.Tactic.Trans.3788219280._hygCtx._hyg.2 took 0.0257ms
interpretation of _private.Batteries.Tactic.Trans.0.Batteries.Tactic.initFn._lam_1._@.Batteries.Tactic.Trans.3788219280._hygCtx._hyg.2 took 0.0239ms
interpretation of _private.Batteries.Tactic.Trans.0.Batteries.Tactic.initFn._lam_1._@.Batteries.Tactic.Trans.3788219280._hygCtx._hyg.2 took 0.00859ms
interpretation of _private.Batteries.Tactic.Trans.0.Batteries.Tactic.initFn._lam_1._@.Batteries.Tactic.Trans.3788219280._hygCtx._hyg.2 took 0.024ms
interpretation of _private.Batteries.Tactic.Trans.0.Batteries.Tactic.initFn._lam_1._@.Batteries.Tactic.Trans.3788219280._hygCtx._hyg.2 took 0.0233ms
interpretation of _private.Batteries.Tactic.Trans.0.Batteries.Tactic.initFn._lam_1._@.Batteries.Tactic.Trans.3788219280._hygCtx._hyg.2 took 0.0225ms
interpretation of _private.Batteries.Tactic.Trans.0.Batteries.Tactic.initFn._lam_1._@.Batteries.Tactic.Trans.3788219280._hygCtx._hyg.2 took 0.0266ms
interpretation of _private.Batteries.Tactic.Trans.0.Batteries.Tactic.initFn._lam_1._@.Batteries.Tactic.Trans.3788219280._hygCtx._hyg.2 took 0.0261ms
interpretation of _private.Batteries.Tactic.Trans.0.Batteries.Tactic.initFn._lam_1._@.Batteries.Tactic.Trans.3788219280._hygCtx._hyg.2 took 0.0491ms
interpretation of _private.Batteries.Tactic.Trans.0.Batteries.Tactic.initFn._lam_1._@.Batteries.Tactic.Trans.3788219280._hygCtx._hyg.2 took 0.0476ms
interpretation of _private.Batteries.Tactic.Trans.0.Batteries.Tactic.initFn._lam_1._@.Batteries.Tactic.Trans.3788219280._hygCtx._hyg.2 took 0.0266ms
interpretation of _private.Batteries.Tactic.Trans.0.Batteries.Tactic.initFn._lam_1._@.Batteries.Tactic.Trans.3788219280._hygCtx._hyg.2 took 0.0256ms
interpretation of _private.Batteries.Tactic.Trans.0.Batteries.Tactic.initFn._lam_1._@.Batteries.Tactic.Trans.3788219280._hygCtx._hyg.2 took 0.00924ms
interpretation of _private.Batteries.Tactic.Trans.0.Batteries.Tactic.initFn._lam_1._@.Batteries.Tactic.Trans.3788219280._hygCtx._hyg.2 took 0.00897ms
interpretation of _private.Batteries.Tactic.Trans.0.Batteries.Tactic.initFn._lam_1._@.Batteries.Tactic.Trans.3788219280._hygCtx._hyg.2 took 0.0164ms
interpretation of _private.Batteries.Tactic.Trans.0.Batteries.Tactic.initFn._lam_1._@.Batteries.Tactic.Trans.3788219280._hygCtx._hyg.2 took 0.0437ms
interpretation of _private.Batteries.Tactic.Trans.0.Batteries.Tactic.initFn._lam_1._@.Batteries.Tactic.Trans.3788219280._hygCtx._hyg.2 took 0.0104ms
interpretation of _private.Batteries.Tactic.Trans.0.Batteries.Tactic.initFn._lam_1._@.Batteries.Tactic.Trans.3788219280._hygCtx._hyg.2 took 0.0155ms
interpretation of _private.Batteries.Tactic.Trans.0.Batteries.Tactic.initFn._lam_1._@.Batteries.Tactic.Trans.3788219280._hygCtx._hyg.2 took 0.0152ms
interpretation of _private.Batteries.Tactic.Trans.0.Batteries.Tactic.initFn._lam_1._@.Batteries.Tactic.Trans.3788219280._hygCtx._hyg.2 took 0.0377ms
interpretation of _private.Batteries.Tactic.Trans.0.Batteries.Tactic.initFn._lam_2._@.Batteries.Tactic.Trans.3788219280._hygCtx._hyg.2._boxed took 0.00619ms
interpretation of Lean.registerNameMapExtension._redArg._lam_4 took 0.00795ms
interpretation of Lean.registerNameMapExtension._redArg._lam_4 took 0.00156ms
interpretation of Lean.registerNameMapExtension._redArg._lam_4 took 0.000993ms
interpretation of Lean.registerNameMapExtension._redArg._lam_4 took 0.00102ms
interpretation of Lean.registerNameMapExtension._redArg._lam_4 took 0.00105ms
interpretation of Lean.registerNameMapExtension._redArg._lam_4 took 0.0011ms
interpretation of _private.Mathlib.Tactic.Push.Attr.0.Mathlib.Tactic.Push.initFn._lam_1._@.Mathlib.Tactic.Push.Attr.1668288364._hygCtx._hyg.2 took 0.0429ms
interpretation of _private.Mathlib.Tactic.Push.Attr.0.Mathlib.Tactic.Push.initFn._lam_1._@.Mathlib.Tactic.Push.Attr.1668288364._hygCtx._hyg.2 took 0.0768ms
interpretation of _private.Mathlib.Tactic.Push.Attr.0.Mathlib.Tactic.Push.initFn._lam_1._@.Mathlib.Tactic.Push.Attr.1668288364._hygCtx._hyg.2 took 0.00907ms
interpretation of _private.Mathlib.Tactic.Push.Attr.0.Mathlib.Tactic.Push.initFn._lam_1._@.Mathlib.Tactic.Push.Attr.1668288364._hygCtx._hyg.2 took 0.0527ms
interpretation of _private.Mathlib.Tactic.Push.Attr.0.Mathlib.Tactic.Push.initFn._lam_1._@.Mathlib.Tactic.Push.Attr.1668288364._hygCtx._hyg.2 took 0.0125ms
interpretation of _private.Mathlib.Tactic.Push.Attr.0.Mathlib.Tactic.Push.initFn._lam_1._@.Mathlib.Tactic.Push.Attr.1668288364._hygCtx._hyg.2 took 0.0115ms
interpretation of _private.Mathlib.Tactic.Push.Attr.0.Mathlib.Tactic.Push.initFn._lam_1._@.Mathlib.Tactic.Push.Attr.1668288364._hygCtx._hyg.2 took 0.0116ms
interpretation of _private.Mathlib.Tactic.Push.Attr.0.Mathlib.Tactic.Push.initFn._lam_1._@.Mathlib.Tactic.Push.Attr.1668288364._hygCtx._hyg.2 took 0.0113ms
interpretation of _private.Mathlib.Tactic.Push.Attr.0.Mathlib.Tactic.Push.initFn._lam_1._@.Mathlib.Tactic.Push.Attr.1668288364._hygCtx._hyg.2 took 0.0117ms
interpretation of _private.Mathlib.Tactic.Push.Attr.0.Mathlib.Tactic.Push.initFn._lam_1._@.Mathlib.Tactic.Push.Attr.1668288364._hygCtx._hyg.2 took 0.0121ms
interpretation of _private.Mathlib.Tactic.Push.Attr.0.Mathlib.Tactic.Push.initFn._lam_1._@.Mathlib.Tactic.Push.Attr.1668288364._hygCtx._hyg.2 took 0.0122ms
interpretation of _private.Mathlib.Tactic.Push.Attr.0.Mathlib.Tactic.Push.initFn._lam_1._@.Mathlib.Tactic.Push.Attr.1668288364._hygCtx._hyg.2 took 0.0131ms
interpretation of _private.Mathlib.Tactic.Push.Attr.0.Mathlib.Tactic.Push.initFn._lam_1._@.Mathlib.Tactic.Push.Attr.1668288364._hygCtx._hyg.2 took 0.0126ms
interpretation of _private.Mathlib.Tactic.Push.Attr.0.Mathlib.Tactic.Push.initFn._lam_1._@.Mathlib.Tactic.Push.Attr.1668288364._hygCtx._hyg.2 took 0.013ms
interpretation of _private.Mathlib.Tactic.Push.Attr.0.Mathlib.Tactic.Push.initFn._lam_1._@.Mathlib.Tactic.Push.Attr.1668288364._hygCtx._hyg.2 took 0.0373ms
interpretation of _private.Mathlib.Tactic.Push.Attr.0.Mathlib.Tactic.Push.initFn._lam_1._@.Mathlib.Tactic.Push.Attr.1668288364._hygCtx._hyg.2 took 0.0196ms
interpretation of _private.Mathlib.Tactic.Push.Attr.0.Mathlib.Tactic.Push.initFn._lam_1._@.Mathlib.Tactic.Push.Attr.1668288364._hygCtx._hyg.2 took 0.0143ms
interpretation of _private.Mathlib.Tactic.Push.Attr.0.Mathlib.Tactic.Push.initFn._lam_1._@.Mathlib.Tactic.Push.Attr.1668288364._hygCtx._hyg.2 took 0.0197ms
interpretation of _private.Mathlib.Tactic.Push.Attr.0.Mathlib.Tactic.Push.initFn._lam_1._@.Mathlib.Tactic.Push.Attr.1668288364._hygCtx._hyg.2 took 0.0188ms
interpretation of _private.Mathlib.Tactic.Push.Attr.0.Mathlib.Tactic.Push.initFn._lam_1._@.Mathlib.Tactic.Push.Attr.1668288364._hygCtx._hyg.2 took 0.0157ms
interpretation of _private.Mathlib.Tactic.Push.Attr.0.Mathlib.Tactic.Push.initFn._lam_1._@.Mathlib.Tactic.Push.Attr.1668288364._hygCtx._hyg.2 took 0.0186ms
interpretation of _private.Mathlib.Tactic.Push.Attr.0.Mathlib.Tactic.Push.initFn._lam_1._@.Mathlib.Tactic.Push.Attr.1668288364._hygCtx._hyg.2 took 0.018ms
interpretation of _private.Mathlib.Tactic.Push.Attr.0.Mathlib.Tactic.Push.initFn._lam_1._@.Mathlib.Tactic.Push.Attr.1668288364._hygCtx._hyg.2 took 0.0176ms
interpretation of _private.Mathlib.Tactic.Push.Attr.0.Mathlib.Tactic.Push.initFn._lam_1._@.Mathlib.Tactic.Push.Attr.1668288364._hygCtx._hyg.2 took 0.018ms
interpretation of _private.Mathlib.Tactic.Push.Attr.0.Mathlib.Tactic.Push.initFn._lam_1._@.Mathlib.Tactic.Push.Attr.1668288364._hygCtx._hyg.2 took 0.0171ms
interpretation of _private.Mathlib.Tactic.Push.Attr.0.Mathlib.Tactic.Push.initFn._lam_1._@.Mathlib.Tactic.Push.Attr.1668288364._hygCtx._hyg.2 took 0.0076ms
interpretation of _private.Mathlib.Tactic.Push.Attr.0.Mathlib.Tactic.Push.initFn._lam_1._@.Mathlib.Tactic.Push.Attr.1668288364._hygCtx._hyg.2 took 0.0504ms
interpretation of _private.Mathlib.Tactic.Push.Attr.0.Mathlib.Tactic.Push.initFn._lam_1._@.Mathlib.Tactic.Push.Attr.1668288364._hygCtx._hyg.2 took 0.0164ms
interpretation of _private.Mathlib.Tactic.Push.Attr.0.Mathlib.Tactic.Push.initFn._lam_1._@.Mathlib.Tactic.Push.Attr.1668288364._hygCtx._hyg.2 took 0.0159ms
interpretation of _private.Mathlib.Tactic.Push.Attr.0.Mathlib.Tactic.Push.initFn._lam_1._@.Mathlib.Tactic.Push.Attr.1668288364._hygCtx._hyg.2 took 0.0162ms
interpretation of _private.Mathlib.Tactic.Push.Attr.0.Mathlib.Tactic.Push.initFn._lam_1._@.Mathlib.Tactic.Push.Attr.1668288364._hygCtx._hyg.2 took 0.0161ms
interpretation of _private.Mathlib.Tactic.Push.Attr.0.Mathlib.Tactic.Push.initFn._lam_1._@.Mathlib.Tactic.Push.Attr.1668288364._hygCtx._hyg.2 took 0.0165ms
interpretation of _private.Mathlib.Tactic.Push.Attr.0.Mathlib.Tactic.Push.initFn._lam_1._@.Mathlib.Tactic.Push.Attr.1668288364._hygCtx._hyg.2 took 0.00777ms
interpretation of _private.Mathlib.Tactic.Push.Attr.0.Mathlib.Tactic.Push.initFn._lam_1._@.Mathlib.Tactic.Push.Attr.1668288364._hygCtx._hyg.2 took 0.0174ms
interpretation of _private.Mathlib.Tactic.Push.Attr.0.Mathlib.Tactic.Push.initFn._lam_1._@.Mathlib.Tactic.Push.Attr.1668288364._hygCtx._hyg.2 took 0.0167ms
interpretation of _private.Mathlib.Tactic.Push.Attr.0.Mathlib.Tactic.Push.initFn._lam_1._@.Mathlib.Tactic.Push.Attr.1668288364._hygCtx._hyg.2 took 0.0168ms
interpretation of _private.Mathlib.Tactic.Push.Attr.0.Mathlib.Tactic.Push.initFn._lam_1._@.Mathlib.Tactic.Push.Attr.1668288364._hygCtx._hyg.2 took 0.0173ms
interpretation of _private.Mathlib.Tactic.Push.Attr.0.Mathlib.Tactic.Push.initFn._lam_1._@.Mathlib.Tactic.Push.Attr.1668288364._hygCtx._hyg.2 took 0.0171ms
interpretation of _private.Mathlib.Tactic.Push.Attr.0.Mathlib.Tactic.Push.initFn._lam_1._@.Mathlib.Tactic.Push.Attr.1668288364._hygCtx._hyg.2 took 0.00744ms
interpretation of _private.Mathlib.Tactic.Push.Attr.0.Mathlib.Tactic.Push.initFn._lam_1._@.Mathlib.Tactic.Push.Attr.1668288364._hygCtx._hyg.2 took 0.0104ms
interpretation of _private.Mathlib.Tactic.Push.Attr.0.Mathlib.Tactic.Push.initFn._lam_1._@.Mathlib.Tactic.Push.Attr.1668288364._hygCtx._hyg.2 took 0.0163ms
interpretation of _private.Mathlib.Tactic.Push.Attr.0.Mathlib.Tactic.Push.initFn._lam_1._@.Mathlib.Tactic.Push.Attr.1668288364._hygCtx._hyg.2 took 0.0153ms
interpretation of _private.Mathlib.Tactic.Push.Attr.0.Mathlib.Tactic.Push.initFn._lam_1._@.Mathlib.Tactic.Push.Attr.1668288364._hygCtx._hyg.2 took 0.0159ms
interpretation of _private.Mathlib.Tactic.Push.Attr.0.Mathlib.Tactic.Push.initFn._lam_1._@.Mathlib.Tactic.Push.Attr.1668288364._hygCtx._hyg.2 took 0.0167ms
interpretation of _private.Mathlib.Tactic.Push.Attr.0.Mathlib.Tactic.Push.initFn._lam_1._@.Mathlib.Tactic.Push.Attr.1668288364._hygCtx._hyg.2 took 0.0402ms
interpretation of _private.Mathlib.Tactic.Push.Attr.0.Mathlib.Tactic.Push.initFn._lam_1._@.Mathlib.Tactic.Push.Attr.1668288364._hygCtx._hyg.2 took 0.0148ms
interpretation of _private.Mathlib.Tactic.Push.Attr.0.Mathlib.Tactic.Push.initFn._lam_1._@.Mathlib.Tactic.Push.Attr.1668288364._hygCtx._hyg.2 took 0.0224ms
interpretation of _private.Mathlib.Tactic.Push.Attr.0.Mathlib.Tactic.Push.initFn._lam_1._@.Mathlib.Tactic.Push.Attr.1668288364._hygCtx._hyg.2 took 0.019ms
interpretation of _private.Mathlib.Tactic.Push.Attr.0.Mathlib.Tactic.Push.initFn._lam_1._@.Mathlib.Tactic.Push.Attr.1668288364._hygCtx._hyg.2 took 0.0202ms
interpretation of _private.Mathlib.Tactic.Push.Attr.0.Mathlib.Tactic.Push.initFn._lam_1._@.Mathlib.Tactic.Push.Attr.1668288364._hygCtx._hyg.2 took 0.0208ms
interpretation of _private.Mathlib.Tactic.Push.Attr.0.Mathlib.Tactic.Push.initFn._lam_1._@.Mathlib.Tactic.Push.Attr.1668288364._hygCtx._hyg.2 took 0.0177ms
interpretation of _private.Mathlib.Tactic.Push.Attr.0.Mathlib.Tactic.Push.initFn._lam_1._@.Mathlib.Tactic.Push.Attr.1668288364._hygCtx._hyg.2 took 0.017ms
interpretation of _private.Mathlib.Tactic.Push.Attr.0.Mathlib.Tactic.Push.initFn._lam_1._@.Mathlib.Tactic.Push.Attr.1668288364._hygCtx._hyg.2 took 0.0197ms
interpretation of _private.Mathlib.Tactic.Push.Attr.0.Mathlib.Tactic.Push.initFn._lam_1._@.Mathlib.Tactic.Push.Attr.1668288364._hygCtx._hyg.2 took 0.00993ms
interpretation of _private.Mathlib.Tactic.Push.Attr.0.Mathlib.Tactic.Push.initFn._lam_1._@.Mathlib.Tactic.Push.Attr.1668288364._hygCtx._hyg.2 took 0.025ms
interpretation of _private.Mathlib.Tactic.Push.Attr.0.Mathlib.Tactic.Push.initFn._lam_1._@.Mathlib.Tactic.Push.Attr.1668288364._hygCtx._hyg.2 took 0.0241ms
interpretation of _private.Mathlib.Tactic.Push.Attr.0.Mathlib.Tactic.Push.initFn._lam_1._@.Mathlib.Tactic.Push.Attr.1668288364._hygCtx._hyg.2 took 0.0264ms
interpretation of _private.Mathlib.Tactic.Push.Attr.0.Mathlib.Tactic.Push.initFn._lam_1._@.Mathlib.Tactic.Push.Attr.1668288364._hygCtx._hyg.2 took 0.0273ms
interpretation of _private.Mathlib.Tactic.Push.Attr.0.Mathlib.Tactic.Push.initFn._lam_1._@.Mathlib.Tactic.Push.Attr.1668288364._hygCtx._hyg.2 took 0.0248ms
interpretation of _private.Mathlib.Tactic.Push.Attr.0.Mathlib.Tactic.Push.initFn._lam_1._@.Mathlib.Tactic.Push.Attr.1668288364._hygCtx._hyg.2 took 0.0197ms
interpretation of _private.Mathlib.Tactic.Push.Attr.0.Mathlib.Tactic.Push.initFn._lam_1._@.Mathlib.Tactic.Push.Attr.1668288364._hygCtx._hyg.2 took 0.0184ms
interpretation of _private.Mathlib.Tactic.Push.Attr.0.Mathlib.Tactic.Push.initFn._lam_1._@.Mathlib.Tactic.Push.Attr.1668288364._hygCtx._hyg.2 took 0.0188ms
interpretation of _private.Mathlib.Tactic.Push.Attr.0.Mathlib.Tactic.Push.initFn._lam_1._@.Mathlib.Tactic.Push.Attr.1668288364._hygCtx._hyg.2 took 0.018ms
interpretation of _private.Mathlib.Tactic.Push.Attr.0.Mathlib.Tactic.Push.initFn._lam_1._@.Mathlib.Tactic.Push.Attr.1668288364._hygCtx._hyg.2 took 0.0182ms
interpretation of _private.Mathlib.Tactic.Push.Attr.0.Mathlib.Tactic.Push.initFn._lam_1._@.Mathlib.Tactic.Push.Attr.1668288364._hygCtx._hyg.2 took 0.0188ms
interpretation of _private.Mathlib.Tactic.Push.Attr.0.Mathlib.Tactic.Push.initFn._lam_1._@.Mathlib.Tactic.Push.Attr.1668288364._hygCtx._hyg.2 took 0.0221ms
interpretation of _private.Mathlib.Tactic.Push.Attr.0.Mathlib.Tactic.Push.initFn._lam_1._@.Mathlib.Tactic.Push.Attr.1668288364._hygCtx._hyg.2 took 0.0284ms
interpretation of _private.Mathlib.Tactic.Push.Attr.0.Mathlib.Tactic.Push.initFn._lam_1._@.Mathlib.Tactic.Push.Attr.1668288364._hygCtx._hyg.2 took 0.0194ms
interpretation of _private.Mathlib.Tactic.Push.Attr.0.Mathlib.Tactic.Push.initFn._lam_1._@.Mathlib.Tactic.Push.Attr.1668288364._hygCtx._hyg.2 took 0.0187ms
interpretation of _private.Mathlib.Tactic.Push.Attr.0.Mathlib.Tactic.Push.initFn._lam_1._@.Mathlib.Tactic.Push.Attr.1668288364._hygCtx._hyg.2 took 0.0288ms
interpretation of _private.Mathlib.Tactic.Push.Attr.0.Mathlib.Tactic.Push.initFn._lam_1._@.Mathlib.Tactic.Push.Attr.1668288364._hygCtx._hyg.2 took 0.023ms
interpretation of _private.Mathlib.Tactic.Push.Attr.0.Mathlib.Tactic.Push.initFn._lam_1._@.Mathlib.Tactic.Push.Attr.1668288364._hygCtx._hyg.2 took 0.0229ms
interpretation of _private.Mathlib.Tactic.Push.Attr.0.Mathlib.Tactic.Push.initFn._lam_1._@.Mathlib.Tactic.Push.Attr.1668288364._hygCtx._hyg.2 took 0.0211ms
interpretation of _private.Mathlib.Tactic.Push.Attr.0.Mathlib.Tactic.Push.initFn._lam_1._@.Mathlib.Tactic.Push.Attr.1668288364._hygCtx._hyg.2 took 0.0202ms
interpretation of _private.Mathlib.Tactic.Push.Attr.0.Mathlib.Tactic.Push.initFn._lam_1._@.Mathlib.Tactic.Push.Attr.1668288364._hygCtx._hyg.2 took 0.02ms
interpretation of _private.Mathlib.Tactic.Push.Attr.0.Mathlib.Tactic.Push.initFn._lam_1._@.Mathlib.Tactic.Push.Attr.1668288364._hygCtx._hyg.2 took 0.0198ms
interpretation of _private.Mathlib.Tactic.Push.Attr.0.Mathlib.Tactic.Push.initFn._lam_1._@.Mathlib.Tactic.Push.Attr.1668288364._hygCtx._hyg.2 took 0.0164ms
interpretation of _private.Mathlib.Tactic.Push.Attr.0.Mathlib.Tactic.Push.initFn._lam_1._@.Mathlib.Tactic.Push.Attr.1668288364._hygCtx._hyg.2 took 0.0512ms
interpretation of _private.Mathlib.Tactic.Push.Attr.0.Mathlib.Tactic.Push.initFn._lam_1._@.Mathlib.Tactic.Push.Attr.1668288364._hygCtx._hyg.2 took 0.0254ms
interpretation of _private.Mathlib.Tactic.Push.Attr.0.Mathlib.Tactic.Push.initFn._lam_1._@.Mathlib.Tactic.Push.Attr.1668288364._hygCtx._hyg.2 took 0.0272ms
interpretation of _private.Mathlib.Tactic.Push.Attr.0.Mathlib.Tactic.Push.initFn._lam_1._@.Mathlib.Tactic.Push.Attr.1668288364._hygCtx._hyg.2 took 0.0156ms
interpretation of _private.Mathlib.Tactic.Push.Attr.0.Mathlib.Tactic.Push.initFn._lam_1._@.Mathlib.Tactic.Push.Attr.1668288364._hygCtx._hyg.2 took 0.0195ms
interpretation of _private.Mathlib.Tactic.Push.Attr.0.Mathlib.Tactic.Push.initFn._lam_1._@.Mathlib.Tactic.Push.Attr.1668288364._hygCtx._hyg.2 took 0.0181ms
interpretation of _private.Mathlib.Tactic.Push.Attr.0.Mathlib.Tactic.Push.initFn._lam_1._@.Mathlib.Tactic.Push.Attr.1668288364._hygCtx._hyg.2 took 0.021ms
interpretation of _private.Mathlib.Tactic.Push.Attr.0.Mathlib.Tactic.Push.initFn._lam_1._@.Mathlib.Tactic.Push.Attr.1668288364._hygCtx._hyg.2 took 0.02ms
interpretation of _private.Mathlib.Tactic.Push.Attr.0.Mathlib.Tactic.Push.initFn._lam_1._@.Mathlib.Tactic.Push.Attr.1668288364._hygCtx._hyg.2 took 0.0207ms
interpretation of _private.Mathlib.Tactic.Push.Attr.0.Mathlib.Tactic.Push.initFn._lam_1._@.Mathlib.Tactic.Push.Attr.1668288364._hygCtx._hyg.2 took 0.0251ms
interpretation of _private.Mathlib.Tactic.Push.Attr.0.Mathlib.Tactic.Push.initFn._lam_1._@.Mathlib.Tactic.Push.Attr.1668288364._hygCtx._hyg.2 took 0.0209ms
interpretation of _private.Mathlib.Tactic.Push.Attr.0.Mathlib.Tactic.Push.initFn._lam_1._@.Mathlib.Tactic.Push.Attr.1668288364._hygCtx._hyg.2 took 0.0213ms
interpretation of _private.Mathlib.Tactic.Push.Attr.0.Mathlib.Tactic.Push.initFn._lam_1._@.Mathlib.Tactic.Push.Attr.1668288364._hygCtx._hyg.2 took 0.0185ms
interpretation of _private.Mathlib.Tactic.Push.Attr.0.Mathlib.Tactic.Push.initFn._lam_1._@.Mathlib.Tactic.Push.Attr.1668288364._hygCtx._hyg.2 took 0.0196ms
interpretation of _private.Mathlib.Tactic.Push.Attr.0.Mathlib.Tactic.Push.initFn._lam_1._@.Mathlib.Tactic.Push.Attr.1668288364._hygCtx._hyg.2 took 0.0231ms
interpretation of _private.Mathlib.Tactic.Push.Attr.0.Mathlib.Tactic.Push.initFn._lam_1._@.Mathlib.Tactic.Push.Attr.1668288364._hygCtx._hyg.2 took 0.0232ms
interpretation of _private.Mathlib.Tactic.Push.Attr.0.Mathlib.Tactic.Push.initFn._lam_1._@.Mathlib.Tactic.Push.Attr.1668288364._hygCtx._hyg.2 took 0.023ms
interpretation of _private.Mathlib.Tactic.Push.Attr.0.Mathlib.Tactic.Push.initFn._lam_1._@.Mathlib.Tactic.Push.Attr.1668288364._hygCtx._hyg.2 took 0.0168ms
interpretation of _private.Mathlib.Tactic.Push.Attr.0.Mathlib.Tactic.Push.initFn._lam_1._@.Mathlib.Tactic.Push.Attr.1668288364._hygCtx._hyg.2 took 0.024ms
interpretation of _private.Mathlib.Tactic.Push.Attr.0.Mathlib.Tactic.Push.initFn._lam_1._@.Mathlib.Tactic.Push.Attr.1668288364._hygCtx._hyg.2 took 0.0205ms
interpretation of _private.Mathlib.Tactic.Push.Attr.0.Mathlib.Tactic.Push.initFn._lam_1._@.Mathlib.Tactic.Push.Attr.1668288364._hygCtx._hyg.2 took 0.0184ms
interpretation of _private.Mathlib.Tactic.Push.Attr.0.Mathlib.Tactic.Push.initFn._lam_1._@.Mathlib.Tactic.Push.Attr.1668288364._hygCtx._hyg.2 took 0.0188ms
interpretation of _private.Mathlib.Tactic.Push.Attr.0.Mathlib.Tactic.Push.initFn._lam_1._@.Mathlib.Tactic.Push.Attr.1668288364._hygCtx._hyg.2 took 0.0209ms
interpretation of _private.Mathlib.Tactic.Push.Attr.0.Mathlib.Tactic.Push.initFn._lam_1._@.Mathlib.Tactic.Push.Attr.1668288364._hygCtx._hyg.2 took 0.0205ms
interpretation of _private.Mathlib.Tactic.Push.Attr.0.Mathlib.Tactic.Push.initFn._lam_1._@.Mathlib.Tactic.Push.Attr.1668288364._hygCtx._hyg.2 took 0.0286ms
interpretation of _private.Mathlib.Tactic.Push.Attr.0.Mathlib.Tactic.Push.initFn._lam_1._@.Mathlib.Tactic.Push.Attr.1668288364._hygCtx._hyg.2 took 0.0264ms
interpretation of _private.Mathlib.Tactic.Push.Attr.0.Mathlib.Tactic.Push.initFn._lam_1._@.Mathlib.Tactic.Push.Attr.1668288364._hygCtx._hyg.2 took 0.0312ms
interpretation of _private.Mathlib.Tactic.Push.Attr.0.Mathlib.Tactic.Push.initFn._lam_1._@.Mathlib.Tactic.Push.Attr.1668288364._hygCtx._hyg.2 took 0.0292ms
interpretation of _private.Mathlib.Tactic.Push.Attr.0.Mathlib.Tactic.Push.initFn._lam_1._@.Mathlib.Tactic.Push.Attr.1668288364._hygCtx._hyg.2 took 0.0217ms
interpretation of _private.Mathlib.Tactic.Push.Attr.0.Mathlib.Tactic.Push.initFn._lam_1._@.Mathlib.Tactic.Push.Attr.1668288364._hygCtx._hyg.2 took 0.117ms
interpretation of _private.Mathlib.Tactic.Push.Attr.0.Mathlib.Tactic.Push.initFn._lam_1._@.Mathlib.Tactic.Push.Attr.1668288364._hygCtx._hyg.2 took 0.0291ms
interpretation of _private.Mathlib.Tactic.Push.Attr.0.Mathlib.Tactic.Push.initFn._lam_1._@.Mathlib.Tactic.Push.Attr.1668288364._hygCtx._hyg.2 took 0.0231ms
interpretation of _private.Mathlib.Tactic.Push.Attr.0.Mathlib.Tactic.Push.initFn._lam_1._@.Mathlib.Tactic.Push.Attr.1668288364._hygCtx._hyg.2 took 0.0206ms
interpretation of _private.Mathlib.Tactic.Push.Attr.0.Mathlib.Tactic.Push.initFn._lam_1._@.Mathlib.Tactic.Push.Attr.1668288364._hygCtx._hyg.2 took 0.0234ms
interpretation of _private.Mathlib.Tactic.Push.Attr.0.Mathlib.Tactic.Push.initFn._lam_1._@.Mathlib.Tactic.Push.Attr.1668288364._hygCtx._hyg.2 took 0.0212ms
interpretation of _private.Mathlib.Tactic.Push.Attr.0.Mathlib.Tactic.Push.initFn._lam_1._@.Mathlib.Tactic.Push.Attr.1668288364._hygCtx._hyg.2 took 0.0229ms
interpretation of _private.Mathlib.Tactic.Push.Attr.0.Mathlib.Tactic.Push.initFn._lam_1._@.Mathlib.Tactic.Push.Attr.1668288364._hygCtx._hyg.2 took 0.0244ms
interpretation of _private.Mathlib.Tactic.Push.Attr.0.Mathlib.Tactic.Push.initFn._lam_1._@.Mathlib.Tactic.Push.Attr.1668288364._hygCtx._hyg.2 took 0.041ms
interpretation of _private.Mathlib.Tactic.Push.Attr.0.Mathlib.Tactic.Push.initFn._lam_1._@.Mathlib.Tactic.Push.Attr.1668288364._hygCtx._hyg.2 took 0.024ms
interpretation of _private.Mathlib.Tactic.Push.Attr.0.Mathlib.Tactic.Push.initFn._lam_1._@.Mathlib.Tactic.Push.Attr.1668288364._hygCtx._hyg.2 took 0.0238ms
interpretation of _private.Mathlib.Tactic.Push.Attr.0.Mathlib.Tactic.Push.initFn._lam_1._@.Mathlib.Tactic.Push.Attr.1668288364._hygCtx._hyg.2 took 0.0231ms
interpretation of _private.Mathlib.Tactic.Push.Attr.0.Mathlib.Tactic.Push.initFn._lam_1._@.Mathlib.Tactic.Push.Attr.1668288364._hygCtx._hyg.2 took 0.0302ms
interpretation of _private.Mathlib.Tactic.Push.Attr.0.Mathlib.Tactic.Push.initFn._lam_1._@.Mathlib.Tactic.Push.Attr.1668288364._hygCtx._hyg.2 took 0.0206ms
interpretation of _private.Mathlib.Tactic.Push.Attr.0.Mathlib.Tactic.Push.initFn._lam_1._@.Mathlib.Tactic.Push.Attr.1668288364._hygCtx._hyg.2 took 0.0184ms
interpretation of _private.Mathlib.Tactic.Push.Attr.0.Mathlib.Tactic.Push.initFn._lam_1._@.Mathlib.Tactic.Push.Attr.1668288364._hygCtx._hyg.2 took 0.0242ms
interpretation of _private.Mathlib.Tactic.Push.Attr.0.Mathlib.Tactic.Push.initFn._lam_1._@.Mathlib.Tactic.Push.Attr.1668288364._hygCtx._hyg.2 took 0.021ms
interpretation of _private.Mathlib.Tactic.Push.Attr.0.Mathlib.Tactic.Push.initFn._lam_1._@.Mathlib.Tactic.Push.Attr.1668288364._hygCtx._hyg.2 took 0.0185ms
interpretation of _private.Mathlib.Tactic.Push.Attr.0.Mathlib.Tactic.Push.initFn._lam_1._@.Mathlib.Tactic.Push.Attr.1668288364._hygCtx._hyg.2 took 0.0187ms
interpretation of _private.Mathlib.Tactic.Push.Attr.0.Mathlib.Tactic.Push.initFn._lam_1._@.Mathlib.Tactic.Push.Attr.1668288364._hygCtx._hyg.2 took 0.0199ms
interpretation of _private.Mathlib.Tactic.Push.Attr.0.Mathlib.Tactic.Push.initFn._lam_1._@.Mathlib.Tactic.Push.Attr.1668288364._hygCtx._hyg.2 took 0.0185ms
interpretation of _private.Mathlib.Tactic.Push.Attr.0.Mathlib.Tactic.Push.initFn._lam_1._@.Mathlib.Tactic.Push.Attr.1668288364._hygCtx._hyg.2 took 0.0181ms
interpretation of _private.Mathlib.Tactic.Push.Attr.0.Mathlib.Tactic.Push.initFn._lam_1._@.Mathlib.Tactic.Push.Attr.1668288364._hygCtx._hyg.2 took 0.0225ms
interpretation of _private.Mathlib.Tactic.Push.Attr.0.Mathlib.Tactic.Push.initFn._lam_1._@.Mathlib.Tactic.Push.Attr.1668288364._hygCtx._hyg.2 took 0.0212ms
interpretation of _private.Mathlib.Tactic.Push.Attr.0.Mathlib.Tactic.Push.initFn._lam_1._@.Mathlib.Tactic.Push.Attr.1668288364._hygCtx._hyg.2 took 0.0254ms
interpretation of _private.Mathlib.Tactic.Push.Attr.0.Mathlib.Tactic.Push.initFn._lam_1._@.Mathlib.Tactic.Push.Attr.1668288364._hygCtx._hyg.2 took 0.0276ms
interpretation of _private.Mathlib.Tactic.Push.Attr.0.Mathlib.Tactic.Push.initFn._lam_1._@.Mathlib.Tactic.Push.Attr.1668288364._hygCtx._hyg.2 took 0.0274ms
interpretation of _private.Mathlib.Tactic.Push.Attr.0.Mathlib.Tactic.Push.initFn._lam_1._@.Mathlib.Tactic.Push.Attr.1668288364._hygCtx._hyg.2 took 0.0278ms
interpretation of _private.Mathlib.Tactic.Push.Attr.0.Mathlib.Tactic.Push.initFn._lam_1._@.Mathlib.Tactic.Push.Attr.1668288364._hygCtx._hyg.2 took 0.0213ms
interpretation of _private.Mathlib.Tactic.Push.Attr.0.Mathlib.Tactic.Push.initFn._lam_1._@.Mathlib.Tactic.Push.Attr.1668288364._hygCtx._hyg.2 took 0.0211ms
interpretation of _private.Mathlib.Tactic.Push.Attr.0.Mathlib.Tactic.Push.initFn._lam_1._@.Mathlib.Tactic.Push.Attr.1668288364._hygCtx._hyg.2 took 0.0222ms
interpretation of _private.Mathlib.Tactic.Push.Attr.0.Mathlib.Tactic.Push.initFn._lam_1._@.Mathlib.Tactic.Push.Attr.1668288364._hygCtx._hyg.2 took 0.0218ms
interpretation of _private.Mathlib.Tactic.Push.Attr.0.Mathlib.Tactic.Push.initFn._lam_1._@.Mathlib.Tactic.Push.Attr.1668288364._hygCtx._hyg.2 took 0.0224ms
interpretation of _private.Mathlib.Tactic.Push.Attr.0.Mathlib.Tactic.Push.initFn._lam_1._@.Mathlib.Tactic.Push.Attr.1668288364._hygCtx._hyg.2 took 0.023ms
interpretation of _private.Mathlib.Tactic.Push.Attr.0.Mathlib.Tactic.Push.initFn._lam_1._@.Mathlib.Tactic.Push.Attr.1668288364._hygCtx._hyg.2 took 0.0228ms
interpretation of _private.Mathlib.Tactic.Push.Attr.0.Mathlib.Tactic.Push.initFn._lam_1._@.Mathlib.Tactic.Push.Attr.1668288364._hygCtx._hyg.2 took 0.0228ms
interpretation of _private.Mathlib.Tactic.Push.Attr.0.Mathlib.Tactic.Push.initFn._lam_1._@.Mathlib.Tactic.Push.Attr.1668288364._hygCtx._hyg.2 took 0.0235ms
interpretation of _private.Mathlib.Tactic.Push.Attr.0.Mathlib.Tactic.Push.initFn._lam_1._@.Mathlib.Tactic.Push.Attr.1668288364._hygCtx._hyg.2 took 0.062ms
interpretation of _private.Mathlib.Tactic.Push.Attr.0.Mathlib.Tactic.Push.initFn._lam_1._@.Mathlib.Tactic.Push.Attr.1668288364._hygCtx._hyg.2 took 0.0279ms
interpretation of _private.Mathlib.Tactic.Push.Attr.0.Mathlib.Tactic.Push.initFn._lam_1._@.Mathlib.Tactic.Push.Attr.1668288364._hygCtx._hyg.2 took 0.0278ms
interpretation of _private.Mathlib.Tactic.Push.Attr.0.Mathlib.Tactic.Push.initFn._lam_1._@.Mathlib.Tactic.Push.Attr.1668288364._hygCtx._hyg.2 took 0.0203ms
interpretation of _private.Mathlib.Tactic.Push.Attr.0.Mathlib.Tactic.Push.initFn._lam_1._@.Mathlib.Tactic.Push.Attr.1668288364._hygCtx._hyg.2 took 0.0185ms
interpretation of _private.Mathlib.Tactic.Push.Attr.0.Mathlib.Tactic.Push.initFn._lam_1._@.Mathlib.Tactic.Push.Attr.1668288364._hygCtx._hyg.2 took 0.0237ms
interpretation of _private.Mathlib.Tactic.Push.Attr.0.Mathlib.Tactic.Push.initFn._lam_1._@.Mathlib.Tactic.Push.Attr.1668288364._hygCtx._hyg.2 took 0.0236ms
interpretation of _private.Mathlib.Tactic.Push.Attr.0.Mathlib.Tactic.Push.initFn._lam_1._@.Mathlib.Tactic.Push.Attr.1668288364._hygCtx._hyg.2 took 0.0239ms
interpretation of _private.Mathlib.Tactic.Push.Attr.0.Mathlib.Tactic.Push.initFn._lam_1._@.Mathlib.Tactic.Push.Attr.1668288364._hygCtx._hyg.2 took 0.0249ms
interpretation of _private.Mathlib.Tactic.Push.Attr.0.Mathlib.Tactic.Push.initFn._lam_1._@.Mathlib.Tactic.Push.Attr.1668288364._hygCtx._hyg.2 took 0.0233ms
interpretation of _private.Mathlib.Tactic.Push.Attr.0.Mathlib.Tactic.Push.initFn._lam_1._@.Mathlib.Tactic.Push.Attr.1668288364._hygCtx._hyg.2 took 0.0212ms
interpretation of _private.Mathlib.Tactic.Push.Attr.0.Mathlib.Tactic.Push.initFn._lam_1._@.Mathlib.Tactic.Push.Attr.1668288364._hygCtx._hyg.2 took 0.0238ms
interpretation of _private.Mathlib.Tactic.Push.Attr.0.Mathlib.Tactic.Push.initFn._lam_1._@.Mathlib.Tactic.Push.Attr.1668288364._hygCtx._hyg.2 took 0.0209ms
interpretation of _private.Mathlib.Tactic.Push.Attr.0.Mathlib.Tactic.Push.initFn._lam_1._@.Mathlib.Tactic.Push.Attr.1668288364._hygCtx._hyg.2 took 0.0236ms
interpretation of _private.Mathlib.Tactic.Push.Attr.0.Mathlib.Tactic.Push.initFn._lam_1._@.Mathlib.Tactic.Push.Attr.1668288364._hygCtx._hyg.2 took 0.0238ms
interpretation of _private.Mathlib.Tactic.Push.Attr.0.Mathlib.Tactic.Push.initFn._lam_1._@.Mathlib.Tactic.Push.Attr.1668288364._hygCtx._hyg.2 took 0.0247ms
interpretation of _private.Mathlib.Tactic.Push.Attr.0.Mathlib.Tactic.Push.initFn._lam_1._@.Mathlib.Tactic.Push.Attr.1668288364._hygCtx._hyg.2 took 0.138ms
interpretation of _private.Mathlib.Tactic.Push.Attr.0.Mathlib.Tactic.Push.initFn._lam_1._@.Mathlib.Tactic.Push.Attr.1668288364._hygCtx._hyg.2 took 0.0432ms
interpretation of _private.Mathlib.Tactic.Push.Attr.0.Mathlib.Tactic.Push.initFn._lam_1._@.Mathlib.Tactic.Push.Attr.1668288364._hygCtx._hyg.2 took 0.0257ms
interpretation of _private.Mathlib.Tactic.Push.Attr.0.Mathlib.Tactic.Push.initFn._lam_1._@.Mathlib.Tactic.Push.Attr.1668288364._hygCtx._hyg.2 took 0.0251ms
interpretation of _private.Mathlib.Tactic.Push.Attr.0.Mathlib.Tactic.Push.initFn._lam_1._@.Mathlib.Tactic.Push.Attr.1668288364._hygCtx._hyg.2 took 0.00924ms
interpretation of _private.Mathlib.Tactic.Push.Attr.0.Mathlib.Tactic.Push.initFn._lam_1._@.Mathlib.Tactic.Push.Attr.1668288364._hygCtx._hyg.2 took 0.0325ms
interpretation of _private.Mathlib.Tactic.Push.Attr.0.Mathlib.Tactic.Push.initFn._lam_1._@.Mathlib.Tactic.Push.Attr.1668288364._hygCtx._hyg.2 took 0.0279ms
interpretation of _private.Mathlib.Tactic.Push.Attr.0.Mathlib.Tactic.Push.initFn._lam_1._@.Mathlib.Tactic.Push.Attr.1668288364._hygCtx._hyg.2 took 0.00924ms
interpretation of _private.Mathlib.Tactic.Push.Attr.0.Mathlib.Tactic.Push.initFn._lam_1._@.Mathlib.Tactic.Push.Attr.1668288364._hygCtx._hyg.2 took 0.128ms
interpretation of _private.Mathlib.Tactic.Push.Attr.0.Mathlib.Tactic.Push.initFn._lam_1._@.Mathlib.Tactic.Push.Attr.1668288364._hygCtx._hyg.2 took 0.0341ms
interpretation of _private.Mathlib.Tactic.Push.Attr.0.Mathlib.Tactic.Push.initFn._lam_1._@.Mathlib.Tactic.Push.Attr.1668288364._hygCtx._hyg.2 took 0.027ms
interpretation of _private.Mathlib.Tactic.Push.Attr.0.Mathlib.Tactic.Push.initFn._lam_1._@.Mathlib.Tactic.Push.Attr.1668288364._hygCtx._hyg.2 took 0.0317ms
interpretation of _private.Mathlib.Tactic.Push.Attr.0.Mathlib.Tactic.Push.initFn._lam_1._@.Mathlib.Tactic.Push.Attr.1668288364._hygCtx._hyg.2 took 0.0259ms
interpretation of _private.Mathlib.Tactic.Push.Attr.0.Mathlib.Tactic.Push.initFn._lam_1._@.Mathlib.Tactic.Push.Attr.1668288364._hygCtx._hyg.2 took 0.0287ms
interpretation of _private.Mathlib.Tactic.Push.Attr.0.Mathlib.Tactic.Push.initFn._lam_1._@.Mathlib.Tactic.Push.Attr.1668288364._hygCtx._hyg.2 took 0.0265ms
interpretation of _private.Mathlib.Tactic.Push.Attr.0.Mathlib.Tactic.Push.initFn._lam_1._@.Mathlib.Tactic.Push.Attr.1668288364._hygCtx._hyg.2 took 0.0209ms
interpretation of _private.Mathlib.Tactic.Push.Attr.0.Mathlib.Tactic.Push.initFn._lam_1._@.Mathlib.Tactic.Push.Attr.1668288364._hygCtx._hyg.2 took 0.0185ms
interpretation of _private.Mathlib.Tactic.Push.Attr.0.Mathlib.Tactic.Push.initFn._lam_1._@.Mathlib.Tactic.Push.Attr.1668288364._hygCtx._hyg.2 took 0.0183ms
interpretation of _private.Mathlib.Tactic.Push.Attr.0.Mathlib.Tactic.Push.initFn._lam_1._@.Mathlib.Tactic.Push.Attr.1668288364._hygCtx._hyg.2 took 0.0192ms
interpretation of _private.Mathlib.Tactic.Push.Attr.0.Mathlib.Tactic.Push.initFn._lam_1._@.Mathlib.Tactic.Push.Attr.1668288364._hygCtx._hyg.2 took 0.023ms
interpretation of _private.Mathlib.Tactic.Push.Attr.0.Mathlib.Tactic.Push.initFn._lam_1._@.Mathlib.Tactic.Push.Attr.1668288364._hygCtx._hyg.2 took 0.0287ms
interpretation of _private.Mathlib.Tactic.Push.Attr.0.Mathlib.Tactic.Push.initFn._lam_1._@.Mathlib.Tactic.Push.Attr.1668288364._hygCtx._hyg.2 took 0.026ms
interpretation of _private.Mathlib.Tactic.Push.Attr.0.Mathlib.Tactic.Push.initFn._lam_1._@.Mathlib.Tactic.Push.Attr.1668288364._hygCtx._hyg.2 took 0.0238ms
interpretation of _private.Mathlib.Tactic.Push.Attr.0.Mathlib.Tactic.Push.initFn._lam_1._@.Mathlib.Tactic.Push.Attr.1668288364._hygCtx._hyg.2 took 0.0304ms
interpretation of _private.Mathlib.Tactic.Push.Attr.0.Mathlib.Tactic.Push.initFn._lam_1._@.Mathlib.Tactic.Push.Attr.1668288364._hygCtx._hyg.2 took 0.0223ms
interpretation of _private.Mathlib.Tactic.Push.Attr.0.Mathlib.Tactic.Push.initFn._lam_1._@.Mathlib.Tactic.Push.Attr.1668288364._hygCtx._hyg.2 took 0.00825ms
interpretation of _private.Mathlib.Tactic.Push.Attr.0.Mathlib.Tactic.Push.initFn._lam_1._@.Mathlib.Tactic.Push.Attr.1668288364._hygCtx._hyg.2 took 0.0149ms
interpretation of _private.Mathlib.Tactic.Push.Attr.0.Mathlib.Tactic.Push.initFn._lam_1._@.Mathlib.Tactic.Push.Attr.1668288364._hygCtx._hyg.2 took 0.0171ms
interpretation of _private.Mathlib.Tactic.Push.Attr.0.Mathlib.Tactic.Push.initFn._lam_1._@.Mathlib.Tactic.Push.Attr.1668288364._hygCtx._hyg.2 took 0.0173ms
interpretation of _private.Mathlib.Tactic.Push.Attr.0.Mathlib.Tactic.Push.initFn._lam_1._@.Mathlib.Tactic.Push.Attr.1668288364._hygCtx._hyg.2 took 0.0163ms
interpretation of _private.Mathlib.Tactic.Push.Attr.0.Mathlib.Tactic.Push.initFn._lam_1._@.Mathlib.Tactic.Push.Attr.1668288364._hygCtx._hyg.2 took 0.0173ms
interpretation of _private.Mathlib.Tactic.Push.Attr.0.Mathlib.Tactic.Push.initFn._lam_1._@.Mathlib.Tactic.Push.Attr.1668288364._hygCtx._hyg.2 took 0.0177ms
interpretation of _private.Mathlib.Tactic.Push.Attr.0.Mathlib.Tactic.Push.initFn._lam_1._@.Mathlib.Tactic.Push.Attr.1668288364._hygCtx._hyg.2 took 0.0181ms
interpretation of _private.Mathlib.Tactic.Push.Attr.0.Mathlib.Tactic.Push.initFn._lam_1._@.Mathlib.Tactic.Push.Attr.1668288364._hygCtx._hyg.2 took 0.0173ms
interpretation of _private.Mathlib.Tactic.Push.Attr.0.Mathlib.Tactic.Push.initFn._lam_1._@.Mathlib.Tactic.Push.Attr.1668288364._hygCtx._hyg.2 took 0.0207ms
interpretation of _private.Mathlib.Tactic.Push.Attr.0.Mathlib.Tactic.Push.initFn._lam_1._@.Mathlib.Tactic.Push.Attr.1668288364._hygCtx._hyg.2 took 0.0173ms
interpretation of _private.Mathlib.Tactic.Push.Attr.0.Mathlib.Tactic.Push.initFn._lam_1._@.Mathlib.Tactic.Push.Attr.1668288364._hygCtx._hyg.2 took 0.0176ms
interpretation of _private.Mathlib.Tactic.Push.Attr.0.Mathlib.Tactic.Push.initFn._lam_1._@.Mathlib.Tactic.Push.Attr.1668288364._hygCtx._hyg.2 took 0.0189ms
interpretation of _private.Mathlib.Tactic.Push.Attr.0.Mathlib.Tactic.Push.initFn._lam_1._@.Mathlib.Tactic.Push.Attr.1668288364._hygCtx._hyg.2 took 0.0221ms
interpretation of _private.Mathlib.Tactic.Push.Attr.0.Mathlib.Tactic.Push.initFn._lam_1._@.Mathlib.Tactic.Push.Attr.1668288364._hygCtx._hyg.2 took 0.0267ms
interpretation of _private.Mathlib.Tactic.Push.Attr.0.Mathlib.Tactic.Push.initFn._lam_1._@.Mathlib.Tactic.Push.Attr.1668288364._hygCtx._hyg.2 took 0.0255ms
interpretation of _private.Mathlib.Tactic.Push.Attr.0.Mathlib.Tactic.Push.initFn._lam_1._@.Mathlib.Tactic.Push.Attr.1668288364._hygCtx._hyg.2 took 0.0182ms
interpretation of _private.Mathlib.Tactic.Push.Attr.0.Mathlib.Tactic.Push.initFn._lam_2._@.Mathlib.Tactic.Push.Attr.1668288364._hygCtx._hyg.2._boxed took 0.0138ms
interpretation of _private.Mathlib.Tactic.Push.Attr.0.Mathlib.Tactic.Push.initFn._lam_1._@.Mathlib.Tactic.Push.Attr.3484215244._hygCtx._hyg.2 took 0.034ms
interpretation of _private.Mathlib.Tactic.Push.Attr.0.Mathlib.Tactic.Push.initFn._lam_1._@.Mathlib.Tactic.Push.Attr.3484215244._hygCtx._hyg.2 took 0.0709ms
interpretation of _private.Mathlib.Tactic.Push.Attr.0.Mathlib.Tactic.Push.initFn._lam_1._@.Mathlib.Tactic.Push.Attr.3484215244._hygCtx._hyg.2 took 0.0096ms
interpretation of _private.Mathlib.Tactic.Push.Attr.0.Mathlib.Tactic.Push.initFn._lam_1._@.Mathlib.Tactic.Push.Attr.3484215244._hygCtx._hyg.2 took 0.00796ms
interpretation of _private.Mathlib.Tactic.Push.Attr.0.Mathlib.Tactic.Push.initFn._lam_1._@.Mathlib.Tactic.Push.Attr.3484215244._hygCtx._hyg.2 took 0.00759ms
interpretation of _private.Mathlib.Tactic.Push.Attr.0.Mathlib.Tactic.Push.initFn._lam_1._@.Mathlib.Tactic.Push.Attr.3484215244._hygCtx._hyg.2 took 0.00744ms
interpretation of _private.Mathlib.Tactic.Push.Attr.0.Mathlib.Tactic.Push.initFn._lam_1._@.Mathlib.Tactic.Push.Attr.3484215244._hygCtx._hyg.2 took 0.0109ms
interpretation of _private.Mathlib.Tactic.Push.Attr.0.Mathlib.Tactic.Push.initFn._lam_1._@.Mathlib.Tactic.Push.Attr.3484215244._hygCtx._hyg.2 took 0.00833ms
interpretation of _private.Mathlib.Tactic.Push.Attr.0.Mathlib.Tactic.Push.initFn._lam_1._@.Mathlib.Tactic.Push.Attr.3484215244._hygCtx._hyg.2 took 0.00745ms
interpretation of _private.Mathlib.Tactic.Push.Attr.0.Mathlib.Tactic.Push.initFn._lam_1._@.Mathlib.Tactic.Push.Attr.3484215244._hygCtx._hyg.2 took 0.0085ms
interpretation of _private.Mathlib.Tactic.Push.Attr.0.Mathlib.Tactic.Push.initFn._lam_1._@.Mathlib.Tactic.Push.Attr.3484215244._hygCtx._hyg.2 took 0.0076ms
interpretation of _private.Mathlib.Tactic.Push.Attr.0.Mathlib.Tactic.Push.initFn._lam_1._@.Mathlib.Tactic.Push.Attr.3484215244._hygCtx._hyg.2 took 0.00728ms
interpretation of _private.Mathlib.Tactic.Push.Attr.0.Mathlib.Tactic.Push.initFn._lam_1._@.Mathlib.Tactic.Push.Attr.3484215244._hygCtx._hyg.2 took 0.0082ms
interpretation of _private.Mathlib.Tactic.Push.Attr.0.Mathlib.Tactic.Push.initFn._lam_1._@.Mathlib.Tactic.Push.Attr.3484215244._hygCtx._hyg.2 took 0.00856ms
interpretation of _private.Mathlib.Tactic.Push.Attr.0.Mathlib.Tactic.Push.initFn._lam_1._@.Mathlib.Tactic.Push.Attr.3484215244._hygCtx._hyg.2 took 0.0221ms
interpretation of _private.Mathlib.Tactic.Push.Attr.0.Mathlib.Tactic.Push.initFn._lam_1._@.Mathlib.Tactic.Push.Attr.3484215244._hygCtx._hyg.2 took 0.0495ms
interpretation of _private.Mathlib.Tactic.Push.Attr.0.Mathlib.Tactic.Push.initFn._lam_1._@.Mathlib.Tactic.Push.Attr.3484215244._hygCtx._hyg.2 took 0.00752ms
interpretation of _private.Mathlib.Tactic.Push.Attr.0.Mathlib.Tactic.Push.initFn._lam_1._@.Mathlib.Tactic.Push.Attr.3484215244._hygCtx._hyg.2 took 0.0213ms
interpretation of _private.Mathlib.Tactic.Push.Attr.0.Mathlib.Tactic.Push.initFn._lam_1._@.Mathlib.Tactic.Push.Attr.3484215244._hygCtx._hyg.2 took 0.0189ms
interpretation of _private.Mathlib.Tactic.Push.Attr.0.Mathlib.Tactic.Push.initFn._lam_1._@.Mathlib.Tactic.Push.Attr.3484215244._hygCtx._hyg.2 took 0.0187ms
interpretation of _private.Mathlib.Tactic.Push.Attr.0.Mathlib.Tactic.Push.initFn._lam_1._@.Mathlib.Tactic.Push.Attr.3484215244._hygCtx._hyg.2 took 0.00715ms
interpretation of _private.Mathlib.Tactic.Push.Attr.0.Mathlib.Tactic.Push.initFn._lam_1._@.Mathlib.Tactic.Push.Attr.3484215244._hygCtx._hyg.2 took 0.0317ms
interpretation of _private.Mathlib.Tactic.Push.Attr.0.Mathlib.Tactic.Push.initFn._lam_1._@.Mathlib.Tactic.Push.Attr.3484215244._hygCtx._hyg.2 took 0.0205ms
interpretation of _private.Mathlib.Tactic.Push.Attr.0.Mathlib.Tactic.Push.initFn._lam_1._@.Mathlib.Tactic.Push.Attr.3484215244._hygCtx._hyg.2 took 0.0209ms
interpretation of _private.Mathlib.Tactic.Push.Attr.0.Mathlib.Tactic.Push.initFn._lam_1._@.Mathlib.Tactic.Push.Attr.3484215244._hygCtx._hyg.2 took 0.0259ms
interpretation of _private.Mathlib.Tactic.Push.Attr.0.Mathlib.Tactic.Push.initFn._lam_1._@.Mathlib.Tactic.Push.Attr.3484215244._hygCtx._hyg.2 took 0.0208ms
interpretation of _private.Mathlib.Tactic.Push.Attr.0.Mathlib.Tactic.Push.initFn._lam_1._@.Mathlib.Tactic.Push.Attr.3484215244._hygCtx._hyg.2 took 0.109ms
interpretation of _private.Mathlib.Tactic.Push.Attr.0.Mathlib.Tactic.Push.initFn._lam_1._@.Mathlib.Tactic.Push.Attr.3484215244._hygCtx._hyg.2 took 0.0341ms
interpretation of _private.Mathlib.Tactic.Push.Attr.0.Mathlib.Tactic.Push.initFn._lam_1._@.Mathlib.Tactic.Push.Attr.3484215244._hygCtx._hyg.2 took 0.0207ms
interpretation of _private.Mathlib.Tactic.Push.Attr.0.Mathlib.Tactic.Push.initFn._lam_1._@.Mathlib.Tactic.Push.Attr.3484215244._hygCtx._hyg.2 took 0.0228ms
interpretation of _private.Mathlib.Tactic.Push.Attr.0.Mathlib.Tactic.Push.initFn._lam_1._@.Mathlib.Tactic.Push.Attr.3484215244._hygCtx._hyg.2 took 0.00798ms
interpretation of _private.Mathlib.Tactic.Push.Attr.0.Mathlib.Tactic.Push.initFn._lam_1._@.Mathlib.Tactic.Push.Attr.3484215244._hygCtx._hyg.2 took 0.0079ms
interpretation of _private.Mathlib.Tactic.Push.Attr.0.Mathlib.Tactic.Push.initFn._lam_1._@.Mathlib.Tactic.Push.Attr.3484215244._hygCtx._hyg.2 took 0.00785ms
interpretation of _private.Mathlib.Tactic.Push.Attr.0.Mathlib.Tactic.Push.initFn._lam_1._@.Mathlib.Tactic.Push.Attr.3484215244._hygCtx._hyg.2 took 0.0103ms
interpretation of _private.Mathlib.Tactic.Push.Attr.0.Mathlib.Tactic.Push.initFn._lam_1._@.Mathlib.Tactic.Push.Attr.3484215244._hygCtx._hyg.2 took 0.00938ms
interpretation of _private.Mathlib.Tactic.Push.Attr.0.Mathlib.Tactic.Push.initFn._lam_1._@.Mathlib.Tactic.Push.Attr.3484215244._hygCtx._hyg.2 took 0.00752ms
interpretation of _private.Mathlib.Tactic.Push.Attr.0.Mathlib.Tactic.Push.initFn._lam_1._@.Mathlib.Tactic.Push.Attr.3484215244._hygCtx._hyg.2 took 0.00885ms
interpretation of _private.Mathlib.Tactic.Push.Attr.0.Mathlib.Tactic.Push.initFn._lam_1._@.Mathlib.Tactic.Push.Attr.3484215244._hygCtx._hyg.2 took 0.00773ms
interpretation of _private.Mathlib.Tactic.Push.Attr.0.Mathlib.Tactic.Push.initFn._lam_1._@.Mathlib.Tactic.Push.Attr.3484215244._hygCtx._hyg.2 took 0.0189ms
interpretation of _private.Mathlib.Tactic.Push.Attr.0.Mathlib.Tactic.Push.initFn._lam_1._@.Mathlib.Tactic.Push.Attr.3484215244._hygCtx._hyg.2 took 0.00927ms
interpretation of _private.Mathlib.Tactic.Push.Attr.0.Mathlib.Tactic.Push.initFn._lam_1._@.Mathlib.Tactic.Push.Attr.3484215244._hygCtx._hyg.2 took 0.00776ms
interpretation of _private.Mathlib.Tactic.Push.Attr.0.Mathlib.Tactic.Push.initFn._lam_1._@.Mathlib.Tactic.Push.Attr.3484215244._hygCtx._hyg.2 took 0.00737ms
interpretation of _private.Mathlib.Tactic.Push.Attr.0.Mathlib.Tactic.Push.initFn._lam_1._@.Mathlib.Tactic.Push.Attr.3484215244._hygCtx._hyg.2 took 0.00765ms
interpretation of _private.Mathlib.Tactic.Push.Attr.0.Mathlib.Tactic.Push.initFn._lam_1._@.Mathlib.Tactic.Push.Attr.3484215244._hygCtx._hyg.2 took 0.0457ms
interpretation of _private.Mathlib.Tactic.Push.Attr.0.Mathlib.Tactic.Push.initFn._lam_1._@.Mathlib.Tactic.Push.Attr.3484215244._hygCtx._hyg.2 took 0.0219ms
interpretation of _private.Mathlib.Tactic.Push.Attr.0.Mathlib.Tactic.Push.initFn._lam_1._@.Mathlib.Tactic.Push.Attr.3484215244._hygCtx._hyg.2 took 0.0297ms
interpretation of _private.Mathlib.Tactic.Push.Attr.0.Mathlib.Tactic.Push.initFn._lam_1._@.Mathlib.Tactic.Push.Attr.3484215244._hygCtx._hyg.2 took 0.0318ms
interpretation of _private.Mathlib.Tactic.Push.Attr.0.Mathlib.Tactic.Push.initFn._lam_1._@.Mathlib.Tactic.Push.Attr.3484215244._hygCtx._hyg.2 took 0.0187ms
interpretation of _private.Mathlib.Tactic.Push.Attr.0.Mathlib.Tactic.Push.initFn._lam_1._@.Mathlib.Tactic.Push.Attr.3484215244._hygCtx._hyg.2 took 0.0191ms
interpretation of _private.Mathlib.Tactic.Push.Attr.0.Mathlib.Tactic.Push.initFn._lam_1._@.Mathlib.Tactic.Push.Attr.3484215244._hygCtx._hyg.2 took 0.00875ms
interpretation of _private.Mathlib.Tactic.Push.Attr.0.Mathlib.Tactic.Push.initFn._lam_1._@.Mathlib.Tactic.Push.Attr.3484215244._hygCtx._hyg.2 took 0.00796ms
interpretation of _private.Mathlib.Tactic.Push.Attr.0.Mathlib.Tactic.Push.initFn._lam_1._@.Mathlib.Tactic.Push.Attr.3484215244._hygCtx._hyg.2 took 0.00954ms
interpretation of _private.Mathlib.Tactic.Push.Attr.0.Mathlib.Tactic.Push.initFn._lam_1._@.Mathlib.Tactic.Push.Attr.3484215244._hygCtx._hyg.2 took 0.00853ms
interpretation of _private.Mathlib.Tactic.Push.Attr.0.Mathlib.Tactic.Push.initFn._lam_1._@.Mathlib.Tactic.Push.Attr.3484215244._hygCtx._hyg.2 took 0.0222ms
interpretation of _private.Mathlib.Tactic.Push.Attr.0.Mathlib.Tactic.Push.initFn._lam_1._@.Mathlib.Tactic.Push.Attr.3484215244._hygCtx._hyg.2 took 0.0309ms
interpretation of _private.Mathlib.Tactic.Push.Attr.0.Mathlib.Tactic.Push.initFn._lam_1._@.Mathlib.Tactic.Push.Attr.3484215244._hygCtx._hyg.2 took 0.0217ms
interpretation of _private.Mathlib.Tactic.Push.Attr.0.Mathlib.Tactic.Push.initFn._lam_1._@.Mathlib.Tactic.Push.Attr.3484215244._hygCtx._hyg.2 took 0.0541ms
interpretation of _private.Mathlib.Tactic.Push.Attr.0.Mathlib.Tactic.Push.initFn._lam_1._@.Mathlib.Tactic.Push.Attr.3484215244._hygCtx._hyg.2 took 0.00808ms
interpretation of _private.Mathlib.Tactic.Push.Attr.0.Mathlib.Tactic.Push.initFn._lam_1._@.Mathlib.Tactic.Push.Attr.3484215244._hygCtx._hyg.2 took 0.0183ms
interpretation of _private.Mathlib.Tactic.Push.Attr.0.Mathlib.Tactic.Push.initFn._lam_1._@.Mathlib.Tactic.Push.Attr.3484215244._hygCtx._hyg.2 took 0.00788ms
interpretation of _private.Mathlib.Tactic.Push.Attr.0.Mathlib.Tactic.Push.initFn._lam_1._@.Mathlib.Tactic.Push.Attr.3484215244._hygCtx._hyg.2 took 0.0219ms
interpretation of _private.Mathlib.Tactic.Push.Attr.0.Mathlib.Tactic.Push.initFn._lam_1._@.Mathlib.Tactic.Push.Attr.3484215244._hygCtx._hyg.2 took 0.0188ms
interpretation of _private.Mathlib.Tactic.Push.Attr.0.Mathlib.Tactic.Push.initFn._lam_1._@.Mathlib.Tactic.Push.Attr.3484215244._hygCtx._hyg.2 took 0.0162ms
interpretation of _private.Mathlib.Tactic.Push.Attr.0.Mathlib.Tactic.Push.initFn._lam_1._@.Mathlib.Tactic.Push.Attr.3484215244._hygCtx._hyg.2 took 0.0205ms
interpretation of _private.Mathlib.Tactic.Push.Attr.0.Mathlib.Tactic.Push.initFn._lam_1._@.Mathlib.Tactic.Push.Attr.3484215244._hygCtx._hyg.2 took 0.0224ms
interpretation of _private.Mathlib.Tactic.Push.Attr.0.Mathlib.Tactic.Push.initFn._lam_1._@.Mathlib.Tactic.Push.Attr.3484215244._hygCtx._hyg.2 took 0.0179ms
interpretation of _private.Mathlib.Tactic.Push.Attr.0.Mathlib.Tactic.Push.initFn._lam_1._@.Mathlib.Tactic.Push.Attr.3484215244._hygCtx._hyg.2 took 0.0295ms
interpretation of _private.Mathlib.Tactic.Push.Attr.0.Mathlib.Tactic.Push.initFn._lam_1._@.Mathlib.Tactic.Push.Attr.3484215244._hygCtx._hyg.2 took 0.00881ms
interpretation of _private.Mathlib.Tactic.Push.Attr.0.Mathlib.Tactic.Push.initFn._lam_1._@.Mathlib.Tactic.Push.Attr.3484215244._hygCtx._hyg.2 took 0.0165ms
interpretation of _private.Mathlib.Tactic.Push.Attr.0.Mathlib.Tactic.Push.initFn._lam_1._@.Mathlib.Tactic.Push.Attr.3484215244._hygCtx._hyg.2 took 0.0231ms
interpretation of _private.Mathlib.Tactic.Push.Attr.0.Mathlib.Tactic.Push.initFn._lam_1._@.Mathlib.Tactic.Push.Attr.3484215244._hygCtx._hyg.2 took 0.0111ms
interpretation of _private.Mathlib.Tactic.Push.Attr.0.Mathlib.Tactic.Push.initFn._lam_1._@.Mathlib.Tactic.Push.Attr.3484215244._hygCtx._hyg.2 took 0.00742ms
interpretation of _private.Mathlib.Tactic.Push.Attr.0.Mathlib.Tactic.Push.initFn._lam_1._@.Mathlib.Tactic.Push.Attr.3484215244._hygCtx._hyg.2 took 0.00813ms
interpretation of _private.Mathlib.Tactic.Push.Attr.0.Mathlib.Tactic.Push.initFn._lam_1._@.Mathlib.Tactic.Push.Attr.3484215244._hygCtx._hyg.2 took 0.0287ms
interpretation of _private.Mathlib.Tactic.Push.Attr.0.Mathlib.Tactic.Push.initFn._lam_1._@.Mathlib.Tactic.Push.Attr.3484215244._hygCtx._hyg.2 took 0.0195ms
interpretation of _private.Mathlib.Tactic.Push.Attr.0.Mathlib.Tactic.Push.initFn._lam_1._@.Mathlib.Tactic.Push.Attr.3484215244._hygCtx._hyg.2 took 0.019ms
interpretation of _private.Mathlib.Tactic.Push.Attr.0.Mathlib.Tactic.Push.initFn._lam_1._@.Mathlib.Tactic.Push.Attr.3484215244._hygCtx._hyg.2 took 0.0104ms
interpretation of _private.Mathlib.Tactic.Push.Attr.0.Mathlib.Tactic.Push.initFn._lam_1._@.Mathlib.Tactic.Push.Attr.3484215244._hygCtx._hyg.2 took 0.016ms
interpretation of _private.Mathlib.Tactic.Push.Attr.0.Mathlib.Tactic.Push.initFn._lam_1._@.Mathlib.Tactic.Push.Attr.3484215244._hygCtx._hyg.2 took 0.00917ms
interpretation of _private.Mathlib.Tactic.Push.Attr.0.Mathlib.Tactic.Push.initFn._lam_1._@.Mathlib.Tactic.Push.Attr.3484215244._hygCtx._hyg.2 took 0.00872ms
interpretation of _private.Mathlib.Tactic.Push.Attr.0.Mathlib.Tactic.Push.initFn._lam_1._@.Mathlib.Tactic.Push.Attr.3484215244._hygCtx._hyg.2 took 0.00732ms
interpretation of _private.Mathlib.Tactic.Push.Attr.0.Mathlib.Tactic.Push.initFn._lam_1._@.Mathlib.Tactic.Push.Attr.3484215244._hygCtx._hyg.2 took 0.00856ms
interpretation of _private.Mathlib.Tactic.Push.Attr.0.Mathlib.Tactic.Push.initFn._lam_1._@.Mathlib.Tactic.Push.Attr.3484215244._hygCtx._hyg.2 took 0.00856ms
interpretation of _private.Mathlib.Tactic.Push.Attr.0.Mathlib.Tactic.Push.initFn._lam_1._@.Mathlib.Tactic.Push.Attr.3484215244._hygCtx._hyg.2 took 0.0176ms
interpretation of _private.Mathlib.Tactic.Push.Attr.0.Mathlib.Tactic.Push.initFn._lam_1._@.Mathlib.Tactic.Push.Attr.3484215244._hygCtx._hyg.2 took 0.00812ms
interpretation of _private.Mathlib.Tactic.Push.Attr.0.Mathlib.Tactic.Push.initFn._lam_1._@.Mathlib.Tactic.Push.Attr.3484215244._hygCtx._hyg.2 took 0.00863ms
interpretation of _private.Mathlib.Tactic.Push.Attr.0.Mathlib.Tactic.Push.initFn._lam_1._@.Mathlib.Tactic.Push.Attr.3484215244._hygCtx._hyg.2 took 0.00896ms
interpretation of _private.Mathlib.Tactic.Push.Attr.0.Mathlib.Tactic.Push.initFn._lam_1._@.Mathlib.Tactic.Push.Attr.3484215244._hygCtx._hyg.2 took 0.0159ms
interpretation of _private.Mathlib.Tactic.Push.Attr.0.Mathlib.Tactic.Push.initFn._lam_1._@.Mathlib.Tactic.Push.Attr.3484215244._hygCtx._hyg.2 took 0.0315ms
interpretation of _private.Mathlib.Tactic.Push.Attr.0.Mathlib.Tactic.Push.initFn._lam_1._@.Mathlib.Tactic.Push.Attr.3484215244._hygCtx._hyg.2 took 0.044ms
interpretation of _private.Mathlib.Tactic.Push.Attr.0.Mathlib.Tactic.Push.initFn._lam_1._@.Mathlib.Tactic.Push.Attr.3484215244._hygCtx._hyg.2 took 0.0227ms
interpretation of _private.Mathlib.Tactic.Push.Attr.0.Mathlib.Tactic.Push.initFn._lam_1._@.Mathlib.Tactic.Push.Attr.3484215244._hygCtx._hyg.2 took 0.0206ms
interpretation of _private.Mathlib.Tactic.Push.Attr.0.Mathlib.Tactic.Push.initFn._lam_1._@.Mathlib.Tactic.Push.Attr.3484215244._hygCtx._hyg.2 took 0.0203ms
interpretation of _private.Mathlib.Tactic.Push.Attr.0.Mathlib.Tactic.Push.initFn._lam_1._@.Mathlib.Tactic.Push.Attr.3484215244._hygCtx._hyg.2 took 0.0208ms
interpretation of _private.Mathlib.Tactic.Push.Attr.0.Mathlib.Tactic.Push.initFn._lam_1._@.Mathlib.Tactic.Push.Attr.3484215244._hygCtx._hyg.2 took 0.01ms
interpretation of _private.Mathlib.Tactic.Push.Attr.0.Mathlib.Tactic.Push.initFn._lam_1._@.Mathlib.Tactic.Push.Attr.3484215244._hygCtx._hyg.2 took 0.0168ms
interpretation of _private.Mathlib.Tactic.Push.Attr.0.Mathlib.Tactic.Push.initFn._lam_1._@.Mathlib.Tactic.Push.Attr.3484215244._hygCtx._hyg.2 took 0.0181ms
interpretation of _private.Mathlib.Tactic.Push.Attr.0.Mathlib.Tactic.Push.initFn._lam_1._@.Mathlib.Tactic.Push.Attr.3484215244._hygCtx._hyg.2 took 0.0172ms
interpretation of _private.Mathlib.Tactic.Push.Attr.0.Mathlib.Tactic.Push.initFn._lam_1._@.Mathlib.Tactic.Push.Attr.3484215244._hygCtx._hyg.2 took 0.029ms
interpretation of _private.Mathlib.Tactic.Push.Attr.0.Mathlib.Tactic.Push.initFn._lam_1._@.Mathlib.Tactic.Push.Attr.3484215244._hygCtx._hyg.2 took 0.0293ms
interpretation of _private.Mathlib.Tactic.Push.Attr.0.Mathlib.Tactic.Push.initFn._lam_1._@.Mathlib.Tactic.Push.Attr.3484215244._hygCtx._hyg.2 took 0.0164ms
interpretation of _private.Mathlib.Tactic.Push.Attr.0.Mathlib.Tactic.Push.initFn._lam_1._@.Mathlib.Tactic.Push.Attr.3484215244._hygCtx._hyg.2 took 0.0274ms
interpretation of _private.Mathlib.Tactic.Push.Attr.0.Mathlib.Tactic.Push.initFn._lam_1._@.Mathlib.Tactic.Push.Attr.3484215244._hygCtx._hyg.2 took 0.022ms
interpretation of _private.Mathlib.Tactic.Push.Attr.0.Mathlib.Tactic.Push.initFn._lam_1._@.Mathlib.Tactic.Push.Attr.3484215244._hygCtx._hyg.2 took 0.0273ms
interpretation of _private.Mathlib.Tactic.Push.Attr.0.Mathlib.Tactic.Push.initFn._lam_1._@.Mathlib.Tactic.Push.Attr.3484215244._hygCtx._hyg.2 took 0.0288ms
interpretation of _private.Mathlib.Tactic.Push.Attr.0.Mathlib.Tactic.Push.initFn._lam_1._@.Mathlib.Tactic.Push.Attr.3484215244._hygCtx._hyg.2 took 0.0207ms
interpretation of _private.Mathlib.Tactic.Push.Attr.0.Mathlib.Tactic.Push.initFn._lam_1._@.Mathlib.Tactic.Push.Attr.3484215244._hygCtx._hyg.2 took 0.0273ms
interpretation of _private.Mathlib.Tactic.Push.Attr.0.Mathlib.Tactic.Push.initFn._lam_1._@.Mathlib.Tactic.Push.Attr.3484215244._hygCtx._hyg.2 took 0.00922ms
interpretation of _private.Mathlib.Tactic.Push.Attr.0.Mathlib.Tactic.Push.initFn._lam_1._@.Mathlib.Tactic.Push.Attr.3484215244._hygCtx._hyg.2 took 0.0275ms
interpretation of _private.Mathlib.Tactic.Push.Attr.0.Mathlib.Tactic.Push.initFn._lam_1._@.Mathlib.Tactic.Push.Attr.3484215244._hygCtx._hyg.2 took 0.0412ms
interpretation of _private.Mathlib.Tactic.Push.Attr.0.Mathlib.Tactic.Push.initFn._lam_1._@.Mathlib.Tactic.Push.Attr.3484215244._hygCtx._hyg.2 took 0.0201ms
interpretation of _private.Mathlib.Tactic.Push.Attr.0.Mathlib.Tactic.Push.initFn._lam_1._@.Mathlib.Tactic.Push.Attr.3484215244._hygCtx._hyg.2 took 0.0242ms
interpretation of _private.Mathlib.Tactic.Push.Attr.0.Mathlib.Tactic.Push.initFn._lam_1._@.Mathlib.Tactic.Push.Attr.3484215244._hygCtx._hyg.2 took 0.0178ms
interpretation of _private.Mathlib.Tactic.Push.Attr.0.Mathlib.Tactic.Push.initFn._lam_1._@.Mathlib.Tactic.Push.Attr.3484215244._hygCtx._hyg.2 took 0.0199ms
interpretation of _private.Mathlib.Tactic.Push.Attr.0.Mathlib.Tactic.Push.initFn._lam_1._@.Mathlib.Tactic.Push.Attr.3484215244._hygCtx._hyg.2 took 0.0184ms
interpretation of _private.Mathlib.Tactic.Push.Attr.0.Mathlib.Tactic.Push.initFn._lam_1._@.Mathlib.Tactic.Push.Attr.3484215244._hygCtx._hyg.2 took 0.0186ms
interpretation of _private.Mathlib.Tactic.Push.Attr.0.Mathlib.Tactic.Push.initFn._lam_1._@.Mathlib.Tactic.Push.Attr.3484215244._hygCtx._hyg.2 took 0.015ms
interpretation of _private.Mathlib.Tactic.Push.Attr.0.Mathlib.Tactic.Push.initFn._lam_1._@.Mathlib.Tactic.Push.Attr.3484215244._hygCtx._hyg.2 took 0.0204ms
interpretation of _private.Mathlib.Tactic.Push.Attr.0.Mathlib.Tactic.Push.initFn._lam_1._@.Mathlib.Tactic.Push.Attr.3484215244._hygCtx._hyg.2 took 0.0184ms
interpretation of _private.Mathlib.Tactic.Push.Attr.0.Mathlib.Tactic.Push.initFn._lam_1._@.Mathlib.Tactic.Push.Attr.3484215244._hygCtx._hyg.2 took 0.021ms
interpretation of _private.Mathlib.Tactic.Push.Attr.0.Mathlib.Tactic.Push.initFn._lam_1._@.Mathlib.Tactic.Push.Attr.3484215244._hygCtx._hyg.2 took 0.0173ms
interpretation of _private.Mathlib.Tactic.Push.Attr.0.Mathlib.Tactic.Push.initFn._lam_1._@.Mathlib.Tactic.Push.Attr.3484215244._hygCtx._hyg.2 took 0.021ms
interpretation of _private.Mathlib.Tactic.Push.Attr.0.Mathlib.Tactic.Push.initFn._lam_1._@.Mathlib.Tactic.Push.Attr.3484215244._hygCtx._hyg.2 took 0.0267ms
interpretation of _private.Mathlib.Tactic.Push.Attr.0.Mathlib.Tactic.Push.initFn._lam_1._@.Mathlib.Tactic.Push.Attr.3484215244._hygCtx._hyg.2 took 0.00912ms
interpretation of _private.Mathlib.Tactic.Push.Attr.0.Mathlib.Tactic.Push.initFn._lam_2._@.Mathlib.Tactic.Push.Attr.3484215244._hygCtx._hyg.2._boxed took 0.00675ms
interpretation of _private.Mathlib.Tactic.CrossRefAttribute.0.Mathlib.CrossRef.initFn._lam_1._@.Mathlib.Tactic.CrossRefAttribute.3825811252._hygCtx._hyg.2._boxed took 0.00456ms
interpretation of Lean.registerNameMapExtension._redArg._lam_4 took 0.0103ms
interpretation of Mathlib.Tactic.UnfoldBoundary.registerUnfoldBoundaryExt._lam_0._boxed took 1.91ms
interpretation of Lean.registerNameMapExtension._redArg._lam_4 took 0.00304ms
interpretation of Lean.registerNameMapExtension._redArg._lam_4 took 0.00123ms
interpretation of Aesop.BaseRuleSet.add took 0.285ms
interpretation of Aesop.BaseRuleSet.add took 0.0393ms
interpretation of Aesop.BaseRuleSet.add took 0.0513ms
interpretation of Aesop.BaseRuleSet.add took 0.0186ms
interpretation of Aesop.BaseRuleSet.add took 0.0227ms
interpretation of Aesop.BaseRuleSet.add took 0.0164ms
interpretation of Aesop.BaseRuleSet.add took 0.0147ms
interpretation of Aesop.BaseRuleSet.add took 0.0172ms
interpretation of Aesop.BaseRuleSet.add took 0.0143ms
interpretation of Aesop.BaseRuleSet.add took 0.0575ms
interpretation of Aesop.BaseRuleSet.add took 0.0161ms
interpretation of Aesop.BaseRuleSet.add took 0.0259ms
interpretation of Aesop.BaseRuleSet.add took 0.0158ms
interpretation of Aesop.BaseRuleSet.add took 0.0136ms
interpretation of Aesop.BaseRuleSet.add took 0.0132ms
interpretation of Aesop.BaseRuleSet.add took 0.0547ms
interpretation of Aesop.BaseRuleSet.add took 0.0145ms
interpretation of Aesop.BaseRuleSet.add took 0.0167ms
interpretation of Aesop.BaseRuleSet.add took 0.015ms
interpretation of Aesop.BaseRuleSet.add took 0.0154ms
interpretation of Aesop.BaseRuleSet.add took 0.0183ms
interpretation of Aesop.BaseRuleSet.add took 0.0298ms
interpretation of Aesop.BaseRuleSet.add took 8.67ms
interpretation of Aesop.BaseRuleSet.add took 0.136ms
interpretation of Aesop.BaseRuleSet.add took 0.0326ms
interpretation of Aesop.BaseRuleSet.add took 0.0316ms
interpretation of Aesop.BaseRuleSet.add took 0.0194ms
interpretation of Aesop.BaseRuleSet.add took 0.0182ms
interpretation of Aesop.BaseRuleSet.add took 0.0417ms
interpretation of Aesop.BaseRuleSet.add took 0.026ms
interpretation of Aesop.BaseRuleSet.add took 0.0198ms
interpretation of Aesop.BaseRuleSet.add took 0.0145ms
interpretation of Aesop.BaseRuleSet.add took 0.0377ms
interpretation of Aesop.BaseRuleSet.add took 0.0248ms
interpretation of Aesop.BaseRuleSet.add took 0.0222ms
interpretation of Aesop.BaseRuleSet.add took 0.0155ms
interpretation of Aesop.BaseRuleSet.add took 0.0151ms
interpretation of Aesop.BaseRuleSet.add took 0.0128ms
interpretation of Aesop.BaseRuleSet.add took 0.0136ms
interpretation of Aesop.BaseRuleSet.add took 0.0163ms
interpretation of Aesop.BaseRuleSet.add took 0.0226ms
interpretation of Aesop.BaseRuleSet.add took 0.0645ms
interpretation of Aesop.BaseRuleSet.add took 0.0209ms
interpretation of Aesop.BaseRuleSet.add took 0.0141ms
interpretation of Aesop.BaseRuleSet.add took 0.0153ms
interpretation of Aesop.BaseRuleSet.add took 0.0232ms
interpretation of Aesop.BaseRuleSet.add took 0.0328ms
interpretation of Aesop.BaseRuleSet.add took 0.0158ms
interpretation of Aesop.BaseRuleSet.add took 0.0564ms
interpretation of Aesop.BaseRuleSet.add took 0.0642ms
interpretation of Aesop.BaseRuleSet.add took 0.118ms
interpretation of Aesop.BaseRuleSet.add took 0.0181ms
interpretation of Aesop.BaseRuleSet.add took 0.0161ms
interpretation of Aesop.BaseRuleSet.add took 0.0247ms
interpretation of Aesop.BaseRuleSet.add took 0.0158ms
interpretation of Aesop.BaseRuleSet.add took 0.147ms
interpretation of Aesop.BaseRuleSet.add took 0.0182ms
interpretation of Aesop.BaseRuleSet.add took 0.0171ms
interpretation of Aesop.BaseRuleSet.add took 0.0151ms
interpretation of Aesop.BaseRuleSet.add took 0.0229ms
interpretation of Aesop.BaseRuleSet.add took 0.0152ms
interpretation of Aesop.BaseRuleSet.add took 0.0174ms
interpretation of Aesop.BaseRuleSet.add took 0.0343ms
interpretation of Aesop.BaseRuleSet.add took 0.0303ms
interpretation of Aesop.BaseRuleSet.add took 0.0145ms
interpretation of Aesop.BaseRuleSet.add took 0.021ms
interpretation of Aesop.BaseRuleSet.add took 0.511ms
interpretation of Aesop.Frontend.extensionDescr._lam_1._boxed took 0.0151ms
interpretation of Aesop.BaseRuleSet.add took 0.0878ms
interpretation of Aesop.BaseRuleSet.add took 0.0182ms
interpretation of Aesop.BaseRuleSet.add took 0.711ms
interpretation of Aesop.BaseRuleSet.add took 0.05ms
interpretation of Aesop.BaseRuleSet.add took 0.0183ms
interpretation of Aesop.BaseRuleSet.add took 0.0174ms
interpretation of Aesop.BaseRuleSet.add took 0.0145ms
interpretation of Aesop.BaseRuleSet.add took 0.0203ms
interpretation of Aesop.BaseRuleSet.add took 0.0278ms
interpretation of Aesop.BaseRuleSet.add took 0.0142ms
interpretation of Aesop.BaseRuleSet.add took 0.026ms
interpretation of Aesop.BaseRuleSet.add took 0.11ms
interpretation of Aesop.BaseRuleSet.add took 0.0357ms
interpretation of Aesop.BaseRuleSet.add took 0.0316ms
interpretation of Aesop.BaseRuleSet.add took 0.0619ms
interpretation of Aesop.BaseRuleSet.add took 0.0246ms
interpretation of Aesop.BaseRuleSet.add took 0.0232ms
interpretation of Aesop.BaseRuleSet.add took 0.0235ms
interpretation of Aesop.BaseRuleSet.add took 0.0129ms
interpretation of Aesop.BaseRuleSet.add took 0.131ms
interpretation of Aesop.BaseRuleSet.add took 0.0432ms
interpretation of Aesop.BaseRuleSet.add took 0.0477ms
interpretation of Aesop.BaseRuleSet.add took 0.0147ms
interpretation of Aesop.BaseRuleSet.add took 0.0362ms
interpretation of Aesop.BaseRuleSet.add took 0.0265ms
interpretation of Aesop.BaseRuleSet.add took 0.0324ms
interpretation of Aesop.BaseRuleSet.add took 0.0697ms
interpretation of Aesop.BaseRuleSet.add took 0.0301ms
interpretation of Aesop.BaseRuleSet.add took 0.0488ms
interpretation of Aesop.BaseRuleSet.add took 0.029ms
interpretation of Aesop.BaseRuleSet.add took 0.0303ms
interpretation of Aesop.BaseRuleSet.add took 0.03ms
interpretation of Aesop.Frontend.extensionDescr._lam_1._boxed took 0.00273ms
interpretation of _private.Aesop.Stats.Extension.0.Aesop.initFn._lam_1._@.Aesop.Stats.Extension.2703840432._hygCtx._hyg.2._boxed took 0.00396ms
interpretation of Aesop.BaseRuleSet.add took 0.0205ms
interpretation of Aesop.BaseRuleSet.add took 0.0162ms
interpretation of Aesop.BaseRuleSet.add took 0.0205ms
interpretation of Aesop.BaseRuleSet.add took 0.0434ms
interpretation of Aesop.BaseRuleSet.add took 0.0153ms
interpretation of Aesop.BaseRuleSet.add took 0.0179ms
interpretation of Aesop.BaseRuleSet.add took 0.0149ms
interpretation of Aesop.BaseRuleSet.add took 0.0147ms
interpretation of Aesop.BaseRuleSet.add took 0.0136ms
interpretation of Aesop.BaseRuleSet.add took 0.0134ms
interpretation of Aesop.BaseRuleSet.add took 0.0165ms
interpretation of Aesop.BaseRuleSet.add took 0.0147ms
interpretation of Aesop.BaseRuleSet.add took 0.0437ms
interpretation of Aesop.BaseRuleSet.add took 0.0516ms
interpretation of Aesop.BaseRuleSet.add took 0.0273ms
interpretation of Aesop.BaseRuleSet.add took 0.0462ms
interpretation of Aesop.Frontend.extensionDescr._lam_1._boxed took 0.00154ms
interpretation of Batteries.CodeAction.addSubgoalsSeqAction took 0.0139ms
interpretation of _private.Batteries.CodeAction.Attr.0.Batteries.CodeAction.initFn._lam_4._@.Batteries.CodeAction.Attr.3685358032._hygCtx._hyg.2._boxed took 2.58ms
interpretation of Batteries.CodeAction.removeAfterDoneAction took 0.00532ms
interpretation of Batteries.CodeAction.casesExpand took 0.00476ms
interpretation of Batteries.CodeAction.addSubgoalsAction took 0.00504ms
interpretation of createCalc took 0.00451ms
interpretation of _private.Batteries.CodeAction.Attr.0.Batteries.CodeAction.initFn._lam_4._@.Batteries.CodeAction.Attr.2519722026._hygCtx._hyg.2._boxed took 2.25ms
interpretation of Mathlib.Tactic.GCongr.exactRefl took 0.0201ms
interpretation of Mathlib.Tactic.GCongr.exact took 0.0157ms
interpretation of Mathlib.Tactic.GCongr.exactLeOfLt took 0.0329ms
interpretation of Mathlib.Tactic.GCongr.exactAntisymmRelLeft took 0.0118ms
interpretation of _private.Mathlib.Tactic.GCongr.ForwardAttr.0.Mathlib.Tactic.GCongr.initFn._lam_4._@.Mathlib.Tactic.GCongr.ForwardAttr.242967595._hygCtx._hyg.2._boxed took 2.79ms
interpretation of Mathlib.Tactic.GCongr.addGCongrLemmaEntry took 0.0247ms
interpretation of Mathlib.Tactic.GCongr.addGCongrLemmaEntry took 0.0242ms
interpretation of Mathlib.Tactic.GCongr.addGCongrLemmaEntry took 0.00742ms
interpretation of Mathlib.Tactic.GCongr.addGCongrLemmaEntry took 0.00526ms
interpretation of Mathlib.Tactic.GCongr.addGCongrLemmaEntry took 0.00506ms
interpretation of Mathlib.Tactic.GCongr.addGCongrLemmaEntry took 0.00475ms
interpretation of Mathlib.Tactic.GCongr.addGCongrLemmaEntry took 0.00472ms
interpretation of Mathlib.Tactic.GCongr.addGCongrLemmaEntry took 0.0041ms
interpretation of Mathlib.Tactic.GCongr.addGCongrLemmaEntry took 0.00567ms
interpretation of Mathlib.Tactic.GCongr.addGCongrLemmaEntry took 0.026ms
interpretation of Mathlib.Tactic.GCongr.addGCongrLemmaEntry took 0.00528ms
interpretation of Mathlib.Tactic.GCongr.addGCongrLemmaEntry took 0.00447ms
interpretation of Mathlib.Tactic.GCongr.addGCongrLemmaEntry took 0.0045ms
interpretation of Mathlib.Tactic.GCongr.addGCongrLemmaEntry took 0.0046ms
interpretation of Mathlib.Tactic.GCongr.addGCongrLemmaEntry took 0.00511ms
interpretation of Mathlib.Tactic.GCongr.addGCongrLemmaEntry took 0.384ms
interpretation of Mathlib.Tactic.GCongr.addGCongrLemmaEntry took 0.00594ms
interpretation of Mathlib.Tactic.GCongr.addGCongrLemmaEntry took 0.00826ms
interpretation of Mathlib.Tactic.GCongr.addGCongrLemmaEntry took 0.00532ms
interpretation of Mathlib.Tactic.GCongr.addGCongrLemmaEntry took 0.00617ms
interpretation of Mathlib.Tactic.GCongr.addGCongrLemmaEntry took 0.00824ms
interpretation of Mathlib.Tactic.GCongr.addGCongrLemmaEntry took 0.00534ms
interpretation of Mathlib.Tactic.GCongr.addGCongrLemmaEntry took 0.00569ms
interpretation of Mathlib.Tactic.GCongr.addGCongrLemmaEntry took 0.00504ms
interpretation of Mathlib.Tactic.GCongr.addGCongrLemmaEntry took 0.00547ms
interpretation of Mathlib.Tactic.GCongr.addGCongrLemmaEntry took 0.00503ms
interpretation of Mathlib.Tactic.GCongr.addGCongrLemmaEntry took 0.00999ms
interpretation of Mathlib.Tactic.GCongr.addGCongrLemmaEntry took 0.00914ms
interpretation of Mathlib.Tactic.GCongr.addGCongrLemmaEntry took 0.01ms
interpretation of Mathlib.Tactic.GCongr.addGCongrLemmaEntry took 0.0097ms
interpretation of Mathlib.Tactic.GCongr.addGCongrLemmaEntry took 0.00592ms
interpretation of Mathlib.Tactic.GCongr.addGCongrLemmaEntry took 0.00523ms
interpretation of Mathlib.Tactic.GCongr.addGCongrLemmaEntry took 0.00525ms
interpretation of Mathlib.Tactic.GCongr.addGCongrLemmaEntry took 0.00478ms
interpretation of Mathlib.Tactic.GCongr.addGCongrLemmaEntry took 0.00513ms
interpretation of Mathlib.Tactic.GCongr.addGCongrLemmaEntry took 0.00777ms
interpretation of Mathlib.Tactic.GCongr.addGCongrLemmaEntry took 0.00742ms
interpretation of Mathlib.Tactic.GCongr.addGCongrLemmaEntry took 0.00486ms
interpretation of Mathlib.Tactic.GCongr.addGCongrLemmaEntry took 0.00708ms
interpretation of Mathlib.Tactic.GCongr.addGCongrLemmaEntry took 0.00625ms
interpretation of Mathlib.Tactic.GCongr.addGCongrLemmaEntry took 0.00526ms
interpretation of Mathlib.Tactic.GCongr.addGCongrLemmaEntry took 0.00533ms
interpretation of Mathlib.Tactic.GCongr.addGCongrLemmaEntry took 0.00543ms
interpretation of Mathlib.Tactic.GCongr.addGCongrLemmaEntry took 0.00607ms
interpretation of Mathlib.Tactic.GCongr.addGCongrLemmaEntry took 0.00574ms
interpretation of Mathlib.Tactic.GCongr.addGCongrLemmaEntry took 0.00525ms
interpretation of Mathlib.Tactic.GCongr.addGCongrLemmaEntry took 0.00571ms
interpretation of Mathlib.Tactic.GCongr.addGCongrLemmaEntry took 0.00639ms
interpretation of Mathlib.Tactic.GCongr.addGCongrLemmaEntry took 0.00651ms
interpretation of Mathlib.Tactic.GCongr.addGCongrLemmaEntry took 0.00474ms
interpretation of Mathlib.Tactic.GCongr.addGCongrLemmaEntry took 0.00555ms
interpretation of Mathlib.Tactic.GCongr.addGCongrLemmaEntry took 0.00622ms
interpretation of Mathlib.Tactic.GCongr.addGCongrLemmaEntry took 0.00639ms
interpretation of Mathlib.Tactic.GCongr.addGCongrLemmaEntry took 0.00621ms
interpretation of Mathlib.Tactic.GCongr.addGCongrLemmaEntry took 0.00662ms
interpretation of Mathlib.Tactic.GCongr.addGCongrLemmaEntry took 0.00605ms
interpretation of Mathlib.Tactic.GCongr.addGCongrLemmaEntry took 0.00675ms
interpretation of Mathlib.Tactic.GCongr.addGCongrLemmaEntry took 0.00617ms
interpretation of Mathlib.Tactic.GCongr.addGCongrLemmaEntry took 0.0055ms
interpretation of Mathlib.Tactic.GCongr.addGCongrLemmaEntry took 0.00521ms
interpretation of Mathlib.Tactic.GCongr.addGCongrLemmaEntry took 0.0053ms
interpretation of Mathlib.Tactic.GCongr.addGCongrLemmaEntry took 0.00722ms
interpretation of Mathlib.Tactic.GCongr.addGCongrLemmaEntry took 0.00627ms
interpretation of Mathlib.Tactic.GCongr.addGCongrLemmaEntry took 0.00772ms
interpretation of Mathlib.Tactic.GCongr.addGCongrLemmaEntry took 0.00555ms
interpretation of Mathlib.Tactic.GCongr.addGCongrLemmaEntry took 0.00621ms
interpretation of Mathlib.Tactic.GCongr.addGCongrLemmaEntry took 0.00671ms
interpretation of Mathlib.Tactic.GCongr.addGCongrLemmaEntry took 0.00608ms
interpretation of Mathlib.Tactic.GCongr.addGCongrLemmaEntry took 0.00564ms
interpretation of Mathlib.Tactic.GCongr.addGCongrLemmaEntry took 0.00556ms
interpretation of Mathlib.Tactic.GCongr.addGCongrLemmaEntry took 0.00567ms
interpretation of Mathlib.Tactic.GCongr.addGCongrLemmaEntry took 0.00603ms
interpretation of Mathlib.Tactic.GCongr.addGCongrLemmaEntry took 0.00533ms
interpretation of Mathlib.Tactic.GCongr.addGCongrLemmaEntry took 0.00644ms
interpretation of Mathlib.Tactic.GCongr.addGCongrLemmaEntry took 0.0131ms
interpretation of Mathlib.Tactic.GCongr.addGCongrLemmaEntry took 0.0146ms
interpretation of Mathlib.Tactic.GCongr.addGCongrLemmaEntry took 0.259ms
interpretation of Mathlib.Tactic.GCongr.addGCongrLemmaEntry took 0.00976ms
interpretation of Mathlib.Tactic.GCongr.addGCongrLemmaEntry took 0.00803ms
interpretation of Mathlib.Tactic.GCongr.addGCongrLemmaEntry took 0.00626ms
interpretation of Mathlib.Tactic.GCongr.addGCongrLemmaEntry took 0.0146ms
interpretation of Mathlib.Tactic.GCongr.addGCongrLemmaEntry took 0.0115ms
interpretation of Mathlib.Tactic.GCongr.addGCongrLemmaEntry took 0.0443ms
interpretation of Mathlib.Tactic.GCongr.addGCongrLemmaEntry took 0.0111ms
interpretation of Mathlib.Tactic.GCongr.addGCongrLemmaEntry took 0.00775ms
interpretation of Mathlib.Tactic.GCongr.addGCongrLemmaEntry took 0.00575ms
interpretation of Mathlib.Tactic.GCongr.addGCongrLemmaEntry took 0.00585ms
interpretation of Mathlib.Tactic.GCongr.addGCongrLemmaEntry took 0.00634ms
interpretation of Mathlib.Tactic.GCongr.addGCongrLemmaEntry took 0.00707ms
interpretation of Mathlib.Tactic.GCongr.addGCongrLemmaEntry took 0.0059ms
interpretation of Mathlib.Tactic.GCongr.addGCongrLemmaEntry took 0.00718ms
interpretation of Mathlib.Tactic.GCongr.addGCongrLemmaEntry took 0.00563ms
interpretation of Mathlib.Tactic.GCongr.addGCongrLemmaEntry took 0.00679ms
interpretation of Mathlib.Tactic.GCongr.addGCongrLemmaEntry took 0.00584ms
interpretation of Mathlib.Tactic.GCongr.addGCongrLemmaEntry took 0.00714ms
interpretation of Mathlib.Tactic.GCongr.addGCongrLemmaEntry took 0.00671ms
interpretation of Mathlib.Tactic.GCongr.addGCongrLemmaEntry took 0.00654ms
interpretation of Mathlib.Tactic.GCongr.addGCongrLemmaEntry took 0.0055ms
interpretation of Mathlib.Tactic.GCongr.addGCongrLemmaEntry took 0.0057ms
interpretation of Mathlib.Tactic.GCongr.addGCongrLemmaEntry took 0.00897ms
interpretation of Mathlib.Tactic.GCongr.addGCongrLemmaEntry took 0.00702ms
interpretation of Mathlib.Tactic.GCongr.addGCongrLemmaEntry took 0.00639ms
interpretation of Mathlib.Tactic.GCongr.addGCongrLemmaEntry took 0.00695ms
interpretation of Mathlib.Tactic.GCongr.addGCongrLemmaEntry took 0.00917ms
interpretation of Mathlib.Tactic.GCongr.addGCongrLemmaEntry took 0.00774ms
interpretation of Mathlib.Tactic.GCongr.addGCongrLemmaEntry took 0.00593ms
interpretation of Mathlib.Tactic.GCongr.addGCongrLemmaEntry took 0.00759ms
interpretation of Mathlib.Tactic.GCongr.addGCongrLemmaEntry took 0.00882ms
interpretation of Mathlib.Tactic.GCongr.addGCongrLemmaEntry took 0.00675ms
interpretation of Mathlib.Tactic.GCongr.addGCongrLemmaEntry took 0.00532ms
interpretation of Mathlib.Tactic.GCongr.addGCongrLemmaEntry took 0.00717ms
interpretation of Mathlib.Tactic.GCongr.addGCongrLemmaEntry took 0.00663ms
interpretation of Mathlib.Tactic.GCongr.addGCongrLemmaEntry took 0.00646ms
interpretation of Mathlib.Tactic.GCongr.addGCongrLemmaEntry took 0.00667ms
interpretation of Mathlib.Tactic.GCongr.addGCongrLemmaEntry took 0.00766ms
interpretation of Mathlib.Tactic.GCongr.addGCongrLemmaEntry took 0.00779ms
interpretation of Mathlib.Tactic.GCongr.addGCongrLemmaEntry took 0.00537ms
interpretation of Mathlib.Tactic.GCongr.addGCongrLemmaEntry took 0.00681ms
interpretation of Mathlib.Tactic.GCongr.addGCongrLemmaEntry took 0.00568ms
interpretation of Mathlib.Tactic.GCongr.addGCongrLemmaEntry took 0.00855ms
interpretation of Mathlib.Tactic.GCongr.addGCongrLemmaEntry took 0.0076ms
interpretation of Mathlib.Tactic.GCongr.addGCongrLemmaEntry took 0.0062ms
interpretation of Mathlib.Tactic.GCongr.addGCongrLemmaEntry took 0.0065ms
interpretation of Mathlib.Tactic.GCongr.addGCongrLemmaEntry took 0.00615ms
interpretation of Mathlib.Tactic.GCongr.addGCongrLemmaEntry took 0.00731ms
interpretation of Mathlib.Tactic.GCongr.addGCongrLemmaEntry took 0.00596ms
interpretation of Mathlib.Tactic.GCongr.addGCongrLemmaEntry took 0.00722ms
interpretation of Mathlib.Tactic.GCongr.addGCongrLemmaEntry took 0.00561ms
interpretation of Mathlib.Tactic.GCongr.addGCongrLemmaEntry took 0.00577ms
interpretation of Mathlib.Tactic.GCongr.addGCongrLemmaEntry took 0.0062ms
interpretation of Mathlib.Tactic.GCongr.addGCongrLemmaEntry took 0.00611ms
interpretation of Mathlib.Tactic.GCongr.addGCongrLemmaEntry took 0.00813ms
interpretation of Mathlib.Tactic.GCongr.addGCongrLemmaEntry took 0.0079ms
interpretation of Mathlib.Tactic.GCongr.addGCongrLemmaEntry took 0.00758ms
interpretation of Mathlib.Tactic.GCongr.addGCongrLemmaEntry took 0.0069ms
interpretation of Mathlib.Tactic.GCongr.addGCongrLemmaEntry took 0.00889ms
interpretation of Mathlib.Tactic.GCongr.addGCongrLemmaEntry took 0.00681ms
interpretation of Mathlib.Tactic.GCongr.addGCongrLemmaEntry took 0.00945ms
interpretation of Mathlib.Tactic.GCongr.addGCongrLemmaEntry took 0.00795ms
interpretation of Mathlib.Tactic.GCongr.addGCongrLemmaEntry took 0.00862ms
interpretation of Mathlib.Tactic.GCongr.addGCongrLemmaEntry took 0.00646ms
interpretation of Mathlib.Tactic.GCongr.addGCongrLemmaEntry took 0.00652ms
interpretation of Mathlib.Tactic.GCongr.addGCongrLemmaEntry took 0.00617ms
interpretation of Mathlib.Tactic.GCongr.addGCongrLemmaEntry took 0.00632ms
interpretation of Mathlib.Tactic.GCongr.addGCongrLemmaEntry took 0.00677ms
interpretation of Mathlib.Tactic.GCongr.addGCongrLemmaEntry took 0.00585ms
interpretation of Mathlib.Tactic.GCongr.addGCongrLemmaEntry took 0.0058ms
interpretation of Mathlib.Tactic.GCongr.addGCongrLemmaEntry took 0.00642ms
interpretation of Mathlib.Tactic.GCongr.addGCongrLemmaEntry took 0.00644ms
interpretation of Mathlib.Tactic.GCongr.addGCongrLemmaEntry took 0.00599ms
interpretation of Mathlib.Tactic.GCongr.addGCongrLemmaEntry took 0.00699ms
interpretation of Mathlib.Tactic.GCongr.addGCongrLemmaEntry took 0.00644ms
interpretation of Mathlib.Tactic.GCongr.addGCongrLemmaEntry took 0.00661ms
interpretation of Mathlib.Tactic.GCongr.addGCongrLemmaEntry took 0.00557ms
interpretation of Mathlib.Tactic.GCongr.addGCongrLemmaEntry took 0.00629ms
interpretation of Mathlib.Tactic.GCongr.addGCongrLemmaEntry took 0.00684ms
interpretation of Mathlib.Tactic.GCongr.addGCongrLemmaEntry took 0.0062ms
interpretation of Mathlib.Tactic.GCongr.addGCongrLemmaEntry took 0.00568ms
interpretation of Mathlib.Tactic.GCongr.addGCongrLemmaEntry took 0.00661ms
interpretation of Mathlib.Tactic.GCongr.addGCongrLemmaEntry took 0.00518ms
interpretation of Mathlib.Tactic.GCongr.addGCongrLemmaEntry took 0.00614ms
interpretation of Mathlib.Tactic.GCongr.addGCongrLemmaEntry took 0.00563ms
interpretation of Mathlib.Tactic.GCongr.addGCongrLemmaEntry took 0.00573ms
interpretation of Mathlib.Tactic.GCongr.addGCongrLemmaEntry took 0.00765ms
interpretation of Mathlib.Tactic.GCongr.addGCongrLemmaEntry took 0.00695ms
interpretation of Mathlib.Tactic.GCongr.addGCongrLemmaEntry took 0.00664ms
interpretation of Mathlib.Tactic.GCongr.addGCongrLemmaEntry took 0.00658ms
interpretation of Mathlib.Tactic.GCongr.addGCongrLemmaEntry took 0.00707ms
interpretation of Mathlib.Tactic.GCongr.addGCongrLemmaEntry took 0.00607ms
interpretation of Mathlib.Tactic.GCongr.addGCongrLemmaEntry took 0.00801ms
interpretation of Mathlib.Tactic.GCongr.addGCongrLemmaEntry took 0.00768ms
interpretation of Mathlib.Tactic.GCongr.addGCongrLemmaEntry took 0.00722ms
interpretation of Mathlib.Tactic.GCongr.addGCongrLemmaEntry took 0.00619ms
interpretation of Mathlib.Tactic.GCongr.addGCongrLemmaEntry took 0.00948ms
interpretation of Mathlib.Tactic.GCongr.addGCongrLemmaEntry took 0.0076ms
interpretation of Mathlib.Tactic.GCongr.addGCongrLemmaEntry took 0.0102ms
interpretation of Mathlib.Tactic.GCongr.addGCongrLemmaEntry took 1.65ms
interpretation of Mathlib.Tactic.GCongr.addGCongrLemmaEntry took 0.0438ms
interpretation of Mathlib.Tactic.GCongr.addGCongrLemmaEntry took 0.0133ms
interpretation of Mathlib.Tactic.GCongr.addGCongrLemmaEntry took 0.00964ms
interpretation of Mathlib.Tactic.GCongr.addGCongrLemmaEntry took 0.0114ms
interpretation of Mathlib.Tactic.GCongr.addGCongrLemmaEntry took 0.00653ms
interpretation of Mathlib.Tactic.GCongr.addGCongrLemmaEntry took 0.00646ms
interpretation of Mathlib.Tactic.GCongr.addGCongrLemmaEntry took 0.00879ms
interpretation of Mathlib.Tactic.GCongr.addGCongrLemmaEntry took 0.00679ms
interpretation of Mathlib.Tactic.GCongr.addGCongrLemmaEntry took 0.00669ms
interpretation of Mathlib.Tactic.GCongr.addGCongrLemmaEntry took 0.0056ms
interpretation of Mathlib.Tactic.GCongr.addGCongrLemmaEntry took 0.00858ms
interpretation of Mathlib.Tactic.GCongr.addGCongrLemmaEntry took 0.00883ms
interpretation of Mathlib.Tactic.GCongr.addGCongrLemmaEntry took 0.00757ms
interpretation of Mathlib.Tactic.GCongr.addGCongrLemmaEntry took 0.00825ms
interpretation of Mathlib.Tactic.GCongr.addGCongrLemmaEntry took 0.076ms
interpretation of Mathlib.Tactic.GCongr.addGCongrLemmaEntry took 0.00793ms
interpretation of Mathlib.Tactic.GCongr.addGCongrLemmaEntry took 0.0148ms
interpretation of Mathlib.Tactic.GCongr.addGCongrLemmaEntry took 0.0088ms
interpretation of Mathlib.Tactic.GCongr.addGCongrLemmaEntry took 0.00682ms
interpretation of Mathlib.Tactic.GCongr.addGCongrLemmaEntry took 0.00709ms
interpretation of Mathlib.Tactic.GCongr.addGCongrLemmaEntry took 0.00805ms
interpretation of Mathlib.Tactic.GCongr.addGCongrLemmaEntry took 0.00774ms
interpretation of Mathlib.Tactic.GCongr.addGCongrLemmaEntry took 0.0076ms
interpretation of Mathlib.Tactic.GCongr.addGCongrLemmaEntry took 0.00725ms
interpretation of Mathlib.Tactic.GCongr.addGCongrLemmaEntry took 0.00644ms
interpretation of Mathlib.Tactic.GCongr.addGCongrLemmaEntry took 0.00829ms
interpretation of Mathlib.Tactic.GCongr.addGCongrLemmaEntry took 0.00802ms
interpretation of Mathlib.Tactic.GCongr.addGCongrLemmaEntry took 0.00971ms
interpretation of Mathlib.Tactic.GCongr.addGCongrLemmaEntry took 0.0082ms
interpretation of Mathlib.Tactic.GCongr.addGCongrLemmaEntry took 0.00849ms
interpretation of Mathlib.Tactic.GCongr.addGCongrLemmaEntry took 0.00707ms
interpretation of Mathlib.Tactic.GCongr.addGCongrLemmaEntry took 0.00596ms
interpretation of Mathlib.Tactic.GCongr.addGCongrLemmaEntry took 0.00768ms
interpretation of Mathlib.Tactic.GCongr.addGCongrLemmaEntry took 0.00869ms
interpretation of Mathlib.Tactic.GCongr.addGCongrLemmaEntry took 0.00619ms
interpretation of Mathlib.Tactic.GCongr.addGCongrLemmaEntry took 0.0076ms
interpretation of Mathlib.Tactic.GCongr.addGCongrLemmaEntry took 0.0056ms
interpretation of Mathlib.Tactic.GCongr.addGCongrLemmaEntry took 0.00907ms
interpretation of Mathlib.Tactic.GCongr.addGCongrLemmaEntry took 0.00854ms
interpretation of Mathlib.Tactic.GCongr.addGCongrLemmaEntry took 0.00851ms
interpretation of Mathlib.Tactic.GCongr.addGCongrLemmaEntry took 0.00902ms
interpretation of Mathlib.Tactic.GCongr.addGCongrLemmaEntry took 0.00936ms
interpretation of Mathlib.Tactic.GCongr.addGCongrLemmaEntry took 0.00851ms
interpretation of Mathlib.Tactic.GCongr.addGCongrLemmaEntry took 0.00983ms
interpretation of Mathlib.Tactic.GCongr.addGCongrLemmaEntry took 0.0103ms
interpretation of Mathlib.Tactic.GCongr.addGCongrLemmaEntry took 0.00802ms
interpretation of Mathlib.Tactic.GCongr.addGCongrLemmaEntry took 0.0104ms
interpretation of Mathlib.Tactic.GCongr.addGCongrLemmaEntry took 0.00917ms
interpretation of Mathlib.Tactic.GCongr.addGCongrLemmaEntry took 0.0101ms
interpretation of Mathlib.Tactic.GCongr.addGCongrLemmaEntry took 0.00973ms
interpretation of Mathlib.Tactic.GCongr.addGCongrLemmaEntry took 0.00978ms
interpretation of Mathlib.Tactic.GCongr.addGCongrLemmaEntry took 0.0117ms
interpretation of Mathlib.Tactic.GCongr.addGCongrLemmaEntry took 0.00804ms
interpretation of Mathlib.Tactic.GCongr.addGCongrLemmaEntry took 0.00759ms
interpretation of Mathlib.Tactic.GCongr.addGCongrLemmaEntry took 0.00694ms
interpretation of Mathlib.Tactic.GCongr.addGCongrLemmaEntry took 0.00856ms
interpretation of Mathlib.Tactic.GCongr.addGCongrLemmaEntry took 0.0074ms
interpretation of Mathlib.Tactic.GCongr.addGCongrLemmaEntry took 0.00839ms
interpretation of Mathlib.Tactic.GCongr.addGCongrLemmaEntry took 0.00784ms
interpretation of Mathlib.Tactic.GCongr.addGCongrLemmaEntry took 0.00895ms
interpretation of Mathlib.Tactic.GCongr.addGCongrLemmaEntry took 0.00734ms
interpretation of Mathlib.Tactic.GCongr.addGCongrLemmaEntry took 0.00602ms
interpretation of Mathlib.Tactic.GCongr.addGCongrLemmaEntry took 0.00873ms
interpretation of Mathlib.Tactic.GCongr.addGCongrLemmaEntry took 0.0093ms
interpretation of Mathlib.Tactic.GCongr.addGCongrLemmaEntry took 0.0104ms
interpretation of Mathlib.Tactic.GCongr.addGCongrLemmaEntry took 0.00918ms
interpretation of Mathlib.Tactic.GCongr.addGCongrLemmaEntry took 0.00616ms
interpretation of Mathlib.Tactic.GCongr.addGCongrLemmaEntry took 0.00846ms
interpretation of Mathlib.Tactic.GCongr.addGCongrLemmaEntry took 0.00618ms
interpretation of Mathlib.Tactic.GCongr.addGCongrLemmaEntry took 0.00832ms
interpretation of Mathlib.Tactic.GCongr.addGCongrLemmaEntry took 0.00729ms
interpretation of Mathlib.Tactic.GCongr.addGCongrLemmaEntry took 0.00722ms
interpretation of Mathlib.Tactic.GCongr.addGCongrLemmaEntry took 0.00725ms
interpretation of Mathlib.Tactic.GCongr.addGCongrLemmaEntry took 0.00871ms
interpretation of Mathlib.Tactic.GCongr.addGCongrLemmaEntry took 0.00771ms
interpretation of Mathlib.Tactic.GCongr.addGCongrLemmaEntry took 0.00829ms
interpretation of Mathlib.Tactic.GCongr.addGCongrLemmaEntry took 0.0071ms
interpretation of Mathlib.Tactic.GCongr.addGCongrLemmaEntry took 0.00826ms
interpretation of Mathlib.Tactic.GCongr.addGCongrLemmaEntry took 0.00612ms
interpretation of Mathlib.Tactic.GCongr.addGCongrLemmaEntry took 0.00667ms
interpretation of Mathlib.Tactic.GCongr.addGCongrLemmaEntry took 0.00773ms
interpretation of Mathlib.Tactic.GCongr.addGCongrLemmaEntry took 0.00805ms
interpretation of Mathlib.Tactic.GCongr.addGCongrLemmaEntry took 0.00671ms
interpretation of Mathlib.Tactic.GCongr.addGCongrLemmaEntry took 0.00924ms
interpretation of Mathlib.Tactic.GCongr.addGCongrLemmaEntry took 0.0091ms
interpretation of Mathlib.Tactic.GCongr.addGCongrLemmaEntry took 0.0083ms
interpretation of Mathlib.Tactic.GCongr.addGCongrLemmaEntry took 0.00864ms
interpretation of Mathlib.Tactic.GCongr.addGCongrLemmaEntry took 0.0105ms
interpretation of Mathlib.Tactic.GCongr.addGCongrLemmaEntry took 0.351ms
interpretation of Mathlib.Tactic.GCongr.addGCongrLemmaEntry took 0.0113ms
interpretation of Mathlib.Tactic.GCongr.addGCongrLemmaEntry took 0.0082ms
interpretation of Mathlib.Tactic.GCongr.addGCongrLemmaEntry took 0.00731ms
interpretation of Mathlib.Tactic.GCongr.addGCongrLemmaEntry took 0.00793ms
interpretation of Mathlib.Tactic.GCongr.addGCongrLemmaEntry took 0.00792ms
interpretation of Mathlib.Tactic.GCongr.addGCongrLemmaEntry took 0.00736ms
interpretation of Mathlib.Tactic.GCongr.addGCongrLemmaEntry took 0.00754ms
interpretation of Mathlib.Tactic.GCongr.addGCongrLemmaEntry took 0.0102ms
interpretation of Mathlib.Tactic.GCongr.addGCongrLemmaEntry took 0.00945ms
interpretation of Mathlib.Tactic.GCongr.addGCongrLemmaEntry took 0.00958ms
interpretation of Mathlib.Tactic.GCongr.addGCongrLemmaEntry took 0.00912ms
interpretation of Mathlib.Tactic.GCongr.addGCongrLemmaEntry took 0.0086ms
interpretation of Mathlib.Tactic.GCongr.addGCongrLemmaEntry took 0.00855ms
interpretation of Mathlib.Tactic.GCongr.addGCongrLemmaEntry took 0.00757ms
interpretation of Mathlib.Tactic.GCongr.addGCongrLemmaEntry took 0.00727ms
interpretation of Mathlib.Tactic.GCongr.addGCongrLemmaEntry took 0.00817ms
interpretation of Mathlib.Tactic.GCongr.addGCongrLemmaEntry took 0.00682ms
interpretation of Mathlib.Tactic.GCongr.addGCongrLemmaEntry took 0.00852ms
interpretation of Mathlib.Tactic.GCongr.addGCongrLemmaEntry took 0.00668ms
interpretation of Mathlib.Tactic.GCongr.addGCongrLemmaEntry took 0.00714ms
interpretation of Mathlib.Tactic.GCongr.addGCongrLemmaEntry took 0.00672ms
interpretation of Mathlib.Tactic.GCongr.addGCongrLemmaEntry took 0.00688ms
interpretation of Mathlib.Tactic.GCongr.addGCongrLemmaEntry took 0.00936ms
interpretation of Mathlib.Tactic.GCongr.addGCongrLemmaEntry took 0.00925ms
interpretation of Mathlib.Tactic.GCongr.addGCongrLemmaEntry took 0.00765ms
interpretation of Mathlib.Tactic.GCongr.addGCongrLemmaEntry took 0.00782ms
interpretation of Mathlib.Tactic.GCongr.addGCongrLemmaEntry took 0.00674ms
interpretation of Mathlib.Tactic.GCongr.addGCongrLemmaEntry took 0.0067ms
interpretation of Mathlib.Tactic.GCongr.addGCongrLemmaEntry took 0.00681ms
interpretation of Mathlib.Tactic.GCongr.addGCongrLemmaEntry took 0.0135ms
interpretation of Mathlib.Tactic.GCongr.addGCongrLemmaEntry took 0.0102ms
interpretation of Mathlib.Tactic.GCongr.addGCongrLemmaEntry took 0.00851ms
interpretation of Mathlib.Tactic.GCongr.addGCongrLemmaEntry took 0.0104ms
interpretation of Mathlib.Tactic.GCongr.addGCongrLemmaEntry took 0.00743ms
interpretation of Mathlib.Tactic.GCongr.addGCongrLemmaEntry took 0.0067ms
interpretation of Mathlib.Tactic.GCongr.addGCongrLemmaEntry took 0.00747ms
interpretation of Mathlib.Tactic.GCongr.addGCongrLemmaEntry took 0.007ms
interpretation of Mathlib.Tactic.GCongr.addGCongrLemmaEntry took 0.0069ms
interpretation of Mathlib.Tactic.GCongr.addGCongrLemmaEntry took 0.00637ms
interpretation of Mathlib.Tactic.GCongr.addGCongrLemmaEntry took 0.00696ms
interpretation of Mathlib.Tactic.GCongr.addGCongrLemmaEntry took 0.00689ms
interpretation of Mathlib.Tactic.GCongr.addGCongrLemmaEntry took 0.00879ms
interpretation of Mathlib.Tactic.GCongr.addGCongrLemmaEntry took 0.00698ms
interpretation of Mathlib.Tactic.GCongr.addGCongrLemmaEntry took 0.00703ms
interpretation of Mathlib.Tactic.GCongr.addGCongrLemmaEntry took 0.00797ms
interpretation of Mathlib.Tactic.GCongr.addGCongrLemmaEntry took 0.00768ms
interpretation of Mathlib.Tactic.GCongr.addGCongrLemmaEntry took 0.00823ms
interpretation of Mathlib.Tactic.GCongr.addGCongrLemmaEntry took 0.00762ms
interpretation of Mathlib.Tactic.GCongr.addGCongrLemmaEntry took 0.00837ms
interpretation of Mathlib.Tactic.GCongr.addGCongrLemmaEntry took 0.0124ms
interpretation of Mathlib.Tactic.GCongr.addGCongrLemmaEntry took 0.00829ms
interpretation of Mathlib.Tactic.GCongr.addGCongrLemmaEntry took 0.00675ms
interpretation of Mathlib.Tactic.GCongr.addGCongrLemmaEntry took 0.0108ms
interpretation of Mathlib.Tactic.GCongr.addGCongrLemmaEntry took 0.00851ms
interpretation of Mathlib.Tactic.GCongr.addGCongrLemmaEntry took 0.00715ms
interpretation of Mathlib.Tactic.GCongr.addGCongrLemmaEntry took 0.00654ms
interpretation of Mathlib.Tactic.GCongr.addGCongrLemmaEntry took 0.00897ms
interpretation of Mathlib.Tactic.GCongr.addGCongrLemmaEntry took 0.00701ms
interpretation of Mathlib.Tactic.GCongr.addGCongrLemmaEntry took 0.00613ms
interpretation of Mathlib.Tactic.GCongr.addGCongrLemmaEntry took 0.00702ms
interpretation of Mathlib.Tactic.GCongr.addGCongrLemmaEntry took 0.00645ms
interpretation of Mathlib.Tactic.GCongr.addGCongrLemmaEntry took 0.00717ms
interpretation of Mathlib.Tactic.GCongr.addGCongrLemmaEntry took 0.00653ms
interpretation of Mathlib.Tactic.GCongr.addGCongrLemmaEntry took 0.00637ms
interpretation of Mathlib.Tactic.GCongr.addGCongrLemmaEntry took 0.00597ms
interpretation of Mathlib.Tactic.GCongr.addGCongrLemmaEntry took 0.00787ms
interpretation of Mathlib.Tactic.GCongr.addGCongrLemmaEntry took 0.00685ms
interpretation of Mathlib.Tactic.GCongr.addGCongrLemmaEntry took 0.00721ms
interpretation of Mathlib.Tactic.GCongr.addGCongrLemmaEntry took 0.00632ms
interpretation of Mathlib.Tactic.GCongr.addGCongrLemmaEntry took 0.0059ms
interpretation of Mathlib.Tactic.GCongr.addGCongrLemmaEntry took 0.00714ms
interpretation of Mathlib.Tactic.GCongr.addGCongrLemmaEntry took 0.0077ms
interpretation of Mathlib.Tactic.GCongr.addGCongrLemmaEntry took 0.00643ms
interpretation of Mathlib.Tactic.GCongr.addGCongrLemmaEntry took 0.00693ms
interpretation of Mathlib.Tactic.GCongr.addGCongrLemmaEntry took 0.00717ms
interpretation of Mathlib.Tactic.GCongr.addGCongrLemmaEntry took 0.00657ms
interpretation of Mathlib.Tactic.GCongr.addGCongrLemmaEntry took 0.00933ms
interpretation of Mathlib.Tactic.GCongr.addGCongrLemmaEntry took 0.00698ms
interpretation of Mathlib.Tactic.GCongr.addGCongrLemmaEntry took 0.00802ms
interpretation of Mathlib.Tactic.GCongr.addGCongrLemmaEntry took 0.00793ms
interpretation of Mathlib.Tactic.GCongr.addGCongrLemmaEntry took 0.00618ms
interpretation of Mathlib.Tactic.GCongr.addGCongrLemmaEntry took 0.00595ms
interpretation of Mathlib.Tactic.GCongr.addGCongrLemmaEntry took 0.0128ms
interpretation of Mathlib.Tactic.GCongr.addGCongrLemmaEntry took 0.00811ms
interpretation of Mathlib.Tactic.GCongr.addGCongrLemmaEntry took 0.0168ms
interpretation of Mathlib.Tactic.GCongr.addGCongrLemmaEntry took 0.0124ms
interpretation of Mathlib.Tactic.GCongr.addGCongrLemmaEntry took 0.0104ms
interpretation of Mathlib.Tactic.GCongr.addGCongrLemmaEntry took 0.00628ms
interpretation of Mathlib.Tactic.GCongr.addGCongrLemmaEntry took 0.00837ms
interpretation of Mathlib.Tactic.GCongr.addGCongrLemmaEntry took 0.00758ms
interpretation of Mathlib.Tactic.GCongr.addGCongrLemmaEntry took 0.00853ms
interpretation of Mathlib.Tactic.GCongr.addGCongrLemmaEntry took 0.00959ms
interpretation of Mathlib.Tactic.GCongr.addGCongrLemmaEntry took 0.00714ms
interpretation of Mathlib.Tactic.GCongr.addGCongrLemmaEntry took 0.00847ms
interpretation of Mathlib.Tactic.GCongr.addGCongrLemmaEntry took 0.0082ms
interpretation of Mathlib.Tactic.GCongr.addGCongrLemmaEntry took 0.00663ms
interpretation of Mathlib.Tactic.GCongr.addGCongrLemmaEntry took 0.00705ms
interpretation of Mathlib.Tactic.GCongr.addGCongrLemmaEntry took 0.00678ms
interpretation of Mathlib.Tactic.GCongr.addGCongrLemmaEntry took 0.0081ms
interpretation of Mathlib.Tactic.GCongr.addGCongrLemmaEntry took 0.00662ms
interpretation of Mathlib.Tactic.GCongr.addGCongrLemmaEntry took 0.00753ms
interpretation of Mathlib.Tactic.GCongr.addGCongrLemmaEntry took 0.0061ms
interpretation of Mathlib.Tactic.GCongr.addGCongrLemmaEntry took 0.00731ms
interpretation of Mathlib.Tactic.GCongr.addGCongrLemmaEntry took 0.00653ms
interpretation of Mathlib.Tactic.GCongr.addGCongrLemmaEntry took 0.00598ms
interpretation of Mathlib.Tactic.GCongr.addGCongrLemmaEntry took 0.00699ms
interpretation of Mathlib.Tactic.GCongr.addGCongrLemmaEntry took 0.0064ms
interpretation of Mathlib.Tactic.GCongr.addGCongrLemmaEntry took 0.00666ms
interpretation of Mathlib.Tactic.GCongr.addGCongrLemmaEntry took 0.00693ms
interpretation of Mathlib.Tactic.GCongr.addGCongrLemmaEntry took 0.007ms
interpretation of Mathlib.Tactic.GCongr.addGCongrLemmaEntry took 0.00644ms
interpretation of Mathlib.Tactic.GCongr.addGCongrLemmaEntry took 0.00652ms
interpretation of Mathlib.Tactic.GCongr.addGCongrLemmaEntry took 0.00776ms
interpretation of Mathlib.Tactic.GCongr.addGCongrLemmaEntry took 0.00625ms
interpretation of Mathlib.Tactic.GCongr.addGCongrLemmaEntry took 0.00738ms
interpretation of Mathlib.Tactic.GCongr.addGCongrLemmaEntry took 0.00811ms
interpretation of Mathlib.Tactic.GCongr.addGCongrLemmaEntry took 0.008ms
interpretation of Mathlib.Tactic.GCongr.addGCongrLemmaEntry took 0.008ms
interpretation of Mathlib.Tactic.GCongr.addGCongrLemmaEntry took 0.00773ms
interpretation of Mathlib.Tactic.GCongr.addGCongrLemmaEntry took 0.0076ms
interpretation of Mathlib.Tactic.GCongr.addGCongrLemmaEntry took 0.00696ms
interpretation of Mathlib.Tactic.GCongr.addGCongrLemmaEntry took 0.00639ms
interpretation of Mathlib.Tactic.GCongr.addGCongrLemmaEntry took 0.00722ms
interpretation of Mathlib.Tactic.GCongr.addGCongrLemmaEntry took 0.0079ms
interpretation of Mathlib.Tactic.GCongr.addGCongrLemmaEntry took 0.0059ms
interpretation of Mathlib.Tactic.GCongr.addGCongrLemmaEntry took 0.00827ms
interpretation of Mathlib.Tactic.GCongr.addGCongrLemmaEntry took 0.00707ms
interpretation of Mathlib.Tactic.GCongr.addGCongrLemmaEntry took 0.00616ms
interpretation of Mathlib.Tactic.GCongr.addGCongrLemmaEntry took 0.00814ms
interpretation of Mathlib.Tactic.GCongr.addGCongrLemmaEntry took 0.00849ms
interpretation of Mathlib.Tactic.GCongr.addGCongrLemmaEntry took 0.00723ms
interpretation of Mathlib.Tactic.GCongr.addGCongrLemmaEntry took 0.00659ms
interpretation of Mathlib.Tactic.GCongr.addGCongrLemmaEntry took 0.00729ms
interpretation of Mathlib.Tactic.GCongr.addGCongrLemmaEntry took 0.00626ms
interpretation of Mathlib.Tactic.GCongr.addGCongrLemmaEntry took 0.00671ms
interpretation of Mathlib.Tactic.GCongr.addGCongrLemmaEntry took 0.00598ms
interpretation of Mathlib.Tactic.GCongr.addGCongrLemmaEntry took 0.00716ms
interpretation of Mathlib.Tactic.GCongr.addGCongrLemmaEntry took 0.00684ms
interpretation of Mathlib.Tactic.GCongr.addGCongrLemmaEntry took 0.00584ms
interpretation of Mathlib.Tactic.GCongr.addGCongrLemmaEntry took 0.00861ms
interpretation of Mathlib.Tactic.GCongr.addGCongrLemmaEntry took 0.00977ms
interpretation of Mathlib.Tactic.GCongr.addGCongrLemmaEntry took 0.00694ms
interpretation of Mathlib.Tactic.GCongr.addGCongrLemmaEntry took 0.00715ms
interpretation of Mathlib.Tactic.GCongr.addGCongrLemmaEntry took 0.00647ms
interpretation of Mathlib.Tactic.GCongr.addGCongrLemmaEntry took 0.00715ms
interpretation of Mathlib.Tactic.GCongr.addGCongrLemmaEntry took 0.00678ms
interpretation of Mathlib.Tactic.GCongr.addGCongrLemmaEntry took 0.00903ms
interpretation of Mathlib.Tactic.GCongr.addGCongrLemmaEntry took 0.0081ms
interpretation of Mathlib.Tactic.GCongr.addGCongrLemmaEntry took 0.00804ms
interpretation of Mathlib.Tactic.GCongr.addGCongrLemmaEntry took 0.0135ms
interpretation of Mathlib.Tactic.GCongr.addGCongrLemmaEntry took 0.00924ms
interpretation of Mathlib.Tactic.GCongr.addGCongrLemmaEntry took 0.00915ms
interpretation of Mathlib.Tactic.GCongr.addGCongrLemmaEntry took 0.00806ms
interpretation of Mathlib.Tactic.GCongr.addGCongrLemmaEntry took 0.00796ms
interpretation of Mathlib.Tactic.GCongr.addGCongrLemmaEntry took 0.00724ms
interpretation of Mathlib.Tactic.GCongr.addGCongrLemmaEntry took 0.00782ms
interpretation of Mathlib.Tactic.GCongr.addGCongrLemmaEntry took 0.00673ms
interpretation of Mathlib.Tactic.GCongr.addGCongrLemmaEntry took 0.0088ms
interpretation of Mathlib.Tactic.GCongr.addGCongrLemmaEntry took 0.0128ms
interpretation of Mathlib.Tactic.GCongr.addGCongrLemmaEntry took 0.008ms
interpretation of Mathlib.Tactic.GCongr.addGCongrLemmaEntry took 0.00715ms
interpretation of Mathlib.Tactic.GCongr.addGCongrLemmaEntry took 0.00712ms
interpretation of Mathlib.Tactic.GCongr.addGCongrLemmaEntry took 0.00592ms
interpretation of Mathlib.Tactic.GCongr.addGCongrLemmaEntry took 0.00676ms
interpretation of Mathlib.Tactic.GCongr.addGCongrLemmaEntry took 0.00673ms
interpretation of Mathlib.Tactic.GCongr.addGCongrLemmaEntry took 0.00683ms
interpretation of Mathlib.Tactic.GCongr.addGCongrLemmaEntry took 0.00677ms
interpretation of Mathlib.Tactic.GCongr.addGCongrLemmaEntry took 0.00755ms
interpretation of Mathlib.Tactic.GCongr.addGCongrLemmaEntry took 0.00696ms
interpretation of Mathlib.Tactic.GCongr.addGCongrLemmaEntry took 0.00724ms
interpretation of Mathlib.Tactic.GCongr.addGCongrLemmaEntry took 0.00707ms
interpretation of Mathlib.Tactic.GCongr.addGCongrLemmaEntry took 0.00719ms
interpretation of Mathlib.Tactic.GCongr.addGCongrLemmaEntry took 0.00602ms
interpretation of Mathlib.Tactic.GCongr.addGCongrLemmaEntry took 0.00656ms
interpretation of Mathlib.Tactic.GCongr.addGCongrLemmaEntry took 0.00673ms
interpretation of Mathlib.Tactic.GCongr.addGCongrLemmaEntry took 0.00768ms
interpretation of Mathlib.Tactic.GCongr.addGCongrLemmaEntry took 0.00689ms
interpretation of Mathlib.Tactic.GCongr.addGCongrLemmaEntry took 0.00677ms
interpretation of Mathlib.Tactic.GCongr.addGCongrLemmaEntry took 0.00674ms
interpretation of Mathlib.Tactic.GCongr.addGCongrLemmaEntry took 0.00662ms
interpretation of Mathlib.Tactic.GCongr.addGCongrLemmaEntry took 0.00666ms
interpretation of Mathlib.Tactic.GCongr.addGCongrLemmaEntry took 0.00716ms
interpretation of Mathlib.Tactic.GCongr.addGCongrLemmaEntry took 0.00673ms
interpretation of Mathlib.Tactic.GCongr.addGCongrLemmaEntry took 0.00698ms
interpretation of Mathlib.Tactic.GCongr.addGCongrLemmaEntry took 0.00684ms
interpretation of Mathlib.Tactic.GCongr.addGCongrLemmaEntry took 0.00707ms
interpretation of Mathlib.Tactic.GCongr.addGCongrLemmaEntry took 0.00596ms
interpretation of Mathlib.Tactic.GCongr.addGCongrLemmaEntry took 0.00789ms
interpretation of Mathlib.Tactic.GCongr.addGCongrLemmaEntry took 0.00703ms
interpretation of Mathlib.Tactic.GCongr.addGCongrLemmaEntry took 0.00825ms
interpretation of Mathlib.Tactic.GCongr.addGCongrLemmaEntry took 0.00646ms
interpretation of Mathlib.Tactic.GCongr.addGCongrLemmaEntry took 0.00744ms
interpretation of Mathlib.Tactic.GCongr.addGCongrLemmaEntry took 0.00641ms
interpretation of Mathlib.Tactic.GCongr.addGCongrLemmaEntry took 0.00697ms
interpretation of Mathlib.Tactic.GCongr.addGCongrLemmaEntry took 0.00668ms
interpretation of Mathlib.Tactic.GCongr.addGCongrLemmaEntry took 0.00762ms
interpretation of Mathlib.Tactic.GCongr.addGCongrLemmaEntry took 0.0095ms
interpretation of Mathlib.Tactic.GCongr.addGCongrLemmaEntry took 0.00645ms
interpretation of Mathlib.Tactic.GCongr.addGCongrLemmaEntry took 0.00738ms
interpretation of Mathlib.Tactic.GCongr.addGCongrLemmaEntry took 0.00679ms
interpretation of Mathlib.Tactic.GCongr.addGCongrLemmaEntry took 0.00726ms
interpretation of Mathlib.Tactic.GCongr.addGCongrLemmaEntry took 0.0115ms
interpretation of Mathlib.Tactic.GCongr.addGCongrLemmaEntry took 0.00693ms
interpretation of Mathlib.Tactic.GCongr.addGCongrLemmaEntry took 0.00773ms
interpretation of Mathlib.Tactic.GCongr.addGCongrLemmaEntry took 0.00656ms
interpretation of Mathlib.Tactic.GCongr.addGCongrLemmaEntry took 0.0082ms
interpretation of Mathlib.Tactic.GCongr.addGCongrLemmaEntry took 0.00653ms
interpretation of Mathlib.Tactic.GCongr.addGCongrLemmaEntry took 0.00877ms
interpretation of Mathlib.Tactic.GCongr.addGCongrLemmaEntry took 0.0078ms
interpretation of Mathlib.Tactic.GCongr.addGCongrLemmaEntry took 0.00844ms
interpretation of Mathlib.Tactic.GCongr.addGCongrLemmaEntry took 0.00799ms
interpretation of Mathlib.Tactic.GCongr.addGCongrLemmaEntry took 0.00767ms
interpretation of Mathlib.Tactic.GCongr.addGCongrLemmaEntry took 0.00771ms
interpretation of Mathlib.Tactic.GCongr.addGCongrLemmaEntry took 0.0083ms
interpretation of Mathlib.Tactic.GCongr.addGCongrLemmaEntry took 0.00779ms
interpretation of Mathlib.Tactic.GCongr.addGCongrLemmaEntry took 0.00894ms
interpretation of Mathlib.Tactic.GCongr.addGCongrLemmaEntry took 0.00777ms
interpretation of Mathlib.Tactic.GCongr.addGCongrLemmaEntry took 0.00746ms
interpretation of Mathlib.Tactic.GCongr.addGCongrLemmaEntry took 0.00745ms
interpretation of Mathlib.Tactic.GCongr.addGCongrLemmaEntry took 0.00785ms
interpretation of Mathlib.Tactic.GCongr.addGCongrLemmaEntry took 0.0078ms
interpretation of Mathlib.Tactic.GCongr.addGCongrLemmaEntry took 0.00779ms
interpretation of Mathlib.Tactic.GCongr.addGCongrLemmaEntry took 0.0062ms
interpretation of Mathlib.Tactic.GCongr.addGCongrLemmaEntry took 0.00884ms
interpretation of Mathlib.Tactic.GCongr.addGCongrLemmaEntry took 0.00775ms
interpretation of Mathlib.Tactic.GCongr.addGCongrLemmaEntry took 0.0068ms
interpretation of Mathlib.Tactic.GCongr.addGCongrLemmaEntry took 0.00789ms
interpretation of Mathlib.Tactic.GCongr.addGCongrLemmaEntry took 0.00668ms
interpretation of Mathlib.Tactic.GCongr.addGCongrLemmaEntry took 0.00708ms
interpretation of Mathlib.Tactic.GCongr.addGCongrLemmaEntry took 0.00668ms
interpretation of Mathlib.Tactic.GCongr.addGCongrLemmaEntry took 0.00671ms
interpretation of Mathlib.Tactic.GCongr.addGCongrLemmaEntry took 0.00699ms
interpretation of Mathlib.Tactic.GCongr.addGCongrLemmaEntry took 0.0113ms
interpretation of Mathlib.Tactic.GCongr.addGCongrLemmaEntry took 0.00843ms
interpretation of Mathlib.Tactic.GCongr.addGCongrLemmaEntry took 0.00851ms
interpretation of Mathlib.Tactic.GCongr.addGCongrLemmaEntry took 0.00963ms
interpretation of Mathlib.Tactic.GCongr.addGCongrLemmaEntry took 0.00969ms
interpretation of Mathlib.Tactic.GCongr.addGCongrLemmaEntry took 0.00901ms
interpretation of Mathlib.Tactic.GCongr.addGCongrLemmaEntry took 0.0084ms
interpretation of Mathlib.Tactic.GCongr.addGCongrLemmaEntry took 0.00931ms
interpretation of Mathlib.Tactic.GCongr.addGCongrLemmaEntry took 0.00826ms
interpretation of Mathlib.Tactic.GCongr.addGCongrLemmaEntry took 0.00699ms
interpretation of Mathlib.Tactic.GCongr.addGCongrLemmaEntry took 0.00942ms
interpretation of Mathlib.Tactic.GCongr.addGCongrLemmaEntry took 0.00752ms
interpretation of Mathlib.Tactic.GCongr.addGCongrLemmaEntry took 0.00804ms
interpretation of Mathlib.Tactic.GCongr.addGCongrLemmaEntry took 0.00636ms
interpretation of Mathlib.Tactic.GCongr.addGCongrLemmaEntry took 0.00694ms
interpretation of Mathlib.Tactic.GCongr.addGCongrLemmaEntry took 0.0074ms
interpretation of Mathlib.Tactic.GCongr.addGCongrLemmaEntry took 0.00628ms
interpretation of Mathlib.Tactic.GCongr.addGCongrLemmaEntry took 0.00665ms
interpretation of Mathlib.Tactic.GCongr.addGCongrLemmaEntry took 0.00665ms
interpretation of Mathlib.Tactic.GCongr.addGCongrLemmaEntry took 0.00647ms
interpretation of Mathlib.Tactic.GCongr.addGCongrLemmaEntry took 0.00635ms
interpretation of Mathlib.Tactic.GCongr.addGCongrLemmaEntry took 0.00646ms
interpretation of Mathlib.Tactic.GCongr.addGCongrLemmaEntry took 0.00667ms
interpretation of Mathlib.Tactic.GCongr.addGCongrLemmaEntry took 0.00633ms
interpretation of Mathlib.Tactic.GCongr.addGCongrLemmaEntry took 0.00635ms
interpretation of Mathlib.Tactic.GCongr.addGCongrLemmaEntry took 0.00596ms
interpretation of Mathlib.Tactic.GCongr.addGCongrLemmaEntry took 0.00635ms
interpretation of Mathlib.Tactic.GCongr.addGCongrLemmaEntry took 0.176ms
interpretation of Mathlib.Tactic.GCongr.addGCongrLemmaEntry took 0.00782ms
interpretation of Mathlib.Tactic.GCongr.addGCongrLemmaEntry took 0.00679ms
interpretation of Mathlib.Tactic.GCongr.addGCongrLemmaEntry took 0.00709ms
interpretation of Mathlib.Tactic.GCongr.addGCongrLemmaEntry took 0.00746ms
interpretation of Mathlib.Tactic.GCongr.addGCongrLemmaEntry took 0.0069ms
interpretation of Mathlib.Tactic.GCongr.addGCongrLemmaEntry took 0.00675ms
interpretation of Mathlib.Tactic.GCongr.addGCongrLemmaEntry took 0.00673ms
interpretation of Mathlib.Tactic.GCongr.addGCongrLemmaEntry took 0.00654ms
interpretation of Mathlib.Tactic.GCongr.addGCongrLemmaEntry took 0.0073ms
interpretation of Mathlib.Tactic.GCongr.addGCongrLemmaEntry took 0.00706ms
interpretation of Mathlib.Tactic.GCongr.addGCongrLemmaEntry took 0.00676ms
interpretation of Mathlib.Tactic.GCongr.addGCongrLemmaEntry took 0.00667ms
interpretation of Mathlib.Tactic.GCongr.addGCongrLemmaEntry took 0.00704ms
interpretation of Mathlib.Tactic.GCongr.addGCongrLemmaEntry took 0.00703ms
interpretation of Mathlib.Tactic.GCongr.addGCongrLemmaEntry took 0.00658ms
interpretation of Mathlib.Tactic.GCongr.addGCongrLemmaEntry took 0.00791ms
interpretation of Mathlib.Tactic.GCongr.addGCongrLemmaEntry took 0.00813ms
interpretation of Mathlib.Tactic.GCongr.addGCongrLemmaEntry took 0.00662ms
interpretation of Mathlib.Tactic.GCongr.addGCongrLemmaEntry took 0.00843ms
interpretation of Mathlib.Tactic.GCongr.addGCongrLemmaEntry took 0.0086ms
interpretation of Mathlib.Tactic.GCongr.addGCongrLemmaEntry took 0.00706ms
interpretation of Mathlib.Tactic.GCongr.addGCongrLemmaEntry took 0.00796ms
interpretation of Mathlib.Tactic.GCongr.addGCongrLemmaEntry took 0.0082ms
interpretation of Mathlib.Tactic.GCongr.addGCongrLemmaEntry took 0.00647ms
interpretation of Mathlib.Tactic.GCongr.addGCongrLemmaEntry took 0.00755ms
interpretation of Mathlib.Tactic.GCongr.addGCongrLemmaEntry took 0.0067ms
interpretation of Mathlib.Tactic.GCongr.addGCongrLemmaEntry took 0.00674ms
interpretation of Mathlib.Tactic.GCongr.addGCongrLemmaEntry took 0.00799ms
interpretation of Mathlib.Tactic.GCongr.addGCongrLemmaEntry took 0.00684ms
interpretation of Mathlib.Tactic.GCongr.addGCongrLemmaEntry took 0.00629ms
interpretation of Mathlib.Tactic.GCongr.addGCongrLemmaEntry took 0.00675ms
interpretation of Mathlib.Tactic.GCongr.addGCongrLemmaEntry took 0.00692ms
interpretation of Mathlib.Tactic.GCongr.addGCongrLemmaEntry took 0.00714ms
interpretation of Mathlib.Tactic.GCongr.addGCongrLemmaEntry took 0.00857ms
interpretation of Mathlib.Tactic.GCongr.addGCongrLemmaEntry took 0.00772ms
interpretation of Mathlib.Tactic.GCongr.addGCongrLemmaEntry took 0.00639ms
interpretation of Mathlib.Tactic.GCongr.addGCongrLemmaEntry took 0.00675ms
interpretation of Mathlib.Tactic.GCongr.addGCongrLemmaEntry took 0.00597ms
interpretation of Mathlib.Tactic.GCongr.addGCongrLemmaEntry took 0.0081ms
interpretation of Mathlib.Tactic.GCongr.addGCongrLemmaEntry took 0.00798ms
interpretation of Mathlib.Tactic.GCongr.addGCongrLemmaEntry took 0.00704ms
interpretation of Mathlib.Tactic.GCongr.addGCongrLemmaEntry took 0.00918ms
interpretation of Mathlib.Tactic.GCongr.addGCongrLemmaEntry took 0.00721ms
interpretation of Mathlib.Tactic.GCongr.addGCongrLemmaEntry took 0.00845ms
interpretation of Mathlib.Tactic.GCongr.addGCongrLemmaEntry took 0.00624ms
interpretation of Mathlib.Tactic.GCongr.addGCongrLemmaEntry took 0.00632ms
interpretation of Mathlib.Tactic.GCongr.addGCongrLemmaEntry took 0.00784ms
interpretation of Mathlib.Tactic.GCongr.addGCongrLemmaEntry took 0.0073ms
interpretation of Mathlib.Tactic.GCongr.addGCongrLemmaEntry took 0.00802ms
interpretation of Mathlib.Tactic.GCongr.addGCongrLemmaEntry took 0.00764ms
interpretation of Mathlib.Tactic.GCongr.addGCongrLemmaEntry took 0.01ms
interpretation of Mathlib.Tactic.GCongr.addGCongrLemmaEntry took 0.00675ms
interpretation of Mathlib.Tactic.GCongr.addGCongrLemmaEntry took 0.00971ms
interpretation of Mathlib.Tactic.GCongr.addGCongrLemmaEntry took 0.00932ms
interpretation of Mathlib.Tactic.GCongr.addGCongrLemmaEntry took 0.00976ms
interpretation of Mathlib.Tactic.GCongr.addGCongrLemmaEntry took 0.00902ms
interpretation of Mathlib.Tactic.GCongr.addGCongrLemmaEntry took 0.00999ms
interpretation of Mathlib.Tactic.GCongr.addGCongrLemmaEntry took 0.00804ms
interpretation of Mathlib.Tactic.GCongr.addGCongrLemmaEntry took 0.00767ms
interpretation of Mathlib.Tactic.GCongr.addGCongrLemmaEntry took 0.00696ms
interpretation of Mathlib.Tactic.GCongr.addGCongrLemmaEntry took 0.00786ms
interpretation of Mathlib.Tactic.GCongr.addGCongrLemmaEntry took 0.00635ms
interpretation of Mathlib.Tactic.GCongr.addGCongrLemmaEntry took 0.00724ms
interpretation of Mathlib.Tactic.GCongr.addGCongrLemmaEntry took 0.00724ms
interpretation of Mathlib.Tactic.GCongr.addGCongrLemmaEntry took 0.0088ms
interpretation of Mathlib.Tactic.GCongr.addGCongrLemmaEntry took 0.01ms
interpretation of Mathlib.Tactic.GCongr.addGCongrLemmaEntry took 0.00929ms
interpretation of Mathlib.Tactic.GCongr.addGCongrLemmaEntry took 0.00997ms
interpretation of Mathlib.Tactic.GCongr.addGCongrLemmaEntry took 0.00807ms
interpretation of Mathlib.Tactic.GCongr.addGCongrLemmaEntry took 0.0123ms
interpretation of Mathlib.Tactic.GCongr.addGCongrLemmaEntry took 0.0125ms
interpretation of Mathlib.Tactic.GCongr.addGCongrLemmaEntry took 0.00786ms
interpretation of Mathlib.Tactic.GCongr.addGCongrLemmaEntry took 0.00706ms
interpretation of Mathlib.Tactic.GCongr.addGCongrLemmaEntry took 0.00799ms
interpretation of Mathlib.Tactic.GCongr.addGCongrLemmaEntry took 0.00615ms
interpretation of Mathlib.Tactic.GCongr.addGCongrLemmaEntry took 0.00801ms
interpretation of Mathlib.Tactic.GCongr.addGCongrLemmaEntry took 0.00651ms
interpretation of Mathlib.Tactic.GCongr.addGCongrLemmaEntry took 0.0959ms
interpretation of Mathlib.Tactic.GCongr.addGCongrLemmaEntry took 0.00889ms
interpretation of Mathlib.Tactic.GCongr.addGCongrLemmaEntry took 0.00856ms
interpretation of Mathlib.Tactic.GCongr.addGCongrLemmaEntry took 0.0108ms
interpretation of Mathlib.Tactic.GCongr.addGCongrLemmaEntry took 0.00893ms
interpretation of Mathlib.Tactic.GCongr.addGCongrLemmaEntry took 0.0101ms
interpretation of Mathlib.Tactic.GCongr.addGCongrLemmaEntry took 0.0434ms
interpretation of Mathlib.Tactic.GCongr.addGCongrLemmaEntry took 0.0131ms
interpretation of Mathlib.Tactic.GCongr.addGCongrLemmaEntry took 0.00828ms
interpretation of Mathlib.Tactic.GCongr.addGCongrLemmaEntry took 0.00821ms
interpretation of Mathlib.Tactic.GCongr.addGCongrLemmaEntry took 0.00731ms
interpretation of Mathlib.Tactic.GCongr.addGCongrLemmaEntry took 0.00857ms
interpretation of Mathlib.Tactic.GCongr.addGCongrLemmaEntry took 0.00734ms
interpretation of Mathlib.Tactic.GCongr.addGCongrLemmaEntry took 0.00789ms
interpretation of Mathlib.Tactic.GCongr.addGCongrLemmaEntry took 0.0072ms
interpretation of Mathlib.Tactic.GCongr.addGCongrLemmaEntry took 0.00603ms
interpretation of Mathlib.Tactic.GCongr.addGCongrLemmaEntry took 0.00706ms
interpretation of Mathlib.Tactic.GCongr.addGCongrLemmaEntry took 0.00784ms
interpretation of Mathlib.Tactic.GCongr.addGCongrLemmaEntry took 0.00588ms
interpretation of Mathlib.Tactic.GCongr.addGCongrLemmaEntry took 0.0079ms
interpretation of Mathlib.Tactic.GCongr.addGCongrLemmaEntry took 0.0067ms
interpretation of Mathlib.Tactic.GCongr.addGCongrLemmaEntry took 0.00622ms
interpretation of Mathlib.Tactic.GCongr.addGCongrLemmaEntry took 0.00709ms
interpretation of Mathlib.Tactic.GCongr.addGCongrLemmaEntry took 0.0077ms
interpretation of Mathlib.Tactic.GCongr.addGCongrLemmaEntry took 0.00881ms
interpretation of Mathlib.Tactic.GCongr.addGCongrLemmaEntry took 0.0077ms
interpretation of Mathlib.Tactic.GCongr.addGCongrLemmaEntry took 0.00722ms
interpretation of Mathlib.Tactic.GCongr.addGCongrLemmaEntry took 0.0069ms
interpretation of Mathlib.Tactic.GCongr.addGCongrLemmaEntry took 0.00851ms
interpretation of Mathlib.Tactic.GCongr.addGCongrLemmaEntry took 0.00789ms
interpretation of Mathlib.Tactic.GCongr.addGCongrLemmaEntry took 0.00841ms
interpretation of Mathlib.Tactic.GCongr.addGCongrLemmaEntry took 0.00792ms
interpretation of Mathlib.Tactic.GCongr.addGCongrLemmaEntry took 0.00832ms
interpretation of Mathlib.Tactic.GCongr.addGCongrLemmaEntry took 0.0069ms
interpretation of Mathlib.Tactic.GCongr.addGCongrLemmaEntry took 0.00801ms
interpretation of Mathlib.Tactic.GCongr.addGCongrLemmaEntry took 0.00716ms
interpretation of Mathlib.Tactic.GCongr.addGCongrLemmaEntry took 0.00856ms
interpretation of Mathlib.Tactic.GCongr.addGCongrLemmaEntry took 0.00938ms
interpretation of Mathlib.Tactic.GCongr.addGCongrLemmaEntry took 0.00776ms
interpretation of Mathlib.Tactic.GCongr.addGCongrLemmaEntry took 0.014ms
interpretation of Mathlib.Tactic.GCongr.addGCongrLemmaEntry took 0.00851ms
interpretation of Mathlib.Tactic.GCongr.addGCongrLemmaEntry took 0.00931ms
interpretation of Mathlib.Tactic.GCongr.addGCongrLemmaEntry took 0.00829ms
interpretation of Mathlib.Tactic.GCongr.addGCongrLemmaEntry took 0.00716ms
interpretation of Mathlib.Tactic.GCongr.addGCongrLemmaEntry took 0.00744ms
interpretation of Mathlib.Tactic.GCongr.addGCongrLemmaEntry took 0.0064ms
interpretation of Mathlib.Tactic.GCongr.addGCongrLemmaEntry took 0.00797ms
interpretation of Mathlib.Tactic.GCongr.addGCongrLemmaEntry took 0.00741ms
interpretation of Mathlib.Tactic.GCongr.addGCongrLemmaEntry took 0.00783ms
interpretation of Mathlib.Tactic.GCongr.addGCongrLemmaEntry took 0.00803ms
interpretation of Mathlib.Tactic.GCongr.addGCongrLemmaEntry took 0.0116ms
interpretation of Mathlib.Tactic.GCongr.addGCongrLemmaEntry took 0.00756ms
interpretation of Mathlib.Tactic.GCongr.addGCongrLemmaEntry took 0.0069ms
interpretation of Mathlib.Tactic.GCongr.addGCongrLemmaEntry took 0.00781ms
interpretation of Mathlib.Tactic.GCongr.addGCongrLemmaEntry took 0.00695ms
interpretation of Mathlib.Tactic.GCongr.addGCongrLemmaEntry took 0.00653ms
interpretation of Mathlib.Tactic.GCongr.addGCongrLemmaEntry took 0.00802ms
interpretation of Mathlib.Tactic.GCongr.addGCongrLemmaEntry took 0.00679ms
interpretation of Mathlib.Tactic.GCongr.addGCongrLemmaEntry took 1.48ms
interpretation of Mathlib.Tactic.GCongr.addGCongrLemmaEntry took 0.054ms
interpretation of Mathlib.Tactic.GCongr.addGCongrLemmaEntry took 0.0136ms
interpretation of Mathlib.Tactic.GCongr.addGCongrLemmaEntry took 0.01ms
interpretation of Mathlib.Tactic.GCongr.addGCongrLemmaEntry took 0.00918ms
interpretation of Mathlib.Tactic.GCongr.addGCongrLemmaEntry took 0.0136ms
interpretation of Mathlib.Tactic.GCongr.addGCongrLemmaEntry took 0.0114ms
interpretation of Mathlib.Tactic.GCongr.addGCongrLemmaEntry took 0.00966ms
interpretation of Mathlib.Tactic.GCongr.addGCongrLemmaEntry took 0.0195ms
interpretation of Mathlib.Tactic.GCongr.addGCongrLemmaEntry took 0.0131ms
interpretation of Mathlib.Tactic.GCongr.addGCongrLemmaEntry took 0.0102ms
interpretation of Mathlib.Tactic.GCongr.addGCongrLemmaEntry took 0.0123ms
interpretation of Mathlib.Tactic.GCongr.addGCongrLemmaEntry took 0.00955ms
interpretation of Mathlib.Tactic.GCongr.addGCongrLemmaEntry took 0.0103ms
interpretation of Mathlib.Tactic.GCongr.addGCongrLemmaEntry took 0.0117ms
interpretation of Mathlib.Tactic.GCongr.addGCongrLemmaEntry took 0.00993ms
interpretation of Mathlib.Tactic.GCongr.addGCongrLemmaEntry took 0.00862ms
interpretation of Mathlib.Tactic.GCongr.addGCongrLemmaEntry took 0.00891ms
interpretation of Mathlib.Tactic.GCongr.addGCongrLemmaEntry took 0.00773ms
interpretation of Mathlib.Tactic.GCongr.addGCongrLemmaEntry took 0.00884ms
interpretation of Mathlib.Tactic.GCongr.addGCongrLemmaEntry took 0.00679ms
interpretation of Mathlib.Tactic.GCongr.addGCongrLemmaEntry took 0.00953ms
interpretation of Mathlib.Tactic.GCongr.addGCongrLemmaEntry took 0.0103ms
interpretation of Mathlib.Tactic.GCongr.addGCongrLemmaEntry took 0.00975ms
interpretation of Mathlib.Tactic.GCongr.addGCongrLemmaEntry took 0.00835ms
interpretation of Mathlib.Tactic.GCongr.addGCongrLemmaEntry took 0.0109ms
interpretation of Mathlib.Tactic.GCongr.addGCongrLemmaEntry took 0.00913ms
interpretation of Mathlib.Tactic.GCongr.addGCongrLemmaEntry took 0.00981ms
interpretation of Mathlib.Tactic.GCongr.addGCongrLemmaEntry took 0.00939ms
interpretation of Mathlib.Tactic.GCongr.addGCongrLemmaEntry took 0.00807ms
interpretation of Mathlib.Tactic.GCongr.addGCongrLemmaEntry took 0.00945ms
interpretation of Mathlib.Tactic.GCongr.addGCongrLemmaEntry took 0.00839ms
interpretation of Mathlib.Tactic.GCongr.addGCongrLemmaEntry took 0.00722ms
interpretation of Mathlib.Tactic.GCongr.addGCongrLemmaEntry took 0.00792ms
interpretation of Mathlib.Tactic.GCongr.addGCongrLemmaEntry took 0.00884ms
interpretation of Mathlib.Tactic.GCongr.addGCongrLemmaEntry took 0.00762ms
interpretation of Mathlib.Tactic.GCongr.addGCongrLemmaEntry took 0.0109ms
interpretation of Mathlib.Tactic.GCongr.addGCongrLemmaEntry took 0.00996ms
interpretation of Mathlib.Tactic.GCongr.addGCongrLemmaEntry took 0.00772ms
interpretation of Mathlib.Tactic.GCongr.addGCongrLemmaEntry took 0.00924ms
interpretation of Mathlib.Tactic.GCongr.addGCongrLemmaEntry took 0.00879ms
interpretation of Mathlib.Tactic.GCongr.addGCongrLemmaEntry took 0.00849ms
interpretation of Mathlib.Tactic.GCongr.addGCongrLemmaEntry took 0.00769ms
interpretation of Mathlib.Tactic.GCongr.addGCongrLemmaEntry took 0.00757ms
interpretation of Mathlib.Tactic.GCongr.addGCongrLemmaEntry took 0.00847ms
interpretation of Mathlib.Tactic.GCongr.addGCongrLemmaEntry took 0.0083ms
interpretation of Mathlib.Tactic.GCongr.addGCongrLemmaEntry took 0.00755ms
interpretation of Mathlib.Tactic.GCongr.addGCongrLemmaEntry took 0.00903ms
interpretation of Mathlib.Tactic.GCongr.addGCongrLemmaEntry took 0.00883ms
interpretation of Mathlib.Tactic.GCongr.addGCongrLemmaEntry took 0.00935ms
interpretation of Mathlib.Tactic.GCongr.addGCongrLemmaEntry took 0.00853ms
interpretation of Mathlib.Tactic.GCongr.addGCongrLemmaEntry took 0.00834ms
interpretation of Mathlib.Tactic.GCongr.addGCongrLemmaEntry took 0.00751ms
interpretation of Mathlib.Tactic.GCongr.addGCongrLemmaEntry took 0.00822ms
interpretation of Mathlib.Tactic.GCongr.addGCongrLemmaEntry took 0.00678ms
interpretation of Mathlib.Tactic.GCongr.addGCongrLemmaEntry took 0.00932ms
interpretation of Mathlib.Tactic.GCongr.addGCongrLemmaEntry took 0.00902ms
interpretation of Mathlib.Tactic.GCongr.addGCongrLemmaEntry took 0.00864ms
interpretation of Mathlib.Tactic.GCongr.addGCongrLemmaEntry took 0.00768ms
interpretation of Mathlib.Tactic.GCongr.addGCongrLemmaEntry took 0.00916ms
interpretation of Mathlib.Tactic.GCongr.addGCongrLemmaEntry took 0.00771ms
interpretation of Mathlib.Tactic.GCongr.addGCongrLemmaEntry took 0.00695ms
interpretation of Mathlib.Tactic.GCongr.addGCongrLemmaEntry took 0.081ms
interpretation of Mathlib.Tactic.GCongr.addGCongrLemmaEntry took 0.00786ms
interpretation of Mathlib.Tactic.GCongr.addGCongrLemmaEntry took 0.00891ms
interpretation of Mathlib.Tactic.GCongr.addGCongrLemmaEntry took 0.00977ms
interpretation of Mathlib.Tactic.GCongr.addGCongrLemmaEntry took 0.0379ms
interpretation of Mathlib.Tactic.GCongr.addGCongrLemmaEntry took 0.00924ms
interpretation of Mathlib.Tactic.GCongr.addGCongrLemmaEntry took 0.00847ms
interpretation of Mathlib.Tactic.GCongr.addGCongrLemmaEntry took 0.00739ms
interpretation of Mathlib.Tactic.GCongr.addGCongrLemmaEntry took 0.00942ms
interpretation of Mathlib.Tactic.GCongr.addGCongrLemmaEntry took 0.00767ms
interpretation of Mathlib.Tactic.GCongr.addGCongrLemmaEntry took 0.0115ms
interpretation of Mathlib.Tactic.GCongr.addGCongrLemmaEntry took 0.00843ms
interpretation of Mathlib.Tactic.GCongr.addGCongrLemmaEntry took 0.00851ms
interpretation of Mathlib.Tactic.GCongr.addGCongrLemmaEntry took 0.00953ms
interpretation of Mathlib.Tactic.GCongr.addGCongrLemmaEntry took 0.00897ms
interpretation of Mathlib.Tactic.GCongr.addGCongrLemmaEntry took 0.00694ms
interpretation of Mathlib.Tactic.GCongr.addGCongrLemmaEntry took 0.00724ms
interpretation of Mathlib.Tactic.GCongr.addGCongrLemmaEntry took 0.00851ms
interpretation of Mathlib.Tactic.GCongr.addGCongrLemmaEntry took 0.00695ms
interpretation of Mathlib.Tactic.GCongr.addGCongrLemmaEntry took 0.00738ms
interpretation of Mathlib.Tactic.GCongr.addGCongrLemmaEntry took 0.0088ms
interpretation of Mathlib.Tactic.GCongr.addGCongrLemmaEntry took 0.0088ms
interpretation of Mathlib.Tactic.GCongr.addGCongrLemmaEntry took 0.00739ms
interpretation of Mathlib.Tactic.GCongr.addGCongrLemmaEntry took 0.00758ms
interpretation of Mathlib.Tactic.GCongr.addGCongrLemmaEntry took 0.00777ms
interpretation of Mathlib.Tactic.GCongr.addGCongrLemmaEntry took 0.0139ms
interpretation of Mathlib.Tactic.GCongr.addGCongrLemmaEntry took 0.0114ms
interpretation of Mathlib.Tactic.GCongr.addGCongrLemmaEntry took 0.00979ms
interpretation of Mathlib.Tactic.GCongr.addGCongrLemmaEntry took 0.0117ms
interpretation of Mathlib.Tactic.GCongr.addGCongrLemmaEntry took 0.0157ms
interpretation of Mathlib.Tactic.GCongr.addGCongrLemmaEntry took 0.00929ms
interpretation of Mathlib.Tactic.GCongr.addGCongrLemmaEntry took 0.00832ms
interpretation of Mathlib.Tactic.GCongr.addGCongrLemmaEntry took 0.00874ms
interpretation of Mathlib.Tactic.GCongr.addGCongrLemmaEntry took 0.00941ms
interpretation of Mathlib.Tactic.GCongr.addGCongrLemmaEntry took 0.00905ms
interpretation of Mathlib.Tactic.GCongr.addGCongrLemmaEntry took 0.00847ms
interpretation of Mathlib.Tactic.GCongr.addGCongrLemmaEntry took 0.00771ms
interpretation of Mathlib.Tactic.GCongr.addGCongrLemmaEntry took 0.0112ms
interpretation of Mathlib.Tactic.GCongr.addGCongrLemmaEntry took 0.00787ms
interpretation of Mathlib.Tactic.GCongr.addGCongrLemmaEntry took 0.00808ms
interpretation of Mathlib.Tactic.GCongr.addGCongrLemmaEntry took 0.00765ms
interpretation of Mathlib.Tactic.GCongr.addGCongrLemmaEntry took 0.00779ms
interpretation of Mathlib.Tactic.GCongr.addGCongrLemmaEntry took 0.00661ms
interpretation of Mathlib.Tactic.GCongr.addGCongrLemmaEntry took 0.0087ms
interpretation of Mathlib.Tactic.GCongr.addGCongrLemmaEntry took 0.0068ms
interpretation of Mathlib.Tactic.GCongr.addGCongrLemmaEntry took 0.00903ms
interpretation of Mathlib.Tactic.GCongr.addGCongrLemmaEntry took 0.00882ms
interpretation of Mathlib.Tactic.GCongr.addGCongrLemmaEntry took 0.0091ms
interpretation of _private.Mathlib.Tactic.GCongr.Core.0.Mathlib.Tactic.GCongr.initFn._lam_1._@.Mathlib.Tactic.GCongr.Core.2716433739._hygCtx._hyg.2._boxed took 0.0179ms
interpretation of Lean.mkStateFromImportedEntries._at_._private.Mathlib.Tactic.Hint.0.Mathlib.Tactic.Hint.initFn._@.Mathlib.Tactic.Hint.2826036628._hygCtx._hyg.2.spec_0._boxed took 2.3ms
interpretation of _private.Mathlib.Tactic.FunProp.Decl.0.Mathlib.Meta.FunProp.initFn._lam_1._@.Mathlib.Tactic.FunProp.Decl.160052778._hygCtx._hyg.2 took 0.11ms
interpretation of _private.Mathlib.Tactic.FunProp.Decl.0.Mathlib.Meta.FunProp.initFn._lam_1._@.Mathlib.Tactic.FunProp.Decl.160052778._hygCtx._hyg.2 took 0.0115ms
interpretation of _private.Mathlib.Tactic.FunProp.Decl.0.Mathlib.Meta.FunProp.initFn._lam_1._@.Mathlib.Tactic.FunProp.Decl.160052778._hygCtx._hyg.2 took 0.00941ms
interpretation of _private.Mathlib.Tactic.FunProp.Decl.0.Mathlib.Meta.FunProp.initFn._lam_1._@.Mathlib.Tactic.FunProp.Decl.160052778._hygCtx._hyg.2 took 0.0073ms
interpretation of _private.Mathlib.Tactic.FunProp.Decl.0.Mathlib.Meta.FunProp.initFn._lam_1._@.Mathlib.Tactic.FunProp.Decl.160052778._hygCtx._hyg.2 took 0.00719ms
interpretation of _private.Mathlib.Tactic.FunProp.Decl.0.Mathlib.Meta.FunProp.initFn._lam_1._@.Mathlib.Tactic.FunProp.Decl.160052778._hygCtx._hyg.2 took 0.00746ms
interpretation of _private.Mathlib.Tactic.FunProp.Decl.0.Mathlib.Meta.FunProp.initFn._lam_1._@.Mathlib.Tactic.FunProp.Decl.160052778._hygCtx._hyg.2 took 0.0153ms
interpretation of _private.Mathlib.Tactic.FunProp.Decl.0.Mathlib.Meta.FunProp.initFn._lam_1._@.Mathlib.Tactic.FunProp.Decl.160052778._hygCtx._hyg.2 took 0.00751ms
interpretation of _private.Mathlib.Tactic.FunProp.Decl.0.Mathlib.Meta.FunProp.initFn._lam_1._@.Mathlib.Tactic.FunProp.Decl.160052778._hygCtx._hyg.2 took 0.0071ms
interpretation of _private.Mathlib.Tactic.FunProp.Decl.0.Mathlib.Meta.FunProp.initFn._lam_1._@.Mathlib.Tactic.FunProp.Decl.160052778._hygCtx._hyg.2 took 0.0909ms
interpretation of _private.Mathlib.Tactic.FunProp.Decl.0.Mathlib.Meta.FunProp.initFn._lam_1._@.Mathlib.Tactic.FunProp.Decl.160052778._hygCtx._hyg.2 took 0.00981ms
interpretation of _private.Mathlib.Tactic.FunProp.Decl.0.Mathlib.Meta.FunProp.initFn._lam_1._@.Mathlib.Tactic.FunProp.Decl.160052778._hygCtx._hyg.2 took 0.00707ms
interpretation of _private.Mathlib.Tactic.FunProp.Decl.0.Mathlib.Meta.FunProp.initFn._lam_1._@.Mathlib.Tactic.FunProp.Decl.160052778._hygCtx._hyg.2 took 0.00811ms
interpretation of _private.Mathlib.Tactic.FunProp.Decl.0.Mathlib.Meta.FunProp.initFn._lam_1._@.Mathlib.Tactic.FunProp.Decl.160052778._hygCtx._hyg.2 took 0.00813ms
interpretation of _private.Mathlib.Tactic.FunProp.Decl.0.Mathlib.Meta.FunProp.initFn._lam_1._@.Mathlib.Tactic.FunProp.Decl.160052778._hygCtx._hyg.2 took 0.00725ms
interpretation of _private.Mathlib.Tactic.FunProp.Decl.0.Mathlib.Meta.FunProp.initFn._lam_1._@.Mathlib.Tactic.FunProp.Decl.160052778._hygCtx._hyg.2 took 0.00754ms
interpretation of _private.Mathlib.Tactic.FunProp.Decl.0.Mathlib.Meta.FunProp.initFn._lam_1._@.Mathlib.Tactic.FunProp.Decl.160052778._hygCtx._hyg.2 took 0.00794ms
interpretation of _private.Mathlib.Tactic.FunProp.Decl.0.Mathlib.Meta.FunProp.initFn._lam_1._@.Mathlib.Tactic.FunProp.Decl.160052778._hygCtx._hyg.2 took 0.00796ms
interpretation of _private.Mathlib.Tactic.FunProp.Decl.0.Mathlib.Meta.FunProp.initFn._lam_1._@.Mathlib.Tactic.FunProp.Decl.160052778._hygCtx._hyg.2 took 0.00801ms
interpretation of _private.Mathlib.Tactic.FunProp.Decl.0.Mathlib.Meta.FunProp.initFn._lam_1._@.Mathlib.Tactic.FunProp.Decl.160052778._hygCtx._hyg.2 took 0.00812ms
interpretation of _private.Mathlib.Tactic.FunProp.Decl.0.Mathlib.Meta.FunProp.initFn._lam_1._@.Mathlib.Tactic.FunProp.Decl.160052778._hygCtx._hyg.2 took 0.0191ms
interpretation of _private.Mathlib.Tactic.FunProp.Decl.0.Mathlib.Meta.FunProp.initFn._lam_1._@.Mathlib.Tactic.FunProp.Decl.160052778._hygCtx._hyg.2 took 0.00881ms
interpretation of _private.Mathlib.Tactic.FunProp.Decl.0.Mathlib.Meta.FunProp.initFn._lam_2._@.Mathlib.Tactic.FunProp.Decl.160052778._hygCtx._hyg.2._boxed took 0.00825ms
interpretation of _private.Mathlib.Tactic.FunProp.Theorems.0.Mathlib.Meta.FunProp.initFn._lam_1._@.Mathlib.Tactic.FunProp.Theorems.2854048689._hygCtx._hyg.2 took 0.0936ms
interpretation of _private.Mathlib.Tactic.FunProp.Theorems.0.Mathlib.Meta.FunProp.initFn._lam_1._@.Mathlib.Tactic.FunProp.Theorems.2854048689._hygCtx._hyg.2 took 0.0886ms
interpretation of _private.Mathlib.Tactic.FunProp.Theorems.0.Mathlib.Meta.FunProp.initFn._lam_1._@.Mathlib.Tactic.FunProp.Theorems.2854048689._hygCtx._hyg.2 took 0.0203ms
interpretation of _private.Mathlib.Tactic.FunProp.Theorems.0.Mathlib.Meta.FunProp.initFn._lam_1._@.Mathlib.Tactic.FunProp.Theorems.2854048689._hygCtx._hyg.2 took 0.0402ms
interpretation of _private.Mathlib.Tactic.FunProp.Theorems.0.Mathlib.Meta.FunProp.initFn._lam_1._@.Mathlib.Tactic.FunProp.Theorems.2854048689._hygCtx._hyg.2 took 0.0183ms
interpretation of _private.Mathlib.Tactic.FunProp.Theorems.0.Mathlib.Meta.FunProp.initFn._lam_1._@.Mathlib.Tactic.FunProp.Theorems.2854048689._hygCtx._hyg.2 took 0.0205ms
interpretation of _private.Mathlib.Tactic.FunProp.Theorems.0.Mathlib.Meta.FunProp.initFn._lam_1._@.Mathlib.Tactic.FunProp.Theorems.2854048689._hygCtx._hyg.2 took 0.0144ms
interpretation of _private.Mathlib.Tactic.FunProp.Theorems.0.Mathlib.Meta.FunProp.initFn._lam_1._@.Mathlib.Tactic.FunProp.Theorems.2854048689._hygCtx._hyg.2 took 0.0151ms
interpretation of _private.Mathlib.Tactic.FunProp.Theorems.0.Mathlib.Meta.FunProp.initFn._lam_1._@.Mathlib.Tactic.FunProp.Theorems.2854048689._hygCtx._hyg.2 took 0.0135ms
interpretation of _private.Mathlib.Tactic.FunProp.Theorems.0.Mathlib.Meta.FunProp.initFn._lam_1._@.Mathlib.Tactic.FunProp.Theorems.2854048689._hygCtx._hyg.2 took 0.0127ms
interpretation of _private.Mathlib.Tactic.FunProp.Theorems.0.Mathlib.Meta.FunProp.initFn._lam_1._@.Mathlib.Tactic.FunProp.Theorems.2854048689._hygCtx._hyg.2 took 0.0125ms
interpretation of _private.Mathlib.Tactic.FunProp.Theorems.0.Mathlib.Meta.FunProp.initFn._lam_1._@.Mathlib.Tactic.FunProp.Theorems.2854048689._hygCtx._hyg.2 took 0.0128ms
interpretation of _private.Mathlib.Tactic.FunProp.Theorems.0.Mathlib.Meta.FunProp.initFn._lam_1._@.Mathlib.Tactic.FunProp.Theorems.2854048689._hygCtx._hyg.2 took 0.0127ms
interpretation of _private.Mathlib.Tactic.FunProp.Theorems.0.Mathlib.Meta.FunProp.initFn._lam_1._@.Mathlib.Tactic.FunProp.Theorems.2854048689._hygCtx._hyg.2 took 0.135ms
interpretation of _private.Mathlib.Tactic.FunProp.Theorems.0.Mathlib.Meta.FunProp.initFn._lam_1._@.Mathlib.Tactic.FunProp.Theorems.2854048689._hygCtx._hyg.2 took 0.0151ms
interpretation of _private.Mathlib.Tactic.FunProp.Theorems.0.Mathlib.Meta.FunProp.initFn._lam_1._@.Mathlib.Tactic.FunProp.Theorems.2854048689._hygCtx._hyg.2 took 0.0127ms
interpretation of _private.Mathlib.Tactic.FunProp.Theorems.0.Mathlib.Meta.FunProp.initFn._lam_1._@.Mathlib.Tactic.FunProp.Theorems.2854048689._hygCtx._hyg.2 took 0.0166ms
interpretation of _private.Mathlib.Tactic.FunProp.Theorems.0.Mathlib.Meta.FunProp.initFn._lam_1._@.Mathlib.Tactic.FunProp.Theorems.2854048689._hygCtx._hyg.2 took 0.0151ms
interpretation of _private.Mathlib.Tactic.FunProp.Theorems.0.Mathlib.Meta.FunProp.initFn._lam_1._@.Mathlib.Tactic.FunProp.Theorems.2854048689._hygCtx._hyg.2 took 0.0129ms
interpretation of _private.Mathlib.Tactic.FunProp.Theorems.0.Mathlib.Meta.FunProp.initFn._lam_1._@.Mathlib.Tactic.FunProp.Theorems.2854048689._hygCtx._hyg.2 took 0.0124ms
interpretation of _private.Mathlib.Tactic.FunProp.Theorems.0.Mathlib.Meta.FunProp.initFn._lam_1._@.Mathlib.Tactic.FunProp.Theorems.2854048689._hygCtx._hyg.2 took 0.0146ms
interpretation of _private.Mathlib.Tactic.FunProp.Theorems.0.Mathlib.Meta.FunProp.initFn._lam_1._@.Mathlib.Tactic.FunProp.Theorems.2854048689._hygCtx._hyg.2 took 0.0142ms
interpretation of _private.Mathlib.Tactic.FunProp.Theorems.0.Mathlib.Meta.FunProp.initFn._lam_1._@.Mathlib.Tactic.FunProp.Theorems.2854048689._hygCtx._hyg.2 took 0.0143ms
interpretation of _private.Mathlib.Tactic.FunProp.Theorems.0.Mathlib.Meta.FunProp.initFn._lam_1._@.Mathlib.Tactic.FunProp.Theorems.2854048689._hygCtx._hyg.2 took 0.0143ms
interpretation of _private.Mathlib.Tactic.FunProp.Theorems.0.Mathlib.Meta.FunProp.initFn._lam_1._@.Mathlib.Tactic.FunProp.Theorems.2854048689._hygCtx._hyg.2 took 0.0132ms
interpretation of _private.Mathlib.Tactic.FunProp.Theorems.0.Mathlib.Meta.FunProp.initFn._lam_1._@.Mathlib.Tactic.FunProp.Theorems.2854048689._hygCtx._hyg.2 took 0.0129ms
interpretation of _private.Mathlib.Tactic.FunProp.Theorems.0.Mathlib.Meta.FunProp.initFn._lam_1._@.Mathlib.Tactic.FunProp.Theorems.2854048689._hygCtx._hyg.2 took 0.0141ms
interpretation of _private.Mathlib.Tactic.FunProp.Theorems.0.Mathlib.Meta.FunProp.initFn._lam_1._@.Mathlib.Tactic.FunProp.Theorems.2854048689._hygCtx._hyg.2 took 0.0164ms
interpretation of _private.Mathlib.Tactic.FunProp.Theorems.0.Mathlib.Meta.FunProp.initFn._lam_1._@.Mathlib.Tactic.FunProp.Theorems.2854048689._hygCtx._hyg.2 took 0.0124ms
interpretation of _private.Mathlib.Tactic.FunProp.Theorems.0.Mathlib.Meta.FunProp.initFn._lam_1._@.Mathlib.Tactic.FunProp.Theorems.2854048689._hygCtx._hyg.2 took 0.0125ms
interpretation of _private.Mathlib.Tactic.FunProp.Theorems.0.Mathlib.Meta.FunProp.initFn._lam_1._@.Mathlib.Tactic.FunProp.Theorems.2854048689._hygCtx._hyg.2 took 0.0143ms
interpretation of _private.Mathlib.Tactic.FunProp.Theorems.0.Mathlib.Meta.FunProp.initFn._lam_1._@.Mathlib.Tactic.FunProp.Theorems.2854048689._hygCtx._hyg.2 took 0.14ms
interpretation of _private.Mathlib.Tactic.FunProp.Theorems.0.Mathlib.Meta.FunProp.initFn._lam_1._@.Mathlib.Tactic.FunProp.Theorems.2854048689._hygCtx._hyg.2 took 0.0161ms
interpretation of _private.Mathlib.Tactic.FunProp.Theorems.0.Mathlib.Meta.FunProp.initFn._lam_1._@.Mathlib.Tactic.FunProp.Theorems.2854048689._hygCtx._hyg.2 took 0.013ms
interpretation of _private.Mathlib.Tactic.FunProp.Theorems.0.Mathlib.Meta.FunProp.initFn._lam_1._@.Mathlib.Tactic.FunProp.Theorems.2854048689._hygCtx._hyg.2 took 0.0137ms
interpretation of _private.Mathlib.Tactic.FunProp.Theorems.0.Mathlib.Meta.FunProp.initFn._lam_1._@.Mathlib.Tactic.FunProp.Theorems.2854048689._hygCtx._hyg.2 took 0.0129ms
interpretation of _private.Mathlib.Tactic.FunProp.Theorems.0.Mathlib.Meta.FunProp.initFn._lam_1._@.Mathlib.Tactic.FunProp.Theorems.2854048689._hygCtx._hyg.2 took 0.0139ms
interpretation of _private.Mathlib.Tactic.FunProp.Theorems.0.Mathlib.Meta.FunProp.initFn._lam_1._@.Mathlib.Tactic.FunProp.Theorems.2854048689._hygCtx._hyg.2 took 0.0127ms
interpretation of _private.Mathlib.Tactic.FunProp.Theorems.0.Mathlib.Meta.FunProp.initFn._lam_1._@.Mathlib.Tactic.FunProp.Theorems.2854048689._hygCtx._hyg.2 took 0.0141ms
interpretation of _private.Mathlib.Tactic.FunProp.Theorems.0.Mathlib.Meta.FunProp.initFn._lam_1._@.Mathlib.Tactic.FunProp.Theorems.2854048689._hygCtx._hyg.2 took 0.0124ms
interpretation of _private.Mathlib.Tactic.FunProp.Theorems.0.Mathlib.Meta.FunProp.initFn._lam_1._@.Mathlib.Tactic.FunProp.Theorems.2854048689._hygCtx._hyg.2 took 0.0123ms
interpretation of _private.Mathlib.Tactic.FunProp.Theorems.0.Mathlib.Meta.FunProp.initFn._lam_1._@.Mathlib.Tactic.FunProp.Theorems.2854048689._hygCtx._hyg.2 took 0.0146ms
interpretation of _private.Mathlib.Tactic.FunProp.Theorems.0.Mathlib.Meta.FunProp.initFn._lam_1._@.Mathlib.Tactic.FunProp.Theorems.2854048689._hygCtx._hyg.2 took 0.0168ms
interpretation of _private.Mathlib.Tactic.FunProp.Theorems.0.Mathlib.Meta.FunProp.initFn._lam_1._@.Mathlib.Tactic.FunProp.Theorems.2854048689._hygCtx._hyg.2 took 0.0127ms
interpretation of _private.Mathlib.Tactic.FunProp.Theorems.0.Mathlib.Meta.FunProp.initFn._lam_1._@.Mathlib.Tactic.FunProp.Theorems.2854048689._hygCtx._hyg.2 took 0.0174ms
interpretation of _private.Mathlib.Tactic.FunProp.Theorems.0.Mathlib.Meta.FunProp.initFn._lam_1._@.Mathlib.Tactic.FunProp.Theorems.2854048689._hygCtx._hyg.2 took 0.0133ms
interpretation of _private.Mathlib.Tactic.FunProp.Theorems.0.Mathlib.Meta.FunProp.initFn._lam_1._@.Mathlib.Tactic.FunProp.Theorems.2854048689._hygCtx._hyg.2 took 0.105ms
interpretation of _private.Mathlib.Tactic.FunProp.Theorems.0.Mathlib.Meta.FunProp.initFn._lam_1._@.Mathlib.Tactic.FunProp.Theorems.2854048689._hygCtx._hyg.2 took 0.0166ms
interpretation of _private.Mathlib.Tactic.FunProp.Theorems.0.Mathlib.Meta.FunProp.initFn._lam_1._@.Mathlib.Tactic.FunProp.Theorems.2854048689._hygCtx._hyg.2 took 0.0145ms
interpretation of _private.Mathlib.Tactic.FunProp.Theorems.0.Mathlib.Meta.FunProp.initFn._lam_1._@.Mathlib.Tactic.FunProp.Theorems.2854048689._hygCtx._hyg.2 took 0.0482ms
interpretation of _private.Mathlib.Tactic.FunProp.Theorems.0.Mathlib.Meta.FunProp.initFn._lam_1._@.Mathlib.Tactic.FunProp.Theorems.2854048689._hygCtx._hyg.2 took 0.0172ms
interpretation of _private.Mathlib.Tactic.FunProp.Theorems.0.Mathlib.Meta.FunProp.initFn._lam_1._@.Mathlib.Tactic.FunProp.Theorems.2854048689._hygCtx._hyg.2 took 0.0131ms
interpretation of _private.Mathlib.Tactic.FunProp.Theorems.0.Mathlib.Meta.FunProp.initFn._lam_1._@.Mathlib.Tactic.FunProp.Theorems.2854048689._hygCtx._hyg.2 took 0.0124ms
interpretation of _private.Mathlib.Tactic.FunProp.Theorems.0.Mathlib.Meta.FunProp.initFn._lam_1._@.Mathlib.Tactic.FunProp.Theorems.2854048689._hygCtx._hyg.2 took 0.0127ms
interpretation of _private.Mathlib.Tactic.FunProp.Theorems.0.Mathlib.Meta.FunProp.initFn._lam_1._@.Mathlib.Tactic.FunProp.Theorems.2854048689._hygCtx._hyg.2 took 0.0139ms
interpretation of _private.Mathlib.Tactic.FunProp.Theorems.0.Mathlib.Meta.FunProp.initFn._lam_1._@.Mathlib.Tactic.FunProp.Theorems.2854048689._hygCtx._hyg.2 took 0.0126ms
interpretation of _private.Mathlib.Tactic.FunProp.Theorems.0.Mathlib.Meta.FunProp.initFn._lam_1._@.Mathlib.Tactic.FunProp.Theorems.2854048689._hygCtx._hyg.2 took 0.0125ms
interpretation of _private.Mathlib.Tactic.FunProp.Theorems.0.Mathlib.Meta.FunProp.initFn._lam_1._@.Mathlib.Tactic.FunProp.Theorems.2854048689._hygCtx._hyg.2 took 0.0855ms
interpretation of _private.Mathlib.Tactic.FunProp.Theorems.0.Mathlib.Meta.FunProp.initFn._lam_1._@.Mathlib.Tactic.FunProp.Theorems.2854048689._hygCtx._hyg.2 took 0.0151ms
interpretation of _private.Mathlib.Tactic.FunProp.Theorems.0.Mathlib.Meta.FunProp.initFn._lam_1._@.Mathlib.Tactic.FunProp.Theorems.2854048689._hygCtx._hyg.2 took 0.2ms
interpretation of _private.Mathlib.Tactic.FunProp.Theorems.0.Mathlib.Meta.FunProp.initFn._lam_1._@.Mathlib.Tactic.FunProp.Theorems.2854048689._hygCtx._hyg.2 took 0.0164ms
interpretation of _private.Mathlib.Tactic.FunProp.Theorems.0.Mathlib.Meta.FunProp.initFn._lam_1._@.Mathlib.Tactic.FunProp.Theorems.2854048689._hygCtx._hyg.2 took 0.013ms
interpretation of _private.Mathlib.Tactic.FunProp.Theorems.0.Mathlib.Meta.FunProp.initFn._lam_1._@.Mathlib.Tactic.FunProp.Theorems.2854048689._hygCtx._hyg.2 took 0.0128ms
interpretation of _private.Mathlib.Tactic.FunProp.Theorems.0.Mathlib.Meta.FunProp.initFn._lam_1._@.Mathlib.Tactic.FunProp.Theorems.2854048689._hygCtx._hyg.2 took 0.0126ms
interpretation of _private.Mathlib.Tactic.FunProp.Theorems.0.Mathlib.Meta.FunProp.initFn._lam_2._@.Mathlib.Tactic.FunProp.Theorems.2854048689._hygCtx._hyg.2._boxed took 0.0111ms
interpretation of _private.Mathlib.Tactic.FunProp.Theorems.0.Mathlib.Meta.FunProp.initFn._lam_0._@.Mathlib.Tactic.FunProp.Theorems.1545051141._hygCtx._hyg.2 took 0.0503ms
interpretation of _private.Mathlib.Tactic.FunProp.Theorems.0.Mathlib.Meta.FunProp.initFn._lam_0._@.Mathlib.Tactic.FunProp.Theorems.1545051141._hygCtx._hyg.2 took 0.0139ms
interpretation of _private.Mathlib.Tactic.FunProp.Theorems.0.Mathlib.Meta.FunProp.initFn._lam_0._@.Mathlib.Tactic.FunProp.Theorems.1545051141._hygCtx._hyg.2 took 0.00866ms
interpretation of _private.Mathlib.Tactic.FunProp.Theorems.0.Mathlib.Meta.FunProp.initFn._lam_0._@.Mathlib.Tactic.FunProp.Theorems.1545051141._hygCtx._hyg.2 took 0.0094ms
interpretation of _private.Mathlib.Tactic.FunProp.Theorems.0.Mathlib.Meta.FunProp.initFn._lam_0._@.Mathlib.Tactic.FunProp.Theorems.1545051141._hygCtx._hyg.2 took 0.0066ms
interpretation of _private.Mathlib.Tactic.FunProp.Theorems.0.Mathlib.Meta.FunProp.initFn._lam_0._@.Mathlib.Tactic.FunProp.Theorems.1545051141._hygCtx._hyg.2 took 0.00622ms
interpretation of _private.Mathlib.Tactic.FunProp.Theorems.0.Mathlib.Meta.FunProp.initFn._lam_0._@.Mathlib.Tactic.FunProp.Theorems.1545051141._hygCtx._hyg.2 took 0.00657ms
interpretation of _private.Mathlib.Tactic.FunProp.Theorems.0.Mathlib.Meta.FunProp.initFn._lam_0._@.Mathlib.Tactic.FunProp.Theorems.1545051141._hygCtx._hyg.2 took 0.00717ms
interpretation of _private.Mathlib.Tactic.FunProp.Theorems.0.Mathlib.Meta.FunProp.initFn._lam_0._@.Mathlib.Tactic.FunProp.Theorems.1545051141._hygCtx._hyg.2 took 0.00711ms
interpretation of _private.Mathlib.Tactic.FunProp.Theorems.0.Mathlib.Meta.FunProp.initFn._lam_0._@.Mathlib.Tactic.FunProp.Theorems.1545051141._hygCtx._hyg.2 took 0.00606ms
interpretation of _private.Mathlib.Tactic.FunProp.Theorems.0.Mathlib.Meta.FunProp.initFn._lam_0._@.Mathlib.Tactic.FunProp.Theorems.1545051141._hygCtx._hyg.2 took 0.00635ms
interpretation of _private.Mathlib.Tactic.FunProp.Theorems.0.Mathlib.Meta.FunProp.initFn._lam_0._@.Mathlib.Tactic.FunProp.Theorems.1545051141._hygCtx._hyg.2 took 0.00735ms
interpretation of _private.Mathlib.Tactic.FunProp.Theorems.0.Mathlib.Meta.FunProp.initFn._lam_0._@.Mathlib.Tactic.FunProp.Theorems.1545051141._hygCtx._hyg.2 took 0.00639ms
interpretation of _private.Mathlib.Tactic.FunProp.Theorems.0.Mathlib.Meta.FunProp.initFn._lam_0._@.Mathlib.Tactic.FunProp.Theorems.1545051141._hygCtx._hyg.2 took 0.00696ms
interpretation of _private.Mathlib.Tactic.FunProp.Theorems.0.Mathlib.Meta.FunProp.initFn._lam_0._@.Mathlib.Tactic.FunProp.Theorems.1545051141._hygCtx._hyg.2 took 0.00693ms
interpretation of _private.Mathlib.Tactic.FunProp.Theorems.0.Mathlib.Meta.FunProp.initFn._lam_0._@.Mathlib.Tactic.FunProp.Theorems.1545051141._hygCtx._hyg.2 took 0.00765ms
interpretation of _private.Mathlib.Tactic.FunProp.Theorems.0.Mathlib.Meta.FunProp.initFn._lam_0._@.Mathlib.Tactic.FunProp.Theorems.1545051141._hygCtx._hyg.2 took 0.00741ms
interpretation of _private.Mathlib.Tactic.FunProp.Theorems.0.Mathlib.Meta.FunProp.initFn._lam_0._@.Mathlib.Tactic.FunProp.Theorems.1545051141._hygCtx._hyg.2 took 0.00689ms
interpretation of _private.Mathlib.Tactic.FunProp.Theorems.0.Mathlib.Meta.FunProp.initFn._lam_0._@.Mathlib.Tactic.FunProp.Theorems.1545051141._hygCtx._hyg.2 took 0.00685ms
interpretation of _private.Mathlib.Tactic.FunProp.Theorems.0.Mathlib.Meta.FunProp.initFn._lam_0._@.Mathlib.Tactic.FunProp.Theorems.1545051141._hygCtx._hyg.2 took 0.00659ms
interpretation of _private.Mathlib.Tactic.FunProp.Theorems.0.Mathlib.Meta.FunProp.initFn._lam_0._@.Mathlib.Tactic.FunProp.Theorems.1545051141._hygCtx._hyg.2 took 0.00572ms
interpretation of _private.Mathlib.Tactic.FunProp.Theorems.0.Mathlib.Meta.FunProp.initFn._lam_0._@.Mathlib.Tactic.FunProp.Theorems.1545051141._hygCtx._hyg.2 took 0.00668ms
interpretation of _private.Mathlib.Tactic.FunProp.Theorems.0.Mathlib.Meta.FunProp.initFn._lam_0._@.Mathlib.Tactic.FunProp.Theorems.1545051141._hygCtx._hyg.2 took 0.00575ms
interpretation of _private.Mathlib.Tactic.FunProp.Theorems.0.Mathlib.Meta.FunProp.initFn._lam_0._@.Mathlib.Tactic.FunProp.Theorems.1545051141._hygCtx._hyg.2 took 0.0074ms
interpretation of _private.Mathlib.Tactic.FunProp.Theorems.0.Mathlib.Meta.FunProp.initFn._lam_0._@.Mathlib.Tactic.FunProp.Theorems.1545051141._hygCtx._hyg.2 took 0.00555ms
interpretation of _private.Mathlib.Tactic.FunProp.Theorems.0.Mathlib.Meta.FunProp.initFn._lam_0._@.Mathlib.Tactic.FunProp.Theorems.1545051141._hygCtx._hyg.2 took 0.00675ms
interpretation of _private.Mathlib.Tactic.FunProp.Theorems.0.Mathlib.Meta.FunProp.initFn._lam_0._@.Mathlib.Tactic.FunProp.Theorems.1545051141._hygCtx._hyg.2 took 0.00537ms
interpretation of _private.Mathlib.Tactic.FunProp.Theorems.0.Mathlib.Meta.FunProp.initFn._lam_0._@.Mathlib.Tactic.FunProp.Theorems.1545051141._hygCtx._hyg.2 took 0.0072ms
interpretation of _private.Mathlib.Tactic.FunProp.Theorems.0.Mathlib.Meta.FunProp.initFn._lam_0._@.Mathlib.Tactic.FunProp.Theorems.1545051141._hygCtx._hyg.2 took 0.00679ms
interpretation of _private.Mathlib.Tactic.FunProp.Theorems.0.Mathlib.Meta.FunProp.initFn._lam_0._@.Mathlib.Tactic.FunProp.Theorems.1545051141._hygCtx._hyg.2 took 0.00697ms
interpretation of _private.Mathlib.Tactic.FunProp.Theorems.0.Mathlib.Meta.FunProp.initFn._lam_0._@.Mathlib.Tactic.FunProp.Theorems.1545051141._hygCtx._hyg.2 took 0.00539ms
interpretation of _private.Mathlib.Tactic.FunProp.Theorems.0.Mathlib.Meta.FunProp.initFn._lam_0._@.Mathlib.Tactic.FunProp.Theorems.1545051141._hygCtx._hyg.2 took 0.00669ms
interpretation of _private.Mathlib.Tactic.FunProp.Theorems.0.Mathlib.Meta.FunProp.initFn._lam_0._@.Mathlib.Tactic.FunProp.Theorems.1545051141._hygCtx._hyg.2 took 0.0394ms
interpretation of _private.Mathlib.Tactic.FunProp.Theorems.0.Mathlib.Meta.FunProp.initFn._lam_0._@.Mathlib.Tactic.FunProp.Theorems.1545051141._hygCtx._hyg.2 took 0.0181ms
interpretation of _private.Mathlib.Tactic.FunProp.Theorems.0.Mathlib.Meta.FunProp.initFn._lam_0._@.Mathlib.Tactic.FunProp.Theorems.1545051141._hygCtx._hyg.2 took 0.00714ms
interpretation of _private.Mathlib.Tactic.FunProp.Theorems.0.Mathlib.Meta.FunProp.initFn._lam_0._@.Mathlib.Tactic.FunProp.Theorems.1545051141._hygCtx._hyg.2 took 0.00887ms
interpretation of _private.Mathlib.Tactic.FunProp.Theorems.0.Mathlib.Meta.FunProp.initFn._lam_0._@.Mathlib.Tactic.FunProp.Theorems.1545051141._hygCtx._hyg.2 took 0.00585ms
interpretation of _private.Mathlib.Tactic.FunProp.Theorems.0.Mathlib.Meta.FunProp.initFn._lam_0._@.Mathlib.Tactic.FunProp.Theorems.1545051141._hygCtx._hyg.2 took 0.00579ms
interpretation of _private.Mathlib.Tactic.FunProp.Theorems.0.Mathlib.Meta.FunProp.initFn._lam_0._@.Mathlib.Tactic.FunProp.Theorems.1545051141._hygCtx._hyg.2 took 0.00535ms
interpretation of _private.Mathlib.Tactic.FunProp.Theorems.0.Mathlib.Meta.FunProp.initFn._lam_0._@.Mathlib.Tactic.FunProp.Theorems.1545051141._hygCtx._hyg.2 took 0.927ms
interpretation of _private.Mathlib.Tactic.FunProp.Theorems.0.Mathlib.Meta.FunProp.initFn._lam_0._@.Mathlib.Tactic.FunProp.Theorems.1545051141._hygCtx._hyg.2 took 0.0134ms
interpretation of _private.Mathlib.Tactic.FunProp.Theorems.0.Mathlib.Meta.FunProp.initFn._lam_0._@.Mathlib.Tactic.FunProp.Theorems.1545051141._hygCtx._hyg.2 took 0.0153ms
interpretation of _private.Mathlib.Tactic.FunProp.Theorems.0.Mathlib.Meta.FunProp.initFn._lam_0._@.Mathlib.Tactic.FunProp.Theorems.1545051141._hygCtx._hyg.2 took 0.00867ms
interpretation of _private.Mathlib.Tactic.FunProp.Theorems.0.Mathlib.Meta.FunProp.initFn._lam_0._@.Mathlib.Tactic.FunProp.Theorems.1545051141._hygCtx._hyg.2 took 0.00785ms
interpretation of _private.Mathlib.Tactic.FunProp.Theorems.0.Mathlib.Meta.FunProp.initFn._lam_0._@.Mathlib.Tactic.FunProp.Theorems.1545051141._hygCtx._hyg.2 took 0.00775ms
interpretation of _private.Mathlib.Tactic.FunProp.Theorems.0.Mathlib.Meta.FunProp.initFn._lam_0._@.Mathlib.Tactic.FunProp.Theorems.1545051141._hygCtx._hyg.2 took 0.00535ms
interpretation of _private.Mathlib.Tactic.FunProp.Theorems.0.Mathlib.Meta.FunProp.initFn._lam_0._@.Mathlib.Tactic.FunProp.Theorems.1545051141._hygCtx._hyg.2 took 0.00592ms
interpretation of _private.Mathlib.Tactic.FunProp.Theorems.0.Mathlib.Meta.FunProp.initFn._lam_0._@.Mathlib.Tactic.FunProp.Theorems.1545051141._hygCtx._hyg.2 took 0.00579ms
interpretation of _private.Mathlib.Tactic.FunProp.Theorems.0.Mathlib.Meta.FunProp.initFn._lam_0._@.Mathlib.Tactic.FunProp.Theorems.1545051141._hygCtx._hyg.2 took 0.00618ms
interpretation of _private.Mathlib.Tactic.FunProp.Theorems.0.Mathlib.Meta.FunProp.initFn._lam_0._@.Mathlib.Tactic.FunProp.Theorems.1545051141._hygCtx._hyg.2 took 0.00795ms
interpretation of _private.Mathlib.Tactic.FunProp.Theorems.0.Mathlib.Meta.FunProp.initFn._lam_0._@.Mathlib.Tactic.FunProp.Theorems.1545051141._hygCtx._hyg.2 took 0.00706ms
interpretation of _private.Mathlib.Tactic.FunProp.Theorems.0.Mathlib.Meta.FunProp.initFn._lam_0._@.Mathlib.Tactic.FunProp.Theorems.1545051141._hygCtx._hyg.2 took 0.25ms
interpretation of _private.Mathlib.Tactic.FunProp.Theorems.0.Mathlib.Meta.FunProp.initFn._lam_0._@.Mathlib.Tactic.FunProp.Theorems.1545051141._hygCtx._hyg.2 took 0.0093ms
interpretation of _private.Mathlib.Tactic.FunProp.Theorems.0.Mathlib.Meta.FunProp.initFn._lam_0._@.Mathlib.Tactic.FunProp.Theorems.1545051141._hygCtx._hyg.2 took 0.0106ms
interpretation of _private.Mathlib.Tactic.FunProp.Theorems.0.Mathlib.Meta.FunProp.initFn._lam_0._@.Mathlib.Tactic.FunProp.Theorems.1545051141._hygCtx._hyg.2 took 0.00924ms
interpretation of _private.Mathlib.Tactic.FunProp.Theorems.0.Mathlib.Meta.FunProp.initFn._lam_0._@.Mathlib.Tactic.FunProp.Theorems.1545051141._hygCtx._hyg.2 took 0.00881ms
interpretation of _private.Mathlib.Tactic.FunProp.Theorems.0.Mathlib.Meta.FunProp.initFn._lam_0._@.Mathlib.Tactic.FunProp.Theorems.1545051141._hygCtx._hyg.2 took 0.00936ms
interpretation of _private.Mathlib.Tactic.FunProp.Theorems.0.Mathlib.Meta.FunProp.initFn._lam_0._@.Mathlib.Tactic.FunProp.Theorems.1545051141._hygCtx._hyg.2 took 0.00582ms
interpretation of _private.Mathlib.Tactic.FunProp.Theorems.0.Mathlib.Meta.FunProp.initFn._lam_0._@.Mathlib.Tactic.FunProp.Theorems.1545051141._hygCtx._hyg.2 took 0.00693ms
interpretation of _private.Mathlib.Tactic.FunProp.Theorems.0.Mathlib.Meta.FunProp.initFn._lam_0._@.Mathlib.Tactic.FunProp.Theorems.1545051141._hygCtx._hyg.2 took 0.00559ms
interpretation of _private.Mathlib.Tactic.FunProp.Theorems.0.Mathlib.Meta.FunProp.initFn._lam_0._@.Mathlib.Tactic.FunProp.Theorems.1545051141._hygCtx._hyg.2 took 0.00569ms
interpretation of _private.Mathlib.Tactic.FunProp.Theorems.0.Mathlib.Meta.FunProp.initFn._lam_0._@.Mathlib.Tactic.FunProp.Theorems.1545051141._hygCtx._hyg.2 took 0.00551ms
interpretation of _private.Mathlib.Tactic.FunProp.Theorems.0.Mathlib.Meta.FunProp.initFn._lam_0._@.Mathlib.Tactic.FunProp.Theorems.1545051141._hygCtx._hyg.2 took 0.00735ms
interpretation of _private.Mathlib.Tactic.FunProp.Theorems.0.Mathlib.Meta.FunProp.initFn._lam_0._@.Mathlib.Tactic.FunProp.Theorems.1545051141._hygCtx._hyg.2 took 0.00521ms
interpretation of _private.Mathlib.Tactic.FunProp.Theorems.0.Mathlib.Meta.FunProp.initFn._lam_0._@.Mathlib.Tactic.FunProp.Theorems.1545051141._hygCtx._hyg.2 took 0.00489ms
interpretation of _private.Mathlib.Tactic.FunProp.Theorems.0.Mathlib.Meta.FunProp.initFn._lam_0._@.Mathlib.Tactic.FunProp.Theorems.1545051141._hygCtx._hyg.2 took 0.00513ms
interpretation of _private.Mathlib.Tactic.FunProp.Theorems.0.Mathlib.Meta.FunProp.initFn._lam_0._@.Mathlib.Tactic.FunProp.Theorems.1545051141._hygCtx._hyg.2 took 0.00514ms
interpretation of _private.Mathlib.Tactic.FunProp.Theorems.0.Mathlib.Meta.FunProp.initFn._lam_0._@.Mathlib.Tactic.FunProp.Theorems.1545051141._hygCtx._hyg.2 took 0.00708ms
interpretation of _private.Mathlib.Tactic.FunProp.Theorems.0.Mathlib.Meta.FunProp.initFn._lam_0._@.Mathlib.Tactic.FunProp.Theorems.1545051141._hygCtx._hyg.2 took 0.00576ms
interpretation of _private.Mathlib.Tactic.FunProp.Theorems.0.Mathlib.Meta.FunProp.initFn._lam_0._@.Mathlib.Tactic.FunProp.Theorems.1545051141._hygCtx._hyg.2 took 0.00764ms
interpretation of _private.Mathlib.Tactic.FunProp.Theorems.0.Mathlib.Meta.FunProp.initFn._lam_0._@.Mathlib.Tactic.FunProp.Theorems.1545051141._hygCtx._hyg.2 took 0.00818ms
interpretation of _private.Mathlib.Tactic.FunProp.Theorems.0.Mathlib.Meta.FunProp.initFn._lam_0._@.Mathlib.Tactic.FunProp.Theorems.1545051141._hygCtx._hyg.2 took 0.00757ms
interpretation of _private.Mathlib.Tactic.FunProp.Theorems.0.Mathlib.Meta.FunProp.initFn._lam_0._@.Mathlib.Tactic.FunProp.Theorems.1545051141._hygCtx._hyg.2 took 0.0081ms
interpretation of _private.Mathlib.Tactic.FunProp.Theorems.0.Mathlib.Meta.FunProp.initFn._lam_0._@.Mathlib.Tactic.FunProp.Theorems.1545051141._hygCtx._hyg.2 took 0.00764ms
interpretation of _private.Mathlib.Tactic.FunProp.Theorems.0.Mathlib.Meta.FunProp.initFn._lam_0._@.Mathlib.Tactic.FunProp.Theorems.1545051141._hygCtx._hyg.2 took 0.00864ms
interpretation of _private.Mathlib.Tactic.FunProp.Theorems.0.Mathlib.Meta.FunProp.initFn._lam_0._@.Mathlib.Tactic.FunProp.Theorems.1545051141._hygCtx._hyg.2 took 0.00802ms
interpretation of _private.Mathlib.Tactic.FunProp.Theorems.0.Mathlib.Meta.FunProp.initFn._lam_0._@.Mathlib.Tactic.FunProp.Theorems.1545051141._hygCtx._hyg.2 took 0.00705ms
interpretation of _private.Mathlib.Tactic.FunProp.Theorems.0.Mathlib.Meta.FunProp.initFn._lam_0._@.Mathlib.Tactic.FunProp.Theorems.1545051141._hygCtx._hyg.2 took 0.00693ms
interpretation of _private.Mathlib.Tactic.FunProp.Theorems.0.Mathlib.Meta.FunProp.initFn._lam_0._@.Mathlib.Tactic.FunProp.Theorems.1545051141._hygCtx._hyg.2 took 0.00775ms
interpretation of _private.Mathlib.Tactic.FunProp.Theorems.0.Mathlib.Meta.FunProp.initFn._lam_0._@.Mathlib.Tactic.FunProp.Theorems.1545051141._hygCtx._hyg.2 took 0.00733ms
interpretation of _private.Mathlib.Tactic.FunProp.Theorems.0.Mathlib.Meta.FunProp.initFn._lam_0._@.Mathlib.Tactic.FunProp.Theorems.1545051141._hygCtx._hyg.2 took 0.00744ms
interpretation of _private.Mathlib.Tactic.FunProp.Theorems.0.Mathlib.Meta.FunProp.initFn._lam_0._@.Mathlib.Tactic.FunProp.Theorems.1545051141._hygCtx._hyg.2 took 0.00707ms
interpretation of _private.Mathlib.Tactic.FunProp.Theorems.0.Mathlib.Meta.FunProp.initFn._lam_0._@.Mathlib.Tactic.FunProp.Theorems.1545051141._hygCtx._hyg.2 took 0.00719ms
interpretation of _private.Mathlib.Tactic.FunProp.Theorems.0.Mathlib.Meta.FunProp.initFn._lam_0._@.Mathlib.Tactic.FunProp.Theorems.1545051141._hygCtx._hyg.2 took 0.00691ms
interpretation of _private.Mathlib.Tactic.FunProp.Theorems.0.Mathlib.Meta.FunProp.initFn._lam_0._@.Mathlib.Tactic.FunProp.Theorems.1545051141._hygCtx._hyg.2 took 0.00752ms
interpretation of _private.Mathlib.Tactic.FunProp.Theorems.0.Mathlib.Meta.FunProp.initFn._lam_0._@.Mathlib.Tactic.FunProp.Theorems.1545051141._hygCtx._hyg.2 took 0.00694ms
interpretation of _private.Mathlib.Tactic.FunProp.Theorems.0.Mathlib.Meta.FunProp.initFn._lam_0._@.Mathlib.Tactic.FunProp.Theorems.1545051141._hygCtx._hyg.2 took 0.0071ms
interpretation of _private.Mathlib.Tactic.FunProp.Theorems.0.Mathlib.Meta.FunProp.initFn._lam_0._@.Mathlib.Tactic.FunProp.Theorems.1545051141._hygCtx._hyg.2 took 0.00749ms
interpretation of _private.Mathlib.Tactic.FunProp.Theorems.0.Mathlib.Meta.FunProp.initFn._lam_0._@.Mathlib.Tactic.FunProp.Theorems.1545051141._hygCtx._hyg.2 took 0.00762ms
interpretation of _private.Mathlib.Tactic.FunProp.Theorems.0.Mathlib.Meta.FunProp.initFn._lam_0._@.Mathlib.Tactic.FunProp.Theorems.1545051141._hygCtx._hyg.2 took 0.00839ms
interpretation of _private.Mathlib.Tactic.FunProp.Theorems.0.Mathlib.Meta.FunProp.initFn._lam_0._@.Mathlib.Tactic.FunProp.Theorems.1545051141._hygCtx._hyg.2 took 0.00753ms
interpretation of _private.Mathlib.Tactic.FunProp.Theorems.0.Mathlib.Meta.FunProp.initFn._lam_0._@.Mathlib.Tactic.FunProp.Theorems.1545051141._hygCtx._hyg.2 took 0.00768ms
interpretation of _private.Mathlib.Tactic.FunProp.Theorems.0.Mathlib.Meta.FunProp.initFn._lam_0._@.Mathlib.Tactic.FunProp.Theorems.1545051141._hygCtx._hyg.2 took 0.00752ms
interpretation of _private.Mathlib.Tactic.FunProp.Theorems.0.Mathlib.Meta.FunProp.initFn._lam_0._@.Mathlib.Tactic.FunProp.Theorems.1545051141._hygCtx._hyg.2 took 0.00618ms
interpretation of _private.Mathlib.Tactic.FunProp.Theorems.0.Mathlib.Meta.FunProp.initFn._lam_0._@.Mathlib.Tactic.FunProp.Theorems.1545051141._hygCtx._hyg.2 took 0.00723ms
interpretation of _private.Mathlib.Tactic.FunProp.Theorems.0.Mathlib.Meta.FunProp.initFn._lam_0._@.Mathlib.Tactic.FunProp.Theorems.1545051141._hygCtx._hyg.2 took 0.00766ms
interpretation of _private.Mathlib.Tactic.FunProp.Theorems.0.Mathlib.Meta.FunProp.initFn._lam_0._@.Mathlib.Tactic.FunProp.Theorems.1545051141._hygCtx._hyg.2 took 0.00757ms
interpretation of _private.Mathlib.Tactic.FunProp.Theorems.0.Mathlib.Meta.FunProp.initFn._lam_0._@.Mathlib.Tactic.FunProp.Theorems.1545051141._hygCtx._hyg.2 took 0.00696ms
interpretation of _private.Mathlib.Tactic.FunProp.Theorems.0.Mathlib.Meta.FunProp.initFn._lam_0._@.Mathlib.Tactic.FunProp.Theorems.1545051141._hygCtx._hyg.2 took 0.00775ms
interpretation of _private.Mathlib.Tactic.FunProp.Theorems.0.Mathlib.Meta.FunProp.initFn._lam_0._@.Mathlib.Tactic.FunProp.Theorems.1545051141._hygCtx._hyg.2 took 0.00717ms
interpretation of _private.Mathlib.Tactic.FunProp.Theorems.0.Mathlib.Meta.FunProp.initFn._lam_0._@.Mathlib.Tactic.FunProp.Theorems.1545051141._hygCtx._hyg.2 took 0.00737ms
interpretation of _private.Mathlib.Tactic.FunProp.Theorems.0.Mathlib.Meta.FunProp.initFn._lam_0._@.Mathlib.Tactic.FunProp.Theorems.1545051141._hygCtx._hyg.2 took 0.00704ms
interpretation of _private.Mathlib.Tactic.FunProp.Theorems.0.Mathlib.Meta.FunProp.initFn._lam_0._@.Mathlib.Tactic.FunProp.Theorems.1545051141._hygCtx._hyg.2 took 0.00718ms
interpretation of _private.Mathlib.Tactic.FunProp.Theorems.0.Mathlib.Meta.FunProp.initFn._lam_0._@.Mathlib.Tactic.FunProp.Theorems.1545051141._hygCtx._hyg.2 took 0.00732ms
interpretation of _private.Mathlib.Tactic.FunProp.Theorems.0.Mathlib.Meta.FunProp.initFn._lam_0._@.Mathlib.Tactic.FunProp.Theorems.1545051141._hygCtx._hyg.2 took 0.00703ms
interpretation of _private.Mathlib.Tactic.FunProp.Theorems.0.Mathlib.Meta.FunProp.initFn._lam_0._@.Mathlib.Tactic.FunProp.Theorems.1545051141._hygCtx._hyg.2 took 0.0074ms
interpretation of _private.Mathlib.Tactic.FunProp.Theorems.0.Mathlib.Meta.FunProp.initFn._lam_0._@.Mathlib.Tactic.FunProp.Theorems.1545051141._hygCtx._hyg.2 took 0.00729ms
interpretation of _private.Mathlib.Tactic.FunProp.Theorems.0.Mathlib.Meta.FunProp.initFn._lam_0._@.Mathlib.Tactic.FunProp.Theorems.1545051141._hygCtx._hyg.2 took 0.00718ms
interpretation of _private.Mathlib.Tactic.FunProp.Theorems.0.Mathlib.Meta.FunProp.initFn._lam_0._@.Mathlib.Tactic.FunProp.Theorems.1545051141._hygCtx._hyg.2 took 0.00707ms
interpretation of _private.Mathlib.Tactic.FunProp.Theorems.0.Mathlib.Meta.FunProp.initFn._lam_0._@.Mathlib.Tactic.FunProp.Theorems.1545051141._hygCtx._hyg.2 took 0.00708ms
interpretation of _private.Mathlib.Tactic.FunProp.Theorems.0.Mathlib.Meta.FunProp.initFn._lam_0._@.Mathlib.Tactic.FunProp.Theorems.1545051141._hygCtx._hyg.2 took 0.00775ms
interpretation of _private.Mathlib.Tactic.FunProp.Theorems.0.Mathlib.Meta.FunProp.initFn._lam_0._@.Mathlib.Tactic.FunProp.Theorems.1545051141._hygCtx._hyg.2 took 0.00751ms
interpretation of _private.Mathlib.Tactic.FunProp.Theorems.0.Mathlib.Meta.FunProp.initFn._lam_0._@.Mathlib.Tactic.FunProp.Theorems.1545051141._hygCtx._hyg.2 took 0.00724ms
interpretation of _private.Mathlib.Tactic.FunProp.Theorems.0.Mathlib.Meta.FunProp.initFn._lam_0._@.Mathlib.Tactic.FunProp.Theorems.1545051141._hygCtx._hyg.2 took 0.00763ms
interpretation of _private.Mathlib.Tactic.FunProp.Theorems.0.Mathlib.Meta.FunProp.initFn._lam_0._@.Mathlib.Tactic.FunProp.Theorems.1545051141._hygCtx._hyg.2 took 0.00731ms
interpretation of _private.Mathlib.Tactic.FunProp.Theorems.0.Mathlib.Meta.FunProp.initFn._lam_0._@.Mathlib.Tactic.FunProp.Theorems.1545051141._hygCtx._hyg.2 took 0.00755ms
interpretation of _private.Mathlib.Tactic.FunProp.Theorems.0.Mathlib.Meta.FunProp.initFn._lam_0._@.Mathlib.Tactic.FunProp.Theorems.1545051141._hygCtx._hyg.2 took 0.0077ms
interpretation of _private.Mathlib.Tactic.FunProp.Theorems.0.Mathlib.Meta.FunProp.initFn._lam_0._@.Mathlib.Tactic.FunProp.Theorems.1545051141._hygCtx._hyg.2 took 0.0058ms
interpretation of _private.Mathlib.Tactic.FunProp.Theorems.0.Mathlib.Meta.FunProp.initFn._lam_0._@.Mathlib.Tactic.FunProp.Theorems.1545051141._hygCtx._hyg.2 took 0.00604ms
interpretation of _private.Mathlib.Tactic.FunProp.Theorems.0.Mathlib.Meta.FunProp.initFn._lam_0._@.Mathlib.Tactic.FunProp.Theorems.1545051141._hygCtx._hyg.2 took 0.00609ms
interpretation of _private.Mathlib.Tactic.FunProp.Theorems.0.Mathlib.Meta.FunProp.initFn._lam_0._@.Mathlib.Tactic.FunProp.Theorems.1545051141._hygCtx._hyg.2 took 0.00638ms
interpretation of _private.Mathlib.Tactic.FunProp.Theorems.0.Mathlib.Meta.FunProp.initFn._lam_0._@.Mathlib.Tactic.FunProp.Theorems.1545051141._hygCtx._hyg.2 took 0.00727ms
interpretation of _private.Mathlib.Tactic.FunProp.Theorems.0.Mathlib.Meta.FunProp.initFn._lam_0._@.Mathlib.Tactic.FunProp.Theorems.1545051141._hygCtx._hyg.2 took 0.00776ms
interpretation of _private.Mathlib.Tactic.FunProp.Theorems.0.Mathlib.Meta.FunProp.initFn._lam_0._@.Mathlib.Tactic.FunProp.Theorems.1545051141._hygCtx._hyg.2 took 0.00651ms
interpretation of _private.Mathlib.Tactic.FunProp.Theorems.0.Mathlib.Meta.FunProp.initFn._lam_0._@.Mathlib.Tactic.FunProp.Theorems.1545051141._hygCtx._hyg.2 took 0.00717ms
interpretation of _private.Mathlib.Tactic.FunProp.Theorems.0.Mathlib.Meta.FunProp.initFn._lam_0._@.Mathlib.Tactic.FunProp.Theorems.1545051141._hygCtx._hyg.2 took 0.00746ms
interpretation of _private.Mathlib.Tactic.FunProp.Theorems.0.Mathlib.Meta.FunProp.initFn._lam_0._@.Mathlib.Tactic.FunProp.Theorems.1545051141._hygCtx._hyg.2 took 0.00744ms
interpretation of _private.Mathlib.Tactic.FunProp.Theorems.0.Mathlib.Meta.FunProp.initFn._lam_0._@.Mathlib.Tactic.FunProp.Theorems.1545051141._hygCtx._hyg.2 took 0.00836ms
interpretation of _private.Mathlib.Tactic.FunProp.Theorems.0.Mathlib.Meta.FunProp.initFn._lam_0._@.Mathlib.Tactic.FunProp.Theorems.1545051141._hygCtx._hyg.2 took 0.00763ms
interpretation of _private.Mathlib.Tactic.FunProp.Theorems.0.Mathlib.Meta.FunProp.initFn._lam_0._@.Mathlib.Tactic.FunProp.Theorems.1545051141._hygCtx._hyg.2 took 0.00736ms
interpretation of _private.Mathlib.Tactic.FunProp.Theorems.0.Mathlib.Meta.FunProp.initFn._lam_0._@.Mathlib.Tactic.FunProp.Theorems.1545051141._hygCtx._hyg.2 took 0.00741ms
interpretation of _private.Mathlib.Tactic.FunProp.Theorems.0.Mathlib.Meta.FunProp.initFn._lam_0._@.Mathlib.Tactic.FunProp.Theorems.1545051141._hygCtx._hyg.2 took 0.00726ms
interpretation of _private.Mathlib.Tactic.FunProp.Theorems.0.Mathlib.Meta.FunProp.initFn._lam_0._@.Mathlib.Tactic.FunProp.Theorems.1545051141._hygCtx._hyg.2 took 0.00711ms
interpretation of _private.Mathlib.Tactic.FunProp.Theorems.0.Mathlib.Meta.FunProp.initFn._lam_0._@.Mathlib.Tactic.FunProp.Theorems.1545051141._hygCtx._hyg.2 took 0.0454ms
interpretation of _private.Mathlib.Tactic.FunProp.Theorems.0.Mathlib.Meta.FunProp.initFn._lam_0._@.Mathlib.Tactic.FunProp.Theorems.1545051141._hygCtx._hyg.2 took 0.00758ms
interpretation of _private.Mathlib.Tactic.FunProp.Theorems.0.Mathlib.Meta.FunProp.initFn._lam_0._@.Mathlib.Tactic.FunProp.Theorems.1545051141._hygCtx._hyg.2 took 0.00735ms
interpretation of _private.Mathlib.Tactic.FunProp.Theorems.0.Mathlib.Meta.FunProp.initFn._lam_0._@.Mathlib.Tactic.FunProp.Theorems.1545051141._hygCtx._hyg.2 took 0.00762ms
interpretation of _private.Mathlib.Tactic.FunProp.Theorems.0.Mathlib.Meta.FunProp.initFn._lam_0._@.Mathlib.Tactic.FunProp.Theorems.1545051141._hygCtx._hyg.2 took 0.00731ms
interpretation of _private.Mathlib.Tactic.FunProp.Theorems.0.Mathlib.Meta.FunProp.initFn._lam_0._@.Mathlib.Tactic.FunProp.Theorems.1545051141._hygCtx._hyg.2 took 0.00725ms
interpretation of _private.Mathlib.Tactic.FunProp.Theorems.0.Mathlib.Meta.FunProp.initFn._lam_0._@.Mathlib.Tactic.FunProp.Theorems.1545051141._hygCtx._hyg.2 took 0.00766ms
interpretation of _private.Mathlib.Tactic.FunProp.Theorems.0.Mathlib.Meta.FunProp.initFn._lam_0._@.Mathlib.Tactic.FunProp.Theorems.1545051141._hygCtx._hyg.2 took 0.00748ms
interpretation of _private.Mathlib.Tactic.FunProp.Theorems.0.Mathlib.Meta.FunProp.initFn._lam_0._@.Mathlib.Tactic.FunProp.Theorems.1545051141._hygCtx._hyg.2 took 0.00741ms
interpretation of _private.Mathlib.Tactic.FunProp.Theorems.0.Mathlib.Meta.FunProp.initFn._lam_0._@.Mathlib.Tactic.FunProp.Theorems.1545051141._hygCtx._hyg.2 took 0.00743ms
interpretation of _private.Mathlib.Tactic.FunProp.Theorems.0.Mathlib.Meta.FunProp.initFn._lam_0._@.Mathlib.Tactic.FunProp.Theorems.1545051141._hygCtx._hyg.2 took 0.0132ms
interpretation of _private.Mathlib.Tactic.FunProp.Theorems.0.Mathlib.Meta.FunProp.initFn._lam_0._@.Mathlib.Tactic.FunProp.Theorems.1545051141._hygCtx._hyg.2 took 0.00837ms
interpretation of _private.Mathlib.Tactic.FunProp.Theorems.0.Mathlib.Meta.FunProp.initFn._lam_0._@.Mathlib.Tactic.FunProp.Theorems.1545051141._hygCtx._hyg.2 took 0.0095ms
interpretation of _private.Mathlib.Tactic.FunProp.Theorems.0.Mathlib.Meta.FunProp.initFn._lam_0._@.Mathlib.Tactic.FunProp.Theorems.1545051141._hygCtx._hyg.2 took 0.0079ms
interpretation of _private.Mathlib.Tactic.FunProp.Theorems.0.Mathlib.Meta.FunProp.initFn._lam_0._@.Mathlib.Tactic.FunProp.Theorems.1545051141._hygCtx._hyg.2 took 0.00782ms
interpretation of _private.Mathlib.Tactic.FunProp.Theorems.0.Mathlib.Meta.FunProp.initFn._lam_0._@.Mathlib.Tactic.FunProp.Theorems.1545051141._hygCtx._hyg.2 took 0.00944ms
interpretation of _private.Mathlib.Tactic.FunProp.Theorems.0.Mathlib.Meta.FunProp.initFn._lam_0._@.Mathlib.Tactic.FunProp.Theorems.1545051141._hygCtx._hyg.2 took 0.0077ms
interpretation of _private.Mathlib.Tactic.FunProp.Theorems.0.Mathlib.Meta.FunProp.initFn._lam_0._@.Mathlib.Tactic.FunProp.Theorems.1545051141._hygCtx._hyg.2 took 0.0086ms
interpretation of _private.Mathlib.Tactic.FunProp.Theorems.0.Mathlib.Meta.FunProp.initFn._lam_0._@.Mathlib.Tactic.FunProp.Theorems.1545051141._hygCtx._hyg.2 took 0.0077ms
interpretation of _private.Mathlib.Tactic.FunProp.Theorems.0.Mathlib.Meta.FunProp.initFn._lam_0._@.Mathlib.Tactic.FunProp.Theorems.1545051141._hygCtx._hyg.2 took 0.00859ms
interpretation of _private.Mathlib.Tactic.FunProp.Theorems.0.Mathlib.Meta.FunProp.initFn._lam_0._@.Mathlib.Tactic.FunProp.Theorems.1545051141._hygCtx._hyg.2 took 0.00809ms
interpretation of _private.Mathlib.Tactic.FunProp.Theorems.0.Mathlib.Meta.FunProp.initFn._lam_0._@.Mathlib.Tactic.FunProp.Theorems.1545051141._hygCtx._hyg.2 took 0.00811ms
interpretation of _private.Mathlib.Tactic.FunProp.Theorems.0.Mathlib.Meta.FunProp.initFn._lam_0._@.Mathlib.Tactic.FunProp.Theorems.1545051141._hygCtx._hyg.2 took 0.00792ms
interpretation of _private.Mathlib.Tactic.FunProp.Theorems.0.Mathlib.Meta.FunProp.initFn._lam_0._@.Mathlib.Tactic.FunProp.Theorems.1545051141._hygCtx._hyg.2 took 0.00764ms
interpretation of _private.Mathlib.Tactic.FunProp.Theorems.0.Mathlib.Meta.FunProp.initFn._lam_0._@.Mathlib.Tactic.FunProp.Theorems.1545051141._hygCtx._hyg.2 took 0.00873ms
interpretation of _private.Mathlib.Tactic.FunProp.Theorems.0.Mathlib.Meta.FunProp.initFn._lam_0._@.Mathlib.Tactic.FunProp.Theorems.1545051141._hygCtx._hyg.2 took 0.00809ms
interpretation of _private.Mathlib.Tactic.FunProp.Theorems.0.Mathlib.Meta.FunProp.initFn._lam_0._@.Mathlib.Tactic.FunProp.Theorems.1545051141._hygCtx._hyg.2 took 0.00793ms
interpretation of _private.Mathlib.Tactic.FunProp.Theorems.0.Mathlib.Meta.FunProp.initFn._lam_0._@.Mathlib.Tactic.FunProp.Theorems.1545051141._hygCtx._hyg.2 took 0.0656ms
interpretation of _private.Mathlib.Tactic.FunProp.Theorems.0.Mathlib.Meta.FunProp.initFn._lam_0._@.Mathlib.Tactic.FunProp.Theorems.1545051141._hygCtx._hyg.2 took 0.00953ms
interpretation of _private.Mathlib.Tactic.FunProp.Theorems.0.Mathlib.Meta.FunProp.initFn._lam_0._@.Mathlib.Tactic.FunProp.Theorems.1545051141._hygCtx._hyg.2 took 0.00744ms
interpretation of _private.Mathlib.Tactic.FunProp.Theorems.0.Mathlib.Meta.FunProp.initFn._lam_0._@.Mathlib.Tactic.FunProp.Theorems.1545051141._hygCtx._hyg.2 took 0.00732ms
interpretation of _private.Mathlib.Tactic.FunProp.Theorems.0.Mathlib.Meta.FunProp.initFn._lam_0._@.Mathlib.Tactic.FunProp.Theorems.1545051141._hygCtx._hyg.2 took 0.00795ms
interpretation of _private.Mathlib.Tactic.FunProp.Theorems.0.Mathlib.Meta.FunProp.initFn._lam_0._@.Mathlib.Tactic.FunProp.Theorems.1545051141._hygCtx._hyg.2 took 0.00765ms
interpretation of _private.Mathlib.Tactic.FunProp.Theorems.0.Mathlib.Meta.FunProp.initFn._lam_0._@.Mathlib.Tactic.FunProp.Theorems.1545051141._hygCtx._hyg.2 took 0.00717ms
interpretation of _private.Mathlib.Tactic.FunProp.Theorems.0.Mathlib.Meta.FunProp.initFn._lam_0._@.Mathlib.Tactic.FunProp.Theorems.1545051141._hygCtx._hyg.2 took 0.00774ms
interpretation of _private.Mathlib.Tactic.FunProp.Theorems.0.Mathlib.Meta.FunProp.initFn._lam_0._@.Mathlib.Tactic.FunProp.Theorems.1545051141._hygCtx._hyg.2 took 0.0075ms
interpretation of _private.Mathlib.Tactic.FunProp.Theorems.0.Mathlib.Meta.FunProp.initFn._lam_0._@.Mathlib.Tactic.FunProp.Theorems.1545051141._hygCtx._hyg.2 took 0.00817ms
interpretation of _private.Mathlib.Tactic.FunProp.Theorems.0.Mathlib.Meta.FunProp.initFn._lam_0._@.Mathlib.Tactic.FunProp.Theorems.1545051141._hygCtx._hyg.2 took 0.00734ms
interpretation of _private.Mathlib.Tactic.FunProp.Theorems.0.Mathlib.Meta.FunProp.initFn._lam_0._@.Mathlib.Tactic.FunProp.Theorems.1545051141._hygCtx._hyg.2 took 0.00711ms
interpretation of _private.Mathlib.Tactic.FunProp.Theorems.0.Mathlib.Meta.FunProp.initFn._lam_0._@.Mathlib.Tactic.FunProp.Theorems.1545051141._hygCtx._hyg.2 took 0.00804ms
interpretation of _private.Mathlib.Tactic.FunProp.Theorems.0.Mathlib.Meta.FunProp.initFn._lam_0._@.Mathlib.Tactic.FunProp.Theorems.1545051141._hygCtx._hyg.2 took 0.00787ms
interpretation of _private.Mathlib.Tactic.FunProp.Theorems.0.Mathlib.Meta.FunProp.initFn._lam_0._@.Mathlib.Tactic.FunProp.Theorems.1545051141._hygCtx._hyg.2 took 0.00766ms
interpretation of _private.Mathlib.Tactic.FunProp.Theorems.0.Mathlib.Meta.FunProp.initFn._lam_0._@.Mathlib.Tactic.FunProp.Theorems.1545051141._hygCtx._hyg.2 took 0.00759ms
interpretation of _private.Mathlib.Tactic.FunProp.Theorems.0.Mathlib.Meta.FunProp.initFn._lam_0._@.Mathlib.Tactic.FunProp.Theorems.1545051141._hygCtx._hyg.2 took 0.00776ms
interpretation of _private.Mathlib.Tactic.FunProp.Theorems.0.Mathlib.Meta.FunProp.initFn._lam_0._@.Mathlib.Tactic.FunProp.Theorems.1545051141._hygCtx._hyg.2 took 0.00815ms
interpretation of _private.Mathlib.Tactic.FunProp.Theorems.0.Mathlib.Meta.FunProp.initFn._lam_0._@.Mathlib.Tactic.FunProp.Theorems.1545051141._hygCtx._hyg.2 took 0.00852ms
interpretation of _private.Mathlib.Tactic.FunProp.Theorems.0.Mathlib.Meta.FunProp.initFn._lam_0._@.Mathlib.Tactic.FunProp.Theorems.1545051141._hygCtx._hyg.2 took 0.00782ms
interpretation of _private.Mathlib.Tactic.FunProp.Theorems.0.Mathlib.Meta.FunProp.initFn._lam_0._@.Mathlib.Tactic.FunProp.Theorems.1545051141._hygCtx._hyg.2 took 0.00764ms
interpretation of _private.Mathlib.Tactic.FunProp.Theorems.0.Mathlib.Meta.FunProp.initFn._lam_0._@.Mathlib.Tactic.FunProp.Theorems.1545051141._hygCtx._hyg.2 took 0.0113ms
interpretation of _private.Mathlib.Tactic.FunProp.Theorems.0.Mathlib.Meta.FunProp.initFn._lam_0._@.Mathlib.Tactic.FunProp.Theorems.1545051141._hygCtx._hyg.2 took 0.00773ms
interpretation of _private.Mathlib.Tactic.FunProp.Theorems.0.Mathlib.Meta.FunProp.initFn._lam_0._@.Mathlib.Tactic.FunProp.Theorems.1545051141._hygCtx._hyg.2 took 0.00789ms
interpretation of _private.Mathlib.Tactic.FunProp.Theorems.0.Mathlib.Meta.FunProp.initFn._lam_0._@.Mathlib.Tactic.FunProp.Theorems.1545051141._hygCtx._hyg.2 took 0.00741ms
interpretation of _private.Mathlib.Tactic.FunProp.Theorems.0.Mathlib.Meta.FunProp.initFn._lam_0._@.Mathlib.Tactic.FunProp.Theorems.1545051141._hygCtx._hyg.2 took 0.00853ms
interpretation of _private.Mathlib.Tactic.FunProp.Theorems.0.Mathlib.Meta.FunProp.initFn._lam_0._@.Mathlib.Tactic.FunProp.Theorems.1545051141._hygCtx._hyg.2 took 0.0077ms
interpretation of _private.Mathlib.Tactic.FunProp.Theorems.0.Mathlib.Meta.FunProp.initFn._lam_0._@.Mathlib.Tactic.FunProp.Theorems.1545051141._hygCtx._hyg.2 took 0.00774ms
interpretation of _private.Mathlib.Tactic.FunProp.Theorems.0.Mathlib.Meta.FunProp.initFn._lam_0._@.Mathlib.Tactic.FunProp.Theorems.1545051141._hygCtx._hyg.2 took 0.00821ms
interpretation of _private.Mathlib.Tactic.FunProp.Theorems.0.Mathlib.Meta.FunProp.initFn._lam_0._@.Mathlib.Tactic.FunProp.Theorems.1545051141._hygCtx._hyg.2 took 0.00816ms
interpretation of _private.Mathlib.Tactic.FunProp.Theorems.0.Mathlib.Meta.FunProp.initFn._lam_0._@.Mathlib.Tactic.FunProp.Theorems.1545051141._hygCtx._hyg.2 took 0.00835ms
interpretation of _private.Mathlib.Tactic.FunProp.Theorems.0.Mathlib.Meta.FunProp.initFn._lam_0._@.Mathlib.Tactic.FunProp.Theorems.1545051141._hygCtx._hyg.2 took 0.00806ms
interpretation of _private.Mathlib.Tactic.FunProp.Theorems.0.Mathlib.Meta.FunProp.initFn._lam_0._@.Mathlib.Tactic.FunProp.Theorems.1545051141._hygCtx._hyg.2 took 0.0056ms
interpretation of _private.Mathlib.Tactic.FunProp.Theorems.0.Mathlib.Meta.FunProp.initFn._lam_0._@.Mathlib.Tactic.FunProp.Theorems.1545051141._hygCtx._hyg.2 took 0.00632ms
interpretation of _private.Mathlib.Tactic.FunProp.Theorems.0.Mathlib.Meta.FunProp.initFn._lam_0._@.Mathlib.Tactic.FunProp.Theorems.1545051141._hygCtx._hyg.2 took 0.00719ms
interpretation of _private.Mathlib.Tactic.FunProp.Theorems.0.Mathlib.Meta.FunProp.initFn._lam_0._@.Mathlib.Tactic.FunProp.Theorems.1545051141._hygCtx._hyg.2 took 0.00744ms
interpretation of _private.Mathlib.Tactic.FunProp.Theorems.0.Mathlib.Meta.FunProp.initFn._lam_0._@.Mathlib.Tactic.FunProp.Theorems.1545051141._hygCtx._hyg.2 took 0.00525ms
interpretation of _private.Mathlib.Tactic.FunProp.Theorems.0.Mathlib.Meta.FunProp.initFn._lam_0._@.Mathlib.Tactic.FunProp.Theorems.1545051141._hygCtx._hyg.2 took 0.00643ms
interpretation of _private.Mathlib.Tactic.FunProp.Theorems.0.Mathlib.Meta.FunProp.initFn._lam_0._@.Mathlib.Tactic.FunProp.Theorems.1545051141._hygCtx._hyg.2 took 0.00717ms
interpretation of _private.Mathlib.Tactic.FunProp.Theorems.0.Mathlib.Meta.FunProp.initFn._lam_0._@.Mathlib.Tactic.FunProp.Theorems.1545051141._hygCtx._hyg.2 took 0.00779ms
interpretation of _private.Mathlib.Tactic.FunProp.Theorems.0.Mathlib.Meta.FunProp.initFn._lam_0._@.Mathlib.Tactic.FunProp.Theorems.1545051141._hygCtx._hyg.2 took 0.00574ms
interpretation of _private.Mathlib.Tactic.FunProp.Theorems.0.Mathlib.Meta.FunProp.initFn._lam_0._@.Mathlib.Tactic.FunProp.Theorems.1545051141._hygCtx._hyg.2 took 0.00627ms
interpretation of _private.Mathlib.Tactic.FunProp.Theorems.0.Mathlib.Meta.FunProp.initFn._lam_0._@.Mathlib.Tactic.FunProp.Theorems.1545051141._hygCtx._hyg.2 took 0.00785ms
interpretation of _private.Mathlib.Tactic.FunProp.Theorems.0.Mathlib.Meta.FunProp.initFn._lam_0._@.Mathlib.Tactic.FunProp.Theorems.1545051141._hygCtx._hyg.2 took 0.00759ms
interpretation of _private.Mathlib.Tactic.FunProp.Theorems.0.Mathlib.Meta.FunProp.initFn._lam_0._@.Mathlib.Tactic.FunProp.Theorems.1545051141._hygCtx._hyg.2 took 0.00551ms
interpretation of _private.Mathlib.Tactic.FunProp.Theorems.0.Mathlib.Meta.FunProp.initFn._lam_0._@.Mathlib.Tactic.FunProp.Theorems.1545051141._hygCtx._hyg.2 took 0.00647ms
interpretation of _private.Mathlib.Tactic.FunProp.Theorems.0.Mathlib.Meta.FunProp.initFn._lam_0._@.Mathlib.Tactic.FunProp.Theorems.1545051141._hygCtx._hyg.2 took 0.00853ms
interpretation of _private.Mathlib.Tactic.FunProp.Theorems.0.Mathlib.Meta.FunProp.initFn._lam_0._@.Mathlib.Tactic.FunProp.Theorems.1545051141._hygCtx._hyg.2 took 0.0065ms
interpretation of _private.Mathlib.Tactic.FunProp.Theorems.0.Mathlib.Meta.FunProp.initFn._lam_0._@.Mathlib.Tactic.FunProp.Theorems.1545051141._hygCtx._hyg.2 took 0.00605ms
interpretation of _private.Mathlib.Tactic.FunProp.Theorems.0.Mathlib.Meta.FunProp.initFn._lam_0._@.Mathlib.Tactic.FunProp.Theorems.1545051141._hygCtx._hyg.2 took 0.00493ms
interpretation of _private.Mathlib.Tactic.FunProp.Theorems.0.Mathlib.Meta.FunProp.initFn._lam_0._@.Mathlib.Tactic.FunProp.Theorems.1545051141._hygCtx._hyg.2 took 0.00605ms
interpretation of _private.Mathlib.Tactic.FunProp.Theorems.0.Mathlib.Meta.FunProp.initFn._lam_0._@.Mathlib.Tactic.FunProp.Theorems.1545051141._hygCtx._hyg.2 took 0.00481ms
interpretation of _private.Mathlib.Tactic.FunProp.Theorems.0.Mathlib.Meta.FunProp.initFn._lam_0._@.Mathlib.Tactic.FunProp.Theorems.1545051141._hygCtx._hyg.2 took 0.00724ms
interpretation of _private.Mathlib.Tactic.FunProp.Theorems.0.Mathlib.Meta.FunProp.initFn._lam_0._@.Mathlib.Tactic.FunProp.Theorems.1545051141._hygCtx._hyg.2 took 0.00636ms
interpretation of _private.Mathlib.Tactic.FunProp.Theorems.0.Mathlib.Meta.FunProp.initFn._lam_0._@.Mathlib.Tactic.FunProp.Theorems.1545051141._hygCtx._hyg.2 took 0.0108ms
interpretation of _private.Mathlib.Tactic.FunProp.Theorems.0.Mathlib.Meta.FunProp.initFn._lam_0._@.Mathlib.Tactic.FunProp.Theorems.1545051141._hygCtx._hyg.2 took 0.00435ms
interpretation of _private.Mathlib.Tactic.FunProp.Theorems.0.Mathlib.Meta.FunProp.initFn._lam_0._@.Mathlib.Tactic.FunProp.Theorems.1545051141._hygCtx._hyg.2 took 0.00952ms
interpretation of _private.Mathlib.Tactic.FunProp.Theorems.0.Mathlib.Meta.FunProp.initFn._lam_0._@.Mathlib.Tactic.FunProp.Theorems.1545051141._hygCtx._hyg.2 took 0.00652ms
interpretation of _private.Mathlib.Tactic.FunProp.Theorems.0.Mathlib.Meta.FunProp.initFn._lam_0._@.Mathlib.Tactic.FunProp.Theorems.1545051141._hygCtx._hyg.2 took 0.00617ms
interpretation of _private.Mathlib.Tactic.FunProp.Theorems.0.Mathlib.Meta.FunProp.initFn._lam_0._@.Mathlib.Tactic.FunProp.Theorems.1545051141._hygCtx._hyg.2 took 0.00498ms
interpretation of _private.Mathlib.Tactic.FunProp.Theorems.0.Mathlib.Meta.FunProp.initFn._lam_0._@.Mathlib.Tactic.FunProp.Theorems.1545051141._hygCtx._hyg.2 took 0.00742ms
interpretation of _private.Mathlib.Tactic.FunProp.Theorems.0.Mathlib.Meta.FunProp.initFn._lam_0._@.Mathlib.Tactic.FunProp.Theorems.1545051141._hygCtx._hyg.2 took 0.00619ms
interpretation of _private.Mathlib.Tactic.FunProp.Theorems.0.Mathlib.Meta.FunProp.initFn._lam_0._@.Mathlib.Tactic.FunProp.Theorems.1545051141._hygCtx._hyg.2 took 0.0062ms
interpretation of _private.Mathlib.Tactic.FunProp.Theorems.0.Mathlib.Meta.FunProp.initFn._lam_0._@.Mathlib.Tactic.FunProp.Theorems.1545051141._hygCtx._hyg.2 took 0.00502ms
interpretation of _private.Mathlib.Tactic.FunProp.Theorems.0.Mathlib.Meta.FunProp.initFn._lam_0._@.Mathlib.Tactic.FunProp.Theorems.1545051141._hygCtx._hyg.2 took 0.00609ms
interpretation of _private.Mathlib.Tactic.FunProp.Theorems.0.Mathlib.Meta.FunProp.initFn._lam_0._@.Mathlib.Tactic.FunProp.Theorems.1545051141._hygCtx._hyg.2 took 0.0049ms
interpretation of _private.Mathlib.Tactic.FunProp.Theorems.0.Mathlib.Meta.FunProp.initFn._lam_0._@.Mathlib.Tactic.FunProp.Theorems.1545051141._hygCtx._hyg.2 took 0.00614ms
interpretation of _private.Mathlib.Tactic.FunProp.Theorems.0.Mathlib.Meta.FunProp.initFn._lam_0._@.Mathlib.Tactic.FunProp.Theorems.1545051141._hygCtx._hyg.2 took 0.0046ms
interpretation of _private.Mathlib.Tactic.FunProp.Theorems.0.Mathlib.Meta.FunProp.initFn._lam_0._@.Mathlib.Tactic.FunProp.Theorems.1545051141._hygCtx._hyg.2 took 0.006ms
interpretation of _private.Mathlib.Tactic.FunProp.Theorems.0.Mathlib.Meta.FunProp.initFn._lam_0._@.Mathlib.Tactic.FunProp.Theorems.1545051141._hygCtx._hyg.2 took 0.00469ms
interpretation of _private.Mathlib.Tactic.FunProp.Theorems.0.Mathlib.Meta.FunProp.initFn._lam_0._@.Mathlib.Tactic.FunProp.Theorems.1545051141._hygCtx._hyg.2 took 0.00619ms
interpretation of _private.Mathlib.Tactic.FunProp.Theorems.0.Mathlib.Meta.FunProp.initFn._lam_0._@.Mathlib.Tactic.FunProp.Theorems.1545051141._hygCtx._hyg.2 took 0.00499ms
interpretation of _private.Mathlib.Tactic.FunProp.Theorems.0.Mathlib.Meta.FunProp.initFn._lam_0._@.Mathlib.Tactic.FunProp.Theorems.1545051141._hygCtx._hyg.2 took 0.00595ms
interpretation of _private.Mathlib.Tactic.FunProp.Theorems.0.Mathlib.Meta.FunProp.initFn._lam_0._@.Mathlib.Tactic.FunProp.Theorems.1545051141._hygCtx._hyg.2 took 0.00395ms
interpretation of _private.Mathlib.Tactic.FunProp.Theorems.0.Mathlib.Meta.FunProp.initFn._lam_0._@.Mathlib.Tactic.FunProp.Theorems.1545051141._hygCtx._hyg.2 took 0.00582ms
interpretation of _private.Mathlib.Tactic.FunProp.Theorems.0.Mathlib.Meta.FunProp.initFn._lam_0._@.Mathlib.Tactic.FunProp.Theorems.1545051141._hygCtx._hyg.2 took 0.00397ms
interpretation of _private.Mathlib.Tactic.FunProp.Theorems.0.Mathlib.Meta.FunProp.initFn._lam_0._@.Mathlib.Tactic.FunProp.Theorems.1545051141._hygCtx._hyg.2 took 0.00605ms
interpretation of _private.Mathlib.Tactic.FunProp.Theorems.0.Mathlib.Meta.FunProp.initFn._lam_0._@.Mathlib.Tactic.FunProp.Theorems.1545051141._hygCtx._hyg.2 took 0.00485ms
interpretation of _private.Mathlib.Tactic.FunProp.Theorems.0.Mathlib.Meta.FunProp.initFn._lam_0._@.Mathlib.Tactic.FunProp.Theorems.1545051141._hygCtx._hyg.2 took 0.00872ms
interpretation of _private.Mathlib.Tactic.FunProp.Theorems.0.Mathlib.Meta.FunProp.initFn._lam_0._@.Mathlib.Tactic.FunProp.Theorems.1545051141._hygCtx._hyg.2 took 0.0503ms
interpretation of _private.Mathlib.Tactic.FunProp.Theorems.0.Mathlib.Meta.FunProp.initFn._lam_0._@.Mathlib.Tactic.FunProp.Theorems.1545051141._hygCtx._hyg.2 took 0.00717ms
interpretation of _private.Mathlib.Tactic.FunProp.Theorems.0.Mathlib.Meta.FunProp.initFn._lam_0._@.Mathlib.Tactic.FunProp.Theorems.1545051141._hygCtx._hyg.2 took 0.00498ms
interpretation of _private.Mathlib.Tactic.FunProp.Theorems.0.Mathlib.Meta.FunProp.initFn._lam_0._@.Mathlib.Tactic.FunProp.Theorems.1545051141._hygCtx._hyg.2 took 0.00626ms
interpretation of _private.Mathlib.Tactic.FunProp.Theorems.0.Mathlib.Meta.FunProp.initFn._lam_0._@.Mathlib.Tactic.FunProp.Theorems.1545051141._hygCtx._hyg.2 took 0.00485ms
interpretation of _private.Mathlib.Tactic.FunProp.Theorems.0.Mathlib.Meta.FunProp.initFn._lam_0._@.Mathlib.Tactic.FunProp.Theorems.1545051141._hygCtx._hyg.2 took 0.00926ms
interpretation of _private.Mathlib.Tactic.FunProp.Theorems.0.Mathlib.Meta.FunProp.initFn._lam_0._@.Mathlib.Tactic.FunProp.Theorems.1545051141._hygCtx._hyg.2 took 0.0078ms
interpretation of _private.Mathlib.Tactic.FunProp.Theorems.0.Mathlib.Meta.FunProp.initFn._lam_0._@.Mathlib.Tactic.FunProp.Theorems.1545051141._hygCtx._hyg.2 took 0.00594ms
interpretation of _private.Mathlib.Tactic.FunProp.Theorems.0.Mathlib.Meta.FunProp.initFn._lam_0._@.Mathlib.Tactic.FunProp.Theorems.1545051141._hygCtx._hyg.2 took 0.0309ms
interpretation of _private.Mathlib.Tactic.FunProp.Theorems.0.Mathlib.Meta.FunProp.initFn._lam_0._@.Mathlib.Tactic.FunProp.Theorems.1545051141._hygCtx._hyg.2 took 0.0061ms
interpretation of _private.Mathlib.Tactic.FunProp.Theorems.0.Mathlib.Meta.FunProp.initFn._lam_0._@.Mathlib.Tactic.FunProp.Theorems.1545051141._hygCtx._hyg.2 took 0.00648ms
interpretation of _private.Mathlib.Tactic.FunProp.Theorems.0.Mathlib.Meta.FunProp.initFn._lam_0._@.Mathlib.Tactic.FunProp.Theorems.1545051141._hygCtx._hyg.2 took 0.00756ms
interpretation of _private.Mathlib.Tactic.FunProp.Theorems.0.Mathlib.Meta.FunProp.initFn._lam_0._@.Mathlib.Tactic.FunProp.Theorems.1545051141._hygCtx._hyg.2 took 0.00782ms
interpretation of _private.Mathlib.Tactic.FunProp.Theorems.0.Mathlib.Meta.FunProp.initFn._lam_0._@.Mathlib.Tactic.FunProp.Theorems.1545051141._hygCtx._hyg.2 took 0.00572ms
interpretation of _private.Mathlib.Tactic.FunProp.Theorems.0.Mathlib.Meta.FunProp.initFn._lam_0._@.Mathlib.Tactic.FunProp.Theorems.1545051141._hygCtx._hyg.2 took 0.00588ms
interpretation of _private.Mathlib.Tactic.FunProp.Theorems.0.Mathlib.Meta.FunProp.initFn._lam_0._@.Mathlib.Tactic.FunProp.Theorems.1545051141._hygCtx._hyg.2 took 0.00736ms
interpretation of _private.Mathlib.Tactic.FunProp.Theorems.0.Mathlib.Meta.FunProp.initFn._lam_0._@.Mathlib.Tactic.FunProp.Theorems.1545051141._hygCtx._hyg.2 took 0.00791ms
interpretation of _private.Mathlib.Tactic.FunProp.Theorems.0.Mathlib.Meta.FunProp.initFn._lam_0._@.Mathlib.Tactic.FunProp.Theorems.1545051141._hygCtx._hyg.2 took 0.00627ms
interpretation of _private.Mathlib.Tactic.FunProp.Theorems.0.Mathlib.Meta.FunProp.initFn._lam_0._@.Mathlib.Tactic.FunProp.Theorems.1545051141._hygCtx._hyg.2 took 0.00636ms
interpretation of _private.Mathlib.Tactic.FunProp.Theorems.0.Mathlib.Meta.FunProp.initFn._lam_0._@.Mathlib.Tactic.FunProp.Theorems.1545051141._hygCtx._hyg.2 took 0.00814ms
interpretation of _private.Mathlib.Tactic.FunProp.Theorems.0.Mathlib.Meta.FunProp.initFn._lam_0._@.Mathlib.Tactic.FunProp.Theorems.1545051141._hygCtx._hyg.2 took 0.00759ms
interpretation of _private.Mathlib.Tactic.FunProp.Theorems.0.Mathlib.Meta.FunProp.initFn._lam_0._@.Mathlib.Tactic.FunProp.Theorems.1545051141._hygCtx._hyg.2 took 0.00593ms
interpretation of _private.Mathlib.Tactic.FunProp.Theorems.0.Mathlib.Meta.FunProp.initFn._lam_0._@.Mathlib.Tactic.FunProp.Theorems.1545051141._hygCtx._hyg.2 took 0.00637ms
interpretation of _private.Mathlib.Tactic.FunProp.Theorems.0.Mathlib.Meta.FunProp.initFn._lam_0._@.Mathlib.Tactic.FunProp.Theorems.1545051141._hygCtx._hyg.2 took 0.00694ms
interpretation of _private.Mathlib.Tactic.FunProp.Theorems.0.Mathlib.Meta.FunProp.initFn._lam_0._@.Mathlib.Tactic.FunProp.Theorems.1545051141._hygCtx._hyg.2 took 0.00505ms
interpretation of _private.Mathlib.Tactic.FunProp.Theorems.0.Mathlib.Meta.FunProp.initFn._lam_0._@.Mathlib.Tactic.FunProp.Theorems.1545051141._hygCtx._hyg.2 took 0.00864ms
interpretation of _private.Mathlib.Tactic.FunProp.Theorems.0.Mathlib.Meta.FunProp.initFn._lam_0._@.Mathlib.Tactic.FunProp.Theorems.1545051141._hygCtx._hyg.2 took 0.00651ms
interpretation of _private.Mathlib.Tactic.FunProp.Theorems.0.Mathlib.Meta.FunProp.initFn._lam_0._@.Mathlib.Tactic.FunProp.Theorems.1545051141._hygCtx._hyg.2 took 0.00675ms
interpretation of _private.Mathlib.Tactic.FunProp.Theorems.0.Mathlib.Meta.FunProp.initFn._lam_0._@.Mathlib.Tactic.FunProp.Theorems.1545051141._hygCtx._hyg.2 took 0.005ms
interpretation of _private.Mathlib.Tactic.FunProp.Theorems.0.Mathlib.Meta.FunProp.initFn._lam_0._@.Mathlib.Tactic.FunProp.Theorems.1545051141._hygCtx._hyg.2 took 0.00794ms
interpretation of _private.Mathlib.Tactic.FunProp.Theorems.0.Mathlib.Meta.FunProp.initFn._lam_0._@.Mathlib.Tactic.FunProp.Theorems.1545051141._hygCtx._hyg.2 took 0.00623ms
interpretation of _private.Mathlib.Tactic.FunProp.Theorems.0.Mathlib.Meta.FunProp.initFn._lam_0._@.Mathlib.Tactic.FunProp.Theorems.1545051141._hygCtx._hyg.2 took 0.00652ms
interpretation of _private.Mathlib.Tactic.FunProp.Theorems.0.Mathlib.Meta.FunProp.initFn._lam_0._@.Mathlib.Tactic.FunProp.Theorems.1545051141._hygCtx._hyg.2 took 0.00557ms
interpretation of _private.Mathlib.Tactic.FunProp.Theorems.0.Mathlib.Meta.FunProp.initFn._lam_0._@.Mathlib.Tactic.FunProp.Theorems.1545051141._hygCtx._hyg.2 took 0.0078ms
interpretation of _private.Mathlib.Tactic.FunProp.Theorems.0.Mathlib.Meta.FunProp.initFn._lam_0._@.Mathlib.Tactic.FunProp.Theorems.1545051141._hygCtx._hyg.2 took 0.00668ms
interpretation of _private.Mathlib.Tactic.FunProp.Theorems.0.Mathlib.Meta.FunProp.initFn._lam_0._@.Mathlib.Tactic.FunProp.Theorems.1545051141._hygCtx._hyg.2 took 0.00649ms
interpretation of _private.Mathlib.Tactic.FunProp.Theorems.0.Mathlib.Meta.FunProp.initFn._lam_0._@.Mathlib.Tactic.FunProp.Theorems.1545051141._hygCtx._hyg.2 took 0.00538ms
interpretation of _private.Mathlib.Tactic.FunProp.Theorems.0.Mathlib.Meta.FunProp.initFn._lam_0._@.Mathlib.Tactic.FunProp.Theorems.1545051141._hygCtx._hyg.2 took 0.00792ms
interpretation of _private.Mathlib.Tactic.FunProp.Theorems.0.Mathlib.Meta.FunProp.initFn._lam_0._@.Mathlib.Tactic.FunProp.Theorems.1545051141._hygCtx._hyg.2 took 0.00714ms
interpretation of _private.Mathlib.Tactic.FunProp.Theorems.0.Mathlib.Meta.FunProp.initFn._lam_0._@.Mathlib.Tactic.FunProp.Theorems.1545051141._hygCtx._hyg.2 took 0.00711ms
interpretation of _private.Mathlib.Tactic.FunProp.Theorems.0.Mathlib.Meta.FunProp.initFn._lam_0._@.Mathlib.Tactic.FunProp.Theorems.1545051141._hygCtx._hyg.2 took 0.0071ms
interpretation of _private.Mathlib.Tactic.FunProp.Theorems.0.Mathlib.Meta.FunProp.initFn._lam_0._@.Mathlib.Tactic.FunProp.Theorems.1545051141._hygCtx._hyg.2 took 0.00589ms
interpretation of _private.Mathlib.Tactic.FunProp.Theorems.0.Mathlib.Meta.FunProp.initFn._lam_0._@.Mathlib.Tactic.FunProp.Theorems.1545051141._hygCtx._hyg.2 took 0.00625ms
interpretation of _private.Mathlib.Tactic.FunProp.Theorems.0.Mathlib.Meta.FunProp.initFn._lam_0._@.Mathlib.Tactic.FunProp.Theorems.1545051141._hygCtx._hyg.2 took 0.00552ms
interpretation of _private.Mathlib.Tactic.FunProp.Theorems.0.Mathlib.Meta.FunProp.initFn._lam_0._@.Mathlib.Tactic.FunProp.Theorems.1545051141._hygCtx._hyg.2 took 0.00607ms
interpretation of _private.Mathlib.Tactic.FunProp.Theorems.0.Mathlib.Meta.FunProp.initFn._lam_0._@.Mathlib.Tactic.FunProp.Theorems.1545051141._hygCtx._hyg.2 took 0.00527ms
interpretation of _private.Mathlib.Tactic.FunProp.Theorems.0.Mathlib.Meta.FunProp.initFn._lam_0._@.Mathlib.Tactic.FunProp.Theorems.1545051141._hygCtx._hyg.2 took 0.00607ms
interpretation of _private.Mathlib.Tactic.FunProp.Theorems.0.Mathlib.Meta.FunProp.initFn._lam_0._@.Mathlib.Tactic.FunProp.Theorems.1545051141._hygCtx._hyg.2 took 0.00504ms
interpretation of _private.Mathlib.Tactic.FunProp.Theorems.0.Mathlib.Meta.FunProp.initFn._lam_0._@.Mathlib.Tactic.FunProp.Theorems.1545051141._hygCtx._hyg.2 took 0.00593ms
interpretation of _private.Mathlib.Tactic.FunProp.Theorems.0.Mathlib.Meta.FunProp.initFn._lam_0._@.Mathlib.Tactic.FunProp.Theorems.1545051141._hygCtx._hyg.2 took 0.0061ms
interpretation of _private.Mathlib.Tactic.FunProp.Theorems.0.Mathlib.Meta.FunProp.initFn._lam_0._@.Mathlib.Tactic.FunProp.Theorems.1545051141._hygCtx._hyg.2 took 0.0063ms
interpretation of _private.Mathlib.Tactic.FunProp.Theorems.0.Mathlib.Meta.FunProp.initFn._lam_0._@.Mathlib.Tactic.FunProp.Theorems.1545051141._hygCtx._hyg.2 took 0.00566ms
interpretation of _private.Mathlib.Tactic.FunProp.Theorems.0.Mathlib.Meta.FunProp.initFn._lam_0._@.Mathlib.Tactic.FunProp.Theorems.1545051141._hygCtx._hyg.2 took 0.00611ms
interpretation of _private.Mathlib.Tactic.FunProp.Theorems.0.Mathlib.Meta.FunProp.initFn._lam_0._@.Mathlib.Tactic.FunProp.Theorems.1545051141._hygCtx._hyg.2 took 0.00561ms
interpretation of _private.Mathlib.Tactic.FunProp.Theorems.0.Mathlib.Meta.FunProp.initFn._lam_0._@.Mathlib.Tactic.FunProp.Theorems.1545051141._hygCtx._hyg.2 took 0.00646ms
interpretation of _private.Mathlib.Tactic.FunProp.Theorems.0.Mathlib.Meta.FunProp.initFn._lam_0._@.Mathlib.Tactic.FunProp.Theorems.1545051141._hygCtx._hyg.2 took 0.00558ms
interpretation of _private.Mathlib.Tactic.FunProp.Theorems.0.Mathlib.Meta.FunProp.initFn._lam_0._@.Mathlib.Tactic.FunProp.Theorems.1545051141._hygCtx._hyg.2 took 0.00634ms
interpretation of _private.Mathlib.Tactic.FunProp.Theorems.0.Mathlib.Meta.FunProp.initFn._lam_0._@.Mathlib.Tactic.FunProp.Theorems.1545051141._hygCtx._hyg.2 took 0.00754ms
interpretation of _private.Mathlib.Tactic.FunProp.Theorems.0.Mathlib.Meta.FunProp.initFn._lam_0._@.Mathlib.Tactic.FunProp.Theorems.1545051141._hygCtx._hyg.2 took 0.00502ms
interpretation of _private.Mathlib.Tactic.FunProp.Theorems.0.Mathlib.Meta.FunProp.initFn._lam_0._@.Mathlib.Tactic.FunProp.Theorems.1545051141._hygCtx._hyg.2 took 0.00781ms
interpretation of _private.Mathlib.Tactic.FunProp.Theorems.0.Mathlib.Meta.FunProp.initFn._lam_0._@.Mathlib.Tactic.FunProp.Theorems.1545051141._hygCtx._hyg.2 took 0.00808ms
interpretation of _private.Mathlib.Tactic.FunProp.Theorems.0.Mathlib.Meta.FunProp.initFn._lam_0._@.Mathlib.Tactic.FunProp.Theorems.1545051141._hygCtx._hyg.2 took 0.0081ms
interpretation of _private.Mathlib.Tactic.FunProp.Theorems.0.Mathlib.Meta.FunProp.initFn._lam_0._@.Mathlib.Tactic.FunProp.Theorems.1545051141._hygCtx._hyg.2 took 0.00608ms
interpretation of _private.Mathlib.Tactic.FunProp.Theorems.0.Mathlib.Meta.FunProp.initFn._lam_0._@.Mathlib.Tactic.FunProp.Theorems.1545051141._hygCtx._hyg.2 took 0.0063ms
interpretation of _private.Mathlib.Tactic.FunProp.Theorems.0.Mathlib.Meta.FunProp.initFn._lam_0._@.Mathlib.Tactic.FunProp.Theorems.1545051141._hygCtx._hyg.2 took 0.00571ms
interpretation of _private.Mathlib.Tactic.FunProp.Theorems.0.Mathlib.Meta.FunProp.initFn._lam_0._@.Mathlib.Tactic.FunProp.Theorems.1545051141._hygCtx._hyg.2 took 0.00776ms
interpretation of _private.Mathlib.Tactic.FunProp.Theorems.0.Mathlib.Meta.FunProp.initFn._lam_0._@.Mathlib.Tactic.FunProp.Theorems.1545051141._hygCtx._hyg.2 took 0.00535ms
interpretation of _private.Mathlib.Tactic.FunProp.Theorems.0.Mathlib.Meta.FunProp.initFn._lam_0._@.Mathlib.Tactic.FunProp.Theorems.1545051141._hygCtx._hyg.2 took 0.00594ms
interpretation of _private.Mathlib.Tactic.FunProp.Theorems.0.Mathlib.Meta.FunProp.initFn._lam_0._@.Mathlib.Tactic.FunProp.Theorems.1545051141._hygCtx._hyg.2 took 0.0053ms
interpretation of _private.Mathlib.Tactic.FunProp.Theorems.0.Mathlib.Meta.FunProp.initFn._lam_0._@.Mathlib.Tactic.FunProp.Theorems.1545051141._hygCtx._hyg.2 took 0.00802ms
interpretation of _private.Mathlib.Tactic.FunProp.Theorems.0.Mathlib.Meta.FunProp.initFn._lam_0._@.Mathlib.Tactic.FunProp.Theorems.1545051141._hygCtx._hyg.2 took 0.00502ms
interpretation of _private.Mathlib.Tactic.FunProp.Theorems.0.Mathlib.Meta.FunProp.initFn._lam_0._@.Mathlib.Tactic.FunProp.Theorems.1545051141._hygCtx._hyg.2 took 0.00644ms
interpretation of _private.Mathlib.Tactic.FunProp.Theorems.0.Mathlib.Meta.FunProp.initFn._lam_0._@.Mathlib.Tactic.FunProp.Theorems.1545051141._hygCtx._hyg.2 took 0.00503ms
interpretation of _private.Mathlib.Tactic.FunProp.Theorems.0.Mathlib.Meta.FunProp.initFn._lam_0._@.Mathlib.Tactic.FunProp.Theorems.1545051141._hygCtx._hyg.2 took 0.00817ms
interpretation of _private.Mathlib.Tactic.FunProp.Theorems.0.Mathlib.Meta.FunProp.initFn._lam_0._@.Mathlib.Tactic.FunProp.Theorems.1545051141._hygCtx._hyg.2 took 0.0057ms
interpretation of _private.Mathlib.Tactic.FunProp.Theorems.0.Mathlib.Meta.FunProp.initFn._lam_0._@.Mathlib.Tactic.FunProp.Theorems.1545051141._hygCtx._hyg.2 took 0.00605ms
interpretation of _private.Mathlib.Tactic.FunProp.Theorems.0.Mathlib.Meta.FunProp.initFn._lam_0._@.Mathlib.Tactic.FunProp.Theorems.1545051141._hygCtx._hyg.2 took 0.0055ms
interpretation of _private.Mathlib.Tactic.FunProp.Theorems.0.Mathlib.Meta.FunProp.initFn._lam_0._@.Mathlib.Tactic.FunProp.Theorems.1545051141._hygCtx._hyg.2 took 0.00749ms
interpretation of _private.Mathlib.Tactic.FunProp.Theorems.0.Mathlib.Meta.FunProp.initFn._lam_0._@.Mathlib.Tactic.FunProp.Theorems.1545051141._hygCtx._hyg.2 took 0.00766ms
interpretation of _private.Mathlib.Tactic.FunProp.Theorems.0.Mathlib.Meta.FunProp.initFn._lam_0._@.Mathlib.Tactic.FunProp.Theorems.1545051141._hygCtx._hyg.2 took 0.00852ms
interpretation of _private.Mathlib.Tactic.FunProp.Theorems.0.Mathlib.Meta.FunProp.initFn._lam_0._@.Mathlib.Tactic.FunProp.Theorems.1545051141._hygCtx._hyg.2 took 0.00725ms
interpretation of _private.Mathlib.Tactic.FunProp.Theorems.0.Mathlib.Meta.FunProp.initFn._lam_0._@.Mathlib.Tactic.FunProp.Theorems.1545051141._hygCtx._hyg.2 took 0.00746ms
interpretation of _private.Mathlib.Tactic.FunProp.Theorems.0.Mathlib.Meta.FunProp.initFn._lam_0._@.Mathlib.Tactic.FunProp.Theorems.1545051141._hygCtx._hyg.2 took 0.00687ms
interpretation of _private.Mathlib.Tactic.FunProp.Theorems.0.Mathlib.Meta.FunProp.initFn._lam_0._@.Mathlib.Tactic.FunProp.Theorems.1545051141._hygCtx._hyg.2 took 0.0127ms
interpretation of _private.Mathlib.Tactic.FunProp.Theorems.0.Mathlib.Meta.FunProp.initFn._lam_0._@.Mathlib.Tactic.FunProp.Theorems.1545051141._hygCtx._hyg.2 took 0.0093ms
interpretation of _private.Mathlib.Tactic.FunProp.Theorems.0.Mathlib.Meta.FunProp.initFn._lam_0._@.Mathlib.Tactic.FunProp.Theorems.1545051141._hygCtx._hyg.2 took 0.00643ms
interpretation of _private.Mathlib.Tactic.FunProp.Theorems.0.Mathlib.Meta.FunProp.initFn._lam_0._@.Mathlib.Tactic.FunProp.Theorems.1545051141._hygCtx._hyg.2 took 0.00589ms
interpretation of _private.Mathlib.Tactic.FunProp.Theorems.0.Mathlib.Meta.FunProp.initFn._lam_0._@.Mathlib.Tactic.FunProp.Theorems.1545051141._hygCtx._hyg.2 took 0.00613ms
interpretation of _private.Mathlib.Tactic.FunProp.Theorems.0.Mathlib.Meta.FunProp.initFn._lam_0._@.Mathlib.Tactic.FunProp.Theorems.1545051141._hygCtx._hyg.2 took 0.00557ms
interpretation of _private.Mathlib.Tactic.FunProp.Theorems.0.Mathlib.Meta.FunProp.initFn._lam_0._@.Mathlib.Tactic.FunProp.Theorems.1545051141._hygCtx._hyg.2 took 0.0325ms
interpretation of _private.Mathlib.Tactic.FunProp.Theorems.0.Mathlib.Meta.FunProp.initFn._lam_0._@.Mathlib.Tactic.FunProp.Theorems.1545051141._hygCtx._hyg.2 took 0.00575ms
interpretation of _private.Mathlib.Tactic.FunProp.Theorems.0.Mathlib.Meta.FunProp.initFn._lam_0._@.Mathlib.Tactic.FunProp.Theorems.1545051141._hygCtx._hyg.2 took 0.00597ms
interpretation of _private.Mathlib.Tactic.FunProp.Theorems.0.Mathlib.Meta.FunProp.initFn._lam_0._@.Mathlib.Tactic.FunProp.Theorems.1545051141._hygCtx._hyg.2 took 0.0053ms
interpretation of _private.Mathlib.Tactic.FunProp.Theorems.0.Mathlib.Meta.FunProp.initFn._lam_0._@.Mathlib.Tactic.FunProp.Theorems.1545051141._hygCtx._hyg.2 took 0.0066ms
interpretation of _private.Mathlib.Tactic.FunProp.Theorems.0.Mathlib.Meta.FunProp.initFn._lam_0._@.Mathlib.Tactic.FunProp.Theorems.1545051141._hygCtx._hyg.2 took 0.005ms
interpretation of _private.Mathlib.Tactic.FunProp.Theorems.0.Mathlib.Meta.FunProp.initFn._lam_0._@.Mathlib.Tactic.FunProp.Theorems.1545051141._hygCtx._hyg.2 took 0.00703ms
interpretation of _private.Mathlib.Tactic.FunProp.Theorems.0.Mathlib.Meta.FunProp.initFn._lam_0._@.Mathlib.Tactic.FunProp.Theorems.1545051141._hygCtx._hyg.2 took 0.00777ms
interpretation of _private.Mathlib.Tactic.FunProp.Theorems.0.Mathlib.Meta.FunProp.initFn._lam_0._@.Mathlib.Tactic.FunProp.Theorems.1545051141._hygCtx._hyg.2 took 0.00818ms
interpretation of _private.Mathlib.Tactic.FunProp.Theorems.0.Mathlib.Meta.FunProp.initFn._lam_0._@.Mathlib.Tactic.FunProp.Theorems.1545051141._hygCtx._hyg.2 took 0.00742ms
interpretation of _private.Mathlib.Tactic.FunProp.Theorems.0.Mathlib.Meta.FunProp.initFn._lam_0._@.Mathlib.Tactic.FunProp.Theorems.1545051141._hygCtx._hyg.2 took 0.00787ms
interpretation of _private.Mathlib.Tactic.FunProp.Theorems.0.Mathlib.Meta.FunProp.initFn._lam_0._@.Mathlib.Tactic.FunProp.Theorems.1545051141._hygCtx._hyg.2 took 0.00694ms
interpretation of _private.Mathlib.Tactic.FunProp.Theorems.0.Mathlib.Meta.FunProp.initFn._lam_0._@.Mathlib.Tactic.FunProp.Theorems.1545051141._hygCtx._hyg.2 took 0.00977ms
interpretation of _private.Mathlib.Tactic.FunProp.Theorems.0.Mathlib.Meta.FunProp.initFn._lam_0._@.Mathlib.Tactic.FunProp.Theorems.1545051141._hygCtx._hyg.2 took 0.0054ms
interpretation of _private.Mathlib.Tactic.FunProp.Theorems.0.Mathlib.Meta.FunProp.initFn._lam_0._@.Mathlib.Tactic.FunProp.Theorems.1545051141._hygCtx._hyg.2 took 0.00605ms
interpretation of _private.Mathlib.Tactic.FunProp.Theorems.0.Mathlib.Meta.FunProp.initFn._lam_0._@.Mathlib.Tactic.FunProp.Theorems.1545051141._hygCtx._hyg.2 took 0.00484ms
interpretation of _private.Mathlib.Tactic.FunProp.Theorems.0.Mathlib.Meta.FunProp.initFn._lam_0._@.Mathlib.Tactic.FunProp.Theorems.1545051141._hygCtx._hyg.2 took 0.00881ms
interpretation of _private.Mathlib.Tactic.FunProp.Theorems.0.Mathlib.Meta.FunProp.initFn._lam_0._@.Mathlib.Tactic.FunProp.Theorems.1545051141._hygCtx._hyg.2 took 0.00964ms
interpretation of _private.Mathlib.Tactic.FunProp.Theorems.0.Mathlib.Meta.FunProp.initFn._lam_0._@.Mathlib.Tactic.FunProp.Theorems.1545051141._hygCtx._hyg.2 took 0.00795ms
interpretation of _private.Mathlib.Tactic.FunProp.Theorems.0.Mathlib.Meta.FunProp.initFn._lam_0._@.Mathlib.Tactic.FunProp.Theorems.1545051141._hygCtx._hyg.2 took 0.00835ms
interpretation of _private.Mathlib.Tactic.FunProp.Theorems.0.Mathlib.Meta.FunProp.initFn._lam_0._@.Mathlib.Tactic.FunProp.Theorems.1545051141._hygCtx._hyg.2 took 0.00812ms
interpretation of _private.Mathlib.Tactic.FunProp.Theorems.0.Mathlib.Meta.FunProp.initFn._lam_0._@.Mathlib.Tactic.FunProp.Theorems.1545051141._hygCtx._hyg.2 took 0.00676ms
interpretation of _private.Mathlib.Tactic.FunProp.Theorems.0.Mathlib.Meta.FunProp.initFn._lam_0._@.Mathlib.Tactic.FunProp.Theorems.1545051141._hygCtx._hyg.2 took 0.00827ms
interpretation of _private.Mathlib.Tactic.FunProp.Theorems.0.Mathlib.Meta.FunProp.initFn._lam_0._@.Mathlib.Tactic.FunProp.Theorems.1545051141._hygCtx._hyg.2 took 0.00773ms
interpretation of _private.Mathlib.Tactic.FunProp.Theorems.0.Mathlib.Meta.FunProp.initFn._lam_0._@.Mathlib.Tactic.FunProp.Theorems.1545051141._hygCtx._hyg.2 took 0.00639ms
interpretation of _private.Mathlib.Tactic.FunProp.Theorems.0.Mathlib.Meta.FunProp.initFn._lam_0._@.Mathlib.Tactic.FunProp.Theorems.1545051141._hygCtx._hyg.2 took 0.00563ms
interpretation of _private.Mathlib.Tactic.FunProp.Theorems.0.Mathlib.Meta.FunProp.initFn._lam_0._@.Mathlib.Tactic.FunProp.Theorems.1545051141._hygCtx._hyg.2 took 0.0078ms
interpretation of _private.Mathlib.Tactic.FunProp.Theorems.0.Mathlib.Meta.FunProp.initFn._lam_0._@.Mathlib.Tactic.FunProp.Theorems.1545051141._hygCtx._hyg.2 took 0.00607ms
interpretation of _private.Mathlib.Tactic.FunProp.Theorems.0.Mathlib.Meta.FunProp.initFn._lam_0._@.Mathlib.Tactic.FunProp.Theorems.1545051141._hygCtx._hyg.2 took 0.00879ms
interpretation of _private.Mathlib.Tactic.FunProp.Theorems.0.Mathlib.Meta.FunProp.initFn._lam_0._@.Mathlib.Tactic.FunProp.Theorems.1545051141._hygCtx._hyg.2 took 0.009ms
interpretation of _private.Mathlib.Tactic.FunProp.Theorems.0.Mathlib.Meta.FunProp.initFn._lam_0._@.Mathlib.Tactic.FunProp.Theorems.1545051141._hygCtx._hyg.2 took 0.0077ms
interpretation of _private.Mathlib.Tactic.FunProp.Theorems.0.Mathlib.Meta.FunProp.initFn._lam_0._@.Mathlib.Tactic.FunProp.Theorems.1545051141._hygCtx._hyg.2 took 0.00567ms
interpretation of _private.Mathlib.Tactic.FunProp.Theorems.0.Mathlib.Meta.FunProp.initFn._lam_0._@.Mathlib.Tactic.FunProp.Theorems.1545051141._hygCtx._hyg.2 took 0.00639ms
interpretation of _private.Mathlib.Tactic.FunProp.Theorems.0.Mathlib.Meta.FunProp.initFn._lam_0._@.Mathlib.Tactic.FunProp.Theorems.1545051141._hygCtx._hyg.2 took 0.00566ms
interpretation of _private.Mathlib.Tactic.FunProp.Theorems.0.Mathlib.Meta.FunProp.initFn._lam_0._@.Mathlib.Tactic.FunProp.Theorems.1545051141._hygCtx._hyg.2 took 0.0064ms
interpretation of _private.Mathlib.Tactic.FunProp.Theorems.0.Mathlib.Meta.FunProp.initFn._lam_0._@.Mathlib.Tactic.FunProp.Theorems.1545051141._hygCtx._hyg.2 took 0.00604ms
interpretation of _private.Mathlib.Tactic.FunProp.Theorems.0.Mathlib.Meta.FunProp.initFn._lam_0._@.Mathlib.Tactic.FunProp.Theorems.1545051141._hygCtx._hyg.2 took 0.00603ms
interpretation of _private.Mathlib.Tactic.FunProp.Theorems.0.Mathlib.Meta.FunProp.initFn._lam_0._@.Mathlib.Tactic.FunProp.Theorems.1545051141._hygCtx._hyg.2 took 0.00589ms
interpretation of _private.Mathlib.Tactic.FunProp.Theorems.0.Mathlib.Meta.FunProp.initFn._lam_0._@.Mathlib.Tactic.FunProp.Theorems.1545051141._hygCtx._hyg.2 took 0.00584ms
interpretation of _private.Mathlib.Tactic.FunProp.Theorems.0.Mathlib.Meta.FunProp.initFn._lam_0._@.Mathlib.Tactic.FunProp.Theorems.1545051141._hygCtx._hyg.2 took 0.00576ms
interpretation of _private.Mathlib.Tactic.FunProp.Theorems.0.Mathlib.Meta.FunProp.initFn._lam_0._@.Mathlib.Tactic.FunProp.Theorems.1545051141._hygCtx._hyg.2 took 0.00489ms
interpretation of _private.Mathlib.Tactic.FunProp.Theorems.0.Mathlib.Meta.FunProp.initFn._lam_0._@.Mathlib.Tactic.FunProp.Theorems.1545051141._hygCtx._hyg.2 took 0.00471ms
interpretation of _private.Mathlib.Tactic.FunProp.Theorems.0.Mathlib.Meta.FunProp.initFn._lam_0._@.Mathlib.Tactic.FunProp.Theorems.1545051141._hygCtx._hyg.2 took 0.00558ms
interpretation of _private.Mathlib.Tactic.FunProp.Theorems.0.Mathlib.Meta.FunProp.initFn._lam_0._@.Mathlib.Tactic.FunProp.Theorems.1545051141._hygCtx._hyg.2 took 0.00676ms
interpretation of _private.Mathlib.Tactic.FunProp.Theorems.0.Mathlib.Meta.FunProp.initFn._lam_0._@.Mathlib.Tactic.FunProp.Theorems.1545051141._hygCtx._hyg.2 took 0.00611ms
interpretation of _private.Mathlib.Tactic.FunProp.Theorems.0.Mathlib.Meta.FunProp.initFn._lam_0._@.Mathlib.Tactic.FunProp.Theorems.1545051141._hygCtx._hyg.2 took 0.00606ms
interpretation of _private.Mathlib.Tactic.FunProp.Theorems.0.Mathlib.Meta.FunProp.initFn._lam_0._@.Mathlib.Tactic.FunProp.Theorems.1545051141._hygCtx._hyg.2 took 0.00765ms
interpretation of _private.Mathlib.Tactic.FunProp.Theorems.0.Mathlib.Meta.FunProp.initFn._lam_0._@.Mathlib.Tactic.FunProp.Theorems.1545051141._hygCtx._hyg.2 took 0.00762ms
interpretation of _private.Mathlib.Tactic.FunProp.Theorems.0.Mathlib.Meta.FunProp.initFn._lam_0._@.Mathlib.Tactic.FunProp.Theorems.1545051141._hygCtx._hyg.2 took 0.00816ms
interpretation of _private.Mathlib.Tactic.FunProp.Theorems.0.Mathlib.Meta.FunProp.initFn._lam_0._@.Mathlib.Tactic.FunProp.Theorems.1545051141._hygCtx._hyg.2 took 0.0078ms
interpretation of _private.Mathlib.Tactic.FunProp.Theorems.0.Mathlib.Meta.FunProp.initFn._lam_0._@.Mathlib.Tactic.FunProp.Theorems.1545051141._hygCtx._hyg.2 took 0.00825ms
interpretation of _private.Mathlib.Tactic.FunProp.Theorems.0.Mathlib.Meta.FunProp.initFn._lam_0._@.Mathlib.Tactic.FunProp.Theorems.1545051141._hygCtx._hyg.2 took 0.00791ms
interpretation of _private.Mathlib.Tactic.FunProp.Theorems.0.Mathlib.Meta.FunProp.initFn._lam_0._@.Mathlib.Tactic.FunProp.Theorems.1545051141._hygCtx._hyg.2 took 0.00729ms
interpretation of _private.Mathlib.Tactic.FunProp.Theorems.0.Mathlib.Meta.FunProp.initFn._lam_0._@.Mathlib.Tactic.FunProp.Theorems.1545051141._hygCtx._hyg.2 took 0.00773ms
interpretation of _private.Mathlib.Tactic.FunProp.Theorems.0.Mathlib.Meta.FunProp.initFn._lam_0._@.Mathlib.Tactic.FunProp.Theorems.1545051141._hygCtx._hyg.2 took 0.0079ms
interpretation of _private.Mathlib.Tactic.FunProp.Theorems.0.Mathlib.Meta.FunProp.initFn._lam_0._@.Mathlib.Tactic.FunProp.Theorems.1545051141._hygCtx._hyg.2 took 0.00795ms
interpretation of _private.Mathlib.Tactic.FunProp.Theorems.0.Mathlib.Meta.FunProp.initFn._lam_0._@.Mathlib.Tactic.FunProp.Theorems.1545051141._hygCtx._hyg.2 took 0.00834ms
interpretation of _private.Mathlib.Tactic.FunProp.Theorems.0.Mathlib.Meta.FunProp.initFn._lam_0._@.Mathlib.Tactic.FunProp.Theorems.1545051141._hygCtx._hyg.2 took 0.00888ms
interpretation of _private.Mathlib.Tactic.FunProp.Theorems.0.Mathlib.Meta.FunProp.initFn._lam_0._@.Mathlib.Tactic.FunProp.Theorems.1545051141._hygCtx._hyg.2 took 0.00669ms
interpretation of _private.Mathlib.Tactic.FunProp.Theorems.0.Mathlib.Meta.FunProp.initFn._lam_0._@.Mathlib.Tactic.FunProp.Theorems.1545051141._hygCtx._hyg.2 took 0.0063ms
interpretation of _private.Mathlib.Tactic.FunProp.Theorems.0.Mathlib.Meta.FunProp.initFn._lam_0._@.Mathlib.Tactic.FunProp.Theorems.1545051141._hygCtx._hyg.2 took 0.00561ms
interpretation of _private.Mathlib.Tactic.FunProp.Theorems.0.Mathlib.Meta.FunProp.initFn._lam_0._@.Mathlib.Tactic.FunProp.Theorems.1545051141._hygCtx._hyg.2 took 0.00648ms
interpretation of _private.Mathlib.Tactic.FunProp.Theorems.0.Mathlib.Meta.FunProp.initFn._lam_0._@.Mathlib.Tactic.FunProp.Theorems.1545051141._hygCtx._hyg.2 took 0.00601ms
interpretation of _private.Mathlib.Tactic.FunProp.Theorems.0.Mathlib.Meta.FunProp.initFn._lam_0._@.Mathlib.Tactic.FunProp.Theorems.1545051141._hygCtx._hyg.2 took 0.00844ms
interpretation of _private.Mathlib.Tactic.FunProp.Theorems.0.Mathlib.Meta.FunProp.initFn._lam_0._@.Mathlib.Tactic.FunProp.Theorems.1545051141._hygCtx._hyg.2 took 0.00753ms
interpretation of _private.Mathlib.Tactic.FunProp.Theorems.0.Mathlib.Meta.FunProp.initFn._lam_0._@.Mathlib.Tactic.FunProp.Theorems.1545051141._hygCtx._hyg.2 took 0.00805ms
interpretation of _private.Mathlib.Tactic.FunProp.Theorems.0.Mathlib.Meta.FunProp.initFn._lam_0._@.Mathlib.Tactic.FunProp.Theorems.1545051141._hygCtx._hyg.2 took 0.00598ms
interpretation of _private.Mathlib.Tactic.FunProp.Theorems.0.Mathlib.Meta.FunProp.initFn._lam_0._@.Mathlib.Tactic.FunProp.Theorems.1545051141._hygCtx._hyg.2 took 0.00745ms
interpretation of _private.Mathlib.Tactic.FunProp.Theorems.0.Mathlib.Meta.FunProp.initFn._lam_0._@.Mathlib.Tactic.FunProp.Theorems.1545051141._hygCtx._hyg.2 took 0.00766ms
interpretation of _private.Mathlib.Tactic.FunProp.Theorems.0.Mathlib.Meta.FunProp.initFn._lam_0._@.Mathlib.Tactic.FunProp.Theorems.1545051141._hygCtx._hyg.2 took 0.00745ms
interpretation of _private.Mathlib.Tactic.FunProp.Theorems.0.Mathlib.Meta.FunProp.initFn._lam_0._@.Mathlib.Tactic.FunProp.Theorems.1545051141._hygCtx._hyg.2 took 0.00639ms
interpretation of _private.Mathlib.Tactic.FunProp.Theorems.0.Mathlib.Meta.FunProp.initFn._lam_0._@.Mathlib.Tactic.FunProp.Theorems.1545051141._hygCtx._hyg.2 took 0.00819ms
interpretation of _private.Mathlib.Tactic.FunProp.Theorems.0.Mathlib.Meta.FunProp.initFn._lam_0._@.Mathlib.Tactic.FunProp.Theorems.1545051141._hygCtx._hyg.2 took 0.0062ms
interpretation of _private.Mathlib.Tactic.FunProp.Theorems.0.Mathlib.Meta.FunProp.initFn._lam_0._@.Mathlib.Tactic.FunProp.Theorems.1545051141._hygCtx._hyg.2 took 0.00611ms
interpretation of _private.Mathlib.Tactic.FunProp.Theorems.0.Mathlib.Meta.FunProp.initFn._lam_0._@.Mathlib.Tactic.FunProp.Theorems.1545051141._hygCtx._hyg.2 took 0.00613ms
interpretation of _private.Mathlib.Tactic.FunProp.Theorems.0.Mathlib.Meta.FunProp.initFn._lam_0._@.Mathlib.Tactic.FunProp.Theorems.1545051141._hygCtx._hyg.2 took 0.00625ms
interpretation of _private.Mathlib.Tactic.FunProp.Theorems.0.Mathlib.Meta.FunProp.initFn._lam_0._@.Mathlib.Tactic.FunProp.Theorems.1545051141._hygCtx._hyg.2 took 0.00608ms
interpretation of _private.Mathlib.Tactic.FunProp.Theorems.0.Mathlib.Meta.FunProp.initFn._lam_0._@.Mathlib.Tactic.FunProp.Theorems.1545051141._hygCtx._hyg.2 took 0.00779ms
interpretation of _private.Mathlib.Tactic.FunProp.Theorems.0.Mathlib.Meta.FunProp.initFn._lam_0._@.Mathlib.Tactic.FunProp.Theorems.1545051141._hygCtx._hyg.2 took 0.00637ms
interpretation of _private.Mathlib.Tactic.FunProp.Theorems.0.Mathlib.Meta.FunProp.initFn._lam_0._@.Mathlib.Tactic.FunProp.Theorems.1545051141._hygCtx._hyg.2 took 0.00754ms
interpretation of _private.Mathlib.Tactic.FunProp.Theorems.0.Mathlib.Meta.FunProp.initFn._lam_0._@.Mathlib.Tactic.FunProp.Theorems.1545051141._hygCtx._hyg.2 took 0.00629ms
interpretation of _private.Mathlib.Tactic.FunProp.Theorems.0.Mathlib.Meta.FunProp.initFn._lam_0._@.Mathlib.Tactic.FunProp.Theorems.1545051141._hygCtx._hyg.2 took 0.00786ms
interpretation of _private.Mathlib.Tactic.FunProp.Theorems.0.Mathlib.Meta.FunProp.initFn._lam_0._@.Mathlib.Tactic.FunProp.Theorems.1545051141._hygCtx._hyg.2 took 0.00633ms
interpretation of _private.Mathlib.Tactic.FunProp.Theorems.0.Mathlib.Meta.FunProp.initFn._lam_0._@.Mathlib.Tactic.FunProp.Theorems.1545051141._hygCtx._hyg.2 took 0.00774ms
interpretation of _private.Mathlib.Tactic.FunProp.Theorems.0.Mathlib.Meta.FunProp.initFn._lam_0._@.Mathlib.Tactic.FunProp.Theorems.1545051141._hygCtx._hyg.2 took 0.00619ms
interpretation of _private.Mathlib.Tactic.FunProp.Theorems.0.Mathlib.Meta.FunProp.initFn._lam_0._@.Mathlib.Tactic.FunProp.Theorems.1545051141._hygCtx._hyg.2 took 0.00839ms
interpretation of _private.Mathlib.Tactic.FunProp.Theorems.0.Mathlib.Meta.FunProp.initFn._lam_0._@.Mathlib.Tactic.FunProp.Theorems.1545051141._hygCtx._hyg.2 took 0.00793ms
interpretation of _private.Mathlib.Tactic.FunProp.Theorems.0.Mathlib.Meta.FunProp.initFn._lam_0._@.Mathlib.Tactic.FunProp.Theorems.1545051141._hygCtx._hyg.2 took 0.00786ms
interpretation of _private.Mathlib.Tactic.FunProp.Theorems.0.Mathlib.Meta.FunProp.initFn._lam_0._@.Mathlib.Tactic.FunProp.Theorems.1545051141._hygCtx._hyg.2 took 0.00854ms
interpretation of _private.Mathlib.Tactic.FunProp.Theorems.0.Mathlib.Meta.FunProp.initFn._lam_0._@.Mathlib.Tactic.FunProp.Theorems.1545051141._hygCtx._hyg.2 took 0.00813ms
interpretation of _private.Mathlib.Tactic.FunProp.Theorems.0.Mathlib.Meta.FunProp.initFn._lam_0._@.Mathlib.Tactic.FunProp.Theorems.1545051141._hygCtx._hyg.2 took 0.00771ms
interpretation of _private.Mathlib.Tactic.FunProp.Theorems.0.Mathlib.Meta.FunProp.initFn._lam_0._@.Mathlib.Tactic.FunProp.Theorems.1545051141._hygCtx._hyg.2 took 0.0074ms
interpretation of _private.Mathlib.Tactic.FunProp.Theorems.0.Mathlib.Meta.FunProp.initFn._lam_0._@.Mathlib.Tactic.FunProp.Theorems.1545051141._hygCtx._hyg.2 took 0.00791ms
interpretation of _private.Mathlib.Tactic.FunProp.Theorems.0.Mathlib.Meta.FunProp.initFn._lam_0._@.Mathlib.Tactic.FunProp.Theorems.1545051141._hygCtx._hyg.2 took 0.00771ms
interpretation of _private.Mathlib.Tactic.FunProp.Theorems.0.Mathlib.Meta.FunProp.initFn._lam_0._@.Mathlib.Tactic.FunProp.Theorems.1545051141._hygCtx._hyg.2 took 0.00878ms
interpretation of _private.Mathlib.Tactic.FunProp.Theorems.0.Mathlib.Meta.FunProp.initFn._lam_0._@.Mathlib.Tactic.FunProp.Theorems.1545051141._hygCtx._hyg.2 took 0.00784ms
interpretation of _private.Mathlib.Tactic.FunProp.Theorems.0.Mathlib.Meta.FunProp.initFn._lam_0._@.Mathlib.Tactic.FunProp.Theorems.1545051141._hygCtx._hyg.2 took 0.00865ms
interpretation of _private.Mathlib.Tactic.FunProp.Theorems.0.Mathlib.Meta.FunProp.initFn._lam_0._@.Mathlib.Tactic.FunProp.Theorems.1545051141._hygCtx._hyg.2 took 0.00798ms
interpretation of _private.Mathlib.Tactic.FunProp.Theorems.0.Mathlib.Meta.FunProp.initFn._lam_0._@.Mathlib.Tactic.FunProp.Theorems.1545051141._hygCtx._hyg.2 took 0.0337ms
interpretation of _private.Mathlib.Tactic.FunProp.Theorems.0.Mathlib.Meta.FunProp.initFn._lam_0._@.Mathlib.Tactic.FunProp.Theorems.1545051141._hygCtx._hyg.2 took 0.00833ms
interpretation of _private.Mathlib.Tactic.FunProp.Theorems.0.Mathlib.Meta.FunProp.initFn._lam_0._@.Mathlib.Tactic.FunProp.Theorems.1545051141._hygCtx._hyg.2 took 0.00757ms
interpretation of _private.Mathlib.Tactic.FunProp.Theorems.0.Mathlib.Meta.FunProp.initFn._lam_0._@.Mathlib.Tactic.FunProp.Theorems.1545051141._hygCtx._hyg.2 took 0.00884ms
interpretation of _private.Mathlib.Tactic.FunProp.Theorems.0.Mathlib.Meta.FunProp.initFn._lam_0._@.Mathlib.Tactic.FunProp.Theorems.1545051141._hygCtx._hyg.2 took 0.00811ms
interpretation of _private.Mathlib.Tactic.FunProp.Theorems.0.Mathlib.Meta.FunProp.initFn._lam_0._@.Mathlib.Tactic.FunProp.Theorems.1545051141._hygCtx._hyg.2 took 0.00755ms
interpretation of _private.Mathlib.Tactic.FunProp.Theorems.0.Mathlib.Meta.FunProp.initFn._lam_0._@.Mathlib.Tactic.FunProp.Theorems.1545051141._hygCtx._hyg.2 took 0.00671ms
interpretation of _private.Mathlib.Tactic.FunProp.Theorems.0.Mathlib.Meta.FunProp.initFn._lam_0._@.Mathlib.Tactic.FunProp.Theorems.1545051141._hygCtx._hyg.2 took 0.00829ms
interpretation of _private.Mathlib.Tactic.FunProp.Theorems.0.Mathlib.Meta.FunProp.initFn._lam_0._@.Mathlib.Tactic.FunProp.Theorems.1545051141._hygCtx._hyg.2 took 0.00677ms
interpretation of _private.Mathlib.Tactic.FunProp.Theorems.0.Mathlib.Meta.FunProp.initFn._lam_0._@.Mathlib.Tactic.FunProp.Theorems.1545051141._hygCtx._hyg.2 took 0.00656ms
interpretation of _private.Mathlib.Tactic.FunProp.Theorems.0.Mathlib.Meta.FunProp.initFn._lam_0._@.Mathlib.Tactic.FunProp.Theorems.1545051141._hygCtx._hyg.2 took 0.00581ms
interpretation of _private.Mathlib.Tactic.FunProp.Theorems.0.Mathlib.Meta.FunProp.initFn._lam_0._@.Mathlib.Tactic.FunProp.Theorems.1545051141._hygCtx._hyg.2 took 0.00917ms
interpretation of _private.Mathlib.Tactic.FunProp.Theorems.0.Mathlib.Meta.FunProp.initFn._lam_0._@.Mathlib.Tactic.FunProp.Theorems.1545051141._hygCtx._hyg.2 took 0.00666ms
interpretation of _private.Mathlib.Tactic.FunProp.Theorems.0.Mathlib.Meta.FunProp.initFn._lam_0._@.Mathlib.Tactic.FunProp.Theorems.1545051141._hygCtx._hyg.2 took 0.00849ms
interpretation of _private.Mathlib.Tactic.FunProp.Theorems.0.Mathlib.Meta.FunProp.initFn._lam_0._@.Mathlib.Tactic.FunProp.Theorems.1545051141._hygCtx._hyg.2 took 0.00651ms
interpretation of _private.Mathlib.Tactic.FunProp.Theorems.0.Mathlib.Meta.FunProp.initFn._lam_0._@.Mathlib.Tactic.FunProp.Theorems.1545051141._hygCtx._hyg.2 took 0.0079ms
interpretation of _private.Mathlib.Tactic.FunProp.Theorems.0.Mathlib.Meta.FunProp.initFn._lam_0._@.Mathlib.Tactic.FunProp.Theorems.1545051141._hygCtx._hyg.2 took 0.00841ms
interpretation of _private.Mathlib.Tactic.FunProp.Theorems.0.Mathlib.Meta.FunProp.initFn._lam_0._@.Mathlib.Tactic.FunProp.Theorems.1545051141._hygCtx._hyg.2 took 0.00777ms
interpretation of _private.Mathlib.Tactic.FunProp.Theorems.0.Mathlib.Meta.FunProp.initFn._lam_0._@.Mathlib.Tactic.FunProp.Theorems.1545051141._hygCtx._hyg.2 took 0.00744ms
interpretation of _private.Mathlib.Tactic.FunProp.Theorems.0.Mathlib.Meta.FunProp.initFn._lam_0._@.Mathlib.Tactic.FunProp.Theorems.1545051141._hygCtx._hyg.2 took 0.00805ms
interpretation of _private.Mathlib.Tactic.FunProp.Theorems.0.Mathlib.Meta.FunProp.initFn._lam_0._@.Mathlib.Tactic.FunProp.Theorems.1545051141._hygCtx._hyg.2 took 0.00856ms
interpretation of _private.Mathlib.Tactic.FunProp.Theorems.0.Mathlib.Meta.FunProp.initFn._lam_0._@.Mathlib.Tactic.FunProp.Theorems.1545051141._hygCtx._hyg.2 took 0.00681ms
interpretation of _private.Mathlib.Tactic.FunProp.Theorems.0.Mathlib.Meta.FunProp.initFn._lam_0._@.Mathlib.Tactic.FunProp.Theorems.1545051141._hygCtx._hyg.2 took 0.00836ms
interpretation of _private.Mathlib.Tactic.FunProp.Theorems.0.Mathlib.Meta.FunProp.initFn._lam_0._@.Mathlib.Tactic.FunProp.Theorems.1545051141._hygCtx._hyg.2 took 0.00807ms
interpretation of _private.Mathlib.Tactic.FunProp.Theorems.0.Mathlib.Meta.FunProp.initFn._lam_0._@.Mathlib.Tactic.FunProp.Theorems.1545051141._hygCtx._hyg.2 took 0.00773ms
interpretation of _private.Mathlib.Tactic.FunProp.Theorems.0.Mathlib.Meta.FunProp.initFn._lam_0._@.Mathlib.Tactic.FunProp.Theorems.1545051141._hygCtx._hyg.2 took 0.00769ms
interpretation of _private.Mathlib.Tactic.FunProp.Theorems.0.Mathlib.Meta.FunProp.initFn._lam_0._@.Mathlib.Tactic.FunProp.Theorems.1545051141._hygCtx._hyg.2 took 0.00839ms
interpretation of _private.Mathlib.Tactic.FunProp.Theorems.0.Mathlib.Meta.FunProp.initFn._lam_0._@.Mathlib.Tactic.FunProp.Theorems.1545051141._hygCtx._hyg.2 took 0.00775ms
interpretation of _private.Mathlib.Tactic.FunProp.Theorems.0.Mathlib.Meta.FunProp.initFn._lam_0._@.Mathlib.Tactic.FunProp.Theorems.1545051141._hygCtx._hyg.2 took 0.00793ms
interpretation of _private.Mathlib.Tactic.FunProp.Theorems.0.Mathlib.Meta.FunProp.initFn._lam_0._@.Mathlib.Tactic.FunProp.Theorems.1545051141._hygCtx._hyg.2 took 0.00798ms
interpretation of _private.Mathlib.Tactic.FunProp.Theorems.0.Mathlib.Meta.FunProp.initFn._lam_0._@.Mathlib.Tactic.FunProp.Theorems.1545051141._hygCtx._hyg.2 took 0.00825ms
interpretation of _private.Mathlib.Tactic.FunProp.Theorems.0.Mathlib.Meta.FunProp.initFn._lam_0._@.Mathlib.Tactic.FunProp.Theorems.1545051141._hygCtx._hyg.2 took 0.00837ms
interpretation of _private.Mathlib.Tactic.FunProp.Theorems.0.Mathlib.Meta.FunProp.initFn._lam_0._@.Mathlib.Tactic.FunProp.Theorems.1545051141._hygCtx._hyg.2 took 0.00789ms
interpretation of _private.Mathlib.Tactic.FunProp.Theorems.0.Mathlib.Meta.FunProp.initFn._lam_0._@.Mathlib.Tactic.FunProp.Theorems.1545051141._hygCtx._hyg.2 took 0.00821ms
interpretation of _private.Mathlib.Tactic.FunProp.Theorems.0.Mathlib.Meta.FunProp.initFn._lam_0._@.Mathlib.Tactic.FunProp.Theorems.1545051141._hygCtx._hyg.2 took 0.00764ms
interpretation of _private.Mathlib.Tactic.FunProp.Theorems.0.Mathlib.Meta.FunProp.initFn._lam_0._@.Mathlib.Tactic.FunProp.Theorems.1545051141._hygCtx._hyg.2 took 0.00807ms
interpretation of _private.Mathlib.Tactic.FunProp.Theorems.0.Mathlib.Meta.FunProp.initFn._lam_0._@.Mathlib.Tactic.FunProp.Theorems.1545051141._hygCtx._hyg.2 took 0.00808ms
interpretation of _private.Mathlib.Tactic.FunProp.Theorems.0.Mathlib.Meta.FunProp.initFn._lam_0._@.Mathlib.Tactic.FunProp.Theorems.1545051141._hygCtx._hyg.2 took 0.00783ms
interpretation of _private.Mathlib.Tactic.FunProp.Theorems.0.Mathlib.Meta.FunProp.initFn._lam_0._@.Mathlib.Tactic.FunProp.Theorems.1545051141._hygCtx._hyg.2 took 0.00703ms
interpretation of _private.Mathlib.Tactic.FunProp.Theorems.0.Mathlib.Meta.FunProp.initFn._lam_0._@.Mathlib.Tactic.FunProp.Theorems.1545051141._hygCtx._hyg.2 took 0.00748ms
interpretation of _private.Mathlib.Tactic.FunProp.Theorems.0.Mathlib.Meta.FunProp.initFn._lam_0._@.Mathlib.Tactic.FunProp.Theorems.1545051141._hygCtx._hyg.2 took 0.00881ms
interpretation of _private.Mathlib.Tactic.FunProp.Theorems.0.Mathlib.Meta.FunProp.initFn._lam_0._@.Mathlib.Tactic.FunProp.Theorems.1545051141._hygCtx._hyg.2 took 0.00657ms
interpretation of _private.Mathlib.Tactic.FunProp.Theorems.0.Mathlib.Meta.FunProp.initFn._lam_0._@.Mathlib.Tactic.FunProp.Theorems.1545051141._hygCtx._hyg.2 took 0.00799ms
interpretation of _private.Mathlib.Tactic.FunProp.Theorems.0.Mathlib.Meta.FunProp.initFn._lam_0._@.Mathlib.Tactic.FunProp.Theorems.1545051141._hygCtx._hyg.2 took 0.00623ms
interpretation of _private.Mathlib.Tactic.FunProp.Theorems.0.Mathlib.Meta.FunProp.initFn._lam_0._@.Mathlib.Tactic.FunProp.Theorems.1545051141._hygCtx._hyg.2 took 0.00785ms
interpretation of _private.Mathlib.Tactic.FunProp.Theorems.0.Mathlib.Meta.FunProp.initFn._lam_0._@.Mathlib.Tactic.FunProp.Theorems.1545051141._hygCtx._hyg.2 took 0.00665ms
interpretation of _private.Mathlib.Tactic.FunProp.Theorems.0.Mathlib.Meta.FunProp.initFn._lam_0._@.Mathlib.Tactic.FunProp.Theorems.1545051141._hygCtx._hyg.2 took 0.00634ms
interpretation of _private.Mathlib.Tactic.FunProp.Theorems.0.Mathlib.Meta.FunProp.initFn._lam_0._@.Mathlib.Tactic.FunProp.Theorems.1545051141._hygCtx._hyg.2 took 0.00726ms
interpretation of _private.Mathlib.Tactic.FunProp.Theorems.0.Mathlib.Meta.FunProp.initFn._lam_0._@.Mathlib.Tactic.FunProp.Theorems.1545051141._hygCtx._hyg.2 took 0.00598ms
interpretation of _private.Mathlib.Tactic.FunProp.Theorems.0.Mathlib.Meta.FunProp.initFn._lam_0._@.Mathlib.Tactic.FunProp.Theorems.1545051141._hygCtx._hyg.2 took 0.0112ms
interpretation of _private.Mathlib.Tactic.FunProp.Theorems.0.Mathlib.Meta.FunProp.initFn._lam_0._@.Mathlib.Tactic.FunProp.Theorems.1545051141._hygCtx._hyg.2 took 0.00568ms
interpretation of _private.Mathlib.Tactic.FunProp.Theorems.0.Mathlib.Meta.FunProp.initFn._lam_0._@.Mathlib.Tactic.FunProp.Theorems.1545051141._hygCtx._hyg.2 took 0.0072ms
interpretation of _private.Mathlib.Tactic.FunProp.Theorems.0.Mathlib.Meta.FunProp.initFn._lam_0._@.Mathlib.Tactic.FunProp.Theorems.1545051141._hygCtx._hyg.2 took 0.006ms
interpretation of _private.Mathlib.Tactic.FunProp.Theorems.0.Mathlib.Meta.FunProp.initFn._lam_0._@.Mathlib.Tactic.FunProp.Theorems.1545051141._hygCtx._hyg.2 took 0.00583ms
interpretation of _private.Mathlib.Tactic.FunProp.Theorems.0.Mathlib.Meta.FunProp.initFn._lam_0._@.Mathlib.Tactic.FunProp.Theorems.1545051141._hygCtx._hyg.2 took 0.00879ms
interpretation of _private.Mathlib.Tactic.FunProp.Theorems.0.Mathlib.Meta.FunProp.initFn._lam_0._@.Mathlib.Tactic.FunProp.Theorems.1545051141._hygCtx._hyg.2 took 0.00673ms
interpretation of _private.Mathlib.Tactic.FunProp.Theorems.0.Mathlib.Meta.FunProp.initFn._lam_0._@.Mathlib.Tactic.FunProp.Theorems.1545051141._hygCtx._hyg.2 took 0.00838ms
interpretation of _private.Mathlib.Tactic.FunProp.Theorems.0.Mathlib.Meta.FunProp.initFn._lam_0._@.Mathlib.Tactic.FunProp.Theorems.1545051141._hygCtx._hyg.2 took 0.0072ms
interpretation of _private.Mathlib.Tactic.FunProp.Theorems.0.Mathlib.Meta.FunProp.initFn._lam_0._@.Mathlib.Tactic.FunProp.Theorems.1545051141._hygCtx._hyg.2 took 0.00828ms
interpretation of _private.Mathlib.Tactic.FunProp.Theorems.0.Mathlib.Meta.FunProp.initFn._lam_0._@.Mathlib.Tactic.FunProp.Theorems.1545051141._hygCtx._hyg.2 took 0.00698ms
interpretation of _private.Mathlib.Tactic.FunProp.Theorems.0.Mathlib.Meta.FunProp.initFn._lam_0._@.Mathlib.Tactic.FunProp.Theorems.1545051141._hygCtx._hyg.2 took 0.00868ms
interpretation of _private.Mathlib.Tactic.FunProp.Theorems.0.Mathlib.Meta.FunProp.initFn._lam_0._@.Mathlib.Tactic.FunProp.Theorems.1545051141._hygCtx._hyg.2 took 0.00686ms
interpretation of _private.Mathlib.Tactic.FunProp.Theorems.0.Mathlib.Meta.FunProp.initFn._lam_0._@.Mathlib.Tactic.FunProp.Theorems.1545051141._hygCtx._hyg.2 took 0.0084ms
interpretation of _private.Mathlib.Tactic.FunProp.Theorems.0.Mathlib.Meta.FunProp.initFn._lam_0._@.Mathlib.Tactic.FunProp.Theorems.1545051141._hygCtx._hyg.2 took 0.00652ms
interpretation of _private.Mathlib.Tactic.FunProp.Theorems.0.Mathlib.Meta.FunProp.initFn._lam_0._@.Mathlib.Tactic.FunProp.Theorems.1545051141._hygCtx._hyg.2 took 0.00768ms
interpretation of _private.Mathlib.Tactic.FunProp.Theorems.0.Mathlib.Meta.FunProp.initFn._lam_0._@.Mathlib.Tactic.FunProp.Theorems.1545051141._hygCtx._hyg.2 took 0.0067ms
interpretation of _private.Mathlib.Tactic.FunProp.Theorems.0.Mathlib.Meta.FunProp.initFn._lam_0._@.Mathlib.Tactic.FunProp.Theorems.1545051141._hygCtx._hyg.2 took 0.00776ms
interpretation of _private.Mathlib.Tactic.FunProp.Theorems.0.Mathlib.Meta.FunProp.initFn._lam_0._@.Mathlib.Tactic.FunProp.Theorems.1545051141._hygCtx._hyg.2 took 0.00669ms
interpretation of _private.Mathlib.Tactic.FunProp.Theorems.0.Mathlib.Meta.FunProp.initFn._lam_0._@.Mathlib.Tactic.FunProp.Theorems.1545051141._hygCtx._hyg.2 took 0.00817ms
interpretation of _private.Mathlib.Tactic.FunProp.Theorems.0.Mathlib.Meta.FunProp.initFn._lam_0._@.Mathlib.Tactic.FunProp.Theorems.1545051141._hygCtx._hyg.2 took 0.00681ms
interpretation of _private.Mathlib.Tactic.FunProp.Theorems.0.Mathlib.Meta.FunProp.initFn._lam_0._@.Mathlib.Tactic.FunProp.Theorems.1545051141._hygCtx._hyg.2 took 0.00804ms
interpretation of _private.Mathlib.Tactic.FunProp.Theorems.0.Mathlib.Meta.FunProp.initFn._lam_0._@.Mathlib.Tactic.FunProp.Theorems.1545051141._hygCtx._hyg.2 took 0.0976ms
interpretation of _private.Mathlib.Tactic.FunProp.Theorems.0.Mathlib.Meta.FunProp.initFn._lam_0._@.Mathlib.Tactic.FunProp.Theorems.1545051141._hygCtx._hyg.2 took 0.0083ms
interpretation of _private.Mathlib.Tactic.FunProp.Theorems.0.Mathlib.Meta.FunProp.initFn._lam_0._@.Mathlib.Tactic.FunProp.Theorems.1545051141._hygCtx._hyg.2 took 0.00648ms
interpretation of _private.Mathlib.Tactic.FunProp.Theorems.0.Mathlib.Meta.FunProp.initFn._lam_0._@.Mathlib.Tactic.FunProp.Theorems.1545051141._hygCtx._hyg.2 took 0.0077ms
interpretation of _private.Mathlib.Tactic.FunProp.Theorems.0.Mathlib.Meta.FunProp.initFn._lam_0._@.Mathlib.Tactic.FunProp.Theorems.1545051141._hygCtx._hyg.2 took 0.0064ms
interpretation of _private.Mathlib.Tactic.FunProp.Theorems.0.Mathlib.Meta.FunProp.initFn._lam_0._@.Mathlib.Tactic.FunProp.Theorems.1545051141._hygCtx._hyg.2 took 0.00774ms
interpretation of _private.Mathlib.Tactic.FunProp.Theorems.0.Mathlib.Meta.FunProp.initFn._lam_0._@.Mathlib.Tactic.FunProp.Theorems.1545051141._hygCtx._hyg.2 took 0.00629ms
interpretation of _private.Mathlib.Tactic.FunProp.Theorems.0.Mathlib.Meta.FunProp.initFn._lam_0._@.Mathlib.Tactic.FunProp.Theorems.1545051141._hygCtx._hyg.2 took 0.00841ms
interpretation of _private.Mathlib.Tactic.FunProp.Theorems.0.Mathlib.Meta.FunProp.initFn._lam_0._@.Mathlib.Tactic.FunProp.Theorems.1545051141._hygCtx._hyg.2 took 0.00659ms
interpretation of _private.Mathlib.Tactic.FunProp.Theorems.0.Mathlib.Meta.FunProp.initFn._lam_0._@.Mathlib.Tactic.FunProp.Theorems.1545051141._hygCtx._hyg.2 took 0.0134ms
interpretation of _private.Mathlib.Tactic.FunProp.Theorems.0.Mathlib.Meta.FunProp.initFn._lam_0._@.Mathlib.Tactic.FunProp.Theorems.1545051141._hygCtx._hyg.2 took 0.00908ms
interpretation of _private.Mathlib.Tactic.FunProp.Theorems.0.Mathlib.Meta.FunProp.initFn._lam_0._@.Mathlib.Tactic.FunProp.Theorems.1545051141._hygCtx._hyg.2 took 0.00998ms
interpretation of _private.Mathlib.Tactic.FunProp.Theorems.0.Mathlib.Meta.FunProp.initFn._lam_0._@.Mathlib.Tactic.FunProp.Theorems.1545051141._hygCtx._hyg.2 took 0.00847ms
interpretation of _private.Mathlib.Tactic.FunProp.Theorems.0.Mathlib.Meta.FunProp.initFn._lam_0._@.Mathlib.Tactic.FunProp.Theorems.1545051141._hygCtx._hyg.2 took 0.0102ms
interpretation of _private.Mathlib.Tactic.FunProp.Theorems.0.Mathlib.Meta.FunProp.initFn._lam_0._@.Mathlib.Tactic.FunProp.Theorems.1545051141._hygCtx._hyg.2 took 0.00963ms
interpretation of _private.Mathlib.Tactic.FunProp.Theorems.0.Mathlib.Meta.FunProp.initFn._lam_0._@.Mathlib.Tactic.FunProp.Theorems.1545051141._hygCtx._hyg.2 took 0.0085ms
interpretation of _private.Mathlib.Tactic.FunProp.Theorems.0.Mathlib.Meta.FunProp.initFn._lam_0._@.Mathlib.Tactic.FunProp.Theorems.1545051141._hygCtx._hyg.2 took 0.00805ms
interpretation of _private.Mathlib.Tactic.FunProp.Theorems.0.Mathlib.Meta.FunProp.initFn._lam_0._@.Mathlib.Tactic.FunProp.Theorems.1545051141._hygCtx._hyg.2 took 0.00841ms
interpretation of _private.Mathlib.Tactic.FunProp.Theorems.0.Mathlib.Meta.FunProp.initFn._lam_0._@.Mathlib.Tactic.FunProp.Theorems.1545051141._hygCtx._hyg.2 took 0.00844ms
interpretation of _private.Mathlib.Tactic.FunProp.Theorems.0.Mathlib.Meta.FunProp.initFn._lam_0._@.Mathlib.Tactic.FunProp.Theorems.1545051141._hygCtx._hyg.2 took 0.00879ms
interpretation of _private.Mathlib.Tactic.FunProp.Theorems.0.Mathlib.Meta.FunProp.initFn._lam_0._@.Mathlib.Tactic.FunProp.Theorems.1545051141._hygCtx._hyg.2 took 0.00871ms
interpretation of _private.Mathlib.Tactic.FunProp.Theorems.0.Mathlib.Meta.FunProp.initFn._lam_0._@.Mathlib.Tactic.FunProp.Theorems.1545051141._hygCtx._hyg.2 took 0.00846ms
interpretation of _private.Mathlib.Tactic.FunProp.Theorems.0.Mathlib.Meta.FunProp.initFn._lam_0._@.Mathlib.Tactic.FunProp.Theorems.1545051141._hygCtx._hyg.2 took 0.00789ms
interpretation of _private.Mathlib.Tactic.FunProp.Theorems.0.Mathlib.Meta.FunProp.initFn._lam_0._@.Mathlib.Tactic.FunProp.Theorems.1545051141._hygCtx._hyg.2 took 0.00805ms
interpretation of _private.Mathlib.Tactic.FunProp.Theorems.0.Mathlib.Meta.FunProp.initFn._lam_0._@.Mathlib.Tactic.FunProp.Theorems.1545051141._hygCtx._hyg.2 took 0.0077ms
interpretation of _private.Mathlib.Tactic.FunProp.Theorems.0.Mathlib.Meta.FunProp.initFn._lam_0._@.Mathlib.Tactic.FunProp.Theorems.1545051141._hygCtx._hyg.2 took 0.00791ms
interpretation of _private.Mathlib.Tactic.FunProp.Theorems.0.Mathlib.Meta.FunProp.initFn._lam_0._@.Mathlib.Tactic.FunProp.Theorems.1545051141._hygCtx._hyg.2 took 0.0082ms
interpretation of _private.Mathlib.Tactic.FunProp.Theorems.0.Mathlib.Meta.FunProp.initFn._lam_0._@.Mathlib.Tactic.FunProp.Theorems.1545051141._hygCtx._hyg.2 took 0.00681ms
interpretation of _private.Mathlib.Tactic.FunProp.Theorems.0.Mathlib.Meta.FunProp.initFn._lam_0._@.Mathlib.Tactic.FunProp.Theorems.1545051141._hygCtx._hyg.2 took 0.00855ms
interpretation of _private.Mathlib.Tactic.FunProp.Theorems.0.Mathlib.Meta.FunProp.initFn._lam_0._@.Mathlib.Tactic.FunProp.Theorems.1545051141._hygCtx._hyg.2 took 0.00835ms
interpretation of _private.Mathlib.Tactic.FunProp.Theorems.0.Mathlib.Meta.FunProp.initFn._lam_0._@.Mathlib.Tactic.FunProp.Theorems.1545051141._hygCtx._hyg.2 took 0.00795ms
interpretation of _private.Mathlib.Tactic.FunProp.Theorems.0.Mathlib.Meta.FunProp.initFn._lam_0._@.Mathlib.Tactic.FunProp.Theorems.1545051141._hygCtx._hyg.2 took 0.008ms
interpretation of _private.Mathlib.Tactic.FunProp.Theorems.0.Mathlib.Meta.FunProp.initFn._lam_0._@.Mathlib.Tactic.FunProp.Theorems.1545051141._hygCtx._hyg.2 took 0.00788ms
interpretation of _private.Mathlib.Tactic.FunProp.Theorems.0.Mathlib.Meta.FunProp.initFn._lam_0._@.Mathlib.Tactic.FunProp.Theorems.1545051141._hygCtx._hyg.2 took 0.00865ms
interpretation of _private.Mathlib.Tactic.FunProp.Theorems.0.Mathlib.Meta.FunProp.initFn._lam_0._@.Mathlib.Tactic.FunProp.Theorems.1545051141._hygCtx._hyg.2 took 0.00759ms
interpretation of _private.Mathlib.Tactic.FunProp.Theorems.0.Mathlib.Meta.FunProp.initFn._lam_0._@.Mathlib.Tactic.FunProp.Theorems.1545051141._hygCtx._hyg.2 took 0.00766ms
interpretation of _private.Mathlib.Tactic.FunProp.Theorems.0.Mathlib.Meta.FunProp.initFn._lam_0._@.Mathlib.Tactic.FunProp.Theorems.1545051141._hygCtx._hyg.2 took 0.00781ms
interpretation of _private.Mathlib.Tactic.FunProp.Theorems.0.Mathlib.Meta.FunProp.initFn._lam_0._@.Mathlib.Tactic.FunProp.Theorems.1545051141._hygCtx._hyg.2 took 0.00828ms
interpretation of _private.Mathlib.Tactic.FunProp.Theorems.0.Mathlib.Meta.FunProp.initFn._lam_0._@.Mathlib.Tactic.FunProp.Theorems.1545051141._hygCtx._hyg.2 took 0.00781ms
interpretation of _private.Mathlib.Tactic.FunProp.Theorems.0.Mathlib.Meta.FunProp.initFn._lam_0._@.Mathlib.Tactic.FunProp.Theorems.1545051141._hygCtx._hyg.2 took 0.00792ms
interpretation of _private.Mathlib.Tactic.FunProp.Theorems.0.Mathlib.Meta.FunProp.initFn._lam_0._@.Mathlib.Tactic.FunProp.Theorems.1545051141._hygCtx._hyg.2 took 0.00782ms
interpretation of _private.Mathlib.Tactic.FunProp.Theorems.0.Mathlib.Meta.FunProp.initFn._lam_0._@.Mathlib.Tactic.FunProp.Theorems.1545051141._hygCtx._hyg.2 took 0.00855ms
interpretation of _private.Mathlib.Tactic.FunProp.Theorems.0.Mathlib.Meta.FunProp.initFn._lam_0._@.Mathlib.Tactic.FunProp.Theorems.1545051141._hygCtx._hyg.2 took 0.00791ms
interpretation of _private.Mathlib.Tactic.FunProp.Theorems.0.Mathlib.Meta.FunProp.initFn._lam_0._@.Mathlib.Tactic.FunProp.Theorems.1545051141._hygCtx._hyg.2 took 0.00771ms
interpretation of _private.Mathlib.Tactic.FunProp.Theorems.0.Mathlib.Meta.FunProp.initFn._lam_0._@.Mathlib.Tactic.FunProp.Theorems.1545051141._hygCtx._hyg.2 took 0.00826ms
interpretation of _private.Mathlib.Tactic.FunProp.Theorems.0.Mathlib.Meta.FunProp.initFn._lam_0._@.Mathlib.Tactic.FunProp.Theorems.1545051141._hygCtx._hyg.2 took 0.00859ms
interpretation of _private.Mathlib.Tactic.FunProp.Theorems.0.Mathlib.Meta.FunProp.initFn._lam_0._@.Mathlib.Tactic.FunProp.Theorems.1545051141._hygCtx._hyg.2 took 0.00626ms
interpretation of _private.Mathlib.Tactic.FunProp.Theorems.0.Mathlib.Meta.FunProp.initFn._lam_0._@.Mathlib.Tactic.FunProp.Theorems.1545051141._hygCtx._hyg.2 took 0.0079ms
interpretation of _private.Mathlib.Tactic.FunProp.Theorems.0.Mathlib.Meta.FunProp.initFn._lam_0._@.Mathlib.Tactic.FunProp.Theorems.1545051141._hygCtx._hyg.2 took 0.00801ms
interpretation of _private.Mathlib.Tactic.FunProp.Theorems.0.Mathlib.Meta.FunProp.initFn._lam_0._@.Mathlib.Tactic.FunProp.Theorems.1545051141._hygCtx._hyg.2 took 0.00631ms
interpretation of _private.Mathlib.Tactic.FunProp.Theorems.0.Mathlib.Meta.FunProp.initFn._lam_0._@.Mathlib.Tactic.FunProp.Theorems.1545051141._hygCtx._hyg.2 took 0.00795ms
interpretation of _private.Mathlib.Tactic.FunProp.Theorems.0.Mathlib.Meta.FunProp.initFn._lam_0._@.Mathlib.Tactic.FunProp.Theorems.1545051141._hygCtx._hyg.2 took 0.00804ms
interpretation of _private.Mathlib.Tactic.FunProp.Theorems.0.Mathlib.Meta.FunProp.initFn._lam_0._@.Mathlib.Tactic.FunProp.Theorems.1545051141._hygCtx._hyg.2 took 0.00799ms
interpretation of _private.Mathlib.Tactic.FunProp.Theorems.0.Mathlib.Meta.FunProp.initFn._lam_0._@.Mathlib.Tactic.FunProp.Theorems.1545051141._hygCtx._hyg.2 took 0.00668ms
interpretation of _private.Mathlib.Tactic.FunProp.Theorems.0.Mathlib.Meta.FunProp.initFn._lam_0._@.Mathlib.Tactic.FunProp.Theorems.1545051141._hygCtx._hyg.2 took 0.00788ms
interpretation of _private.Mathlib.Tactic.FunProp.Theorems.0.Mathlib.Meta.FunProp.initFn._lam_0._@.Mathlib.Tactic.FunProp.Theorems.1545051141._hygCtx._hyg.2 took 0.00861ms
interpretation of _private.Mathlib.Tactic.FunProp.Theorems.0.Mathlib.Meta.FunProp.initFn._lam_0._@.Mathlib.Tactic.FunProp.Theorems.1545051141._hygCtx._hyg.2 took 0.00791ms
interpretation of _private.Mathlib.Tactic.FunProp.Theorems.0.Mathlib.Meta.FunProp.initFn._lam_0._@.Mathlib.Tactic.FunProp.Theorems.1545051141._hygCtx._hyg.2 took 0.00777ms
interpretation of _private.Mathlib.Tactic.FunProp.Theorems.0.Mathlib.Meta.FunProp.initFn._lam_0._@.Mathlib.Tactic.FunProp.Theorems.1545051141._hygCtx._hyg.2 took 0.00676ms
interpretation of _private.Mathlib.Tactic.FunProp.Theorems.0.Mathlib.Meta.FunProp.initFn._lam_0._@.Mathlib.Tactic.FunProp.Theorems.1545051141._hygCtx._hyg.2 took 0.00847ms
interpretation of _private.Mathlib.Tactic.FunProp.Theorems.0.Mathlib.Meta.FunProp.initFn._lam_0._@.Mathlib.Tactic.FunProp.Theorems.1545051141._hygCtx._hyg.2 took 0.00837ms
interpretation of _private.Mathlib.Tactic.FunProp.Theorems.0.Mathlib.Meta.FunProp.initFn._lam_0._@.Mathlib.Tactic.FunProp.Theorems.1545051141._hygCtx._hyg.2 took 0.00882ms
interpretation of _private.Mathlib.Tactic.FunProp.Theorems.0.Mathlib.Meta.FunProp.initFn._lam_0._@.Mathlib.Tactic.FunProp.Theorems.1545051141._hygCtx._hyg.2 took 0.00842ms
interpretation of _private.Mathlib.Tactic.FunProp.Theorems.0.Mathlib.Meta.FunProp.initFn._lam_0._@.Mathlib.Tactic.FunProp.Theorems.1545051141._hygCtx._hyg.2 took 0.0081ms
interpretation of _private.Mathlib.Tactic.FunProp.Theorems.0.Mathlib.Meta.FunProp.initFn._lam_0._@.Mathlib.Tactic.FunProp.Theorems.1545051141._hygCtx._hyg.2 took 0.181ms
interpretation of _private.Mathlib.Tactic.FunProp.Theorems.0.Mathlib.Meta.FunProp.initFn._lam_0._@.Mathlib.Tactic.FunProp.Theorems.1545051141._hygCtx._hyg.2 took 0.00956ms
interpretation of _private.Mathlib.Tactic.FunProp.Theorems.0.Mathlib.Meta.FunProp.initFn._lam_0._@.Mathlib.Tactic.FunProp.Theorems.1545051141._hygCtx._hyg.2 took 0.00621ms
interpretation of _private.Mathlib.Tactic.FunProp.Theorems.0.Mathlib.Meta.FunProp.initFn._lam_0._@.Mathlib.Tactic.FunProp.Theorems.1545051141._hygCtx._hyg.2 took 0.00602ms
interpretation of _private.Mathlib.Tactic.FunProp.Theorems.0.Mathlib.Meta.FunProp.initFn._lam_0._@.Mathlib.Tactic.FunProp.Theorems.1545051141._hygCtx._hyg.2 took 0.00764ms
interpretation of _private.Mathlib.Tactic.FunProp.Theorems.0.Mathlib.Meta.FunProp.initFn._lam_0._@.Mathlib.Tactic.FunProp.Theorems.1545051141._hygCtx._hyg.2 took 0.0083ms
interpretation of _private.Mathlib.Tactic.FunProp.Theorems.0.Mathlib.Meta.FunProp.initFn._lam_0._@.Mathlib.Tactic.FunProp.Theorems.1545051141._hygCtx._hyg.2 took 0.00882ms
interpretation of _private.Mathlib.Tactic.FunProp.Theorems.0.Mathlib.Meta.FunProp.initFn._lam_0._@.Mathlib.Tactic.FunProp.Theorems.1545051141._hygCtx._hyg.2 took 0.00844ms
interpretation of _private.Mathlib.Tactic.FunProp.Theorems.0.Mathlib.Meta.FunProp.initFn._lam_0._@.Mathlib.Tactic.FunProp.Theorems.1545051141._hygCtx._hyg.2 took 0.00957ms
interpretation of _private.Mathlib.Tactic.FunProp.Theorems.0.Mathlib.Meta.FunProp.initFn._lam_0._@.Mathlib.Tactic.FunProp.Theorems.1545051141._hygCtx._hyg.2 took 0.0106ms
interpretation of _private.Mathlib.Tactic.FunProp.Theorems.0.Mathlib.Meta.FunProp.initFn._lam_0._@.Mathlib.Tactic.FunProp.Theorems.1545051141._hygCtx._hyg.2 took 0.00997ms
interpretation of _private.Mathlib.Tactic.FunProp.Theorems.0.Mathlib.Meta.FunProp.initFn._lam_0._@.Mathlib.Tactic.FunProp.Theorems.1545051141._hygCtx._hyg.2 took 0.00963ms
interpretation of _private.Mathlib.Tactic.FunProp.Theorems.0.Mathlib.Meta.FunProp.initFn._lam_0._@.Mathlib.Tactic.FunProp.Theorems.1545051141._hygCtx._hyg.2 took 0.00717ms
interpretation of _private.Mathlib.Tactic.FunProp.Theorems.0.Mathlib.Meta.FunProp.initFn._lam_0._@.Mathlib.Tactic.FunProp.Theorems.1545051141._hygCtx._hyg.2 took 0.00899ms
interpretation of _private.Mathlib.Tactic.FunProp.Theorems.0.Mathlib.Meta.FunProp.initFn._lam_0._@.Mathlib.Tactic.FunProp.Theorems.1545051141._hygCtx._hyg.2 took 0.00903ms
interpretation of _private.Mathlib.Tactic.FunProp.Theorems.0.Mathlib.Meta.FunProp.initFn._lam_0._@.Mathlib.Tactic.FunProp.Theorems.1545051141._hygCtx._hyg.2 took 0.00845ms
interpretation of _private.Mathlib.Tactic.FunProp.Theorems.0.Mathlib.Meta.FunProp.initFn._lam_0._@.Mathlib.Tactic.FunProp.Theorems.1545051141._hygCtx._hyg.2 took 0.00802ms
interpretation of _private.Mathlib.Tactic.FunProp.Theorems.0.Mathlib.Meta.FunProp.initFn._lam_0._@.Mathlib.Tactic.FunProp.Theorems.1545051141._hygCtx._hyg.2 took 0.00897ms
interpretation of _private.Mathlib.Tactic.FunProp.Theorems.0.Mathlib.Meta.FunProp.initFn._lam_0._@.Mathlib.Tactic.FunProp.Theorems.1545051141._hygCtx._hyg.2 took 0.00589ms
interpretation of _private.Mathlib.Tactic.FunProp.Theorems.0.Mathlib.Meta.FunProp.initFn._lam_0._@.Mathlib.Tactic.FunProp.Theorems.1545051141._hygCtx._hyg.2 took 0.00613ms
interpretation of _private.Mathlib.Tactic.FunProp.Theorems.0.Mathlib.Meta.FunProp.initFn._lam_0._@.Mathlib.Tactic.FunProp.Theorems.1545051141._hygCtx._hyg.2 took 0.00783ms
interpretation of _private.Mathlib.Tactic.FunProp.Theorems.0.Mathlib.Meta.FunProp.initFn._lam_0._@.Mathlib.Tactic.FunProp.Theorems.1545051141._hygCtx._hyg.2 took 0.00551ms
interpretation of _private.Mathlib.Tactic.FunProp.Theorems.0.Mathlib.Meta.FunProp.initFn._lam_0._@.Mathlib.Tactic.FunProp.Theorems.1545051141._hygCtx._hyg.2 took 0.00554ms
interpretation of _private.Mathlib.Tactic.FunProp.Theorems.0.Mathlib.Meta.FunProp.initFn._lam_0._@.Mathlib.Tactic.FunProp.Theorems.1545051141._hygCtx._hyg.2 took 0.00779ms
interpretation of _private.Mathlib.Tactic.FunProp.Theorems.0.Mathlib.Meta.FunProp.initFn._lam_0._@.Mathlib.Tactic.FunProp.Theorems.1545051141._hygCtx._hyg.2 took 0.00572ms
interpretation of _private.Mathlib.Tactic.FunProp.Theorems.0.Mathlib.Meta.FunProp.initFn._lam_0._@.Mathlib.Tactic.FunProp.Theorems.1545051141._hygCtx._hyg.2 took 0.00848ms
interpretation of _private.Mathlib.Tactic.FunProp.Theorems.0.Mathlib.Meta.FunProp.initFn._lam_0._@.Mathlib.Tactic.FunProp.Theorems.1545051141._hygCtx._hyg.2 took 0.0087ms
interpretation of _private.Mathlib.Tactic.FunProp.Theorems.0.Mathlib.Meta.FunProp.initFn._lam_0._@.Mathlib.Tactic.FunProp.Theorems.1545051141._hygCtx._hyg.2 took 0.0066ms
interpretation of _private.Mathlib.Tactic.FunProp.Theorems.0.Mathlib.Meta.FunProp.initFn._lam_0._@.Mathlib.Tactic.FunProp.Theorems.1545051141._hygCtx._hyg.2 took 0.00668ms
interpretation of _private.Mathlib.Tactic.FunProp.Theorems.0.Mathlib.Meta.FunProp.initFn._lam_0._@.Mathlib.Tactic.FunProp.Theorems.1545051141._hygCtx._hyg.2 took 0.00663ms
interpretation of _private.Mathlib.Tactic.FunProp.Theorems.0.Mathlib.Meta.FunProp.initFn._lam_0._@.Mathlib.Tactic.FunProp.Theorems.1545051141._hygCtx._hyg.2 took 0.00651ms
interpretation of _private.Mathlib.Tactic.FunProp.Theorems.0.Mathlib.Meta.FunProp.initFn._lam_0._@.Mathlib.Tactic.FunProp.Theorems.1545051141._hygCtx._hyg.2 took 0.00799ms
interpretation of _private.Mathlib.Tactic.FunProp.Theorems.0.Mathlib.Meta.FunProp.initFn._lam_0._@.Mathlib.Tactic.FunProp.Theorems.1545051141._hygCtx._hyg.2 took 0.00787ms
interpretation of _private.Mathlib.Tactic.FunProp.Theorems.0.Mathlib.Meta.FunProp.initFn._lam_0._@.Mathlib.Tactic.FunProp.Theorems.1545051141._hygCtx._hyg.2 took 0.00585ms
interpretation of _private.Mathlib.Tactic.FunProp.Theorems.0.Mathlib.Meta.FunProp.initFn._lam_0._@.Mathlib.Tactic.FunProp.Theorems.1545051141._hygCtx._hyg.2 took 0.00628ms
interpretation of _private.Mathlib.Tactic.FunProp.Theorems.0.Mathlib.Meta.FunProp.initFn._lam_0._@.Mathlib.Tactic.FunProp.Theorems.1545051141._hygCtx._hyg.2 took 0.00747ms
interpretation of _private.Mathlib.Tactic.FunProp.Theorems.0.Mathlib.Meta.FunProp.initFn._lam_0._@.Mathlib.Tactic.FunProp.Theorems.1545051141._hygCtx._hyg.2 took 0.00759ms
interpretation of _private.Mathlib.Tactic.FunProp.Theorems.0.Mathlib.Meta.FunProp.initFn._lam_0._@.Mathlib.Tactic.FunProp.Theorems.1545051141._hygCtx._hyg.2 took 0.0077ms
interpretation of _private.Mathlib.Tactic.FunProp.Theorems.0.Mathlib.Meta.FunProp.initFn._lam_0._@.Mathlib.Tactic.FunProp.Theorems.1545051141._hygCtx._hyg.2 took 0.00796ms
interpretation of _private.Mathlib.Tactic.FunProp.Theorems.0.Mathlib.Meta.FunProp.initFn._lam_0._@.Mathlib.Tactic.FunProp.Theorems.1545051141._hygCtx._hyg.2 took 0.00763ms
interpretation of _private.Mathlib.Tactic.FunProp.Theorems.0.Mathlib.Meta.FunProp.initFn._lam_0._@.Mathlib.Tactic.FunProp.Theorems.1545051141._hygCtx._hyg.2 took 0.00799ms
interpretation of _private.Mathlib.Tactic.FunProp.Theorems.0.Mathlib.Meta.FunProp.initFn._lam_0._@.Mathlib.Tactic.FunProp.Theorems.1545051141._hygCtx._hyg.2 took 0.00853ms
interpretation of _private.Mathlib.Tactic.FunProp.Theorems.0.Mathlib.Meta.FunProp.initFn._lam_0._@.Mathlib.Tactic.FunProp.Theorems.1545051141._hygCtx._hyg.2 took 0.00843ms
interpretation of _private.Mathlib.Tactic.FunProp.Theorems.0.Mathlib.Meta.FunProp.initFn._lam_0._@.Mathlib.Tactic.FunProp.Theorems.1545051141._hygCtx._hyg.2 took 0.00794ms
interpretation of _private.Mathlib.Tactic.FunProp.Theorems.0.Mathlib.Meta.FunProp.initFn._lam_0._@.Mathlib.Tactic.FunProp.Theorems.1545051141._hygCtx._hyg.2 took 0.00847ms
interpretation of _private.Mathlib.Tactic.FunProp.Theorems.0.Mathlib.Meta.FunProp.initFn._lam_0._@.Mathlib.Tactic.FunProp.Theorems.1545051141._hygCtx._hyg.2 took 0.00826ms
interpretation of _private.Mathlib.Tactic.FunProp.Theorems.0.Mathlib.Meta.FunProp.initFn._lam_0._@.Mathlib.Tactic.FunProp.Theorems.1545051141._hygCtx._hyg.2 took 0.00893ms
interpretation of _private.Mathlib.Tactic.FunProp.Theorems.0.Mathlib.Meta.FunProp.initFn._lam_0._@.Mathlib.Tactic.FunProp.Theorems.1545051141._hygCtx._hyg.2 took 0.00895ms
interpretation of _private.Mathlib.Tactic.FunProp.Theorems.0.Mathlib.Meta.FunProp.initFn._lam_0._@.Mathlib.Tactic.FunProp.Theorems.1545051141._hygCtx._hyg.2 took 0.00809ms
interpretation of _private.Mathlib.Tactic.FunProp.Theorems.0.Mathlib.Meta.FunProp.initFn._lam_0._@.Mathlib.Tactic.FunProp.Theorems.1545051141._hygCtx._hyg.2 took 0.00886ms
interpretation of _private.Mathlib.Tactic.FunProp.Theorems.0.Mathlib.Meta.FunProp.initFn._lam_0._@.Mathlib.Tactic.FunProp.Theorems.1545051141._hygCtx._hyg.2 took 0.00807ms
interpretation of _private.Mathlib.Tactic.FunProp.Theorems.0.Mathlib.Meta.FunProp.initFn._lam_0._@.Mathlib.Tactic.FunProp.Theorems.1545051141._hygCtx._hyg.2 took 0.00861ms
interpretation of _private.Mathlib.Tactic.FunProp.Theorems.0.Mathlib.Meta.FunProp.initFn._lam_0._@.Mathlib.Tactic.FunProp.Theorems.1545051141._hygCtx._hyg.2 took 0.0088ms
interpretation of _private.Mathlib.Tactic.FunProp.Theorems.0.Mathlib.Meta.FunProp.initFn._lam_0._@.Mathlib.Tactic.FunProp.Theorems.1545051141._hygCtx._hyg.2 took 0.00835ms
interpretation of _private.Mathlib.Tactic.FunProp.Theorems.0.Mathlib.Meta.FunProp.initFn._lam_0._@.Mathlib.Tactic.FunProp.Theorems.1545051141._hygCtx._hyg.2 took 0.00781ms
interpretation of _private.Mathlib.Tactic.FunProp.Theorems.0.Mathlib.Meta.FunProp.initFn._lam_0._@.Mathlib.Tactic.FunProp.Theorems.1545051141._hygCtx._hyg.2 took 0.00815ms
interpretation of _private.Mathlib.Tactic.FunProp.Theorems.0.Mathlib.Meta.FunProp.initFn._lam_0._@.Mathlib.Tactic.FunProp.Theorems.1545051141._hygCtx._hyg.2 took 0.00838ms
interpretation of _private.Mathlib.Tactic.FunProp.Theorems.0.Mathlib.Meta.FunProp.initFn._lam_0._@.Mathlib.Tactic.FunProp.Theorems.1545051141._hygCtx._hyg.2 took 0.00836ms
interpretation of _private.Mathlib.Tactic.FunProp.Theorems.0.Mathlib.Meta.FunProp.initFn._lam_0._@.Mathlib.Tactic.FunProp.Theorems.1545051141._hygCtx._hyg.2 took 0.00774ms
interpretation of _private.Mathlib.Tactic.FunProp.Theorems.0.Mathlib.Meta.FunProp.initFn._lam_0._@.Mathlib.Tactic.FunProp.Theorems.1545051141._hygCtx._hyg.2 took 0.00807ms
interpretation of _private.Mathlib.Tactic.FunProp.Theorems.0.Mathlib.Meta.FunProp.initFn._lam_0._@.Mathlib.Tactic.FunProp.Theorems.1545051141._hygCtx._hyg.2 took 0.0555ms
interpretation of _private.Mathlib.Tactic.FunProp.Theorems.0.Mathlib.Meta.FunProp.initFn._lam_0._@.Mathlib.Tactic.FunProp.Theorems.1545051141._hygCtx._hyg.2 took 0.0892ms
interpretation of _private.Mathlib.Tactic.FunProp.Theorems.0.Mathlib.Meta.FunProp.initFn._lam_2._@.Mathlib.Tactic.FunProp.Theorems.1545051141._hygCtx._hyg.2._boxed took 0.0182ms
interpretation of _private.Mathlib.Tactic.FunProp.Theorems.0.Mathlib.Meta.FunProp.initFn._lam_0._@.Mathlib.Tactic.FunProp.Theorems.1054951927._hygCtx._hyg.2 took 0.188ms
interpretation of _private.Mathlib.Tactic.FunProp.Theorems.0.Mathlib.Meta.FunProp.initFn._lam_0._@.Mathlib.Tactic.FunProp.Theorems.1054951927._hygCtx._hyg.2 took 0.0231ms
interpretation of _private.Mathlib.Tactic.FunProp.Theorems.0.Mathlib.Meta.FunProp.initFn._lam_0._@.Mathlib.Tactic.FunProp.Theorems.1054951927._hygCtx._hyg.2 took 0.0337ms
interpretation of _private.Mathlib.Tactic.FunProp.Theorems.0.Mathlib.Meta.FunProp.initFn._lam_0._@.Mathlib.Tactic.FunProp.Theorems.1054951927._hygCtx._hyg.2 took 0.0133ms
interpretation of _private.Mathlib.Tactic.FunProp.Theorems.0.Mathlib.Meta.FunProp.initFn._lam_0._@.Mathlib.Tactic.FunProp.Theorems.1054951927._hygCtx._hyg.2 took 0.012ms
interpretation of _private.Mathlib.Tactic.FunProp.Theorems.0.Mathlib.Meta.FunProp.initFn._lam_0._@.Mathlib.Tactic.FunProp.Theorems.1054951927._hygCtx._hyg.2 took 0.0111ms
interpretation of _private.Mathlib.Tactic.FunProp.Theorems.0.Mathlib.Meta.FunProp.initFn._lam_0._@.Mathlib.Tactic.FunProp.Theorems.1054951927._hygCtx._hyg.2 took 0.0114ms
interpretation of _private.Mathlib.Tactic.FunProp.Theorems.0.Mathlib.Meta.FunProp.initFn._lam_0._@.Mathlib.Tactic.FunProp.Theorems.1054951927._hygCtx._hyg.2 took 0.0171ms
interpretation of _private.Mathlib.Tactic.FunProp.Theorems.0.Mathlib.Meta.FunProp.initFn._lam_0._@.Mathlib.Tactic.FunProp.Theorems.1054951927._hygCtx._hyg.2 took 0.0126ms
interpretation of _private.Mathlib.Tactic.FunProp.Theorems.0.Mathlib.Meta.FunProp.initFn._lam_0._@.Mathlib.Tactic.FunProp.Theorems.1054951927._hygCtx._hyg.2 took 0.0122ms
interpretation of _private.Mathlib.Tactic.FunProp.Theorems.0.Mathlib.Meta.FunProp.initFn._lam_0._@.Mathlib.Tactic.FunProp.Theorems.1054951927._hygCtx._hyg.2 took 0.0152ms
interpretation of _private.Mathlib.Tactic.FunProp.Theorems.0.Mathlib.Meta.FunProp.initFn._lam_0._@.Mathlib.Tactic.FunProp.Theorems.1054951927._hygCtx._hyg.2 took 0.0108ms
interpretation of _private.Mathlib.Tactic.FunProp.Theorems.0.Mathlib.Meta.FunProp.initFn._lam_0._@.Mathlib.Tactic.FunProp.Theorems.1054951927._hygCtx._hyg.2 took 0.0153ms
interpretation of _private.Mathlib.Tactic.FunProp.Theorems.0.Mathlib.Meta.FunProp.initFn._lam_0._@.Mathlib.Tactic.FunProp.Theorems.1054951927._hygCtx._hyg.2 took 0.0113ms
interpretation of _private.Mathlib.Tactic.FunProp.Theorems.0.Mathlib.Meta.FunProp.initFn._lam_0._@.Mathlib.Tactic.FunProp.Theorems.1054951927._hygCtx._hyg.2 took 0.0109ms
interpretation of _private.Mathlib.Tactic.FunProp.Theorems.0.Mathlib.Meta.FunProp.initFn._lam_0._@.Mathlib.Tactic.FunProp.Theorems.1054951927._hygCtx._hyg.2 took 0.0105ms
interpretation of _private.Mathlib.Tactic.FunProp.Theorems.0.Mathlib.Meta.FunProp.initFn._lam_0._@.Mathlib.Tactic.FunProp.Theorems.1054951927._hygCtx._hyg.2 took 0.0197ms
interpretation of _private.Mathlib.Tactic.FunProp.Theorems.0.Mathlib.Meta.FunProp.initFn._lam_0._@.Mathlib.Tactic.FunProp.Theorems.1054951927._hygCtx._hyg.2 took 0.0159ms
interpretation of _private.Mathlib.Tactic.FunProp.Theorems.0.Mathlib.Meta.FunProp.initFn._lam_0._@.Mathlib.Tactic.FunProp.Theorems.1054951927._hygCtx._hyg.2 took 0.0109ms
interpretation of _private.Mathlib.Tactic.FunProp.Theorems.0.Mathlib.Meta.FunProp.initFn._lam_0._@.Mathlib.Tactic.FunProp.Theorems.1054951927._hygCtx._hyg.2 took 0.0109ms
interpretation of _private.Mathlib.Tactic.FunProp.Theorems.0.Mathlib.Meta.FunProp.initFn._lam_0._@.Mathlib.Tactic.FunProp.Theorems.1054951927._hygCtx._hyg.2 took 0.0176ms
interpretation of _private.Mathlib.Tactic.FunProp.Theorems.0.Mathlib.Meta.FunProp.initFn._lam_0._@.Mathlib.Tactic.FunProp.Theorems.1054951927._hygCtx._hyg.2 took 0.011ms
interpretation of _private.Mathlib.Tactic.FunProp.Theorems.0.Mathlib.Meta.FunProp.initFn._lam_0._@.Mathlib.Tactic.FunProp.Theorems.1054951927._hygCtx._hyg.2 took 0.0144ms
interpretation of _private.Mathlib.Tactic.FunProp.Theorems.0.Mathlib.Meta.FunProp.initFn._lam_0._@.Mathlib.Tactic.FunProp.Theorems.1054951927._hygCtx._hyg.2 took 0.0116ms
interpretation of _private.Mathlib.Tactic.FunProp.Theorems.0.Mathlib.Meta.FunProp.initFn._lam_0._@.Mathlib.Tactic.FunProp.Theorems.1054951927._hygCtx._hyg.2 took 0.0175ms
interpretation of _private.Mathlib.Tactic.FunProp.Theorems.0.Mathlib.Meta.FunProp.initFn._lam_2._@.Mathlib.Tactic.FunProp.Theorems.1054951927._hygCtx._hyg.2._boxed took 0.00722ms
interpretation of _private.Mathlib.Tactic.FunProp.Theorems.0.Mathlib.Meta.FunProp.initFn._lam_0._@.Mathlib.Tactic.FunProp.Theorems.1054951927._hygCtx._hyg.2 took 0.0165ms
interpretation of _private.Mathlib.Tactic.FunProp.Theorems.0.Mathlib.Meta.FunProp.initFn._lam_0._@.Mathlib.Tactic.FunProp.Theorems.1054951927._hygCtx._hyg.2 took 0.011ms
interpretation of _private.Mathlib.Tactic.FunProp.Theorems.0.Mathlib.Meta.FunProp.initFn._lam_0._@.Mathlib.Tactic.FunProp.Theorems.1054951927._hygCtx._hyg.2 took 0.0151ms
interpretation of _private.Mathlib.Tactic.FunProp.Theorems.0.Mathlib.Meta.FunProp.initFn._lam_0._@.Mathlib.Tactic.FunProp.Theorems.1054951927._hygCtx._hyg.2 took 0.0144ms
interpretation of _private.Mathlib.Tactic.FunProp.Theorems.0.Mathlib.Meta.FunProp.initFn._lam_0._@.Mathlib.Tactic.FunProp.Theorems.1054951927._hygCtx._hyg.2 took 0.0111ms
interpretation of _private.Mathlib.Tactic.FunProp.Theorems.0.Mathlib.Meta.FunProp.initFn._lam_0._@.Mathlib.Tactic.FunProp.Theorems.1054951927._hygCtx._hyg.2 took 0.0111ms
interpretation of _private.Mathlib.Tactic.FunProp.Theorems.0.Mathlib.Meta.FunProp.initFn._lam_0._@.Mathlib.Tactic.FunProp.Theorems.1054951927._hygCtx._hyg.2 took 0.0173ms
interpretation of _private.Mathlib.Tactic.FunProp.Theorems.0.Mathlib.Meta.FunProp.initFn._lam_0._@.Mathlib.Tactic.FunProp.Theorems.1054951927._hygCtx._hyg.2 took 0.0111ms
interpretation of _private.Mathlib.Tactic.FunProp.Theorems.0.Mathlib.Meta.FunProp.initFn._lam_0._@.Mathlib.Tactic.FunProp.Theorems.1054951927._hygCtx._hyg.2 took 0.011ms
interpretation of _private.Mathlib.Tactic.FunProp.Theorems.0.Mathlib.Meta.FunProp.initFn._lam_0._@.Mathlib.Tactic.FunProp.Theorems.1054951927._hygCtx._hyg.2 took 0.0112ms
interpretation of _private.Mathlib.Tactic.FunProp.Theorems.0.Mathlib.Meta.FunProp.initFn._lam_0._@.Mathlib.Tactic.FunProp.Theorems.1054951927._hygCtx._hyg.2 took 0.0114ms
interpretation of _private.Mathlib.Tactic.FunProp.Theorems.0.Mathlib.Meta.FunProp.initFn._lam_0._@.Mathlib.Tactic.FunProp.Theorems.1054951927._hygCtx._hyg.2 took 0.0113ms
interpretation of _private.Mathlib.Tactic.FunProp.Theorems.0.Mathlib.Meta.FunProp.initFn._lam_0._@.Mathlib.Tactic.FunProp.Theorems.1054951927._hygCtx._hyg.2 took 0.0143ms
interpretation of _private.Mathlib.Tactic.FunProp.Theorems.0.Mathlib.Meta.FunProp.initFn._lam_0._@.Mathlib.Tactic.FunProp.Theorems.1054951927._hygCtx._hyg.2 took 0.0114ms
interpretation of _private.Mathlib.Tactic.FunProp.Theorems.0.Mathlib.Meta.FunProp.initFn._lam_0._@.Mathlib.Tactic.FunProp.Theorems.1054951927._hygCtx._hyg.2 took 0.0107ms
interpretation of _private.Mathlib.Tactic.FunProp.Theorems.0.Mathlib.Meta.FunProp.initFn._lam_0._@.Mathlib.Tactic.FunProp.Theorems.1054951927._hygCtx._hyg.2 took 0.0115ms
interpretation of _private.Mathlib.Tactic.FunProp.Theorems.0.Mathlib.Meta.FunProp.initFn._lam_2._@.Mathlib.Tactic.FunProp.Theorems.1054951927._hygCtx._hyg.2._boxed took 0.00115ms
interpretation of Aesop.BaseRuleSet.add took 0.098ms
interpretation of Aesop.BaseRuleSet.add took 0.0398ms
interpretation of Aesop.BaseRuleSet.add took 0.0175ms
interpretation of Aesop.BaseRuleSet.add took 0.0154ms
interpretation of Aesop.BaseRuleSet.add took 0.0184ms
interpretation of Aesop.BaseRuleSet.add took 0.0251ms
interpretation of Aesop.BaseRuleSet.add took 0.0146ms
interpretation of Aesop.BaseRuleSet.add took 0.0139ms
interpretation of Aesop.BaseRuleSet.add took 0.016ms
interpretation of Aesop.BaseRuleSet.add took 0.0162ms
interpretation of Aesop.BaseRuleSet.add took 0.0134ms
interpretation of Aesop.BaseRuleSet.add took 0.1ms
interpretation of Aesop.BaseRuleSet.add took 0.0149ms
interpretation of Aesop.BaseRuleSet.add took 0.0134ms
interpretation of Aesop.BaseRuleSet.add took 0.0276ms
interpretation of Aesop.BaseRuleSet.add took 0.0143ms
interpretation of Aesop.BaseRuleSet.add took 0.0728ms
interpretation of Aesop.BaseRuleSet.add took 0.019ms
interpretation of Aesop.BaseRuleSet.add took 0.0144ms
interpretation of Aesop.BaseRuleSet.add took 0.0144ms
interpretation of Aesop.BaseRuleSet.add took 0.0403ms
interpretation of Aesop.BaseRuleSet.add took 0.0169ms
interpretation of Aesop.BaseRuleSet.add took 0.0142ms
interpretation of Aesop.BaseRuleSet.add took 0.0161ms
interpretation of Aesop.BaseRuleSet.add took 0.0432ms
interpretation of Aesop.BaseRuleSet.add took 0.0152ms
interpretation of Aesop.BaseRuleSet.add took 0.0162ms
interpretation of Aesop.BaseRuleSet.add took 0.0165ms
interpretation of Aesop.BaseRuleSet.add took 0.0274ms
interpretation of Aesop.BaseRuleSet.add took 0.0207ms
interpretation of Aesop.BaseRuleSet.add took 0.0178ms
interpretation of Aesop.Frontend.extensionDescr._lam_1._boxed took 0.00357ms
interpretation of Aesop.BaseRuleSet.add took 0.0391ms
interpretation of Aesop.BaseRuleSet.add took 0.0181ms
interpretation of Aesop.BaseRuleSet.add took 0.0148ms
interpretation of Aesop.BaseRuleSet.add took 0.0145ms
interpretation of Aesop.BaseRuleSet.add took 0.0165ms
interpretation of Aesop.BaseRuleSet.add took 0.014ms
interpretation of Aesop.BaseRuleSet.add took 0.0143ms
interpretation of Aesop.BaseRuleSet.add took 0.0144ms
interpretation of Aesop.BaseRuleSet.add took 0.0143ms
interpretation of Aesop.BaseRuleSet.add took 0.0134ms
interpretation of Aesop.BaseRuleSet.add took 0.0161ms
interpretation of Aesop.BaseRuleSet.add took 0.0146ms
interpretation of Aesop.BaseRuleSet.add took 0.0177ms
interpretation of Aesop.BaseRuleSet.add took 0.0152ms
interpretation of Aesop.BaseRuleSet.add took 0.633ms
interpretation of Aesop.BaseRuleSet.add took 0.0374ms
interpretation of Aesop.BaseRuleSet.add took 0.0472ms
interpretation of Aesop.BaseRuleSet.add took 0.0158ms
interpretation of Aesop.BaseRuleSet.add took 0.042ms
interpretation of Aesop.BaseRuleSet.add took 0.0932ms
interpretation of Aesop.BaseRuleSet.add took 0.021ms
interpretation of Aesop.BaseRuleSet.add took 0.0158ms
interpretation of Aesop.BaseRuleSet.add took 0.0457ms
interpretation of Aesop.BaseRuleSet.add took 0.0145ms
interpretation of Aesop.BaseRuleSet.add took 0.0183ms
interpretation of Aesop.BaseRuleSet.add took 0.0242ms
interpretation of Aesop.BaseRuleSet.add took 0.0232ms
interpretation of Aesop.BaseRuleSet.add took 0.0345ms
interpretation of Aesop.BaseRuleSet.add took 0.0177ms
interpretation of Aesop.BaseRuleSet.add took 0.0216ms
interpretation of Aesop.BaseRuleSet.add took 0.0195ms
interpretation of Aesop.BaseRuleSet.add took 0.0166ms
interpretation of Aesop.BaseRuleSet.add took 0.0185ms
interpretation of Aesop.BaseRuleSet.add took 0.0173ms
interpretation of Aesop.BaseRuleSet.add took 0.0138ms
interpretation of Aesop.BaseRuleSet.add took 0.0156ms
interpretation of Aesop.BaseRuleSet.add took 0.0139ms
interpretation of Aesop.BaseRuleSet.add took 0.0237ms
interpretation of Aesop.BaseRuleSet.add took 0.014ms
interpretation of Aesop.BaseRuleSet.add took 0.0176ms
interpretation of Aesop.BaseRuleSet.add took 0.0159ms
interpretation of Aesop.BaseRuleSet.add took 0.0172ms
interpretation of Aesop.BaseRuleSet.add took 0.0373ms
interpretation of Aesop.BaseRuleSet.add took 0.0164ms
interpretation of Aesop.BaseRuleSet.add took 0.0188ms
interpretation of Aesop.BaseRuleSet.add took 0.0149ms
interpretation of Aesop.BaseRuleSet.add took 0.0147ms
interpretation of Aesop.BaseRuleSet.add took 0.0162ms
interpretation of Aesop.BaseRuleSet.add took 0.016ms
interpretation of Aesop.BaseRuleSet.add took 0.0151ms
interpretation of Aesop.BaseRuleSet.add took 0.024ms
interpretation of Aesop.BaseRuleSet.add took 0.0236ms
interpretation of Aesop.BaseRuleSet.add took 0.017ms
interpretation of Aesop.BaseRuleSet.add took 0.0178ms
interpretation of Aesop.BaseRuleSet.add took 0.0148ms
interpretation of Aesop.BaseRuleSet.add took 0.015ms
interpretation of Aesop.BaseRuleSet.add took 0.0236ms
interpretation of Aesop.BaseRuleSet.add took 0.0168ms
interpretation of Aesop.BaseRuleSet.add took 0.0217ms
interpretation of Aesop.BaseRuleSet.add took 0.0164ms
interpretation of Aesop.BaseRuleSet.add took 0.0233ms
interpretation of Aesop.BaseRuleSet.add took 0.0152ms
interpretation of Aesop.BaseRuleSet.add took 0.0166ms
interpretation of Aesop.BaseRuleSet.add took 0.0203ms
interpretation of Aesop.BaseRuleSet.add took 0.018ms
interpretation of Aesop.BaseRuleSet.add took 0.0204ms
interpretation of Aesop.Frontend.extensionDescr._lam_1._boxed took 0.00262ms
interpretation of Aesop.BaseRuleSet.add took 0.0301ms
interpretation of Aesop.BaseRuleSet.add took 0.0197ms
interpretation of Aesop.Frontend.extensionDescr._lam_1._boxed took 0.00185ms
interpretation of Aesop.BaseRuleSet.add took 0.0408ms
interpretation of Aesop.BaseRuleSet.add took 0.0219ms
interpretation of Aesop.BaseRuleSet.add took 0.0163ms
interpretation of Aesop.BaseRuleSet.add took 0.0142ms
interpretation of Aesop.BaseRuleSet.add took 1.39ms
interpretation of Aesop.BaseRuleSet.add took 0.0423ms
interpretation of Aesop.BaseRuleSet.add took 0.017ms
interpretation of Aesop.BaseRuleSet.add took 0.0146ms
interpretation of Aesop.BaseRuleSet.add took 0.016ms
interpretation of Aesop.BaseRuleSet.add took 0.0161ms
interpretation of Aesop.BaseRuleSet.add took 0.0146ms
interpretation of Aesop.BaseRuleSet.add took 0.0377ms
interpretation of Aesop.BaseRuleSet.add took 0.0145ms
interpretation of Aesop.BaseRuleSet.add took 0.0374ms
interpretation of Aesop.BaseRuleSet.add took 0.019ms
interpretation of Aesop.BaseRuleSet.add took 0.015ms
interpretation of Aesop.BaseRuleSet.add took 0.0156ms
interpretation of Aesop.BaseRuleSet.add took 0.0235ms
interpretation of Aesop.BaseRuleSet.add took 0.0171ms
interpretation of Aesop.BaseRuleSet.add took 0.0146ms
interpretation of Aesop.BaseRuleSet.add took 0.0152ms
interpretation of Aesop.BaseRuleSet.add took 0.0161ms
interpretation of Aesop.BaseRuleSet.add took 0.0143ms
interpretation of Aesop.BaseRuleSet.add took 0.0145ms
interpretation of Aesop.BaseRuleSet.add took 0.0131ms
interpretation of Aesop.BaseRuleSet.add took 0.0149ms
interpretation of Aesop.BaseRuleSet.add took 0.023ms
interpretation of Aesop.BaseRuleSet.add took 0.0139ms
interpretation of Aesop.BaseRuleSet.add took 0.0275ms
interpretation of Aesop.BaseRuleSet.add took 0.015ms
interpretation of Aesop.BaseRuleSet.add took 0.0161ms
interpretation of Aesop.BaseRuleSet.add took 0.0153ms
interpretation of Aesop.BaseRuleSet.add took 0.0206ms
interpretation of Aesop.BaseRuleSet.add took 0.0146ms
interpretation of Aesop.BaseRuleSet.add took 0.0192ms
interpretation of Aesop.BaseRuleSet.add took 0.0422ms
interpretation of Aesop.BaseRuleSet.add took 0.0139ms
interpretation of Aesop.BaseRuleSet.add took 0.0165ms
interpretation of Aesop.BaseRuleSet.add took 0.0141ms
interpretation of Aesop.BaseRuleSet.add took 0.13ms
interpretation of Aesop.BaseRuleSet.add took 0.0166ms
interpretation of Aesop.BaseRuleSet.add took 0.0212ms
interpretation of Aesop.BaseRuleSet.add took 0.0139ms
interpretation of Aesop.BaseRuleSet.add took 0.0154ms
interpretation of Aesop.Frontend.extensionDescr._lam_1._boxed took 0.00271ms
interpretation of _private.Mathlib.Tactic.NormNum.Core.0.Mathlib.Meta.NormNum.initFn._lam_5._@.Mathlib.Tactic.NormNum.Core.525676807._hygCtx._hyg.2._boxed took 0.00432ms
interpretation of Mathlib.Meta.NormNum.evalZero took 0.0566ms
interpretation of _private.Mathlib.Tactic.NormNum.Core.0.Mathlib.Meta.NormNum.initFn._lam_2._@.Mathlib.Tactic.NormNum.Core.525676807._hygCtx._hyg.2._boxed took 0.108ms
interpretation of _private.Mathlib.Tactic.NormNum.Core.0.Mathlib.Meta.NormNum.initFn._lam_1._@.Mathlib.Tactic.NormNum.Core.525676807._hygCtx._hyg.2 took 0.175ms
interpretation of Mathlib.Meta.NormNum.evalOne took 0.0289ms
interpretation of _private.Mathlib.Tactic.NormNum.Core.0.Mathlib.Meta.NormNum.initFn._lam_2._@.Mathlib.Tactic.NormNum.Core.525676807._hygCtx._hyg.2._boxed took 0.0232ms
interpretation of _private.Mathlib.Tactic.NormNum.Core.0.Mathlib.Meta.NormNum.initFn._lam_1._@.Mathlib.Tactic.NormNum.Core.525676807._hygCtx._hyg.2 took 0.0191ms
interpretation of Mathlib.Meta.NormNum.evalOfNat took 0.0312ms
interpretation of _private.Mathlib.Tactic.NormNum.Core.0.Mathlib.Meta.NormNum.initFn._lam_2._@.Mathlib.Tactic.NormNum.Core.525676807._hygCtx._hyg.2._boxed took 0.0137ms
interpretation of _private.Mathlib.Tactic.NormNum.Core.0.Mathlib.Meta.NormNum.initFn._lam_1._@.Mathlib.Tactic.NormNum.Core.525676807._hygCtx._hyg.2 took 0.0151ms
interpretation of Mathlib.Meta.NormNum.evalIntOfNat took 0.14ms
interpretation of _private.Mathlib.Tactic.NormNum.Core.0.Mathlib.Meta.NormNum.initFn._lam_2._@.Mathlib.Tactic.NormNum.Core.525676807._hygCtx._hyg.2._boxed took 0.0176ms
interpretation of _private.Mathlib.Tactic.NormNum.Core.0.Mathlib.Meta.NormNum.initFn._lam_1._@.Mathlib.Tactic.NormNum.Core.525676807._hygCtx._hyg.2 took 0.0198ms
interpretation of Mathlib.Meta.NormNum.evalNegOfNat took 0.0333ms
interpretation of _private.Mathlib.Tactic.NormNum.Core.0.Mathlib.Meta.NormNum.initFn._lam_2._@.Mathlib.Tactic.NormNum.Core.525676807._hygCtx._hyg.2._boxed took 0.0466ms
interpretation of _private.Mathlib.Tactic.NormNum.Core.0.Mathlib.Meta.NormNum.initFn._lam_1._@.Mathlib.Tactic.NormNum.Core.525676807._hygCtx._hyg.2 took 0.0151ms
interpretation of Mathlib.Meta.NormNum.evalIntNatAbs took 0.0249ms
interpretation of _private.Mathlib.Tactic.NormNum.Core.0.Mathlib.Meta.NormNum.initFn._lam_2._@.Mathlib.Tactic.NormNum.Core.525676807._hygCtx._hyg.2._boxed took 0.0124ms
interpretation of _private.Mathlib.Tactic.NormNum.Core.0.Mathlib.Meta.NormNum.initFn._lam_1._@.Mathlib.Tactic.NormNum.Core.525676807._hygCtx._hyg.2 took 0.0136ms
interpretation of Mathlib.Meta.NormNum.evalNatCast took 0.0253ms
interpretation of _private.Mathlib.Tactic.NormNum.Core.0.Mathlib.Meta.NormNum.initFn._lam_2._@.Mathlib.Tactic.NormNum.Core.525676807._hygCtx._hyg.2._boxed took 0.0115ms
interpretation of _private.Mathlib.Tactic.NormNum.Core.0.Mathlib.Meta.NormNum.initFn._lam_1._@.Mathlib.Tactic.NormNum.Core.525676807._hygCtx._hyg.2 took 0.126ms
interpretation of Mathlib.Meta.NormNum.evalIntCast took 0.0288ms
interpretation of _private.Mathlib.Tactic.NormNum.Core.0.Mathlib.Meta.NormNum.initFn._lam_2._@.Mathlib.Tactic.NormNum.Core.525676807._hygCtx._hyg.2._boxed took 0.0911ms
interpretation of _private.Mathlib.Tactic.NormNum.Core.0.Mathlib.Meta.NormNum.initFn._lam_1._@.Mathlib.Tactic.NormNum.Core.525676807._hygCtx._hyg.2 took 0.0424ms
interpretation of Mathlib.Meta.NormNum.evalAdd took 0.0291ms
interpretation of _private.Mathlib.Tactic.NormNum.Core.0.Mathlib.Meta.NormNum.initFn._lam_2._@.Mathlib.Tactic.NormNum.Core.525676807._hygCtx._hyg.2._boxed took 0.0131ms
interpretation of _private.Mathlib.Tactic.NormNum.Core.0.Mathlib.Meta.NormNum.initFn._lam_1._@.Mathlib.Tactic.NormNum.Core.525676807._hygCtx._hyg.2 took 0.0153ms
interpretation of Mathlib.Meta.NormNum.evalNeg took 0.0227ms
interpretation of _private.Mathlib.Tactic.NormNum.Core.0.Mathlib.Meta.NormNum.initFn._lam_2._@.Mathlib.Tactic.NormNum.Core.525676807._hygCtx._hyg.2._boxed took 0.0124ms
interpretation of _private.Mathlib.Tactic.NormNum.Core.0.Mathlib.Meta.NormNum.initFn._lam_1._@.Mathlib.Tactic.NormNum.Core.525676807._hygCtx._hyg.2 took 0.0178ms
interpretation of Mathlib.Meta.NormNum.evalSub took 0.022ms
interpretation of _private.Mathlib.Tactic.NormNum.Core.0.Mathlib.Meta.NormNum.initFn._lam_2._@.Mathlib.Tactic.NormNum.Core.525676807._hygCtx._hyg.2._boxed took 0.0112ms
interpretation of _private.Mathlib.Tactic.NormNum.Core.0.Mathlib.Meta.NormNum.initFn._lam_1._@.Mathlib.Tactic.NormNum.Core.525676807._hygCtx._hyg.2 took 0.0133ms
interpretation of Mathlib.Meta.NormNum.evalMul took 0.0234ms
interpretation of _private.Mathlib.Tactic.NormNum.Core.0.Mathlib.Meta.NormNum.initFn._lam_2._@.Mathlib.Tactic.NormNum.Core.525676807._hygCtx._hyg.2._boxed took 0.0112ms
interpretation of _private.Mathlib.Tactic.NormNum.Core.0.Mathlib.Meta.NormNum.initFn._lam_1._@.Mathlib.Tactic.NormNum.Core.525676807._hygCtx._hyg.2 took 0.0127ms
interpretation of Mathlib.Meta.NormNum.evalDiv took 0.0218ms
interpretation of _private.Mathlib.Tactic.NormNum.Core.0.Mathlib.Meta.NormNum.initFn._lam_2._@.Mathlib.Tactic.NormNum.Core.525676807._hygCtx._hyg.2._boxed took 0.0111ms
interpretation of _private.Mathlib.Tactic.NormNum.Core.0.Mathlib.Meta.NormNum.initFn._lam_1._@.Mathlib.Tactic.NormNum.Core.525676807._hygCtx._hyg.2 took 0.0147ms
interpretation of Mathlib.Meta.NormNum.evalTrue took 0.119ms
interpretation of _private.Mathlib.Tactic.NormNum.Core.0.Mathlib.Meta.NormNum.initFn._lam_2._@.Mathlib.Tactic.NormNum.Core.525676807._hygCtx._hyg.2._boxed took 0.484ms
interpretation of _private.Mathlib.Tactic.NormNum.Core.0.Mathlib.Meta.NormNum.initFn._lam_1._@.Mathlib.Tactic.NormNum.Core.525676807._hygCtx._hyg.2 took 0.0204ms
interpretation of Mathlib.Meta.NormNum.evalFalse took 0.023ms
interpretation of _private.Mathlib.Tactic.NormNum.Core.0.Mathlib.Meta.NormNum.initFn._lam_2._@.Mathlib.Tactic.NormNum.Core.525676807._hygCtx._hyg.2._boxed took 0.015ms
interpretation of _private.Mathlib.Tactic.NormNum.Core.0.Mathlib.Meta.NormNum.initFn._lam_1._@.Mathlib.Tactic.NormNum.Core.525676807._hygCtx._hyg.2 took 0.0156ms
interpretation of Mathlib.Meta.NormNum.evalNot took 0.0234ms
interpretation of _private.Mathlib.Tactic.NormNum.Core.0.Mathlib.Meta.NormNum.initFn._lam_2._@.Mathlib.Tactic.NormNum.Core.525676807._hygCtx._hyg.2._boxed took 0.0111ms
interpretation of _private.Mathlib.Tactic.NormNum.Core.0.Mathlib.Meta.NormNum.initFn._lam_1._@.Mathlib.Tactic.NormNum.Core.525676807._hygCtx._hyg.2 took 0.0127ms
interpretation of Mathlib.Meta.NormNum.evalNatSucc took 0.0251ms
interpretation of _private.Mathlib.Tactic.NormNum.Core.0.Mathlib.Meta.NormNum.initFn._lam_2._@.Mathlib.Tactic.NormNum.Core.525676807._hygCtx._hyg.2._boxed took 0.0115ms
interpretation of _private.Mathlib.Tactic.NormNum.Core.0.Mathlib.Meta.NormNum.initFn._lam_1._@.Mathlib.Tactic.NormNum.Core.525676807._hygCtx._hyg.2 took 0.012ms
interpretation of Mathlib.Meta.NormNum.evalNatSub took 0.0227ms
interpretation of _private.Mathlib.Tactic.NormNum.Core.0.Mathlib.Meta.NormNum.initFn._lam_2._@.Mathlib.Tactic.NormNum.Core.525676807._hygCtx._hyg.2._boxed took 0.0112ms
interpretation of _private.Mathlib.Tactic.NormNum.Core.0.Mathlib.Meta.NormNum.initFn._lam_1._@.Mathlib.Tactic.NormNum.Core.525676807._hygCtx._hyg.2 took 0.0399ms
interpretation of Mathlib.Meta.NormNum.evalNatMod took 0.0224ms
interpretation of _private.Mathlib.Tactic.NormNum.Core.0.Mathlib.Meta.NormNum.initFn._lam_2._@.Mathlib.Tactic.NormNum.Core.525676807._hygCtx._hyg.2._boxed took 0.011ms
interpretation of _private.Mathlib.Tactic.NormNum.Core.0.Mathlib.Meta.NormNum.initFn._lam_1._@.Mathlib.Tactic.NormNum.Core.525676807._hygCtx._hyg.2 took 0.0124ms
interpretation of Mathlib.Meta.NormNum.evalNatDiv took 0.0242ms
interpretation of _private.Mathlib.Tactic.NormNum.Core.0.Mathlib.Meta.NormNum.initFn._lam_2._@.Mathlib.Tactic.NormNum.Core.525676807._hygCtx._hyg.2._boxed took 0.0112ms
interpretation of _private.Mathlib.Tactic.NormNum.Core.0.Mathlib.Meta.NormNum.initFn._lam_1._@.Mathlib.Tactic.NormNum.Core.525676807._hygCtx._hyg.2 took 0.0614ms
interpretation of Mathlib.Meta.NormNum.evalNatDvd took 0.0226ms
interpretation of _private.Mathlib.Tactic.NormNum.Core.0.Mathlib.Meta.NormNum.initFn._lam_2._@.Mathlib.Tactic.NormNum.Core.525676807._hygCtx._hyg.2._boxed took 0.0109ms
interpretation of _private.Mathlib.Tactic.NormNum.Core.0.Mathlib.Meta.NormNum.initFn._lam_1._@.Mathlib.Tactic.NormNum.Core.525676807._hygCtx._hyg.2 took 0.014ms
interpretation of Mathlib.Meta.NormNum.evalAbs took 0.037ms
interpretation of _private.Mathlib.Tactic.NormNum.Core.0.Mathlib.Meta.NormNum.initFn._lam_2._@.Mathlib.Tactic.NormNum.Core.525676807._hygCtx._hyg.2._boxed took 0.0152ms
interpretation of _private.Mathlib.Tactic.NormNum.Core.0.Mathlib.Meta.NormNum.initFn._lam_1._@.Mathlib.Tactic.NormNum.Core.525676807._hygCtx._hyg.2 took 0.0894ms
interpretation of Mathlib.Meta.NormNum.evalMkRat took 0.0411ms
interpretation of _private.Mathlib.Tactic.NormNum.Core.0.Mathlib.Meta.NormNum.initFn._lam_2._@.Mathlib.Tactic.NormNum.Core.525676807._hygCtx._hyg.2._boxed took 0.0272ms
interpretation of _private.Mathlib.Tactic.NormNum.Core.0.Mathlib.Meta.NormNum.initFn._lam_1._@.Mathlib.Tactic.NormNum.Core.525676807._hygCtx._hyg.2 took 0.0163ms
interpretation of Mathlib.Meta.NormNum.evalNNRatDivNat took 0.0253ms
interpretation of _private.Mathlib.Tactic.NormNum.Core.0.Mathlib.Meta.NormNum.initFn._lam_2._@.Mathlib.Tactic.NormNum.Core.525676807._hygCtx._hyg.2._boxed took 0.0129ms
interpretation of _private.Mathlib.Tactic.NormNum.Core.0.Mathlib.Meta.NormNum.initFn._lam_1._@.Mathlib.Tactic.NormNum.Core.525676807._hygCtx._hyg.2 took 0.0137ms
interpretation of Mathlib.Meta.NormNum.evalRatCast took 0.0241ms
interpretation of _private.Mathlib.Tactic.NormNum.Core.0.Mathlib.Meta.NormNum.initFn._lam_2._@.Mathlib.Tactic.NormNum.Core.525676807._hygCtx._hyg.2._boxed took 0.0121ms
interpretation of _private.Mathlib.Tactic.NormNum.Core.0.Mathlib.Meta.NormNum.initFn._lam_1._@.Mathlib.Tactic.NormNum.Core.525676807._hygCtx._hyg.2 took 0.0423ms
interpretation of Mathlib.Meta.NormNum.evalNNRatCast took 0.024ms
interpretation of _private.Mathlib.Tactic.NormNum.Core.0.Mathlib.Meta.NormNum.initFn._lam_2._@.Mathlib.Tactic.NormNum.Core.525676807._hygCtx._hyg.2._boxed took 0.0117ms
interpretation of _private.Mathlib.Tactic.NormNum.Core.0.Mathlib.Meta.NormNum.initFn._lam_1._@.Mathlib.Tactic.NormNum.Core.525676807._hygCtx._hyg.2 took 0.0353ms
interpretation of Mathlib.Meta.NormNum.evalInv took 0.0225ms
interpretation of _private.Mathlib.Tactic.NormNum.Core.0.Mathlib.Meta.NormNum.initFn._lam_2._@.Mathlib.Tactic.NormNum.Core.525676807._hygCtx._hyg.2._boxed took 0.0116ms
interpretation of _private.Mathlib.Tactic.NormNum.Core.0.Mathlib.Meta.NormNum.initFn._lam_1._@.Mathlib.Tactic.NormNum.Core.525676807._hygCtx._hyg.2 took 0.0145ms
interpretation of Mathlib.Meta.NormNum.evalEq took 0.0361ms
interpretation of _private.Mathlib.Tactic.NormNum.Core.0.Mathlib.Meta.NormNum.initFn._lam_2._@.Mathlib.Tactic.NormNum.Core.525676807._hygCtx._hyg.2._boxed took 0.0146ms
interpretation of _private.Mathlib.Tactic.NormNum.Core.0.Mathlib.Meta.NormNum.initFn._lam_1._@.Mathlib.Tactic.NormNum.Core.525676807._hygCtx._hyg.2 took 0.0245ms
interpretation of Mathlib.Meta.NormNum.evalLE took 0.0377ms
interpretation of _private.Mathlib.Tactic.NormNum.Core.0.Mathlib.Meta.NormNum.initFn._lam_2._@.Mathlib.Tactic.NormNum.Core.525676807._hygCtx._hyg.2._boxed took 0.0214ms
interpretation of _private.Mathlib.Tactic.NormNum.Core.0.Mathlib.Meta.NormNum.initFn._lam_1._@.Mathlib.Tactic.NormNum.Core.525676807._hygCtx._hyg.2 took 0.0164ms
interpretation of Mathlib.Meta.NormNum.evalLT took 0.0235ms
interpretation of _private.Mathlib.Tactic.NormNum.Core.0.Mathlib.Meta.NormNum.initFn._lam_2._@.Mathlib.Tactic.NormNum.Core.525676807._hygCtx._hyg.2._boxed took 0.0105ms
interpretation of _private.Mathlib.Tactic.NormNum.Core.0.Mathlib.Meta.NormNum.initFn._lam_1._@.Mathlib.Tactic.NormNum.Core.525676807._hygCtx._hyg.2 took 0.0235ms
interpretation of Mathlib.Meta.NormNum.evalIntDiv took 0.0372ms
interpretation of _private.Mathlib.Tactic.NormNum.Core.0.Mathlib.Meta.NormNum.initFn._lam_2._@.Mathlib.Tactic.NormNum.Core.525676807._hygCtx._hyg.2._boxed took 0.0131ms
interpretation of _private.Mathlib.Tactic.NormNum.Core.0.Mathlib.Meta.NormNum.initFn._lam_1._@.Mathlib.Tactic.NormNum.Core.525676807._hygCtx._hyg.2 took 0.0597ms
interpretation of Mathlib.Meta.NormNum.evalIntMod took 1.47ms
interpretation of _private.Mathlib.Tactic.NormNum.Core.0.Mathlib.Meta.NormNum.initFn._lam_2._@.Mathlib.Tactic.NormNum.Core.525676807._hygCtx._hyg.2._boxed took 0.0323ms
interpretation of _private.Mathlib.Tactic.NormNum.Core.0.Mathlib.Meta.NormNum.initFn._lam_1._@.Mathlib.Tactic.NormNum.Core.525676807._hygCtx._hyg.2 took 0.16ms
interpretation of Mathlib.Meta.NormNum.evalIntDvd took 0.0277ms
interpretation of _private.Mathlib.Tactic.NormNum.Core.0.Mathlib.Meta.NormNum.initFn._lam_2._@.Mathlib.Tactic.NormNum.Core.525676807._hygCtx._hyg.2._boxed took 0.0251ms
interpretation of _private.Mathlib.Tactic.NormNum.Core.0.Mathlib.Meta.NormNum.initFn._lam_1._@.Mathlib.Tactic.NormNum.Core.525676807._hygCtx._hyg.2 took 0.0311ms
interpretation of Mathlib.Meta.NormNum.evalOfScientific took 0.0406ms
interpretation of _private.Mathlib.Tactic.NormNum.Core.0.Mathlib.Meta.NormNum.initFn._lam_2._@.Mathlib.Tactic.NormNum.Core.525676807._hygCtx._hyg.2._boxed took 0.0159ms
interpretation of _private.Mathlib.Tactic.NormNum.Core.0.Mathlib.Meta.NormNum.initFn._lam_1._@.Mathlib.Tactic.NormNum.Core.525676807._hygCtx._hyg.2 took 0.0166ms
interpretation of Mathlib.Meta.NormNum.evalPow took 0.0437ms
interpretation of _private.Mathlib.Tactic.NormNum.Core.0.Mathlib.Meta.NormNum.initFn._lam_2._@.Mathlib.Tactic.NormNum.Core.525676807._hygCtx._hyg.2._boxed took 0.0282ms
interpretation of _private.Mathlib.Tactic.NormNum.Core.0.Mathlib.Meta.NormNum.initFn._lam_1._@.Mathlib.Tactic.NormNum.Core.525676807._hygCtx._hyg.2 took 0.0149ms
interpretation of Mathlib.Meta.NormNum.evalZPow took 0.0232ms
interpretation of _private.Mathlib.Tactic.NormNum.Core.0.Mathlib.Meta.NormNum.initFn._lam_2._@.Mathlib.Tactic.NormNum.Core.525676807._hygCtx._hyg.2._boxed took 0.0119ms
interpretation of _private.Mathlib.Tactic.NormNum.Core.0.Mathlib.Meta.NormNum.initFn._lam_1._@.Mathlib.Tactic.NormNum.Core.525676807._hygCtx._hyg.2 took 0.0288ms
interpretation of Rat.evalIntFloor took 0.0365ms
interpretation of _private.Mathlib.Tactic.NormNum.Core.0.Mathlib.Meta.NormNum.initFn._lam_2._@.Mathlib.Tactic.NormNum.Core.525676807._hygCtx._hyg.2._boxed took 0.0215ms
interpretation of _private.Mathlib.Tactic.NormNum.Core.0.Mathlib.Meta.NormNum.initFn._lam_1._@.Mathlib.Tactic.NormNum.Core.525676807._hygCtx._hyg.2 took 0.0775ms
interpretation of Rat.evalIntCeil took 0.022ms
interpretation of _private.Mathlib.Tactic.NormNum.Core.0.Mathlib.Meta.NormNum.initFn._lam_2._@.Mathlib.Tactic.NormNum.Core.525676807._hygCtx._hyg.2._boxed took 0.0139ms
interpretation of _private.Mathlib.Tactic.NormNum.Core.0.Mathlib.Meta.NormNum.initFn._lam_1._@.Mathlib.Tactic.NormNum.Core.525676807._hygCtx._hyg.2 took 0.0519ms
interpretation of Rat.evalIntFract took 0.115ms
interpretation of _private.Mathlib.Tactic.NormNum.Core.0.Mathlib.Meta.NormNum.initFn._lam_2._@.Mathlib.Tactic.NormNum.Core.525676807._hygCtx._hyg.2._boxed took 0.0203ms
interpretation of _private.Mathlib.Tactic.NormNum.Core.0.Mathlib.Meta.NormNum.initFn._lam_1._@.Mathlib.Tactic.NormNum.Core.525676807._hygCtx._hyg.2 took 0.0218ms
interpretation of Rat.evalRound took 0.0185ms
interpretation of _private.Mathlib.Tactic.NormNum.Core.0.Mathlib.Meta.NormNum.initFn._lam_2._@.Mathlib.Tactic.NormNum.Core.525676807._hygCtx._hyg.2._boxed took 0.0124ms
interpretation of _private.Mathlib.Tactic.NormNum.Core.0.Mathlib.Meta.NormNum.initFn._lam_1._@.Mathlib.Tactic.NormNum.Core.525676807._hygCtx._hyg.2 took 0.0142ms
interpretation of Mathlib.Meta.NormNum.evalFinsetProd took 0.0446ms
interpretation of _private.Mathlib.Tactic.NormNum.Core.0.Mathlib.Meta.NormNum.initFn._lam_2._@.Mathlib.Tactic.NormNum.Core.525676807._hygCtx._hyg.2._boxed took 0.0269ms
interpretation of _private.Mathlib.Tactic.NormNum.Core.0.Mathlib.Meta.NormNum.initFn._lam_1._@.Mathlib.Tactic.NormNum.Core.525676807._hygCtx._hyg.2 took 0.0289ms
interpretation of Mathlib.Meta.NormNum.evalFinsetSum took 0.0233ms
interpretation of _private.Mathlib.Tactic.NormNum.Core.0.Mathlib.Meta.NormNum.initFn._lam_2._@.Mathlib.Tactic.NormNum.Core.525676807._hygCtx._hyg.2._boxed took 0.0125ms
interpretation of _private.Mathlib.Tactic.NormNum.Core.0.Mathlib.Meta.NormNum.initFn._lam_1._@.Mathlib.Tactic.NormNum.Core.525676807._hygCtx._hyg.2 took 0.0172ms
interpretation of Mathlib.Meta.NormNum.evalNatFactorial took 0.0403ms
interpretation of _private.Mathlib.Tactic.NormNum.Core.0.Mathlib.Meta.NormNum.initFn._lam_2._@.Mathlib.Tactic.NormNum.Core.525676807._hygCtx._hyg.2._boxed took 0.0191ms
interpretation of _private.Mathlib.Tactic.NormNum.Core.0.Mathlib.Meta.NormNum.initFn._lam_1._@.Mathlib.Tactic.NormNum.Core.525676807._hygCtx._hyg.2 took 0.0129ms
interpretation of Mathlib.Meta.NormNum.evalNatAscFactorial took 0.0237ms
interpretation of _private.Mathlib.Tactic.NormNum.Core.0.Mathlib.Meta.NormNum.initFn._lam_2._@.Mathlib.Tactic.NormNum.Core.525676807._hygCtx._hyg.2._boxed took 0.0117ms
interpretation of _private.Mathlib.Tactic.NormNum.Core.0.Mathlib.Meta.NormNum.initFn._lam_1._@.Mathlib.Tactic.NormNum.Core.525676807._hygCtx._hyg.2 took 0.0143ms
interpretation of Mathlib.Meta.NormNum.evalNatDescFactorial took 0.0245ms
interpretation of _private.Mathlib.Tactic.NormNum.Core.0.Mathlib.Meta.NormNum.initFn._lam_2._@.Mathlib.Tactic.NormNum.Core.525676807._hygCtx._hyg.2._boxed took 0.0107ms
interpretation of _private.Mathlib.Tactic.NormNum.Core.0.Mathlib.Meta.NormNum.initFn._lam_1._@.Mathlib.Tactic.NormNum.Core.525676807._hygCtx._hyg.2 took 0.0122ms
interpretation of Mathlib.Meta.NormNum.evalRPow took 0.0398ms
interpretation of _private.Mathlib.Tactic.NormNum.Core.0.Mathlib.Meta.NormNum.initFn._lam_2._@.Mathlib.Tactic.NormNum.Core.525676807._hygCtx._hyg.2._boxed took 0.0216ms
interpretation of _private.Mathlib.Tactic.NormNum.Core.0.Mathlib.Meta.NormNum.initFn._lam_1._@.Mathlib.Tactic.NormNum.Core.525676807._hygCtx._hyg.2 took 0.0294ms
interpretation of Mathlib.Meta.NormNum.evalNNRealRPow took 0.0401ms
interpretation of _private.Mathlib.Tactic.NormNum.Core.0.Mathlib.Meta.NormNum.initFn._lam_2._@.Mathlib.Tactic.NormNum.Core.525676807._hygCtx._hyg.2._boxed took 0.0205ms
interpretation of _private.Mathlib.Tactic.NormNum.Core.0.Mathlib.Meta.NormNum.initFn._lam_1._@.Mathlib.Tactic.NormNum.Core.525676807._hygCtx._hyg.2 took 0.0248ms
interpretation of Mathlib.Meta.NormNum.evalNatGCD took 0.0373ms
interpretation of _private.Mathlib.Tactic.NormNum.Core.0.Mathlib.Meta.NormNum.initFn._lam_2._@.Mathlib.Tactic.NormNum.Core.525676807._hygCtx._hyg.2._boxed took 0.0164ms
interpretation of _private.Mathlib.Tactic.NormNum.Core.0.Mathlib.Meta.NormNum.initFn._lam_1._@.Mathlib.Tactic.NormNum.Core.525676807._hygCtx._hyg.2 took 0.0127ms
interpretation of Mathlib.Meta.NormNum.evalNatLCM took 0.0206ms
interpretation of _private.Mathlib.Tactic.NormNum.Core.0.Mathlib.Meta.NormNum.initFn._lam_2._@.Mathlib.Tactic.NormNum.Core.525676807._hygCtx._hyg.2._boxed took 0.0114ms
interpretation of _private.Mathlib.Tactic.NormNum.Core.0.Mathlib.Meta.NormNum.initFn._lam_1._@.Mathlib.Tactic.NormNum.Core.525676807._hygCtx._hyg.2 took 0.0379ms
interpretation of Mathlib.Meta.NormNum.evalIntGCD took 0.0427ms
interpretation of _private.Mathlib.Tactic.NormNum.Core.0.Mathlib.Meta.NormNum.initFn._lam_2._@.Mathlib.Tactic.NormNum.Core.525676807._hygCtx._hyg.2._boxed took 0.0134ms
interpretation of _private.Mathlib.Tactic.NormNum.Core.0.Mathlib.Meta.NormNum.initFn._lam_1._@.Mathlib.Tactic.NormNum.Core.525676807._hygCtx._hyg.2 took 0.0345ms
interpretation of Mathlib.Meta.NormNum.evalIntLCM took 0.0199ms
interpretation of _private.Mathlib.Tactic.NormNum.Core.0.Mathlib.Meta.NormNum.initFn._lam_2._@.Mathlib.Tactic.NormNum.Core.525676807._hygCtx._hyg.2._boxed took 0.0112ms
interpretation of _private.Mathlib.Tactic.NormNum.Core.0.Mathlib.Meta.NormNum.initFn._lam_1._@.Mathlib.Tactic.NormNum.Core.525676807._hygCtx._hyg.2 took 0.0127ms
interpretation of Mathlib.Meta.NormNum.evalRatNum took 0.0218ms
interpretation of _private.Mathlib.Tactic.NormNum.Core.0.Mathlib.Meta.NormNum.initFn._lam_2._@.Mathlib.Tactic.NormNum.Core.525676807._hygCtx._hyg.2._boxed took 0.0109ms
interpretation of _private.Mathlib.Tactic.NormNum.Core.0.Mathlib.Meta.NormNum.initFn._lam_1._@.Mathlib.Tactic.NormNum.Core.525676807._hygCtx._hyg.2 took 0.0223ms
interpretation of Mathlib.Meta.NormNum.evalRatDen took 0.0208ms
interpretation of _private.Mathlib.Tactic.NormNum.Core.0.Mathlib.Meta.NormNum.initFn._lam_2._@.Mathlib.Tactic.NormNum.Core.525676807._hygCtx._hyg.2._boxed took 0.0127ms
interpretation of _private.Mathlib.Tactic.NormNum.Core.0.Mathlib.Meta.NormNum.initFn._lam_1._@.Mathlib.Tactic.NormNum.Core.525676807._hygCtx._hyg.2 took 0.0145ms
interpretation of Mathlib.Meta.NormNum.evalIrrationalRpow took 0.0367ms
interpretation of _private.Mathlib.Tactic.NormNum.Core.0.Mathlib.Meta.NormNum.initFn._lam_2._@.Mathlib.Tactic.NormNum.Core.525676807._hygCtx._hyg.2._boxed took 0.0198ms
interpretation of _private.Mathlib.Tactic.NormNum.Core.0.Mathlib.Meta.NormNum.initFn._lam_1._@.Mathlib.Tactic.NormNum.Core.525676807._hygCtx._hyg.2 took 0.0141ms
interpretation of Mathlib.Meta.NormNum.evalIrrationalSqrt took 0.0214ms
interpretation of _private.Mathlib.Tactic.NormNum.Core.0.Mathlib.Meta.NormNum.initFn._lam_2._@.Mathlib.Tactic.NormNum.Core.525676807._hygCtx._hyg.2._boxed took 0.0118ms
interpretation of _private.Mathlib.Tactic.NormNum.Core.0.Mathlib.Meta.NormNum.initFn._lam_1._@.Mathlib.Tactic.NormNum.Core.525676807._hygCtx._hyg.2 took 0.0301ms
interpretation of Mathlib.Meta.NormNum.evalIntIsCoprime took 0.0334ms
interpretation of _private.Mathlib.Tactic.NormNum.Core.0.Mathlib.Meta.NormNum.initFn._lam_2._@.Mathlib.Tactic.NormNum.Core.525676807._hygCtx._hyg.2._boxed took 0.0134ms
interpretation of _private.Mathlib.Tactic.NormNum.Core.0.Mathlib.Meta.NormNum.initFn._lam_1._@.Mathlib.Tactic.NormNum.Core.525676807._hygCtx._hyg.2 took 0.0156ms
interpretation of Mathlib.Meta.NormNum.evalIsSquareNat took 0.0341ms
interpretation of _private.Mathlib.Tactic.NormNum.Core.0.Mathlib.Meta.NormNum.initFn._lam_2._@.Mathlib.Tactic.NormNum.Core.525676807._hygCtx._hyg.2._boxed took 0.014ms
interpretation of _private.Mathlib.Tactic.NormNum.Core.0.Mathlib.Meta.NormNum.initFn._lam_1._@.Mathlib.Tactic.NormNum.Core.525676807._hygCtx._hyg.2 took 0.0229ms
interpretation of Mathlib.Meta.NormNum.evalIsSquareInt took 0.0229ms
interpretation of _private.Mathlib.Tactic.NormNum.Core.0.Mathlib.Meta.NormNum.initFn._lam_2._@.Mathlib.Tactic.NormNum.Core.525676807._hygCtx._hyg.2._boxed took 0.0107ms
interpretation of _private.Mathlib.Tactic.NormNum.Core.0.Mathlib.Meta.NormNum.initFn._lam_1._@.Mathlib.Tactic.NormNum.Core.525676807._hygCtx._hyg.2 took 0.0288ms
interpretation of Mathlib.Meta.NormNum.evalIsSquareRat took 0.0218ms
interpretation of _private.Mathlib.Tactic.NormNum.Core.0.Mathlib.Meta.NormNum.initFn._lam_2._@.Mathlib.Tactic.NormNum.Core.525676807._hygCtx._hyg.2._boxed took 0.0107ms
interpretation of _private.Mathlib.Tactic.NormNum.Core.0.Mathlib.Meta.NormNum.initFn._lam_1._@.Mathlib.Tactic.NormNum.Core.525676807._hygCtx._hyg.2 took 0.0255ms
interpretation of Tactic.NormNum.evalJacobiSym took 0.0339ms
interpretation of _private.Mathlib.Tactic.NormNum.Core.0.Mathlib.Meta.NormNum.initFn._lam_2._@.Mathlib.Tactic.NormNum.Core.525676807._hygCtx._hyg.2._boxed took 0.0148ms
interpretation of _private.Mathlib.Tactic.NormNum.Core.0.Mathlib.Meta.NormNum.initFn._lam_1._@.Mathlib.Tactic.NormNum.Core.525676807._hygCtx._hyg.2 took 0.0146ms
interpretation of Tactic.NormNum.evalJacobiSymNat took 0.0217ms
interpretation of _private.Mathlib.Tactic.NormNum.Core.0.Mathlib.Meta.NormNum.initFn._lam_2._@.Mathlib.Tactic.NormNum.Core.525676807._hygCtx._hyg.2._boxed took 0.0109ms
interpretation of _private.Mathlib.Tactic.NormNum.Core.0.Mathlib.Meta.NormNum.initFn._lam_1._@.Mathlib.Tactic.NormNum.Core.525676807._hygCtx._hyg.2 took 0.0139ms
interpretation of Tactic.NormNum.evalLegendreSym took 0.0207ms
interpretation of _private.Mathlib.Tactic.NormNum.Core.0.Mathlib.Meta.NormNum.initFn._lam_2._@.Mathlib.Tactic.NormNum.Core.525676807._hygCtx._hyg.2._boxed took 0.0107ms
interpretation of _private.Mathlib.Tactic.NormNum.Core.0.Mathlib.Meta.NormNum.initFn._lam_1._@.Mathlib.Tactic.NormNum.Core.525676807._hygCtx._hyg.2 took 0.0155ms
interpretation of Mathlib.Meta.NormNum.evalNatModEq took 0.031ms
interpretation of _private.Mathlib.Tactic.NormNum.Core.0.Mathlib.Meta.NormNum.initFn._lam_2._@.Mathlib.Tactic.NormNum.Core.525676807._hygCtx._hyg.2._boxed took 0.0141ms
interpretation of _private.Mathlib.Tactic.NormNum.Core.0.Mathlib.Meta.NormNum.initFn._lam_1._@.Mathlib.Tactic.NormNum.Core.525676807._hygCtx._hyg.2 took 0.0138ms
interpretation of Mathlib.Meta.NormNum.evalIntModEq took 0.0213ms
interpretation of _private.Mathlib.Tactic.NormNum.Core.0.Mathlib.Meta.NormNum.initFn._lam_2._@.Mathlib.Tactic.NormNum.Core.525676807._hygCtx._hyg.2._boxed took 0.0113ms
interpretation of _private.Mathlib.Tactic.NormNum.Core.0.Mathlib.Meta.NormNum.initFn._lam_1._@.Mathlib.Tactic.NormNum.Core.525676807._hygCtx._hyg.2 took 0.0225ms
interpretation of Mathlib.Meta.NormNum.evalNatFib took 0.038ms
interpretation of _private.Mathlib.Tactic.NormNum.Core.0.Mathlib.Meta.NormNum.initFn._lam_2._@.Mathlib.Tactic.NormNum.Core.525676807._hygCtx._hyg.2._boxed took 0.249ms
interpretation of _private.Mathlib.Tactic.NormNum.Core.0.Mathlib.Meta.NormNum.initFn._lam_1._@.Mathlib.Tactic.NormNum.Core.525676807._hygCtx._hyg.2 took 0.0286ms
interpretation of Mathlib.Meta.NormNum.evalNatLog took 0.0362ms
interpretation of _private.Mathlib.Tactic.NormNum.Core.0.Mathlib.Meta.NormNum.initFn._lam_2._@.Mathlib.Tactic.NormNum.Core.525676807._hygCtx._hyg.2._boxed took 0.0193ms
interpretation of _private.Mathlib.Tactic.NormNum.Core.0.Mathlib.Meta.NormNum.initFn._lam_1._@.Mathlib.Tactic.NormNum.Core.525676807._hygCtx._hyg.2 took 0.0424ms
interpretation of Mathlib.Meta.NormNum.evalNatClog took 0.0202ms
interpretation of _private.Mathlib.Tactic.NormNum.Core.0.Mathlib.Meta.NormNum.initFn._lam_2._@.Mathlib.Tactic.NormNum.Core.525676807._hygCtx._hyg.2._boxed took 0.0112ms
interpretation of _private.Mathlib.Tactic.NormNum.Core.0.Mathlib.Meta.NormNum.initFn._lam_1._@.Mathlib.Tactic.NormNum.Core.525676807._hygCtx._hyg.2 took 0.0145ms
interpretation of Mathlib.Meta.NormNum.evalNatSqrt took 0.0315ms
interpretation of _private.Mathlib.Tactic.NormNum.Core.0.Mathlib.Meta.NormNum.initFn._lam_2._@.Mathlib.Tactic.NormNum.Core.525676807._hygCtx._hyg.2._boxed took 0.0138ms
interpretation of _private.Mathlib.Tactic.NormNum.Core.0.Mathlib.Meta.NormNum.initFn._lam_1._@.Mathlib.Tactic.NormNum.Core.525676807._hygCtx._hyg.2 took 0.0142ms
interpretation of Mathlib.Meta.NormNum.evalOrdinalMul took 0.0408ms
interpretation of _private.Mathlib.Tactic.NormNum.Core.0.Mathlib.Meta.NormNum.initFn._lam_2._@.Mathlib.Tactic.NormNum.Core.525676807._hygCtx._hyg.2._boxed took 0.0221ms
interpretation of _private.Mathlib.Tactic.NormNum.Core.0.Mathlib.Meta.NormNum.initFn._lam_1._@.Mathlib.Tactic.NormNum.Core.525676807._hygCtx._hyg.2 took 0.0277ms
interpretation of Mathlib.Meta.NormNum.evalOrdinalLE took 0.252ms
interpretation of _private.Mathlib.Tactic.NormNum.Core.0.Mathlib.Meta.NormNum.initFn._lam_2._@.Mathlib.Tactic.NormNum.Core.525676807._hygCtx._hyg.2._boxed took 0.0171ms
interpretation of _private.Mathlib.Tactic.NormNum.Core.0.Mathlib.Meta.NormNum.initFn._lam_1._@.Mathlib.Tactic.NormNum.Core.525676807._hygCtx._hyg.2 took 0.0358ms
interpretation of Mathlib.Meta.NormNum.evalOrdinalLT took 0.0224ms
interpretation of _private.Mathlib.Tactic.NormNum.Core.0.Mathlib.Meta.NormNum.initFn._lam_2._@.Mathlib.Tactic.NormNum.Core.525676807._hygCtx._hyg.2._boxed took 0.0398ms
interpretation of _private.Mathlib.Tactic.NormNum.Core.0.Mathlib.Meta.NormNum.initFn._lam_1._@.Mathlib.Tactic.NormNum.Core.525676807._hygCtx._hyg.2 took 0.0281ms
interpretation of Mathlib.Meta.NormNum.evalOrdinalSub took 0.0252ms
interpretation of _private.Mathlib.Tactic.NormNum.Core.0.Mathlib.Meta.NormNum.initFn._lam_2._@.Mathlib.Tactic.NormNum.Core.525676807._hygCtx._hyg.2._boxed took 0.0124ms
interpretation of _private.Mathlib.Tactic.NormNum.Core.0.Mathlib.Meta.NormNum.initFn._lam_1._@.Mathlib.Tactic.NormNum.Core.525676807._hygCtx._hyg.2 took 0.0297ms
interpretation of Mathlib.Meta.NormNum.evalOrdinalDiv took 0.0223ms
interpretation of _private.Mathlib.Tactic.NormNum.Core.0.Mathlib.Meta.NormNum.initFn._lam_2._@.Mathlib.Tactic.NormNum.Core.525676807._hygCtx._hyg.2._boxed took 0.0122ms
interpretation of _private.Mathlib.Tactic.NormNum.Core.0.Mathlib.Meta.NormNum.initFn._lam_1._@.Mathlib.Tactic.NormNum.Core.525676807._hygCtx._hyg.2 took 0.0242ms
interpretation of Mathlib.Meta.NormNum.evalOrdinalMod took 0.0217ms
interpretation of _private.Mathlib.Tactic.NormNum.Core.0.Mathlib.Meta.NormNum.initFn._lam_2._@.Mathlib.Tactic.NormNum.Core.525676807._hygCtx._hyg.2._boxed took 0.0111ms
interpretation of _private.Mathlib.Tactic.NormNum.Core.0.Mathlib.Meta.NormNum.initFn._lam_1._@.Mathlib.Tactic.NormNum.Core.525676807._hygCtx._hyg.2 took 0.0268ms
interpretation of Mathlib.Meta.NormNum.evalOrdinalOPow took 0.0215ms
interpretation of _private.Mathlib.Tactic.NormNum.Core.0.Mathlib.Meta.NormNum.initFn._lam_2._@.Mathlib.Tactic.NormNum.Core.525676807._hygCtx._hyg.2._boxed took 0.0108ms
interpretation of _private.Mathlib.Tactic.NormNum.Core.0.Mathlib.Meta.NormNum.initFn._lam_1._@.Mathlib.Tactic.NormNum.Core.525676807._hygCtx._hyg.2 took 0.0253ms
interpretation of Mathlib.Meta.NormNum.evalOrdinalNPow took 0.0205ms
interpretation of _private.Mathlib.Tactic.NormNum.Core.0.Mathlib.Meta.NormNum.initFn._lam_2._@.Mathlib.Tactic.NormNum.Core.525676807._hygCtx._hyg.2._boxed took 0.011ms
interpretation of _private.Mathlib.Tactic.NormNum.Core.0.Mathlib.Meta.NormNum.initFn._lam_1._@.Mathlib.Tactic.NormNum.Core.525676807._hygCtx._hyg.2 took 0.0313ms
interpretation of Mathlib.Meta.NormNum.evalEven took 0.0404ms
interpretation of _private.Mathlib.Tactic.NormNum.Core.0.Mathlib.Meta.NormNum.initFn._lam_2._@.Mathlib.Tactic.NormNum.Core.525676807._hygCtx._hyg.2._boxed took 0.0144ms
interpretation of _private.Mathlib.Tactic.NormNum.Core.0.Mathlib.Meta.NormNum.initFn._lam_1._@.Mathlib.Tactic.NormNum.Core.525676807._hygCtx._hyg.2 took 0.0163ms
interpretation of Mathlib.Meta.NormNum.evalOdd took 0.0222ms
interpretation of _private.Mathlib.Tactic.NormNum.Core.0.Mathlib.Meta.NormNum.initFn._lam_2._@.Mathlib.Tactic.NormNum.Core.525676807._hygCtx._hyg.2._boxed took 0.0109ms
interpretation of _private.Mathlib.Tactic.NormNum.Core.0.Mathlib.Meta.NormNum.initFn._lam_1._@.Mathlib.Tactic.NormNum.Core.525676807._hygCtx._hyg.2 took 0.0372ms
interpretation of Mathlib.Meta.NormNum.evalMinFac took 0.0332ms
interpretation of _private.Mathlib.Tactic.NormNum.Core.0.Mathlib.Meta.NormNum.initFn._lam_2._@.Mathlib.Tactic.NormNum.Core.525676807._hygCtx._hyg.2._boxed took 0.0145ms
interpretation of _private.Mathlib.Tactic.NormNum.Core.0.Mathlib.Meta.NormNum.initFn._lam_1._@.Mathlib.Tactic.NormNum.Core.525676807._hygCtx._hyg.2 took 0.034ms
interpretation of Mathlib.Meta.NormNum.evalNatPrime took 0.0219ms
interpretation of _private.Mathlib.Tactic.NormNum.Core.0.Mathlib.Meta.NormNum.initFn._lam_2._@.Mathlib.Tactic.NormNum.Core.525676807._hygCtx._hyg.2._boxed took 0.0106ms
interpretation of _private.Mathlib.Tactic.NormNum.Core.0.Mathlib.Meta.NormNum.initFn._lam_1._@.Mathlib.Tactic.NormNum.Core.525676807._hygCtx._hyg.2 took 0.0224ms
interpretation of Mathlib.Meta.NormNum.evalRealSqrt took 0.0329ms
interpretation of _private.Mathlib.Tactic.NormNum.Core.0.Mathlib.Meta.NormNum.initFn._lam_2._@.Mathlib.Tactic.NormNum.Core.525676807._hygCtx._hyg.2._boxed took 0.014ms
interpretation of _private.Mathlib.Tactic.NormNum.Core.0.Mathlib.Meta.NormNum.initFn._lam_1._@.Mathlib.Tactic.NormNum.Core.525676807._hygCtx._hyg.2 took 0.0154ms
interpretation of Mathlib.Meta.NormNum.evalNNRealSqrt took 0.023ms
interpretation of _private.Mathlib.Tactic.NormNum.Core.0.Mathlib.Meta.NormNum.initFn._lam_2._@.Mathlib.Tactic.NormNum.Core.525676807._hygCtx._hyg.2._boxed took 0.0114ms
interpretation of _private.Mathlib.Tactic.NormNum.Core.0.Mathlib.Meta.NormNum.initFn._lam_1._@.Mathlib.Tactic.NormNum.Core.525676807._hygCtx._hyg.2 took 0.0134ms
interpretation of _private.Mathlib.Tactic.NormNum.Core.0.Mathlib.Meta.NormNum.initFn._lam_0._@.Mathlib.Tactic.NormNum.Core.525676807._hygCtx._hyg.2._boxed took 0.00834ms
interpretation of Aesop.BaseRuleSet.add took 0.0359ms
interpretation of Aesop.BaseRuleSet.add took 0.0192ms
interpretation of Aesop.BaseRuleSet.add took 1.93ms
interpretation of Aesop.BaseRuleSet.add took 0.0414ms
interpretation of Aesop.BaseRuleSet.add took 0.283ms
interpretation of Aesop.BaseRuleSet.add took 0.0219ms
interpretation of Aesop.BaseRuleSet.add took 0.016ms
interpretation of Aesop.BaseRuleSet.add took 0.0142ms
interpretation of Aesop.BaseRuleSet.add took 0.0145ms
interpretation of Aesop.BaseRuleSet.add took 0.0143ms
interpretation of Aesop.BaseRuleSet.add took 0.0143ms
interpretation of Aesop.BaseRuleSet.add took 0.0137ms
interpretation of Aesop.BaseRuleSet.add took 0.161ms
interpretation of Aesop.BaseRuleSet.add took 0.0221ms
interpretation of Aesop.BaseRuleSet.add took 0.0164ms
interpretation of Aesop.BaseRuleSet.add took 0.014ms
interpretation of Aesop.BaseRuleSet.add took 0.0186ms
interpretation of Aesop.BaseRuleSet.add took 0.0177ms
interpretation of Aesop.BaseRuleSet.add took 0.0226ms
interpretation of Aesop.BaseRuleSet.add took 0.0236ms
interpretation of Aesop.BaseRuleSet.add took 0.022ms
interpretation of Aesop.BaseRuleSet.add took 0.0228ms
interpretation of Aesop.BaseRuleSet.add took 0.0216ms
interpretation of Aesop.BaseRuleSet.add took 0.112ms
interpretation of Aesop.BaseRuleSet.add took 0.0408ms
interpretation of Aesop.BaseRuleSet.add took 0.0497ms
interpretation of Aesop.BaseRuleSet.add took 0.0194ms
interpretation of Aesop.BaseRuleSet.add took 0.0183ms
interpretation of Aesop.BaseRuleSet.add took 0.0156ms
interpretation of Aesop.BaseRuleSet.add took 0.0248ms
interpretation of Aesop.BaseRuleSet.add took 0.0136ms
interpretation of Aesop.BaseRuleSet.add took 0.0129ms
interpretation of Aesop.BaseRuleSet.add took 0.014ms
interpretation of Aesop.BaseRuleSet.add took 0.0137ms
interpretation of Aesop.BaseRuleSet.add took 0.0142ms
interpretation of Aesop.BaseRuleSet.add took 0.0128ms
interpretation of Aesop.BaseRuleSet.add took 0.022ms
interpretation of Aesop.BaseRuleSet.add took 0.0145ms
interpretation of Aesop.BaseRuleSet.add took 0.0136ms
interpretation of Aesop.BaseRuleSet.add took 0.0172ms
interpretation of Aesop.BaseRuleSet.add took 0.0143ms
interpretation of Aesop.BaseRuleSet.add took 0.0152ms
interpretation of Aesop.BaseRuleSet.add took 0.0134ms
interpretation of Aesop.BaseRuleSet.add took 0.0148ms
interpretation of Aesop.BaseRuleSet.add took 0.0209ms
interpretation of Aesop.BaseRuleSet.add took 0.0151ms
interpretation of Aesop.BaseRuleSet.add took 0.0202ms
interpretation of Aesop.BaseRuleSet.add took 0.0202ms
interpretation of Aesop.BaseRuleSet.add took 0.0212ms
interpretation of Aesop.BaseRuleSet.add took 0.013ms
interpretation of Aesop.BaseRuleSet.add took 0.0374ms
interpretation of Aesop.BaseRuleSet.add took 0.0183ms
interpretation of Aesop.BaseRuleSet.add took 0.017ms
interpretation of Aesop.BaseRuleSet.add took 0.0302ms
interpretation of Aesop.BaseRuleSet.add took 0.201ms
interpretation of Aesop.BaseRuleSet.add took 0.0186ms
interpretation of Aesop.BaseRuleSet.add took 0.0304ms
interpretation of Aesop.BaseRuleSet.add took 0.0234ms
interpretation of Aesop.BaseRuleSet.add took 0.0199ms
interpretation of Aesop.BaseRuleSet.add took 0.204ms
interpretation of Aesop.BaseRuleSet.add took 0.0167ms
interpretation of Aesop.BaseRuleSet.add took 0.0487ms
interpretation of Aesop.BaseRuleSet.add took 0.0208ms
interpretation of Aesop.BaseRuleSet.add took 0.0184ms
interpretation of Aesop.BaseRuleSet.add took 0.015ms
interpretation of Aesop.BaseRuleSet.add took 0.0401ms
interpretation of Aesop.BaseRuleSet.add took 0.0173ms
interpretation of Aesop.BaseRuleSet.add took 0.0317ms
interpretation of Aesop.BaseRuleSet.add took 0.0294ms
interpretation of Aesop.BaseRuleSet.add took 0.0218ms
interpretation of Aesop.BaseRuleSet.add took 0.0165ms
interpretation of Aesop.BaseRuleSet.add took 0.0163ms
interpretation of Aesop.BaseRuleSet.add took 0.0139ms
interpretation of Aesop.BaseRuleSet.add took 0.0151ms
interpretation of Aesop.BaseRuleSet.add took 0.0159ms
interpretation of Aesop.BaseRuleSet.add took 0.0213ms
interpretation of Aesop.BaseRuleSet.add took 0.0208ms
interpretation of Aesop.BaseRuleSet.add took 0.0134ms
interpretation of Aesop.BaseRuleSet.add took 0.0171ms
interpretation of Aesop.BaseRuleSet.add took 0.0157ms
interpretation of Aesop.BaseRuleSet.add took 0.0817ms
interpretation of Aesop.BaseRuleSet.add took 0.0859ms
interpretation of Aesop.BaseRuleSet.add took 0.0153ms
interpretation of Aesop.BaseRuleSet.add took 0.151ms
interpretation of Aesop.BaseRuleSet.add took 0.02ms
interpretation of Aesop.BaseRuleSet.add took 0.0901ms
interpretation of Aesop.BaseRuleSet.add took 0.0682ms
interpretation of Aesop.BaseRuleSet.add took 0.0262ms
interpretation of Aesop.BaseRuleSet.add took 0.0692ms
interpretation of Aesop.BaseRuleSet.add took 0.214ms
interpretation of Aesop.BaseRuleSet.add took 0.0346ms
interpretation of Aesop.BaseRuleSet.add took 0.104ms
interpretation of Aesop.BaseRuleSet.add took 0.0184ms
interpretation of Aesop.BaseRuleSet.add took 0.0225ms
interpretation of Aesop.BaseRuleSet.add took 0.0212ms
interpretation of Aesop.BaseRuleSet.add took 0.0141ms
interpretation of Aesop.BaseRuleSet.add took 0.0157ms
interpretation of Aesop.BaseRuleSet.add took 0.0374ms
interpretation of Aesop.BaseRuleSet.add took 0.0251ms
interpretation of Aesop.BaseRuleSet.add took 0.0158ms
interpretation of Aesop.BaseRuleSet.add took 0.0168ms
interpretation of Aesop.BaseRuleSet.add took 0.0427ms
interpretation of Aesop.BaseRuleSet.add took 0.0235ms
interpretation of Aesop.BaseRuleSet.add took 0.0216ms
interpretation of Aesop.BaseRuleSet.add took 0.0164ms
interpretation of Aesop.BaseRuleSet.add took 0.0226ms
interpretation of Aesop.BaseRuleSet.add took 0.0176ms
interpretation of Aesop.BaseRuleSet.add took 0.0171ms
interpretation of Aesop.BaseRuleSet.add took 0.0325ms
interpretation of Aesop.BaseRuleSet.add took 0.0298ms
interpretation of Aesop.BaseRuleSet.add took 0.0157ms
interpretation of Aesop.BaseRuleSet.add took 0.0152ms
interpretation of Aesop.BaseRuleSet.add took 0.0279ms
interpretation of Aesop.BaseRuleSet.add took 0.0297ms
interpretation of Aesop.BaseRuleSet.add took 0.0181ms
interpretation of Aesop.BaseRuleSet.add took 0.0159ms
interpretation of Aesop.BaseRuleSet.add took 0.0209ms
interpretation of Aesop.BaseRuleSet.add took 0.0323ms
interpretation of Aesop.BaseRuleSet.add took 0.0186ms
interpretation of Aesop.BaseRuleSet.add took 0.0209ms
interpretation of Aesop.BaseRuleSet.add took 0.0171ms
interpretation of Aesop.BaseRuleSet.add took 0.0275ms
interpretation of Aesop.BaseRuleSet.add took 0.0156ms
interpretation of Aesop.BaseRuleSet.add took 0.0215ms
interpretation of Aesop.BaseRuleSet.add took 0.0162ms
interpretation of Aesop.BaseRuleSet.add took 0.0179ms
interpretation of Aesop.BaseRuleSet.add took 0.0323ms
interpretation of Aesop.BaseRuleSet.add took 0.0217ms
interpretation of Aesop.BaseRuleSet.add took 2.45ms
interpretation of Aesop.BaseRuleSet.add took 0.0622ms
interpretation of Aesop.BaseRuleSet.add took 0.0482ms
interpretation of Aesop.BaseRuleSet.add took 0.027ms
interpretation of Aesop.BaseRuleSet.add took 0.0195ms
interpretation of Aesop.BaseRuleSet.add took 0.0262ms
interpretation of Aesop.BaseRuleSet.add took 0.0176ms
interpretation of Aesop.BaseRuleSet.add took 0.0182ms
interpretation of Aesop.BaseRuleSet.add took 0.0185ms
interpretation of Aesop.BaseRuleSet.add took 0.017ms
interpretation of Aesop.BaseRuleSet.add took 0.016ms
interpretation of Aesop.BaseRuleSet.add took 0.017ms
interpretation of Aesop.BaseRuleSet.add took 0.017ms
interpretation of Aesop.BaseRuleSet.add took 0.0245ms
interpretation of Aesop.BaseRuleSet.add took 0.0173ms
interpretation of Aesop.BaseRuleSet.add took 0.032ms
interpretation of Aesop.BaseRuleSet.add took 0.0157ms
interpretation of Aesop.BaseRuleSet.add took 0.0214ms
interpretation of Aesop.BaseRuleSet.add took 0.0171ms
interpretation of Aesop.BaseRuleSet.add took 0.0158ms
interpretation of Aesop.BaseRuleSet.add took 0.0165ms
interpretation of Aesop.BaseRuleSet.add took 0.021ms
interpretation of Aesop.BaseRuleSet.add took 0.0299ms
interpretation of Aesop.BaseRuleSet.add took 0.0207ms
interpretation of Aesop.BaseRuleSet.add took 0.0156ms
interpretation of Aesop.BaseRuleSet.add took 0.0304ms
interpretation of Aesop.BaseRuleSet.add took 0.0183ms
interpretation of Aesop.BaseRuleSet.add took 0.0184ms
interpretation of Aesop.BaseRuleSet.add took 0.0174ms
interpretation of Aesop.BaseRuleSet.add took 0.0297ms
interpretation of Aesop.BaseRuleSet.add took 0.0167ms
interpretation of Aesop.BaseRuleSet.add took 0.0224ms
interpretation of Aesop.Frontend.extensionDescr._lam_1._boxed took 0.00253ms
interpretation of Mathlib.Meta.Positivity.evalRatCast took 0.014ms
interpretation of Mathlib.Meta.Positivity.evalNNRatCast took 0.0119ms
interpretation of Mathlib.Meta.Positivity.evalIte took 0.0232ms
interpretation of Mathlib.Meta.Positivity.evalMin took 0.0102ms
interpretation of Mathlib.Meta.Positivity.evalMax took 0.00963ms
interpretation of Mathlib.Meta.Positivity.evalAdd took 0.0105ms
interpretation of Mathlib.Meta.Positivity.evalSub took 0.015ms
interpretation of Mathlib.Meta.Positivity.evalMul took 0.0128ms
interpretation of Mathlib.Meta.Positivity.evalIntDiv took 0.0104ms
interpretation of Mathlib.Meta.Positivity.evalPowZeroNat took 0.0108ms
interpretation of Mathlib.Meta.Positivity.evalPow took 0.0104ms
interpretation of Mathlib.Meta.Positivity.evalAbs took 0.0114ms
interpretation of Mathlib.Meta.Positivity.evalNatAbs took 0.0111ms
interpretation of Mathlib.Meta.Positivity.evalNatCast took 0.0148ms
interpretation of Mathlib.Meta.Positivity.evalIntCast took 0.0108ms
interpretation of Mathlib.Meta.Positivity.evalNatSucc took 0.0115ms
interpretation of Mathlib.Meta.Positivity.evalPNatVal took 0.0115ms
interpretation of Mathlib.Meta.Positivity.evalFactorial took 0.0106ms
interpretation of Mathlib.Meta.Positivity.evalAscFactorial took 0.0108ms
interpretation of Mathlib.Meta.Positivity.evalNatGCD took 0.0098ms
interpretation of Mathlib.Meta.Positivity.evalNatLCM took 0.00951ms
interpretation of Mathlib.Meta.Positivity.evalNatSqrt took 0.00985ms
interpretation of Mathlib.Meta.Positivity.evalIntGCD took 0.00922ms
interpretation of Mathlib.Meta.Positivity.evalIntLCM took 0.00917ms
interpretation of Mathlib.Meta.Positivity.evalNNRatNum took 0.0124ms
interpretation of Mathlib.Meta.Positivity.evalNNRatDen took 0.0107ms
interpretation of Mathlib.Meta.Positivity.evalRatNum took 0.011ms
interpretation of Mathlib.Meta.Positivity.evalRatDen took 0.00978ms
interpretation of Mathlib.Meta.Positivity.evalPosPart took 0.012ms
interpretation of Mathlib.Meta.Positivity.evalNegPart took 0.00899ms
interpretation of Mathlib.Meta.Positivity.evalMap took 0.00985ms
interpretation of IsAbsoluteValue.Mathlib.Meta.Positivity.evalAbv took 0.0126ms
interpretation of Mathlib.Meta.Positivity.evalFinsetProd took 0.0124ms
interpretation of Mathlib.Meta.Positivity.evalDiv took 0.0163ms
interpretation of Mathlib.Meta.Positivity.evalInv took 0.00911ms
interpretation of Mathlib.Meta.Positivity.evalPowZeroInt took 0.0102ms
interpretation of Mathlib.Meta.Positivity.evalIntFloor took 0.0113ms
interpretation of Mathlib.Meta.Positivity.evalNatCeil took 0.00979ms
interpretation of Mathlib.Meta.Positivity.evalIntCeil took 0.00989ms
interpretation of Mathlib.Meta.Positivity.evalIntFract took 0.0102ms
interpretation of Mathlib.Meta.Positivity.evalNNRealtoReal took 0.0126ms
interpretation of Mathlib.Meta.Positivity.evalRealToNNReal took 0.0209ms
interpretation of Mathlib.Meta.Positivity.evalRealNNAbs took 0.0107ms
interpretation of Mathlib.Meta.Positivity.evalENNRealtoReal took 0.0138ms
interpretation of Mathlib.Meta.Positivity.evalENNRealOfNNReal took 0.0578ms
interpretation of Mathlib.Meta.Positivity.evalENNRealOfReal took 0.0105ms
interpretation of Mathlib.Meta.Positivity.evalRealToEReal took 0.0112ms
interpretation of Mathlib.Meta.Positivity.evalENNRealToEReal took 0.0107ms
interpretation of Mathlib.Meta.Positivity.evalERealToReal took 0.00978ms
interpretation of Mathlib.Meta.Positivity.evalERealToENNReal took 0.0102ms
interpretation of Mathlib.Meta.Positivity.evalSMul took 0.0106ms
interpretation of Mathlib.Meta.Positivity.evalDist took 0.012ms
interpretation of Mathlib.Meta.Positivity.evalMulNorm took 0.0116ms
interpretation of Mathlib.Meta.Positivity.evalAddNorm took 0.00952ms
interpretation of Mathlib.Meta.Positivity.evalERealAdd took 0.0156ms
interpretation of Mathlib.Meta.Positivity.evalERealMul took 0.0101ms
interpretation of Mathlib.Meta.Positivity.evalDiam took 0.0106ms
interpretation of Mathlib.Meta.Positivity.evalTsum took 0.0114ms
interpretation of Mathlib.Meta.Positivity.evalNNRealSqrt took 0.0116ms
interpretation of Mathlib.Meta.Positivity.evalSqrt took 0.0089ms
interpretation of Mathlib.Meta.Positivity.evalComplexOfReal took 0.0102ms
interpretation of Mathlib.Meta.Positivity.evalFinsetExpect took 0.0117ms
interpretation of Mathlib.Meta.Positivity.evalExp took 0.0104ms
interpretation of Mathlib.Meta.Positivity.evalCosh took 0.00984ms
interpretation of Mathlib.Meta.Positivity.evalZPow took 0.00994ms
interpretation of Mathlib.Meta.Positivity.evalERealInv took 0.00978ms
interpretation of Mathlib.Meta.Positivity.evalERealDiv took 0.0115ms
interpretation of Mathlib.Meta.Positivity.evalRealPi took 0.0102ms
interpretation of Mathlib.Meta.Positivity.evalNatTotient took 0.0111ms
interpretation of Mathlib.Meta.Positivity.evalLogNatCast took 0.0104ms
interpretation of Mathlib.Meta.Positivity.evalLogIntCast took 0.0106ms
interpretation of Mathlib.Meta.Positivity.evalLogNatLit took 0.00853ms
interpretation of Mathlib.Meta.Positivity.evalRpowZero took 0.0179ms
interpretation of Mathlib.Meta.Positivity.evalRpow took 0.00938ms
interpretation of Mathlib.Meta.Positivity.evalNNRealRpow took 0.0123ms
interpretation of Mathlib.Meta.Positivity.evalENNRealRpow took 0.00939ms
interpretation of Mathlib.Meta.Positivity.evalAlgebraMap took 0.0121ms
interpretation of Mathlib.Meta.Positivity.evalFinsetCard took 0.0109ms
interpretation of Mathlib.Meta.Positivity.evalFintypeCard took 0.00951ms
interpretation of Mathlib.Meta.Positivity.evalFinsetDens took 0.00853ms
interpretation of Mathlib.Meta.Positivity.evalFinsetSum took 0.00899ms
interpretation of Mathlib.Meta.Positivity.evalArithmeticFunctionZeta took 0.0111ms
interpretation of Mathlib.Meta.Positivity.evalArithmeticFunctionSigma took 3.27ms
interpretation of _private.Mathlib.Tactic.Positivity.Core.0.Mathlib.Meta.Positivity.initFn._lam_4._@.Mathlib.Tactic.Positivity.Core.3395534674._hygCtx._hyg.2._boxed took 6.69ms
interpretation of Aesop.BaseRuleSet.add took 0.0537ms
interpretation of Aesop.BaseRuleSet.add took 0.0201ms
interpretation of Aesop.BaseRuleSet.add took 0.0173ms
interpretation of Aesop.BaseRuleSet.add took 0.0163ms
interpretation of Aesop.BaseRuleSet.add took 0.0135ms
interpretation of Aesop.BaseRuleSet.add took 0.014ms
interpretation of Aesop.BaseRuleSet.add took 0.0136ms
interpretation of Aesop.BaseRuleSet.add took 0.0137ms
interpretation of Aesop.BaseRuleSet.add took 0.0141ms
interpretation of Aesop.BaseRuleSet.add took 0.0221ms
interpretation of Aesop.BaseRuleSet.add took 0.0145ms
interpretation of Aesop.BaseRuleSet.add took 0.0167ms
interpretation of Aesop.BaseRuleSet.add took 0.0322ms
interpretation of Aesop.BaseRuleSet.add took 0.0142ms
interpretation of Aesop.BaseRuleSet.add took 0.0134ms
interpretation of Aesop.BaseRuleSet.add took 0.0137ms
interpretation of Aesop.Frontend.extensionDescr._lam_1._boxed took 0.003ms
interpretation of fieldEq took 0.00931ms
interpretation of fieldLe took 0.00372ms
interpretation of fieldLt took 0.00286ms
interpretation of Aesop.BaseRuleSet.add took 0.05ms
interpretation of Aesop.BaseRuleSet.add took 0.0162ms
interpretation of Aesop.BaseRuleSet.add took 0.0151ms
interpretation of Aesop.BaseRuleSet.add took 0.0136ms
interpretation of Aesop.BaseRuleSet.add took 0.0177ms
interpretation of Aesop.BaseRuleSet.add took 0.0186ms
interpretation of Aesop.BaseRuleSet.add took 0.0147ms
interpretation of Aesop.BaseRuleSet.add took 0.0153ms
interpretation of Aesop.BaseRuleSet.add took 0.0159ms
interpretation of Aesop.BaseRuleSet.add took 0.0155ms
interpretation of Aesop.BaseRuleSet.add took 0.0167ms
interpretation of Aesop.BaseRuleSet.add took 0.0158ms
interpretation of Aesop.BaseRuleSet.add took 0.016ms
interpretation of Aesop.BaseRuleSet.add took 0.0148ms
interpretation of Aesop.BaseRuleSet.add took 0.0131ms
interpretation of Aesop.BaseRuleSet.add took 0.0136ms
interpretation of Aesop.BaseRuleSet.add took 0.0356ms
interpretation of Aesop.BaseRuleSet.add took 0.017ms
interpretation of Aesop.BaseRuleSet.add took 0.0149ms
interpretation of Aesop.BaseRuleSet.add took 0.0163ms
interpretation of Aesop.BaseRuleSet.add took 0.016ms
interpretation of Aesop.BaseRuleSet.add took 0.0244ms
interpretation of Aesop.BaseRuleSet.add took 0.0218ms
interpretation of Aesop.BaseRuleSet.add took 0.0152ms
interpretation of Aesop.BaseRuleSet.add took 0.0154ms
interpretation of Aesop.BaseRuleSet.add took 0.0333ms
interpretation of Aesop.BaseRuleSet.add took 0.0169ms
interpretation of Aesop.BaseRuleSet.add took 0.0207ms
interpretation of Aesop.BaseRuleSet.add took 0.017ms
interpretation of Aesop.BaseRuleSet.add took 0.0141ms
interpretation of Aesop.BaseRuleSet.add took 0.0143ms
interpretation of Aesop.BaseRuleSet.add took 0.0233ms
interpretation of Aesop.BaseRuleSet.add took 0.0389ms
interpretation of Aesop.BaseRuleSet.add took 0.0164ms
interpretation of Aesop.BaseRuleSet.add took 0.0148ms
interpretation of Aesop.BaseRuleSet.add took 0.0216ms
interpretation of Aesop.BaseRuleSet.add took 0.036ms
interpretation of Aesop.BaseRuleSet.add took 0.0213ms
interpretation of Aesop.BaseRuleSet.add took 0.0154ms
interpretation of Aesop.BaseRuleSet.add took 0.0206ms
interpretation of Aesop.BaseRuleSet.add took 0.0166ms
interpretation of Aesop.BaseRuleSet.add took 0.015ms
interpretation of Aesop.BaseRuleSet.add took 0.0208ms
interpretation of Aesop.BaseRuleSet.add took 0.0299ms
interpretation of Aesop.BaseRuleSet.add took 0.0181ms
interpretation of Aesop.BaseRuleSet.add took 0.021ms
interpretation of Aesop.BaseRuleSet.add took 0.0224ms
interpretation of Aesop.BaseRuleSet.add took 0.0147ms
interpretation of Aesop.BaseRuleSet.add took 0.0214ms
interpretation of Aesop.BaseRuleSet.add took 0.0141ms
interpretation of Aesop.BaseRuleSet.add took 0.0292ms
interpretation of Aesop.BaseRuleSet.add took 0.0152ms
interpretation of Aesop.BaseRuleSet.add took 0.0156ms
interpretation of Aesop.BaseRuleSet.add took 0.0143ms
interpretation of Aesop.BaseRuleSet.add took 0.0293ms
interpretation of Aesop.BaseRuleSet.add took 0.0131ms
interpretation of Aesop.BaseRuleSet.add took 0.0183ms
interpretation of Aesop.BaseRuleSet.add took 0.0141ms
interpretation of Aesop.BaseRuleSet.add took 0.0212ms
interpretation of Aesop.BaseRuleSet.add took 0.0166ms
interpretation of Aesop.BaseRuleSet.add took 0.0154ms
interpretation of Aesop.BaseRuleSet.add took 0.0181ms
interpretation of Aesop.BaseRuleSet.add took 0.0303ms
interpretation of Aesop.BaseRuleSet.add took 0.029ms
interpretation of Aesop.BaseRuleSet.add took 0.0149ms
interpretation of Aesop.BaseRuleSet.add took 0.0148ms
interpretation of Aesop.BaseRuleSet.add took 0.0128ms
interpretation of Aesop.BaseRuleSet.add took 0.0292ms
interpretation of Aesop.BaseRuleSet.add took 0.0276ms
interpretation of Aesop.BaseRuleSet.add took 0.0163ms
interpretation of Aesop.BaseRuleSet.add took 0.0151ms
interpretation of Aesop.BaseRuleSet.add took 0.016ms
interpretation of Aesop.BaseRuleSet.add took 0.0172ms
interpretation of Aesop.BaseRuleSet.add took 0.017ms
interpretation of Aesop.BaseRuleSet.add took 0.0226ms
interpretation of Aesop.BaseRuleSet.add took 0.0151ms
interpretation of Aesop.BaseRuleSet.add took 0.0148ms
interpretation of Aesop.BaseRuleSet.add took 0.0229ms
interpretation of Aesop.BaseRuleSet.add took 0.131ms
interpretation of Aesop.BaseRuleSet.add took 0.0513ms
interpretation of Aesop.BaseRuleSet.add took 0.0215ms
interpretation of Aesop.BaseRuleSet.add took 0.0211ms
interpretation of Aesop.BaseRuleSet.add took 0.0173ms
interpretation of Aesop.BaseRuleSet.add took 0.0228ms
interpretation of Aesop.BaseRuleSet.add took 0.0195ms
interpretation of Aesop.BaseRuleSet.add took 0.0255ms
interpretation of Aesop.BaseRuleSet.add took 0.0194ms
interpretation of Aesop.BaseRuleSet.add took 0.0167ms
interpretation of Aesop.BaseRuleSet.add took 0.0286ms
interpretation of Aesop.BaseRuleSet.add took 0.0158ms
interpretation of Aesop.BaseRuleSet.add took 0.0155ms
interpretation of Aesop.BaseRuleSet.add took 0.0146ms
interpretation of Aesop.BaseRuleSet.add took 0.0283ms
interpretation of Aesop.BaseRuleSet.add took 0.0252ms
interpretation of Aesop.BaseRuleSet.add took 0.0213ms
interpretation of Aesop.BaseRuleSet.add took 0.0173ms
interpretation of Aesop.BaseRuleSet.add took 0.0259ms
interpretation of Aesop.BaseRuleSet.add took 0.0152ms
interpretation of Aesop.BaseRuleSet.add took 0.0206ms
interpretation of Aesop.BaseRuleSet.add took 0.0184ms
interpretation of Aesop.BaseRuleSet.add took 0.0194ms
interpretation of Aesop.BaseRuleSet.add took 0.0266ms
interpretation of Aesop.BaseRuleSet.add took 0.0368ms
interpretation of Aesop.BaseRuleSet.add took 0.0263ms
interpretation of Aesop.BaseRuleSet.add took 0.036ms
interpretation of Aesop.BaseRuleSet.add took 0.0306ms
interpretation of Aesop.BaseRuleSet.add took 0.0208ms
interpretation of Aesop.BaseRuleSet.add took 0.0223ms
interpretation of Aesop.BaseRuleSet.add took 0.0232ms
interpretation of Aesop.BaseRuleSet.add took 0.0437ms
interpretation of Aesop.BaseRuleSet.add took 0.0309ms
interpretation of Aesop.BaseRuleSet.add took 0.0288ms
interpretation of Aesop.BaseRuleSet.add took 0.0162ms
interpretation of Aesop.BaseRuleSet.add took 0.0232ms
interpretation of Aesop.BaseRuleSet.add took 0.028ms
interpretation of Aesop.BaseRuleSet.add took 0.023ms
interpretation of Aesop.BaseRuleSet.add took 0.0281ms
interpretation of Aesop.BaseRuleSet.add took 0.037ms
interpretation of Aesop.BaseRuleSet.add took 0.0237ms
interpretation of Aesop.BaseRuleSet.add took 0.0243ms
interpretation of Aesop.BaseRuleSet.add took 0.0166ms
interpretation of Aesop.BaseRuleSet.add took 0.0173ms
interpretation of Aesop.BaseRuleSet.add took 0.0206ms
interpretation of Aesop.BaseRuleSet.add took 0.0246ms
interpretation of Aesop.BaseRuleSet.add took 0.0293ms
interpretation of Aesop.BaseRuleSet.add took 0.0304ms
interpretation of Aesop.BaseRuleSet.add took 0.0253ms
interpretation of Aesop.BaseRuleSet.add took 0.0257ms
interpretation of Aesop.BaseRuleSet.add took 0.038ms
interpretation of Aesop.BaseRuleSet.add took 0.0173ms
interpretation of Aesop.BaseRuleSet.add took 0.0159ms
interpretation of Aesop.BaseRuleSet.add took 0.0279ms
interpretation of Aesop.BaseRuleSet.add took 0.0259ms
interpretation of Aesop.BaseRuleSet.add took 0.0316ms
interpretation of Aesop.BaseRuleSet.add took 0.0164ms
interpretation of Aesop.BaseRuleSet.add took 0.0334ms
interpretation of Aesop.BaseRuleSet.add took 0.0327ms
interpretation of Aesop.BaseRuleSet.add took 0.0816ms
interpretation of Aesop.BaseRuleSet.add took 0.0189ms
interpretation of Aesop.BaseRuleSet.add took 0.0162ms
interpretation of Aesop.BaseRuleSet.add took 0.018ms
interpretation of Aesop.BaseRuleSet.add took 0.0201ms
interpretation of Aesop.BaseRuleSet.add took 0.0297ms
interpretation of Aesop.BaseRuleSet.add took 0.0179ms
interpretation of Aesop.BaseRuleSet.add took 0.0677ms
interpretation of Aesop.BaseRuleSet.add took 0.0186ms
interpretation of Aesop.BaseRuleSet.add took 0.0272ms
interpretation of Aesop.BaseRuleSet.add took 0.0331ms
interpretation of Aesop.BaseRuleSet.add took 0.0164ms
interpretation of Aesop.BaseRuleSet.add took 0.0292ms
interpretation of Aesop.BaseRuleSet.add took 0.0221ms
interpretation of Aesop.BaseRuleSet.add took 0.0295ms
interpretation of Aesop.BaseRuleSet.add took 0.0306ms
interpretation of Aesop.BaseRuleSet.add took 0.0302ms
interpretation of Aesop.BaseRuleSet.add took 0.0174ms
interpretation of Aesop.BaseRuleSet.add took 0.0159ms
interpretation of Aesop.BaseRuleSet.add took 0.0164ms
interpretation of Aesop.BaseRuleSet.add took 0.018ms
interpretation of Aesop.BaseRuleSet.add took 0.03ms
interpretation of Aesop.BaseRuleSet.add took 0.017ms
interpretation of Aesop.BaseRuleSet.add took 0.0156ms
interpretation of Aesop.BaseRuleSet.add took 0.0163ms
interpretation of Aesop.BaseRuleSet.add took 0.021ms
interpretation of Aesop.BaseRuleSet.add took 0.0158ms
interpretation of Aesop.BaseRuleSet.add took 0.0165ms
interpretation of Aesop.BaseRuleSet.add took 0.0182ms
interpretation of Aesop.BaseRuleSet.add took 0.0189ms
interpretation of Aesop.BaseRuleSet.add took 0.0171ms
interpretation of Aesop.BaseRuleSet.add took 0.0315ms
interpretation of Aesop.BaseRuleSet.add took 0.0177ms
interpretation of Aesop.BaseRuleSet.add took 0.0167ms
interpretation of Aesop.BaseRuleSet.add took 0.0164ms
interpretation of Aesop.BaseRuleSet.add took 0.018ms
interpretation of Aesop.BaseRuleSet.add took 0.0185ms
interpretation of Aesop.BaseRuleSet.add took 0.0165ms
interpretation of Aesop.BaseRuleSet.add took 0.0154ms
interpretation of Aesop.BaseRuleSet.add took 0.0163ms
interpretation of Aesop.BaseRuleSet.add took 0.0166ms
interpretation of Aesop.BaseRuleSet.add took 0.0181ms
interpretation of Aesop.BaseRuleSet.add took 0.0224ms
interpretation of Aesop.BaseRuleSet.add took 0.0156ms
interpretation of Aesop.BaseRuleSet.add took 0.0245ms
interpretation of Aesop.BaseRuleSet.add took 0.0296ms
interpretation of Aesop.BaseRuleSet.add took 0.0184ms
interpretation of Aesop.BaseRuleSet.add took 0.0284ms
interpretation of Aesop.BaseRuleSet.add took 0.0191ms
interpretation of Aesop.BaseRuleSet.add took 0.0148ms
interpretation of Aesop.BaseRuleSet.add took 0.0222ms
interpretation of Aesop.BaseRuleSet.add took 0.0155ms
interpretation of Aesop.BaseRuleSet.add took 0.0292ms
interpretation of Aesop.BaseRuleSet.add took 0.0156ms
interpretation of Aesop.BaseRuleSet.add took 0.0156ms
interpretation of Aesop.BaseRuleSet.add took 0.0153ms
interpretation of Aesop.BaseRuleSet.add took 0.0162ms
interpretation of Aesop.BaseRuleSet.add took 0.0213ms
interpretation of Aesop.BaseRuleSet.add took 0.0182ms
interpretation of Aesop.BaseRuleSet.add took 0.0176ms
interpretation of Aesop.BaseRuleSet.add took 0.0173ms
interpretation of Aesop.BaseRuleSet.add took 0.0196ms
interpretation of Aesop.BaseRuleSet.add took 0.0175ms
interpretation of Aesop.BaseRuleSet.add took 0.029ms
interpretation of Aesop.BaseRuleSet.add took 0.0319ms
interpretation of Aesop.BaseRuleSet.add took 0.016ms
interpretation of Aesop.BaseRuleSet.add took 0.0175ms
interpretation of Aesop.BaseRuleSet.add took 0.0193ms
interpretation of Aesop.BaseRuleSet.add took 0.0223ms
interpretation of Aesop.BaseRuleSet.add took 0.0207ms
interpretation of Aesop.BaseRuleSet.add took 0.0296ms
interpretation of Aesop.BaseRuleSet.add took 0.0164ms
interpretation of Aesop.BaseRuleSet.add took 0.0285ms
interpretation of Aesop.BaseRuleSet.add took 0.0154ms
interpretation of Aesop.BaseRuleSet.add took 0.0208ms
interpretation of Aesop.BaseRuleSet.add took 0.0155ms
interpretation of Aesop.BaseRuleSet.add took 0.0284ms
interpretation of Aesop.BaseRuleSet.add took 0.0173ms
interpretation of Aesop.BaseRuleSet.add took 0.017ms
interpretation of Aesop.BaseRuleSet.add took 0.0207ms
interpretation of Aesop.BaseRuleSet.add took 0.0214ms
interpretation of Aesop.BaseRuleSet.add took 0.0196ms
interpretation of Aesop.BaseRuleSet.add took 2.32ms
interpretation of Aesop.BaseRuleSet.add took 0.0623ms
interpretation of Aesop.BaseRuleSet.add took 0.0224ms
interpretation of Aesop.BaseRuleSet.add took 0.0203ms
interpretation of Aesop.BaseRuleSet.add took 0.0197ms
interpretation of Aesop.BaseRuleSet.add took 0.0245ms
interpretation of Aesop.BaseRuleSet.add took 0.0216ms
interpretation of Aesop.BaseRuleSet.add took 0.0246ms
interpretation of Aesop.BaseRuleSet.add took 0.0197ms
interpretation of Aesop.BaseRuleSet.add took 0.0212ms
interpretation of Aesop.BaseRuleSet.add took 0.0494ms
interpretation of Aesop.BaseRuleSet.add took 0.0406ms
interpretation of Aesop.BaseRuleSet.add took 0.0565ms
interpretation of Aesop.BaseRuleSet.add took 0.0308ms
interpretation of Aesop.Frontend.extensionDescr._lam_1._boxed took 0.00264ms
interpretation of Aesop.BaseRuleSet.add took 0.0246ms
interpretation of Aesop.BaseRuleSet.add took 0.0749ms
interpretation of Aesop.BaseRuleSet.add took 0.0171ms
interpretation of Aesop.BaseRuleSet.add took 0.0154ms
interpretation of Aesop.BaseRuleSet.add took 0.0133ms
interpretation of Aesop.BaseRuleSet.add took 0.0141ms
interpretation of Aesop.BaseRuleSet.add took 0.0153ms
interpretation of Aesop.Frontend.extensionDescr._lam_1._boxed took 0.00193ms
interpretation of MvPolynomial.mvPolynomialInferBaseImpl took 0.0174ms
interpretation of Mathlib.Tactic.Polynomial.polynomialInferBase took 0.0132ms
interpretation of _private.Mathlib.Tactic.Polynomial.Core.0.Mathlib.Tactic.Polynomial.initFn._lam_4._@.Mathlib.Tactic.Polynomial.Core.2526669815._hygCtx._hyg.2._boxed took 1.8ms
interpretation of Aesop.BaseRuleSet.add took 0.0946ms
interpretation of Aesop.BaseRuleSet.add took 0.0279ms
interpretation of Aesop.BaseRuleSet.add took 0.0427ms
interpretation of Aesop.BaseRuleSet.add took 0.0401ms
interpretation of Aesop.Frontend.extensionDescr._lam_1._boxed took 0.00145ms
interpretation of _private.Mathlib.Tactic.Echelon.Core.0.Mathlib.Tactic.Echelon.initFn._lam_5._@.Mathlib.Tactic.Echelon.Core.2614533087._hygCtx._hyg.2._boxed took 0.00384ms
interpretation of Mathlib.Tactic.Echelon.zsqrtdExt took 0.0117ms
interpretation of _private.Mathlib.Tactic.Echelon.Core.0.Mathlib.Tactic.Echelon.initFn._lam_4._@.Mathlib.Tactic.Echelon.Core.2614533087._hygCtx._hyg.2._boxed took 0.0513ms
interpretation of _private.Mathlib.Tactic.Echelon.Core.0.Mathlib.Tactic.Echelon.initFn._lam_2._@.Mathlib.Tactic.Echelon.Core.2614533087._hygCtx._hyg.2 took 0.00185ms
interpretation of _private.Mathlib.Tactic.Echelon.Core.0.Mathlib.Tactic.Echelon.initFn._lam_0._@.Mathlib.Tactic.Echelon.Core.2614533087._hygCtx._hyg.2._boxed took 0.00597ms
interpretation of _private.Mathlib.Tactic.Inclusion.Core.Extensions.0.Inclusion.initFn._lam_5._@.Mathlib.Tactic.Inclusion.Core.Extensions.3151349925._hygCtx._hyg.2._boxed took 0.00325ms
interpretation of Inclusion.IntervalDyadicReal.binarySplitParam took 0.055ms
interpretation of _private.Mathlib.Tactic.Inclusion.Core.Extensions.0.Inclusion.initFn._lam_4._@.Mathlib.Tactic.Inclusion.Core.Extensions.3151349925._hygCtx._hyg.2._boxed took 0.0429ms
interpretation of _private.Mathlib.Tactic.Inclusion.Core.Extensions.0.Inclusion.initFn._lam_2._@.Mathlib.Tactic.Inclusion.Core.Extensions.3151349925._hygCtx._hyg.2 took 0.00778ms
interpretation of Inclusion.IntervalDyadicReal.precParam took 0.0936ms
interpretation of _private.Mathlib.Tactic.Inclusion.Core.Extensions.0.Inclusion.initFn._lam_4._@.Mathlib.Tactic.Inclusion.Core.Extensions.3151349925._hygCtx._hyg.2._boxed took 0.0128ms
interpretation of _private.Mathlib.Tactic.Inclusion.Core.Extensions.0.Inclusion.initFn._lam_2._@.Mathlib.Tactic.Inclusion.Core.Extensions.3151349925._hygCtx._hyg.2 took 0.00183ms
interpretation of _private.Mathlib.Tactic.Inclusion.Core.Extensions.0.Inclusion.initFn._lam_0._@.Mathlib.Tactic.Inclusion.Core.Extensions.3151349925._hygCtx._hyg.2._boxed took 0.00614ms
interpretation of DiscrTreeExt.initializeEnvExt._redArg._lam_5._boxed took 0.00426ms
interpretation of Inclusion.IntervalBool.not_mem._inclusionExt_1 took 0.0664ms
interpretation of DiscrTreeExt.initializeEnvExt._redArg._lam_2._boxed took 0.0244ms
interpretation of DiscrTreeExt.initializeEnvExt._redArg._lam_1 took 0.0448ms
interpretation of Inclusion.IntervalBool.and_mem._inclusionExt_1 took 0.0386ms
interpretation of DiscrTreeExt.initializeEnvExt._redArg._lam_2._boxed took 0.00718ms
interpretation of DiscrTreeExt.initializeEnvExt._redArg._lam_1 took 0.324ms
interpretation of Inclusion.IntervalBool.or_mem._inclusionExt_1 took 0.0385ms
interpretation of DiscrTreeExt.initializeEnvExt._redArg._lam_2._boxed took 0.0114ms
interpretation of DiscrTreeExt.initializeEnvExt._redArg._lam_1 took 0.0146ms
interpretation of DiscrTreeExt.initializeEnvExt._redArg._lam_0._boxed took 0.00452ms
interpretation of DiscrTreeExt.initializeEnvExt._redArg._lam_5._boxed took 0.00128ms
interpretation of Inclusion.ToSet.mem_of_eq_of_mem._hypothesisExt_1 took 0.0438ms
interpretation of DiscrTreeExt.initializeEnvExt._redArg._lam_2._boxed took 0.00618ms
interpretation of DiscrTreeExt.initializeEnvExt._redArg._lam_1 took 0.013ms
interpretation of Inclusion.ToSet.mem_of_mem_of_eq._hypothesisExt_1 took 0.0344ms
interpretation of DiscrTreeExt.initializeEnvExt._redArg._lam_2._boxed took 0.00571ms
interpretation of DiscrTreeExt.initializeEnvExt._redArg._lam_1 took 0.087ms
interpretation of Inclusion.instMembershipHyp took 0.0234ms
interpretation of DiscrTreeExt.initializeEnvExt._redArg._lam_2._boxed took 0.00642ms
interpretation of DiscrTreeExt.initializeEnvExt._redArg._lam_1 took 0.0126ms
interpretation of Inclusion.andHyp took 0.0223ms
interpretation of DiscrTreeExt.initializeEnvExt._redArg._lam_2._boxed took 0.00613ms
interpretation of DiscrTreeExt.initializeEnvExt._redArg._lam_1 took 0.0118ms
interpretation of DiscrTreeExt.initializeEnvExt._redArg._lam_0._boxed took 0.000986ms
interpretation of DiscrTreeExt.initializeEnvExt._redArg._lam_5._boxed took 0.00101ms
interpretation of Inclusion.IntervalDyadicReal.mkRealIVar took 0.108ms
interpretation of DiscrTreeExt.initializeEnvExt._redArg._lam_2._boxed took 0.00917ms
interpretation of DiscrTreeExt.initializeEnvExt._redArg._lam_1 took 0.0127ms
interpretation of Inclusion.IntervalDyadicReal.natCast_mem._inclusionExt_1 took 0.0352ms
interpretation of DiscrTreeExt.initializeEnvExt._redArg._lam_2._boxed took 0.00674ms
interpretation of DiscrTreeExt.initializeEnvExt._redArg._lam_1 took 0.0115ms
interpretation of Inclusion.IntervalDyadicReal.ofNat_mem._inclusionExt_1 took 0.0276ms
interpretation of DiscrTreeExt.initializeEnvExt._redArg._lam_2._boxed took 0.00543ms
interpretation of DiscrTreeExt.initializeEnvExt._redArg._lam_1 took 0.0109ms
interpretation of Inclusion.IntervalDyadicReal.intCast_mem._inclusionExt_1 took 0.0263ms
interpretation of DiscrTreeExt.initializeEnvExt._redArg._lam_2._boxed took 0.00536ms
interpretation of DiscrTreeExt.initializeEnvExt._redArg._lam_1 took 0.0103ms
interpretation of Inclusion.IntervalDyadicReal.add_mem._inclusionExt_1 took 0.0651ms
interpretation of DiscrTreeExt.initializeEnvExt._redArg._lam_2._boxed took 0.00658ms
interpretation of DiscrTreeExt.initializeEnvExt._redArg._lam_1 took 0.0111ms
interpretation of Inclusion.IntervalDyadicReal.neg_mem._inclusionExt_1 took 0.033ms
interpretation of DiscrTreeExt.initializeEnvExt._redArg._lam_2._boxed took 0.00593ms
interpretation of DiscrTreeExt.initializeEnvExt._redArg._lam_1 took 0.0112ms
interpretation of Inclusion.IntervalDyadicReal.sub_mem._inclusionExt_1 took 0.0272ms
interpretation of DiscrTreeExt.initializeEnvExt._redArg._lam_2._boxed took 0.00544ms
interpretation of DiscrTreeExt.initializeEnvExt._redArg._lam_1 took 0.0432ms
interpretation of Inclusion.IntervalDyadicReal.mul_mem._inclusionExt_1 took 0.0279ms
interpretation of DiscrTreeExt.initializeEnvExt._redArg._lam_2._boxed took 0.00599ms
interpretation of DiscrTreeExt.initializeEnvExt._redArg._lam_1 took 0.011ms
interpretation of Inclusion.IntervalDyadicReal.le_mem._inclusionExt_1 took 0.0279ms
interpretation of DiscrTreeExt.initializeEnvExt._redArg._lam_2._boxed took 0.00565ms
interpretation of DiscrTreeExt.initializeEnvExt._redArg._lam_1 took 0.0105ms
interpretation of Inclusion.IntervalDyadicReal.lt_mem._inclusionExt_1 took 0.0272ms
interpretation of DiscrTreeExt.initializeEnvExt._redArg._lam_2._boxed took 0.00573ms
interpretation of DiscrTreeExt.initializeEnvExt._redArg._lam_1 took 0.0105ms
interpretation of Inclusion.IntervalDyadicReal.eq_mem._inclusionExt_1 took 0.0272ms
interpretation of DiscrTreeExt.initializeEnvExt._redArg._lam_2._boxed took 0.00542ms
interpretation of DiscrTreeExt.initializeEnvExt._redArg._lam_1 took 0.0103ms
interpretation of Inclusion.IntervalDyadicReal.mem_Ici._inclusionExt_1 took 0.027ms
interpretation of DiscrTreeExt.initializeEnvExt._redArg._lam_2._boxed took 0.00528ms
interpretation of DiscrTreeExt.initializeEnvExt._redArg._lam_1 took 0.0105ms
interpretation of Inclusion.IntervalDyadicReal.mem_Ioi._inclusionExt_1 took 0.0264ms
interpretation of DiscrTreeExt.initializeEnvExt._redArg._lam_2._boxed took 0.00544ms
interpretation of DiscrTreeExt.initializeEnvExt._redArg._lam_1 took 0.0466ms
interpretation of Inclusion.IntervalDyadicReal.mem_Iic._inclusionExt_1 took 0.034ms
interpretation of DiscrTreeExt.initializeEnvExt._redArg._lam_2._boxed took 0.0069ms
interpretation of DiscrTreeExt.initializeEnvExt._redArg._lam_1 took 0.0286ms
interpretation of Inclusion.IntervalDyadicReal.mem_Iio._inclusionExt_1 took 0.0285ms
interpretation of DiscrTreeExt.initializeEnvExt._redArg._lam_2._boxed took 0.00532ms
interpretation of DiscrTreeExt.initializeEnvExt._redArg._lam_1 took 0.0258ms
interpretation of Inclusion.IntervalDyadicReal.mem_Icc._inclusionExt_1 took 0.0393ms
interpretation of DiscrTreeExt.initializeEnvExt._redArg._lam_2._boxed took 0.00638ms
interpretation of DiscrTreeExt.initializeEnvExt._redArg._lam_1 took 0.0397ms
interpretation of Inclusion.IntervalDyadicReal.mem_Ico._inclusionExt_1 took 0.0381ms
interpretation of DiscrTreeExt.initializeEnvExt._redArg._lam_2._boxed took 0.00793ms
interpretation of DiscrTreeExt.initializeEnvExt._redArg._lam_1 took 0.0472ms
interpretation of Inclusion.IntervalDyadicReal.mem_Ioc._inclusionExt_1 took 0.0381ms
interpretation of DiscrTreeExt.initializeEnvExt._redArg._lam_2._boxed took 0.00801ms
interpretation of DiscrTreeExt.initializeEnvExt._redArg._lam_1 took 0.0363ms
interpretation of Inclusion.IntervalDyadicReal.mem_Ioo._inclusionExt_1 took 0.35ms
interpretation of DiscrTreeExt.initializeEnvExt._redArg._lam_2._boxed took 0.0189ms
interpretation of DiscrTreeExt.initializeEnvExt._redArg._lam_1 took 0.0427ms
interpretation of Inclusion.IntervalDyadicReal.ratCast_mem._inclusionExt_1 took 0.103ms
interpretation of DiscrTreeExt.initializeEnvExt._redArg._lam_2._boxed took 0.0167ms
interpretation of DiscrTreeExt.initializeEnvExt._redArg._lam_1 took 0.0168ms
interpretation of Inclusion.IntervalDyadicReal.scientific_mem._inclusionExt_1 took 0.0336ms
interpretation of DiscrTreeExt.initializeEnvExt._redArg._lam_2._boxed took 0.00585ms
interpretation of DiscrTreeExt.initializeEnvExt._redArg._lam_1 took 0.012ms
interpretation of DiscrTreeExt.initializeEnvExt._redArg._lam_0._boxed took 0.00133ms
interpretation of DiscrTreeExt.initializeEnvExt._redArg._lam_5._boxed took 0.00155ms
interpretation of Inclusion.IntervalDyadicReal.Iic_mem_of_le._hypothesisExt_1 took 0.0605ms
interpretation of DiscrTreeExt.initializeEnvExt._redArg._lam_2._boxed took 0.00829ms
interpretation of DiscrTreeExt.initializeEnvExt._redArg._lam_1 took 0.0121ms
interpretation of Inclusion.IntervalDyadicReal.Ici_mem_of_le._hypothesisExt_1 took 0.0348ms
interpretation of DiscrTreeExt.initializeEnvExt._redArg._lam_2._boxed took 0.00584ms
interpretation of DiscrTreeExt.initializeEnvExt._redArg._lam_1 took 0.0265ms
interpretation of Inclusion.IntervalDyadicReal.Iic_mem_of_lt._hypothesisExt_1 took 0.0295ms
interpretation of DiscrTreeExt.initializeEnvExt._redArg._lam_2._boxed took 0.00597ms
interpretation of DiscrTreeExt.initializeEnvExt._redArg._lam_1 took 0.0129ms
interpretation of Inclusion.IntervalDyadicReal.Ici_mem_of_lt._hypothesisExt_1 took 0.0285ms
interpretation of DiscrTreeExt.initializeEnvExt._redArg._lam_2._boxed took 0.00627ms
interpretation of DiscrTreeExt.initializeEnvExt._redArg._lam_1 took 0.0236ms
interpretation of Inclusion.IntervalDyadicReal.Ici_mem_of_mem_Ici._hypothesisExt_1 took 0.0703ms
interpretation of DiscrTreeExt.initializeEnvExt._redArg._lam_2._boxed took 0.681ms
interpretation of DiscrTreeExt.initializeEnvExt._redArg._lam_1 took 0.111ms
interpretation of Inclusion.IntervalDyadicReal.Ici_mem_of_mem_Ioi._hypothesisExt_1 took 0.039ms
interpretation of DiscrTreeExt.initializeEnvExt._redArg._lam_2._boxed took 0.0134ms
interpretation of DiscrTreeExt.initializeEnvExt._redArg._lam_1 took 0.0609ms
interpretation of Inclusion.IntervalDyadicReal.Iic_mem_of_mem_Iic._hypothesisExt_1 took 0.0369ms
interpretation of DiscrTreeExt.initializeEnvExt._redArg._lam_2._boxed took 0.00891ms
interpretation of DiscrTreeExt.initializeEnvExt._redArg._lam_1 took 0.0313ms
interpretation of Inclusion.IntervalDyadicReal.Iic_mem_of_mem_Iio._hypothesisExt_1 took 0.0336ms
interpretation of DiscrTreeExt.initializeEnvExt._redArg._lam_2._boxed took 0.0351ms
interpretation of DiscrTreeExt.initializeEnvExt._redArg._lam_1 took 0.0275ms
interpretation of Inclusion.IntervalDyadicReal.Icc_mem_of_mem_Ico._hypothesisExt_1 took 0.0404ms
interpretation of DiscrTreeExt.initializeEnvExt._redArg._lam_2._boxed took 0.00639ms
interpretation of DiscrTreeExt.initializeEnvExt._redArg._lam_1 took 0.0323ms
interpretation of Inclusion.IntervalDyadicReal.Icc_mem_of_mem_Ioc._hypothesisExt_1 took 0.0311ms
interpretation of DiscrTreeExt.initializeEnvExt._redArg._lam_2._boxed took 0.00751ms
interpretation of DiscrTreeExt.initializeEnvExt._redArg._lam_1 took 0.0255ms
interpretation of Inclusion.IntervalDyadicReal.Icc_mem_of_mem_Icc._hypothesisExt_1 took 0.0298ms
interpretation of DiscrTreeExt.initializeEnvExt._redArg._lam_2._boxed took 0.00694ms
interpretation of DiscrTreeExt.initializeEnvExt._redArg._lam_1 took 0.0279ms
interpretation of Inclusion.IntervalDyadicReal.Icc_mem_of_mem_Ioo._hypothesisExt_1 took 0.0296ms
interpretation of DiscrTreeExt.initializeEnvExt._redArg._lam_2._boxed took 0.00544ms
interpretation of DiscrTreeExt.initializeEnvExt._redArg._lam_1 took 0.0237ms
interpretation of DiscrTreeExt.initializeEnvExt._redArg._lam_0._boxed took 0.00152ms
interpretation of Aesop.Frontend.extensionDescr._lam_1._boxed took 0.00269ms
interpretation of Aesop.BaseRuleSet.add took 0.0353ms
interpretation of Aesop.BaseRuleSet.add took 0.0248ms
interpretation of Aesop.BaseRuleSet.add took 0.0164ms
interpretation of Aesop.BaseRuleSet.add took 0.0154ms
interpretation of Aesop.BaseRuleSet.add took 0.0137ms
interpretation of Aesop.BaseRuleSet.add took 0.0137ms
interpretation of Aesop.BaseRuleSet.add took 0.0138ms
interpretation of Aesop.BaseRuleSet.add took 0.0539ms
interpretation of Aesop.BaseRuleSet.add took 0.0144ms
interpretation of Aesop.BaseRuleSet.add took 0.0148ms
interpretation of Aesop.BaseRuleSet.add took 0.0143ms
interpretation of Aesop.BaseRuleSet.add took 0.0205ms
interpretation of Aesop.BaseRuleSet.add took 0.0614ms
interpretation of Aesop.BaseRuleSet.add took 0.018ms
interpretation of Aesop.BaseRuleSet.add took 0.0173ms
interpretation of Aesop.BaseRuleSet.add took 0.0188ms
interpretation of Aesop.BaseRuleSet.add took 0.0416ms
interpretation of Aesop.BaseRuleSet.add took 0.021ms
interpretation of Aesop.BaseRuleSet.add took 0.0198ms
interpretation of Aesop.BaseRuleSet.add took 0.0155ms
interpretation of Aesop.BaseRuleSet.add took 0.0163ms
interpretation of Aesop.BaseRuleSet.add took 0.0171ms
interpretation of Aesop.BaseRuleSet.add took 0.0178ms
interpretation of Aesop.BaseRuleSet.add took 0.0167ms
interpretation of Aesop.BaseRuleSet.add took 0.0161ms
interpretation of Aesop.BaseRuleSet.add took 0.0165ms
interpretation of Aesop.BaseRuleSet.add took 0.0164ms
interpretation of Aesop.BaseRuleSet.add took 0.0154ms
interpretation of Aesop.BaseRuleSet.add took 0.0152ms
interpretation of Aesop.Frontend.extensionDescr._lam_1._boxed took 0.0012ms
import took 3.93s
parsing took 0.0581ms
parsing took 0.0376ms
interpretation of _private.Mathlib.Tactic.Linter.Header.0.Mathlib.Linter.Style.Header.headerLinter._lam_1._boxed took 0.122ms
interpretation of _private.Mathlib.Tactic.Linter.AuxLemma.0.Mathlib.Linter.AuxLemma.auxLemmaLinter._lam_1._boxed took 0.187ms
interpretation of _private.Mathlib.Tactic.Linter.DeprecatedSyntaxLinter.0.Mathlib.Linter.Style.deprecatedSyntaxLinter._lam_1._boxed took 0.122ms
interpretation of _private.Mathlib.Tactic.Linter.DocPrime.0.Mathlib.Linter.DocPrime.docPrimeLinter._lam_3._boxed took 0.0347ms
interpretation of _private.Mathlib.Tactic.Linter.DocString.0.Mathlib.Linter.Style.docStringLinter._lam_0._boxed took 0.138ms
interpretation of _private.Mathlib.Tactic.Linter.DocString.0.Mathlib.Linter.Style.moduleDocVersoLinter._lam_0._boxed took 0.0151ms
interpretation of Mathlib.Linter.EmptyLine.emptyLineLinter._lam_2._boxed took 0.0271ms
interpretation of _private.Mathlib.Tactic.Linter.GlobalAttributeIn.0.Mathlib.Linter.globalAttributeInLinter.globalAttributeIn._lam_0._boxed took 0.429ms
interpretation of _private.Mathlib.Tactic.Linter.HashCommandLinter.0.Mathlib.Linter.HashCommandLinter.withSetOptionIn'._boxed took 0.0841ms
interpretation of Mathlib.Tactic.Linter.internalConstructor._lam_0._boxed took 2.22ms
interpretation of _private.Mathlib.Tactic.Linter.FlexibleLinter.0.Mathlib.Linter.Flexible.flexibleLinter._lam_0._boxed took 0.109ms
interpretation of _private.Mathlib.Tactic.Linter.Multigoal.0.Mathlib.Linter.Style.multiGoal.multiGoalLinter._lam_0._boxed took 0.0329ms
interpretation of _private.Mathlib.Tactic.Linter.OldObtain.0.Mathlib.Linter.Style.oldObtainLinter._lam_0._boxed took 0.584ms
interpretation of Mathlib.Linter.UnusedInstancesInType.withSetBoolOptionIn._boxed took 0.266ms
interpretation of Mathlib.Linter.UnusedInstancesInType.withSetBoolOptionIn._boxed took 0.0284ms
overlappingInstancesLinter took 0.122ms
interpretation of Mathlib.Linter.UnusedInstancesInType.withSetBoolOptionIn._boxed took 0.0719ms
interpretation of _private.Mathlib.Tactic.Linter.PrivateModule.0.Mathlib.Linter.privateModule._lam_1._boxed took 0.0333ms
interpretation of _private.Mathlib.Tactic.Linter.UnusedTactic.0.Mathlib.Linter.UnusedTactic.unusedTacticLinter._lam_0._boxed took 1.74ms
interpretation of _private.Mathlib.Tactic.Linter.Style.0.Mathlib.Linter.Style.setOption.setOptionLinter._lam_0._boxed took 0.0471ms
interpretation of _private.Mathlib.Tactic.Linter.Style.0.Mathlib.Linter.Style.missingEnd.missingEndLinter._lam_0._boxed took 0.05ms
interpretation of _private.Mathlib.Tactic.Linter.Style.0.Mathlib.Linter.Style.cdotLinter._lam_0._boxed took 0.0128ms
interpretation of _private.Mathlib.Tactic.Linter.Style.0.Mathlib.Linter.Style.dollarSyntax.dollarSyntaxLinter._lam_0._boxed took 0.0108ms
interpretation of _private.Mathlib.Tactic.Linter.Style.0.Mathlib.Linter.Style.lambdaSyntax.lambdaSyntaxLinter._lam_0._boxed took 0.00996ms
interpretation of _private.Mathlib.Tactic.Linter.Style.0.Mathlib.Linter.Style.longFile.longFileLinter._lam_0._boxed took 0.0232ms
interpretation of _private.Mathlib.Tactic.Linter.Style.0.Mathlib.Linter.Style.longLine.longLineLinter._lam_0._boxed took 0.011ms
interpretation of _private.Mathlib.Tactic.Linter.Style.0.Mathlib.Linter.Style.nameCheck.doubleUnderscore._lam_2._boxed took 0.162ms
interpretation of _private.Mathlib.Tactic.Linter.Style.0.Mathlib.Linter.Style.openClassical.openClassicalLinter._lam_0._boxed took 0.0117ms
interpretation of _private.Mathlib.Tactic.Linter.Whitespace.0.Mathlib.Linter.Style.Whitespace.whitespaceLinter._lam_4._boxed took 0.03ms
tacticAnalysis took 0.489ms
interpretation of Mathlib.TacticAnalysis.tacticAnalysis._lam_1._boxed took 0.0642ms
interpretation of _private.Mathlib.Tactic.Linter.Lint.0.Mathlib.Linter.DupNamespaceLinter.dupNamespace._lam_1._boxed took 0.175ms
interpretation of Batteries.Linter.UnreachableTactic.unreachableTacticLinter._lam_0._boxed took 0.275ms
interpretation of Batteries.Linter.UnnecessarySeqFocus.unnecessarySeqFocusLinter._lam_1._boxed took 0.224ms
interpretation of _private.Mathlib.Tactic.Linter.HaveLetLinter.0.Mathlib.Linter.haveLet.havparsing took 0.0649ms
eLetLinter._lam_0._boxed took 0.0248ms
interpretation of _private.Mathlib.Tactic.Linter.MinImports.0.Mathlib.Linter.MinImports.minImportsLinter._lam_2._boxed took 0.0451ms
interpretation of _private.Mathlib.Tactic.Linter.PPRoundtrip.0.Mathlib.Linter.PPRoundtrip.ppRoundtrip._lam_1._boxed took 0.03ms
interpretation of _private.Mathlib.Tactic.Linter.UpstreamableDecl.0.Mathlib.Linter.DoubleImports.upstreamableDeclLinter._lam_0._boxed took 0.0292ms
interpretation of Mathlib.Linter.CountHeartbeats.countHeartbeatsLinter._lam_1._boxed took 0.0269ms
interpretation of _private.Mathlib.Tactic.Linter.CommandRanges.0.Mathlib.Linter.CommandRanges.commandRangesLinter._lam_0._boxed took 0.0564ms
linting took 2.08ms
elaboration took 0.19ms
interpretation of _private.Mathlib.Tactic.Linter.Header.0.Mathlib.Linter.Style.Header.headerLinter._lam_1._boxed took 0.037ms
interpretation of _private.Mathlib.Tactic.Linter.AuxLemma.0.Mathlib.Linter.AuxLemma.auxLemmaLinter._lam_1._boxed took 0.0788ms
interpretation of _private.Mathlib.Tactic.Linter.DeprecatedSyntaxLinter.0.Mathlib.Linter.Style.deprecatedSyntaxLinter._lam_1._boxed took 0.0355ms
interpretation of _private.Mathlib.Tactic.Linter.DocPrime.0.Mathlib.Linter.DocPrime.docPrimeLinter._lam_3._boxed took 0.417ms
interpretation of _private.Mathlib.Tactic.Linter.DocString.0.Mathlib.Linter.Style.docStringLinter._lam_0._boxed took 0.0883ms
interpretation of _private.Mathlib.Tactic.Linter.DocString.0.Mathlib.Linter.Style.moduleDocVersoLinter._lam_0._boxed took 0.0114ms
interpretation of Mathlib.Linter.EmptyLine.emptyLineLinter._lam_2._boxed took 0.017ms
interpretation of _private.Mathlib.Tactic.Linter.GlobalAttributeIn.0.Mathlib.Linter.globalAttributeInLinter.globalAttributeIn._lam_0._boxed took 0.0521ms
interpretation of _private.Mathlib.Tactic.Linter.HashCommandLinter.0.Mathlib.Linter.HashCommandLinter.withSetOptionIn'._boxed took 0.0362ms
interpretation of Mathlib.Tactic.Linter.internalConstructor._lam_0._boxed took 1.23ms
interpretation of _private.Mathlib.Tactic.Linter.FlexibleLinter.0.Mathlib.Linter.Flexible.flexibleLinter._lam_0._boxed took 0.0253ms
interpretation of _private.Mathlib.Tactic.Linter.Multigoal.0.Mathlib.Linter.Style.multiGoal.multiGoalLinter._lam_0._boxed took 0.0166ms
interpretation of _private.Mathlib.Tactic.Linter.OldObtain.0.Mathlib.Linter.Style.oldObtainLinter._lam_0._boxed took 0.0134ms
interpretation of Mathlib.Linter.UnusedInstancesInType.withSetBoolOptionIn._boxed took 0.0368ms
interpretation of Mathlib.Linter.UnusedInstancesInType.withSetBoolOptionIn._boxed took 0.0143ms
overlappingInstancesLinter took 0.0422ms
interpretation of Mathlib.Linter.UnusedInstancesInType.withSetBoolOptionIn._boxed took 0.0379ms
interpretation of _private.Mathlib.Tactic.Linter.PrivateModule.0.Mathlib.Linter.privateModule._lam_1._boxed took 0.0146ms
interpretation of _private.Mathlib.Tactic.Linter.UnusedTactic.0.Mathlib.Linter.UnusedTactic.unusedTacticLinter._lam_0._boxed took 0.255ms
interpretation of _private.Mathlib.Tactic.Linter.Style.0.Mathlib.Linter.Style.setOption.setOptionLinter._lam_0._boxed took 0.0188ms
interpretation of _private.Mathlib.Tactic.Linter.Style.0.Mathlib.Linter.Style.missingEnd.missingEndLinter._lam_0._boxed took 0.024ms
interpretation of _private.Mathlib.Tactic.Linter.Style.0.Mathlib.Linter.Style.cdotLinter._lam_0._boxed took 0.00881ms
interpretation of _private.Mathlib.Tactic.Linter.Style.0.Mathlib.Linter.Style.dollarSyntax.dollarSyntaxLinter._lam_0._boxed took 0.00717ms
interpretation of _private.Mathlib.Tactic.Linter.Style.0.Mathlib.Linter.Style.lambdaSyntax.lambdaSyntaxLinter._lam_0._boxed took 0.00646ms
interpretation of _private.Mathlib.Tactic.Linter.Style.0.Mathlib.Linter.Style.longFile.longFileLinter._lam_0._boxed took 0.0101ms
interpretation of _private.Mathlib.Tactic.Linter.Style.0.Mathlib.Linter.Style.longLine.longLineLinter._lam_0._boxed took 0.00677ms
interpretation of _private.Mathlib.Tactic.Linter.Style.0.Mathlib.Linter.Style.nameCheck.doubleUnderscore._lam_2._boxed took 2.07ms
interpretation of _private.Mathlib.Tactic.Linter.Style.0.Mathlib.Linter.Style.parsing took 0.0316ms
openClassical.openClassicalLinter._lam_0._boxed took 0.0269ms
interpretation of _private.Mathlib.Tactic.Linter.Whitespace.0.Mathlib.Linter.Style.Whitespace.whitespaceLinter._lam_4._boxed took 0.0189ms
tacticAnalysis took 0.246ms
interpretation of Mathlib.TacticAnalysis.tacticAnalysis._lam_1._boxed took 0.026ms
interpretation of _private.Mathlib.Tactic.Linter.Lint.0.Mathlib.Linter.DupNamespaceLinter.dupNamespace._lam_1._boxed took 0.0562ms
interpretation of Batteries.Linter.UnreachableTactic.unreachableTacticLinter._lam_0._boxed took 0.637ms
interpretation of Batteries.Linter.UnnecessarySeqFocus.unnecessarySeqFocusLinter._lam_1._boxed took 0.119ms
interpretation of _private.Mathlib.Tactic.Linter.HaveLetLinter.0.Mathlib.Linter.haveLet.haveLetLinter._lam_0._boxed took 0.0156ms
interpretation of _private.Mathlib.Tactic.Linter.MinImports.0.Mathlib.Linter.MinImports.minImportsLinter._lam_2._boxed took 0.0211ms
interpretation of _private.Mathlib.Tactic.Linter.PPRoundtrip.0.Mathlib.Linter.PPRoundtrip.ppRoundtrip._lam_1._boxed took 0.0146ms
interpretation of _private.Mathlib.Tactic.Linter.UpstreamableDecl.0.Mathlib.Linter.DoubleImports.upstreamableDeclLinter._lam_0._boxed took 0.0156ms
interpretation of Mathlib.Linter.CountHeartbeats.countHeartbeatsLinter._lam_1._boxed took 0.0195ms
interpretation of _private.Mathlib.Tactic.Linter.CommandRanges.0.Mathlib.Linter.CommandRanges.commandRangesLinter._lam_0._boxed took 0.0997ms
linting took 0.31ms
elaboration took 0.87ms
interpretation of _private.Mathlib.Tactic.Linter.Header.0.Mathlib.Linter.Style.Header.headerLinter._lam_1._boxed took 0.0252ms
interpretation of _private.Mathlib.Tactic.Linter.AuxLemma.0.Mathlib.Linter.AuxLemma.auxLemmaLinter._lam_1._boxed took 0.0664ms
interpretation of _private.Mathlib.Tactic.Linter.DeprecatedSyntaxLinter.0.Mathlib.Linter.Style.deprecatedSyntaxLinter._lam_1._boxed took 0.0534ms
interpretation of _private.Mathlib.Tactic.Linter.DocPrime.0.Mathlib.Linter.DocPrime.docPrimeLinter._lam_3._boxed took 0.0164ms
interpretation of _private.Mathlib.Tactic.Linter.DocString.0.Mathlib.Linter.Style.docStringLinter._lam_0._boxed took 0.0818ms
interpretation of _private.Mathlib.Tactic.Linter.DocString.0.Mathlib.Linter.Style.moduleDocVersoLinter._lam_0._boxed took 0.0113ms
interpretation of Mathlib.Linter.EmptyLine.emptyLineLinter._lam_2._boxed took 0.015ms
interpretation of _private.Mathlib.Tactic.Linter.GlobalAttributeIn.0.Mathlib.Linter.globalAttributeInLinter.globalAttributeIn._lam_0._boxed took 0.0538ms
interpretation of _private.Mathlib.Tactic.Linter.HashCommandLinter.0.Mathlib.Linter.HashCommandLinter.withSetOptionIn'._boxed took 0.0329ms
interpretation of Mathlib.Tactic.Linter.internalConstructor._lam_0._boxed took 0.166ms
interpretation of _private.Mathlib.Tactic.Linter.FlexibleLinter.0.Mathlib.Linter.Flexible.flexibleLinter._lam_0._boxed took 0.0181ms
interpretation of _private.Mathlib.Tactic.Linter.Multigoal.0.Mathlib.Linter.Style.multiGoal.multiGoalLinter._lam_0._boxed took 0.0153ms
interpretation of _private.Mathlib.Tactic.Linter.OldObtain.0.Mathlib.Linter.Style.oldObtainLinter._lam_0._boxed took 0.013ms
interpretation of Mathlib.Linter.UnusedInstancesInType.withSetBoolOptionIn._boxed took 0.0302ms
interpretation of Mathlib.Linter.UnusedInstancesInType.withSetBoolOptionIn._boxed took 0.0152ms
overlappingInstancesLinter took 0.063ms
interpretation of Mathlib.Linter.UnusedInstancesInType.withSetBoolOptionIn._boxed took 0.0368ms
interpretation of _private.Mathlib.Tactic.Linter.PrivateModule.0.Mathlib.Linter.privateModule._lam_1._boxed took 0.014ms
interpretation of _private.Mathlib.Tactic.Linter.UnusedTactic.0.Mathlib.Linter.UnusedTactic.unusedTacticLinter._lam_0._boxed took 0.267ms
interpretation of _private.Mathlib.Tactic.Linter.Style.0.Mathlib.Linter.Style.setOption.setOptionLinter._lam_0._boxed took 0.016ms
interpretation of _private.Mathlib.Tactic.Linter.Style.0.Mathlib.Linter.Style.missingEnd.missingEndLinter._lam_0._boxed took 0.0208ms
interpretation of _private.Mathlib.Tactic.Linter.Style.0.Mathlib.Linter.Style.cdotLinter._lam_0._boxed took 0.00891ms
interpretation of _private.Mathlib.Tactic.Linter.Style.0.Mathlib.Linter.Style.dollarSyntax.dollarSyntaxLinter._lam_0._boxed took 0.00777ms
interpretation of _private.Mathlib.Tactic.Linter.Style.0.Mathlib.Linter.Style.lambdaSyntax.lambdaSyntaxLinter._lam_0._boxed took 0.00608ms
interpretation of _private.Mathlib.Tactic.Linter.Style.0.Mathlib.Linter.Style.longFile.longFileLinter._lam_0._boxed took 0.00871ms
interpretation of _private.Mathlib.Tactic.Linter.Style.0.Mathlib.Linter.Style.longLine.longLineLinter._lam_0._boxed took 0.00643ms
interpretation of _private.Mathlib.Tactic.Linter.Style.0.Mathlib.Linter.Style.nameCheck.doubleUnderscore._lam_2._boxed took 0.655ms
interpretation of _private.Mathlib.Tactic.Linter.Style.0.Mathlib.Linter.Style.openClassical.openClassicalLinter._lam_0._boxed took 0.0135ms
interpretation of _private.Mathlib.Tactic.Linter.Whitespace.0.Mathlib.Linter.Style.Whitespace.whitespaceLinter._lam_4._boxed took 0.0142ms
tacticAnalysis took 0.191ms
interpretation of Mathlib.TacticAnalysis.tacticAnalysis._lam_1._boxed took 0.0201ms
interpretation of _private.Mathlib.Tactic.Linter.Lint.0.Mathlib.Linter.DupNamespaceLinter.dupNamespace._lam_1._boxed took 0.305ms
interpretation of Batteries.Linter.UnreachableTactic.unreachableTacticLinter._lam_0._boxed took 0.141ms
interpretation of Batteries.Linter.UnnecessarySeqFocus.unnecessarySeqFocusLinter._lam_1._boxed took 0.099ms
interpretation of _private.Mathlib.Tactic.Linter.HaveLetLinter.0.Mathlib.Linter.haveLet.haveLetLinter._lam_0._boxed took 0.012ms
interpretation of _private.Mathlib.Tactic.Linter.MinImports.0.Mathlib.Linter.MinImports.minImportsLinter._lam_2._boxed took 0.0174ms
interpretation of _private.Mathlib.Tactic.Linter.PPRoundtrip.0.Mathlib.Linter.PPRoundtrip.ppRoundtrip._lam_1._boxed took 0.012ms
interpretation of _private.Mathlib.Tactic.Linter.UpstreamableDecl.0.Mathlib.Linter.DoubleImports.upstreamableDeclLinter._lam_0._boxed took 0.0127ms
interpretation of Mathlib.Linter.CountHeartbeats.countHeartbeatsLinter._lam_1._boxed took 0.0112ms
interpretation of _private.Mathlib.Tactic.Linter.CommandRanges.0.Mathlib.Linter.CommandRanges.commandRangesLinter._lam_0._boxed took 0.00989ms
linting took 1.45ms
elaboration took 0.298ms
interpretation of _private.Mathlib.Tactic.Linter.Header.0.Mathlib.Linter.Style.Header.headerLinter._lam_1._boxed took 0.0309ms
interpretation of _private.Mathlib.Tactic.Linter.AuxLemma.0.Mathlib.Linter.AuxLemma.auxLemmaLinter._lam_1._boxed took 0.0577ms
interpretation of _private.Mathlib.Tactic.Linter.DeprecatedSyntaxLinter.0.Mathlib.Linter.Style.deprecatedSyntaxLinter._lam_1._boxed took 0.0205ms
interpretation of _private.Mathlib.Tactic.Linter.DocPrime.0.Mathlib.Linter.DocPrime.docPrimeLinter._lam_3._boxed took 0.0106ms
interpretation of _private.Mathlib.Tactic.Linter.DocString.0.Mathlib.Linter.Style.docStringLinter._lam_0._boxed took 0.0579ms
interpretation of _private.Mathlib.Tactic.Linter.DocString.0.Mathlib.Linter.Style.moduleDocVersoLinter._lam_0._boxed took 0.00936ms
interpretation of Mathlib.Linter.EmptyLine.emptyLineLinter._lam_2._boxed took 0.0103ms
interpretation of _private.Mathlib.Tactic.Linter.GlobalAttributeIn.0.Mathlib.Linter.globalAttributeInLinter.globalAttributeIn._lam_0._boxed took 0.0411ms
interpretation of _private.Mathlib.Tactic.Linter.HashCommandLinter.0.Mathlib.Linter.HashCommandLinter.withSetOptionIn'._boxed took 0.0249ms
interpretation of Mathlib.Tactic.Linter.internalConstructor._lam_0._boxed took 0.0325ms
interpretation of _private.Mathlib.Tactic.Linter.FlexibleLinter.0.Mathlib.Linter.Flexible.flexibleLinter._lam_0._boxed took 0.0142ms
interpretation of _private.Mathlib.Tactic.Linter.Multigoal.0.Mathlib.Linter.Style.multiGoal.multiGoalLinter._lam_0._boxed took 0.0119ms
interpretation of _private.Mathlib.Tactic.Linter.OldObtain.0.Mathlib.Linter.Style.oldObtainLinter._lam_0._boxed took 0.011ms
interpretation of Mathlib.Linter.UnusedInstancesInType.withSetBoolOptionIn._boxed took 0.025ms
interpretation of Mathlib.Linter.UnusedInstancesInType.withSetBoolOptionIn._boxed took 0.0134ms
overlappingInstancesLinterparsing took 1.34ms
parsing took 0.0945ms
 took 0.0313ms
interpretation of Mathlib.Linter.UnusedInstancesInType.withSetBoolOptionIn._boxed took 0.0289ms
interpretation of _private.Mathlib.Tactic.Linter.PrivateModule.0.Mathlib.Linter.privateModule._lam_1._boxed took 0.0116ms
interpretation of _private.Mathlib.Tactic.Linter.UnusedTactic.0.Mathlib.Linter.UnusedTactic.unusedTacticLinter._lam_0._boxed took 0.426ms
interpretation of _private.Mathlib.Tactic.Linter.Style.0.Mathlib.Linter.Style.setOption.setOptionLinter._lam_0._boxed took 0.0139ms
interpretation of _private.Mathlib.Tactic.Linter.Style.0.Mathlib.Linter.Style.missingEnd.missingEndLinter._lam_0._boxed took 0.0179ms
interpretation of _private.Mathlib.Tactic.Linter.Style.0.Mathlib.Linter.Style.cdotLinter._lam_0._boxed took 0.00741ms
interpretation of _private.Mathlib.Tactic.Linter.Style.0.Mathlib.Linter.Style.dollarSyntax.dollarSyntaxLinter._lam_0._boxed took 0.00616ms
interpretation of _private.Mathlib.Tactic.Linter.Style.0.Mathlib.Linter.Style.lambdaSyntax.lambdaSyntaxLinter._lam_0._boxed took 0.00646ms
interpretation of _private.Mathlib.Tactic.Linter.Style.0.Mathlib.Linter.Style.longFile.longFileLinter._lam_0._boxed took 0.00803ms
interpretation of _private.Mathlib.Tactic.Linter.Style.0.Mathlib.Linter.Style.longLine.longLineLinter._lam_0._boxed took 0.00606ms
interpretation of _private.Mathlib.Tactic.Linter.Style.0.Mathlib.Linter.Style.nameCheck.doubleUnderscore._lam_2._boxed took 0.0647ms
interpretation of _private.Mathlib.Tactic.Linter.Style.0.Mathlib.Linter.Style.openClassical.openClassicalLinter._lam_0._boxed took 0.00647ms
interpretation of _private.Mathlib.Tactic.Linter.Whitespace.0.Mathlib.Linter.Style.Whitespace.whitespaceLinter._lam_4._boxed took 0.0107ms
tacticAnalysis took 0.147ms
interpretation of Mathlib.TacticAnalysis.tacticAnalysis._lam_1._boxed took 0.0145ms
interpretation of _private.Mathlib.Tactic.Linter.Lint.0.Mathlib.Linter.DupNamespaceLinter.dupNamespace._lam_1._boxed took 0.0976ms
interpretation of Batteries.Linter.UnreachableTactic.unreachableTacticLinter._lam_0._boxed took 0.0932ms
interpretation of Batteries.Linter.UnnecessarySeqFocus.unnecessarySeqFocusLinter._lam_1._boxed took 0.0864ms
interpretation of _private.Mathlib.Tactic.Linter.HaveLetLinter.0.Mathlib.Linter.haveLet.haveLetLinter._lam_0._boxed took 0.00885ms
interpretation of _private.Mathlib.Tactic.Linter.MinImports.0.Mathlib.Linter.MinImports.minImportsLinter._lam_2._boxed took 0.0138ms
interpretation of _private.Mathlib.Tactic.Linter.PPRoundtrip.0.Mathlib.Linter.PPRoundtrip.ppRoundtrip._lam_1._boxed took 0.00915ms
interpretation of _private.Mathlib.Tactic.Linter.UpstreamableDecl.0.Mathlib.Linter.DoubleImports.upstreamableDeclLinter._lam_0._boxed took 0.00995ms
interpretation of Mathlib.Linter.CountHeartbeats.countHeartbeatsLinter._lam_1._boxed took 0.00975ms
interpretation of _private.Mathlib.Tactic.Linter.CommandRanges.0.Mathlib.Linter.CommandRanges.commandRangesLinter._lam_0._boxed took 0.00874ms
linting took 0.177ms
elaboration took 0.176ms
typeclass inference of Field took 0.236ms
typeclass inference of Field took 0.0246ms
typeclass inference of CategoryTheory.Category took 0.447ms
typeclass inference of CategoryTheory.Limits.HasZeroObject took 0.117ms
typeclass inference of CategoryTheory.Limits.HasZeroMorphisms took 0.0645ms
typeclass inference of CategoryTheory.Category took 0.392ms
typeclass inference of CategoryTheory.Limits.HasZeroObject took 2.09ms
typeclass inference of CategoryTheory.Limits.HasZeroMorphisms took 1.05ms
typeclass inference of CategoryTheory.Category took 0.222ms
typeclass inference of CategoryTheory.Category took 0.226ms
typeclass inference of CategoryTheory.Limits.HasZeroObject took 0.00702ms
typeclass inference of CategoryTheory.Limits.HasZeroMorphisms took 0.0247ms
typeclass inference of CategoryTheory.Category took 0.0333ms
typeclass inference of CategoryTheory.Limits.HasZeroMorphisms took 0.0259ms
typeclass inference of OfNat took 0.122ms
typeclass inference of CategoryTheory.Category took 0.434ms
typeclass inference of OfNat took 0.205ms
typeclass inference of OfNat took 0.0653ms
typeclass inference of LT took 0.149ms
typeclass inference of LT took 0.842ms
typeclass inference of OfNat took 0.123ms
typeclass inference of LT took 0.0761ms
typeclass inference of Field took 0.0665ms
typeclass inference of CategoryTheory.Category took 0.274ms
typeclass inference of CategoryTheory.Limits.HasZeroObject took 1ms
typeclass inference of CategoryTheory.Limits.HasZeroMorphisms took 0.675ms
typeclass inference of CategoryTheory.Category took 0.029ms
typeclass inference of CategoryTheory.Limits.HasZeroMorphisms took 0.0259ms
typeclass inference of OfNat took 0.151ms
typeclass inference of OfNat took 0.0557ms
typeclass inference of LT took 0.128ms
typeclass inference of LT took 0.0579ms
typeclass inference of OfNat took 0.0576ms
typeclass inference of LT took 0.052ms
typeclass inference of CategoryTheory.Category took 0.346ms
typeclass inference of CategoryTheory.Abelian took 0.127ms
typeclass inference of CategoryTheory.HasExt took 3.87ms
typeclass inference of Field took 0.0148ms
typeclass inference of CategoryTheory.Category took 0.251ms
typeclass inference of CategoryTheory.Abelian took 0.215ms
typeclass inference took 0.168ms
typeclass inference of CategoryTheory.HasExt took 3.12ms
typeclass inference of OfNat took 0.126ms
typeclass inference of OfNat took 0.0541ms
typeclass inference of OfNat took 10.6ms
typeclass inference of OfNat took 0.121ms
typeclass inference of LT took 0.0438ms
typeclass inference of OfNat took 0.0537ms
typeclass inference of LT took 0.00487ms
interpretation of _private.Mathlib.Tactic.Linter.Header.0.Mathlib.Linter.Style.Header.headerLinter._lam_1._boxed took 0.292ms
interpretation of _private.Mathlib.Tactic.Linter.AuxLemma.0.Mathlib.Linter.AuxLemma.auxLemmaLinter._lam_1._boxed took 0.168ms
interpretation of _private.Mathlib.Tactic.Linter.DeprecatedSyntaxLinter.0.Mathlib.Linter.Style.deprecatedSyntaxLinter._lam_1._boxed took 0.0314ms
interpretation of _private.Mathlib.Tactic.Linter.DocPrime.0.Mathlib.Linter.DocPrime.docPrimeLinter._lam_3._boxed took 0.0165ms
interpretation of _private.Mathlib.Tactic.Linter.DocString.0.Mathlib.Linter.Style.docStringLinter._lam_0._boxed took 0.199ms
interpretation of _private.Mathlib.Tactic.Linter.DocString.0.Mathlib.Linter.Style.moduleDocVersoLinter._lam_0._boxed took 0.0316ms
interpretation of Mathlib.Linter.EmptyLine.emptyLineLinter._lam_2._boxed took 0.0205ms
interpretation of _private.Mathlib.Tactic.Linter.GlobalAttributeIn.0.Mathlib.Linter.globalAttributeInLinter.globalAttributeIn._lam_0._boxed took 0.297ms
interpretation of _private.Mathlib.Tactic.Linter.HashCommandLinter.0.Mathlib.Linter.HashCommandLinter.withSetOptionIn'._boxed took 0.041ms
interpretation of Mathlib.Tactic.Linter.internalConstructor._lam_0._boxed took 0.125ms
interpretation of _private.Mathlib.Tactic.Linter.FlexibleLinter.0.Mathlib.Linter.Flexible.flexibleLinter._lam_0._boxed took 0.0213ms
interpretation of _private.Mathlib.Tactic.Linter.Multigoal.0.Mathlib.Linter.Style.multiGoal.multiGoalLinter._lam_0._boxed took 0.0193ms
interpretation of _private.Mathlib.Tactic.Linter.OldObtain.0.Mathlib.Linter.Style.oldObtainLinter._lam_0._boxed took 0.0137ms
interpretation of Mathlib.Linter.UnusedInstancesInType.withSetBoolOptionIn._boxed took 0.0366ms
interpretation of Mathlib.Linter.UnusedInstancesInType.withSetBoolOptionIn._boxed took 0.0146ms
overlappingInstancesLinter took 0.0561ms
interpretation of Mathlib.Linter.UnusedInstancesInType.withSetBoolOptionIn._boxed took 0.0401ms
interpretation of _private.Mathlib.Tactic.Linter.PrivateModule.0.Mathlib.Linter.privateModule._lam_1._boxed took 0.0158ms
interpretation of _private.Mathlib.Tactic.Linter.UnusedTactic.0.Mathlib.Linter.UnusedTactic.unusedTacticLinter._lam_0._boxed took 0.617ms
interpretation of _private.Mathlib.Tactic.Linter.Style.0.Mathlib.Linter.Style.setOption.setOptionLinter._lam_0._boxed took 0.0203ms
interpretation of _private.Mathlib.Tactic.Linter.Style.0.Mathlib.Linter.Style.missingEnd.missingEndLinter._lam_0._boxed took 0.0226ms
interpretation of _private.Mathlib.Tactic.Linter.Style.0.Mathlib.Linter.Style.cdotLinter._lam_0._boxed took 0.00896ms
interpretation of _private.Mathlib.Tactic.Linter.Style.0.Mathlib.Linter.Style.dollarSyntax.dollarSyntaxLinter._lam_0._boxed took 0.00727ms
interpretation of _private.Mathlib.Tactic.Linter.Style.0.Mathlib.Linter.Style.lambdaSyntax.lambdaSyntaxLinter._lam_0._boxed took 0.00703ms
interpretation of _private.Mathlib.Tactic.Linter.Style.0.Mathlib.Linter.Style.longFile.longFileLinter._lam_0._boxed took 0.0111ms
interpretation of _private.Mathlib.Tactic.Linter.Style.0.Mathlib.Linter.Style.longLine.longLineLinter._lam_0._boxed took 0.0071ms
interpretation of _private.Mathlib.Tactic.Linter.Style.0.Mathlib.Linter.Style.nameCheck.doubleUnderscore._lam_2._boxed took 0.966ms
interpretation of _private.Mathlib.Tactic.Linter.Style.0.Mathlib.Linter.Style.openClassical.openClassicalLinter._lam_0._boxed took 0.024ms
interpretation of _private.Mathlib.Tactic.Linter.Whitespace.0.Mathlib.Linter.Style.Whitespace.whitespaceLinter._lam_4._boxed took 0.0185ms
tacticAnalysis took 1.61ms
interpretation of Mathlib.TacticAnalysis.tacticAnalysis._lam_1._boxed took 0.0395ms
interpretation of _private.Mathlib.Tactic.Linter.Lint.0.Mathlib.Linter.DupNamespaceLinter.dupNamespace._lam_1._boxed took 0.12ms
interpretation of Batteries.Linter.UnreachableTactic.unreachableTacticLinter._lam_0._boxed took 0.97ms
interpretation of Batteries.Linter.UnnecessarySeqFocus.unnecessarySeqFocusLinter._lam_1._boxed took 0.347ms
interpretation of _private.Mathlib.Tactic.Linter.HaveLetLinter.0.Mathlib.Linter.haveLet.haveLetLinter._lam_0._boxed took 0.016ms
interpretation of _private.Mathlib.Tactic.Linter.MinImports.0.Mathlib.Linter.MinImports.minImportsLinter._lam_2._boxed took 0.022ms
interpretation of _private.Mathlib.Tactic.Linter.PPRoundtrip.0.Mathlib.Linter.PPRoundtrip.ppRoundtrip._lam_1._boxed took 0.0143ms
interpretation of _private.Mathlib.Tactic.Linter.UpstreamableDecl.0.Mathlib.Linter.DoubleImports.upstreamableDeclLinter._lam_0._boxed took 0.0159ms
interpretation of Mathlib.Linter.CountHeartbeats.countHeartbeatsLinter._lam_1._boxed took 0.0192ms
interpretation of _private.Mathlib.Tactic.Linter.CommandRanges.0.Mathlib.Linter.CommandRanges.commandRangesLinter._lam_0._boxed took 0.014ms
linting took 1.21ms
elaboration took 13.3ms
attribute application took 0.0243ms
attribute application took 0.00892ms
attribute application took 0.00574ms
attribute application took 0.00475ms
interpretation of _private.Mathlib.Tactic.Linter.Header.0.Mathlib.Linter.Style.Header.headerLinter._lam_1._boxed took 0.11ms
interpretation of _private.Mathlib.Tactic.Linter.AuxLemma.0.Mathlib.Linter.AuxLemma.auxLemmaLinter._lam_1._boxed took 0.12ms
interpretation of _private.Mathlib.Tactic.Linter.DeprecatedSyntaxLinter.0.Mathlib.Linter.Style.deprecatedSyntaxLinter._lam_1._boxed took 0.0282ms
interpretation of _private.Mathlib.Tactic.Linter.DocPrime.0.Mathlib.Linter.DocPrime.docPrimeLinter._lam_3._boxed took 0.0134ms
interpretation of _private.Mathlib.Tactic.Linter.DocString.0.Mathlib.Linter.Style.docStringLinter._lam_0._boxed took 0.0777ms
interpretation of _private.Mathlib.Tactic.Linter.DocString.0.Mathlib.Linter.Style.moduleDocVersoLinter._lam_0._boxed took 0.00927ms
interpretation of Mathlib.Linter.EmptyLine.emptyLineLinter._lam_2._boxed took 0.0133ms
interpretation of _private.Mathlib.Tactic.Linter.GlobalAttributeIn.0.Mathlib.Linter.globalAttributeInLinter.globalAttributeIn._lam_0._boxed took 0.0636ms
interpretation of _private.Mathlib.Tactic.Linter.HashCommandLinter.0.Mathlib.Linter.HashCommandLinter.withSetOptionIn'._boxed took 0.0327ms
interpretation of Mathlib.Tactic.Linter.internalConstructor._lam_0._boxed took 0.0565ms
interpretation of _private.Mathlib.Tactic.Linter.FlexibleLinter.0.Mathlib.Linter.Flexible.flexibleLinter._lam_0._boxed took 0.0184ms
interpretation of _private.Mathlib.Tactic.Linter.Multigoal.0.Mathlib.Linter.Style.multiGoal.multiGoalLinter._lam_0._boxed took 0.0154ms
interpretation of _private.Mathlib.Tactic.Linter.OldObtain.0.Mathlib.Linter.Style.oldObtainLinter._lam_0._boxed took 0.014ms
interpretation of Mathlib.Linter.UnusedInstancesInType.withSetparsing took 3.97ms
parsing took 0.349ms
BoolOptionIn._boxed took 0.0325ms
interpretation of Mathlib.Linter.UnusedInstancesInType.withSetBoolOptionIn._boxed took 0.0145ms
overlappingInstancesLinter took 0.0425ms
interpretation of Mathlib.Linter.UnusedInstancesInType.withSetBoolOptionIn._boxed took 0.0356ms
interpretation of _private.Mathlib.Tactic.Linter.PrivateModule.0.Mathlib.Linter.privateModule._lam_1._boxed took 0.0146ms
interpretation of _private.Mathlib.Tactic.Linter.UnusedTactic.0.Mathlib.Linter.UnusedTactic.unusedTacticLinter._lam_0._boxed took 0.302ms
interpretation of _private.Mathlib.Tactic.Linter.Style.0.Mathlib.Linter.Style.setOption.setOptionLinter._lam_0._boxed took 0.0151ms
interpretation of _private.Mathlib.Tactic.Linter.Style.0.Mathlib.Linter.Style.missingEnd.missingEndLinter._lam_0._boxed took 0.0196ms
interpretation of _private.Mathlib.Tactic.Linter.Style.0.Mathlib.Linter.Style.cdotLinter._lam_0._boxed took 0.00785ms
interpretation of _private.Mathlib.Tactic.Linter.Style.0.Mathlib.Linter.Style.dollarSyntax.dollarSyntaxLinter._lam_0._boxed took 0.00693ms
interpretation of _private.Mathlib.Tactic.Linter.Style.0.Mathlib.Linter.Style.lambdaSyntax.lambdaSyntaxLinter._lam_0._boxed took 0.00707ms
interpretation of _private.Mathlib.Tactic.Linter.Style.0.Mathlib.Linter.Style.longFile.longFileLinter._lam_0._boxed took 0.0448ms
interpretation of _private.Mathlib.Tactic.Linter.Style.0.Mathlib.Linter.Style.longLine.longLineLinter._lam_0._boxed took 0.00762ms
interpretation of _private.Mathlib.Tactic.Linter.Style.0.Mathlib.Linter.Style.nameCheck.doubleUnderscore._lam_2._boxed took 0.0758ms
interpretation of _private.Mathlib.Tactic.Linter.Style.0.Mathlib.Linter.Style.openClassical.openClassicalLinter._lam_0._boxed took 0.00732ms
interpretation of _private.Mathlib.Tactic.Linter.Whitespace.0.Mathlib.Linter.Style.Whitespace.whitespaceLinter._lam_4._boxed took 0.0558ms
tacticAnalysis took 0.271ms
interpretation of Mathlib.TacticAnalysis.tacticAnalysis._lam_1._boxed took 0.0225ms
interpretation of _private.Mathlib.Tactic.Linter.Lint.0.Mathlib.Linter.DupNamespaceLinter.dupNamespace._lam_1._boxed took 0.0468ms
interpretation of Batteries.Linter.UnreachableTactic.unreachableTacticLinter._lam_0._boxed took 0.155ms
interpretation of Batteries.Linter.UnnecessarySeqFocus.unnecessarySeqFocusLinter._lam_1._boxed took 0.128ms
interpretation of _private.Mathlib.Tactic.Linter.HaveLetLinter.0.Mathlib.Linter.haveLet.haveLetLinter._lam_0._boxed took 0.0118ms
interpretation of _private.Mathlib.Tactic.Linter.MinImports.0.Mathlib.Linter.MinImports.minImportsLinter._lam_2._boxed took 0.0182ms
interpretation of _private.Mathlib.Tactic.Linter.PPRoundtrip.0.Mathlib.Linter.PPRoundtrip.ppRoundtrip._lam_1._boxed took 0.0136ms
interpretation of _private.Mathlib.Tactic.Linter.UpstreamableDecl.0.Mathlib.Linter.DoubleImports.upstreamableDeclLinter._lam_0._boxed took 0.0147ms
interpretation of Mathlib.Linter.CountHeartbeats.countHeartbeatsLinter._lam_1._boxed took 0.0148ms
interpretation of _private.Mathlib.Tactic.Linter.CommandRanges.0.Mathlib.Linter.CommandRanges.commandRangesLinter._lam_0._boxed took 0.0119ms
linting took 0.224ms
elaboration took 0.402ms
work/lean-upgrade/right-resolution-ext-bidual-cached-kernel-counters-01/ASGinzburg/RightResolutionExtBidual.lean:25:2: warning: Try this: 
  letI̵

The goal is a proposition, so `let` is preferred over `letI`.
The difference between `let` and `letI` is that `letI` inlines the value.
But this is not relevant for proofs because of proof irrelevance.

Note: This linter can be disabled with `set_option linter.style.haveILetI false`
work/lean-upgrade/right-resolution-ext-bidual-cached-kernel-counters-01/ASGinzburg/RightResolutionExtBidual.lean:26:2: warning: Try this: 
  letI̵

The goal is a proposition, so `let` is preferred over `letI`.
The difference between `let` and `letI` is that `letI` inlines the value.
But this is not relevant for proofs because of proof irrelevance.

Note: This linter can be disabled with `set_option linter.style.haveILetI false`
[theorem] ASGinzburg.ZAlgebra.rightResolutionBidualTopProjection_exact
  [size] 2339
  [occs] HomologicalComplex.X ↦ 34
[diag] Diagnostics
  [reduction] unfolded declarations (max: 660, num: 33):
    [reduction] InducedCategory.homEquiv ↦ 660
    [reduction] Quiver.Hom ↦ 619
    [reduction] ConcreteCategory.hom ↦ 576
    [reduction] SMul.smul ↦ 288
    [reduction] HSMul.hSMul ↦ 264
    [reduction] OfNat.ofNat ↦ 221
    [reduction] Decidable.rec ↦ 174
    [reduction] CategoryStruct.comp ↦ 172
    [reduction] Classical.indefiniteDescription ↦ 167
    [reduction] HomologicalComplex.single ↦ 167
    [reduction] Zero.zero ↦ 166
    [reduction] Nat.rec ↦ 123
    [reduction] rightResolutionBidualTermIso ↦ 118
    [reduction] Classical.choose ↦ 117
    [reduction] asIso ↦ 116
    [reduction] inv ↦ 116
    [reduction] DFunLike.coe ↦ 114
    [reduction] LT.lt ↦ 94
    [reduction] InducedCategory.homAddEquiv ↦ 84
    [reduction] Add.add ↦ 67
    [reduction] HAdd.hAdd ↦ 67
    [reduction] HSub.hSub ↦ 60
    [reduction] NSMul.nsmul ↦ 60
    [reduction] Neg.neg ↦ 60
    [reduction] Sub.sub ↦ 60
    [reduction] ZSMul.zsmul ↦ 60
    [reduction] CategoryStruct.id ↦ 57
    [reduction] EIO ↦ 42
    [reduction] EST ↦ 42
    [reduction] rightResolutionDualFourTerm ↦ 35
    [reduction] FourTermProjectiveResolution.term ↦ 33
    [reduction] Bool.rec ↦ 32
    [reduction] FourTermProjectiveResolution.complex ↦ 29
  [reduction] unfolded reducible declarations (max: 3866, num: 55):
    [reduction] ObjectProperty.FullSubcategory.obj ↦ 3866
    [reduction] ProjectiveResolution.complex ↦ 3583
    [reduction] HomologicalComplex.X ↦ 3336
    [reduction] Functor.obj ↦ 3247
    [reduction] Opposite.unop ↦ 2450
    [reduction] ModuleCat.isAddCommGroup ↦ 1354
    [reduction] Equiv.toFun ↦ 1152
    [reduction] NatTrans.app ↦ 977
    [reduction] InducedCategory.Hom.hom ↦ 887
    [reduction] ModuleCat.Hom.hom' ↦ 715
    [reduction] ModuleCat.carrier ↦ 594
    [reduction] ModuleCat.Hom.hom ↦ 576
    [reduction] RightModule ↦ 557
    [reduction] LinearMap.toAddHom ↦ 489
    [reduction] ChainComplex.single₀ ↦ 386
    [reduction] ProjectiveResolution.π ↦ 356
    [reduction] HomologicalComplex.Hom.f ↦ 295
    [reduction] ShortComplex.X₂ ↦ 291
    [reduction] Lean.Elab.Tactic.TacticM ↦ 264
    [reduction] Iso.hom ↦ 258
    [reduction] LeftModule ↦ 241
    [reduction] ObjectProperty ↦ 189
    [reduction] inferInstance ↦ 177
    [reduction] Function.Injective.addCommGroup ↦ 175
    [reduction] Function.Injective.addGroup ↦ 175
    [reduction] Function.Injective.subNegMonoid ↦ 175
    [reduction] Decidable.casesOn ↦ 174
    [reduction] AddEquiv.toEquiv ↦ 168
    [reduction] Lean.Elab.TermElabM ↦ 162
    [reduction] Lean.CoreM ↦ 150
    [reduction] Lean.MetaM ↦ 150
    [reduction] ModuleCat.isModule ↦ 146
    [reduction] ShortComplex.g ↦ 139
    [reduction] ChainComplex ↦ 135
    [reduction] Nat.casesOn ↦ 123
    [reduction] Subtype.val ↦ 117
    [reduction] Iso.inv ↦ 116
    [reduction] AddHom.toFun ↦ 115
    [reduction] ShortComplex.X₃ ↦ 110
    [reduction] Function.Injective.addMonoid ↦ 103
    [reduction] Equiv.invFun ↦ 84
    [reduction] semiOutParam ↦ 75
    [reduction] HomologicalComplex.d ↦ 75
    [reduction] Equiv.addCommGroup ↦ 72
    [reduction] FunLike ↦ 45
    [reduction] Function.Injective.addZeroClass ↦ 43
    [reduction] IO ↦ 42
    [reduction] Unit ↦ 40
    [reduction] Equiv.smul ↦ 36
    [reduction] Function.Injective.addSemigroup ↦ 36
    [reduction] Bool.casesOn ↦ 32
    [reduction] CochainComplex.singleFunctor ↦ 32
    [reduction] CochainComplex.singleFunctors ↦ 32
    [reduction] SingleFunctors.functor ↦ 32
    [reduction] ChainComplex.of ↦ 29
  [type_class] used instances (max: 42, num: 3):
    [type_class] instMonadLiftT ↦ 42
    [type_class] instMonadLiftTOfMonadLift ↦ 36
    [type_class] ObjectProperty.FullSubcategory.category ↦ 29
  [def_eq] heuristic for solving `f a =?= f b` (max: 42, num: 7):
    [def_eq] InducedCategory.homMk ↦ 42
    [def_eq] instHAdd ↦ 35
    [def_eq] ObjectProperty.FullSubcategory.category ↦ 34
    [def_eq] Quiver.Hom ↦ 32
    [def_eq] rightFiniteProjectiveProperty ↦ 32
    [def_eq] StateRefT' ↦ 30
    [def_eq] ObjectProperty.FullSubcategory.category._aux_1 ↦ 30
  [reduction] Axioms (possibly imported non-exposed defs) that were tried to be unfolded (max: 167, num: 1):
    [reduction] Classical.choice ↦ 167
  [kernel] unfolded declarations (max: 48206, num: 136):
    [kernel] Add.add ↦ 48206
    [kernel] HAdd.hAdd ↦ 48206
    [kernel] SMul.smul ↦ 38742
    [kernel] HSMul.hSMul ↦ 37566
    [kernel] AddHom.toFun ↦ 33120
    [kernel] DFunLike.coe ↦ 33120
    [kernel] AddMonoid.toAdd ↦ 29550
    [kernel] instHAdd ↦ 23338
    [kernel] Functor.obj ↦ 23071
    [kernel] AddSemigroup.toAdd ↦ 21544
    [kernel] SMulZeroClass.toSMul ↦ 20963
    [kernel] instHSMul ↦ 20709
    [kernel] AddCommMagma.toAdd ↦ 20006
    [kernel] SemigroupAction.toSMul ↦ 17729
    [kernel] SubNegMonoid.toAddMonoid ↦ 16449
    [kernel] AddGroup.toSubNegMonoid ↦ 15607
    [kernel] AddCommGroup.toAddGroup ↦ 14599
    [kernel] ModuleCat.Hom.hom' ↦ 12544
    [kernel] AddCommGroup.toAddCommMonoid ↦ 12029
    [kernel] AddCommMonoid.toAddMonoid ↦ 11729
    [kernel] ModuleCat.isAddCommGroup ↦ 11125
    [kernel] ModuleCat.isModule ↦ 10410
    [kernel] LinearMap.toAddHom ↦ 9570
    [kernel] ConcreteCategory.hom ↦ 9570
    [kernel] NatTrans.app ↦ 9570
    [kernel] ModuleCat.Hom.hom ↦ 9570
    [kernel] MulAction.toSemigroupAction ↦ 8706
    [kernel] DistribMulAction.toMulAction ↦ 8692
    [kernel] AddCommMonoid.toAddCommSemigroup ↦ 8687
    [kernel] AddCommSemigroup.toAddCommMagma ↦ 8687
    [kernel] AddCommSemigroup.toAddSemigroup ↦ 8687
    [kernel] Module.toDistribMulAction ↦ 8489
    [kernel] ZSMul.zsmul ↦ 6790
    [kernel] Neg.neg ↦ 6104
    [kernel] DistribSMul.toSMulZeroClass ↦ 6093
    [kernel] ZSMul.toSMul ↦ 5782
    [kernel] DistribMulAction.toDistribSMul ↦ 5603
    [kernel] OfNat.ofNat ↦ 4944
    [kernel] NSMul.nsmul ↦ 4382
    [kernel] inferInstance ↦ 3789
    [kernel] NSMul.toSMul ↦ 3766
    [kernel] Function.Injective.subNegMonoid ↦ 3488
    [kernel] ModuleCat.carrier ↦ 3216
    [kernel] LinearMap.instFunLike ↦ 3054
    [kernel] HSub.hSub ↦ 3024
    [kernel] Sub.sub ↦ 3024
    [kernel] SubNegMonoid.toNeg ↦ 2996
    [kernel] NegZeroClass.toNeg ↦ 2940
    [kernel] Zero.zero ↦ 2842
    [kernel] Preadditive.homGroup ↦ 2796
    [kernel] Function.Injective.addCommGroup ↦ 2732
    [kernel] Function.Injective.addGroup ↦ 2732
    [kernel] ModuleCat.instAddCommGroupHom ↦ 2676
    [kernel] Quiver.Hom ↦ 2540
    [kernel] Function.Injective.addMonoid ↦ 2314
    [kernel] CategoryStruct.comp ↦ 1984
    [kernel] instHSub ↦ 1946
    [kernel] SubNegMonoid.toZSMul ↦ 1841
    [kernel] Equiv.toFun ↦ 1650
    [kernel] InducedCategory.Hom.hom ↦ 1650
    [kernel] LinearMap.instSMul ↦ 1638
    [kernel] Pi.instSMul ↦ 1638
    [kernel] SubNegMonoid.toSub ↦ 1512
    [kernel] Function.Injective.addSemigroup ↦ 1446
    [kernel] LinearMap.instAdd ↦ 1416
    [kernel] ModuleCat.instAddHom ↦ 1416
    [kernel] Pi.instAdd ↦ 1416
    [kernel] AddMonoid.toNSMul ↦ 1211
    [kernel] Zero.toOfNat0 ↦ 1078
    [kernel] Equiv.invFun ↦ 1056
    [kernel] SubNegZeroMonoid.toNegZeroClass ↦ 1008
    [kernel] SubNegZeroMonoid.toSubNegMonoid ↦ 1008
    [kernel] SubtractionCommMonoid.toSubtractionMonoid ↦ 1008
    [kernel] CategoryTheory.Functor.map ↦ 990
    [kernel] AddCommGroup.toDivisionAddCommMonoid ↦ 966
    [kernel] SubtractionMonoid.toSubNegMonoid ↦ 966
    [kernel] SubtractionMonoid.toSubNegZeroMonoid ↦ 966
    [kernel] LinearMap.addCommGroup ↦ 714
    [kernel] ModuleCat.instSMulIntHom ↦ 714
    [kernel] ZSMul.ofSMul ↦ 714
    [kernel] Linear.homModule ↦ 490
    [kernel] AddMonoid.toZero ↦ 476
    [kernel] LinearMap.addMonoid ↦ 462
    [kernel] ModuleCat.instSMulHom ↦ 462
    [kernel] ModuleCat.instSMulNatHom ↦ 462
    [kernel] MulActionWithZero.toMulAction ↦ 462
    [kernel] NSMul.ofSMul ↦ 462
    [kernel] SMulWithZero.toSMulZeroClass ↦ 462
    [kernel] Function.Injective.distribMulAction ↦ 462
    [kernel] Function.Injective.distribSMul ↦ 462
    [kernel] Function.Injective.module ↦ 462
    [kernel] Function.Injective.smulZeroClass ↦ 462
    [kernel] ModuleCat.Hom.instModule ↦ 462
    [kernel] AddZeroClass.toZero ↦ 448
    [kernel] LinearMap.instNeg ↦ 420
    [kernel] ModuleCat.instNegHom ↦ 420
    [kernel] Pi.instNeg ↦ 420
    [kernel] NegZeroClass.toZero ↦ 378
    [kernel] HasZeroMorphisms.zero ↦ 378
    [kernel] Function.Injective.addZeroClass ↦ 364
    [kernel] AddCommGroup.toIntModule ↦ 357
    [kernel] LinearMap.instZero ↦ 336
    [kernel] ModuleCat.instZeroHom ↦ 336
    [kernel] Pi.instZero ↦ 336
    [kernel] InducedCategory.homMk ↦ 322
    [kernel] instMulActionNatOfAddMonoid ↦ 231
    [kernel] AddCommMonoid.toNatModule ↦ 231
    [kernel] Module.compHom ↦ 231
    [kernel] Module.toMulActionWithZero ↦ 231
    [kernel] MulActionWithZero.compHom ↦ 231
    [kernel] MulActionWithZero.toSMulWithZero ↦ 231
    [kernel] SMulWithZero.compHom ↦ 231
    [kernel] ModuleCat.Algebra.instModuleCarrier ↦ 231
    [kernel] LinearMap.instSub ↦ 210
    [kernel] ModuleCat.instSubHom ↦ 210
    [kernel] Pi.instSub ↦ 210
    [kernel] Equiv.add ↦ 136
    [kernel] Equiv.smul ↦ 98
    [kernel] AddMonoid.toAddZeroClass ↦ 56
    [kernel] AddZero.toZero ↦ 56
    [kernel] AddZeroClass.toAddZero ↦ 56
    [kernel] Equiv.Neg ↦ 56
    [kernel] Equiv.addCommGroup ↦ 56
    [kernel] Equiv.zero ↦ 56
    [kernel] ModuleCat.of ↦ 44
    [kernel] AddZeroClass.toAdd ↦ 42
    [kernel] Equiv.sub ↦ 42
    [kernel] InducedCategory.homEquiv ↦ 42
    [kernel] AddEquiv.distribMulAction ↦ 28
    [kernel] AddEquiv.distribSMul ↦ 28
    [kernel] AddEquiv.toEquiv ↦ 28
    [kernel] AddZero.toAdd ↦ 28
    [kernel] instAddHomFunctor ↦ 28
    [kernel] instNegHomFunctor ↦ 28
    [kernel] instZeroHomFunctor ↦ 28
    [kernel] Equiv.smulZeroClass ↦ 28
  use `set_option diagnostics.threshold <num>` to control threshold for reporting counters
work/lean-upgrade/right-resolution-ext-bidual-cached-kernel-counters-01/ASGinzburg/RightResolutionExtBidual.lean:20:8: error: (kernel) deterministic timeout
typeclass inference of Field took 0.172ms
typeclass inference of Field took 0.0135ms
typeclass inference of CategoryTheory.Category took 0.306ms
typeclass inference of CategoryTheory.Limits.HasZeroObject took 0.0921ms
typeclass inference of CategoryTheory.Limits.HasZeroMorphisms took 0.0555ms
typeclass inference of CategoryTheory.Category took 0.333ms
typeclass inference of CategoryTheory.Limits.HasZeroObject took 0.896ms
typeclass inference of CategoryTheory.Limits.HasZeroMorphisms took 0.644ms
typeclass inference of CategoryTheory.Category took 0.198ms
typeclass inference of CategoryTheory.Category took 0.347ms
typeclass inference of CategoryTheory.Limits.HasZeroObject took 0.00804ms
typeclass inference of CategoryTheory.Limits.HasZeroMorphisms took 0.0288ms
typeclass inference of CategoryTheory.Category took 0.0235ms
typeclass inference of CategoryTheory.Limits.HasZeroMorphisms took 0.021ms
typeclass inference of OfNat took 0.0692ms
typeclass inference of CategoryTheory.Category took 0.651ms
typeclass inference of OfNat took 0.3ms
typeclass inference of OfNat took 0.0654ms
typeclass inference of LT took 0.146ms
typeclass inference of LT took 0.0566ms
typeclass inference of OfNat took 0.0611ms
typeclass inference of LT took 0.0529ms
typeclass inference of Field took 0.0158ms
typeclass inference of CategoryTheory.Category took 0.0397ms
typeclass inference of CategoryTheory.Limits.HasZeroObject took 0.00777ms
typeclass inference of CategoryTheory.Limits.HasZeroMorphisms took 0.0293ms
typeclass inference of CategoryTheory.Category took 0.0297ms
typeclass inference of CategoryTheory.Limits.HasZeroMorphisms took 0.0226ms
typeclass inference of OfNat took 0.129ms
typeclass inference of OfNat took 0.0562ms
typeclass inference of LT took 0.262ms
typeclass inference of LT took 0.0676ms
typeclass inference of OfNat took 0.103ms
typeclass inference of LT took 0.0591ms
typeclass inference of CategoryTheory.Category took 0.291ms
typeclass inference of CategoryTheory.Abelian took 0.104ms
typeclass inference of CategoryTheory.HasExt took 1.91ms
typeclass inference of Field took 0.0153ms
typeclass inference of CategoryTheory.Category took 0.23ms
typeclass inference of CategoryTheory.Abelian took 0.206ms
typeclass inference took 0.207ms
typeclass inference of CategoryTheory.HasExt took 3.21ms
typeclass inference of OfNat took 0.126ms
typeclass inference of OfNat took 0.0602ms
typeclass inference of OfNat took 5.96ms
typeclass inference of OfNat took 0.00873ms
typeclass inference of LT took 0.0507ms
typeclass inference of OfNat took 0.0515ms
typeclass inference of LT took 0.0042ms
attribute application took 0.00674ms
typeclass inference of Field took 0.0763ms
typeclass inference of CategoryTheory.Category took 0.319ms
typeclass inference of Field took 0.0228ms
typeclass inference of CategoryTheory.Category took 0.228ms
typeclass inference of CategoryTheory.Abelian took 0.43ms
typeclass inference of OfNat took 0.0781ms
typeclass inference of OfNat took 0.0406ms
typeclass inference of CategoryTheory.Category took 0.0263ms
typeclass inference of CategoryTheory.Limits.HasZeroMorphisms took 1.14ms
typeclass inference of Field took 0.0202ms
typeclass inference of Field took 0.0196ms
typeclass inference of CategoryTheory.Limits.HasZeroMorphisms took 1.25ms
typeclass inference of CategoryTheory.Category took 0.208ms
typeclass inference of CategoryTheory.Limits.HasZeroMorphisms took 1.31ms
typeclass inference of CategoryTheory.Category took 0.0349ms
typeclass inference of CategoryTheory.Limits.HasZeroMorphisms took 0.0258ms
instantiate metavars took 0.0166ms
instantiate metavars took 0.000419ms
typeclass inference of Field took 0.0552ms
typeclass inference of OfNat took 0.0687ms
typeclass inference of Decidable took 0.246ms
typeclass inference of Decidable took 0.0191ms
tactic execution of Lean.Parser.Tactic.decide took 0.422ms
tactic execution of Lean.Parser.Tactic.tacticSeq1Indented took 0.0148ms
tactic execution of Lean.Parser.Tactic.tacticSeq took 0.0167ms
tactic execution of Lean.Parser.Tactic.refine took 1.45ms
tactic execution of Lean.Parser.Tactic.rotateRight took 0.0103ms
tactic execution of Lean.Parser.Tactic.tacticSeq1Indented took 0.016ms
tactic execution of Lean.Parser.Tactic.tacticSeq took 0.0477ms
tactic execution of Lean.Parser.Tactic.paren took 0.00755ms
tactic execution of Lean.Parser.Tactic.tacticSeq1Indented took 0.0068ms
tactic execution of Lean.Parser.Tactic.tacticSeq took 0.00522ms
tactic execution of Lean.Parser.Tactic.focus took 0.0161ms
tactic execution of Lean.Parser.Tactic.tacticRefine_lift_ took 0.013ms
tactic execution of Lean.Parser.Tactic.tacticLetI__ took 0.13ms
interpretation of Mathlib.Linter.HaveILetI._aux_Mathlib_Tactic_Linter_HaveILetI___elabRules_Mathlib_Linter_HaveILetI_tacticLetI___1._boxed took 0.78ms
tactic execution of Mathlib.Linter.HaveILetI.tacticLetI__ took 0.0578ms
typeclass inference of Field took 0.0528ms
typeclass inference of OfNat took 0.0637ms
typeclass inference of Decidable took 0.191ms
typeclass inference of Decidable took 0.0172ms
tactic execution of Lean.Parser.Tactic.decide took 0.27ms
tactic execution of Lean.Parser.Tactic.tacticSeq1Indented took 0.0116ms
tactic execution of Lean.Parser.Tactic.tacticSeq took 0.0132ms
tactic execution of Lean.Parser.Tactic.refine took 1.03ms
tactic execution of Lean.Parser.Tactic.rotateRight took 0.00714ms
tactic execution of Lean.Parser.Tactic.tacticSeq1Indented took 0.0128ms
tactic execution of Lean.Parser.Tactic.tacticSeq took 0.00456ms
tactic execution of Lean.Parser.Tactic.paren took 0.00566ms
tactic execution of Lean.Parser.Tactic.tacticSeq1Indented took 0.00474ms
tactic execution of Lean.Parser.Tactic.tacticSeq took 0.00482ms
tactic execution of Lean.Parser.Tactic.focus took 0.00894ms
tactic execution of Lean.Parser.Tactic.tacticRefine_lift_ took 0.00808ms
tactic execution of Lean.Parser.Tactic.tacticLetI__ took 0.0113ms
interpretation of Mathlib.Linter.HaveILetI._aux_Mathlib_Tactic_Linter_HaveILetI___elabRules_Mathlib_Linter_HaveILetI_tacticLetI___1._boxed took 0.53ms
tactic execution of Mathlib.Linter.HaveILetI.tacticLetI__ took 0.0297ms
typeclass inference of Functor took 0.111ms
typeclass inference of MonadLiftT took 0.094ms
typeclass inference of CoeT took 1.17ms
typeclass inference of MonadLiftT took 3.78ms
typeclass inference of Pure took 0.632ms
typeclass inference of Pure took 0.00497ms
do element elaborator of Lean.Parser.Term.doExpr took 1.14ms
typeclass inference of Functor took 0.624ms
type checking took 0.201ms
compilation (LCNF base) took 4.34ms
compilation (LCNF mono) took 0.852ms
compilation (LCNF mono) took 0.61ms
compilation (LCNF impure) took 0.461ms
compilation (IR) took 0.0887ms
compilation (LCNF mono) took 0.158ms
compilation (LCNF impure) took 0.1ms
compilation (IR) took 0.0181ms
interpretation of _private.work.lean-upgrade.right-resolution-ext-bidual-cached-kernel-counters-01.ASGinzburg.RightResolutionExtBidual.0._tmp._@.work.lean-upgrade.right-resolution-ext-bidual-cached-kernel-counters-01.ASGinzburg.RightResolutionExtBidual.701681008._hygCtx._hyg.159 took 0.0247ms
interpretation of _private.work.lean-upgrade.right-resolution-ext-bidual-cached-kernel-counters-01.ASGinzburg.RightResolutionExtBidual.0._tmp._@.work.lean-upgrade.right-resolution-ext-bidual-cached-kernel-counters-01.ASGinzburg.RightResolutionExtBidual.701681008._hygCtx._hyg.159._boxed took 0.222ms
tactic execution of Lean.Parser.Tactic.runTac took 4.29ms
typeclass inference of Field took 0.0595ms
typeclass inference of CategoryTheory.Category took 0.245ms
typeclass inference of CategoryTheory.Abelian took 0.214ms
typeclass inference of OfNat took 0.0686ms
typeclass inference of OfNat took 0.0395ms
typeclass inference of CategoryTheory.Category took 0.0251ms
typeclass inference of CategoryTheory.Limits.HasZeroMorphisms took 0.767ms
typeclass inference of CategoryTheory.Category took 0.713ms
typeclass inference of CategoryTheory.Limits.HasZeroObject took 1.74ms
typeclass inference of CategoryTheory.Limits.HasZeroMorphisms took 0.939ms
typeclass inference of OfNat took 0.0639ms
typeclass inference of OfNat took 0.0386ms
typeclass inference of CategoryTheory.Category took 0.0442ms
typeclass inference of CategoryTheory.Limits.HasZeroMorphisms took 0.0306ms
typeclass inference of Field took 0.00804ms
typeclass inference of Field took 0.0134ms
typeclass inference of CategoryTheory.Category took 0.0228ms
typeclass inference of CategoryTheory.Abelian took 0.00939ms
typeclass inference of Field took 0.0118ms
typeclass inference of CategoryTheory.Category took 0.143ms
typeclass inference of CategoryTheory.Abelian took 0.0191ms
typeclass inference of AddRightCancelSemigroup took 4.76ms
typeclass inference of One took 0.0618ms
typeclass inference of AddRightCancelSemigroup took 0.00603ms
typeclass inference of CategoryTheory.Category took 0.409ms
typeclass inference of OfNat took 0.0109ms
typeclass inference of CategoryTheory.Category took 0.0453ms
typeclass inference of CategoryTheory.Limits.HasZeroMorphisms took 0.0309ms
typeclass inference of AddRightCancelSemigroup took 4.45ms
typeclass inference of One took 0.0391ms
typeclass inference of DecidableEq took 0.615ms
tactic execution of Lean.Parser.Tactic.refine took 19.6ms
tactic execution of Lean.Parser.Tactic.rotateRight took 0.0137ms
tactic execution of Lean.Parser.Tactic.tacticSeq1Indented took 0.0306ms
tactic execution of Lean.Parser.Tactic.tacticSeq took 0.00653ms
tactic execution of Lean.Parser.Tactic.paren took 0.00887ms
tactic execution of Lean.Parser.Tactic.tacticSeq1Indented took 0.00761ms
tactic execution of Lean.Parser.Tactic.tacticSeq took 0.00689ms
tactic execution of Lean.Parser.Tactic.focus took 0.0178ms
tactic execution of Lean.Parser.Tactic.tacticRefine_lift_ took 0.248ms
tactic execution of Lean.Parser.Tactic.tacticHave__ took 0.0441ms
typeclass inference of Functor took 0.101ms
typeclass inference of MonadLiftT took 0.0961ms
typeclass inference of CoeT took 0.741ms
typeclass inference of MonadLiftT took 3.58ms
typeclass inference of Pure took 0.562ms
typeclass inference of Pure took 0.0407ms
do element elaborator of Lean.Parser.Term.doExpr took 0.98ms
typeclass inference of Functor took 0.369ms
type checking took 0.89ms
compilation (LCNF base) took 4.33ms
compilation (LCNF mono) took 0.885ms
compilation (LCNF mono) took 0.718ms
compilation (LCNF impure) took 0.38ms
compilation (IR) took 0.0863ms
compilation (LCNF mono) took 0.246ms
compilation (LCNF impure) took 0.103ms
compilation (IR) took 0.0192ms
interpretation of _private.work.lean-upgrade.right-resolution-ext-bidual-cached-kernel-counters-01.ASGinzburg.RightResolutionExtBidual.0._tmp._@.work.lean-upgrade.right-resolution-ext-bidual-cached-kernel-counters-01.ASGinzburg.RightResolutionExtBidual.701681008._hygCtx._hyg.225 took 0.0707ms
interpretation of _private.work.lean-upgrade.right-resolution-ext-bidual-cached-kernel-counters-01.ASGinzburg.RightResolutionExtBidual.0._tmp._@.work.lean-upgrade.right-resolution-ext-bidual-cached-kernel-counters-01.ASGinzburg.RightResolutionExtBidual.701681008._hygCtx._hyg.225._boxed took 0.391ms
tactic execution of Lean.Parser.Tactic.runTac took 4.19ms
interpretation of CategoryTheory._aux_Mathlib_CategoryTheory_Category_Basic___macroRules_CategoryTheory_term_≫__1._boxed took 0.177ms
typeclass inference of Field took 0.0559ms
typeclass inference of CategoryTheory.CategoryStruct took 0.749ms
typeclass inference of Field took 0.00818ms
typeclass inference of CategoryTheory.Category took 0.248ms
typeclass inference of CategoryTheory.Limits.HasZeroObject took 1.07ms
typeclass inference of CategoryTheory.Limits.HasZeroMorphisms took 1.65ms
typeclass inference of OfNat took 0.34ms
typeclass inference of OfNat took 0.0517ms
typeclass inference of CategoryTheory.Category took 0.0343ms
typeclass inference of CategoryTheory.Limits.HasZeroMorphisms took 0.03ms
interpretation of CategoryTheory._aux_Mathlib_CategoryTheory_Category_Basic___macroRules_CategoryTheory_term_≫__1._boxed took 0.154ms
typeclass inference of CategoryTheory.CategoryStruct took 0.103ms
typeclass inference of CategoryTheory.CategoryStruct took 0.0247ms
typeclass inference of OfNat took 0.00846ms
typeclass inference of Field took 0.0107ms
typeclass inference of CategoryTheory.Category took 0.0306ms
typeclass inference of CategoryTheory.Category took 0.0282ms
typeclass inference of CategoryTheory.Limits.HasZeroObject took 0.00526ms
typeclass inference of CategoryTheory.Limits.HasZeroMorphisms took 0.0248ms
typeclass inference of OfNat took 0.00629ms
typeclass inference of CategoryTheory.Category took 0.113ms
typeclass inference of CategoryTheory.Limits.HasZeroMorphisms took 0.0377ms
typeclass inference of CategoryTheory.CategoryStruct took 0.376ms
typeclass inference of CategoryTheory.CategoryStruct took 0.014ms
typeclass inference of OfNat took 0.168ms
typeclass inference of OfNat took 0.0547ms
typeclass inference of CategoryTheory.Category took 0.209ms
typeclass inference of OfNat took 1.53ms
typeclass inference of Decidable took 0.331ms
typeclass inference of Decidable took 0.0179ms
tactic execution of Lean.Parser.Tactic.decide took 0.331ms
tactic execution of Lean.Parser.Tactic.tacticSeq1Indented took 0.0142ms
tactic execution of Lean.Parser.Tactic.tacticSeq took 0.0242ms
tactic execution of Lean.Parser.Tactic.refine took 8.74ms
interpretation of _private.Mathlib.Tactic.Eqns.0.initFn._lam_0._@.Mathlib.Tactic.Eqns.1919312714._hygCtx._hyg.2._boxed took 3.1ms
congr simp thm took 0.0583ms
congr simp thm took 0.147ms
congr simp thm took 0.44ms
congr simp thm took 0.469ms
congr simp thm took 0.118ms
congr simp thm took 0.00149ms
congr simp thm took 0.0864ms
congr simp thm took 1.49ms
congr simp thm took 0.154ms
congr simp thm took 0.168ms
simp took 5ms
simp took 0.0121ms
typeclass inference of Field took 0.143ms
congr simp thm took 0.00562ms
congr simp thm took 0.00677ms
congr simp thm took 0.0033ms
congr simp thm took 0.00338ms
congr simp thm took 0.00616ms
congr simp thm took 0.00208ms
congr simp thm took 0.000824ms
congr simp thm took 0.00173ms
congr simp thm took 0.00424ms
congr simp thm took 0.011ms
congr simp thm took 0.00296ms
congr simp thm took 0.00286ms
congr simp thm took 0.000776ms
congr simp thm took 0.00111ms
simp took 5.67ms
simp took 0.0216ms
tactic execution of Lean.Parser.Tactic.simpa took 36.4ms
tactic execution of Lean.Parser.Tactic.tacticSeq1Indented took 0.0335ms
tactic execution of Lean.Parser.Tactic.tacticSeq took 0.0118ms
tactic execution of Lean.Parser.Tactic.paren took 0.00968ms
tactic execution of Lean.Parser.Tactic.withAnnotateState took 0.0154ms
tactic execution of Lean.Parser.Tactic.tacticSeq1Indented took 0.009ms
tactic execution of Lean.Parser.Tactic.tacticSeq took 0.00808ms
tactic execution of Lean.Parser.Tactic.case took 0.596ms
tactic execution of Lean.Parser.Tactic.tacticSeq1Indented took 0.032ms
tactic execution of Lean.Parser.Tactic.tacticSeq took 0.0109ms
tactic execution of Lean.Parser.Tactic.focus took 0.0201ms
tactic execution of Lean.Parser.Tactic.tacticHave__ took 0.0797ms
typeclass inference of Functor took 0.211ms
typeclass inference of MonadLiftT took 0.145ms
typeclass inference of CoeT took 1.33ms
typeclass inference of MonadLiftT took 4.53ms
typeclass inference of Pure took 0.611ms
typeclass inference of Pure took 0.00808ms
do element elaborator of Lean.Parser.Term.doExpr took 2.05ms
typeclass inference of Functor took 0.45ms
type checking took 0.229ms
compilation (LCNF base) took 8.38ms
compilation (LCNF mono) took 1.3ms
compilation (LCNF mono) took 1.04ms
compilation (LCNF impure) took 0.561ms
compilation (IR) took 0.248ms
compilation (LCNF mono) took 0.212ms
compilation (LCNF impure) took 0.157ms
compilation (IR) took 0.0266ms
interpretation of _private.work.lean-upgrade.right-resolution-ext-bidual-cached-kernel-counters-01.ASGinzburg.RightResolutionExtBidual.0._tmp._@.work.lean-upgrade.right-resolution-ext-bidual-cached-kernel-counters-01.ASGinzburg.RightResolutionExtBidual.701681008._hygCtx._hyg.304 took 0.0386ms
interpretation of _private.work.lean-upgrade.right-resolution-ext-bidual-cached-kernel-counters-01.ASGinzburg.RightResolutionExtBidual.0._tmp._@.work.lean-upgrade.right-resolution-ext-bidual-cached-kernel-counters-01.ASGinzburg.RightResolutionExtBidual.701681008._hygCtx._hyg.304._boxed took 0.293ms
tactic execution of Lean.Parser.Tactic.runTac took 7.32ms
typeclass inference of Field took 0.0939ms
typeclass inference of CategoryTheory.Category took 2.12ms
typeclass inference of CategoryTheory.Limits.HasZeroMorphisms took 3.19ms
typeclass inference of CategoryTheory.Category took 0.369ms
typeclass inference of CategoryTheory.Limits.HasZeroMorphisms took 0.345ms
typeclass inference of Field took 0.0154ms
typeclass inference of Field took 0.0148ms
typeclass inference of CategoryTheory.Category took 0.358ms
typeclass inference of CategoryTheory.Limits.HasZeroObject took 2.21ms
typeclass inference of CategoryTheory.Limits.HasZeroMorphisms took 0.0689ms
typeclass inference of OfNat took 0.255ms
typeclass inference of OfNat took 0.0964ms
typeclass inference of CategoryTheory.Category took 0.0592ms
typeclass inference of CategoryTheory.Limits.HasZeroMorphisms took 0.0579ms
interpretation of CategoryTheory._aux_Mathlib_CategoryTheory_Category_Basic___macroRules_CategoryTheory_term_≫__1._boxed took 0.213ms
typeclass inference of CategoryTheory.CategoryStruct took 0.157ms
typeclass inference of CategoryTheory.CategoryStruct took 0.596ms
typeclass inference of OfNat took 0.803ms
typeclass inference of Field took 0.0166ms
typeclass inference of CategoryTheory.Category took 0.0646ms
typeclass inference of CategoryTheory.Category took 0.0546ms
typeclass inference of CategoryTheory.Limits.HasZeroObject took 0.00824ms
typeclass inference of CategoryTheory.Limits.HasZeroMorphisms took 0.0511ms
typeclass inference of OfNat took 0.0112ms
typeclass inference of CategoryTheory.Category took 0.0492ms
typeclass inference of CategoryTheory.Limits.HasZeroMorphisms took 0.0516ms
typeclass inference of CategoryTheory.CategoryStruct took 0.564ms
typeclass inference of CategoryTheory.Category took 0.0671ms
typeclass inference of CategoryTheory.Limits.HasZeroMorphisms took 0.0389ms
typeclass inference of Decidable took 0.306ms
typeclass inference of Decidable took 0.03ms
tactic execution of Lean.Parser.Tactic.decide took 0.576ms
tactic execution of Lean.Parser.Tactic.tacticSeq1Indented took 0.027ms
tactic execution of Lean.Parser.Tactic.tacticSeq took 0.0425ms
tactic execution of Lean.Parser.Tactic.refine took 15.6ms
tactic execution of Lean.Parser.Tactic.rotateRight took 0.0152ms
tactic execution of Lean.Parser.Tactic.tacticSeq1Indented took 0.0238ms
tactic execution of Lean.Parser.Tactic.tacticSeq took 0.00754ms
tactic execution of Lean.Parser.Tactic.paren took 0.0115ms
tactic execution of Lean.Parser.Tactic.tacticSeq1Indented took 0.0102ms
tactic execution of Lean.Parser.Tactic.tacticSeq took 0.00904ms
tactic execution of Lean.Parser.Tactic.focus took 0.0222ms
tactic execution of Lean.Parser.Tactic.tacticRefine_lift_ took 0.0151ms
tactic execution of Lean.Parser.Tactic.tacticLet__ took 0.0684ms
typeclass inference of Functor took 0.539ms
typeclass inference of MonadLiftT took 0.133ms
typeclass inference of CoeT took 1.13ms
typeclass inference of MonadLiftT took 4.55ms
typeclass inference of Pure took 0.786ms
typeclass inference of Pure took 0.00747ms
do element elaborator of Lean.Parser.Term.doExpr took 1.5ms
typeclass inference of Functor took 0.474ms
type checking took 0.398ms
compilation (LCNF base) took 7.14ms
compilation (LCNF mono) took 1ms
compilation (LCNF mono) took 0.598ms
compilation (LCNF impure) took 0.525ms
compilation (IR) took 0.122ms
compilation (LCNF mono) took 2.02ms
compilation (LCNF impure) took 0.555ms
compilation (IR) took 0.0365ms
interpretation of _private.work.lean-upgrade.right-resolution-ext-bidual-cached-kernel-counters-01.ASGinzburg.RightResolutionExtBidual.0._tmp._@.work.lean-upgrade.right-resolution-ext-bidual-cached-kernel-counters-01.ASGinzburg.RightResolutionExtBidual.701681008._hygCtx._hyg.368 took 0.0387ms
interpretation of _private.work.lean-upgrade.right-resolution-ext-bidual-cached-kernel-counters-01.ASGinzburg.RightResolutionExtBidual.0._tmp._@.work.lean-upgrade.right-resolution-ext-bidual-cached-kernel-counters-01.ASGinzburg.RightResolutionExtBidual.701681008._hygCtx._hyg.368._boxed took 0.253ms
tactic execution of Lean.Parser.Tactic.runTac took 5.18ms
typeclass inference of CategoryTheory.Category took 0.445ms
typeclass inference of CategoryTheory.Limits.HasZeroMorphisms took 0.116ms
typeclass inference of CategoryTheory.Category took 0.449ms
typeclass inference of CategoryTheory.Limits.HasZeroObject took 2.1ms
typeclass inference of CategoryTheory.Limits.HasZeroMorphisms took 1.44ms
typeclass inference of OfNat took 0.153ms
typeclass inference of OfNat took 0.0751ms
typeclass inference of CategoryTheory.Category took 0.056ms
typeclass inference of CategoryTheory.Limits.HasZeroMorphisms took 0.0727ms
typeclass inference of CategoryTheory.Category took 0.348ms
typeclass inference of CategoryTheory.Category took 0.0568ms
typeclass inference of CategoryTheory.Limits.HasZeroObject took 0.00887ms
typeclass inference of CategoryTheory.Limits.HasZeroMorphisms took 0.0472ms
typeclass inference of OfNat took 0.0093ms
typeclass inference of CategoryTheory.Category took 0.0559ms
typeclass inference of CategoryTheory.Limits.HasZeroMorphisms took 0.0503ms
typeclass inference of CategoryTheory.Category took 0.0478ms
typeclass inference of CategoryTheory.Limits.HasZeroObject took 0.00863ms
typeclass inference of CategoryTheory.Limits.HasZeroMorphisms took 0.0469ms
typeclass inference of CategoryTheory.Limits.HasZeroMorphisms took 2.09ms
typeclass inference of CategoryTheory.Category took 0.0625ms
typeclass inference of CategoryTheory.Limits.HasZeroMorphisms took 0.0433ms
tactic execution of Lean.Parser.Tactic.refine took 8.36ms
tactic execution of Lean.Parser.Tactic.rotateRight took 0.0154ms
tactic execution of Lean.Parser.Tactic.tacticSeq1Indented took 0.0272ms
tactic execution of Lean.Parser.Tactic.tacticSeq took 0.0104ms
tactic execution of Lean.Parser.Tactic.paren took 0.0107ms
tactic execution of Lean.Parser.Tactic.tacticSeq1Indented took 0.0105ms
tactic execution of Lean.Parser.Tactic.tacticSeq took 0.00943ms
tactic execution of Lean.Parser.Tactic.focus took 0.0225ms
tactic execution of Lean.Parser.Tactic.tacticRefine_lift_ took 0.0151ms
tactic execution of Lean.Parser.Tactic.tacticLet__ took 0.0616ms
interpretation of CategoryTheory._aux_Mathlib_CategoryTheory_Iso___macroRules_CategoryTheory_term_≅__1._boxed took 0.243ms
typeclass inference of CategoryTheory.Category took 0.757ms
typeclass inference of CategoryTheory.Category took 0.612ms
typeclass inference of CategoryTheory.Category took 0.388ms
typeclass inference of CategoryTheory.Limits.HasZeroMorphisms took 1.26ms
typeclass inference of OfNat took 0.168ms
typeclass inference of Field took 0.115ms
typeclass inference of OfNat took 0.113ms
typeclass inference of Field took 0.00951ms
typeclass inference of CategoryTheory.Category took 0.378ms
typeclass inference of Decidable took 0.303ms
typeclass inference of Decidable took 0.0377ms
tactic execution of Lean.Parser.Tactic.decide took 0.599ms
tactic execution of Lean.Parser.Tactic.tacticSeq1Indented took 0.0213ms
tactic execution of Lean.Parser.Tactic.tacticSeq took 0.0339ms
typeclass inference of Decidable took 0.405ms
typeclass inference of Decidable took 0.0294ms
tactic execution of Lean.Parser.Tactic.decide took 0.359ms
tactic execution of Lean.Parser.Tactic.tacticSeq1Indented took 0.0166ms
tactic execution of Lean.Parser.Tactic.tacticSeq took 0.137ms
interpretation of CategoryTheory._aux_Mathlib_CategoryTheory_Category_Basic___macroRules_CategoryTheory_term_≫__1._boxed took 0.402ms
typeclass inference of OfNat took 0.0154ms
typeclass inference of Field took 0.0144ms
typeclass inference of CategoryTheory.Category took 0.0505ms
typeclass inference of CategoryTheory.CategoryStruct took 1.11ms
typeclass inference of CategoryTheory.Category took 0.611ms
typeclass inference of CategoryTheory.Limits.HasZeroObject took 2.5ms
typeclass inference of CategoryTheory.Limits.HasZeroMorphisms took 0.0701ms
typeclass inference of OfNat took 0.0109ms
typeclass inference of OfNat took 0.0117ms
typeclass inference of CategoryTheory.Category took 0.0583ms
typeclass inference of CategoryTheory.Limits.HasZeroMorphisms took 0.462ms
typeclass inference of CategoryTheory.CategoryStruct took 0.746ms
interpretation of CategoryTheory._aux_Mathlib_CategoryTheory_Category_Basic___macroRules_CategoryTheory_term_≫__1._boxed took 0.124ms
typeclass inference of Field took 0.0157ms
typeclass inference of CategoryTheory.CategoryStruct took 0.0898ms
typeclass inference of Field took 0.0213ms
typeclass inference of CategoryTheory.Category took 0.0496ms
typeclass inference of CategoryTheory.Limits.HasZeroObject took 0.00763ms
typeclass inference of CategoryTheory.Limits.HasZeroMorphisms took 0.0521ms
typeclass inference of OfNat took 0.0117ms
typeclass inference of OfNat took 0.00641ms
typeclass inference of CategoryTheory.Category took 0.0991ms
typeclass inference of CategoryTheory.Limits.HasZeroMorphisms took 0.0704ms
typeclass inference of OfNat took 0.0176ms
typeclass inference of Field took 0.016ms
typeclass inference of CategoryTheory.Category took 0.0498ms
typeclass inference of CategoryTheory.CategoryStruct took 0.0131ms
typeclass inference of Decidable took 0.0663ms
typeclass inference of Decidable took 0.207ms
tactic execution of Lean.Parser.Tactic.decide took 0.804ms
tactic execution of Lean.Parser.Tactic.tacticSeq1Indented took 0.02ms
tactic execution of Lean.Parser.Tactic.tacticSeq took 0.031ms
typeclass inference of Decidable took 0.0444ms
typeclass inference of Decidable took 0.0269ms
tactic execution of Lean.Parser.Tactic.decide took 0.154ms
tactic execution of Lean.Parser.Tactic.tacticSeq1Indented took 0.0135ms
tactic execution of Lean.Parser.Tactic.tacticSeq took 0.0171ms
tactic execution of Lean.Parser.Tactic.change took 16.3ms
typeclass inference of Field took 0.015ms
tactic execution of Lean.Parser.Tactic.refine took 2.79ms
tactic execution of Lean.Parser.Tactic.rotateRight took 0.0146ms
tactic execution of Lean.Parser.Tactic.tacticSeq1Indented took 0.0316ms
tactic execution of Lean.Parser.Tactic.tacticSeq took 0.00699ms
tactic execution of Lean.Parser.Tactic.paren took 0.0088ms
tactic execution of Lean.Parser.Tactic.tacticSeq1Indented took 0.00858ms
tactic execution of Lean.Parser.Tactic.tacticSeq took 0.00757ms
tactic execution of Lean.Parser.Tactic.focus took 0.0189ms
tactic execution of Lean.Parser.Tactic.tacticRefine_lift_ took 0.0145ms
tactic execution of Lean.Parser.Tactic.tacticHave__ took 0.0412ms
tactic execution of Lean.Parser.Tactic.rewriteSeq took 397ms
tactic execution of Lean.Parser.Tactic.exact took 0.486ms
tactic execution of Lean.Parser.Tactic.exact took 2.08ms
tactic execution of Lean.Parser.Tactic.eqRefl took 0.329ms
tactic execution of Lean.Parser.Tactic.applyRfl took 0.111ms
tactic execution of Lean.Parser.Tactic.tacticRfl took 0.132ms
tactic execution of Lean.Parser.Tactic.tacticSeq1Indented took 0.0461ms
tactic execution of Lean.Parser.Tactic.tacticSeq took 0.0104ms
tactic execution of Lean.Parser.Tactic.withReducible took 0.0156ms
tactic execution of Lean.Parser.Tactic.tacticSeq1Indented took 0.01ms
tactic execution of Lean.Parser.Tactic.tacticSeq took 0.00786ms
tactic execution of Lean.Parser.Tactic.paren took 0.00889ms
tactic execution of Lean.Parser.Tactic.tacticSeq1Indented took 0.00918ms
tactic execution of Lean.Parser.Tactic.tacticSeq took 0.00895ms
tactic execution of Lean.Parser.Tactic.skip took 0.00499ms
tactic execution of Lean.Parser.Tactic.tacticSeq1Indented took 0.00909ms
tactic execution of Lean.Parser.Tactic.tacticSeq took 0.0104ms
tactic execution of Lean.Parser.Tactic.first took 0.0196ms
tactic execution of Lean.Parser.Tactic.tacticTry_ took 0.0452ms
tactic execution of Lean.Parser.Tactic.tacticSeq1Indented took 0.0109ms
tactic execution of Lean.Parser.Tactic.tacticSeq took 0.0331ms
tactic execution of Lean.Parser.Tactic.paren took 0.0112ms
tactic execution of Lean.Parser.Tactic.withAnnotateState took 7.82ms
tactic execution of Lean.Parser.Tactic.tacticSeq1Indented took 0.322ms
tactic execution of Lean.Parser.Tactic.tacticSeq took 0.014ms
tactic execution of Lean.Parser.Tactic.paren took 0.0118ms
tactic execution of Lean.Parser.Tactic.rwSeq took 0.313ms
tactic execution of Lean.Parser.Tactic.exact took 6.98ms
tactic execution of Lean.Parser.Tactic.tacticSeq1Indented took 0.0922ms
tactic execution of Lean.Parser.Tactic.tacticSeq took 0.791ms
interpretation of CategoryTheory._aux_Mathlib_CategoryTheory_Category_Basic___macroRules_CategoryTheory_term_≫__1._boxed took 0.149ms
interpretation of CategoryTheory._aux_Mathlib_CategoryTheory_Category_Basic___macroRules_CategoryTheory_term_≫__1._boxed took 0.045ms
typeclass inference of CategoryTheory.CategoryStruct took 0.191ms
typeclass inference of CategoryTheory.CategoryStruct took 0.264ms
typeclass inference of CategoryTheory.CategoryStruct took 0.0962ms
typeclass inference of OfNat took 0.19ms
typeclass inference of Field took 0.111ms
typeclass inference of CategoryTheory.Category took 0.612ms
typeclass inference of CategoryTheory.CategoryStruct took 0.757ms
typeclass inference of CategoryTheory.Category took 0.0564ms
typeclass inference of CategoryTheory.Limits.HasZeroObject took 2.4ms
typeclass inference of CategoryTheory.Limits.HasZeroMorphisms took 1.77ms
typeclass inference of OfNat took 0.0113ms
typeclass inference of CategoryTheory.Category took 0.0417ms
typeclass inference of CategoryTheory.Limits.HasZeroMorphisms took 0.0396ms
typeclass inference of CategoryTheory.CategoryStruct took 0.684ms
interpretation of CategoryTheory._aux_Mathlib_CategoryTheory_Category_Basic___macroRules_CategoryTheory_term𝟙_1._boxed took 0.135ms
typeclass inference of CategoryTheory.CategoryStruct took 0.145ms
typeclass inference of CategoryTheory.CategoryStruct took 0.0553ms
typeclass inference of CategoryTheory.CategoryStruct took 0.0174ms
typeclass inference of CategoryTheory.CategoryStruct took 0.00896ms
interpretation of CategoryTheory._aux_Mathlib_CategoryTheory_Category_Basic___macroRules_CategoryTheory_term_≫__1._boxed took 0.115ms
typeclass inference of OfNat took 0.0118ms
typeclass inference of Field took 0.011ms
typeclass inference of CategoryTheory.Category took 0.052ms
typeclass inference of CategoryTheory.CategoryStruct took 0.0703ms
typeclass inference of CategoryTheory.Category took 0.0907ms
typeclass inference of CategoryTheory.Limits.HasZeroObject took 0.0104ms
typeclass inference of CategoryTheory.Limits.HasZeroMorphisms took 0.0454ms
typeclass inference of OfNat took 0.00887ms
typeclass inference of CategoryTheory.Category took 0.0751ms
typeclass inference of CategoryTheory.Limits.HasZeroMorphisms took 0.0555ms
typeclass inference of CategoryTheory.CategoryStruct took 0.0141ms
typeclass inference of Decidable took 1.2ms
typeclass inference of Decidable took 0.0289ms
tactic execution of Lean.Parser.Tactic.decide took 0.542ms
tactic execution of Lean.Parser.Tactic.tacticSeq1Indented took 0.0245ms
tactic execution of Lean.Parser.Tactic.tacticSeq took 0.0754ms
typeclass inference of Decidable took 0.0732ms
typeclass inference of Decidable took 0.0295ms
tactic execution of Lean.Parser.Tactic.decide took 0.188ms
tactic execution of Lean.Parser.Tactic.tacticSeq1Indented took 0.0179ms
tactic execution of Lean.Parser.Tactic.tacticSeq took 0.0247ms
tactic execution of Lean.Parser.Tactic.change took 250ms
typeclass inference of CategoryTheory.Category took 2.91ms
typeclass inference of CategoryTheory.Category took 1.41ms
typeclass inference of CategoryTheory.Category took 0.0503ms
tactic execution of Lean.Parser.Tactic.exact took 3.85ms
tactic execution of Lean.Parser.Tactic.tacticSeq1Indented took 0.0891ms
tactic execution of Lean.Parser.Tactic.tacticSeq took 0.133ms
tactic execution of Lean.Parser.Tactic.refine took 21.5ms
tactic execution of Lean.Parser.Tactic.rotateRight took 0.0218ms
tactic execution of Lean.Parser.Tactic.tacticSeq1Indented took 0.0268ms
tactic execution of Lean.Parser.Tactic.tacticSeq took 0.00999ms
tactic execution of Lean.Parser.Tactic.paren took 0.0128ms
tactic execution of Lean.Parser.Tactic.tacticSeq1Indented took 0.0116ms
tactic execution of Lean.Parser.Tactic.tacticSeq took 0.00997ms
tactic execution of Lean.Parser.Tactic.focus took 0.017ms
tactic execution of Lean.Parser.Tactic.tacticRefine_lift_ took 0.0161ms
tactic execution of Lean.Parser.Tactic.tacticHave__ took 0.428ms
typeclass inference of Functor took 1.93ms
typeclass inference of MonadLiftT took 0.192ms
typeclass inference of CoeT took 6.72ms
typeclass inference of MonadLiftT took 7.27ms
typeclass inference of Pure took 1.36ms
typeclass inference of Pure took 0.0087ms
do element elaborator of Lean.Parser.Term.doExpr took 2.64ms
typeclass inference of Functor took 0.631ms
type checking took 0.216ms
compilation (LCNF base) took 7.55ms
compilation (LCNF mono) took 1.04ms
compilation (LCNF mono) took 0.781ms
compilation (LCNF impure) took 0.813ms
compilation (IR) took 0.116ms
compilation (LCNF mono) took 0.215ms
compilation (LCNF impure) took 0.147ms
compilation (IR) took 0.0243ms
interpretation of _private.work.lean-upgrade.right-resolution-ext-bidual-cached-kernel-counters-01.ASGinzburg.RightResolutionExtBidual.0._tmp._@.work.lean-upgrade.right-resolution-ext-bidual-cached-kernel-counters-01.ASGinzburg.RightResolutionExtBidual.701681008._hygCtx._hyg.618 took 0.0364ms
interpretation of _private.work.lean-upgrade.right-resolution-ext-bidual-cached-kernel-counters-01.ASGinzburg.RightResolutionExtBidual.0._tmp._@.work.lean-upgrade.right-resolution-ext-bidual-cached-kernel-counters-01.ASGinzburg.RightResolutionExtBidual.701681008._hygCtx._hyg.618._boxed took 0.54ms
tactic execution of Lean.Parser.Tactic.runTac took 7.72ms
congr simp thm took 0.427ms
congr simp thm took 0.269ms
congr simp thm took 0.00925ms
congr simp thm took 0.00858ms
congr simp thm took 0.00625ms
congr simp thm took 0.0016ms
congr simp thm took 0.000934ms
congr simp thm took 0.00936ms
congr simp thm took 0.00692ms
congr simp thm took 0.125ms
congr simp thm took 0.00571ms
congr simp thm took 0.00589ms
congr simp thm took 0.00172ms
congr simp thm took 0.00077ms
simp took 4.97ms
simp took 0.0146ms
typeclass inference of CategoryTheory.Category took 0.46ms
typeclass inference of CategoryTheory.Limits.HasZeroMorphisms took 2.15ms
typeclass inference of CategoryTheory.Abelian took 0.487ms
typeclass inference of CategoryTheory.Category took 0.0817ms
typeclass inference of CategoryTheory.Abelian took 0.363ms
congr simp thm took 0.0116ms
congr simp thm took 0.225ms
congr simp thm took 0.229ms
congr simp thm took 0.214ms
congr simp thm took 0.0848ms
congr simp thm took 0.00116ms
congr simp thm took 0.000755ms
congr simp thm took 0.00135ms
congr simp thm took 0.0851ms
congr simp thm took 0.0598ms
congr simp thm took 0.805ms
congr simp thm took 0.00194ms
congr simp thm took 0.00073ms
congr simp thm took 0.322ms
congr simp thm took 0.465ms
congr simp thm took 0.00149ms
congr simp thm took 0.000964ms
congr simp thm took 0.000673ms
congr simp thm took 0.00148ms
congr simp thm took 0.00053ms
simp took 5.97ms
simp took 0.0109ms
tactic execution of Lean.Parser.Tactic.simpa took 33.9ms
typeclass inference of Functor took 0.169ms
typeclass inference of MonadLiftT took 0.151ms
typeclass inference of CoeT took 1.96ms
typeclass inference of MonadLiftT took 9.56ms
typeclass inference of Pure took 1.15ms
typeclass inference of Pure took 0.00949ms
do element elaborator of Lean.Parser.Term.doExpr took 3.76ms
typeclass inference of Functor took 0.58ms
type checking took 0.451ms
compilation (LCNF base) took 6.92ms
compilation (LCNF mono) took 1.15ms
compilation (LCNF mono) took 0.53ms
compilation (LCNF impure) took 0.855ms
compilation (IR) took 0.121ms
compilation (LCNF mono) took 0.181ms
compilation (LCNF impure) took 0.145ms
compilation (IR) took 0.0234ms
interpretation of _private.work.lean-upgrade.right-resolution-ext-bidual-cached-kernel-counters-01.ASGinzburg.RightResolutionExtBidual.0._tmp._@.work.lean-upgrade.right-resolution-ext-bidual-cached-kernel-counters-01.ASGinzburg.RightResolutionExtBidual.701681008._hygCtx._hyg.645 took 0.0362ms
interpretation of _private.work.lean-upgrade.right-resolution-ext-bidual-cached-kernel-counters-01.ASGinzburg.RightResolutionExtBidual.0._tmp._@.work.lean-upgrade.right-resolution-ext-bidual-cached-kernel-counters-01.ASGinzburg.RightResolutionExtBidual.701681008._hygCtx._hyg.645._boxed took 0.354ms
tactic execution of Lean.Parser.Tactic.runTac took 7.88ms
tactic execution of Lean.Parser.Tactic.tacticSeq1Indented took 0.386ms
tactic execution of Lean.Parser.Tactic.tacticSeq took 1.21ms
instantiate metavars took 1.2ms
instantiate metavars took 0.00336ms
instantiate metavars took 0.000389ms
instantiate metavars took 0.000751ms
instantiate metavars took 0.00032ms
share common exprs took 2.77ms
fix level params took 0.653ms
let-to-have transformation took 0.836ms
type checking took 20.2s
process pre-definitions took 2.76ms
interpretation of _private.Mathlib.Tactic.Linter.Header.0.Mathlib.Linter.Style.Header.headerLinter._lam_1._boxed took 0.321ms
interpretation of _private.Mathlib.Tactic.Linter.AuxLemma.0.Mathlib.Linter.AuxLemma.auxLemmaLinter._lam_1._boxed took 0.163ms
interpretation of _private.Mathlib.Tactic.Linter.DeprecatedSyntaxLinter.0.Mathlib.Linter.Style.deprecatedSyntaxLinter._lam_1._boxed took 0.0779ms
interpretation of _private.Mathlib.Tactic.Linter.DocPrime.0.Mathlib.Linter.DocPrime.docPrimeLinter._lam_3._boxed took 0.0586ms
interpretation of _private.Mathlib.Tactic.Linter.DocString.0.Mathlib.Linter.Style.docStringLinter._lam_0._boxed took 0.0536ms
interpretation of _private.Mathlib.Tactic.Linter.DocString.0.Mathlib.Linter.Style.moduleDocVersoLinter._lam_0._boxed took 0.0261ms
interpretation of Mathlib.Linter.EmptyLine.emptyLineLinter._lam_2._boxed took 0.0173ms
interpretation of _private.Mathlib.Tactic.Linter.GlobalAttributeIn.0.Mathlib.Linter.globalAttributeInLinter.globalAttributeIn._lam_0._boxed took 0.09ms
interpretation of _private.Mathlib.Tactic.Linter.HashCommandLinter.0.Mathlib.Linter.HashCommandLinter.withSetOptionIn'._boxed took 2.34ms
interpretation of Mathlib.Tactic.Linter.internalConstructor._lam_0._boxed took 1.06ms
interpretation of _private.Mathlib.Tactic.Linter.FlexibleLinter.0.Mathlib.Linter.Flexible.flexibleLinter._lam_0._boxed took 0.11ms
interpretation of _private.Mathlib.Tactic.Linter.Multigoal.0.Mathlib.Linter.Style.multiGoal.multiGoalLinter._lam_0._boxed took 0.0483ms
interpretation of _private.Mathlib.Tactic.Linter.OldObtain.0.Mathlib.Linter.Style.oldObtainLinter._lam_0._boxed took 0.0691ms
interpretation of Mathlib.Linter.UnusedInstancesInType.withSetBoolOptionIn._boxed took 0.372ms
interpretation of Mathlib.Linter.UnusedInstancesInType.withSetBoolOptionIn._boxed took 0.108ms
overlappingInstancesLinter took 7.56ms
interpretation of Mathlib.Linter.UnusedInstancesInType.withSetBoolOptionIn._boxed took 0.206ms
interpretation of _private.Mathlib.Tactic.Linter.PrivateModule.0.Mathlib.Linter.privateModule._lam_1._boxed took 0.0502ms
interpretation of _private.Mathlib.Tactic.Linter.UnusedTactic.0.Mathlib.Linter.UnusedTactic.unusedTacticLinter._lam_0._boxed took 0.0443ms
interpretation of _private.Mathlib.Tactic.Linter.Style.0.Mathlib.Linter.Style.setOption.setOptionLinter._lam_0._boxed took 0.0903ms
interpretation of _private.Mathlib.Tactic.Linter.Style.0.Mathlib.Linter.Style.missingEnd.missingEndLinter._lam_0._boxed took 0.0502ms
interpretation of _private.Mathlib.Tactic.Linter.Style.0.Mathlib.Linter.Style.cdotLinter._lam_0._boxed took 0.0136ms
interpretation of _private.Mathlib.Tactic.Linter.Style.0.Mathlib.Linter.Style.dollarSyntax.dollarSyntaxLinter._lam_0._boxed took 0.00802ms
interpretation of _private.Mathlib.Tactic.Linter.Style.0.Mathlib.Linter.Style.lambdaSyntax.lambdaSyntaxLinter._lam_0._boxed took 0.00753ms
interpretation of _private.Mathlib.Tactic.Linter.Style.0.Mathlib.Linter.Style.longFile.longFileLinter._lam_0._boxed took 0.0126ms
interpretation of _private.Mathlib.Tactic.Linter.Style.0.Mathlib.Linter.Style.longLine.longLineLinter._lam_0._boxed took 0.00768ms
interpretation of _private.Mathlib.Tactic.Linter.Style.0.Mathlib.Linter.Style.nameCheck.doubleUnderscore._lam_2._boxed took 0.0104ms
interpretation of _private.Mathlib.Tactic.Linter.Style.0.Mathlib.Linter.Style.openClassical.openClassicalLinter._lam_0._boxed took 0.0378ms
interpretation of _private.Mathlib.Tactic.Linter.Whitespace.0.Mathlib.Linter.Style.Whitespace.whitespaceLinter._lam_4._boxed took 0.0182ms
interpretation of Mathlib.TacticAnalysis.tacticAnalysis._lam_1._boxed took 0.00906ms
interpretation of _private.Mathlib.Tactic.Linter.Lint.0.Mathlib.Linter.DupNamespaceLinter.dupNamespace._lam_1._boxed took 0.506ms
interpretation of Batteries.Linter.UnreachableTactic.unreachableTacticLinter._lam_0._boxed took 0.0731ms
interpretation of Batteries.Linter.UnnecessarySeqFocus.unnecessarySeqFocusLinter._lam_1._boxed took 0.0406ms
interpretation of _private.Mathlib.Tactic.Linter.HaveLetLinter.0.Mathlib.Linter.haveLet.haveLetLinter._lam_0._boxed took 0.0177ms
interpretation of _private.Mathlib.Tactic.Linter.MinImports.0.Mathlib.Linter.MinImports.minImportsLinter._lam_2._boxed took 0.0412ms
interpretation of _private.Mathlib.Tactic.Linter.PPRoundtrip.0.Mathlib.Linter.PPRoundtrip.ppRoundtrip._lam_1._boxed took 0.0166ms
interpretation of _private.Mathlib.Tactic.Linter.UpstreamableDecl.0.Mathlib.Linter.DoubleImports.upstreamableDeclLinter._lam_0._boxed took 0.0334ms
interpretation of Mathlib.Linter.CountHeartbeats.countHeartbeatsLinter._lam_1._boxed took 0.0187ms
interpretation of _private.Mathlib.Tactic.Linter.CommandRanges.0.Mathlib.Linter.CommandRanges.commandRangesLinter._lam_0._boxed took 0.0161ms
linting took 3.21ms
elaboration took 31.8ms
type checking took 0.104ms
type checking took 0.0817ms
typeclass inference of Field took 0.381ms
typeclass inference of Field took 0.0153ms
typeclass inference of CategoryTheory.Category took 0.944ms
typeclass inference of CategoryTheory.Limits.HasZeroObject took 0.181ms
typeclass inference of CategoryTheory.Limits.HasZeroMorphisms took 0.0613ms
typeclass inference of CategoryTheory.Category took 0.503ms
typeclass inference of CategoryTheory.Limits.HasZeroObject took 2.02ms
typeclass inference of CategoryTheory.Limits.HasZeroMorphisms tooparsing took 0.041ms
k 1.16ms
typeclass inference of CategoryTheory.Category took 0.547ms
typeclass inference of CategoryTheory.Category took 0.254ms
typeclass inference of CategoryTheory.Limits.HasZeroObject took 0.00699ms
typeclass inference of CategoryTheory.Limits.HasZeroMorphisms took 0.0247ms
typeclass inference of CategoryTheory.Category took 0.0279ms
typeclass inference of CategoryTheory.Limits.HasZeroMorphisms took 0.0252ms
typeclass inference of OfNat took 0.113ms
typeclass inference of CategoryTheory.Category took 0.215ms
typeclass inference of OfNat took 0.405ms
typeclass inference of OfNat took 0.0631ms
typeclass inference of LT took 0.892ms
typeclass inference of LT took 0.0779ms
typeclass inference of OfNat took 0.098ms
typeclass inference of LT took 0.0553ms
typeclass inference of Field took 0.0159ms
typeclass inference of CategoryTheory.Category took 0.0457ms
typeclass inference of CategoryTheory.Limits.HasZeroObject took 0.0064ms
typeclass inference of CategoryTheory.Limits.HasZeroMorphisms took 0.0256ms
typeclass inference of CategoryTheory.Category took 0.0266ms
typeclass inference of CategoryTheory.Limits.HasZeroMorphisms took 0.0219ms
typeclass inference of OfNat took 0.165ms
typeclass inference of OfNat took 0.0776ms
typeclass inference of LT took 0.157ms
typeclass inference of LT took 0.208ms
typeclass inference of OfNat took 0.123ms
typeclass inference of LT took 0.0722ms
typeclass inference of CategoryTheory.Category took 0.189ms
typeclass inference of CategoryTheory.Abelian took 0.152ms
typeclass inference of CategoryTheory.HasExt took 2.24ms
typeclass inference of Field took 0.0154ms
typeclass inference of CategoryTheory.Category took 0.634ms
typeclass inference of CategoryTheory.Abelian took 0.236ms
typeclass inference took 0.211ms
typeclass inference of CategoryTheory.HasExt took 2.41ms
typeclass inference of OfNat took 0.21ms
typeclass inference of OfNat took 0.0648ms
typeclass inference of OfNat took 9.3ms
typeclass inference of OfNat took 0.00888ms
typeclass inference of LT took 0.0951ms
typeclass inference of OfNat took 0.106ms
typeclass inference of LT took 0.0056ms
typeclass inference of Functor took 0.191ms
typeclass inference of CoeT took 2.47ms
typeclass inference of Pure took 0.803ms
typeclass inference of Pure took 0.00553ms
do element elaborator of Lean.Parser.Term.doExpr took 1.39ms
typeclass inference of Functor took 0.58ms
typeclass inference of MonadEvalT took 0.144ms
attribute application took 0.00565ms
instantiate metavars took 0.00251ms
instantiate metavars took 0.000694ms
instantiate metavars took 0.000855ms
instantiate metavars took 0.000333ms
instantiate metavars took 0.000507ms
instantiate metavars took 0.000369ms
instantiate metavars took 0.000206ms
share common exprs took 0.0302ms
fix level params took 0.00868ms
let-to-have transformation took 0.00532ms
type checking took 0.155ms
attribute application took 0.00371ms
compilation (LCNF base) took 3.31ms
compilation (LCNF mono) took 0.57ms
compilation (LCNF mono) took 0.562ms
compilation (LCNF impure) took 0.643ms
compilation (IR) took 0.0891ms
compilation (LCNF mono) took 0.0981ms
compilation (LCNF impure) took 0.0763ms
compilation (IR) took 0.0109ms
attribute application took 0.00396ms
process pre-definitions took 3.39ms
interpretation of _private.work.lean-upgrade.right-resolution-ext-bidual-cached-kernel-counters-01.ASGinzburg.RightResolutionExtBidual.0._eval took 0.0533ms
interpretation of _private.work.lean-upgrade.right-resolution-ext-bidual-cached-kernel-counters-01.ASGinzburg.RightResolutionExtBidual.0._eval._boxed took 0.186ms
interpretation of _private.Mathlib.Tactic.Linter.Header.0.Mathlib.Linter.Style.Header.headerLinter._lam_1._boxed took 0.608ms
interpretation of _private.Mathlib.Tactic.Linter.AuxLemma.0.Mathlib.Linter.AuxLemma.auxLemmaLinter._lam_1._boxed took 0.194ms
interpretation of _private.Mathlib.Tactic.Linter.DeprecatedSyntaxLinter.0.Mathlib.Linter.Style.deprecatedSyntaxLinter._lam_1._boxed took 0.0337ms
interpretation of _private.Mathlib.Tactic.Linter.DocPrime.0.Mathlib.Linter.DocPrime.docPrimeLinter._lam_3._boxed took 0.0172ms
interpretation of _private.Mathlib.Tactic.Linter.DocString.0.Mathlib.Linter.Style.docStringLinter._lam_0._boxed took 0.118ms
interpretation of _private.Mathlib.Tactic.Linter.DocString.0.Mathlib.Linter.Style.moduleDocVersoLinter._lam_0._boxed took 0.0113ms
interpretation of Mathlib.Linter.EmptyLine.emptyLineLinter._lam_2._boxed took 0.0161ms
interpretation of _private.Mathlib.Tactic.Linter.GlobalAttributeIn.0.Mathlib.Linter.globalAttributeInLinter.globalAttributeIn._lam_0._boxed took 0.0781ms
interpretation of _private.Mathlib.Tactic.Linter.HashCommandLinter.0.Mathlib.Linter.HashCommandLinter.withSetOptionIn'._boxed took 0.0396ms
interpretation of Mathlib.Tactic.Linter.internalConstructor._lam_0._boxed took 0.145ms
interpretation of _private.Mathlib.Tactic.Linter.FlexibleLinter.0.Mathlib.Linter.Flexible.flexibleLinter._lam_0._boxed took 0.0227ms
interpretation of _private.Mathlib.Tactic.Linter.Multigoal.0.Mathlib.Linter.Style.multiGoal.multiGoalLinter._lam_0._boxed took 0.0178ms
interpretation of _private.Mathlib.Tactic.Linter.OldObtain.0.Mathlib.Linter.Style.oldObtainLinter._lam_0._boxed took 0.0153ms
interpretation of Mathlib.Linter.UnusedInstancesInType.withSetBoolOptionIn._boxed took 0.0374ms
interpretation of Mathlib.Linter.UnusedInstancesInType.withSetBoolOptionIn._boxed took 0.0143ms
overlappingInstancesLinter took 0.501ms
interpretation of Mathlib.Linter.UnusedInstancesInType.withSetBoolOptionIn._boxed took 0.0443ms
interpretation of _private.Mathlib.Tactic.Linter.PrivateModule.0.Mathlib.Linter.privateModule._lam_1._boxed took 0.0162ms
interpretation of _private.Mathlib.Tactic.Linter.UnusedTactic.0.Mathlib.Linter.UnusedTactic.unusedTacticLinter._lam_0._boxed took 0.588ms
interpretation of _private.Mathlib.Tactic.Linter.Style.0.Mathlib.Linter.Style.setOption.setOptionLinter._lam_0._boxed took 0.0245ms
interpretation of _private.Mathlib.Tactic.Linter.Style.0.Mathlib.Linter.Style.missingEnd.missingEndLinter._lam_0._boxed took 0.0245ms
interpretation of _private.Mathlib.Tactic.Linter.Style.0.Mathlib.Linter.Style.cdotLinter._lam_0._boxed took 0.00877ms
interpretation of _private.Mathlib.Tactic.Linter.Style.0.Mathlib.Linter.Style.dollarSyntax.dollarSyntaxLinter._lam_0._boxed took 0.00754ms
interpretation of _private.Mathlib.Tactic.Linter.Style.0.Mathlib.Linter.Style.lambdaSyntax.lambdaSyntaxLinter._lam_0._boxed took 0.00732ms
interpretation of _private.Mathlib.Tactic.Linter.Style.0.Mathlib.Linter.Style.longFile.longFileLinter._lam_0._boxed took 0.0108ms
interpretation of _private.Mathlib.Tactic.Linter.Style.0.Mathlib.Linter.Style.longLine.longLineLinter._lam_0._boxed took 0.00774ms
interpretation of _private.Mathlib.Tactic.Linter.Style.0.Mathlib.Linter.Style.nameCheck.doubleUnderscore._lam_2._boxed took 0.0938ms
interpretation of _private.Mathlib.Tactic.Linter.Style.0.Mathlib.Linter.Style.openClassical.openClassicalLinter._lam_0._boxed took 0.00788ms
interpretation of _private.Mathlib.Tactic.Linter.Whitespace.0.Mathlib.Linter.Style.Whitespace.whitespaceLinter._lam_4._boxed took 0.0174ms
tacticAnalysis took 1.01ms
interpretation of Mathlib.TacticAnalysis.tacticAnalysis._lam_1._boxed took 0.0258ms
interpretation of _private.Mathlib.Tactic.Linter.Lint.0.Mathlib.Linter.DupNamespaceLinter.dupNamespace._lam_1._boxed took 0.0617ms
interpretation of Batteries.Linter.UnreachableTactic.unreachableTacticLinter._lam_0._boxed took 0.451ms
interpretation of Batteries.Linter.UnnecessarySeqFocus.unnecessarySeqFocusLinter._lam_1._boxed took 0.356ms
interpretation of _private.Mathlib.Tactic.Linter.HaveLetLinter.0.Mathlib.Linter.haveLet.haveLetLinter._lam_0._boxed took 0.014ms
interpretation of _private.Mathlib.Tactic.Linter.MinImports.0.Mathlib.Linter.MinImports.minImportsLinter._lam_2._boxed took 0.0227ms
interpretation of _private.Mathlib.Tactic.Linter.PPRoundtrip.0.Mathlib.Linter.PPRoundtrip.ppRoundtrip._lam_1._boxed took 0.0164ms
interpretation of _private.Mathlib.Tactic.Linter.UpstreamableDecl.0.Mathlib.Linter.DoubleImports.upstreamableDeclLinter._lam_0._boxed took 0.0173ms
interpretation of Mathlib.Linter.CountHeartbeatparsing took 0.00197ms
s.countHeartbeatsLinter._lam_1._boxed took 0.0177ms
interpretation of _private.Mathlib.Tactic.Linter.CommandRanges.0.Mathlib.Linter.CommandRanges.commandRangesLinter._lam_0._boxed took 0.0152ms
linting took 0.471ms
elaboration took 12.4ms
interpretation of _private.Mathlib.Tactic.Linter.Header.0.Mathlib.Linter.Style.Header.headerLinter._lam_1._boxed took 0.0274ms
interpretation of _private.Mathlib.Tactic.Linter.AuxLemma.0.Mathlib.Linter.AuxLemma.auxLemmaLinter._lam_1._boxed took 0.0782ms
interpretation of _private.Mathlib.Tactic.Linter.DeprecatedSyntaxLinter.0.Mathlib.Linter.Style.deprecatedSyntaxLinter._lam_1._boxed took 0.0306ms
interpretation of _private.Mathlib.Tactic.Linter.DocPrime.0.Mathlib.Linter.DocPrime.docPrimeLinter._lam_3._boxed took 0.016ms
interpretation of _private.Mathlib.Tactic.Linter.DocString.0.Mathlib.Linter.Style.docStringLinter._lam_0._boxed took 0.0734ms
interpretation of _private.Mathlib.Tactic.Linter.DocString.0.Mathlib.Linter.Style.moduleDocVersoLinter._lam_0._boxed took 0.0103ms
interpretation of Mathlib.Linter.EmptyLine.emptyLineLinter._lam_2._boxed took 0.016ms
interpretation of _private.Mathlib.Tactic.Linter.GlobalAttributeIn.0.Mathlib.Linter.globalAttributeInLinter.globalAttributeIn._lam_0._boxed took 0.0547ms
interpretation of _private.Mathlib.Tactic.Linter.HashCommandLinter.0.Mathlib.Linter.HashCommandLinter.withSetOptionIn'._boxed took 0.038ms
interpretation of Mathlib.Tactic.Linter.internalConstructor._lam_0._boxed took 0.0438ms
interpretation of _private.Mathlib.Tactic.Linter.FlexibleLinter.0.Mathlib.Linter.Flexible.flexibleLinter._lam_0._boxed took 0.0212ms
interpretation of _private.Mathlib.Tactic.Linter.Multigoal.0.Mathlib.Linter.Style.multiGoal.multiGoalLinter._lam_0._boxed took 0.0165ms
interpretation of _private.Mathlib.Tactic.Linter.OldObtain.0.Mathlib.Linter.Style.oldObtainLinter._lam_0._boxed took 0.013ms
interpretation of Mathlib.Linter.UnusedInstancesInType.withSetBoolOptionIn._boxed took 0.0277ms
interpretation of Mathlib.Linter.UnusedInstancesInType.withSetBoolOptionIn._boxed took 0.0148ms
overlappingInstancesLinter took 0.036ms
interpretation of Mathlib.Linter.UnusedInstancesInType.withSetBoolOptionIn._boxed took 0.0337ms
interpretation of _private.Mathlib.Tactic.Linter.PrivateModule.0.Mathlib.Linter.privateModule._lam_1._boxed took 0.0124ms
interpretation of _private.Mathlib.Tactic.Linter.UnusedTactic.0.Mathlib.Linter.UnusedTactic.unusedTacticLinter._lam_0._boxed took 0.285ms
interpretation of _private.Mathlib.Tactic.Linter.Style.0.Mathlib.Linter.Style.setOption.setOptionLinter._lam_0._boxed took 0.0181ms
interpretation of _private.Mathlib.Tactic.Linter.Style.0.Mathlib.Linter.Style.missingEnd.missingEndLinter._lam_0._boxed took 0.0205ms
interpretation of _private.Mathlib.Tactic.Linter.Style.0.Mathlib.Linter.Style.cdotLinter._lam_0._boxed took 0.00813ms
interpretation of _private.Mathlib.Tactic.Linter.Style.0.Mathlib.Linter.Style.dollarSyntax.dollarSyntaxLinter._lam_0._boxed took 0.00701ms
interpretation of _private.Mathlib.Tactic.Linter.Style.0.Mathlib.Linter.Style.lambdaSyntax.lambdaSyntaxLinter._lam_0._boxed took 0.00619ms
interpretation of _private.Mathlib.Tactic.Linter.Style.0.Mathlib.Linter.Style.longFile.longFileLinter._lam_0._boxed took 0.00972ms
interpretation of _private.Mathlib.Tactic.Linter.Style.0.Mathlib.Linter.Style.longLine.longLineLinter._lam_0._boxed took 0.00673ms
interpretation of _private.Mathlib.Tactic.Linter.Style.0.Mathlib.Linter.Style.nameCheck.doubleUnderscore._lam_2._boxed took 0.104ms
interpretation of _private.Mathlib.Tactic.Linter.Style.0.Mathlib.Linter.Style.openClassical.openClassicalLinter._lam_0._boxed took 0.00854ms
interpretation of _private.Mathlib.Tactic.Linter.Whitespace.0.Mathlib.Linter.Style.Whitespace.whitespaceLinter._lam_4._boxed took 0.0139ms
tacticAnalysis took 0.314ms
interpretation of Mathlib.TacticAnalysis.tacticAnalysis._lam_1._boxed took 0.0217ms
interpretation of _private.Mathlib.Tactic.Linter.Lint.0.Mathlib.Linter.DupNamespaceLinter.dupNamespace._lam_1._boxed took 0.0498ms
interpretation of Batteries.Linter.UnreachableTactic.unreachableTacticLinter._lam_0._boxed took 0.121ms
interpretation of Batteries.Linter.UnnecessarySeqFocus.unnecessarySeqFocusLinter._lam_1._boxed took 0.104ms
interpretation of _private.Mathlib.Tactic.Linter.HaveLetLinter.0.Mathlib.Linter.haveLet.haveLetLinter._lam_0._boxed took 0.0112ms
interpretation of _private.Mathlib.Tactic.Linter.MinImports.0.Mathlib.Linter.MinImports.minImportsLinter._lam_2._boxed took 0.0183ms
interpretation of _private.Mathlib.Tactic.Linter.PPRoundtrip.0.Mathlib.Linter.PPRoundtrip.ppRoundtrip._lam_1._boxed took 0.0125ms
interpretation of _private.Mathlib.Tactic.Linter.UpstreamableDecl.0.Mathlib.Linter.DoubleImports.upstreamableDeclLinter._lam_0._boxed took 0.0139ms
interpretation of Mathlib.Linter.CountHeartbeats.countHeartbeatsLinter._lam_1._boxed took 0.0128ms
interpretation of _private.Mathlib.Tactic.Linter.CommandRanges.0.Mathlib.Linter.CommandRanges.commandRangesLinter._lam_0._boxed took 0.0111ms
linting took 0.19ms
elaboration took 0.202ms
interpretation of _private.Mathlib.Tactic.Linter.Header.0.Mathlib.Linter.Style.Header.headerLinter._lam_1._boxed took 0.0214ms
interpretation of _private.Mathlib.Tactic.Linter.AuxLemma.0.Mathlib.Linter.AuxLemma.auxLemmaLinter._lam_1._boxed took 0.0247ms
interpretation of _private.Mathlib.Tactic.Linter.DeprecatedSyntaxLinter.0.Mathlib.Linter.Style.deprecatedSyntaxLinter._lam_1._boxed took 0.0183ms
interpretation of _private.Mathlib.Tactic.Linter.DocPrime.0.Mathlib.Linter.DocPrime.docPrimeLinter._lam_3._boxed took 0.00888ms
interpretation of _private.Mathlib.Tactic.Linter.DocString.0.Mathlib.Linter.Style.docStringLinter._lam_0._boxed took 0.0499ms
interpretation of _private.Mathlib.Tactic.Linter.DocString.0.Mathlib.Linter.Style.moduleDocVersoLinter._lam_0._boxed took 0.00768ms
interpretation of Mathlib.Linter.EmptyLine.emptyLineLinter._lam_2._boxed took 0.00831ms
interpretation of _private.Mathlib.Tactic.Linter.GlobalAttributeIn.0.Mathlib.Linter.globalAttributeInLinter.globalAttributeIn._lam_0._boxed took 0.0306ms
interpretation of _private.Mathlib.Tactic.Linter.HashCommandLinter.0.Mathlib.Linter.HashCommandLinter.withSetOptionIn'._boxed took 0.0222ms
interpretation of Mathlib.Tactic.Linter.internalConstructor._lam_0._boxed took 0.0272ms
interpretation of _private.Mathlib.Tactic.Linter.FlexibleLinter.0.Mathlib.Linter.Flexible.flexibleLinter._lam_0._boxed took 0.308ms
interpretation of _private.Mathlib.Tactic.Linter.Multigoal.0.Mathlib.Linter.Style.multiGoal.multiGoalLinter._lam_0._boxed took 0.0113ms
interpretation of _private.Mathlib.Tactic.Linter.OldObtain.0.Mathlib.Linter.Style.oldObtainLinter._lam_0._boxed took 0.0086ms
interpretation of Mathlib.Linter.UnusedInstancesInType.withSetBoolOptionIn._boxed took 0.07ms
interpretation of Mathlib.Linter.UnusedInstancesInType.withSetBoolOptionIn._boxed took 0.158ms
overlappingInstancesLinter took 0.453ms
interpretation of Mathlib.Linter.UnusedInstancesInType.withSetBoolOptionIn._boxed took 0.0332ms
interpretation of _private.Mathlib.Tactic.Linter.PrivateModule.0.Mathlib.Linter.privateModule._lam_1._boxed took 0.0607ms
interpretation of _private.Mathlib.Tactic.Linter.UnusedTactic.0.Mathlib.Linter.UnusedTactic.unusedTacticLinter._lam_0._boxed took 0.213ms
interpretation of _private.Mathlib.Tactic.Linter.Style.0.Mathlib.Linter.Style.setOption.setOptionLinter._lam_0._boxed took 0.0132ms
interpretation of _private.Mathlib.Tactic.Linter.Style.0.Mathlib.Linter.Style.missingEnd.missingEndLinter._lam_0._boxed took 0.0257ms
interpretation of _private.Mathlib.Tactic.Linter.Style.0.Mathlib.Linter.Style.cdotLinter._lam_0._boxed took 0.00714ms
interpretation of _private.Mathlib.Tactic.Linter.Style.0.Mathlib.Linter.Style.dollarSyntax.dollarSyntaxLinter._lam_0._boxed took 0.00636ms
interpretation of _private.Mathlib.Tactic.Linter.Style.0.Mathlib.Linter.Style.lambdaSyntax.lambdaSyntaxLinter._lam_0._boxed took 0.00585ms
interpretation of _private.Mathlib.Tactic.Linter.Style.0.Mathlib.Linter.Style.longFile.longFileLinter._lam_0._boxed took 0.00824ms
interpretation of _private.Mathlib.Tactic.Linter.Style.0.Mathlib.Linter.Style.longLine.longLineLinter._lam_0._boxed took 0.0104ms
interpretation of _private.Mathlib.Tactic.Linter.Style.0.Mathlib.Linter.Style.nameCheck.doubleUnderscore._lam_2._boxed took 0.0652ms
interpretation of _private.Mathlib.Tactic.Linter.Style.0.Mathlib.Linter.Style.openClassical.openClassicalLinter._lam_0._boxed took 0.00633ms
interpretation of _private.Mathlib.Tactic.Linter.Whitespace.0.Mathlib.Linter.Style.Whitespace.whitespaceLinter._lam_4._boxed took 0.0103ms
tacticAnalysis took 0.157ms
interpretation of Mathlib.TacticAnalysis.tacticAnalysis._lam_1._boxed took 0.0163ms
interpretation of _private.Mathlib.Tactic.Linter.Lint.0.Mathlib.Linter.DupNamespaceLinter.dupNamespace._lam_1._boxed took 0.0363ms
interpretation of Batteries.Linter.UnreachableTactic.unreachableTacticLinter._lam_0._boxed took 0.0854ms
interpretation of Batteries.Linter.UnnecessarySeqFocus.unnecessarySeqFocusLinter._lam_1._boxed took 0.102ms
interpretation of _private.Mathlib.Tactic.Linter.HaveLetLinter.0.Mathlib.Linter.haveLet.haveLetLinter._lam_0._boxed took 0.00859ms
interpretation of _private.Mathlib.Tactic.Linter.MinImports.0.Mathlib.Linter.MinImports.minImportsLinter._lam_2._boxed took 0.0132ms
interpretation of _private.Mathlib.Tactic.Linter.PPRoundtrip.0.Mathlib.Linter.PPRoundtrip.ppRoundtrip._lam_1._boxed took 0.0101ms
interpretation of _private.Mathlib.Tactic.Linter.UpstreamableDecl.0.Mathlib.Linter.DoubleImports.upstreamableDeclLinter._lam_0._boxed took 0.0103ms
interpretation of Mathlib.Linter.CountHeartbeats.countHeartbeatsLinter._lam_1._boxed took 0.00881ms
interpretation of _private.Mathlib.Tactic.Linter.CommandRanges.0.Mathlib.Linter.CommandRanges.commandRangesLinter._lam_0._boxed took 0.00861ms
linting took 0.3ms
module linting took 0.00168ms
elaboration took 0.0771ms
cumulative profiling times:
	attribute application 0.0609ms
	blocked (unaccounted) 5.43s
	compilation (IR) 1.03ms
	compilation (LCNF base) 42ms
	compilation (LCNF impure) 5.52ms
	compilation (LCNF mono) 14.7ms
	congr simp thm 6.55ms
	do element elaborator 13.5ms
	elaboration 59.7ms
	fix level params 0.661ms
	import 3.93s
	initialization 58.8ms
	instantiate metavars 1.22ms
	interpretation 420ms
	let-to-have transformation 0.838ms
	linting 9.62ms
	module linting 0.00138ms
	overlappingInstancesLinter 8.91ms
	parsing 5.98ms
	process pre-definitions 6.15ms
	share common exprs 2.8ms
	simp 21.7ms
	tactic execution 883ms
	tacticAnalysis 4.43ms
	type checking 20.2s
	typeclass inference 210ms
